,ls_ret,long_excess_ret,short_excess_ret,ic
2017-01-02,0.013642153580199812,0.006550894437714203,0.0070912591424856074,0.06713537320347136
2017-01-03,-0.009628059346401556,-0.0031068070537950063,-0.006521252292606551,0.08714667118504146
2017-01-04,0.003273026701472591,-0.0004915980709004484,0.003764624772373039,0.15363501609901092
2017-01-05,0.00422966157894498,0.0014961201711341226,0.002733541407810857,-0.16070260656855234
2017-01-06,0.012967158271684699,0.010530307634108907,0.002436850637575788,-0.2519178763285073
2017-01-09,-0.00951762107905942,-0.006004528995804727,-0.003513092083254692,-0.06443471242516333
2017-01-10,-0.013829095490261751,-0.006748222144544951,-0.0070808733457168,-0.00569166715670002
2017-01-11,-0.0034441066200524223,-0.0017618576439288299,-0.0016822489761235916,0.08298179616382763
2017-01-12,-0.0002881866349450468,-0.0015146396087540354,0.001226452973808989,0.07619869283035391
2017-01-13,0.004370774947180408,-0.00012025527186167347,0.004491030219042081,-0.12332725189149459
2017-01-16,0.0037577659103843085,0.0019664579233192292,0.0017913079870650805,0.08276945866938187
2017-01-17,-0.006477164178246796,-0.0024100008822299495,-0.004067163296016846,-0.14515606260843028
2017-01-18,0.005272355479399801,-0.0020649644437444534,0.007337319923144256,-0.23120840392978242
2017-01-19,-0.006881097468462443,-0.0024308594158580425,-0.0044502380526044005,0.11910316739431333
2017-01-20,-0.01375088710184021,-0.006723437396653015,-0.007027449705187195,0.09571516739533252
2017-01-23,0.006224439442594001,0.0011657143478335324,0.005058725094760468,0.030141340723303132
2017-01-24,0.004859403447081403,0.004057625293409885,0.0008017781536715195,0.22106982173376413
2017-01-25,0.0014284350030552948,-0.001247047563610184,0.002675482566665479,-0.1817168425976697
2017-01-26,0.012618515336643604,0.0041336379837539185,0.008484877352889685,-0.02491317664993038
2017-01-27,-0.00869002334960115,-0.004039950660184669,-0.004650072689416483,-0.06304073509750652
2017-01-30,-0.0012959269313794193,-0.001266451962665928,-2.9474968713491187e-05,0.1096309776563701
2017-01-31,-0.0030960589549512375,-0.001370938610182078,-0.0017251203447691595,0.1534753674103253
2017-02-01,0.005440453753477577,0.003041393187414215,0.0023990605660633617,-0.26102540157246784
2017-02-02,0.009565209587558798,0.006118164056604088,0.0034470455309547135,-0.004794889094643117
2017-02-03,-0.012639609145355897,-0.007253994498822813,-0.005385614646533084,-0.024799415952036323
2017-02-06,-0.00022641841803469924,-0.0015124711394227993,0.0012860527213880996,-0.054625830476923855
2017-02-07,-0.0012515405869343993,-0.0009910581608870827,-0.0002604824260473166,0.18374233696431366
2017-02-08,-0.0024559795640957008,-0.002578084958695781,0.00012210539460007913,-0.10132180462640415
2017-02-09,0.009407302084445426,0.0040217591397982465,0.00538554294464718,0.1253251462815526
2017-02-10,-0.004747024376628243,-0.002044688280932392,-0.00270233609569585,0.08554391119201206
2017-02-13,0.005656167330951249,0.0033758301202195104,0.002280337210731738,0.1033975583087382
2017-02-14,0.0038069348489779093,0.0023833350067558883,0.0014235998422220224,-0.18221798199075478
2017-02-15,0.004881201673789882,0.0026055740922698517,0.0022756275815200306,-0.22587907573213742
2017-02-16,-0.007134375374583999,-0.003288579612822388,-0.003845795761761611,0.001890561088860133
2017-02-17,-0.009936025639543714,-0.00322837987021587,-0.006707645769327846,0.010523251699922645
2017-02-20,8.98176713598662e-05,0.00035851920205293045,-0.000268701530693064,-0.28081316313345434
2017-02-21,0.0005121139366589321,-0.001006856206347024,0.0015189701430059553,-0.0863255041214269
2017-02-22,-0.0136086675765697,-0.004485424158640509,-0.009123243417929193,-0.02084982046543734
2017-02-23,-0.0044104159730945485,-0.002223934993335005,-0.002186480979759542,-0.07131180412162114
2017-02-24,-0.0011833674744393145,-0.0023654711657410754,0.001182103691301761,-0.10909864798980443
2017-02-27,-0.0034573278923953348,0.0003576547815878925,-0.0038149826739832266,0.02192258017068306
2017-02-28,-0.00579751337213405,-0.0019352382529168452,-0.0038622751192172048,-0.07597130535544114
2017-03-01,0.0010756119909457647,0.002367624700011355,-0.0012920127090655896,-0.2632995609405368
2017-03-02,-0.0037740108482810565,-0.002364190395183038,-0.0014098204530980179,0.2198673663067374
2017-03-03,-0.013824391916038561,-0.005452476030301276,-0.008371915885737286,-0.0602206013168708
2017-03-06,0.01261692550154645,0.004268890786886234,0.008348034714660217,0.05226068640828057
2017-03-07,-0.002745016982984895,-0.0005438976463800716,-0.0022011193366048227,0.24805799040580234
2017-03-08,0.002546659193413284,0.0018141066952746395,0.0007325524981386439,-0.16648595269603683
2017-03-09,0.013440245004797824,0.004774165471310392,0.008666079533487431,0.06299471724122754
2017-03-10,-0.008232283113095897,-0.004152489920461117,-0.00407979319263478,-0.1418822250728628
2017-03-13,0.002910071965804184,0.0029677408052308845,-5.7668839426699894e-05,0.1983699823461449
2017-03-14,-0.006419569941490699,-0.004229572020124434,-0.0021899979213662636,0.015268920306257667
2017-03-15,0.010547259568039029,0.005065592442932311,0.005481667125106719,0.16248268737921737
2017-03-16,0.0008118627765950339,-7.389986500244998e-05,0.000885762641597483,0.06148024341063987
2017-03-17,0.008685547181114351,0.004979134041915167,0.003706413139199184,-0.1974176747785028
2017-03-20,0.003151107932671897,0.0005911026526190667,0.00256000528005283,-0.03674840916839943
2017-03-21,-0.008639947133937498,-0.004227332010265246,-0.0044126151236722495,-0.04476164931477918
2017-03-22,-0.0017327213893025444,-3.971777532036334e-06,-0.0017287496117705074,-0.06431138125782623
2017-03-23,-0.0020077874106570587,-0.002600027155413692,0.000592239744756631,0.04155431625479381
2017-03-24,-0.003324897051416954,-0.0031280721351831173,-0.0001968249162338353,0.14160004900616444
2017-03-27,0.002270509552895085,0.0009612205946926619,0.0013092889582024224,-0.03477257125061785
2017-03-28,0.00804693489800679,0.0020511795641123378,0.005995755333894452,0.0378113673737276
2017-03-29,-0.001715073237954974,-0.0003229260761138449,-0.0013921471618411282,0.19089508197782895
2017-03-30,0.0017080260314814072,0.0001293010643282494,0.001578724967153158,-0.07981975596654516
2017-03-31,0.011023336868694927,0.006008472467693211,0.005014864401001712,0.060231449415210685
2017-04-03,-0.003732219320783029,-0.001354721023078278,-0.0023774982977047506,-0.009314080909900945
2017-04-04,0.0027421336064906905,0.00295137700798497,-0.00020924340149428185,0.01131922440546662
2017-04-05,-0.0005050798392293716,0.0028644673023972434,-0.0033695471416266155,-0.1258159494062038
2017-04-06,0.0005427125933209054,-0.0013500191233957095,0.001892731716716613,0.03528129627719667
2017-04-07,-0.0052652450581620975,-0.00142450057348427,-0.0038407444846778266,-0.16839306134074142
2017-04-10,0.0015730602949527346,0.0008665404087930904,0.0007065198861596449,-0.006358120638323588
2017-04-11,-0.006153852665979272,-0.00245754516416877,-0.003696307501810505,-0.05557410021141762
2017-04-12,-0.0002777721628846706,-0.00031142317477353323,3.3651011888861417e-05,0.005228759314564759
2017-04-13,-0.0024623212006314246,0.0003151180845930735,-0.002777439285224499,-0.12022872127740893
2017-04-14,0.0003404070634007261,0.005044210603367582,-0.004703803539966852,-0.06965293773363368
2017-04-17,-0.006005351349086803,-0.0027005151845756973,-0.0033048361645111064,0.1448278088110036
2017-04-18,-0.003570694927068128,0.0005695229260779173,-0.004140217853146045,-0.010147941771986616
2017-04-19,0.007488991323968226,0.0055773325494243575,0.0019116587745438701,-0.10713698577369835
2017-04-20,-0.0005335984630961657,0.0009759047799234848,-0.001509503243019651,-0.0504326623516861
2017-04-21,-0.0051847306955783885,-0.002786389045292761,-0.002398341650285629,0.10796271047908776
2017-04-24,-0.002442256842345933,-0.001075896757850768,-0.001366360084495164,-0.06377147350420163
2017-04-25,0.004867479972304336,0.0011489208539863316,0.0037185591183180045,-0.1042393538932487
2017-04-26,-0.0026644183811543646,-0.001026000471295804,-0.0016384179098585597,-0.2464770905813564
2017-04-27,-0.005357999334521812,-0.0017330105834170476,-0.0036249887511047643,0.12076188130263278
2017-04-28,-0.013680324469001073,-0.003886359850456064,-0.009793964618545009,0.19103264831707192
2017-05-01,0.006774139450281855,0.0029341465040044366,0.0038399929462774205,0.06841540421880778
2017-05-02,0.010808550469128906,0.0041215835450111,0.006686966924117807,0.16898703751582217
2017-05-03,0.003499258243836673,0.001912439730902628,0.0015868185129340453,-0.19537145731532427
2017-05-04,0.01218921111840592,0.007585506771975961,0.004603704346429954,-0.05613483008142059
2017-05-05,-0.0123990441855139,-0.002318696268022509,-0.010080347917491394,0.03265101065745382
2017-05-08,-0.002889373557012131,-0.0005318170835718776,-0.0023575564734402542,0.33580598568123676
2017-05-09,0.0017989752878825112,6.9751433443256605e-06,0.0017920001445381854,0.09714946080431369
2017-05-10,0.018937074387354987,0.007854760441095773,0.011082313946259213,0.3035782420946307
2017-05-11,0.005321896126333317,-0.001018837776047029,0.006340733902380346,-0.2598758190980032
2017-05-12,0.01871510631817495,0.005061113618427897,0.013653992699747056,0.0022881697624597013
2017-05-15,-0.012873949888899165,-0.005765087275781757,-0.007108862613117408,0.07340003129383962
2017-05-16,0.0001264470573472613,-0.0019693960447238097,0.002095843102071071,-0.08438012785619288
2017-05-17,0.0031442622328310735,0.0021879005243129806,0.0009563617085180916,-0.047123800250182986
2017-05-18,-0.0035010555912983366,-0.0011954181566461858,-0.0023056374346521503,0.18345275761541793
2017-05-19,-0.002683198398655143,-0.002003115417924738,-0.0006800829807304051,-0.09419056318466847
2017-05-22,0.010988720929205687,0.006925864384866549,0.004062856544339136,0.08344026622073876
2017-05-23,-0.005002983008070821,-0.002413559513847776,-0.002589423494223043,-0.0019225547786900542
2017-05-24,0.0036524945702987458,0.0006482331971322154,0.003004261373166531,-0.07397464595069037
2017-05-25,-7.100216009583407e-05,0.0005961611696884313,-0.000667163329784266,0.002258834515047813
2017-05-26,-0.0032662646271057385,-0.0023630668645819586,-0.0009031977625237816,-0.11515013808849135
2017-05-29,9.50789575318365e-05,0.0011472303669766686,-0.0010521514094448316,-0.027252566471877276
2017-05-30,-0.004179664370019218,-0.0019169681231055594,-0.0022626962469136577,0.09445660653175206
2017-05-31,-0.0011290154708246236,0.00027567692062578446,-0.0014046923914504082,0.0746657666208985
2017-06-01,0.004575347693897488,0.00015473065271198305,0.004420617041185505,-0.09130189505041783
2017-06-02,0.004261415017162489,-0.0005049892344471188,0.004766404251609608,-0.01203127948695902
2017-06-05,-0.0038881760588589994,-0.0023236307200604107,-0.0015645453387985904,-0.2113061971275993
2017-06-06,-0.0005231360523349727,0.0014816889491338896,-0.0020048250014688615,0.07613077566939892
2017-06-07,-0.009228188179136409,-0.0033501776577574004,-0.005878010521379008,-0.012307273705334456
2017-06-08,0.0032552577295438204,0.0013612570981302425,0.0018940006314135784,0.08793812076028117
2017-06-09,-0.0007492304178286952,0.0006982736303231818,-0.0014475040481518788,0.11667985142177296
2017-06-12,0.004325535794233202,0.0016203259476453404,0.0027052098465878615,0.044370887958020494
2017-06-13,0.005583138014624296,0.0014767385728143806,0.004106399441809915,0.05777115221512418
2017-06-14,0.001999250747517895,0.0002290040607074756,0.0017702466868104198,-0.04992020418977572
2017-06-15,0.002604707773523617,0.0007114476305334003,0.001893260142990216,0.09483360000852264
2017-06-16,-0.0020808318318682136,-0.00250403274899113,0.0004232009171229161,-0.03137104308710862
2017-06-19,0.0041390817867241695,-0.00020121790373748422,0.004340299690461653,0.1095675274497861
2017-06-20,-0.001471365509059107,-0.0003383535482076141,-0.001133011960851493,-0.1661370763000098
2017-06-21,0.005294753176866266,0.0025550864103268092,0.0027396667665394565,-0.08062179341787575
2017-06-22,-0.008681840437619222,-0.0038238805274801637,-0.004857959910139058,0.04063489672745557
2017-06-23,-0.0039138349701631995,-0.00013583605457510324,-0.003777998915588097,0.12117649136594257
2017-06-26,0.0022911421481372407,0.0024986746367327015,-0.00020753248859546082,0.08146145622548319
2017-06-27,0.006419815297670628,0.0014453145794222693,0.004974500718248359,0.06626401376030361
2017-06-28,0.004495015017403268,0.0015288854551351065,0.0029661295622681622,-0.29113611580372556
2017-06-29,0.004614838371144586,0.005831350784338159,-0.001216512413193576,0.17504713190157026
2017-06-30,-0.016366163306760766,-0.007381168062968266,-0.0089849952437925,-0.11457871286072221
2017-07-03,0.010149807897395145,0.0033035320789393382,0.006846275818455806,0.00395508806805706
2017-07-04,-0.005661445746962812,-0.0017114489315285556,-0.003949996815434257,0.04197594338028926
2017-07-05,0.00019730545037644344,0.00046118881424379957,-0.00026388336386735673,-0.021824869253520313
2017-07-06,0.0025308256118600284,-0.0018383800774647609,0.00436920568932479,-0.10344221958056313
2017-07-07,-0.0010524960154737408,-0.000590472588520642,-0.0004620234269530994,0.16544973544585115
2017-07-10,-0.005669442162850563,-0.0018824835100849664,-0.0037869586527655968,-0.03816616159923194
2017-07-11,0.007691171241913616,0.001756538294841738,0.005934632947071878,0.017020798933707865
2017-07-12,-0.0017209859497989114,-0.0006406526959185663,-0.0010803332538803455,0.09166566166178673
2017-07-13,0.000872392294371287,0.0005817113786200749,0.00029068091575121247,0.04159563943733848
2017-07-14,0.004539383237459529,0.00024671557159167026,0.004292667665867859,-0.0010151830857711213
2017-07-17,0.0031460127185729595,0.001588184399246937,0.0015578283193260281,-0.031537341871033145
2017-07-18,-8.212414147916632e-05,0.003972364634594286,-0.0040544887760734505,-0.028064920498198753
2017-07-19,-0.002218978132356068,-0.0018358205157775875,-0.00038315761657848084,0.1924323090326882
2017-07-20,-0.0018708720863289132,-0.0021858163186449066,0.00031494423231599473,0.02319490555899261
2017-07-21,0.01690060299308497,0.01262874856740051,0.0042718544256844584,-0.05590278294365295
2017-07-24,0.0015068557522001616,-0.0006052256049269619,0.0021120813571271226,0.22748231400219826
2017-07-25,-0.003040307021325962,-0.003581434366310629,0.0005411273449846665,-0.2586787307615486
2017-07-26,0.016233997237082805,0.009316752747392909,0.006917244489689896,-0.016548263510052234
2017-07-27,-0.014958441765821829,-0.008073544148708721,-0.006884897617113108,0.040016510428420936
2017-07-28,-0.0008145434455788304,-0.0024135537293726137,0.0015990102837937833,-0.21198354923486462
2017-07-31,0.001910633005249524,-0.00048019127591816357,0.002390824281167687,0.039432846634950815
2017-08-01,-0.010521459660991765,-0.006637138879324989,-0.0038843207816667766,-0.09516515619060328
2017-08-02,0.0018249241155371427,0.0003289979987300363,0.0014959261168071064,0.003297468616205199
2017-08-03,-0.005444690598807457,-0.004209902491990436,-0.0012347881068170176,-0.05700215010199537
2017-08-04,0.0001945833953489,-0.0007666952371423838,0.0009612786324912827,-0.08586834885758789
2017-08-07,-0.0031052250206173196,-0.0021692469153321487,-0.0009359781052851717,0.12054575063443278
2017-08-08,-0.005125914338037852,-0.003392725780887316,-0.0017331885571505341,-0.2196698900312167
2017-08-09,0.0064313866948628945,0.0028018816678034002,0.0036295050270594943,0.022216844691137244
2017-08-10,-0.012293749436248665,-0.004009430749867625,-0.008284318686381038,-0.03511472076715295
2017-08-11,0.0011413614527762852,-0.0014829959914173692,0.0026243574441936566,-0.10252300308869615
2017-08-14,-0.001645358624980985,0.0014344982227745794,-0.0030798568477555643,-0.2704894434104672
2017-08-15,-0.005206624985758324,-0.0031175802419981073,-0.0020890447437602166,-0.16951596652974726
2017-08-16,-0.014453205257042006,-0.008711753172955451,-0.005741452084086551,0.17752708245789683
2017-08-17,-0.008852462403190056,-0.005882101406841443,-0.002970360996348613,0.15519952089345274
2017-08-18,0.009145082260303024,0.003901930123928252,0.005243152136374771,0.03933271807292606
2017-08-21,0.007691342647975814,0.0041167345291865,0.0035746081187893134,0.00962726300388072
2017-08-22,0.0021781083078014503,0.0007575185303755902,0.0014205897774258588,-0.23458762217930834
2017-08-23,0.0005202849455748242,-0.0003735984574361064,0.0008938834030109303,-0.1723572009803661
2017-08-24,-0.013020670889125781,-0.005281261293426176,-0.007739409595699605,0.18388221668119817
2017-08-25,-0.009519180815583384,-0.0031121851667755373,-0.006406995648807848,-0.02103043414152726
2017-08-28,0.00991655700020925,0.004824235341013857,0.005092321659195391,0.20035479196391257
2017-08-29,-0.0011608029583205879,-0.00024657500083706584,-0.0009142279574835227,-0.333051635112782
2017-08-30,0.0193160569892495,0.01742358236313376,0.0018924746261157407,-0.29451065520123376
2017-08-31,-0.022827102343222886,-0.010441256136809785,-0.012385846206413108,0.009067216747997871
2017-09-01,-0.017467801802293785,-0.011625568965666412,-0.005842232836627367,0.04803655539137098
2017-09-04,0.0005898794876694944,-0.0007633255849641965,0.0013532050726336904,-0.43526442080532324
2017-09-05,0.002334368617832894,-0.001023287258634844,0.003357655876467738,-0.1450692022297551
2017-09-06,-0.026148698965638775,-0.012892864645658388,-0.013255834319980384,-0.037386599548829204
2017-09-07,-0.009114761917326783,-0.0041345222406266235,-0.00498023967670016,0.17237126285746177
2017-09-08,-0.0021388638919125147,0.0015490334317316617,-0.0036878973236441773,-0.11334671743194169
2017-09-11,0.01002421275417087,0.005337498609766297,0.004686714144404573,0.19326369012002087
2017-09-12,-0.007145248667332898,-0.00319551800611766,-0.003949730661215237,-0.08492820620220286
2017-09-13,0.012948278025491262,0.004749086749896985,0.008199191275594278,-0.007026601664710544
2017-09-14,-0.004212608851705777,-0.0022432592768173564,-0.001969349574888421,0.003346720197726765
2017-09-15,-0.0003753409211672905,0.0003495927660072907,-0.0007249336871745816,-0.23102404840116622
2017-09-18,0.00018092655026341045,-0.001116254905122378,0.0012971814553857884,0.30674376686747157
2017-09-19,-0.015895109672931798,-0.005649331702521397,-0.010245777970410402,-0.2762184339783719
2017-09-20,0.019927297862880597,0.010704392758946578,0.009222905103934021,0.1114780354934974
2017-09-21,-0.018453882726539,-0.00895237044491088,-0.009501512281628125,0.1607725504912927
2017-09-22,0.005677536000525535,0.0006664623554860441,0.00501107364503949,0.2356060061425249
2017-09-25,0.010065779732582294,0.006447236407673487,0.0036185433249088066,-0.2820311668368461
2017-09-26,0.015944077257162993,0.006616943555850963,0.009327133701312032,-0.14193786750951437
2017-09-27,-0.015248704140348726,-0.006752720997261982,-0.008495983143086746,0.06953410240944317
2017-09-28,-0.008377236537139544,-0.003578022666438808,-0.004799213870700738,0.09538777961290618
2017-09-29,0.004225849821111009,0.004816241291657662,-0.0005903914705466494,0.039063384083146066
2017-10-02,0.005776342938156689,0.0019793228794006295,0.0037970200587560603,-0.049356864270884065
2017-10-03,0.0028650620545779227,0.0014052734494922102,0.0014597886050857125,0.027298772927383034
2017-10-04,-0.002630578115308845,-0.0025184240195681943,-0.00011215409574064951,-0.26951813180252754
2017-10-05,0.001390324156555831,0.0017749580078716867,-0.0003846338513158547,0.03800312170527204
2017-10-06,-0.013323111485888741,-0.006257919712745388,-0.00706519177314335,0.006618195634118672
2017-10-09,0.0016978037626310283,-0.0003968202357164047,0.0020946239983474337,-0.009899038367974313
2017-10-10,0.00027236217011251517,-2.131924100508723e-05,0.0002936814111176025,0.21559103814168062
2017-10-11,-0.0004894789239590273,-0.0008542952499218507,0.00036481632596282315,-0.013781829625521142
2017-10-12,0.01205398604802393,0.006206689184191225,0.005847296863832705,-0.14734063772162584
2017-10-13,-0.0007407957597930989,0.0018575432205179335,-0.0025983389803110333,-0.06389329864995565
2017-10-16,-0.0072626241196968614,-0.0029220775729800856,-0.004340546546716775,0.07702079970843694
2017-10-17,-0.003535827173888496,-0.0004856867679514029,-0.0030501404059370928,0.0665443068451855
2017-10-18,0.003736488343910697,0.0007464530632362919,0.0029900352806744046,-0.06477892167187095
2017-10-19,0.003328119079922688,7.35993071097384e-05,0.0032545197728129486,-0.11433257806674346
2017-10-20,-0.003340467125815731,-0.001144916410841374,-0.0021955507149743567,0.099680955104148
2017-10-23,-0.006025812683415277,-0.0011376460677172875,-0.004888166615697989,-0.12351066819797425
2017-10-24,0.004959297848005421,0.004058630847137077,0.0009006670008683444,0.018428459416271647
2017-10-25,-0.006035780854898797,-0.0025852201732752813,-0.0034505606816235147,-0.05291855732486402
2017-10-26,0.0010634464808406772,0.0024668409281924687,-0.0014033944473517898,0.1711616676200281
2017-10-27,-0.003604703552713668,-0.0013792076924070175,-0.0022254958603066506,0.08461553606435977
2017-10-30,0.009805081278765148,0.0036155380206190947,0.006189543258146055,-0.25436392105140204
2017-10-31,0.006496577937493165,0.006918740537576108,-0.00042216260008294537,0.13995275661573742
2017-11-01,-0.014447215448875792,-0.0066266517598680096,-0.00782056368900778,0.12122168175887807
2017-11-02,0.008116323276858236,0.0021343297531927954,0.0059819935236654406,-0.20332566929143941
2017-11-03,0.00746508707295958,0.003451046530769113,0.004014040542190467,-0.05667874332990246
2017-11-06,-0.010249397827384075,-0.005050861047532317,-0.005198536779851763,0.07987966451300724
2017-11-07,-0.0026587673183720685,-0.0007359128307205501,-0.001922854487651518,-0.05818619538153579
2017-11-08,0.0041239734601181775,0.0023817526483564284,0.0017422208117617499,0.05465791911841977
2017-11-09,-0.003058137113920763,0.0013871468863214248,-0.004445284000242189,-0.0858653375023619
2017-11-10,0.0031084004020725964,0.00012671237486833534,0.0029816880272042594,0.15475485768719938
2017-11-13,-0.00430621048184715,-0.003298077066938748,-0.0010081334149084015,0.1392932155378024
2017-11-14,0.008664079868404593,0.005023092320361005,0.003640987548043588,0.1478279335536445
2017-11-15,0.007541263768512846,0.0024790859366040194,0.005062177831908826,0.10804743620137827
2017-11-16,0.010457813609770276,0.006447973511482522,0.00400984009828775,-0.05774918032137387
2017-11-17,0.00906617112033271,0.011772100024056806,-0.002705928903724092,0.08611100601124773
2017-11-20,-0.004023048300186173,-0.0012438906986241977,-0.0027791576015619764,-0.007644807565256828
2017-11-21,0.006622936511067532,0.005581047349117931,0.0010418891619496003,-0.007634347304569268
2017-11-22,-0.0004583721711810644,-0.002548017451561895,0.0020896452803808307,-0.034521971751042435
2017-11-23,-0.00039256593318092977,0.0004902358539837907,-0.0008828017871647209,0.1239561070430129
2017-11-24,-0.002175772694989593,-0.0023358238562600168,0.0001600511612704237,0.10556765888432826
2017-11-27,0.006301030709069536,0.002391766519153379,0.003909264189916156,-0.31241120342529294
2017-11-28,0.006099678560085767,0.002363609864122115,0.0037360686959636517,-0.015203961600680986
2017-11-29,-0.018226109474875705,-0.010957255915804757,-0.0072688535590709445,-0.22987892725586428
2017-11-30,-0.0009252221607997375,0.001041072978607371,-0.001966295139407109,0.11766735826625148
2017-12-01,-0.014082737158808551,-0.008424559202782579,-0.005658177956025976,0.07849319163672476
2017-12-04,0.007833375830513875,0.0030199826925490798,0.0048133931379647915,-0.11007898987549883
2017-12-05,0.004794752936295374,0.004710984112583156,8.376882371221792e-05,-0.16343978409113732
2017-12-06,-0.0063865684036890635,-0.003334441470944147,-0.0030521269327449174,-0.01505594245696948
2017-12-07,-0.009416844282467878,-0.006350937753284597,-0.0030659065291832807,0.030729741206323834
2017-12-08,-0.0008199649419538362,-0.0023709152236417418,0.0015509502816879062,-0.27233500250549386
2017-12-11,0.0020484371792127837,0.00401096917951092,-0.0019625320002981395,0.010686383847377858
2017-12-12,-0.013566638422096735,-0.008040949929424803,-0.005525688492671935,-0.027720646412776065
2017-12-13,0.0005934606355045471,0.00032064439059741653,0.00027281624490713054,0.008370175937829799
2017-12-14,-0.001752073981580011,-0.0022186101799618538,0.0004665361983818429,0.14018331286690192
2017-12-15,0.0004578024718389648,-0.0007407904235431596,0.0011985928953821248,0.0277449509592686
2017-12-18,0.007987154209814286,0.002265351464186117,0.0057218027456281675,-0.056748782096336256
2017-12-19,0.0014535848570162479,0.0006439089624296433,0.0008096758945866037,0.06744642036874794
2017-12-20,-0.0027257315237088223,-0.003412395256006796,0.0006866637322979745,0.18546786837384752
2017-12-21,0.004686545087553143,-0.0013859296561933368,0.00607247474374648,0.11483237264026626
2017-12-22,0.010011881611651053,0.002336651315671172,0.007675230295979878,0.4004736603636204
2017-12-25,0.0065052083452945605,0.0021615191565874685,0.004343689188707093,0.005952673025535352
2017-12-26,0.02527205202132881,0.010770342888367233,0.014501709132961577,0.1053068533120832
2017-12-27,0.0003358525763256958,0.0004930299298761837,-0.0001571773535504889,0.16205955660985893
2017-12-28,0.006761831856364541,0.0021875051595546674,0.004574326696809874,-0.0012669491421321442
2017-12-29,0.007672656739343921,0.0030071803912576885,0.004665476348086233,0.0043668126530950575
2018-01-01,-6.361066151453539e-06,0.001967668938224726,-0.001974030004376178,0.09806555328249163
2018-01-02,0.00031623651836757707,0.003853046259469875,-0.0035368097411022995,0.05713348617381952
2018-01-03,0.00637269112310199,0.0021295683843532438,0.004243122738748746,-0.2064843540756695
2018-01-04,0.004053654255857096,0.002060441575659662,0.0019932126801974377,-0.05563688159545001
2018-01-05,-0.011199485065039993,-0.007980494163223703,-0.0032189909018162897,-0.025092745151128873
2018-01-08,-0.0036684209685031396,-0.0021241064390938,-0.0015443145294093408,0.07217795410674087
2018-01-09,-0.001299218540359465,-0.0017814419814548392,0.00048222344109536894,-0.10643474993762227
2018-01-10,0.0034060492202198406,0.0009773555159985374,0.0024286937042213037,0.03357546545477442
2018-01-11,-0.005772006318721555,-0.002277165420790807,-0.003494840897930746,-0.005670294741654353
2018-01-12,0.0015935755878199627,0.0009424266732384383,0.0006511489145815249,0.08032107463502741
2018-01-15,-0.0002548325989346449,0.00046969080476134614,-0.000724523403695991,0.08480635306717785
2018-01-16,0.004019721599748735,0.0017811997921598766,0.002238521807588857,-0.10627888350898063
2018-01-17,0.0044616913209921194,0.0023560736077544893,0.0021056177132376293,-0.011753887271383111
2018-01-18,-0.006434447033560543,-0.0033105320765317698,-0.0031239149570287733,0.0636705514352437
2018-01-19,-0.0005746777072541827,-0.0008281734690936977,0.0002534957618395145,-0.14969101651932826
2018-01-22,0.00334395536156448,0.0011080519605432913,0.0022359034010211876,0.062083401776821846
2018-01-23,-0.006917659398051879,-0.002146997565662022,-0.004770661832389857,-0.2107581329058113
2018-01-24,0.0030642389913003707,0.0007987519873989151,0.0022654870039014556,-0.01312328917871875
2018-01-25,-0.009214829125113939,-0.004935833066569906,-0.004278996058544034,0.018402878130033624
2018-01-26,-0.0006208690749566989,-0.001430673580990308,0.0008098045060336088,0.12953416559704276
2018-01-29,0.000851553128294195,9.051405430343315e-05,0.0007610390739907612,0.07666094378271789
2018-01-30,0.00632380794469448,0.004424652906919966,0.0018991550377745157,-0.12088746160604696
2018-01-31,0.0038324675326402713,0.0010934133611326235,0.002739054171507648,-0.12532915803047726
2018-02-01,-0.007191818063338547,-0.002364140243740048,-0.004827677819598499,0.11645039843446214
2018-02-02,-0.005582807505841565,-0.0034861768265708505,-0.0020966306792707147,-0.05205511717382619
2018-02-05,0.005733444319559409,0.003165561484417819,0.0025678828351415883,0.11815885895756195
2018-02-06,-0.0025748446288459603,-0.0005473648552258414,-0.002027479773620119,0.1353080609169286
2018-02-07,0.006248992200204309,0.0009044324760778008,0.005344559724126507,-0.15693038803498732
2018-02-08,0.007610064482530741,0.0038102888630661465,0.0037997756194645925,0.13418210399508956
2018-02-09,-0.007823459494563149,-0.00223573511370738,-0.005587724380855767,0.0013838130761725115
2018-02-12,0.0057937126964963895,0.0017562710739470922,0.004037441622549298,0.27254260968220645
2018-02-13,6.0324591330355396e-05,-0.0007790799508971538,0.0008394045422275087,-0.04931560615302029
2018-02-14,0.014670695716347892,0.0037163367622476224,0.010954358954100272,-0.0350617165065747
2018-02-15,-0.002938289012256984,2.8734877935674558e-05,-0.0029670238901926584,-0.018682002017414066
2018-02-16,-0.0017647494200928975,-0.0023216042081066375,0.0005568547880137435,-0.011596011273498064
2018-02-19,-0.0008168847453945858,-0.0007460191456098771,-7.086559978470956e-05,0.04160247092273423
2018-02-20,-0.0005104214894277309,-0.0021596177647095023,0.0016491962752817717,-0.011121550033255543
2018-02-21,0.0015937961923411076,-0.0006024875950219107,0.0021962837873630205,0.0037448343851086033
2018-02-22,-0.0004384603750269305,0.0005237971624005287,-0.0009622575374274597,0.09725606366371058
2018-02-23,0.0001315930665727749,0.0007533577095225966,-0.0006217646429498218,-0.04616066020970791
2018-02-26,0.005070921540624356,0.0030331720039129817,0.0020377495367113717,0.08150454267064132
2018-02-27,-0.002079269776256959,-0.0017039225413200175,-0.00037534723493694126,-0.05341502635065851
2018-02-28,0.004689080643828669,0.0028248590042834545,0.0018642216395452216,0.06838128760549882
2018-03-01,-0.0028216482494344314,-0.0021621747844883916,-0.0006594734649460394,-0.036291532232026656
2018-03-02,0.003288146226091323,0.0012704472865909375,0.002017698939500385,-0.10570268860505788
2018-03-05,-0.002690213503291647,0.004455266058359816,-0.007145479561651458,0.10812698566825828
2018-03-06,-0.008431472533990701,0.0008882498417769023,-0.009319722375767602,0.12868100907521424
2018-03-07,0.006614380196526758,0.003118316385496424,0.0034960638110303355,0.1226928477008371
2018-03-08,0.008358160823337502,0.0034474276299471113,0.0049107331933903875,0.15092845052554948
2018-03-09,0.008287032028584608,0.000247857128611949,0.008039174899972659,-0.08981367213292216
2018-03-12,0.009832993584959359,0.004548904559671576,0.005284089025287778,-0.11677520613738115
2018-03-13,-0.005666606025651816,-0.002623925149936767,-0.0030426808757150516,0.013970156169842159
2018-03-14,-0.005675066481551737,-0.004898585703162976,-0.0007764807783887592,0.1325950245500763
2018-03-15,0.0007766071119503751,0.00021769940071421356,0.0005589077112361611,-0.01822853355711996
2018-03-16,0.006190590250529564,0.001465000462921117,0.004725589787608448,0.0718749171636121
2018-03-19,-0.0011079112470821963,-0.001973640913458482,0.0008657296663762875,0.017607560434563862
2018-03-20,0.00405776577032954,-0.0008224622057794008,0.004880227976108942,0.0083636016712104
2018-03-21,0.00098779040101789,0.0008689911556604892,0.00011879924535740209,-0.09513108543735911
2018-03-22,0.00023386733387782026,3.181743781288139e-05,0.00020204989606493855,-0.13262032509777072
2018-03-23,-0.004466569585622281,-0.0034153509270176893,-0.0010512186586045906,-0.06391616293637811
2018-03-26,-0.0061155258238071615,-0.003627387955125071,-0.002488137868682093,0.12446566014067664
2018-03-27,-0.0033952886266049353,-0.0028792352974547145,-0.0005160533291502234,0.06742443583475519
2018-03-28,0.007565823076131037,0.0019479345849308365,0.0056178884912002,0.018871381736071446
2018-03-29,0.004382567989508873,-6.669736848989452e-05,0.004449265357998767,0.1259635819772371
2018-03-30,0.0010231569144385675,0.0009447749171898993,7.838199724866839e-05,-0.025315933275281612
2018-04-02,0.0058581289669305085,0.0029306173631427346,0.002927511603787775,-0.067779158222078
2018-04-03,-0.0012930371017368428,-0.0015129721939549812,0.00021993509221813817,0.23184076905919304
2018-04-04,-0.0034954761090408683,-0.0030675492120526317,-0.00042792689698823577,-0.02913846378005737
2018-04-05,0.012019893385316454,0.0044819600081468965,0.007537933377169554,-0.27244228792562913
2018-04-06,-0.0016686617270944483,-0.0017589280206575142,9.026629356306435e-05,-0.03944440887298369
2018-04-09,-0.015365283091144936,-0.007593704436037574,-0.007771578655107365,0.16626842263060967
2018-04-10,-0.002582213233447133,-0.0027221931306214454,0.00013997989717431242,0.06787290482756984
2018-04-11,0.011861739603077294,0.005638392683983623,0.006223346919093673,-0.02101284396119585
2018-04-12,0.0045999306332766155,0.0029538841317709764,0.0016460465015056339,0.050154980366710795
2018-04-13,-0.0012313670536140127,-0.0012032493800679936,-2.811767354602042e-05,0.022154079446372862
2018-04-16,0.002773216028873733,0.0007578643955496373,0.002015351633324096,0.07292424775126548
2018-04-17,0.0013878281249003234,0.004163811881030689,-0.0027759837561303624,-0.06387935193734819
2018-04-18,0.004685002810539226,-0.0009821595078707615,0.005667162318409988,0.09388640875456579
2018-04-19,-0.0033720132137654126,-0.003022532145132332,-0.00034948106863308057,0.16281243581245433
2018-04-20,0.005337670578289263,0.0011756381366126532,0.00416203244167661,-0.006504778071122324
2018-04-23,0.009247219645538882,0.0047612469336680285,0.004485972711870848,-0.06853426710386734
2018-04-24,-0.0003589312881312945,-0.0002758225612026549,-8.310872692864069e-05,-0.02249907333918247
2018-04-25,-0.003355549849895975,-0.0018043055868914165,-0.0015512442630045628,0.02710523729920622
2018-04-26,-0.0010836069185265907,-0.0018122026879800746,0.0007285957694534856,0.11194556503055873
2018-04-27,0.0015205650723496326,0.0009767242827765261,0.0005438407895731051,-0.0213246535954586
2018-04-30,0.006128917175077302,0.001933849297452283,0.004195067877625018,-0.05832855803009338
2018-05-01,-0.0011051756162368544,-0.0019157233742967913,0.0008105477580599363,-0.026919799448330558
2018-05-02,-0.0032671468706355986,-0.0010853024161978017,-0.002181844454437797,0.14321494308319174
2018-05-03,-0.0012679643586834945,-0.0005429814799746899,-0.0007249828787088061,0.03773493160557926
2018-05-04,0.006310362804326845,0.002874746290007639,0.0034356165143192056,0.057123736683925244
2018-05-07,0.0016407073406381834,0.001546882547201681,9.382479343650156e-05,0.018866496997062453
2018-05-08,0.002968818887439989,0.0024146751263902193,0.0005541437610497683,0.08679965278527015
2018-05-09,0.0010656360872839429,0.0004945309872707663,0.0005711051000131765,0.07967247541318931
2018-05-10,0.003946194005951918,0.0017517301123048225,0.0021944638936470936,-0.05757760741287413
2018-05-11,0.003527887382422309,0.002647144147114193,0.0008807432353081165,0.019401992913033825
2018-05-14,-0.002375357788348178,-0.001527136594408316,-0.0008482211939398621,-0.05526051744479628
2018-05-15,0.0008604567849365662,0.0002860455961964494,0.0005744111887401168,-0.1298661837822133
2018-05-16,-0.002608325728794161,1.4495439693212181e-05,-0.0026228211684873742,0.061148164409756664
2018-05-17,-0.007238339018475207,-0.001222006106684029,-0.00601633291179118,0.07300259485733526
2018-05-18,0.003284834547843639,0.0004004329894804295,0.0028844015583632094,0.15579872474017753
2018-05-21,0.003996316254981307,0.0024426914005816654,0.0015536248543996413,-0.17336472434097866
2018-05-22,0.007973506758147026,0.003005400676402056,0.00496810608174497,0.146552779162286
2018-05-23,-0.01024312196878276,-0.005078511944870127,-0.005164610023912635,0.07954205233875276
2018-05-24,0.010003692608670565,0.0006827436048628755,0.00932094900380769,-0.07724137375823403
2018-05-25,0.004259437497388878,0.0004627607766462781,0.0037966767207426,0.07375638102319015
2018-05-28,-0.004145231021496774,-0.0014949830254501646,-0.0026502479960466077,0.008803367417705283
2018-05-29,0.0036693011880270213,0.000679024882008253,0.002990276306018769,-0.08070525904132626
2018-05-30,0.00046153766644879224,0.0003270339122748377,0.00013450375417395398,0.03155191991357613
2018-05-31,-0.00423787224850957,-0.0004736480691386923,-0.0037642241793708776,0.05043129870327945
2018-06-01,0.0018214684414487095,0.000792093993382233,0.0010293744480664759,0.02407147480999046
2018-06-04,0.002740157949297709,0.0013919602268176196,0.0013481977224800903,0.03861371479132535
2018-06-05,0.0012320001212241265,-0.002013996798614784,0.00324599691983891,0.015107554693022444
2018-06-06,0.0019745598484512995,0.0025324341690603747,-0.000557874320609075,0.23585591586454643
2018-06-07,0.0008171810974935698,0.0008421377161253532,-2.4956618631782543e-05,0.017529376176287716
2018-06-08,0.013013708904663222,0.005196234080931496,0.007817474823731727,-0.025176582911630673
2018-06-11,0.0008785479980693392,7.12850476455168e-05,0.0008072629504238234,-0.10080440626659506
2018-06-12,-0.0012232943932060007,0.0016322018894199108,-0.0028554962826259104,-0.001179770851460616
2018-06-13,-0.005309309632972417,-0.003258510271211591,-0.0020507993617608264,-0.05033525867857714
2018-06-14,-6.037008681588881e-05,-0.00040565207300794805,0.00034528198619205794,-0.01835975596943934
2018-06-15,-0.0031520489422928446,-0.0004944780744965075,-0.002657570867796338,-0.03132561526024024
2018-06-18,-0.001085684537616642,-0.0008130187372254374,-0.00027266580039120476,0.12923930996031405
2018-06-19,-0.002089658993571301,0.001004634466962761,-0.0030942934605340637,-0.11933483205626945
2018-06-20,0.008294871913493918,0.00464134751273647,0.003653524400757448,-0.007745033865578251
2018-06-21,-0.009148593005920707,-0.0029312863025896217,-0.006217306703331085,-0.10245159507711606
2018-06-22,-0.00040140294615622057,-0.0014259675827499665,0.0010245646365937451,0.07890611618571385
2018-06-25,-0.004986227093068197,-0.0020809258228416394,-0.002905301270226552,-0.007082042289812656
2018-06-26,0.003654626657392025,0.0008584808577378061,0.0027961457996542195,-0.045714892373480615
2018-06-27,-0.0003256241266148044,-0.0013014344284688617,0.0009758103018540562,0.09826208812234746
2018-06-28,-0.002112169680071423,-0.0016635981899626273,-0.00044857149010879473,-0.1336933290287411
2018-06-29,0.005282046777583253,0.0011171078720922257,0.0041649389054910285,0.12410401832297216
2018-07-02,-0.005991335625265571,-0.0030851331653770006,-0.0029062024598885752,0.04836366489217924
2018-07-03,0.0077492552788280475,0.0022519321655903434,0.005497323113237704,-0.07641316805054937
2018-07-04,0.0028110494691262573,0.0012065137823388068,0.0016045356867874507,-0.07764671719293179
2018-07-05,-0.004423096061712225,-0.0015047531629289912,-0.0029183428987832345,-0.03426179507969114
2018-07-06,-0.004775332785438158,-0.0030779946719621254,-0.0016973381134760268,0.16152450764810045
2018-07-09,-0.0018460620645810656,-0.00044388448170488287,-0.0014021775828761823,0.19480254791886104
2018-07-10,0.013264834673162267,0.009374464811092678,0.003890369862069587,-0.047854650502563774
2018-07-11,0.014770805953471123,0.0055429163109495284,0.009227889642521594,-0.03812389927813496
2018-07-12,-0.003470343120047551,-3.5184959305878394e-05,-0.0034351581607416732,-0.1286732845251702
2018-07-13,-0.0021504657320400127,-0.0008211318571027405,-0.001329333874937273,-0.023340286901622948
2018-07-16,-0.008404436830978801,-0.004707711365491784,-0.0036967254654870184,0.15469527774248049
2018-07-17,-0.0017051344757012211,-0.002493208810085048,0.0007880743343838259,0.12401853030577784
2018-07-18,0.01142727994343142,0.0035987779237612073,0.007828502019670214,-0.11661009728276729
2018-07-19,0.010288643077208297,0.0036835059275410267,0.006605137149667272,-0.031468634082641736
2018-07-20,-0.012347104955376949,-0.00487661971376549,-0.007470485241611459,-0.055610686712435624
2018-07-23,-0.0022349412223937578,-0.0015315954156844072,-0.0007033458067093531,0.19731160252882904
2018-07-24,-0.004002403633467322,-0.0019305109438999928,-0.0020718926895673256,0.08532516287307908
2018-07-25,0.017299420278078768,0.00731147210881411,0.009987948169264658,0.12883785747050389
2018-07-26,0.007075426538294756,0.0035022881435638926,0.003573138394730866,0.027528174562482566
2018-07-27,0.008305067734122745,0.0034127693510432357,0.004892298383079509,0.026089880310428498
2018-07-30,0.0017559402328918413,0.0016366354966084289,0.00011930473628341334,0.09059411383756068
2018-07-31,0.00168448693311672,0.00014049291313424084,0.0015439940199824787,0.014954960985024822
2018-08-01,0.006063538831374872,0.0028977001346723115,0.0031658386967025605,0.011360454244153141
2018-08-02,0.0008988647133852531,-0.0006767462312687617,0.0015756109446540146,0.0070351043633296514
2018-08-03,0.0008139775386766997,0.00037603243745256993,0.0004379451012241301,-0.0013385619332227398
2018-08-06,0.000556796239370178,0.0004907603071047928,6.603593226538456e-05,-0.06496365952507964
2018-08-07,-9.718894573982999e-05,0.00046349374848449545,-0.0005606826942243237,0.15112244876437977
2018-08-08,-0.004784572102740915,-0.0022296030982103202,-0.0025549690045305953,-0.01619198918944801
2018-08-09,0.010817329924924643,0.0052751762160672365,0.005542153708857404,-0.0206121895874437
2018-08-10,-0.0009370323806280633,6.182532830499923e-05,-0.0009988577089330604,0.032783785907478755
2018-08-13,-0.0012184468548713297,-0.0010069828174114129,-0.00021146403745991166,0.08722905666106665
2018-08-14,0.0023144095975357365,-4.74845828848363e-05,0.0023618941804205724,-0.005709876660334843
2018-08-15,0.0059552150549210155,0.0013768174872289141,0.004578397567692103,0.007098096231939371
2018-08-16,-0.0003878735238809954,-0.0021081971828508543,0.0017203236589698589,0.08372167220738448
2018-08-17,0.0006410586941675268,-0.0009521998020045877,0.001593258496172114,0.11002943691984084
2018-08-20,0.006255834376219942,0.0026972325576003686,0.003558601818619574,0.10366983612988848
2018-08-21,0.008236265601027519,0.004111656487677721,0.004124609113349799,0.05500819070721946
2018-08-22,0.007827103101357749,0.002342551733823823,0.005484551367533921,0.05282599291191986
2018-08-23,0.003962985485333816,0.0010438367374072965,0.0029191487479265205,0.043386981827281304
2018-08-24,0.003466350626302333,-4.568591220767675e-05,0.0035120365385100114,0.04803859009059169
2018-08-27,0.00276162740393996,0.00023109898853973868,0.002530528415400222,0.0065547245110146365
2018-08-28,0.0032061144671316926,0.0033175031695625024,-0.00011138870243081016,0.05329643317635606
2018-08-29,0.0004626532770219392,4.565167704299964e-05,0.0004170015999789391,0.026156752916660794
2018-08-30,0.003383705153646944,0.00035436413123789666,0.0030293410224090465,0.016920579473905635
2018-08-31,0.0019274053811778355,0.0013631388025389882,0.0005642665786388477,-0.0054448425286529765
2018-09-03,0.001347104058212714,0.0005768649752748746,0.0007702390829378361,0.08771658873449877
2018-09-04,-0.0003636947959169594,0.00023480904425655924,-0.0005985038401735195,0.06843322836134204
2018-09-05,0.006008452169531705,0.004107179755044772,0.0019012724144869333,0.1369805983577025
2018-09-06,0.0057294767513048446,0.0006770658199451805,0.005052410931359665,0.072061947582815
2018-09-07,0.01304419850896653,0.006006569659880258,0.007037628849086278,0.022575031928696563
2018-09-10,0.005737952310381518,0.001854377192670762,0.0038835751177107563,0.07345106259859997
2018-09-11,0.0018011323541600914,0.0022807059032226296,-0.0004795735490625147,0.15596116905361937
2018-09-12,0.005460470327944139,0.001320448496509261,0.0041400218314348765,0.04127290453586545
2018-09-13,0.010769018311282942,0.002193293268587825,0.008575725042695118,-0.17843251025975557
2018-09-14,0.0025480690222010197,5.5459762101781745e-05,0.002492609260099239,0.008381093887525674
2018-09-17,-0.008985879226055208,-0.0025265204843314196,-0.006459358741723785,-0.11829526517809594
2018-09-18,0.0005294505772844068,9.068619445643314e-06,0.0005203819578387635,-0.06472615367913868
2018-09-19,-0.006452532254066467,-0.001734237112794466,-0.004718295141272,0.0485815344794159
2018-09-20,-0.00323019084574857,-0.0013023424355978266,-0.0019278484101507426,-0.10853975138743993
2018-09-21,0.002937220332587275,-8.913835733212819e-05,0.0030263586899194027,0.030188770830977985
2018-09-24,-0.008002828038865527,-0.0023738979115252162,-0.005628930127340306,-0.03286662130337794
2018-09-25,0.0025395215508614557,-0.0006857474731491971,0.003225269024010653,-0.04229087450944809
2018-09-26,-0.0018955206741092861,-0.0015551762517743428,-0.00034034442233494416,0.06883439767899892
2018-09-27,-0.0025543613699043305,-8.054756265725004e-05,-0.0024738138072470817,0.24813936828485605
2018-09-28,0.0045870613801419465,0.0021568760050804173,0.002430185375061532,-0.15118395376706428
2018-10-01,0.0168181715347448,0.006596100707392164,0.010222070827352636,-0.019682117961023034
2018-10-02,-0.008025803338416126,-0.003686384520069322,-0.004339418818346805,-0.09734610093378004
2018-10-03,-0.0009911476689469254,0.00020415105353061068,-0.0011952987224775357,-0.01733642685899021
2018-10-04,-0.005067080447922227,-0.002076502066189166,-0.00299057838173306,-0.08628843118903735
2018-10-05,-0.0010682835833968434,-0.00042681841286245324,-0.0006414651705343895,0.020015553690100215
2018-10-08,-0.004949306367579871,-0.0020255459972685456,-0.002923760370311326,0.125763155107239
2018-10-09,0.0013646350859551786,0.00027958497804767,0.0010850501079075064,0.039956266791993975
2018-10-10,0.007572990661856062,0.0033183652210197687,0.0042546254408362925,0.08915839498253797
2018-10-11,0.0023596996629806468,-0.00027625180041378043,0.002635951463394427,-0.1007545704962504
2018-10-12,0.0057280122903619266,0.002366716864803057,0.0033612954255588696,-0.05615325794743907
2018-10-15,-0.00615781871529558,-0.0034875111763935963,-0.0026703075389019858,-0.08882753265122831
2018-10-16,-0.0025889088775640067,-0.0019246472603449971,-0.0006642616172190044,0.057702950616841324
2018-10-17,-0.004540116783917509,-0.0019412554687036655,-0.0025988613152138447,0.08806233146535
2018-10-18,0.0031556172665427656,0.0007498895424096286,0.002405727724133136,0.02031255357034806
2018-10-19,0.0049908391198729566,0.00240397034918818,0.002586868770684779,0.06323293039513435
2018-10-22,0.001142997849455016,-0.0001955549868436731,0.0013385528362986894,-0.045265243260778396
2018-10-23,0.003300777881156361,0.002536471048542372,0.0007643068326139891,0.09139410538451197
2018-10-24,-0.0022038823475081385,-0.0008414370827298148,-0.0013624452647783229,0.05266619495479709
2018-10-25,0.004548107384032635,0.0012125481732316937,0.003335559210800941,0.03202582534508371
2018-10-26,0.002646787129378079,0.0008182988811833054,0.0018284882481947734,-0.007702431055612919
2018-10-29,0.0017859449691436167,0.0008813374147020217,0.0009046075544415955,0.02010009137080671
2018-10-30,-0.0004360302176254329,-0.001121707257790502,0.0006856770401650666,-0.07539521317311781
2018-10-31,0.0011461412591731235,0.0006488627301649918,0.0004972785290081313,-0.024049757422665314
2018-11-01,-0.003988425099208779,-0.0013687588180903614,-0.0026196662811184173,0.00719092369637745
2018-11-02,-0.001308512432228643,4.240056563664142e-05,-0.0013509129978652844,0.029977257582498903
2018-11-05,0.0003667831480611431,-0.00025871400421465657,0.0006254971522757988,0.0643552323954149
2018-11-06,0.0016141961995148248,0.0009536878344504555,0.0006605083650643689,0.08938777226841092
2018-11-07,0.003372190867214372,0.0004372982309027683,0.0029348926363116055,-0.030774278164584758
2018-11-08,0.004596259307440932,0.0015389392782614356,0.003057320029179497,-0.09076730601061142
2018-11-09,-0.0015681742897287743,0.0003517659383934042,-0.0019199402281221785,-0.0580447855582205
2018-11-12,-0.005339593424248206,-0.0017300453332369653,-0.0036095480910112443,0.031850256284399504
2018-11-13,-0.0032106858838943054,-0.0013293317280038035,-0.001881354155890501,0.024777826634769774
2018-11-14,0.0015342635695583073,0.0005361450361721434,0.0009981185333861643,0.0801413054066995
2018-11-15,0.0012092883320028247,0.00017069070171847828,0.0010385976302843465,-0.0803805591573122
2018-11-16,0.004181184906084035,0.0005186153665907075,0.0036625695394933272,0.11873082798816684
2018-11-19,-0.004820325367728987,-0.0008648659483819366,-0.003955459419347052,-0.04766975127944438
2018-11-20,0.005649395704433993,0.0018281603193468568,0.0038212353850871354,0.013295823326212403
2018-11-21,-0.0022761812236955967,-0.0013499493099349545,-0.000926231913760643,0.039023743809310146
2018-11-22,0.000645662992986626,0.0005704802687425577,7.518272424406752e-05,0.08383005024572887
2018-11-23,0.0016727265098479957,0.00013757571364328165,0.0015351507962047149,-0.10503053192234738
2018-11-26,0.005182825855224041,0.003910590624461242,0.0012722352307627978,0.02261000865562204
2018-11-27,-0.004561054124317903,-0.0016627241823905705,-0.002898329941927331,0.025116513741577428
2018-11-28,0.0009405581046834048,0.0004468186216668394,0.0004937394830165642,0.003318384004363101
2018-11-29,0.0011367898475467065,0.0014761377158289376,-0.0003393478682822311,-0.09694474329727273
2018-11-30,0.0001482214815838883,0.0002322012710376292,-8.397978945374096e-05,0.14846441145563416
2018-12-03,-0.00461947026179587,-0.0006283272415421691,-0.003991143020253701,-0.08213993371087842
2018-12-04,0.006231329469241212,0.0019429773530633826,0.004288352116177829,-0.13994099493876788
2018-12-05,-0.0038018266527156093,-0.000680177224758328,-0.0031216494279572814,-0.0786201946459215
2018-12-06,-0.006332422600237647,-0.002833093151493181,-0.0034993294487444676,-0.024552235603843748
2018-12-07,-0.004180955463424728,-0.0015830943868029683,-0.0025978610766217627,-0.2533006051583917
2018-12-10,-0.001292187348041007,-0.0004794907217948001,-0.0008126966262462076,0.14342656535461556
2018-12-11,-0.01708831590473267,-0.004025255741734259,-0.013063060162998408,-0.04381677360742734
2018-12-12,0.008853944773170912,0.0037913479916124736,0.005062596781558437,-0.009107537715898544
2018-12-13,-0.0023204485360857658,-0.00038250530510308516,-0.0019379432309826802,-0.15072008753084193
2018-12-14,-0.0004596758971588549,0.0003190871931628633,-0.0007787630903217171,-0.102139693672226
2018-12-17,-0.007830493666498952,-0.0028162354859025563,-0.005014258180596396,0.005024431878404792
2018-12-18,-0.004939240277628641,-0.0009786861479212944,-0.003960554129707347,-0.17420139068417426
2018-12-19,0.00025839977493258303,0.00029993545791627725,-4.1535682983694436e-05,-0.04310830689054167
2018-12-20,-0.008158151207284001,-0.0031771301261151936,-0.004981021081168807,-0.04229728731043898
2018-12-21,-0.002063481591825317,-0.0012949031528114935,-0.0007685784390138225,0.1012555824972944
2018-12-24,-0.0022410372697756554,-0.0022884834407875254,4.744617101187093e-05,0.0052889777245793326
2018-12-25,0.0052605082240821995,0.001078798385667087,0.004181709838415112,0.007675048247151796
2018-12-26,0.0002935539347200856,-0.0001818973502019732,0.00047545128492205817,0.081451015555918
2018-12-27,0.00039566963947577894,-0.002463200127488821,0.0028588697669646003,-0.10096506653023213
2018-12-28,0.00487312663954086,0.0023250578192368907,0.0025480688203039677,0.12208132752125782
2018-12-31,-0.00634146281306331,-0.002115685463052415,-0.0042257773500108935,0.14293543354716315
2019-01-01,0.006380475573268983,0.0025259912306690377,0.0038544843425999467,-0.06138511748769843
2019-01-02,0.009274405020287084,0.005616934097846076,0.003657470922441009,0.020804567601830443
2019-01-03,-0.003347610638823317,-0.0017115432418407823,-0.001636067396982535,-0.2035231707650145
2019-01-04,0.0013250984042364581,0.003230772717614008,-0.001905674313377551,-0.07575503256287786
2019-01-07,-0.011377130454308278,-0.004921597376898311,-0.006455533077409963,0.04478814137402304
2019-01-08,-0.003716276265806235,-0.002043985473741519,-0.0016722907920647167,0.0019124047065218136
2019-01-09,0.0024335706930646676,0.0013878371980554551,0.0010457334950092134,-0.071480419933413
2019-01-10,9.93393867613913e-05,-0.00040013226238314395,0.0004994716491445363,-0.18570018969590055
2019-01-11,-0.004102250194723287,-0.0037807186426751386,-0.0003215315520481467,0.11604171947206918
2019-01-14,-0.010784455625860653,-0.005437927101834522,-0.005346528524026135,0.14024594555437503
2019-01-15,0.007156440351120275,0.0024521696985495296,0.004704270652570745,0.044253926211081714
2019-01-16,0.007927211363720418,0.0020522016485293526,0.0058750097151910674,-0.05648299588071274
2019-01-17,0.0020456663149343883,0.0006388700643564999,0.0014067962505778901,0.010028825717290012
2019-01-18,-0.0028563484100585313,-0.001807957994624269,-0.0010483904154342623,-0.04235651357855393
2019-01-21,0.0005020689579495292,0.0011588342230053304,-0.0006567652650558004,-0.2104579177137534
2019-01-22,-0.002107020635994767,-0.0010755738094961106,-0.0010314468264986565,0.08809563395473848
2019-01-23,-0.010723558813256163,-0.004584606615956582,-0.006138952197299577,-0.1625861097208222
2019-01-24,0.004646827588359087,0.0020438515779109432,0.002602976010448145,-0.11802306490002697
2019-01-25,-0.009183940260524392,-0.0028650807654746306,-0.006318859495049763,0.06922351091158425
2019-01-28,-0.006718875603739413,-0.0014050929222820248,-0.005313782681457387,0.2554477032421846
2019-01-29,0.004265732219941507,0.002661218450045088,0.0016045137698964193,-0.09955630280160013
2019-01-30,0.018211531071751417,0.007596515375356314,0.010615015696395107,0.16856320260118293
2019-01-31,-0.0057021524205272045,-0.0026657573516354616,-0.003036395068891742,0.06625752718579034
2019-02-01,0.00867685169416053,0.003593617305795269,0.0050832343883652625,0.0523610057211923
2019-02-04,0.004058641048952477,-0.00018040211350660827,0.004239043162459085,-0.02553906353719684
2019-02-05,0.002620028852418163,0.0011085261948022129,0.0015115026576159474,0.051040415786092856
2019-02-06,-0.0012583716871567632,0.0021779556743145075,-0.0034363273614712708,0.0166659566765292
2019-02-07,0.0026605660637055643,0.00042939601723061545,0.002231170046474949,0.03802906151424723
2019-02-08,0.0008420848587631107,0.0004885308264369961,0.000353554032326113,-0.05522596366625788
2019-02-11,0.0026308303602100382,0.0008897042098765309,0.0017411261503335086,-0.029228343343932456
2019-02-12,-0.0031005803573388837,-0.0012723769240824646,-0.0018282034332564195,-0.04738962068896762
2019-02-13,-0.0014250858367953405,-0.0006865638482087646,-0.0007385219885865759,0.18379078036180682
2019-02-14,-0.0026501999120867635,7.317877840712882e-05,-0.0027233786904938932,-0.08070510517372563
2019-02-15,0.012032146375297936,0.002677367339964159,0.009354779035333776,0.11667496407745205
2019-02-18,-0.004156043935013039,-0.0007642042682876847,-0.003391839666725356,0.061819001978317994
2019-02-19,0.005414193798914688,0.0018721842314356942,0.003542009567478993,0.05253530021922448
2019-02-20,0.0030975073341163576,0.001030797285708223,0.0020667100484081345,-0.012128446349021828
2019-02-21,0.0026510828028078115,0.0014230402150697966,0.001228042587738014,-0.1237137073939208
2019-02-22,-0.0008933672583926744,-0.0025277706700564256,0.0016344034116637512,-0.11979681525977715
2019-02-25,-0.007967464064435676,-0.003143353081577505,-0.004824110982858171,0.06408599040894171
2019-02-26,-0.00837996449759562,-0.001883773852083397,-0.006496190645512224,-0.0275979441462438
2019-02-27,0.003995337400414217,0.002199982478786177,0.001795354921628042,-0.10951923202388289
2019-02-28,-0.0013401000864298768,-0.0010247258133653618,-0.0003153742730645139,-0.007154439608927505
2019-03-01,-0.005701641016369526,-0.0016804170201354996,-0.004021223996234025,0.12605410590039837
2019-03-04,-0.00036272517193333275,2.377617773765368e-05,-0.00038650134967098686,-0.13220308929333285
2019-03-05,0.006707390235225782,0.003053110384693308,0.0036542798505324724,0.09647503276750623
2019-03-06,-0.006235921940684992,-0.0028244426635019165,-0.0034114792771830754,-0.036236127673443086
2019-03-07,0.004838724522733827,0.0007072518971497155,0.004131472625584111,0.006760653584342497
2019-03-08,-0.0018950277128805446,-0.00013179702238429528,-0.001763230690496248,-0.03389334945126076
2019-03-11,0.0003181300862528133,-0.00016971576770293114,0.00048784585395574443,-0.050182737054180915
2019-03-12,-0.0016444192212843314,0.0010025435405375174,-0.002646962761821849,0.1657558875157039
2019-03-13,-0.002474898887097519,-0.00038756271688449116,-0.002087336170213028,-0.08199862282350726
2019-03-14,0.009081348301136402,0.004710854776046963,0.004370493525089437,-0.10600276303829849
2019-03-15,-0.0038818498782081236,-0.0016248736108045014,-0.0022569762674036226,-0.026724372448018428
2019-03-18,-0.004683855933295258,-0.0032156302260141247,-0.001468225707281133,0.12787609450486262
2019-03-19,-0.0012694214569344481,-0.0006559461970816341,-0.0006134752598528134,0.22700641419980302
2019-03-20,0.005717812141751705,0.0021172441214957886,0.0036005680202559173,0.3423180648780221
2019-03-21,0.013244215792034154,0.003070247829220424,0.01017396796281373,-0.09287132756543907
2019-03-22,0.024458260515865228,0.008387922691306672,0.016070337824558557,-0.09956918468783613
2019-03-25,-0.004425210867973918,-0.001566255490099185,-0.002858955377874733,0.03969164255405961
2019-03-26,-0.004779266916827486,-0.0006881928994087688,-0.004091074017418718,0.09789474802076853
2019-03-27,0.0016761227366386283,0.001234473146387323,0.0004416495902513054,-0.09539141675063811
2019-03-28,0.004087399668925431,0.0002802218144294024,0.003807177854496028,-0.02006162008896105
2019-03-29,-0.004406199876005851,-0.0020474037212538376,-0.0023587961547520122,0.023701576631221695
2019-04-01,-0.0009316504940321563,-0.0009936327269959066,6.198223296375021e-05,-0.13527819791345613
2019-04-02,0.0010149956958335907,0.0008837800330699344,0.00013121566276365598,-0.08921238905293917
2019-04-03,-0.0052487344373483395,-0.0008307467557304125,-0.004417987681617927,-0.05068233693788849
2019-04-04,-0.003916482735136379,-0.0012030922002280783,-0.0027133905349083012,-0.17062505918121704
2019-04-05,-0.002198465302050808,-0.00215782133719365,-4.064396485715851e-05,0.09869393615848958
2019-04-08,-0.00824728582978156,-0.003439359516337052,-0.004807926313444507,-0.16856902341773536
2019-04-09,0.004383305035408374,0.0006147481402497285,0.003768556895158646,0.018832825055169488
2019-04-10,-0.008185347108168092,-0.0027984964686450465,-0.005386850639523045,-0.2006351913114919
2019-04-11,0.0008046966275267855,0.0012624240256323034,-0.00045772739810551535,0.1408378555841839
2019-04-12,-0.009555737850109141,-0.003953278124144848,-0.005602459725964293,0.021080463102595277
2019-04-15,0.0072052489499678865,0.002404973524280315,0.004800275425687572,0.15971986040018604
2019-04-16,0.0010352891706735155,-0.00034454524552666153,0.0013798344162001771,0.11020746515110914
2019-04-17,0.008611065505681213,0.0014930985871871964,0.007117966918494017,0.16814318740893852
2019-04-18,0.0059502432445311575,0.00390883097388779,0.0020414122706433665,-0.17211044150589933
2019-04-19,0.009583638239457683,0.005536768859515373,0.004046869379942305,-0.2448792862265722
2019-04-22,-0.009195203656560694,-0.004414107178902164,-0.004781096477658529,-0.012844097373653066
2019-04-23,-0.012227951344190269,-0.005264178399794544,-0.006963772944395727,0.18013049826391153
2019-04-24,-0.0005914824217764479,-0.00143114854327985,0.0008396661215034022,0.033569989650115775
2019-04-25,0.010250630110371577,0.005278406284704667,0.004972223825666909,0.08055963746663994
2019-04-26,0.0018877277843983116,-0.00017527568234991433,0.0020630034667482255,-0.09603795476892003
2019-04-29,0.00411098019641316,0.0018113358554036818,0.0022996443410094776,0.11567668705225607
2019-04-30,-0.0049155345724343595,-0.0022543590120199415,-0.0026611755604144215,-0.07816768192168407
2019-05-01,0.006439149576584095,0.001509517819936107,0.004929631756647988,0.01166938608485356
2019-05-02,-0.004923837616855252,-0.0027167451493444366,-0.0022070924675108156,-0.03832626691901582
2019-05-03,0.0006975984571824705,0.0010203667878905878,-0.0003227683307081147,0.026149600104080555
2019-05-06,-0.002639508688984734,-0.0009615756976178048,-0.0016779329913669278,0.01392348194865474
2019-05-07,0.0015198479321208614,0.0006676226154690677,0.0008522253166517932,-0.1981039570089539
2019-05-08,0.0008246887798047307,0.0014988958729056012,-0.0006742070931008706,0.10572429470942667
2019-05-09,-0.010376733916737936,-0.0037843008721757856,-0.006592433044562151,-0.19221803564134757
2019-05-10,0.006103282552400792,0.0029335053811468995,0.003169777171253891,-0.13975003536113906
2019-05-13,-0.011291031185261724,-0.005358694932906217,-0.005932336252355507,-0.06791478596868421
2019-05-14,-0.007659138461198333,-0.0032597718013458185,-0.004399366659852514,-0.09985644077482873
2019-05-15,-0.003739033879474272,-0.0016658771037939462,-0.002073156775680326,-0.015098809692007553
2019-05-16,-0.006722285501018237,-0.002673006197231427,-0.004049279303786809,-0.1559165661907937
2019-05-17,-0.0010833844747235686,0.0005454828268425527,-0.0016288673015661184,0.056443875214465845
2019-05-20,-0.010783286704165661,-0.0029423853284158484,-0.00784090137574981,-0.05886595878520503
2019-05-21,0.004030575679093449,0.0024794914005933505,0.0015510842785000992,-0.27148093039620125
2019-05-22,-0.005578824904999583,-0.004210911515839161,-0.0013679133891604245,0.05370816526261754
2019-05-23,-0.033843677463885474,-0.00743863236406737,-0.026405045099818097,-0.17224149818072512
2019-05-24,0.0037569346079601917,-0.00018802022807483387,0.0039449548360350264,-0.12920361422224552
2019-05-27,-0.012288380778487713,-0.005751361592423232,-0.006537019186064478,0.16427209083047123
2019-05-28,-0.011160860550883661,-0.004917774372973079,-0.0062430861779105805,0.0427258841890543
2019-05-29,0.014112081001260822,0.005143425769505848,0.00896865523175497,-0.20181106636006277
2019-05-30,0.0030507309348008303,0.004327336930251458,-0.0012766059954506274,-0.0241300108195459
2019-05-31,-0.013068671416536788,-0.007080483204138134,-0.005988188212398653,-0.07531615361345301
2019-06-03,-0.001661405515823307,-0.0007313762810684278,-0.0009300292347548793,-0.15326211933423056
2019-06-04,-0.004554173928150546,-0.002173022091740186,-0.0023811518364103604,-0.19379528752271294
2019-06-05,-0.009107683902536627,-0.005090799878039575,-0.004016884024497042,0.09382526290551685
2019-06-06,-0.013424028841787703,-0.006086104137107227,-0.007337924704680476,-0.052713086569363264
2019-06-07,0.00738919092664311,0.0021014427458714577,0.005287748180771653,-0.15019699916400964
2019-06-10,-0.0030568377515977994,-0.0019040035025121443,-0.0011528342490856533,-0.24127258964215306
2019-06-11,-0.010674715912524755,-0.005156049101267627,-0.005518666811257128,-0.06147981478647526
2019-06-12,-0.01963803856578484,-0.009119188066723093,-0.010518850499061743,0.512633592928546
2019-06-13,-0.005609551733075864,-0.0032358652814884954,-0.002373686451587369,-0.01768458886495356
2019-06-14,0.0529755063091475,0.02345252662829968,0.029522979680847813,0.3207623237758024
2019-06-17,-0.0014246788253051816,-0.000751358961388394,-0.0006733198639167878,-0.08281494087913785
2019-06-18,0.027487035959194293,0.018105943819189875,0.009381092140004418,0.004924773121047757
2019-06-19,-0.005640332749380034,-0.006657899134315172,0.0010175663849351368,0.2224078437174651
2019-06-20,0.0003108110666198094,0.0002895247124433901,2.1286354176419664e-05,0.20075060323272098
2019-06-21,0.01632719074671519,0.005667354387369912,0.010659836359345282,0.09846994674708912
2019-06-24,0.01417165293002467,0.004299269287040181,0.009872383642984492,0.21555750590218378
2019-06-25,0.007042796445443359,0.0023517936366883293,0.00469100280875503,-0.15725838190006924
2019-06-26,0.0209466672534978,0.009677702466970528,0.01126896478652728,0.11679843720242171
2019-06-27,-0.012688114693336703,-0.006690892586877054,-0.005997222106459647,0.03672228056940256
2019-06-28,0.007967300230383285,0.003335985864896791,0.004631314365486496,0.016043035708584303
2019-07-01,0.002478465092313735,0.0005841204862463284,0.0018943446060674073,0.20493408454433212
2019-07-02,0.0011715814568091037,0.0013924955859412995,-0.0002209141291321954,-0.029176634108109535
2019-07-03,0.01679011542243783,0.007778755677353137,0.009011359745084692,0.04046259620091031
2019-07-04,-0.002084330046338437,-0.001191901147845586,-0.0008924288984928507,0.040320890278133216
2019-07-05,0.0026436334720077335,0.0025227636409947147,0.00012086983101301796,-0.0639627087200331
2019-07-08,0.0026537699709282933,-0.00011229321148760463,0.0027660631824158984,0.06964109760943611
2019-07-09,-0.004049008422875983,-0.003551499858833263,-0.0004975085640427212,0.10060901402229647
2019-07-10,0.005740835299660699,0.0011174234378081502,0.0046234118618525485,0.08260704698744616
2019-07-11,0.0066829808343840235,0.0014194011039701457,0.005263579730413876,-0.03509245958300377
2019-07-12,0.004503443585862605,0.0015069715469539433,0.002996472038908661,0.08864885456414974
2019-07-15,-0.0023246366164565227,-0.000386670200062722,-0.0019379664163937998,-0.008252001472347115
2019-07-16,0.005561849642887638,0.002587758521419652,0.0029740911214679866,-0.05357277556615441
2019-07-17,-0.000671277691598568,-0.0006374795576001881,-3.3798133998383384e-05,0.15279510033095864
2019-07-18,-0.0037656640147280176,-1.8788182883413326e-05,-0.003746875831844604,0.19465130768452993
2019-07-19,0.008905327826604397,0.003610070706981959,0.005295257119622438,-0.07283757674665305
2019-07-22,0.012044326800103082,0.0038300194612231435,0.00821430733887994,-0.1160934118328318
2019-07-23,-0.004534665929737291,-0.0008496467734821029,-0.003685019156255188,0.13106634759829505
2019-07-24,-0.0065463857078189745,-0.003937564851765846,-0.002608820856053122,-0.042520314819122516
2019-07-25,0.008040455447418847,0.00108724818087813,0.006953207266540717,-0.027842354155861254
2019-07-26,-0.00287949844343926,-0.003117198959650529,0.00023770051621126685,-0.07040366869819606
2019-07-29,-0.0019162257904134319,0.00038533362771616883,-0.0023015594181295985,0.08791274964691945
2019-07-30,-0.004783422923564373,-0.001241194910657769,-0.0035422280129066043,0.01627134042497634
2019-07-31,0.0045714912063697846,0.0025458109543151433,0.002025680252054643,0.037711260960260035
2019-08-01,0.0009602357615040712,0.0014340582214851239,-0.00047382245998105286,0.053631535718425306
2019-08-02,0.002318729226805959,0.00023841212658129007,0.0020803171002246688,-0.18632693364186662
2019-08-05,0.0033986976079646795,0.0025618755310257376,0.0008368220769389414,-0.007246167923328825
2019-08-06,-0.011397769055485677,-0.004660486003459304,-0.006737283052026373,-0.022813789920645165
2019-08-07,-0.0004410180518957694,-0.0006215786501017149,0.0001805605982059446,-0.014651609752425928
2019-08-08,-0.001392265871657802,-0.0018742356995388489,0.00048196982788104893,0.100898843084415
2019-08-09,-0.0009732087044667545,0.00013900870814189357,-0.0011122174126086482,0.003755743561015595
2019-08-12,0.007082940784330018,0.0040921388338247995,0.0029908019505052175,-0.10913614880678212
2019-08-13,0.00026918940220438197,0.002013376339506977,-0.0017441869373025958,0.13085561226125275
2019-08-14,-0.009084985838798085,-0.00014332019898470952,-0.008941665639813377,0.1206961205450774
2019-08-15,0.009897571816500464,0.004626761391962529,0.005270810424537935,-0.11294145792771787
2019-08-16,0.00872129118733779,0.0009365725022058534,0.0077847186851319385,-0.0653158069258644
2019-08-19,-0.006598230505550315,-0.002748156708658904,-0.003850073796891413,-0.08066683003025509
2019-08-20,-0.003669226725511821,-0.00040945481083057853,-0.003259771914681242,-0.014558904612134391
2019-08-21,-0.004531581612486959,-0.0020361054818581366,-0.0024954761306288237,-0.23144777882281894
2019-08-22,-0.0008080173670541768,-0.0008149705750765536,6.9532080223769655e-06,-0.07715512805791472
2019-08-23,-0.012915152149365318,-0.004318768112211975,-0.008596384037153343,-0.09337209717761198
2019-08-26,-0.004559974937009531,0.0002033603375264023,-0.004763335274535932,-0.06040296375683624
2019-08-27,-0.005357568744971288,-0.0021306867978447205,-0.0032268819471265673,0.024503115594493297
2019-08-28,-0.003522485951184919,-0.0002825859579907758,-0.0032398999931941446,-0.2526095024103602
2019-08-29,0.0019050669054512816,0.002126752729788021,-0.0002216858243367396,0.1044324611018707
2019-08-30,-0.01565542831295312,-0.006325676683552274,-0.009329751629400845,0.10601002584052467
2019-09-02,0.0069271348042129035,0.0008288524367452612,0.006098282367467641,0.07600098369690632
2019-09-03,0.007191213380250536,0.0030236950200864757,0.00416751836016406,0.016886250518873068
2019-09-04,0.0047329457347421765,0.0008611451517326341,0.003871800583009545,-0.10888245298863293
2019-09-05,0.0011284816978723777,0.0008826750515293174,0.0002458066463430601,0.05664175589904828
2019-09-06,-0.006052245174341655,-0.0025177773782705318,-0.003534467796071125,0.06348060100835551
2019-09-09,0.003740014003630414,-4.557854780348064e-05,0.0037855925514338933,-0.16050894103357075
2019-09-10,0.004105364595653055,0.0013936972816544963,0.002711667313998559,-0.0014841460697600178
2019-09-11,-0.010164970979142256,-0.002678054317406824,-0.007486916661735432,0.17785881466108577
2019-09-12,-8.337999474368842e-05,-0.0015868955477119223,0.0015035155529682341,-0.04157773099508829
2019-09-13,0.011435828886013605,0.0024856635414533456,0.008950165344560258,0.018479234090899535
2019-09-16,-0.0024556762718454545,-0.0008988550768333304,-0.001556821195012124,0.06364827688336425
2019-09-17,0.001126457809449571,0.0002490003096578754,0.0008774574997916955,0.09441407920475496
2019-09-18,0.0037292880789605532,0.0018811563128873078,0.0018481317660732452,-0.066204940902296
2019-09-19,0.0059826443919046395,0.0018451341591049194,0.00413751023279972,-0.016850685576996278
2019-09-20,-0.0037155170024566093,-0.0008011790389802287,-0.0029143379634763806,-0.012292835594248614
2019-09-23,-0.0009825836489155125,0.001061022544616685,-0.0020436061935321975,-0.14850360757735137
2019-09-24,-0.0007278662134118197,6.987694887335616e-05,-0.0007977431622851762,-0.012668494811137758
2019-09-25,-0.008856475309983135,-0.0025015537054640306,-0.0063549216045191035,-0.1427824081633117
2019-09-26,-0.0008757226905996714,-0.00029848421474311946,-0.0005772384758565524,-0.011791285178060811
2019-09-27,-0.008122314625541015,-0.0037208499423792736,-0.004401464683161743,0.20759651850191566
2019-09-30,-0.0007417912433491419,-0.001353510388823741,0.0006117191454745995,-0.058308129795313086
2019-10-01,0.012771632459158924,0.005434764379000996,0.007336868080157927,-0.11175810759277041
2019-10-02,-0.0030832328706336927,0.00037006409520725075,-0.0034532969658409426,-0.25387289126139384
2019-10-03,-0.006645941167163375,-0.0033254658723892655,-0.00332047529477411,-0.030121978730458323
2019-10-04,-0.01624758115340347,-0.004103963811992737,-0.012143617341410732,-0.14161380907496365
2019-10-07,-0.0017794047257722084,0.00034554844644164775,-0.0021249531722138553,-0.22455401784709364
2019-10-08,-0.010013620608530997,-0.0031342522300877584,-0.006879368378443239,0.11696947393202141
2019-10-09,-0.012830960390383183,-0.005234024555083306,-0.0075969358352998735,0.18317772181911698
2019-10-10,0.007573428818441591,0.0029680767492810435,0.004605352069160547,0.14352540249233978
2019-10-11,0.012026842593403551,0.0016786810510393373,0.010348161542364214,0.08633750992628629
2019-10-14,0.009050549079881159,0.002658931374616492,0.006391617705264669,-0.17988095680095037
2019-10-15,0.00581018853361131,-0.0009294824574908184,0.00673967099110212,-0.04937270647241843
2019-10-16,-0.012710810749947527,-0.0045300713711014864,-0.00818073937884604,-0.05699891544465388
2019-10-17,-0.0034696432813695168,-0.004927126796072483,0.0014574835147029667,-0.10903112385418451
2019-10-18,-0.00393756262149053,-0.002235976360450715,-0.0017015862610398197,-0.043266695847730144
2019-10-21,-0.009428354404871905,-0.0031100029632890047,-0.006318351441582901,0.11175202169645823
2019-10-22,-0.0031278804292735273,-0.005056835664983425,0.001928955235709899,0.009673789462874057
2019-10-23,0.010031594622583191,0.0036665141940741947,0.006365080428508999,0.2854800998268733
2019-10-24,0.0009082717600102878,0.0027752517997260973,-0.0018669800397158078,-0.14457146958320544
2019-10-25,0.021418379534989797,0.009892605205590307,0.011525774329399496,-0.05392887863792872
2019-10-28,-0.01083994849553677,-0.004883364580068788,-0.0059565839154679815,-0.011523678441680951
2019-10-29,-0.0039567155416954155,-0.0061310962141515254,0.0021743806724561082,-0.1337086343019259
2019-10-30,-0.0008676678020591268,0.00042837467945557647,-0.001296042481514702,-0.15917657461247814
2019-10-31,-0.008296797095172453,-0.002773583327547661,-0.005523213767624792,0.22088844467072732
2019-11-01,-0.011019787605050234,-0.0028902127056009436,-0.00812957489944929,0.0003255879962276989
2019-11-04,0.017918661422110255,0.00907406456338674,0.008844596858723512,0.019821799555394745
2019-11-05,2.5553581447156906e-05,6.220146855822413e-05,-3.66478871110682e-05,-0.15404161021855786
2019-11-06,0.001259443375513684,0.0014405945334281453,-0.0001811511579144602,-0.04828538189337096
2019-11-07,-0.008892367947766815,-0.004018587660774439,-0.004873780286992382,0.0026287534211833436
2019-11-08,-0.003479518411705108,-0.0014971685448042496,-0.0019823498669008584,-0.04290292921185231
2019-11-11,0.00016887338595066893,0.0008381751141812287,-0.0006693017282305598,0.12195892950613439
2019-11-12,-0.003000046952109747,-0.0026803976991165435,-0.00031964925299320796,-0.20773629606692928
2019-11-13,0.009549502098496917,0.004307111643216321,0.005242390455280597,0.03182567620167145
2019-11-14,-0.014713202350426287,-0.004771380907415149,-0.009941821443011136,-0.13279119217355484
2019-11-15,0.0023212718015806996,-7.121427516907107e-05,0.002392486076749771,0.20856892043990416
2019-11-18,-0.00981500777062288,-0.003380056974851919,-0.00643495079577096,0.02864114984081566
2019-11-19,0.016868679932270297,0.0059296419637698185,0.010939037968500478,0.2886543908996078
2019-11-20,0.002128054057136401,0.0034792846112545774,-0.0013512305541181768,0.12847678508438282
2019-11-21,0.02241073394820335,0.006756843500355986,0.01565389044784736,0.003867437050513974
2019-11-22,0.008611994297266952,0.004594375116626874,0.0040176191806400785,-0.13937714121690126
2019-11-25,0.00023026478470374918,0.00034790723793242523,-0.00011764245322867621,0.01812827448621578
2019-11-26,-0.008489012278468388,-0.005540607068047798,-0.0029484052104205884,0.16504056937466113
2019-11-27,0.0011653304855639983,0.00019928800539567582,0.0009660424801683238,0.1912160993387797
2019-11-28,0.011533327100527967,0.005754259910045502,0.0057790671904824654,0.03385752305090157
2019-11-29,0.011948049086034604,0.005727501393320823,0.00622054769271378,-0.0021680580889984033
2019-12-02,0.0020958561166021994,0.0016914637518212865,0.00040439236478091375,0.13206961990011004
2019-12-03,-0.00013762182749511831,-7.150183647601505e-06,-0.00013047164384751703,0.09224432043170665
2019-12-04,0.0104019090221336,0.002712823521748529,0.00768908550038507,0.014694089879401321
2019-12-05,0.006728706809345016,0.0030984745764814324,0.003630232232863583,0.0640220095689613
2019-12-06,0.0010184177422374514,0.0011261335690217825,-0.00010771582678433152,-0.10735386062360952
2019-12-09,0.004080787267073135,0.0018766033758753336,0.0022041838911978024,-0.09657001786688693
2019-12-10,-0.006511197350588235,-0.002692157916042694,-0.0038190394345455417,-0.09407785033799312
2019-12-11,-0.005413568927299883,-0.002210937661689397,-0.003202631265610487,0.09752046458397952
2019-12-12,-0.0064792038238263485,-0.004692279647239703,-0.001786924176586646,0.032999396588791426
2019-12-13,0.006194476370086331,0.004512128184454593,0.0016823481856317376,0.06652864580908839
2019-12-16,0.0020804569587489006,-0.0005391960459948511,0.0026196530047437527,0.04963120794570251
2019-12-17,0.005291212478401337,0.0005208528691732685,0.004770359609228069,0.32977512782703283
2019-12-18,0.003970225653465744,-0.0001845441338842891,0.0041547697873500315,0.25884109305904895
2019-12-19,0.029222826434653522,0.01267180211809907,0.016551024316554454,-0.1566879292029911
2019-12-20,0.025062382877664338,0.010247535727081286,0.014814847150583052,-0.3486389164610042
2019-12-23,-0.009705028485721388,-0.004215830193499496,-0.00548919829222189,0.05186614386383611
2019-12-24,-0.02834783763929815,-0.010262381862213683,-0.01808545577708447,0.11517815298487016
2019-12-25,0.0032296542977337753,0.002812007521037458,0.00041764677669631775,-0.0069803326087606535
2019-12-26,0.005491874981551211,0.0028208423283931413,0.0026710326531580696,0.04378247388708064
2019-12-27,-0.00039049362149393065,4.9863432397173005e-05,-0.00044035705389110333,-0.0058393967910402725
2019-12-30,0.0025505752581970716,0.00025060982961222326,0.002299965428584849,0.09953271649325543
2019-12-31,-0.0003290152023949194,-0.0010514750877841348,0.0007224598853892161,-0.04067095971876378
2020-01-01,0.0050793162467173344,0.0037620668425785153,0.0013172494041388191,0.22286814760839832
2020-01-02,-0.0022192331195806576,0.0005053710066035702,-0.0027246041261842274,0.11176575775532473
2020-01-03,0.011537008155248593,0.0046010899603465966,0.00693591819490199,0.1549750114329488
2020-01-06,0.005698424505234528,0.0018151994109336352,0.003883225094300894,-0.06396040365766603
2020-01-07,0.009552735388498712,0.004903439243089018,0.004649296145409694,0.009851833750926218
2020-01-08,-0.0036786256541126517,-0.001172993289185735,-0.0025056323649269158,-0.1699600893862655
2020-01-09,0.0004896849189530743,0.0010545613740032271,-0.0005648764550501529,-0.11580951979321873
2020-01-10,-0.011038316275865876,-0.005707763426536082,-0.005330552849329796,-0.11359045225564988
2020-01-13,-0.006724182233618469,-0.004516742098853558,-0.0022074401347649125,-0.10411910654202065
2020-01-14,-0.006116042864731835,-0.0015645902088847188,-0.004551452655847115,0.04143134192526085
2020-01-15,-0.0057778590325725954,-0.001583187087592846,-0.004194671944979751,0.02851001052993592
2020-01-16,0.0023723761207933864,0.00019243600068187712,0.002179940120111511,0.030470730614914895
2020-01-17,0.0014626476993610368,-8.740547017726565e-05,0.0015500531695383031,-0.0010993297832780796
2020-01-20,0.001696504649091445,-0.0006789197668058394,0.0023754244158972846,0.010949407585675678
2020-01-21,-6.22984216426968e-05,-0.0002207610729246471,0.00015846265128195008,0.038255631857516764
2020-01-22,0.0005734835547828096,0.0011080273506648523,-0.0005345437958820462,0.1251174341743171
2020-01-23,0.001924270613333721,-0.00045230131856733007,0.002376571931901052,-0.06816143840733287
2020-01-24,0.006557919748811546,0.0008847196434164841,0.005673200105395066,-0.04025227437619961
2020-01-27,-0.004070545633745846,-5.649974921786169e-05,-0.004014045884527985,-0.0943947971172141
2020-01-28,-0.00234910094921825,0.0010584827592312281,-0.00340758370844948,0.004227553516836837
2020-01-29,-0.0060474263803100645,-0.002934536144747431,-0.0031128902355626337,0.11864579030539815
2020-01-30,0.00025509038938976406,0.0010469129019103538,-0.0007918225125205891,-0.17957085703345363
2020-01-31,0.008129806659891957,0.006856026234619488,0.0012737804252724687,0.06796840910435718
2020-02-03,-0.013399465437194316,-0.00455928447349984,-0.008840180963694476,-0.024351963592545618
2020-02-04,0.0039233935440411895,-0.001780105201533471,0.005703498745574662,-0.057318585607486934
2020-02-05,-0.001262144687872934,0.0008434782872556354,-0.002105622975128569,0.07669848182786251
2020-02-06,-0.0033371383933338194,-0.0013312851130091417,-0.0020058532803246786,-0.07279142039114662
2020-02-07,0.004640308933818182,0.0014457098379516593,0.0031945990958665224,0.06514238285056782
2020-02-10,-0.004253012295414846,-0.0028734715796276088,-0.001379540715787237,0.1827463100562933
2020-02-11,0.003747115595829631,0.0015409423155032945,0.0022061732803263356,-0.13287820458887487
2020-02-12,0.011800653434401141,0.005400758957278982,0.006399894477122159,-0.03983140137346571
2020-02-13,-0.007505456864156205,-0.0014804516076605198,-0.006025005256495685,-0.031121919192680404
2020-02-14,-0.0022127233510612315,-0.0007482216484202366,-0.001464501702640995,0.06024395750787604
2020-02-17,-0.0020479713153249623,-0.0020448189220214127,-3.1523933035505075e-06,0.03887880465782229
2020-02-18,0.003622154771696933,0.0007015494155522585,0.0029206053561446734,0.037393163496505656
2020-02-19,0.002228929955842526,-0.0016520184404049687,0.0038809483962474953,-0.06116244293824319
2020-02-20,0.002241549010251584,0.0007752888395293903,0.0014662601707221938,-0.1191950205401062
2020-02-21,-0.0034364163423218986,-0.00043301649430574525,-0.0030033998480161524,-0.02533770076861097
2020-02-24,-0.0071823936831951875,-0.0024652479010517743,-0.004717145782143412,0.2237884117028253
2020-02-25,-0.001387293348285667,-0.0013055780694066306,-8.171527887903664e-05,0.052187049125452946
2020-02-26,0.012445997981120756,0.0045064228918913485,0.007939575089229406,0.09525019863329012
2020-02-27,0.002869486325926588,0.0007238778608146326,0.0021456084651119553,0.08858601264867601
2020-02-28,0.004882487130061937,0.0013175891098956792,0.003564898020166259,0.053659768402359066
2020-03-02,0.004638475593516557,0.0017218513539502308,0.0029166242395663265,0.06585192609523075
2020-03-03,0.00270249592095206,0.0010380748150786503,0.0016644211058734117,0.17500131387762602
2020-03-04,0.0037862729701419826,0.0010796800770052416,0.0027065928931367415,-0.10692027200138468
2020-03-05,0.009707003055726728,0.004737517022138805,0.004969486033587923,-0.08665642805781015
2020-03-06,-0.006075386609517728,-0.0010251077097478368,-0.0050502788997698915,-0.05081353106979205
2020-03-09,-0.004938033317207055,-0.00020500338507969127,-0.004733029932127364,-0.012388905603379614
2020-03-10,-0.0029903457847557926,-0.00014850906170126607,-0.002841836723054526,-0.0848956371052391
2020-03-11,-0.0007642961317535215,0.0006970855245836058,-0.0014613816563371282,-0.04591578543196439
2020-03-12,-0.004990829934028062,-0.00024332740477830224,-0.004747502529249759,-0.13406145618564477
2020-03-13,-0.00280555521140852,-0.0009258268415562043,-0.0018797283698523126,0.025137151431662712
2020-03-16,-0.009020901282952926,-0.002260560564216309,-0.006760340718736617,-0.11787514598664998
2020-03-17,0.001512600047496702,0.000848754103641242,0.0006638459438554599,0.06592711126587539
2020-03-18,-0.007714717937205313,-0.0012623310874253814,-0.006452386849779931,0.002603170930581635
2020-03-19,0.004153180109766314,-0.0003214351920839773,0.004474615301850291,-0.17833715298689196
2020-03-20,0.00016582394977992664,-0.0004451644354482682,0.0006109883852281946,-0.07569191012479769
2020-03-23,-0.011343367822720066,-0.0035955105239826955,-0.00774785729873737,-0.1725531738613424
2020-03-24,-0.005044815416275127,-0.0010765150874867194,-0.003968300328788407,-0.04440008439758349
2020-03-25,-0.012148617839965521,-0.005112189647276857,-0.007036428192688664,-0.039731796130784994
2020-03-26,-0.0035253888628785693,-0.0008548132191139486,-0.002670575643764623,-0.17079132159358137
2020-03-27,-0.0028905859435287918,-0.0012294578358548781,-0.0016611281076739128,0.3540013276263284
2020-03-30,-0.012815665105375212,-0.002453980688368263,-0.01036168441700695,-0.21585694465403554
2020-03-31,0.03189718945296722,0.010619624645029035,0.021277564807938187,-0.04513948677871029
2020-04-01,-0.013810207897089392,-0.003811765770327876,-0.009998442126761516,-0.2512794523071948
2020-04-02,-0.0027473420527763413,-0.0006741289671334475,-0.0020732130856428947,-0.0015768202629716582
2020-04-03,-0.020009810823019336,-0.007211337508420719,-0.01279847331459862,-0.015554842272344205
2020-04-06,-0.00012089052716052814,0.001005925001171362,-0.0011268155283318902,-0.3199991589799074
2020-04-07,-0.0011560176300381125,0.0019133021597425841,-0.0030693197897806983,0.27981759582754034
2020-04-08,-0.025941801447986076,-0.0066933973581180285,-0.019248404089868047,0.03153285042281455
2020-04-09,0.02194033665350597,0.008002054483131193,0.013938282170374777,-0.15497437721405724
2020-04-10,0.002615089085696296,0.0023746559359184467,0.00024043314977785155,-0.03412608467853472
2020-04-13,-0.01110224489855346,-0.004110035250713005,-0.006992209647840454,0.3071200552719099
2020-04-14,-0.0026145184351847586,1.9341598091835582e-05,-0.002633860033276595,0.1480696681032417
2020-04-15,0.02560728400535164,0.009004825414082424,0.016602458591269215,-0.1924883770489064
2020-04-16,0.010389920324288636,0.0020614537991193206,0.008328466525169316,0.28077361087253516
2020-04-17,-0.013346665097971746,-0.005585670248355823,-0.0077609948496159195,-0.20533951722323474
2020-04-20,0.020831235017011833,0.007870522971644216,0.012960712045367619,-0.07991373049540575
2020-04-21,-0.014244412871808486,-0.002564055747229739,-0.011680357124578749,-0.11929203981793471
2020-04-22,-0.005268383580698818,-0.00143425922509028,-0.003834124355608537,-0.11325098585381699
2020-04-23,-0.00906471128965987,-0.00038189606386951173,-0.008682815225790357,0.07080746806339322
2020-04-24,-0.009214123502629649,-0.0009352051991539951,-0.008278918303475656,0.0570085060534227
2020-04-27,0.005866755024703774,0.00213044049978392,0.003736314524919855,0.2062354104297625
2020-04-28,0.004215101374352648,0.0021421843083393732,0.0020729170660132743,-0.04378963874037491
2020-04-29,0.015499448462016563,0.004420793031293146,0.01107865543072342,-0.1299965205246932
2020-04-30,-0.003553749210036493,0.0010528159298634002,-0.004606565139899894,-0.1283967974327626
2020-05-01,-0.012012955156879843,-0.004537091597861325,-0.00747586355901852,-0.09586202196136334
2020-05-04,-0.009991581335245999,-0.0025708744935684985,-0.0074207068416775,-0.04455421257194786
2020-05-05,-0.0074327946309855585,-0.0005708884256056743,-0.0068619062053798825,0.16751306291842302
2020-05-06,-0.003266954890797002,0.00046322466958829966,-0.0037301795603853043,-0.1054673375481498
2020-05-07,0.013373670551380817,0.0050440284835311065,0.008329642067849714,-0.026117170165652633
2020-05-08,-0.007608518413099056,-0.0018640611903802916,-0.005744457222718764,-0.006749993767128322
2020-05-11,-0.0016518222314141704,-0.0011520898876423193,-0.000499732343771854,0.13342225868803256
2020-05-12,-0.0004101498750251694,-0.0003426744956957859,-6.747537932938301e-05,0.15161835524122258
2020-05-13,0.010492647251768746,-0.0017328211881841513,0.012225468439952897,0.056784213513908395
2020-05-14,0.011358979575133571,-0.0025929743575457166,0.013951953932679286,0.024687683595960238
2020-05-15,0.004652571395909077,-0.002088082762965066,0.006740654158874143,0.04040232144797583
2020-05-18,0.0016804173926072419,0.0013788002561146836,0.0003016171364925574,0.13645000660400944
2020-05-19,0.002730431444730524,-0.0026684920143924193,0.005398923459122944,0.07896542944225408
2020-05-20,0.008848981630208471,0.0073746010332237915,0.0014743805969846787,-0.18607934118659633
2020-05-21,0.005182680730733783,-0.0017913172004577127,0.006973997931191494,-0.00011056015686782081
2020-05-22,-0.011743806966578452,-0.006254893707498103,-0.0054889132590803524,-0.042213760193630316
2020-05-25,-7.246940063667458e-06,0.0005691236873664575,-0.0005763706274301249,0.02160409473112565
2020-05-26,-0.002406378222149355,-0.000572245829012415,-0.0018341323931369401,0.15838532435564384
2020-05-27,0.0014699432536175027,-0.0021973400515478657,0.0036672833051653673,-0.048065960888472335
2020-05-28,0.010875778064651214,0.0025301285268491507,0.008345649537802065,0.2893164308875521
2020-05-29,-0.0035048929475539684,-0.004013938654365341,0.0005090457068113747,0.09445940588317807
2020-06-01,0.022219943890730145,0.009175117102702031,0.013044826788028117,-0.09958962079293496
2020-06-02,0.006345770807146633,0.0058712609477080645,0.0004745098594385686,0.023575143841504654
2020-06-03,-0.005965366405818922,-0.003606589623332084,-0.0023587767824868357,-0.022604189542084707
2020-06-04,0.0015291557559619087,0.0016463510112400838,-0.00011719525527817453,-0.05870057105097423
2020-06-05,-0.00154069126515174,-0.002380388244127651,0.0008396969789759114,0.08542764775996092
2020-06-08,-0.0038005117716453543,-0.0028178921540014928,-0.000982619617643862,0.04423541739830985
2020-06-09,0.0053098363174787205,0.0022859042591418647,0.0030239320583368553,0.04541943761236944
2020-06-10,0.0027866236872602546,0.004420033274329096,-0.001633409587068841,-0.09835290851015571
2020-06-11,0.0025380221380571504,0.0006215398200496228,0.0019164823180075263,0.15123862998789914
2020-06-12,-0.006313197632786452,-0.003384700546382527,-0.0029284970864039243,0.043746914467367094
2020-06-15,0.0114247542091729,0.0041830589797266955,0.0072416952294462045,0.11785892314372418
2020-06-16,0.00312787896601504,-0.0006350232962966402,0.0037629022623116813,-0.02496622870893815
2020-06-17,0.007966179635866403,0.0032621873071161985,0.004703992328750205,-0.021441249624075176
2020-06-18,-0.0015092525941846962,0.0010787748113834147,-0.00258802740556811,0.06029126782186654
2020-06-19,-0.001357502248912517,-0.0005000904152737519,-0.000857411833638765,0.09927048185658865
2020-06-22,0.0038626252800262693,0.002437724030751781,0.0014249012492744875,-0.008936689270409711
2020-06-23,0.006255260673192879,0.0015720501926932387,0.004683210480499641,0.04312730732470653
2020-06-24,-0.0005219668539010042,0.0008456596637019193,-0.0013676265176029235,0.02117051049822982
2020-06-25,0.0025765184588322334,0.004155078437108177,-0.0015785599782759427,0.19367373789918865
2020-06-26,0.0012372576909305587,-0.0012167956162117133,0.002454053307142273,-0.08697209261548702
2020-06-29,0.011273990707571334,0.0038152210773312583,0.007458769630240076,0.042552326011044125
2020-06-30,-0.005389372839397543,-9.348070906327766e-05,-0.005295892130334266,0.13840092269748552
2020-07-01,0.0023755898002605974,0.0005195403771583742,0.0018560494231022239,-0.029664156222448855
2020-07-02,0.009811789284293434,0.0033899552082037893,0.006421834076089646,-0.014120288036501807
2020-07-03,-0.001937916805753694,0.0007068217325708588,-0.002644738538324553,0.05100701922756384
2020-07-06,-0.0008346934033838151,-0.0004040662947414359,-0.00043062710864237574,0.06283585063900786
2020-07-07,0.0031876721952091265,0.001607156113791411,0.0015805160814177151,-0.10852541288748425
2020-07-08,0.0038160021094191705,-0.0003363245711280674,0.00415232668054724,-0.03367830941639018
2020-07-09,-0.006817926574100122,-0.0027439682093168775,-0.004073958364783246,-0.10033536211072948
2020-07-10,-0.0018450053924175748,-0.0011463442647585294,-0.0006986611276590458,-0.09713643772166301
2020-07-13,-0.0061582657947719345,-0.0013617480811061408,-0.004796517713665793,-0.06160212700210135
2020-07-14,-0.00527561329403469,-0.0021208904895728426,-0.0031547228044618474,0.06142447675098723
2020-07-15,-0.0038249654149674892,-0.0010622154824190613,-0.0027627499325484275,-0.07032186117407832
2020-07-16,0.004218668703009168,0.0010921608622186264,0.0031265078407905415,-0.03550781484955528
2020-07-17,-0.0049933339252963335,-0.00015014850067671722,-0.004843185424619615,0.06919988087104463
2020-07-20,-0.0026906000327245267,0.0010937830679087573,-0.003784383100633285,-0.14751068774503306
2020-07-21,0.0047729826197037695,0.002480928450256663,0.0022920541694471056,0.03932883283904111
2020-07-22,-0.011210909916891214,-0.003046124514874608,-0.008164785402016605,0.23367681871784385
2020-07-23,0.002996990218184021,-0.0010056246983844346,0.004002614916568456,-0.12089953063069464
2020-07-24,0.018366811744831773,0.0032920896912717462,0.015074722053560027,0.12705923936884855
2020-07-27,-0.009945003862545744,-0.005463420873528897,-0.004481582989016847,-0.13315173936061664
2020-07-28,0.009227450331022277,0.0037151768826104267,0.005512273448411851,0.016785149800124494
2020-07-29,-0.008040058176668969,-0.0036019297309262434,-0.004438128445742725,0.08875027337525569
2020-07-30,0.001149528906260074,0.00028707360838953807,0.0008624552978705353,-0.026731448982860534
2020-07-31,0.005366732128140287,0.0023856266628748003,0.0029811054652654854,-0.10023108453632497
2020-08-03,-0.001966997897507627,0.003363533647089866,-0.0053305315445974924,0.01987070393527505
2020-08-04,-0.006305458630358968,-0.002915141251723702,-0.003390317378635266,0.036409998690107026
2020-08-05,0.0012412730700838382,0.001595831312869106,-0.00035455824278526763,0.010587969068357225
2020-08-06,0.0024455117047096028,0.002243389485266024,0.00020212221944357778,0.02581891237696373
2020-08-07,0.0005975870753779729,-0.0007810115056104232,0.0013785985809883954,-0.06903369129685046
2020-08-10,0.001740381844969214,-7.870116655665955e-05,0.0018190830115258749,0.06042644376105625
2020-08-11,-0.003880117577008702,-0.000521894712525001,-0.0033582228644837035,-0.05930772846877087
2020-08-12,0.003340209865902883,0.0005250641470427786,0.0028151457188601045,-0.07784930617521565
2020-08-13,-0.0036142281041006883,-0.0007780066029743635,-0.002836221501126325,-0.20738783618585585
2020-08-14,-0.0048626673433550885,-0.0017663622057600393,-0.003096305137595049,0.057833616410640575
2020-08-17,-0.013869059613832387,-0.005221041830275946,-0.008648017783556441,0.1864207136258919
2020-08-18,0.0035002297865850407,8.551229451595269e-05,0.0034147174920690876,0.12752920233910509
2020-08-19,0.012089723815971436,0.005611026213777831,0.006478697602193606,-0.19872353881394467
2020-08-20,0.00842167908741791,0.003561821099417265,0.004859857988000644,-0.15670576604134775
2020-08-21,-0.013245806790662664,-0.003963719514820157,-0.009282087275842506,0.19021202970613363
2020-08-24,-0.01065420005324116,-0.0058741157364178235,-0.004780084316823337,0.03011426552707458
2020-08-25,0.013053660043416222,0.0029090325330316746,0.010144627510384547,-0.14661347163073213
2020-08-26,0.001912207830952893,-0.0005932800536702473,0.00250548788462314,0.09390396446021579
2020-08-27,-0.010573727304438764,-0.005242526036326297,-0.005331201268112467,-0.10156231025634384
2020-08-28,0.006676089700981599,0.004726605018943138,0.0019494846820384609,0.2052564422361934
2020-08-31,-0.007793779471900944,-0.003560752254663236,-0.004233027217237707,-0.2926529340563767
2020-09-01,0.01488405243985529,0.004860566443179174,0.010023485996676114,-0.05535478758034708
2020-09-02,-0.019974223949910636,-0.006284464165257659,-0.013689759784652976,-0.1101483916348729
2020-09-03,-0.003805657434028394,-0.002691062202177732,-0.0011145952318506631,0.06626043619829668
2020-09-04,-0.007965093720438347,-0.004319258357630076,-0.003645835362808273,-0.07035592429160656
2020-09-07,0.004490859857394691,0.0010813053953325838,0.003409554462062106,0.2062518875025215
2020-09-08,-0.0045141555261869965,-0.0012133568554955898,-0.003300798670691407,0.07853650823922972
2020-09-09,0.01492370966641986,0.005613402067143262,0.009310307599276594,-0.13811320497409182
2020-09-10,0.0050145384973283,0.0025113341593349155,0.0025032043379933848,0.014678102602714942
2020-09-11,-0.0100956472724921,-0.0019329858318072116,-0.008162661440684888,-0.23808041461302068
2020-09-14,0.0009645764231176685,0.0021877365987681427,-0.0012231601756504725,0.21103034239911547
2020-09-15,-0.015482548178043806,-0.00509660969846127,-0.010385938479582534,-0.030562612123699057
2020-09-16,0.0159622450850122,0.008662499796474397,0.007299745288537798,-0.09729335770868544
2020-09-17,-0.0020707331032325483,-0.0037706437523826845,0.0016999106491501362,0.09385864776046561
2020-09-18,-0.007298720673451304,-0.005223220235129097,-0.002075500438322206,-0.15265703655169893
2020-09-21,0.0060340532804741545,1.4850171919471885e-05,0.0060192031085546825,-0.15374289496301707
2020-09-22,-0.010051798386270471,-0.0022118175715961797,-0.00783998081467429,-0.0026874505520052844
2020-09-23,-0.011711828399407844,-0.0047263451774201635,-0.006985483221987681,-0.15140834449515164
2020-09-24,-0.00020145212116854,-0.0021609615971778257,0.0019595094760092857,0.04498527280345214
2020-09-25,-0.011788117271961135,-0.004065972171964284,-0.007722145099996854,0.09895842798157829
2020-09-28,0.0033190635122241894,0.001342400922072065,0.001976662590152124,-0.16248928813275457
2020-09-29,0.007619735675624652,0.0030838246283803137,0.004535911047244337,0.01969721362540529
2020-09-30,-0.012477679749883615,-0.0029708832856276653,-0.009506796464255951,-0.013482772194168657
2020-10-01,0.0013945783636176204,-0.0018127020413933733,0.0032072804050109933,-0.10813540364991658
2020-10-02,-0.001068487796644894,-0.0017497709491071454,0.0006812831524622513,-0.23400673286572743
2020-10-05,-0.0070405659517802565,-0.002588141241404527,-0.0044524247103757296,-0.09405972630384313
2020-10-06,-0.01644955693970032,-0.00596410412874517,-0.010485452810955155,-0.03914392683024667
2020-10-07,-0.006744923892581144,-0.004069286389611262,-0.0026756375029698817,-0.13714822358111134
2020-10-08,-0.0030390847206118953,-0.0007462788369034488,-0.002292805883708445,0.17903517229437682
2020-10-09,-0.011216777215750436,-0.005449975272220048,-0.005766801943530384,0.05321966898952729
2020-10-12,0.014614430266415967,0.0055259273128552555,0.009088502953560711,-0.4825908298152146
2020-10-13,0.004611524684150349,0.006289856937537565,-0.0016783322533872151,-0.01843054398130083
2020-10-14,-0.0383822335566955,-0.015496385683813566,-0.022885847872881927,0.006621833866119832
2020-10-15,-0.0014696598035790413,-0.0024546610139825047,0.000985001210403463,0.30494715525981414
2020-10-16,0.0005713074714498294,-0.001405900903681298,0.001977208375131125,-0.34124658692071896
2020-10-19,0.026797201756818944,0.00960370901449388,0.017193492742325064,-0.013446594940833275
2020-10-20,-0.027173534773513613,-0.009415853485343987,-0.017757681288169628,-0.11405035598706473
2020-10-21,-0.0010082188751208234,-7.135121445222062e-06,-0.001001083753675601,0.29869776483112187
2020-10-22,-0.008521283203479505,-0.0059670964662322575,-0.0025541867372472467,0.015393592382926636
2020-10-23,0.022221448164761796,0.009417007745559439,0.012804440419202357,-0.0669724935331098
2020-10-26,0.0010232397672883,-0.0005686823444993414,0.0015919221117876407,-0.03804772869310149
2020-10-27,-0.0048907310276999705,-0.0034148205557280277,-0.0014759104719719428,-0.014639061861150458
2020-10-28,-0.0027586071989396726,-0.0022032959429426346,-0.0005553112559970388,0.19273723068425427
2020-10-29,-0.000984983809600939,-0.003112222185154151,0.002127238375553212,0.2117131433867673
2020-10-30,0.014973995226908118,0.005807638979642154,0.009166356247265965,0.05798930546479532
2020-11-02,0.014397709746378336,0.005974801716727797,0.008422908029650539,-0.11746331005933029
2020-11-03,0.0039395681329501,-0.00038087363371863865,0.004320441766668738,-0.06008022918686443
2020-11-04,-0.008147793223054613,0.0007800675403480984,-0.008927860763402712,-0.08372421064997047
2020-11-05,-0.004356236431573499,-0.0024007484553173943,-0.0019554879762561043,-0.056792139814869046
2020-11-06,-0.006427742354382926,-0.004052370855259505,-0.0023753714991234243,-0.05394182169439691
2020-11-09,-0.0038870635354581145,-0.0008730382183895153,-0.003014025317068599,0.09484354121305542
2020-11-10,-0.0039483324838295655,-0.00016891947009765613,-0.0037794130137319085,-0.07404037261909813
2020-11-11,0.007193101931488021,0.0017887825401929026,0.005404319391295116,-0.0920462808581267
2020-11-12,-0.005834231325781737,-0.0018676863649989585,-0.003966544960782779,-0.04046645745502789
2020-11-13,-0.007816948676481824,-0.0019792566242657927,-0.005837692052216032,0.33771365475245696
2020-11-16,-0.0035328249401857708,-0.0020830512204987398,-0.0014497737196870308,-0.3189535431587972
2020-11-17,0.031943657700227224,0.011514041913287169,0.020429615786940053,0.2616074617073935
2020-11-18,-0.025929327058743554,-0.012882104280352781,-0.013047222778390774,0.10856044287069619
2020-11-19,0.021798429574036944,0.006627169271059748,0.015171260302977196,-0.20468294047693852
2020-11-20,0.008223679487362082,0.0027442881937882573,0.005479391293573827,0.1584603876657877
2020-11-23,-0.014095194714880804,-0.005729069875494623,-0.008366124839386181,-0.01862706761185299
2020-11-24,0.012203595562476594,0.004354923725377774,0.007848671837098822,-0.10362428613856817
2020-11-25,-0.001447439283525585,-0.0013659871035627293,-8.145217996285569e-05,-0.09251220967665091
2020-11-26,-0.007194791367862672,-0.0009994804460958613,-0.0061953109217668095,-0.0234461516054528
2020-11-27,-0.007191108898671335,-0.0037578003727452227,-0.003433308525926113,-0.1657251999820358
2020-11-30,-0.001861730335442264,0.0010507557162220127,-0.002912486051664275,0.07905882557518527
2020-12-01,-0.011556033056963427,-0.005902769983318278,-0.005653263073645147,-0.07111370457784515
2020-12-02,0.0058851250441336305,0.0018702440435021152,0.004014881000631517,-0.06614281194151689
2020-12-03,-0.005256688888317555,-0.0021368517688448545,-0.003119837119472701,0.21651883111910758
2020-12-04,-0.005108777875649275,-0.004006876509701537,-0.0011019013659477363,0.04305811816967725
2020-12-07,0.016944099098608688,0.005075808690023454,0.011868290408585232,0.049856871369958124
2020-12-08,0.0034686429387679168,0.0026202888880379298,0.0008483540507299853,0.07223068080968048
2020-12-09,0.0046160346239044634,0.002340412214181159,0.0022756224097233053,0.15030279956792383
2020-12-10,0.005239335639422303,0.0018715974723182626,0.003367738167104041,-0.14272482143539747
2020-12-11,0.010238074521920444,0.00537568526235362,0.004862389259566821,0.12787684987689374
2020-12-14,-0.008993750043007072,-0.0029999861065670534,-0.005993763936440015,0.20563895854202055
2020-12-15,0.010320399935727885,-0.0005883107337401952,0.010908710669468078,0.02778958112124097
2020-12-16,0.01565172499887569,0.005229909825428489,0.010421815173447202,-0.017653581680657452
2020-12-17,0.0018822928091381812,0.0006082212546110882,0.0012740715545270925,0.050225651292101325
2020-12-18,-0.0012664970162326386,0.0012466454778451322,-0.0025131424940777708,-0.004364486764551455
2020-12-21,0.003115936085344678,-0.0002152979597416626,0.0033312340450863407,0.1379434144840091
2020-12-22,-0.0003210437178507562,0.0014424495881426112,-0.0017634933059933666,-0.09511490576934727
2020-12-23,0.009954940106251121,0.0031133506358095916,0.00684158947044153,0.013219850920933982
2020-12-24,-0.0059659865880285715,-0.0020269175498546666,-0.003939069038173904,0.03765951129753883
2020-12-25,0.0008765850062837285,0.001891785324246923,-0.0010152003179631944,0.03722214535258743
2020-12-28,0.0022097088123120474,0.0020346818628278586,0.00017502694948418832,-0.19427095451734633
2020-12-29,0.002658402093540126,0.0026983443685030025,-3.994227496287653e-05,-0.008000224826152454
2020-12-30,-0.013638077594691015,-0.005968656262011647,-0.007669421332679365,-0.12688834250462866
2020-12-31,-0.0004842827050379838,-0.0009600763035324247,0.00047579359849444017,0.05676502336339665
2021-01-01,-0.008967546238303582,-0.0021785013996790305,-0.006789044838624551,-0.03055508416807952
2021-01-04,0.004890711494154694,0.0029299611784545897,0.001960750315700102,-0.08790198806862563
2021-01-05,-0.0021178935252194023,-0.002168729111416662,5.0835586197259947e-05,-0.042102584293147303
2021-01-06,-0.006850625521826643,-0.005061444390645511,-0.001789181131181131,0.07424565831236903
2021-01-07,-0.0033169218070077692,-0.0007669730899575768,-0.0025499487170501916,-0.18617184986353083
2021-01-08,0.004385067126975138,-0.00023252203023490636,0.004617589157210045,0.13133017448033454
2021-01-11,-0.012660664874909815,-0.006244275943160507,-0.0064163889317493065,0.05994202902774174
2021-01-12,0.010456140315608986,0.002797845100877358,0.007658295214731629,-0.03957218815026794
2021-01-13,0.004341089616118439,0.0022934564812960006,0.002047633134822438,0.008031667511672806
2021-01-14,-0.002243728405042595,-3.594939336531468e-05,-0.0022077790116772824,0.12154597024447608
2021-01-15,0.0004875083380115328,-0.001482832616142825,0.001970340954154357,-0.1889855952712455
2021-01-18,0.008190089209291922,0.003691170174117882,0.0044989190351740396,0.09025270736671191
2021-01-19,-0.01344286662670153,-0.0065863592245449685,-0.006856507402156563,0.10349262962849959
2021-01-20,0.006972805749760305,-0.0002995719701700157,0.007272377719930322,0.002331886760416836
2021-01-21,0.0070378256712313875,0.0028737665126915314,0.004164059158539858,0.13232843837360314
2021-01-22,0.00023731637412743292,-0.001274877743497443,0.0015121941176248748,-0.014505382197095996
2021-01-25,0.009488247533766401,0.005860999015899833,0.003627248517866567,-0.2022417608200422
2021-01-26,-0.0008919380186518263,-0.0004239859022765295,-0.00046795211637529546,0.03745116503743045
2021-01-27,-0.013973670291999567,-0.004468085142973907,-0.00950558514902566,0.010155456342697669
2021-01-28,0.0024157309522380597,0.0005325876949078853,0.0018831432573301746,0.03530521643360847
2021-01-29,0.0006459706392965025,0.0006956814406390676,-4.971080134256469e-05,-0.01897074145043311
2021-02-01,0.0024041624887864623,-0.00012915135333585784,0.0025333138421223195,-0.1537474127492624
2021-02-02,-0.001258240482212223,-0.0009243956028441706,-0.0003338448793680526,0.07854273343553461
2021-02-03,-0.011494121704984865,-0.002982836262952616,-0.00851128544203225,0.20627247478555039
2021-02-04,0.005609497072319191,-0.0012589929292438611,0.006868490001563052,0.15260456212635193
2021-02-05,0.01342748833589322,0.0026755200303595766,0.010751968305533646,0.01659445629562334
2021-02-08,0.010342062429414923,0.00626144330917763,0.004080619120237295,0.13304192481485905
2021-02-09,0.0010701046074772917,-0.000982046298741046,0.0020521509062183373,0.2743888180981679
2021-02-10,0.009090771404595285,0.004612115949709808,0.00447865545488548,-0.23318072439344292
2021-02-11,0.01954723463544112,0.007837971401804318,0.011709263233636798,0.20486521961837142
2021-02-12,-0.014835931229212672,-0.007267561977212446,-0.007568369252000223,-0.046274178779430436
2021-02-15,0.012371569017737644,0.0062872692878994715,0.006084299729838172,-0.009024883071919496
2021-02-16,-0.0027566487808892725,-0.0003654139104611047,-0.0023912348704281682,0.06592141977806527
2021-02-17,-0.0006047987933146355,-0.0004026128618347235,-0.000202185931479912,0.1206016575836665
2021-02-18,0.004453109177616595,0.0012667509298670311,0.0031863582477495637,0.027792725155215896
2021-02-19,0.007895480368106639,0.0036616644658248355,0.004233815902281802,0.07224717218316427
2021-02-22,0.0017619372046362197,-0.00031865064572925324,0.0020805878503654734,0.18277827956956424
2021-02-23,0.004500359560930468,0.0018207043498935137,0.002679655211036954,0.13486430361412258
2021-02-24,0.013867334089596723,0.008593196105914238,0.005274137983682486,-0.1119625495834744
2021-02-25,0.009264429987240962,0.004366438808371276,0.004897991178869687,-0.06481809158847512
2021-02-26,-0.007630473986444014,-0.003972242096595773,-0.00365823188984824,0.020905974925639097
2021-03-01,-0.004706229716613428,-0.0014704701143390224,-0.003235759602274406,0.06539801068123612
2021-03-02,0.001571780752602035,0.0032571490822639222,-0.0016853683296618894,0.12760173565263344
2021-03-03,0.004764731506321942,0.0019681822404057554,0.0027965492659161864,0.1074329053012347
2021-03-04,0.009263589534948576,0.004320843007757293,0.004942746527191283,-0.1066439230457132
2021-03-05,0.007087390383774719,0.001751116385128319,0.005336273998646401,-0.02029450352023712
2021-03-08,-0.007032905403976536,-0.004881880748055952,-0.002151024655920583,0.004085091134755269
2021-03-09,-0.0013160126237756794,-0.0019873642921704763,0.0006713516683947984,0.15750203791071601
2021-03-10,0.00035690633404435006,-0.004721608079864773,0.0050785144139091215,-0.006727485408785796
2021-03-11,0.011810258433770145,0.004383190698198654,0.007427067735571492,0.06824442900781859
2021-03-12,-0.00043950723697639153,-0.0013439495126666588,0.0009044422756902667,-0.11418635414015761
2021-03-15,0.00469574136461429,0.0019347336665180431,0.002761007698096247,0.08743553488127763
2021-03-16,-0.007638301960057234,-0.0039461369941839386,-0.0036921649658732975,-0.04253688990210762
2021-03-17,0.005682459941865438,0.0013926868617613686,0.004289773080104071,0.1048767135176506
2021-03-18,-0.00271807154107478,-0.0014993202453205488,-0.0012187512957542324,-0.23869425747334286
2021-03-19,0.007569540790301385,0.0025359543158256373,0.0050335864744757465,-0.012643717580581354
2021-03-22,-0.01988421687682241,-0.00643617874580761,-0.013448038131014802,0.2561760576215908
2021-03-23,-0.0010876398188348906,-0.002886802571122074,0.001799162752287184,-0.050890877741346374
2021-03-24,0.020450073746565607,0.007406944739093969,0.013043129007471633,-0.02203021680368364
2021-03-25,-0.0038705106845200897,-0.0038496575604662206,-2.085312405386932e-05,0.17269902115617589
2021-03-26,-0.0016296768796422436,0.000994976360657887,-0.0026246532403001316,0.06724910695308006
2021-03-29,0.012933154125887072,0.0037259454846773777,0.009207208641209694,0.24442810287561376
2021-03-30,0.005055393107439889,0.003444981358662829,0.0016104117487770603,0.10963896880809249
2021-03-31,0.01693453582077611,0.00923957590653663,0.007694959914239484,0.2392065866998508
2021-04-01,0.0075749075930022,0.0018949782822996284,0.00567992931070257,0.06752398010616269
2021-04-02,0.015901094998371952,0.0070384694659809295,0.00886262553239102,0.021188770774503877
2021-04-05,0.00499545326369636,-0.001730680582334148,0.006726133846030509,0.08099879945995739
2021-04-06,0.0017819067525806985,-0.0015659110685000508,0.0033478178210807515,-0.1754534884194474
2021-04-07,0.005512021898992202,-0.0010688469691859086,0.006580868868178111,-0.02804853516679283
2021-04-08,-0.011372044964084348,-0.005902301155733406,-0.005469743808350944,0.029117603927000926
2021-04-09,-0.0016892760633030737,-0.0013827889161722512,-0.00030648714713082275,0.05752868284017771
2021-04-12,0.001956890163336268,0.004058858338155773,-0.0021019681748195053,0.13986153766115195
2021-04-13,0.003911848527888834,0.0006875451700105409,0.0032243033578782916,0.03093962384316493
2021-04-14,0.009375300397020312,0.0059487862104478165,0.003426514186572494,0.07128264632657673
2021-04-15,0.0017987452369584455,-0.000810900821482028,0.0026096460584404714,-0.04819171918388316
2021-04-16,0.004434057315683282,0.00247767620047822,0.001956381115205062,-0.01919045760807218
2021-04-19,-0.002682782326658494,-0.002193995541996629,-0.0004887867846618647,-0.145643806107508
2021-04-20,-0.00135752701910314,-0.0030405056388834104,0.0016829786197802687,0.16015880808439276
2021-04-21,-0.009070521941116358,-0.0018015753534010772,-0.007268946587715281,0.046377953926365456
2021-04-22,0.011117913475811607,0.004852020821866986,0.006265892653944623,0.10099604662905651
2021-04-23,0.0033808609195381148,0.0018346028787136204,0.0015462580408244948,-0.09313486761249054
2021-04-26,0.005744733135301324,0.003527615609181191,0.0022171175261201347,0.07088672090987022
2021-04-27,-0.005522428763821634,-0.0017581556560571925,-0.0037642731077644404,0.07477976821217311
2021-04-28,0.0038040014493974273,0.0005589536068317698,0.0032450478425656588,0.24638452708503752
2021-04-29,0.0037220295774313904,-0.00016389394019259568,0.0038859235176239857,0.035166940627443105
2021-04-30,0.014961826637835903,0.005304044565193897,0.009657782072642004,-0.0038955991544783013
2021-05-03,0.0022472547774916906,0.0012548228148432858,0.0009924319626484056,-0.005300279790994218
2021-05-04,-0.000250943710609507,-0.0015443199893949641,0.0012933762787854554,-0.11973927288861559
2021-05-05,-0.00036848883352150284,0.001597313242732764,-0.001965802076254273,-0.011880034364850937
2021-05-06,-0.008541041822820328,-0.0030306080982765177,-0.0055104337245438124,0.049758716258777244
2021-05-07,-0.0008273282986973247,0.001341936283935561,-0.0021692645826328835,0.004590299477887937
2021-05-10,0.0032751664130721237,0.00027984574021617734,0.0029953206728559464,-0.040748031124957645
2021-05-11,0.00029799029139926847,0.0012080455108945606,-0.0009100552194952934,0.03851954569961287
2021-05-12,-0.002711070176562024,0.002909604059951859,-0.005620674236513891,0.08403397427878122
2021-05-13,0.0025631663813537133,0.00031395394931160725,0.002249212432042111,0.050786989298158614
2021-05-14,0.005458919486748579,0.0033541322299546206,0.002104787256793958,-0.010170977670098297
2021-05-17,0.0033103835528304026,-0.0006882176740228355,0.0039986012268532385,0.07636983647976692
2021-05-18,-0.0006211227115777646,0.0009965554623485046,-0.0016176781739262684,0.08146836583093342
2021-05-19,0.005062402709656973,0.0008873269221114427,0.004175075787545531,-0.1010621962549824
2021-05-20,0.0055712215026285355,0.0018559141895523254,0.003715307313076209,0.0070344769815253744
2021-05-21,-0.006809585155968455,-0.0018112654898390264,-0.004998319666129428,0.010544871077391006
2021-05-24,0.000469844097296352,-0.0015348691966933148,0.002004713293989667,-0.1397582986458035
2021-05-25,0.0007210201398158736,-0.002210403491834453,0.0029314236316503265,0.04995066106641055
2021-05-26,-0.009419629578772007,-0.0029771461555568304,-0.006442483423215174,-0.07206915631179477
2021-05-27,0.003271028488272199,0.0010990171894534329,0.0021720112988187663,0.09382207870716676
2021-05-28,-0.005113712930434096,-0.00466497500136243,-0.0004487379290716662,0.06787373671322444
2021-05-31,0.00629188934359136,0.0033844030120812295,0.002907486331510131,0.04571211774103809
2021-06-01,0.005048187584905038,-0.0021694139499578106,0.007217601534862847,-0.037411823809943304
2021-06-02,0.0030870304526601196,0.002469666103480799,0.0006173643491793231,-0.08048718231738675
2021-06-03,-0.0029807464780310573,-0.0018203382901983345,-0.0011604081878327233,0.09454299141636349
2021-06-04,-0.006541068974763045,-0.0032706495067117147,-0.0032704194680513304,0.06779815186138911
2021-06-07,0.006773645724973482,0.0009103863751153719,0.00586325934985811,-0.10914941720536536
2021-06-08,0.005613035613513306,0.0022633803698213287,0.0033496552436919763,0.10472965915651532
2021-06-09,-0.007713547715821764,-0.003982687801171584,-0.0037308599146501815,0.178296185551278
2021-06-10,0.007999453116763007,0.004794685905522487,0.0032047672112405223,-0.05857302963321244
2021-06-11,0.01350131164667116,0.00637693350824039,0.0071243781384307675,0.016073517271336765
2021-06-14,-0.003849975116447948,-0.0031820433922926947,-0.0006679317241552532,0.09045729015898817
2021-06-15,0.001076977422483279,0.0002992668510336423,0.0007777105714496385,0.03152726006529707
2021-06-16,0.005819427809937855,0.004661993734782932,0.0011574340751549228,0.0072273978296662576
2021-06-17,0.0023720448224903773,0.0016993726397704963,0.00067267218271988,-0.05879364581379845
2021-06-18,0.0007451821696650813,0.004467734476110499,-0.0037225523064454147,0.03893479727419075
2021-06-21,-0.005707630496517919,0.0001702791965851637,-0.0058779096931030825,0.05077356549912048
2021-06-22,0.0035619148489887194,6.647494091982509e-05,0.003495439908068887,0.09050132167104993
2021-06-23,0.0043905751127986765,0.005226894176272914,-0.0008363190634742366,-0.04669942308433948
2021-06-24,0.006724614786470129,3.7126392950573295e-06,0.0067209021471750716,0.10676880091446102
2021-06-25,-0.0033988278918927594,-0.002368238641849039,-0.001030589250043722,0.06086608484630339
2021-06-28,0.0077444938477531835,0.0036832298657552554,0.00406126398199793,-0.04138760332462203
2021-06-29,0.004017504356655564,-0.0005229942813445437,0.0045404986380001115,-0.0866513478956386
2021-06-30,-0.002667016721740386,-0.0024153241906055504,-0.00025169253113483357,0.03233183115524833
2021-07-01,-0.006152968986733499,-0.0005273768142425232,-0.005625592172490976,0.11072941659452021
2021-07-02,0.001910394516267505,-0.00046603369280658145,0.002376428209074085,0.11793229089982406
2021-07-05,0.007413278898374952,0.00310884062964967,0.0043044382687252815,-0.13505258555182983
2021-07-06,0.007774004008631106,0.002531474406620598,0.005242529602010508,0.12758128985043118
2021-07-07,-0.008621201710091422,-0.002346833693157806,-0.006274368016933615,-0.07087046552142812
2021-07-08,0.007768955688547604,0.00245091112551045,0.005318044563037152,-0.014427309297764793
2021-07-09,-0.004165366059994725,-0.000997046362846219,-0.003168319697148505,0.09158756459605918
2021-07-12,-0.0008523379042596831,-0.0015292005136864906,0.0006768626094268062,0.061187665559818014
2021-07-13,0.005639860273102801,0.0010787667472923462,0.004561093525810455,0.17387870752959175
2021-07-14,0.00409699428045895,0.005621020423875175,-0.001524026143416228,0.04543222214528526
2021-07-15,0.010445769820394005,0.0014587049444946439,0.00898706487589936,0.0561544522670368
2021-07-16,0.002566624075702899,0.0005470761925044608,0.002019547883198438,-0.11620809422307875
2021-07-19,0.0033598408866059885,0.0014069212799385131,0.0019529196066674745,-0.048228146069996
2021-07-20,-0.007507259952867237,-0.0028836488450285965,-0.004623611107838639,-0.01680621593602166
2021-07-21,-0.0030981127829851486,-0.0010152458302654498,-0.002082866952719701,-0.1161838084244708
2021-07-22,-0.0010255586738483471,-0.00127026522313587,0.00024470654928752424,-0.14288029712889286
2021-07-23,-0.007876740723998134,-0.0031771390222433845,-0.004699601701754748,0.10313503966158434
2021-07-26,-0.009216835929770167,-0.0028617898780307176,-0.006355046051739449,-0.045204263282452035
2021-07-27,0.006466089943384101,0.004075234961972657,0.002390854981411443,0.12012538061318155
2021-07-28,-0.002576272705380318,-0.0011481339106762637,-0.0014281387947040539,-0.2449292131991305
2021-07-29,0.00785400716513412,0.00407392008305249,0.0037800870820816276,-0.11277574193876809
2021-07-30,-0.01446083867110137,-0.007841956263267317,-0.006618882407834058,0.022881989564665712
2021-08-02,-0.007828114227631166,-0.003165371334391975,-0.004662742893239193,0.21354897604992842
2021-08-03,0.0015139668523252133,-0.00016833642130362333,0.0016823032736288368,0.041796490751025255
2021-08-04,0.013901723684702433,0.0057776213533258245,0.008124102331376608,-0.2641695821330656
2021-08-05,0.0028657047914437406,0.0028741739093180903,-8.469117874347967e-06,0.03326257241856412
2021-08-06,-0.0171975825640471,-0.006281089452509036,-0.010916493111538065,0.21234003868083412
2021-08-09,0.002472720890008075,-0.0006012675909696629,0.0030739884809777374,-0.03701171240169569
2021-08-10,0.014249343271699222,0.0069200979457958965,0.007329245325903326,-0.18236550449413805
2021-08-11,-0.002274394706894749,0.0006855789538726016,-0.0029599736607673517,-0.1708037396617305
2021-08-12,-0.011800310231375377,-0.005096854272978488,-0.006703455958396887,-0.108502095010641
2021-08-13,-0.011560648070163677,-0.00477280206640009,-0.006787846003763585,0.10032818719281261
2021-08-16,-0.007680604749517388,-0.003321420269354205,-0.004359184480163182,0.23563334164876917
2021-08-17,0.006598144769585107,0.0008989913238115644,0.0056991534457735415,-0.14137847891260588
2021-08-18,0.01872948673509075,0.00819880035325152,0.010530686381839228,0.03778115297174546
2021-08-19,-0.008712016747120358,-0.002912120984422257,-0.005799895762698102,-0.12367050225095688
2021-08-20,0.0024837567586160135,0.001606740570540176,0.000877016188075837,0.08597137688875094
2021-08-23,-0.008974411938178016,-0.003223588269389537,-0.005750823668788478,-0.05298458105879056
2021-08-24,0.005838109231384228,0.004311238369350926,0.001526870862033302,-0.06141494141619533
2021-08-25,-0.003244689231695368,-0.0005144951596767235,-0.002730194072018643,0.19976442869845976
2021-08-26,-0.004037982171095614,-0.0023638656380857367,-0.0016741165330098774,0.17487694558743766
2021-08-27,0.01371810028546861,0.004654422330125128,0.00906367795534348,0.1663898273760297
2021-08-30,0.011235392939831376,0.003528419144444123,0.007706973795387255,0.06979768747185092
2021-08-31,0.01082486855137486,0.005469221848924227,0.005355646702450636,-0.17174722387538643
2021-09-01,0.00442595016832076,-0.0014103927853134426,0.005836342953634202,-0.17680422133792345
2021-09-02,-0.012909049419505787,-0.003538383723061043,-0.009370665696444742,0.06825374668052878
2021-09-03,-0.014130401851887919,-0.0032628389867552614,-0.010867562865132656,0.058878985294747645
2021-09-06,0.004648616443856533,-0.0025572583098816687,0.007205874753738201,-0.019659891848470258
2021-09-07,0.003945387221774906,-0.0010738677782897513,0.005019255000064657,0.08500435674148062
2021-09-08,-0.0012027576422246377,-0.00174078863068498,0.0005380309884603432,0.002834391714530759
2021-09-09,0.0054427211468328456,0.0029308654937785857,0.0025118556530542603,0.2097617245350986
2021-09-10,0.00016156204711506334,1.9238941291683902e-05,0.00014232310582337933,-0.024346845545714025
2021-09-13,0.013910801330090644,0.006155477675540028,0.007755323654550615,-0.27987229350371695
2021-09-14,-0.0013380658247792896,-0.00015184240574418577,-0.0011862234190351036,-0.04970496388183708
2021-09-15,-0.017696095385053068,-0.007052018132192412,-0.010644077252860654,-0.20126636309443613
2021-09-16,-0.002900191558765662,-0.0034771089858038075,0.000576917427038145,-0.057615701920828766
2021-09-17,-0.01250333372421466,-0.004419005592070679,-0.008084328132143982,-0.053049986776750456
2021-09-20,-0.003677993600414645,-0.0008454532095112052,-0.0028325403909034404,0.09982494170350278
2021-09-21,-0.0036419252056018887,0.003969939362861927,-0.007611864568463821,0.13144147747331997
2021-09-22,0.006818414217866591,0.000555222046710783,0.006263192171155809,0.021202472283773883
2021-09-23,0.008269142762934324,0.0001279210077747145,0.008141221755159609,-0.16117457497759843
2021-09-24,0.0014895663140140057,-0.0010646376402185659,0.0025542039542325694,-0.06370751961435848
2021-09-27,-0.010274580006005968,-0.005057530149479133,-0.0052170498565268335,-0.09875870055408027
2021-09-28,-0.003761972889601462,-0.00113663317727011,-0.002625339712331352,0.20623573324752478
2021-09-29,-0.005539758205776873,-0.003056465970600147,-0.002483292235176726,0.23206525471987216
2021-09-30,0.012476306189790518,0.0037863458878029128,0.008689960301987605,-0.1200050326043304
2021-10-01,0.014021820239648175,0.0037932516887854567,0.010228568550862717,0.08171661877279002
2021-10-04,-0.0071771047756892855,-0.002455838777237971,-0.004721265998451313,0.1321529553706703
2021-10-05,0.00490541183640532,0.0022851352344330908,0.002620276601972231,-0.2869389871657166
2021-10-06,0.007227697053187099,0.002712568338565172,0.004515128714621928,0.20495991786083684
2021-10-07,-0.01794252367953309,-0.007476356639965564,-0.010466167039567525,0.11257015141303064
2021-10-08,0.013656356259002501,0.004573622368234463,0.009082733890768038,-0.10260920418395052
2021-10-11,0.0068327218778138285,0.0040934505012923846,0.002739271376521444,0.22296130413858933
2021-10-12,-0.006128500837468966,-0.0035073021551258275,-0.002621198682343138,0.10783610116986973
2021-10-13,0.013786559376383326,0.006955276356952766,0.006831283019430558,0.08334277573534797
2021-10-14,0.007434980084854345,0.0033742378969114422,0.0040607421879429026,-0.01355518648112443
2021-10-15,0.005445176624126408,0.0015489185766423552,0.0038962580474840537,0.2103447279692653
2021-10-18,-0.0007911086845398601,-0.0004528068589975051,-0.0003383018255423559,0.23796355420089224
2021-10-19,0.013431360073081197,0.005679693665262793,0.0077516664078184075,0.08591409134741203
2021-10-20,0.01723400490749795,0.006805306965148306,0.01042869794234965,0.008622488227440672
2021-10-21,0.004939038581588808,0.00305064740767928,0.001888391173909527,0.07591005214206621
2021-10-22,0.0005321201339980363,-0.002237138498587565,0.0027692586325856004,-0.021044728451068268
2021-10-25,0.004750478417886452,0.0027255581842805035,0.0020249202336059496,0.08800552830253097
2021-10-26,-0.001419806451223157,-0.0008482364665945916,-0.0005715699846285636,0.02116387834738506
2021-10-27,0.004951211914529166,0.0024541598278978016,0.0024970520866313636,0.12055253250079878
2021-10-28,0.0010614292677381693,0.0011861851234461884,-0.00012475585570801903,-0.006138107700261376
2021-10-29,0.005974339118616258,0.0023325599125423925,0.0036417792060738645,-0.03681580654203578
2021-11-01,-0.00031263571071820403,5.44763439740203e-05,-0.00036711205469222433,-0.0364564093293028
2021-11-02,-0.001647978166099235,0.0010988364306167737,-0.00274681459671601,0.016000985663935697
2021-11-03,-0.0024388978849111337,-0.0005674267427453611,-0.0018714711421657718,0.036699742520138356
2021-11-04,0.0009223801787323611,0.0018213995857755405,-0.0008990194070431813,0.11494103039943931
2021-11-05,0.0019892958968723623,0.0022308307060540725,-0.00024153480918171107,0.08691978077492445
2021-11-08,0.0059278444813833115,0.0005472429531166844,0.005380601528266625,-0.11216300346452122
2021-11-09,0.004177418120197666,-0.0011174756458952155,0.005294893766092881,0.11766135904976617
2021-11-10,-0.00572571215937626,-0.0020614864750833173,-0.0036642256842929427,0.06117626636447093
2021-11-11,0.005858923693654368,0.00466238614476816,0.0011965375488862083,0.1498751907774383
2021-11-12,0.0038321307305990266,0.005927566578065899,-0.002095435847466874,0.21772032329977373
2021-11-15,0.00783348864760331,0.0019228241397303142,0.005910664507872997,-0.11084331175370032
2021-11-16,0.012036263811548226,0.006734203372796926,0.0053020604387512965,-0.022318056434422192
2021-11-17,-0.006214213687707323,-0.000595496955771998,-0.005618716731935326,-0.06914122215361466
2021-11-18,-0.0013080027160600402,-0.003331800546715712,0.0020237978306556735,0.06884369994305532
2021-11-19,-0.004685421058983837,-0.002215093851062609,-0.00247032720792123,0.041120072737419425
2021-11-22,0.004072270115797729,0.00013209060229975918,0.00394017951349797,-0.0664875547273703
2021-11-23,0.0023987161259056288,-0.0017858544193227015,0.00418457054522833,-0.04915422248452355
2021-11-24,-0.0039462022909387716,-0.0030560669076843197,-0.0008901353832544492,-0.06417054108328353
2021-11-25,-0.0029419780747132413,-0.0014606928132163792,-0.0014812852614968612,-0.15357573607070157
2021-11-26,-0.003636563018949119,-0.0034971647997909146,-0.00013939821915820265,0.001363739515141304
2021-11-29,-0.00833862266655776,-0.0031018610135356236,-0.005236761653022137,0.012175286305092865
2021-11-30,7.895892380802342e-05,-0.0006404365825909523,0.0007193955063989751,-0.15926910324141044
2021-12-01,0.0006758091636970141,0.0006778395959318416,-2.0304322348274444e-06,0.026401116264396538
2021-12-02,-0.009065048561626788,-0.003623831642869254,-0.005441216918757534,0.15048452302869558
2021-12-03,0.001630296367486092,0.0021972255609258376,-0.0005669291934397459,-0.34789367918534725
2021-12-06,0.010072724041937533,0.0020902440289985325,0.007982480012939,0.08397794816395801
2021-12-07,-0.024806085150482937,-0.010957845588805623,-0.01384823956167731,-0.0414057673519104
2021-12-08,0.005653553148897905,0.0004669953806018322,0.005186557768296072,-0.2494484933165727
2021-12-09,-0.002743506573690892,0.002355541794938132,-0.005099048368629025,0.09817627747247192
2021-12-10,-0.020317387503587574,-0.010326998814523107,-0.00999038868906447,0.09533850604632287
2021-12-13,0.005997152800288066,0.0007793467803321359,0.005217806019955931,-0.10701175438399345
2021-12-14,0.005510042756385874,0.0009620910328665289,0.004547951723519345,0.055946479214840236
2021-12-15,-0.005962947161486484,-0.0016624333187932239,-0.004300513842693259,0.22466731772289902
2021-12-16,0.0029799248509189374,0.0016212157281745125,0.0013587091227444288,0.06079725109324713
2021-12-17,0.013651548922264126,0.004399276409840027,0.009252272512424099,0.09592095126842515
2021-12-20,0.0028971863535033975,0.0004390723053927829,0.0024581140481106144,0.15822931727881195
2021-12-21,0.004808643447316161,0.0014990345344370912,0.00330960891287907,0.1373548821492334
2021-12-22,0.00985041861824377,0.0018898753441138495,0.00796054327412992,0.09291572407438815
2021-12-23,0.00877861944300555,0.004957328260719269,0.0038212911822862817,-0.12834649039195417
2021-12-24,0.006695032032213971,0.0019263039384051766,0.004768728093808794,0.003957838203401572
2021-12-27,-0.007674314844892018,-0.0027034017235683487,-0.00497091312132367,-0.09376751592482067
2021-12-28,0.00021575681538097758,-0.00032279673355929683,0.000538553548940275,0.07810121646552162
2021-12-29,-0.0050548069688233725,-0.003294489885611833,-0.0017603170832115392,-0.057334836876941506
2021-12-30,0.004175881334360787,0.0019419885787164554,0.0022338927556443313,0.23173263035458816
2021-12-31,-0.0031465764329419773,-0.00015656477901196397,-0.002990011653930013,0.15486138060198223
2022-01-03,0.012966497510158074,0.005729768634606967,0.007236728875551103,-0.06600391146063313
2022-01-04,0.009021570460315482,0.00464773900834361,0.00437383145197187,0.06518450475817532
2022-01-05,-0.003148540094893529,-0.0021668960333409808,-0.0009816440615525472,0.006010004013961265
2022-01-06,0.003615727130054651,-0.0005281470516225904,0.004143874181677242,-0.1855827007661136
2022-01-07,0.00030246473228154157,0.00026258883774196327,3.987589453957824e-05,0.10993656844697727
2022-01-10,-0.010935197828367821,-0.00803508621830497,-0.002900111610062848,-0.0657270691889694
2022-01-11,0.005670220875254394,0.003855132715819339,0.0018150881594350549,0.01903465619660641
2022-01-12,-0.003755440026915831,-0.0021948603462469346,-0.0015605796806688957,-0.07788819001247277
2022-01-13,0.0011039117095614605,-0.0007438811162705349,0.0018477928258319957,0.03979379651021051
2022-01-14,-0.004634946046921303,-0.0040954647593215215,-0.0005394812875997804,0.05562124123185186
2022-01-17,0.002363426092548343,0.002102747345501028,0.0002606787470473158,0.054899635078973844
2022-01-18,0.0032726233366240014,0.0016107638720438164,0.0016618594645801843,-0.05875163767546002
2022-01-19,0.002811325680466202,0.0020207376862620115,0.0007905879942041892,0.03477856041677284
2022-01-20,-0.0032615178742838122,-0.0009493397088260909,-0.0023121781654577215,-0.022392203713933315
2022-01-21,0.002244646016176771,0.0018868791066835274,0.00035776690949324355,-0.027924296354073057
2022-01-24,-0.001497391196892611,-0.0026119426770039858,0.0011145514801113735,0.11760160163818913
2022-01-25,-0.0016490448563604627,-0.00026750045502548425,-0.0013815444013349784,-0.15429743484219655
2022-01-26,0.0064901129611802735,0.002708766459491312,0.003781346501688961,-0.011732010925501109
2022-01-27,-0.00894055915848519,-0.0034231800650715623,-0.005517379093413628,0.25941066481018105
2022-01-28,-0.0006831171931723342,0.0016034102149235507,-0.002286527408095887,-0.0844744959628876
2022-01-31,0.015315202355289098,0.005100521359537107,0.010214680995751993,0.006279246413412784
2022-02-01,-0.004015559490999801,-0.0007861191348233366,-0.0032294403561764643,0.1117124065749051
2022-02-02,0.0003464982127603371,0.0019435605608107281,-0.0015970623480503904,-0.0013534536448727532
2022-02-03,0.006696889344580427,0.0017401638994745813,0.004956725445105847,0.06680094530746732
2022-02-04,-8.080036906136937e-05,-0.00047787097422198263,0.00039707060516061196,0.13518666094291057
2022-02-07,0.0035405716949632633,0.002185861360896055,0.00135471033406721,0.007720773433080248
2022-02-08,0.006306396211650868,0.0030128347045154363,0.0032935615071354313,0.08463890527766382
2022-02-09,0.000428113534567383,0.0010948405426102258,-0.0006667270080428426,0.01422065473539112
2022-02-10,0.003923743588736424,0.0008365077468218476,0.003087235841914575,-0.006492365793202651
2022-02-11,0.0009863604788948655,-0.0019207276276442913,0.002907088106539158,-0.013291544057104004
2022-02-14,-0.0003751872423868477,-0.0019250648531404183,0.0015498776107535708,0.049184114877801305
2022-02-15,-0.0007213687354672878,0.001132301471223873,-0.0018536702066911598,0.04313305228161399
2022-02-16,0.002900488121790592,0.0018839497462836015,0.0010165383755069914,-0.1361129679674648
2022-02-17,0.0021828226071571324,0.0008214094491142583,0.0013614131580428745,0.09433738265205316
2022-02-18,-0.006070759784373544,-0.001078345001248444,-0.004992414783125099,-0.06717707000441783
2022-02-21,0.004669992950940156,0.002469197207570292,0.002200795743369864,0.024590310597091734
2022-02-22,-0.0028357810756718064,-0.002349736592807587,-0.00048604448286421924,-0.013830343130310209
2022-02-23,0.0012479659476065654,-0.00020738992261116855,0.001455355870217734,-0.0005092878845058846
2022-02-24,-0.0006937951099390991,-0.00018936620926869943,-0.0005044289006704006,0.10387801259197248
2022-02-25,-2.4277263383913703e-05,0.0006273552660034502,-0.0006516325293873639,-0.05260920587813438
2022-02-28,0.00481793379184127,0.0011028627679006238,0.003715071023940645,0.09051399168622856
2022-03-01,-0.0027128852273330143,-0.0007112097666819141,-0.0020016754606511002,0.017812412970800075
2022-03-02,0.0038200914262762975,0.0005732475951829435,0.003246843831093353,0.09622185123939338
2022-03-03,0.0010626831616427795,-0.001265677120152112,0.0023283602817948928,-0.11803948073141723
2022-03-04,0.0051841681640353195,0.000882897775113905,0.004301270388921414,-0.02990091639310951
2022-03-07,-0.006039514057241872,-0.005654630105638202,-0.0003848839516036699,-0.08338715030364924
2022-03-08,-0.0015990633887784094,-0.0008326046517243114,-0.0007664587370540983,0.10800753474648674
2022-03-09,-0.004451573132147474,-0.0037395255762789647,-0.0007120475558685098,0.006989287198017469
2022-03-10,0.005983043234022949,0.0012350734446481325,0.004747969789374817,0.16228962759436683
2022-03-11,0.0003485831333713378,-0.0018361598072635281,0.002184742940634866,-0.2806281588887787
2022-03-14,0.00843691261839152,0.003619777730060448,0.004817134888331073,0.13778482617405827
2022-03-15,-0.013535685101778347,-0.00665366064309717,-0.006882024458681177,-0.03196128509161106
2022-03-16,0.006941821951255999,0.0030458539041547804,0.0038959680471012184,0.07818769472986162
2022-03-17,-0.0017878495984618905,-0.0006618225360023548,-0.0011260270624595357,-0.26689630850377066
2022-03-18,0.003862227353627373,0.0012044382130412092,0.002657789140586164,0.1730450473168507
2022-03-21,-0.015799867591735045,-0.006960055412228114,-0.008839812179506929,0.25328797861307334
2022-03-22,0.009727561354107553,0.0061502401749920586,0.0035773211791154946,-0.18358948689493276
2022-03-23,0.01533544104708507,0.005361021007052129,0.009974420040032937,0.12376079262652853
2022-03-24,-0.009542105321960953,-0.004614589970461602,-0.004927515351499354,-0.06134530597867955
2022-03-25,0.00580399315911971,0.00040374268331632053,0.00540025047580339,0.26723836974055526
2022-03-28,-0.002601927262004406,-0.0019506016679327102,-0.0006513255940716958,-0.10386060847014082
2022-03-29,0.012527616595358892,0.005301535314854335,0.007226081280504556,0.06144250052658754
2022-03-30,-0.004347798984157816,-0.0017974380459938716,-0.0025503609381639443,-0.00039857531126513636
2022-03-31,0.002832491137432669,0.0011836542784163778,0.0016488368590162911,-0.04156738447299896
2022-04-01,-1.7387335900562466e-05,-0.0016116130808267893,0.001594225744926226,-0.04347475328664439
2022-04-04,-0.002163191032065314,-0.0023574561770830504,0.00019426514501773642,0.12636695800440856
2022-04-05,-0.0022739495995460976,-0.000819195337836514,-0.001454754261709583,0.02693652518470758
2022-04-06,0.00543400014968506,0.0020205569097763837,0.0034134432399086753,0.11975151535410013
2022-04-07,0.001406858367160779,0.0004797665549820504,0.0009270918121787285,-0.11718800329165541
2022-04-08,0.0055823216187428845,0.0035587258738154805,0.002023595744927404,0.07527973097744091
2022-04-11,-0.005728534721842678,-0.003528873202796699,-0.00219966151904598,0.08222783554166997
2022-04-12,0.003544249119447198,0.001674539390669832,0.0018697097287773657,-0.2965446536527236
2022-04-13,0.003955315515885566,0.0014903745880123949,0.0024649409278731695,-0.05228043512212131
2022-04-14,-0.016682639526745983,-0.00658883182465924,-0.010093807702086746,0.20930817863938656
2022-04-15,-0.0025755513703602647,1.0900263471183558e-05,-0.002586451633831449,-0.08358810601573474
2022-04-18,0.010847214520347549,0.0022338004443500136,0.008613414075997536,-0.2602119065600784
2022-04-19,-0.0035384569413064834,-0.0006801233538846103,-0.0028583335874218744,0.10521698557276579
2022-04-20,-0.015614947618131501,-0.007095521545591132,-0.00851942607254037,0.03969793211665206
2022-04-21,0.00599634291479807,0.002789253456764374,0.003207089458033695,-0.16766981541330028
2022-04-22,0.002188590922687449,-0.000989873321756412,0.0031784642444438616,-0.2553506315255296
2022-04-25,-0.008995689055650534,-0.004228671770634205,-0.004767017285016328,-0.08191591216891009
2022-04-26,-0.014091518568292624,-0.004627126723507274,-0.00946439184478535,-0.18092088548403973
2022-04-27,-0.004647614457111461,-0.001098663109035402,-0.0035489513480760596,0.21828462886716632
2022-04-28,-0.01201988448696271,-0.004113584441461684,-0.007906300045501025,-0.029420129802539184
2022-04-29,0.014016838863292438,0.004354655007946576,0.009662183855345861,0.20591202902512093
2022-05-02,-0.0015699101328919356,-0.0001408342998461447,-0.0014290758330457913,-0.23722667889762938
2022-05-03,0.010583828923511208,0.004459680041307646,0.006124148882203563,-0.2564997348041008
2022-05-04,-0.012679635292039512,-0.005825875409549606,-0.0068537598824899085,-0.17371813352910118
2022-05-05,-0.0161851196220919,-0.004999705365412669,-0.011185414256679226,-0.10171107474779209
2022-05-06,-0.011933876555158866,-0.00439890141994646,-0.0075349751352124066,-0.019641362498078452
2022-05-09,-0.0069957014301989025,-0.0016343152943706645,-0.005361386135828237,0.28034478374426536
2022-05-10,-0.0011190762029927009,-5.7821449719087925e-06,-0.0011132940580207903,-0.15672724928404688
2022-05-11,0.01921877827917297,0.008010729080794851,0.011208049198378115,-0.10469317772617487
2022-05-12,-0.009877216119087519,-0.004276133711017124,-0.005601082408070394,0.18144173621948806
2022-05-13,-0.0069397782511669585,-0.0035702867498247134,-0.003369491501342246,-0.03589787243713281
2022-05-16,0.010912694469443391,0.005090365338366055,0.005822329131077336,0.24596638664826684
2022-05-17,-0.002062667705962151,-0.001154627119078609,-0.0009080405868835415,-0.07238286034034941
2022-05-18,0.016071439370922667,0.006014164517166517,0.010057274853756154,-0.11008758036513712
2022-05-19,-0.004195150845522334,-0.0004425888625832846,-0.0037525619829390506,-0.2030219164887312
2022-05-20,-0.006491095424733572,-0.0030003474691571,-0.003490747955576472,0.17508567533459024
2022-05-23,-0.012743424018394716,-0.0033664071051899094,-0.009377016913204805,-0.032119656531072474
2022-05-24,0.01369056626039021,0.008149828338074587,0.005540737922315627,0.0434719925998921
2022-05-25,-0.00230822946417199,-0.0014003859260409172,-0.0009078435381310729,0.20918043610750367
2022-05-26,0.0033321466396843925,0.004111935190820242,-0.0007797885511358522,0.1287223156192357
2022-05-27,0.018211913825822296,0.0059095879887989585,0.012302325837023337,-0.12060027221948626
2022-05-30,0.010003496052556491,0.002291855154686822,0.00771164089786967,-0.0933448611921099
2022-05-31,-0.010396510653058466,-0.005129468501555535,-0.005267042151502931,0.0922345437051846
2022-06-01,-0.007668983045177781,-0.003429769876754321,-0.00423921316842346,-0.09921167402641594
2022-06-02,0.006711294030134733,0.003364631308388333,0.003346662721746399,0.15674761234500278
2022-06-03,-0.006162621135819665,-0.0024821345172116246,-0.0036804866186080374,0.05064283076760312
2022-06-06,0.008992195100896945,0.003915663089924481,0.005076532010972464,0.1290490177879361
2022-06-07,0.002888371768775299,0.0005935195798288185,0.002294852188946481,0.08072134155689115
2022-06-08,0.0074831917769312885,0.00199661582062446,0.005486575956306828,0.08371873539703538
2022-06-09,0.004411941961965288,0.001494690785396293,0.0029172511765689964,0.2350031189730032
2022-06-10,0.005086744637369689,0.0027762372132796673,0.002310507424090022,-0.011614897188768566
2022-06-13,0.013376581743658418,0.004503471238380805,0.008873110505277611,0.0490092696661367
2022-06-14,-0.0006589643215927402,-0.0006333164530482579,-2.5647868544481298e-05,0.08714420041227554
2022-06-15,0.0031091222508391084,0.0025596853310215243,0.0005494369198175849,0.045854202672285134
2022-06-16,0.005005640833966224,0.0015830381199602624,0.0034226027140059623,0.03555165798569548
2022-06-17,0.0025667079342933056,-0.00014991496651378243,0.002716622900807088,-0.08829411594676141
2022-06-20,0.0017394950302717092,0.0007774669728938446,0.0009620280573778648,0.06001644248450564
2022-06-21,-0.003918680508924769,-0.0009585346174454932,-0.0029601458914792753,-0.139863073057684
2022-06-22,0.002927142536656166,0.0006884984768999293,0.002238644059756237,-0.038852855625500976
2022-06-23,-0.008555565742531848,-0.0027141931920946784,-0.005841372550437168,-0.0622050952547229
2022-06-24,-0.0024582575611553515,-0.0010535794621445815,-0.00140467809901077,0.016867860846165216
2022-06-27,-0.0036183892302628622,-0.0019313083732556795,-0.0016870808570071828,0.07573254330254568
2022-06-28,0.001020742437286383,0.00033701978453837473,0.0006837226527480084,0.24348631535180473
2022-06-29,0.0045385610675770125,0.0010283852792420623,0.003510175788334949,-0.19391543189475322
2022-06-30,0.01547044293977327,0.0038312329110676765,0.011639210028705594,0.17066344120389054
2022-07-01,-0.010253414240451779,-0.005565882853856457,-0.004687531386595323,-0.2507561239950848
2022-07-04,0.009473620431660747,0.004411049263462384,0.005062571168198367,0.1836532030382872
2022-07-05,-0.013369734576896601,-0.005852534423753989,-0.007517200153142611,-0.2000503244000504
2022-07-06,0.010053956977082393,0.0029492595171444424,0.0071046974599379515,0.0005731112868612609
2022-07-07,-0.011042625691542745,-0.0033202224587463277,-0.007722403232796417,-0.13015607202997237
2022-07-08,-5.462319028419049e-07,-0.000794125220879841,0.000793578988976998,-0.05436334853773594
2022-07-11,-0.006267081088609379,-0.001822454057911761,-0.004444627030697619,0.23094850488105642
2022-07-12,-0.0030548511523773927,-0.0006397769684814909,-0.002415074183895902,-0.1796901814760965
2022-07-13,0.013894837884359853,0.004905905542602647,0.008988932341757206,-0.268459835864012
2022-07-14,-0.008962190848800726,-0.0031562502879921607,-0.005805940560808565,-0.06408162203882836
2022-07-15,-0.01681709804462871,-0.005185631294167966,-0.011631466750460742,0.34291556829908
2022-07-18,-0.003543792518852621,0.0002850591172886413,-0.0038288516361412624,0.35652014772173146
2022-07-19,0.02213464285209313,0.007338625080311512,0.014796017771781623,0.03066687278412077
2022-07-20,0.024429634161146664,0.009731157230478129,0.01469847693066854,0.11530855570342118
2022-07-21,0.001689725070375413,-0.002402970043725125,0.004092695114100538,-0.10732135717525088
2022-07-22,0.006607118260383904,0.001482983774080422,0.005124134486303481,-0.00533239147133596
2022-07-25,-0.005817067893349346,-0.0032624630516384697,-0.002554604841710875,0.0826298910774062
2022-07-26,-0.00028702745783195423,-0.0007410706802984772,0.00045404322246652383,-0.0414477681412716
2022-07-27,0.0048362494560060115,0.0002665512713878439,0.0045696981846181685,0.1547765592953983
2022-07-28,-0.002091428197384206,-0.0016738742699703125,-0.00041755392741389327,-0.011202866262667675
2022-07-29,0.007684937822540191,0.00261048568644466,0.00507445213609553,0.21064273834656555
2022-08-01,-0.0004906029591087556,-0.0004753787833216474,-1.5224175787108274e-05,0.04492659300571376
2022-08-02,0.009520323738770556,0.0035118700724787824,0.006008453666291772,-0.07634432699495433
2022-08-03,0.0022035109367539163,0.0006036109375892175,0.0015998999991646986,0.03665392151792885
2022-08-04,-0.0037824646647441475,-0.002465985126207969,-0.001316479538536179,0.08086565741256778
2022-08-05,0.0019360022331448804,0.0004139595445075261,0.001522042688637355,0.2057807914356039
2022-08-08,0.004009354739894909,0.0019912468221753177,0.0020181079177195903,-0.050972174674243205
2022-08-09,0.011606307026060109,0.00564677841735673,0.005959528608703377,-0.08854896667190128
2022-08-10,-0.0028295745784674784,-0.0016794514223236853,-0.0011501231561437935,0.10428456294913052
2022-08-11,-0.004513865661015098,-0.002955428268853627,-0.0015584373921614706,0.21080082889314142
2022-08-12,0.004328284490616114,0.0016023499338070819,0.0027259345568090318,0.13655731762191373
2022-08-15,0.010662500303562455,0.0034851951013566817,0.007177305202205771,0.22835030234046935
2022-08-16,0.006413572993627166,0.003134475825579071,0.003279097168048094,-0.08199549100985935
2022-08-17,0.010538422957795595,0.004169077016605874,0.006369345941189722,0.003927058151430104
2022-08-18,-0.004407969165530065,-0.0033408811407253606,-0.0010670880248047042,0.04536874924057725
2022-08-19,0.00022142162118969134,0.001234946281166334,-0.001013524659976642,-0.025665956752164574
2022-08-22,0.002313276721588784,0.0014441015100185861,0.0008691752115701969,-0.013793932220734337
2022-08-23,-0.001460703209050832,-0.0026050696494418577,0.0011443664403910257,0.20434037617482778
2022-08-24,-0.0007043216624897388,-0.0009123904805045224,0.00020806881801478314,0.034513516569837914
2022-08-25,0.010422589302466409,0.004851393868583962,0.005571195433882447,-0.1062123445250365
2022-08-26,0.0013997401436718156,0.0009338643497798657,0.0004658757938919495,0.01959798834328238
2022-08-29,-0.005194952897118113,-0.001516848108085556,-0.0036781047890325574,0.13124403539622845
2022-08-30,0.0010415681211034253,0.0005571976951183437,0.00048437042598508187,0.09498431809948314
2022-08-31,0.006861825861584687,0.002452934639430052,0.004408891222154636,-0.02637707065648128
2022-09-01,0.004456386623353082,0.0014800015559172238,0.0029763850674358583,0.0880786045325878
2022-09-02,-0.0012044193901957585,0.0001349250908070799,-0.0013393444810028366,0.09572913366642491
2022-09-05,0.0033221440701259254,0.0011966890007089584,0.0021254550694169675,0.0421175850196111
2022-09-06,0.003994291863445889,0.002146203242795703,0.0018480886206501852,0.10678071364389435
2022-09-07,0.001991151152390324,0.0008391578907881916,0.0011519932616021328,0.052241049026775316
2022-09-08,0.004416047847919552,0.0020493515317395357,0.002366696316180016,0.007358199348587635
2022-09-09,0.002528236624455337,-6.39416386132817e-05,0.0025921782630686195,0.21026623942050937
2022-09-12,0.0003233803774883442,-0.001043049455123372,0.0013664298326117163,0.036378429285493445
2022-09-13,0.00959171344233967,0.003930181438125433,0.005661532004214237,-0.3029279114934864
2022-09-14,0.0015986401205805541,0.0009371364246958383,0.0006615036958847152,0.0633854267928795
2022-09-15,-0.018920702878714085,-0.006929777235990393,-0.01199092564272369,0.062116723294062516
2022-09-16,0.0030613768340952297,0.0008639306178929405,0.002197446216202291,0.25137374212520974
2022-09-19,0.0033498279529875145,0.0016971327743379022,0.0016526951786496123,0.041402645454868436
2022-09-20,0.01574093587903249,0.005898746062554149,0.009842189816478341,-0.12329471795105391
2022-09-21,0.002455886729593468,-0.0016203700509043826,0.0040762567804978524,0.05995772712831251
2022-09-22,-0.007548970651051477,-0.005183441024595701,-0.0023655296264557778,0.08716589661011756
2022-09-23,0.0035531792047490307,0.0004568170507687915,0.003096362153980239,0.08844245330425514
2022-09-26,0.004148692753387221,0.0025242582283664314,0.00162443452502079,0.08158031476518125
2022-09-27,0.004432480465512781,0.0007303225795610552,0.0037021578859517254,0.0827932090946465
2022-09-28,0.004302111117253128,0.0005395740650064665,0.0037625370522466617,-0.08555306517469778
2022-09-29,0.003936247329410853,0.0010711782816565148,0.002865069047754339,-0.011539048387365585
2022-09-30,-0.004508472200458829,-0.0025303142380748,-0.0019781579623840287,-0.19335377054357514
2022-10-03,-0.0004496088026068898,-0.00012794270198412602,-0.0003216661006227653,0.17151455464471324
2022-10-04,-0.009983985082646828,-0.004715851563317011,-0.0052681335193298165,0.16902529370542152
2022-10-05,0.008942766592627945,0.0026070584475415236,0.006335708145086424,0.09754475394783967
2022-10-06,0.007562359125779069,0.0032774126018484248,0.004284946523930644,-0.08041971525365371
2022-10-07,0.004280637881624314,0.0019608441877713174,0.0023197936938529964,0.01450114083509253
2022-10-10,-0.00349134497150326,-0.0012988535301440927,-0.0021924914413591675,0.10418020270423144
2022-10-11,0.0006617326883825104,-0.0006389409464139224,0.001300673634796433,0.08633294133183717
2022-10-12,0.004622239112179431,0.0011619027393580022,0.003460336372821429,0.1376055133233354
2022-10-13,0.0037979799286075137,0.0022983092539632516,0.0014996706746442613,-0.02586534530006244
2022-10-14,0.005464516790477511,0.002205026504158483,0.003259490286319028,0.10818291245275766
2022-10-17,-0.001044615469718507,0.0003261152044672826,-0.0013707306741857894,-0.18570692051123405
2022-10-18,0.005438672007076376,0.0021819988728171147,0.0032566731342592633,0.17573569441725834
2022-10-19,-0.008505374666134755,-0.0014991944504376157,-0.007006180215697138,-0.029105084239503937
2022-10-20,0.007960656559521082,0.003261027216508755,0.004699629343012326,-0.13061342571391235
2022-10-21,-0.001343373431990578,-0.00039665490530937453,-0.0009467185266812039,-0.09400924686301915
2022-10-24,-0.006193385685602285,-0.003646135899055058,-0.00254724978654723,-0.06350061650425196
2022-10-25,-0.005320232034073327,-0.0023256337306164264,-0.002994598303456901,-0.1547271655644429
2022-10-26,-0.0035826994900449802,-0.0028447881585125776,-0.0007379113315324023,0.013004432840211997
2022-10-27,-0.008216039101610912,-0.003494305202180778,-0.0047217338994301325,-0.27171134971341554
2022-10-28,0.0005965734698636801,-0.0009139801093350454,0.0015105535791987259,0.13555051904176588
2022-10-31,-0.013243569665428376,-0.0044318535704095325,-0.008811716095018846,0.07318831513371575
2022-11-01,0.007685481658838962,0.0019086523695298072,0.005776829289309155,0.008354784527615924
2022-11-02,0.0032989480034567274,0.0010770214565094223,0.002221926546947305,0.14429973654320807
2022-11-03,0.0004040321130988115,0.0017033085967320429,-0.0012992764836332327,0.26744331114807673
2022-11-04,0.006948768982646141,0.00266478258920689,0.00428398639343925,-0.012555492948068202
2022-11-07,0.014915719138863841,0.004884650134130178,0.010031069004733665,-0.027829764335139992
2022-11-08,-0.0006989908927379324,0.0027203193298729195,-0.003419310222610855,-0.04224006714114924
2022-11-09,-0.0016019709069272458,-0.002771191958256383,0.0011692210513291335,-0.08906064927005276
2022-11-10,-0.002424062098491121,-0.00339042361303161,0.000966361514540489,0.05559334576403419
2022-11-11,-0.004904818219148913,-0.0024459211847135194,-0.0024588970344353936,-0.1564550111285396
2022-11-14,0.004114301986400215,0.001965271187261853,0.002149030799138363,0.09616950603657595
2022-11-15,-0.011125843591211097,-0.003289755363566826,-0.007836088227644271,0.10846124535069018
2022-11-16,0.005539968456325844,0.002255729791869579,0.0032842386644562644,0.2166588233224388
2022-11-17,0.004798794966012258,-0.00033273982402309143,0.00513153479003535,0.028819778655266096
2022-11-18,0.011137970045009516,0.004006242373587245,0.007131727671422271,-0.06834544799980263
2022-11-21,0.001435563282948279,0.000898390295073187,0.0005371729878750914,-0.05515622774861202
2022-11-22,-0.0035232424078230967,-9.299272608424836e-05,-0.003430249681738849,-0.1414617828171918
2022-11-23,-0.0028233709606183244,-0.0009370737283356809,-0.001886297232282644,0.16070211836356943
2022-11-24,-0.007993466919006612,-0.0027000375970845994,-0.005293429321922013,0.08346375307692779
2022-11-25,0.008256319071517625,0.003703919636920138,0.004552399434597487,-0.039184852725084506
2022-11-28,0.0038018275876678604,0.0007352621317284326,0.0030665654559394267,-0.15721301819977357
2022-11-29,-0.0019449189201724256,-0.002723796154562459,0.0007788772343900342,0.049165015278236815
2022-11-30,-0.006859465339761354,-0.003440387708395432,-0.0034190776313659218,0.11563995141294038
2022-12-01,0.0023677288551409966,-0.00012986326373367729,0.0024975921188746734,-0.09851796728642218
2022-12-02,0.00518984585006684,0.001839615089819206,0.0033502307602476323,-0.07040892776357545
2022-12-05,-0.004559075899770344,-0.0030992313091456267,-0.0014598445906247176,0.19464079579700574
2022-12-06,-0.0034370884866060333,-0.0028832551701465977,-0.0005538333164594351,0.06757193969353226
2022-12-07,0.009975853697801313,0.004666294691747822,0.005309559006053491,0.07954529275857015
2022-12-08,0.0033968090315590147,0.0014279415933037502,0.0019688674382552646,0.21847222012910766
2022-12-09,0.003846738409980236,0.00020071663859786391,0.003646021771382372,0.0015489098795378662
2022-12-12,0.010213064414770448,0.005019242533544096,0.0051938218812263535,0.02753369435704909
2022-12-13,9.084620908414117e-05,-0.000875275031235239,0.0009661212403193808,-0.042124458537332356
2022-12-14,0.0012292992880100137,-0.0005837701936489302,0.0018130694816589433,0.012679013025817558
2022-12-15,-0.0018397687272004304,-9.786708075920983e-05,-0.0017419016464412214,-0.028758657655352484
2022-12-16,0.0005919487104183007,0.0009869355498824282,-0.0003949868394641275,-0.06900888786830063
2022-12-19,-0.001658962295123773,-0.0005787481581476222,-0.0010802141369761487,0.12803516503305812
2022-12-20,-0.0035707454039245762,-0.0024330110600304165,-0.00113773434389416,0.023689904540402568
2022-12-21,0.006516874486337747,0.004458975594126051,0.0020578988922116924,-0.08524223230390492
2022-12-22,0.0011983984784331523,-4.4102268260825736e-05,0.0012425007466939798,0.03570108984976211
2022-12-23,-0.00439220536277925,-0.0017995316411584274,-0.0025926737216208223,-0.10340782984181628
2022-12-26,0.0019861233793210865,0.0021490884676578087,-0.00016296508833672264,-0.006229281666999593
2022-12-27,-0.004801647988638243,-0.002362022760526229,-0.0024396252281120145,0.05833347078537671
2022-12-28,-0.0002760569978402157,-0.0013582444048471937,0.0010821874070069785,0.14528297142727956
2022-12-29,0.002557246058876116,0.00027755738127598767,0.0022796886776001273,0.13490656529092776
2022-12-30,0.0064864482564842545,0.0023097186276276192,0.004176729628856636,-0.04097725184532945
2023-01-02,0.0056488638870604265,0.002654262630193827,0.0029946012568666013,-0.10073883550144364
2023-01-03,-0.0017555187602000153,0.0004006376535311603,-0.0021561564137311754,0.19017197459100063
2023-01-04,-0.003935475076970076,-0.0015411790547173248,-0.0023942960222527515,0.07629942348492466
2023-01-05,0.007785862936750485,0.002540746351914855,0.005245116584835629,0.26378863749085124
2023-01-06,0.002980801580920959,0.001628057697726856,0.0013527438831941012,0.07618372243864291
2023-01-09,0.016468919869849937,0.0070446470184125165,0.009424272851437418,0.10697183580718082
2023-01-10,0.0037860849151865415,0.002222715618553338,0.0015633692966332043,0.05842039067218223
2023-01-11,0.004777238183835899,0.002582845644601364,0.002194392539234537,-0.09866636793420942
2023-01-12,0.0025342176627133695,-7.568948848382055e-05,0.002609907151197191,-0.07530562992271557
2023-01-13,-0.0054468715559099585,-0.0029089287261205403,-0.002537942829789419,0.08261348084706077
2023-01-16,-0.0035308371430320604,-0.002469955117089988,-0.0010608820259420722,0.15805041987902485
2023-01-17,0.004085931642633874,0.0002016351179999802,0.0038842965246338942,0.061089304510917965
2023-01-18,0.006788252387571136,0.0018551389604592589,0.0049331134271118765,0.07735790589862127
2023-01-19,0.00210236633972241,6.778546555106114e-05,0.0020345808741713493,0.03375868492749299
2023-01-20,0.0031746369952315627,0.0018747739609765689,0.001299863034254993,-0.033780244823895494
2023-01-23,0.0014177127827242806,0.001796679361619643,-0.0003789665788953671,-0.05684536207749171
2023-01-24,-0.0013501228158104928,-0.0004567623264855906,-0.0008933604893249019,-0.01831981534736647
2023-01-25,-0.002777421367575443,-0.0005519698042110062,-0.0022254515633644374,-0.16616537927441016
2023-01-26,-0.0007943907753682367,-0.0016692641597647155,0.0008748733843964799,0.09368352050805577
2023-01-27,-0.006480091754203291,-0.002434267046234375,-0.004045824707968916,-0.19959648669448699
2023-01-30,0.0038600407134427627,0.0013142040099434343,0.002545836703499328,0.12616916153110655
2023-01-31,-0.007763095207297379,-0.0024190280879495584,-0.005344067119347822,-0.06679757844663446
2023-02-01,0.005372133149522559,0.0031331716800539373,0.0022389614694686213,0.16835878949238692
2023-02-02,-0.003277400719487988,0.0020335760483589454,-0.005310976767846933,0.1270825393682229
2023-02-03,0.007723991307364216,0.0032413059290781147,0.004482685378286102,-0.11179665953953072
2023-02-06,0.006854647198778091,0.008013007418768286,-0.00115836021999019,-0.09813121209720242
2023-02-07,-0.005648509286732098,-0.0015848936937865859,-0.00406361559294551,-0.07872015547138747
2023-02-08,-0.00521538713038332,-0.004202454794395169,-0.0010129323359881516,-0.034102747952328316
2023-02-09,-0.004302535005184764,-0.00637720495469947,0.002074669949514704,0.12549332091013804
2023-02-10,-0.0020039634311687505,-0.0032680669820678993,0.0012641035508991485,0.1673758302223938
2023-02-13,0.007744020657449705,0.0035496607516604696,0.00419435990578924,-0.023760309964074598
2023-02-14,0.0087079378926746,0.005699488074896161,0.0030084498177784316,-0.01859788658892038
2023-02-15,-0.0017726514250070813,0.005181949317254582,-0.006954600742261667,-0.05153908762787272
2023-02-16,-0.0011244053168630202,0.0025157648702757857,-0.003640170187138806,0.04151228829172814
2023-02-17,-0.003121890494460693,0.0036613739863199726,-0.006783264480780669,0.0620538042394809
2023-02-20,0.004100683295093778,0.013238490749452554,-0.00913780745435877,0.007316023909099749
2023-02-21,0.0075969179386172325,0.006401742644708351,0.001195175293908883,0.10782695352873974
2023-02-22,0.0009641438076024018,0.0046638267429544265,-0.003699682935352026,0.11945206828594997
2023-02-23,0.01101170635630503,-0.006532326381237637,0.017544032737542667,0.07625758279547819
2023-02-24,0.010950868798596417,0.0018191613157778619,0.009131707482818555,0.1499316092975537
2023-02-27,0.004620585941599633,0.0011658711034735706,0.003454714838126062,-0.0017374127847234353
2023-02-28,0.008579170507244679,0.0015229651392708737,0.007056205367973807,0.14589035584456675
2023-03-01,-0.00011421435364327944,-0.0016328906915873964,0.0015186763379441172,0.08992999746048208
2023-03-02,0.009328837178859243,0.000835918983083158,0.008492918195776081,-0.11409809554207208
2023-03-03,0.005213462952083376,0.0010848634650465587,0.004128599487036817,0.04254726843276818
2023-03-06,-0.006330738785372566,-0.00429889220502987,-0.002031846580342698,-0.3363725980242515
2023-03-07,0.0034993474311428444,0.0070449106031277645,-0.003545563171984914,-0.13654298210538415
2023-03-08,-0.020074699108264996,-0.011353282086725272,-0.00872141702153973,-0.23907329160069443
2023-03-09,-0.007808469823960337,-0.00424290791083554,-0.003565561913124798,-0.027963600394082726
2023-03-10,-0.015025144132942364,-0.0068809272276317435,-0.00814421690531062,0.14442095771914018
2023-03-13,-0.0016236533651496636,-0.0008915868179339061,-0.0007320665472157588,0.3364004768702897
2023-03-14,0.007638445738479792,0.0025101008611120787,0.005128344877367714,-0.33329675105567197
2023-03-15,0.021860937505855306,0.008569180458498672,0.013291757047356639,-0.0411204163903678
2023-03-16,-0.01875847761765743,-0.00792151377196031,-0.010836963845697122,0.046274666539657415
2023-03-17,-0.0023172777549196745,-0.002805844280579204,0.0004885665256595291,-0.22354700721746443
2023-03-20,0.002822160278281991,-0.0005239115397000869,0.003346071817982077,0.18703681542000478
2023-03-21,-0.01201539054310121,-0.006760461704971853,-0.0052549288381293574,0.010793461372335174
2023-03-22,0.0097140987390591,0.0053382334152992,0.004375865323759899,-0.24921432479050232
2023-03-23,0.0005323998292717398,-0.000629930635121104,0.001162330464392845,0.08083137534306596
2023-03-24,-0.012257331745566308,-0.007380475305286859,-0.004876856440279451,-0.018651347357841623
2023-03-27,0.003922811020031133,0.0009062818437271056,0.003016529176304026,0.06035974278131095
2023-03-28,-0.0010944859175941088,-0.0025384073043679505,0.0014439213867738412,-0.03734350298331109
2023-03-29,0.0034675839345755955,0.00013297475967759655,0.003334609174897999,0.2595454370159509
2023-03-30,-0.002384510911455794,-0.00020065876022222137,-0.002183852151233571,0.17076892719952277
2023-03-31,0.01724501639184808,0.008732419985692314,0.008512596406155766,0.23319807740569215
2023-04-03,0.010894938895386426,0.004028263097516887,0.0068666757978695404,-0.2974995875631096
2023-04-04,0.016251351467647432,0.009962989058664967,0.0062883624089824786,-0.09314213006948231
2023-04-05,-0.01916627337885532,-0.010355103571443435,-0.008811169807411881,-0.01925253155774943
2023-04-06,-0.005821174200015251,-0.004785165726246091,-0.001036008473769159,0.1067038527658513
2023-04-07,-0.0012896943490887983,-0.0030706323420710765,0.0017809379929822795,0.10928166243073215
2023-04-10,0.006743194449555267,0.002003648781589773,0.004739545667965495,0.020906456041162844
2023-04-11,0.007317247411432589,0.0030353852963452416,0.004281862115087347,0.010232914694017048
2023-04-12,0.001431280103751786,0.00306231402280982,-0.0016310339190580316,-0.05876197872799854
2023-04-13,0.0005850077757202869,-0.001056199898518224,0.001641207674238511,0.025629972001655545
2023-04-14,-0.003560184205396594,-3.672740827956669e-05,-0.00352345679711703,0.017924771718919884
2023-04-17,0.0015526581335204334,-0.00020299849593235835,0.0017556566294527926,0.0037628961458743546
2023-04-18,0.001101200780124818,0.002115222656867758,-0.001014021876742939,0.03171091460811768
2023-04-19,0.00034234773475224495,0.006039075213101819,-0.005696727478349577,-0.027747709840031734
2023-04-20,0.002861219718518883,0.009403276154954919,-0.006542056436436038,-0.07171342708668484
2023-04-21,-0.0023840703118509915,-0.009056808348451482,0.006672738036600491,-0.14813353593508205
2023-04-24,-0.0046066937263355414,-0.0006435894681285246,-0.003963104258207017,0.15959530354139018
2023-04-25,-0.00995933032943944,-0.002256160454310311,-0.007703169875129129,0.19761688115642848
2023-04-26,0.012457389606714915,0.005101275928742176,0.007356113677972741,0.06056883677066669
2023-04-27,0.01299135323045265,0.003969330432810005,0.009022022797642646,0.017178125629745328
2023-04-28,0.003950822013264504,-0.00014533790739599053,0.004096159920660494,0.10597804787740076
2023-05-01,0.001069078136116547,-0.0010098465863406778,0.0020789247224572245,0.11867424937491118
2023-05-02,0.0076643096656411665,0.0037720839078419117,0.003892225757799253,-0.016161843753238356
2023-05-03,0.009169863822169591,0.0008304775178071024,0.008339386304362494,-0.1495130868278128
2023-05-04,-0.0010958225489216674,-0.0013032108672086642,0.0002073883182869959,-0.02921033878141856
2023-05-05,-0.009680110660844673,-0.005242556172987448,-0.004437554487857227,0.0010429677913974347
2023-05-08,-0.001753681297497809,-0.0015041089228124143,-0.0002495723746853947,-0.08375190820589787
2023-05-09,5.225615257497575e-05,0.0009633031528833089,-0.0009110470003083349,0.10692220828782036
2023-05-10,-0.0043260848835535,-0.001967662784205777,-0.0023584220993477234,0.006401055653369975
2023-05-11,0.0064664655479489425,0.0023866083912021732,0.004079857156746771,0.057699930955255115
2023-05-12,0.0004368208470018485,0.001754405776365998,-0.0013175849293641517,0.1252465016240249
2023-05-15,0.0032386739847733177,7.079606215247818e-05,0.0031678779226208403,0.13061837659865735
2023-05-16,0.00695865194876003,0.0038287366188606746,0.003129915329899355,0.023259792603726157
2023-05-17,0.0074975366336902174,0.0038382950979919295,0.0036592415356982884,-0.1308983718508185
2023-05-18,0.0015249841797768434,-0.0017005858485103376,0.003225570028287184,0.04651709364460409
2023-05-19,-0.008379292740687333,-0.002493162813634364,-0.005886129927052969,0.06330282014781956
2023-05-22,0.002351298588513766,0.0013041404053349536,0.0010471581831788136,0.056255763413331626
2023-05-23,0.003436769737632732,6.0840425674738886e-05,0.003375929311957993,0.06956562256748768
2023-05-24,0.003000225065836686,0.003244862670211863,-0.0002446376043751773,0.011786126646849956
2023-05-25,0.0043508085090398765,0.0009691787494970037,0.0033816297595428736,0.018558498326152875
2023-05-26,0.0007127513538566143,0.0009324574153273934,-0.00021970606147077906,-0.01681688246911057
2023-05-29,0.0010166877383056645,0.0011234664640130277,-0.00010677872570736234,0.1983465066678541
2023-05-30,-0.000864310377874206,-0.0008797909992635999,1.5480621389393886e-05,0.12203922795798282
2023-05-31,0.010272279908852471,0.0039021283467676627,0.00637015156208481,0.057376619413907023
2023-06-01,0.006667603927277654,0.0013579080551396122,0.005309695872138043,-0.04030619575409604
2023-06-02,0.0036590929048262904,0.006216511077626462,-0.0025574181728001723,0.021611813680934493
2023-06-05,-0.002639989726073058,0.0006869748456630506,-0.0033269645717361076,-0.0040334947549225345
2023-06-06,0.0012257851914553447,0.0017733034288211266,-0.0005475182373657836,0.08594822451270293
2023-06-07,-0.00020327173384113119,0.006553295844758413,-0.006756567578599541,-0.12919113432086826
2023-06-08,0.005411646853547204,-0.0034271230689590336,0.00883876992250624,-0.08755559917190724
2023-06-09,-0.007137161069328445,-0.0011158628232766166,-0.00602129824605183,-0.07996666210064157
2023-06-12,-0.0044089042044984745,-0.0034366822083817094,-0.000972221996116766,0.05566648976226884
2023-06-13,-0.0036319498752423163,0.0009724000334149722,-0.004604349908657289,-0.07230802136112191
2023-06-14,0.0024621464773214446,0.001325505841092131,0.0011366406362293138,-0.022222774395546763
2023-06-15,-0.003667762055926312,0.0006267635815268326,-0.004294525637453144,0.046687550196359034
2023-06-16,-0.0011123703402519142,-0.0022500959852331665,0.0011377256449812516,0.05301971767891362
2023-06-19,0.0023557853575869197,5.183707702279862e-05,0.0023039482805641207,0.025023423731220174
2023-06-20,0.0027347833318453686,0.0033932936374231927,-0.0006585103055778245,0.10028483597727025
2023-06-21,0.0011843135103763477,0.00026850199082484175,0.0009158115195515053,0.2410202618403493
2023-06-22,0.006100785808317904,0.005559530887408182,0.0005412549209097145,0.017213500884033086
2023-06-23,0.014720972924556226,0.0035499268354345455,0.01117104608912168,0.10953706738325578
2023-06-26,0.0012187293281122375,-0.0022590146140949417,0.0034777439422071822,-0.19474605124894828
2023-06-27,0.00496842950294832,0.0026947093889902116,0.0022737201139581067,0.07037848719344933
2023-06-28,-0.010561998857680562,-0.0052696741606116735,-0.005292324697068888,0.0885038445792809
2023-06-29,0.0037835885317482527,-0.0007173098593419146,0.004500898391090168,0.22180091142159206
2023-06-30,0.005702597994804134,-0.00014981314702048687,0.005852411141824621,-0.0001590214908067896
2023-07-03,0.013447032407254542,0.005386654249518424,0.008060378157736118,0.030115767227487038
2023-07-04,-6.7449175171040024e-06,0.004024597620045329,-0.004031342537562436,-0.0012352424371105538
2023-07-05,0.001475360917545977,-0.0014816524642577104,0.002957013381803689,-0.20979824126886812
2023-07-06,-7.162614744449887e-05,0.0036175825769000775,-0.0036892087243445733,0.007856083740208486
2023-07-07,-0.01311589693874013,-0.005719687594972184,-0.007396209343767942,-0.010726250381137416
2023-07-10,0.0005197855787699795,0.002558108602528938,-0.00203832302375896,0.10033680796649243
2023-07-11,-0.000596689932114742,-0.004036231641374441,0.0034395417092597004,-0.011704525992022312
2023-07-12,0.005154577164247073,0.0022238021558759484,0.002930775008371126,-0.07819280533753539
2023-07-13,-0.0006098298224482587,0.0017333453407690595,-0.002343175163217316,0.1880338576886597
2023-07-14,-0.004052065705269922,-0.0006621041456156907,-0.0033899615596542304,0.0118587440681925
2023-07-17,0.010686537102991004,0.004410096759168676,0.006276440343822328,0.03320728449394067
2023-07-18,0.0006172240664478433,0.0013169106573213995,-0.0006996865908735557,0.020740829217158214
2023-07-19,0.0016120150770920802,-0.00014968810283013832,0.001761703179922219,0.1459104490932449
2023-07-20,0.0010868973658958547,-0.0004025501517313447,0.0014894475176271999,0.06676045656407469
2023-07-21,0.009154038619261388,0.0029283100801477877,0.006225728539113601,0.048775033805568975
2023-07-24,0.00379249654852787,0.002453139843661384,0.001339356704866488,-0.056467492117283566
2023-07-25,0.002586536766639563,-0.0006815862024327694,0.0032681229690723324,-0.0779217095313618
2023-07-26,-0.0029178216949815317,-0.0028340159106818464,-8.380578429968699e-05,-0.06519736097183126
2023-07-27,-0.004688999564328753,-0.0030980573139542823,-0.0015909422503744715,-0.06778488198696896
2023-07-28,-0.003679241971581936,-0.0024523013806702137,-0.0012269405909117225,-0.1308059941371616
2023-07-31,-0.004083528064485541,-0.0039882388840189464,-9.52891804665984e-05,0.11966075669616291
2023-08-01,-0.006622103682730011,-0.004148371646369959,-0.0024737320363600523,0.2782260110489822
2023-08-02,0.007438173174259985,0.002708037465289751,0.004730135708970235,-0.031231393251215104
2023-08-03,0.018557546200895197,0.008007445858241844,0.010550100342653357,-0.01156698900219761
2023-08-04,-0.0017493868268608586,-0.0031343785981400515,0.001384991771279192,0.23826538711620324
2023-08-07,-0.0006588640816601202,0.00011188659494147874,-0.0007707506766015979,0.1855644232323661
2023-08-08,0.013894132536686758,0.003732630098462207,0.010161502438224551,0.04554196878123734
2023-08-09,0.009836578024987525,0.005025584522177593,0.004810993502809932,0.009176156060570788
2023-08-10,0.0027477393096303543,0.002813595159177165,-6.585584954680972e-05,-0.04514018641486447
2023-08-11,0.0003732078273986062,-0.00023524291275106145,0.0006084507401496672,-0.000598799473693272
2023-08-14,-0.0023399390487278586,-0.0014420659947269737,-0.0008978730540008849,0.04426980884874662
2023-08-15,7.877148670069629e-06,-0.001805012084932299,0.0018128892336023682,0.03263725859016151
2023-08-16,0.002720648563616296,0.001654948416746317,0.001065700146869979,0.050904874696876365
2023-08-17,0.0021371222915044625,-0.0007996282454822894,0.0029367505369867516,0.11418943806305658
2023-08-18,0.0026455530294756634,0.0027960639969205163,-0.00015051096744485293,0.12116459526398789
2023-08-21,0.006162602168502336,0.0024922971650587246,0.003670305003443613,0.0004335769541456374
2023-08-22,0.006895142843623573,0.004191871106772799,0.0027032717368507715,-0.02667701239681415
2023-08-23,2.6114474870964858e-05,0.0006046473928729671,-0.0005785329180020011,0.03374785378408818
2023-08-24,-0.0015909247014663566,-0.0031375862438547536,0.0015466615423883976,0.04087994609523229
2023-08-25,0.002068081877340637,4.501399623200314e-05,0.002023067881108634,-0.010411291978065666
2023-08-28,0.002316726202039616,-0.0002641140268428042,0.00258084022888242,-0.08349006172518751
2023-08-29,-0.0006118098195285506,-0.0017981481915197977,0.0011863383719912472,-0.0175380232737325
2023-08-30,-0.003975251517937711,-0.001982247108607265,-0.001993004409330451,-0.1392936034089385
2023-08-31,-0.001061541620371515,-0.0001256058179418991,-0.0009359358024296147,0.10955930419963524
2023-09-01,-0.0069362215983975115,-0.0040696628668464956,-0.0028665587315510176,-0.000575492609537681
2023-09-04,0.005503721857589755,0.0033291840737619816,0.0021745377838277725,0.15005632252674309
2023-09-05,3.045697295319587e-05,-0.002120028304071016,0.0021504852770242115,0.15226366692556978
2023-09-06,0.008159123770080498,0.003742745751036263,0.004416378019044239,-0.027125807698524077
2023-09-07,0.008164084905116036,0.0026121217980878547,0.005551963107028182,-0.069006701409883
2023-09-08,-0.0016429159213034394,-0.0020251160423124027,0.0003822001210089638,0.11058721176466348
2023-09-11,-0.003924905443911965,-0.0001435221837739727,-0.0037813832601379925,0.2532708461088213
2023-09-12,0.005651604276156037,-0.00016739430552202152,0.00581899858167806,0.03282778483490012
2023-09-13,0.013833648608706912,0.0066767266521935405,0.00715692195651337,-0.0564991780448501
2023-09-14,0.0018607923262397073,0.0025697414791921074,-0.0007089491529524003,-0.02396003252976651
2023-09-15,-0.0029999966601627214,-0.005869479643169525,0.0028694829830068005,0.004883826886378591
2023-09-18,-0.0014781442910311994,-0.0010312909656962077,-0.0004468533253349917,-0.012067628648545362
2023-09-19,0.0002448468158362375,-0.0008389245456038343,0.0010837713614400722,0.012337426549918932
2023-09-20,-0.0005536109972665472,-0.0024925604327511106,0.0019389494354845604,-0.10717281828660331
2023-09-21,0.0006889882480676202,-0.000996088429871372,0.001685076677938992,-0.2785121829538899
2023-09-22,-0.006982476742883702,-0.004493208585957205,-0.0024892681569264885,-0.3468926095054813
2023-09-25,-0.01996653249338786,-0.009326670108421906,-0.010639862384965948,-0.3471137205900584
2023-09-26,-0.031117570381443957,-0.021573025237140622,-0.009544545144303335,0.1661486379193499
2023-09-27,-0.04090186484802697,-0.02407270953334495,-0.016829155314682015,0.27918234447042795
2023-09-28,0.01911411192243115,0.01914979766152368,-3.568573909253081e-05,0.37584734858951446
2023-09-29,0.02583528559699652,0.008248351510777708,0.01758693408621882,-0.3077255722702191
2023-10-02,0.030898798017919685,0.016841266620140797,0.014057531397778884,0.042499948457134555
2023-10-03,-0.022359482696058752,-0.011712775518124142,-0.01064670717793461,0.08362239985252856
2023-10-04,0.002728391623944785,0.0026236100286870477,0.00010478159525773717,-0.2236610787598406
2023-10-05,0.005723255030065329,0.00026969334717264794,0.005453561682892681,-0.3768702739573138
2023-10-06,-0.015431410162176586,-0.0044114443923672095,-0.011019965769809376,-0.3648214814898178
2023-10-09,-0.02474129012649589,-0.009385836758132385,-0.015355453368363511,0.22813615591956266
2023-10-10,-0.030718934842256344,-0.013784409634264387,-0.016934525207991956,0.16079995272838396
2023-10-11,0.019643975751801594,0.0050881630495725645,0.014555812702229026,0.1677321423708028
2023-10-12,0.011639338511177641,0.002988726470717764,0.008650612040459879,-0.0774731486935796
2023-10-13,0.012048486314310176,0.00504048225160015,0.007008004062710026,0.03251239439236504
2023-10-16,-0.005551175034857319,-0.00687588520198942,0.0013247101671320996,-0.010519435136363884
2023-10-17,0.0028010344104993133,-0.004125505445155241,0.0069265398556545565,-0.10722977881598182
2023-10-18,-0.0010762739175503872,-0.001053153996111552,-2.3119921438836954e-05,-0.12561852537535728
2023-10-19,-0.00874569066422804,-0.006451720986016814,-0.0022939696782112266,0.32521472189188916
2023-10-20,-0.010353539510430677,-0.007182284299692799,-0.0031712552107378764,-0.094383422942124
2023-10-23,0.037910854555745235,0.018085426004694878,0.019825428551050357,-0.2991516656179451
2023-10-24,-0.0076962379072122375,-0.0047546892847252775,-0.00294154862248696,0.0057948447241487734
2023-10-25,-0.02186090766242544,-0.01165509537735708,-0.01020581228506836,0.17909076739109994
2023-10-26,0.000451334245617923,-0.002945270526821378,0.0033966047724393,-0.09267769409766395
2023-10-27,0.014847698580314464,0.002723023501493175,0.01212467507882129,-0.23032964951564477
2023-10-30,-0.007320266642415526,-0.002854285224883718,-0.004465981417531808,0.1595019370169582
2023-10-31,-0.01970584833009358,-0.009455884377093684,-0.010249963952999895,-0.05914974449168063
2023-11-01,0.011430586438418718,0.004801753081651773,0.006628833356766943,0.20292692576742904
2023-11-02,-0.0038326304656256622,-0.0016987642613569044,-0.002133866204268757,0.18767313274947856
2023-11-03,0.014156512275955775,0.008974206677812409,0.005182305598143366,0.35888473683037037
2023-11-06,0.014163106543199681,0.006287378829454914,0.007875727713744767,-0.21594449898449136
2023-11-07,0.0377952227611229,0.016645478065909193,0.021149744695213708,-0.13638674017609123
2023-11-08,-0.015163032737670164,-0.007038334984867771,-0.008124697752802387,0.021589417341612863
2023-11-09,-0.008677907229193316,-0.0059233171788911805,-0.002754590050302135,0.11260749237478712
2023-11-10,0.0014079283224038238,-0.00010079970845681572,0.0015087280308606395,-0.0007459945039244504
2023-11-13,0.009270514988640018,0.006422429185159874,0.002848085803480137,0.2735041236671984
2023-11-14,-5.53391721884117e-05,-0.002910736724329335,0.002855397552140924,-0.10818623700642464
2023-11-15,0.021156657152335057,0.0083528798988755,0.012803777253459556,0.06253566877308794
2023-11-16,-0.007472269299439808,-0.0043118115211149,-0.0031604577783249065,-0.10740402974916673
2023-11-17,0.004179483490334363,-0.0009791687292788,0.005158652219613162,-0.023155730971235734
2023-11-20,-0.006971892127850461,-0.0033774970124863263,-0.0035943951153641334,0.04415706271512032
2023-11-21,-0.0015501096062701704,-0.004277287565815434,0.002727177959545267,0.10382879322873405
2023-11-22,0.002964480721879279,-0.0017427842810178664,0.004707265002897145,-0.05224066903657699
2023-11-23,0.007148186116117026,0.003923719215089952,0.0032244669010270746,0.2013133074504244
2023-11-24,-0.0034055389316612695,-0.0021383555013586783,-0.0012671834303025903,0.010210605732477554
2023-11-27,0.013128072839409498,0.003353635985306514,0.009774436854102984,-0.17332209604274323
2023-11-28,0.0006110870245814967,0.000693895752049322,-8.280872746782575e-05,0.09242726764065579
2023-11-29,-0.011618401007351066,-0.003732386098905251,-0.007886014908445814,-0.06751233458913734
2023-11-30,0.006455982498749721,-0.0017022986973238598,0.008158281196073579,0.009458600576157787
2023-12-01,-0.004536219098546552,-0.003766809038400286,-0.0007694100601462663,0.1320419068222446
2023-12-04,0.0007052733339010939,0.0012639051253778948,-0.0005586317914768012,0.2367383638097565
2023-12-05,0.009746636700024406,0.0013855626931844264,0.00836107400683998,-0.033812068197642584
2023-12-06,0.01849448956069684,0.012681961710982396,0.0058125278497144425,0.0016467450991343063
2023-12-07,-0.0022152869926228913,-0.0016246340827662867,-0.0005906529098566047,-0.14560818876710296
2023-12-08,0.00010957879140041258,-0.0002262722412109081,0.00033585103261132127,0.2572314790160026
2023-12-11,-0.008877571241709403,-0.003979472779805756,-0.004898098461903648,0.04422727820683491
2023-12-12,0.022675700559818095,0.014368403183433225,0.008307297376384873,0.1291831497019624
2023-12-13,0.0029351306983855254,0.0008419976628584579,0.002093133035527067,-0.20794696855817302
2023-12-14,0.009000786904334264,0.005356073681860019,0.0036447132224742412,0.08999743163596828
2023-12-15,-0.01255191715608772,-0.004831182591193561,-0.007720734564894159,0.1439254831590285
2023-12-18,0.005386359463528333,-0.0009215983939437119,0.006307957857472046,0.19116660256634713
2023-12-19,0.00879025952455546,0.004828129804717708,0.003962129719837752,-0.0016775659871538806
2023-12-20,0.013288474807386527,0.004911233369713157,0.008377241437673363,0.16655013695874954
2023-12-21,-0.00011784346224943596,3.048293029743812e-05,-0.00014832639254687072,0.17720213578981683
2023-12-22,0.013516875466345361,0.008694847869122495,0.004822027597222875,-0.1970001046083197
2023-12-25,0.01349524813540058,0.0031979670564019173,0.010297281078998662,-0.13314603509486034
2023-12-26,-0.013365001874121187,-0.0059636733643459484,-0.007401328509775238,-0.06444696068159984
2023-12-27,-0.007774805253497994,-0.0016019415102947103,-0.006172863743203285,0.14210300986610297
2023-12-28,-0.003734438928683993,-0.0008300206730623098,-0.0029044182556216837,0.1655201340669878
2023-12-29,0.01002742217225275,0.00653817653103023,0.0034892456412225215,-0.20149698312412537
2024-01-01,0.010120712452014397,0.003088033877487995,0.007032678574526402,0.0723904988320093
2024-01-02,-0.012492393157612906,-0.006446822540740749,-0.006045570616872158,0.04440605151403288
2024-01-03,0.00382292866719589,0.0009896803234382937,0.0028332483437575966,0.1321605919296943
2024-01-04,0.002284251144127083,0.0003415660833958282,0.0019426850607312546,-0.07870315160135516
2024-01-05,0.007545383917222808,0.00439198148487717,0.0031534024323456385,-0.03925189868086474
2024-01-08,-0.004184103268931492,-0.003015311156242705,-0.001168792112688788,0.04178590900383823
2024-01-09,-0.0023322428160178167,0.001763251330839675,-0.004095494146857493,0.1346620162060995
2024-01-10,0.0023280350689668717,0.0011578639648484896,0.0011701711041183834,-0.10412271183449018
2024-01-11,0.007319311176838012,0.0022698653638003594,0.0050494458130376525,0.2373281721510886
2024-01-12,-0.006904456390511644,-0.004062873558906941,-0.0028415828316047005,-0.10817941792992428
2024-01-15,0.017887252844754464,0.004816932115578988,0.013070320729175477,-0.3403081275485337
2024-01-16,-0.009331479756244869,-0.006270325946946599,-0.0030611538092982695,-0.010148788572550011
2024-01-17,-0.02218431020209739,-0.009487993965150175,-0.012696316236947214,-0.07928480433731297
2024-01-18,-0.0005712949850726185,-0.0009773959629063404,0.00040610097783371976,-0.07315191252677893
2024-01-19,-0.005271355343928273,-0.003774725281606252,-0.0014966300623220248,-0.25072362172445395
2024-01-22,-0.004531298872957018,-0.0019376553723210147,-0.0025936435006360023,0.21318584246667593
2024-01-23,-0.014831522498936711,-0.00556594314292627,-0.009265579356010441,-0.2474051953527426
2024-01-24,0.013197165950127552,0.005628563767393809,0.007568602182733742,-0.08254044836557434
2024-01-25,-0.018161228917039227,-0.00645675182263158,-0.011704477094407644,0.2609942174103615
2024-01-26,-0.0058906259366815795,-0.004372057955233681,-0.0015185679814479006,-0.40981173477761484
2024-01-29,0.018988466749130926,0.00977163238127671,0.009216834367854213,-0.056028271961410504
2024-01-30,-0.027790260003409794,-0.012154573933662411,-0.01563568606974738,-0.31176534133784156
2024-01-31,-0.003596527846691713,-0.002201575990970395,-0.001394951855721317,0.14929110788501646
2024-02-01,-0.02159694035207112,-0.008173699299563107,-0.01342324105250801,-0.021668649033216084
2024-02-02,0.01006173687895755,0.0019522892770823144,0.008109447601875236,-0.03673404667603535
2024-02-05,-0.001219093080131289,-0.0010958574713065775,-0.00012323560882471218,0.18047263994124194
2024-02-06,-0.00211358198453162,-0.0023991125754899423,0.0002855305909583213,0.45186463004400157
2024-02-07,0.012337993147832812,0.004730965930087214,0.007607027217745598,0.03692868207938413
2024-02-08,0.03674564203981062,0.017079846495408387,0.019665795544402235,-0.14437849787059312
2024-02-09,0.0025771486723366434,-0.0009021316974655784,0.0034792803698022222,-0.13900056380988016
2024-02-12,-0.009965745490778206,-0.005350198008403889,-0.0046155474823743135,-0.13679890271180134
2024-02-13,-0.008411093221438022,-0.0022213071040832386,-0.006189786117354785,0.04505229336626597
2024-02-14,-0.009072665058246113,-0.0037462249449616465,-0.005326440113284467,0.049456229176461
2024-02-15,0.002780109119837241,0.0012639805133243115,0.0015161286065129287,-0.028593744202816265
2024-02-16,0.0029023809376276365,-0.0005392047134198134,0.0034415856510474495,0.03951223595961192
2024-02-19,-0.001509026432610468,-0.0018726308464762902,0.00036360441386582183,0.22583387080000475
2024-02-20,0.002429331333707396,5.601120080240846e-05,0.0023733201329049877,-0.004759594323413273
2024-02-21,0.01462449105998628,0.006459887255362092,0.008164603804624188,-0.02187681468354463
2024-02-22,-0.0003141425849139902,-0.0014612985612136448,0.0011471559762996526,-0.005550895023987171
2024-02-23,-0.0012005471436177,8.824447572773272e-06,-0.0012093715911904732,0.0768390402054032
2024-02-26,-0.00027539304116037987,-0.0005422692335296875,0.00026687619236930764,0.12295565585375166
2024-02-27,0.003989409436982034,0.0009105446121514659,0.0030788648248305673,0.11084392865954225
2024-02-28,0.007642728123415476,0.0028972403839863372,0.004745487739429139,-0.005173373962716896
2024-02-29,0.007233123643278606,0.0022209283598716763,0.005012195283406929,0.24558877830075354
2024-03-01,-0.0003507835414501199,0.0018655869920729939,-0.002216370533523115,0.05316009669752341
2024-03-04,0.01674894336669036,0.0043532715793348255,0.012395671787355535,0.13277699606466367
2024-03-05,0.0028092432945277124,0.0007981843923234805,0.002011058902204231,0.028064721539805576
2024-03-06,0.007691489316998576,0.004484012672777628,0.00320747664422095,0.06498991793919685
2024-03-07,0.001551702897758377,0.0022091166380201113,-0.0006574137402617329,-0.1284848810632714
2024-03-08,0.0037623251940955517,0.004231191209534139,-0.00046886601543858625,-0.023967159924556673
2024-03-11,-0.006881972978565642,-0.004521080783448242,-0.0023608921951174013,0.10975185686893013
2024-03-12,-0.0011298076258087423,0.00013635629911450337,-0.001266163924923245,0.1591823633593497
2024-03-13,0.006224634581374559,0.0007658958812491183,0.005458738700125441,-0.02028943831977902
2024-03-14,0.01967157766404224,0.020291700352983152,-0.0006201226889409189,0.021208636864702313
2024-03-15,-0.0023981927642525193,-0.0012300655489567648,-0.0011681272152957547,-0.010929775740466257
2024-03-18,0.0015402380043987025,-0.001319071705012883,0.002859309709411586,-0.003999316497033739
2024-03-19,-0.000651408024369913,-0.0007076291987703626,5.6221174400451074e-05,-0.09765197436463781
2024-03-20,-0.0002646595447669281,0.001011409967974752,-0.0012760695127416802,0.019452958409797372
2024-03-21,-0.005294274238650519,-0.004635938854658319,-0.0006583353839922021,0.03491211063178066
2024-03-22,0.0011203564708880656,-0.0008754719431441834,0.0019958284140322493,0.00942157251100852
2024-03-25,0.001883645591089389,0.0012180169115355056,0.0006656286795538834,0.20528369983020897
2024-03-26,0.0004832592527298916,-0.0005888200331043893,0.0010720792858342804,-0.1651458707118888
2024-03-27,0.012143011862535693,0.004902106967195851,0.007240904895339841,-0.016523171985783916
2024-03-28,-0.010370009444507914,-0.004298817360582928,-0.006071192083924985,0.05794809111876351
2024-03-29,-0.0010668851451712783,-0.002192146502188314,0.0011252613570170355,0.04603411496080001
2024-04-01,0.0038615443288789507,0.0030335282800972264,0.0008280160487817252,0.05990846239883349
2024-04-02,0.002897642233090022,0.00043809426515504894,0.0024595479679349747,0.03222429007300498
2024-04-03,0.003640689572629499,0.0016911137779549858,0.0019495757946745133,0.03537785333361634
2024-04-04,0.0025597203010267336,0.0034086049731455233,-0.0008488846721187888,-0.034174772990374885
2024-04-05,0.0024875560612170233,0.0015441387835223894,0.0009434172776946344,-0.09833341631386722
2024-04-08,-0.0023636644433036886,-9.467832172120865e-05,-0.002268986121582479,0.1289676041590744
2024-04-09,-0.006119643486586491,-0.005365827428884428,-0.0007538160577020628,-0.04978976190607599
2024-04-10,0.00664831888634819,0.0012501473388888138,0.005398171547459375,0.07298761920657211
2024-04-11,-0.0028348974970439345,-0.0034056174297902803,0.0005707199327463462,-0.22949353111606238
2024-04-12,0.0037495591008023586,0.0007161447505578435,0.0030334143502445156,0.13162840452762503
2024-04-15,-0.01196944188577272,-0.005315299756703095,-0.0066541421290696266,0.11857646251230855
2024-04-16,0.006978271301703516,0.003379232773385987,0.0035990385283175283,0.19393421200324276
2024-04-17,0.0054953060987572916,0.001976576085663874,0.0035187300130934173,-0.11846622467451638
2024-04-18,0.010383185478051535,0.004529675143779726,0.005853510334271811,0.015710315600618096
2024-04-19,-0.006001239049748193,-0.003343628613555527,-0.0026576104361926657,0.018155792082294273
2024-04-22,0.0009081273608129922,-0.0025195882046617664,0.0034277155654747595,0.06970510754343023
2024-04-23,0.00101554079560364,-0.0013519647230275829,0.002367505518631222,-0.03935751907365885
2024-04-24,0.0036094481015451012,0.001039537313880698,0.0025699107876644037,0.033803085345265674
2024-04-25,-0.002045936152672753,0.001125197819326955,-0.003171133971999707,-0.10966808688274418
2024-04-26,0.0018914932292656112,0.0018798106812651805,1.1682548000430462e-05,-0.10717732297575126
2024-04-29,-0.005746125248859802,-0.0041258553329649545,-0.0016202699158948484,-0.01653715388745437
2024-04-30,-0.005948782648818532,-0.004059943733855629,-0.0018888389149629013,-0.03936022578437435
2024-05-01,-0.0009261838561863099,-0.0006406051485418865,-0.0002855787076444234,-0.00447773223240465
2024-05-02,-0.002454410307212584,-0.0029172071484542313,0.0004627968412416472,-0.19098948867937676
2024-05-03,-0.00026198856078735785,-0.00014561022269996525,-0.00011637833808739,0.05101876318879171
2024-05-06,-0.011298920059211091,-0.004564413629940378,-0.006734506429270716,0.18161221746276304
2024-05-07,0.002760633917092402,-0.0003989249278535112,0.0031595588449459134,0.10383777692236426
2024-05-08,0.010432543975448206,0.003768217895678012,0.006664326079770194,-0.23191249319375862
2024-05-09,0.005911532066972425,0.0007703288776742056,0.005141203189298219,0.013662582893307646
2024-05-10,-0.01262718281719284,-0.005364821657280338,-0.007262361159912498,0.05403421713243585
2024-05-13,0.0007599785159113869,0.00012119600091233321,0.0006387825149990548,-0.12251953891873948
2024-05-14,0.0025814040124649325,1.8681439359715703e-05,0.002562722573105217,0.057692908931024474
2024-05-15,-0.006323371090877229,-0.0018833720668198516,-0.004439999024057378,-0.1903134565793694
2024-05-16,0.0036506298310688364,0.0024881170362019214,0.0011625127948669163,0.11261045191282786
2024-05-17,-0.010141604730612125,-0.003762917815056166,-0.006378686915555958,0.044533410120759856
2024-05-20,0.005875173433751945,0.0005574351350971067,0.005317738298654838,0.15880468308794154
2024-05-21,0.002283868399907544,0.0018179659481238576,0.00046590245178368666,0.16353318732744446
2024-05-22,0.008820286763206904,0.005082356643179168,0.0037379301200277364,-0.23751871372736433
2024-05-23,0.009368374016462191,0.0035402044540529293,0.0058281695624092635,0.01711309367336612
2024-05-24,-0.013419590566596879,-0.007483651630083501,-0.005935938936513379,-0.09450963174084542
2024-05-27,0.0011286657344247316,-0.0013221742471058277,0.0024508399815305597,-0.09240908848227627
2024-05-28,-0.004926302783762375,-0.0023185278191814977,-0.002607774964580877,0.02581941936716983
2024-05-29,-0.00454813304470764,-0.002602456012852908,-0.0019456770318547313,-0.19427820564178463
2024-05-30,0.0012260114724039148,-0.0004928271630731964,0.0017188386354771113,0.07250343948232933
2024-05-31,-0.009870134414090943,-0.0037527469306005076,-0.006117387483490434,0.3208358637178215
2024-06-03,0.0038586266457542027,0.00010576735385537739,0.0037528592918988253,-0.03502176481856497
2024-06-04,0.018006517914536512,0.0053968599804147515,0.01260965793412176,0.10976755412869721
2024-06-05,-0.001744577396933757,-0.0009553844591783075,-0.000789192937755449,-0.02429790705980591
2024-06-06,0.005499375982167648,0.0035496504969816834,0.0019497254851859654,-0.2740779240217255
2024-06-07,-0.0012315202761893915,-0.0021828383851968834,0.0009513181090074919,0.07458989219013022
2024-06-10,-0.013918318583806592,-0.006219365666345441,-0.007698952917461152,0.11453798856676685
2024-06-11,0.003545254641167601,0.0011888883247458527,0.002356366316421748,-0.030514537832995726
2024-06-12,0.0060201037484278516,0.0013592803786048211,0.0046608233698230295,0.07169202950872973
2024-06-13,-0.0017439381699878426,-0.001289971559466899,-0.0004539666105209429,-0.22311327501306072
2024-06-14,0.0042202139669613664,0.0005922078044990379,0.0036280061624623288,-0.014716801854244007
2024-06-17,-0.014499074950572493,-0.0031931171383103992,-0.011305957812262093,-0.20549955780693419
2024-06-18,-0.0007730915470932453,-0.0007744326054462598,1.3410583530148838e-06,0.01961307954142227
2024-06-19,-0.00979728753110022,-0.003461865174263815,-0.006335422356836402,0.030215418386880313
2024-06-20,0.0009192671353294604,-0.0005360187578694203,0.001455285893198881,0.10558050532602786
2024-06-21,0.00179415041950077,-0.0009967323110207336,0.0027908827305215024,-0.026611799143361883
2024-06-24,0.0068803663652994606,0.0016942863705928053,0.005186079994706655,-0.08263883318768128
2024-06-25,-0.001429346285959352,0.00023954557391899726,-0.0016688918598783496,-0.12938406695228258
2024-06-26,-0.004237345246092584,-0.0035144543311494414,-0.0007228909149431407,-0.05187569222379954
2024-06-27,-0.006602242563239097,-0.0020171971703300427,-0.0045850453929090545,-0.24680782804809825
2024-06-28,-0.003018005374449957,0.0006548985905085632,-0.00367290396495852,0.13194654390411073
2024-07-01,-0.014764491461631292,-0.004991897943102959,-0.009772593518528333,-0.09539816970158178
2024-07-02,0.00724676575923156,0.0025239819730249625,0.004722783786206597,0.05461458680713104
2024-07-03,-0.0052143960828154165,5.124961971901716e-05,-0.005265645702534433,-0.16495631150663745
2024-07-04,0.0029624322703763572,0.0002283777143809512,0.002734054555995406,0.07742262160017756
2024-07-05,-0.008245461403306498,-0.004214033583247397,-0.004031427820059103,-0.15767588109288577
2024-07-08,0.003669836997922312,-0.0009620962805365714,0.004631933278458884,-0.02856443412744428
2024-07-09,-0.008485820234570314,-0.003978552362246898,-0.004507267872323418,0.11035623899903334
2024-07-10,-0.0015563019990490249,-0.0006610462251873195,-0.0008952557738617049,-0.16129632702910976
2024-07-11,0.006024097524284832,0.0019891851076691224,0.00403491241661571,0.012039829740342374
2024-07-12,-0.009427845325747974,-0.003737146426431106,-0.0056906988993168685,-0.22241601981369874
2024-07-15,0.0006500073165062786,0.0001575046748291725,0.0004925026416771063,0.11511978543581818
2024-07-16,-0.014409366681021114,-0.00422218420846759,-0.010187182472553522,-0.2618006165036767
2024-07-17,0.0071222048296503545,0.003489580531301434,0.0036326242983489195,-0.2059699440185724
2024-07-18,-0.014722954555456925,-0.007843048589783679,-0.006879905965673248,0.04586293914223035
2024-07-19,-0.013042348076492944,-0.005417538102853444,-0.007624809973639504,0.06603023283076426
2024-07-22,0.0029949779698171556,-0.0003962942684100409,0.003391272238227197,0.19341051972700352
2024-07-23,0.003971904916502695,-0.0005338911164433861,0.004505796032946081,-0.2539634558544316
2024-07-24,0.011541387809177508,0.0038782296600583764,0.007663158149119132,-0.17447202166530631
2024-07-25,-0.013563408718033469,-0.005008302178639398,-0.008555106539394071,0.06522550293118393
2024-07-26,-0.01136095329444596,-0.0035139745753174877,-0.007846978719128471,-0.021073380898988633
2024-07-29,0.004037652266904267,0.0004904475647804669,0.0035472047021237996,-0.30407616331226933
2024-07-30,-0.0013977345204966452,0.0037089500247571086,-0.005106684545253752,-0.01067236635021625
2024-07-31,-0.020421284989690154,-0.00660399583903767,-0.013817289150652487,-0.13793122088376492
2024-08-01,-0.000720961118459732,0.0008810990319889349,-0.0016020601504486654,0.3710469403590098
2024-08-02,-0.009599173126505557,-0.005060012385737134,-0.004539160740768423,0.07103605082980821
2024-08-05,0.02750596721700064,0.011180257460490589,0.016325709756510046,0.35487678862777616
2024-08-06,0.004670907564706339,0.0041427261722901745,0.0005281813924161646,-0.349626225346772
2024-08-07,0.024980567743254085,0.006748670405554765,0.018231897337699317,-0.04664820662225386
2024-08-08,-0.020587412629281102,-0.009171770419385033,-0.01141564220989607,0.03506447957743023
2024-08-09,-0.002905805261984885,-0.0036661825815703392,0.0007603773195854549,-0.00414280152883465
2024-08-12,0.002201852930948135,-0.00041576656099558996,0.0026176194919437235,-0.11066600839346402
2024-08-13,-0.0002271052739188774,0.0006715126144143653,-0.0008986178883332429,0.12697525269639678
2024-08-14,-0.006705682009280198,-0.0009028820156563814,-0.005802799993623818,-0.013480808528645635
2024-08-15,0.007780269684039319,0.004244144420336104,0.0035361252637032175,-0.013474623187470615
2024-08-16,-0.0007689381299743848,-0.00021781854675724478,-0.0005511195832171405,0.036166251338787606
2024-08-19,-0.0008579202280039415,-0.0009559943177050913,9.807408970114763e-05,0.11674924945599742
2024-08-20,0.002434937341321186,0.0005296044944431782,0.0019053328468780074,0.031408459920282544
2024-08-21,0.007485807604266011,0.00515518019030161,0.0023306274139644027,-0.005434714461919665
2024-08-22,0.002111250133228738,0.0007753250625317934,0.001335925070696944,-0.03122355056034143
2024-08-23,-0.00034097689820037367,0.002265570180186877,-0.0026065470783872505,-0.027880765000559686
2024-08-26,-0.002154457505199449,0.0012541662160690612,-0.0034086237212685097,0.03828855464227756
2024-08-27,-0.0016450795145764676,-0.0017463852679505554,0.00010130575337408826,0.23162961835473742
2024-08-28,0.0022066420264519695,0.0030751502954135842,-0.0008685082689616139,-0.148626619989288
2024-08-29,0.015184138379980573,0.0042665978040422135,0.01091754057593836,-0.09492419858110734
2024-08-30,-0.008591245547187955,-0.004400345480349958,-0.0041909000668379996,-0.07617674719749669
2024-09-02,-0.005517408904279738,-0.002653529034554472,-0.0028638798697252655,0.2933260584312392
2024-09-03,-0.005544661058894394,-0.0027444448636188418,-0.002800216195275552,-0.11149446586131219
2024-09-04,0.021316567572807928,0.005883945438004813,0.015432622134803115,0.19862074673491378
2024-09-05,-0.007417088341833465,-0.002502221464360935,-0.004914866877472529,-0.046253507284527706
2024-09-06,0.014165181183491894,0.0028628667053469704,0.011302314478144925,0.17027835742086458
2024-09-09,-0.0025314011005910506,-0.0013218620572975678,-0.0012095390432934842,0.2970634827433964
2024-09-10,0.009115558223899119,0.005116817963094645,0.003998740260804474,0.025176987588753377
2024-09-11,0.02023815422899928,0.007766316171955178,0.012471838057044098,0.06728995890035447
2024-09-12,0.0014419450893124275,-5.601683324023103e-05,0.00149796192255266,0.1605992961733736
2024-09-13,0.0033869397985749235,0.0010773776428845434,0.0023095621556903836,-0.016577944353525206
2024-09-16,0.009135210939280373,0.002748030205122379,0.006387180734157994,-0.0476632962001118
2024-09-17,-0.0009673617922563913,-0.002193616680898471,0.00122625488864208,-0.1102736343693103
2024-09-18,-0.0030267420836112688,0.0013591358795426154,-0.004385877963153883,-0.035365124891104764
2024-09-19,-0.006536498129357688,-0.0021756543736851036,-0.004360843755672584,-0.170447396473613
2024-09-20,-0.002090755292247372,-0.0007120037521793955,-0.0013787515400679757,0.027202159307532805
2024-09-23,-0.010053267705072512,-0.0020383918487673217,-0.00801487585630519,0.10513600210283541
2024-09-24,0.0017901664210700882,0.0004688506377332653,0.0013213157833368225,-0.004448903698804825
2024-09-25,0.006969890581795276,0.0003568911143997013,0.006612999467395577,0.09194879576195909
2024-09-26,-0.0002722310820638058,-0.0024145029085638516,0.0021422718265000466,-0.036766329451348084
2024-09-27,0.005642693624938945,0.0006247694659744672,0.00501792415896448,0.03078558173685722
2024-09-30,-0.00205614962967834,-0.0027307680094471685,0.0006746183797688276,-0.05282019545052613
2024-10-01,0.0018798544032624885,0.001046550744716808,0.0008333036585456803,0.06325637000105686
2024-10-02,-0.0032578413489419856,-0.0019110357738412315,-0.0013468055751007539,0.03294695488090482
2024-10-03,0.003914776806853315,-0.0006148088838427409,0.004529585690696056,0.09394990682903738
2024-10-04,0.0018665909374733984,-4.3648113029830585e-05,0.0019102390505032296,-0.18800316624786192
2024-10-07,0.005343525444928315,0.0023688796449859266,0.0029746457999423872,0.15964275201590494
2024-10-08,-0.011102860842766418,-0.0036981875124209897,-0.007404673330345429,-0.11709902683854015
2024-10-09,0.00970432762870319,0.003055164737728221,0.00664916289097497,0.16094498297207044
2024-10-10,-0.007809989488240015,-0.0020040094117034987,-0.005805980076536517,0.0363402016499939
2024-10-11,0.010653968480676398,0.004778764732760626,0.005875203747915772,0.10521143555683553
2024-10-14,0.0024487207083209893,0.003014156766782173,-0.0005654360584611846,0.20093457217695143
2024-10-15,0.006168408432465775,0.003597469250586817,0.002570939181878956,0.04689706210057948
2024-10-16,0.014240192171852671,0.007174638765091928,0.007065553406760738,-0.19168527186078405
2024-10-17,0.0033023713265021046,-0.002364961059564597,0.0056673323860667,0.1228934436036184
2024-10-18,-0.010315347597529107,-0.0040884667047198595,-0.006226880892809251,0.005184231610817396
2024-10-21,0.007680178388736649,0.00421993428507381,0.003460244103662838,-0.06907710513598762
2024-10-22,0.0002771409381805013,-0.00020315932842507502,0.0004803002666055761,-0.0016833080583938433
2024-10-23,-0.0035830039776477227,-0.001173181113015143,-0.002409822864632578,-0.07280120417282998
2024-10-24,-8.067513444580876e-05,-0.0012454044297252583,0.001164729295279449,0.216703642213367
2024-10-25,-0.003830475527678239,-0.0012960541702728488,-0.002534421357405391,0.0611528586174027
2024-10-28,0.013557706648444912,0.004026502721815188,0.009531203926629725,-0.14992956690135015
2024-10-29,0.0033543003962757064,0.0023123562440384784,0.0010419441522372267,-0.18681661069935415
2024-10-30,-0.008844295026696466,-0.005306457718160906,-0.0035378373085355568,-0.0503196568987348
2024-10-31,-0.011116042004391508,-0.001282795719138613,-0.009833246285252895,-0.07658105560184209
2024-11-01,-0.0029822166418814085,0.0005989898252618617,-0.0035812064671432702,0.06272107404421738
2024-11-04,-0.004172512558726801,-0.0007849138346778446,-0.0033875987240489557,-0.10896500740628183
2024-11-05,0.004015445094406253,0.0032714346867038033,0.0007440104077024497,0.0662979781685548
2024-11-06,-0.0070068541807184,-0.002627480903285674,-0.004379373277432725,0.10714991800378337
2024-11-07,0.0041596337319527565,-0.0002905761177218022,0.00445020984967456,0.012381447104407044
2024-11-08,0.0069762373801870725,0.0042072188859146285,0.002769018494272444,0.0878122294000466
2024-11-11,0.0007906502754045279,0.0016473604648218117,-0.0008567101894172849,0.007259690695057289
2024-11-12,0.00491725664997225,0.00024905163402181543,0.0046682050159504345,-0.0652268740451446
2024-11-13,0.0003725700676750485,-0.002171787601707928,0.0025443576693829767,0.06529802324755504
2024-11-14,-0.0038998335006352426,-0.0008736334968993242,-0.0030262000037359175,-0.20098935200942425
2024-11-15,0.0037840520869088295,0.004028508402144226,-0.00024445631523539735,-0.0328615534621009
2024-11-18,-0.010848359872861701,-0.003921786561952054,-0.006926573310909647,-0.10222905718929733
2024-11-19,-0.0016880888560169777,-0.00047811585197916114,-0.0012099730040378157,-0.030526299237302653
2024-11-20,-0.0055558777935872695,-0.002173194638731773,-0.003382683154855496,-0.031295892648416576
2024-11-21,-0.0018646358601255735,-0.0004359751654193153,-0.0014286606947062595,-0.04494325627759171
2024-11-22,-0.0017181750022076288,-0.00043118552243912684,-0.0012869894797685022,-0.07431907038706718
2024-11-25,-0.0025627204056273773,-0.0012137340453998488,-0.0013489863602275285,-0.1223386425676291
2024-11-26,-0.005045754251603911,-0.0025670397552295804,-0.0024787144963743304,-0.10117312837525512
2024-11-27,-0.007388588555581332,-0.004469218311852562,-0.002919370243728771,-0.09718324282999398
2024-11-28,-0.006420380742374403,-0.0013877895305734614,-0.0050325912118009426,-0.24076099283749877
2024-11-29,-0.006365650734988384,-0.004698880636773546,-0.0016667700982148405,-0.3081897953259084
2024-12-02,-0.015502201618072503,-0.007629183361878074,-0.007873018256194428,0.29562126699072666
2024-12-03,-0.02637865744034916,-0.013122659594419118,-0.01325599784593004,-0.1272731085550348
2024-12-04,0.024584287534251292,0.010353820165496236,0.014230467368755053,0.09230204031174939
2024-12-05,-0.009428588934422229,-0.0062982530973204765,-0.003130335837101755,0.12910177916725926
2024-12-06,0.006961848937669728,0.002563162999766179,0.00439868593790355,0.09892804643671246
2024-12-09,0.009499923640159266,0.003611531653250506,0.005888391986908762,0.2446320806271705
2024-12-10,0.0070588758385465075,0.000864820460422501,0.006194055378124005,-0.06583993083470602
2024-12-11,0.0156587580318363,0.0046700749942236025,0.010988683037612693,-0.008723641486862298
2024-12-12,-0.004243693176723522,-0.0006348769538988695,-0.003608816222824652,-0.2247689133343812
2024-12-13,-0.0005467642103664195,-0.0008604278014838988,0.0003136635911174801,0.08110617918624956
2024-12-16,-0.014412250715814798,-0.0069501146788386505,-0.007462136036976147,-0.22950545528152247
2024-12-17,0.006638693041292569,0.003389517193570715,0.0032491758477218545,-0.0980769704037119
2024-12-18,-0.014743217056910334,-0.003384364013781433,-0.011358853043128902,0.1381217399826691
2024-12-19,-0.007103434747959646,-0.002873853152639512,-0.004229581595320134,0.15189052205462097
2024-12-20,0.010691001472711818,0.004381468902182256,0.0063095325705295625,0.21484674955678343
2024-12-23,0.011074049530769348,0.004764065294080706,0.006309984236688642,-0.2580055085574324
2024-12-24,0.017057201950031707,0.006353354019481519,0.010703847930550191,-0.017559688158358223
2024-12-25,-0.016664985911429595,-0.007311037599309343,-0.009353948312120254,0.20985755438111162
2024-12-26,-0.0011751030475847515,-0.0032025856351360123,0.00202748258755126,-0.04263333951115226
2024-12-27,0.013885279753586261,0.004696339438785313,0.009188940314800949,-0.07486211774036712
2024-12-30,-0.002477743072183838,-0.0014686461973006572,-0.0010090968748831819,0.1307203571739644
2024-12-31,-0.004573693079725304,-0.0018807079074492986,-0.002692985172276008,-0.05756566736416184
2025-01-01,0.007600629428184277,0.0015499597970198902,0.006050669631164387,-0.1472539223754459
2025-01-02,-0.0032195210216693342,-0.0010107441292741017,-0.0022087768923952323,0.19751567643287876
2025-01-03,-0.009520422750106512,-0.000873544457025931,-0.00864687829308058,-0.08903177016780833
2025-01-06,0.010823935455901728,0.0037595479633584106,0.007064387492543319,-0.04353049751431803
2025-01-07,-0.006726455584432068,-0.004690924205388728,-0.0020355313790433385,-0.14041232283467744
2025-01-08,-0.0027262622766798593,-0.001728057106855507,-0.000998205169824351,-0.09869269068157409
2025-01-09,-0.009076148679544694,-0.0025638860992318714,-0.006512262580312821,-0.07730365273590334
2025-01-10,-0.0057115121783388074,-0.0033179470332126756,-0.002393565145126132,0.28059791184223953
2025-01-13,-0.006220695539249873,8.321082526541873e-05,-0.006303906364515291,-0.2062304956419165
2025-01-14,0.02355834697806669,0.009884012057470665,0.013674334920596033,0.02809167844009208
2025-01-15,-0.012332765520211498,-0.0051051333143818925,-0.007227632205829607,0.0763089786121793
2025-01-16,0.001820841416133231,-0.001954059572599757,0.0037749009887329873,0.02477925329272145
2025-01-17,0.0049624883340607575,-0.0010796293048435657,0.0060421176389043214,-0.03590822643629894
2025-01-20,0.0015792255249537986,0.0008078745212328192,0.0007713510037209801,-0.0628992957060538
2025-01-21,-0.0020898073357721618,-0.001824921752264683,-0.0002648855835074779,0.0680267771440545
2025-01-22,-0.0037120588958378755,-0.0025702507723142053,-0.0011418081235236703,0.2009337797764788
2025-01-23,0.004261356709248308,0.0011119681407955853,0.003149388568452723,0.1506367365367279
2025-01-24,0.013224530112435413,0.004233489776588551,0.008991040335846861,0.2980997431554886
2025-01-27,0.009076798455080717,0.003925472850696381,0.005151325604384336,-0.15268284120859824
2025-01-28,0.018152947703698068,0.006582905773667986,0.011570041930030084,0.0021545317237638083
2025-01-29,-0.00933387230625607,-0.0029836336259195886,-0.006350238680336481,0.04836703811345625
2025-01-30,0.00013748851926874287,0.001992004391433523,-0.0018545158721647755,-0.006686009770093468
2025-01-31,0.0031867103516526724,0.005772604001192833,-0.00258589364954016,
2025-02-03,-0.0005399459894446759,0.006051324424160974,-0.006591270413605653,
