,ls_ret,long_excess_ret,short_excess_ret,ic
2017-01-02,0.0010292068234610187,-0.0010645782538862714,0.002093785077347291,-0.005047755782097258
2017-01-03,-0.0038562228335815604,-0.0006889840919982975,-0.0031672387415832624,0.012910284371453197
2017-01-04,-0.0002185326461144417,0.0008205900956235363,-0.0010391227417379779,-0.12834052434600549
2017-01-05,0.000642926023169932,0.00022048674866392316,0.00042243927450600835,0.00394811877862434
2017-01-06,-0.009771450626108421,-0.007060267989344081,-0.002711182636764342,-0.01756921889773301
2017-01-09,0.00019401413044484,0.00028229295630226303,-8.827882585742304e-05,0.08286863371706671
2017-01-10,-0.0009384184971152959,0.001174612594232946,-0.0021130310913482393,0.009718498587142235
2017-01-11,0.004475194074943097,0.0030428492714549863,0.0014323448034881093,0.07741737963371942
2017-01-12,0.0005570890069665586,0.0010345945164279685,-0.00047750550946140994,0.02875535453345969
2017-01-13,0.004087223721611339,0.0023103271106205718,0.0017768966109907676,-0.0016422096140565124
2017-01-16,0.0013800692079945337,-0.000399955070626437,0.0017800242786209708,0.07323507569071068
2017-01-17,-7.82566269878886e-05,0.0005858440275204487,-0.0006641006545083379,-0.012925846088130102
2017-01-18,0.004720877193729905,0.002466493481595316,0.0022543837121345896,0.004630713804693818
2017-01-19,-0.0005531508484249195,0.0010293749897821857,-0.0015825258382071053,0.04390155231222941
2017-01-20,0.0003257537125138356,0.0026033012300240976,-0.00227754751751026,-0.05861962097270051
2017-01-23,0.0023380174297671437,0.0007998025099944865,0.0015382149197726573,0.008944281218719404
2017-01-24,-0.0028627872670533667,-0.0020035653276457444,-0.0008592219394076197,0.0646211886915989
2017-01-25,0.00045151998918506074,0.0007846867649698216,-0.0003331667757847604,0.019342127211442926
2017-01-26,0.003743846109538652,0.0015790413200719145,0.002164804789466738,0.07474517764947387
2017-01-27,0.0009518069808801738,0.001907621914095486,-0.0009558149332153125,0.022920761321937405
2017-01-30,0.003808934256350728,0.0009706003986092214,0.002838333857741505,0.05803994420599516
2017-01-31,0.001121625217366947,0.0006961325168626598,0.00042549270050428736,-0.012053226506249333
2017-02-01,0.0029589413201507576,0.0020171142543294156,0.0009418270658213415,0.003867638489823399
2017-02-02,-0.0008786833559129644,-0.003564034507281648,0.002685351151368684,0.030509060311153743
2017-02-03,0.0002330730684577875,0.0019473167740315066,-0.0017142437055737182,-0.017501791191917037
2017-02-06,0.0013423681883825232,-0.00042298933039269706,0.0017653575187752206,0.019316658573097334
2017-02-07,-0.000979962593617777,-0.0014454749529652288,0.00046551235934745236,-0.02539844332721625
2017-02-08,0.0009382451642364977,0.0021521771621767164,-0.0012139319979402163,-0.027065024958105418
2017-02-09,-0.0012113708246736744,-0.0002514437859798737,-0.0009599270386938018,-0.011825777293308809
2017-02-10,-0.0012452811613828023,-0.00041955513863838924,-0.0008257260227444128,-0.03130424674461521
2017-02-13,-0.0005783879218022609,-0.0014118764802701937,0.0008334885584679328,-0.08289530773689027
2017-02-14,-0.00139794271627185,-0.0010982816403247164,-0.0002996610759471337,-0.019277314971602014
2017-02-15,-0.0038255115735211518,-0.0022445528478466925,-0.0015809587256744601,-0.07224690156681246
2017-02-16,-0.0006908300309230982,-0.0002446954753738458,-0.00044613455554925324,-0.05974863536455788
2017-02-17,-0.003031116867682605,-0.0015022239655269453,-0.0015288929021556596,0.10725574703940433
2017-02-20,-0.0027647515551645512,-0.0009014060302757218,-0.00186334552488883,-0.09085759449819517
2017-02-21,0.005176813387376933,0.0024299772419634404,0.0027468361454134928,0.022919257414388626
2017-02-22,-0.004415436099415511,-0.002822887962921285,-0.0015925481364942274,0.05345868084006521
2017-02-23,0.0011143713266160205,0.00042450297404701166,0.0006898683525690093,-0.02362658802622081
2017-02-24,0.002982291825927052,0.001544690380378199,0.001437601445548855,0.025092018505204663
2017-02-27,-0.0012076341219554375,-0.0012897509602994564,8.211683834401869e-05,-0.052606815241943605
2017-02-28,0.0012406267327335619,-0.00020185232268538338,0.0014424790554189455,0.006200981619535594
2017-03-01,-0.0027123774937528955,-0.0028286854012214368,0.00011630790746854124,-0.06864144995868432
2017-03-02,0.0002450550246886184,-0.0004872321337269321,0.0007322871584155509,0.1328803955724054
2017-03-03,-0.0036352688650508756,-0.0005384715456377889,-0.003096797319413088,-0.07652176896080778
2017-03-06,0.007560519551190622,0.003750733696805745,0.0038097858543848775,0.009888680696035112
2017-03-07,-0.0034270408633360677,-0.0012673151192759725,-0.0021597257440600934,0.05325883169650384
2017-03-08,0.0004900749373066601,7.580467470641081e-05,0.0004142702626002497,0.050572519049000175
2017-03-09,0.002857327896015857,0.001654933378979601,0.0012023945170362557,-0.023458925855413048
2017-03-10,0.0025077129970451292,0.0023204351443051347,0.00018727785273999539,0.027547081010593836
2017-03-13,-0.0011711465039085562,-0.002154547904843604,0.000983401400935047,-0.04938675769596684
2017-03-14,0.0012320799094885369,0.0012641205978683612,-3.2040688379825905e-05,-0.08879205665422645
2017-03-15,-0.0025205340678952155,-0.001577104114071519,-0.0009434299538236962,-0.07610324035225266
2017-03-16,-0.004621357175938879,-0.0027167042001163513,-0.001904652975822528,0.023911657278754474
2017-03-17,-0.003987337753315256,-0.0034884152634050234,-0.000498922489910231,-0.018966189733735934
2017-03-20,0.0012634344535618826,0.0020711915255511343,-0.0008077570719892517,-0.08903937654140506
2017-03-21,-0.0008724444189578309,-0.0007367766329609195,-0.0001356677859969107,-0.007867450904383124
2017-03-22,-0.004150647347178256,-0.0004857457990310827,-0.0036649015481471734,0.07334424306380187
2017-03-23,-0.0003390730023225255,0.0005475626663145397,-0.0008866356686370643,0.04796298652580078
2017-03-24,0.003505256617773184,0.001884340662906138,0.0016209159548670454,-0.05640867249752371
2017-03-27,0.002529439446966467,0.0001983333199522038,0.002331106127014263,-0.02266488218995948
2017-03-28,-0.0031240018719135045,-0.001477323124477594,-0.0016466787474359095,-0.054266054772310224
2017-03-29,-0.0010790972010165489,-0.000589620565322787,-0.0004894766356937615,-0.09546872048170507
2017-03-30,-0.002456652538636805,-0.0016404427403297534,-0.0008162097983070524,-0.07434256510718187
2017-03-31,-0.005365721501633591,-0.001955675345772328,-0.0034100461558612613,-0.09879241330637994
2017-04-03,-0.003484150873454013,-0.0020129905410063756,-0.0014711603324476371,-0.08013989398186157
2017-04-04,-0.004529087444297239,-0.0023745031024708773,-0.0021545843418263634,0.09441801409910096
2017-04-05,-0.004356615789225344,-0.0025452902979431324,-0.0018113254912822119,-0.12753330482431355
2017-04-06,0.004433790329188895,0.002212808315561643,0.002220982013627252,-0.047301215784633276
2017-04-07,-0.005382599031209019,-0.0034034127278658546,-0.001979186303343165,-0.03884897390332951
2017-04-10,-0.002127576475059748,-0.0015528802749954183,-0.0005746962000643301,0.031618069046098714
2017-04-11,-0.0013947335623744133,0.0001495097933856696,-0.0015442433557600827,-0.10768795142830351
2017-04-12,0.0013898792904053628,0.000836981802084337,0.0005528974883210252,-0.10835116546119333
2017-04-13,-0.0047125142299726825,-0.002007955910107921,-0.00270455831986476,-0.02333718644594526
2017-04-14,-0.006728718965313352,-0.002163986560914339,-0.004564732404399013,-0.049829906505788654
2017-04-17,-0.0011536419829338874,-0.00046923624370786253,-0.0006844057392260249,-0.0226364965938739
2017-04-18,-0.0025586156606465455,-0.0023846416388393476,-0.0001739740218071979,-0.008156353124376929
2017-04-19,-0.0011516290050043673,-0.0018818363478192053,0.0007302073428148374,0.004939631105446155
2017-04-20,-0.0003824801741946477,-0.0001380693879847088,-0.00024441078620993876,0.02140822990094858
2017-04-21,0.00024532493050950137,0.000563746886183901,-0.0003184219556744,0.055411522684256954
2017-04-24,0.001022981177603537,0.0005113231101199472,0.0005116580674835907,-0.05306128295848412
2017-04-25,0.0023642603817692702,0.000680784900658247,0.0016834754811110234,-0.03807899831341812
2017-04-26,-0.0021181093120391605,-0.0014296089214224953,-0.0006885003906166656,-0.08915318228233883
2017-04-27,-0.001931347472109572,-0.0010800634651886131,-0.0008512840069209587,0.016154623969023525
2017-04-28,-0.004997861509646724,-0.0015818991634163337,-0.0034159623462303905,0.03688125359447606
2017-05-01,0.0008748916547439401,-0.0005323760786275413,0.0014072677333714827,-0.037989786183668287
2017-05-02,0.0020308456051888503,0.0006482829270676466,0.0013825626781212037,-0.061562415559988745
2017-05-03,-0.0018380392724900306,0.00022778549740161066,-0.0020658247698916404,-0.0668198959470171
2017-05-04,-0.004085439937299595,-0.001383271393484875,-0.0027021685438147203,-0.0987069166910946
2017-05-05,-0.004138990896824609,-0.0010538674932279138,-0.0030851234035966946,0.05745128297077476
2017-05-08,-0.005004139682814202,-0.0023295660722208117,-0.0026745736105933905,0.014927285411869468
2017-05-09,0.0031359850983090124,0.0013958064326971957,0.0017401786656118172,0.07780804851892648
2017-05-10,0.0007373578400567253,-0.0013261181941771477,0.0020634760342338743,0.09078892595132262
2017-05-11,0.004061871708849471,0.001964732055919789,0.002097139652929682,0.053792330023080995
2017-05-12,0.005637346833978681,0.003183647832536855,0.0024536990014418242,0.06849322073899428
2017-05-15,0.002579371141734106,0.002568265384997378,1.1105756736729672e-05,-0.0744072772888431
2017-05-16,0.0037001580108956063,0.0025404835963137172,0.0011596744145818904,-0.003981444770976844
2017-05-17,-0.0032463791620653674,-0.0020588765543313988,-0.001187502607733969,-0.039555229131879345
2017-05-18,-0.0001458458534035307,0.0008562222771320328,-0.0010020681305355633,-0.052924477721379426
2017-05-19,-0.002123630866587419,0.0002071596599594258,-0.002330790526546842,0.07408561063102109
2017-05-22,-0.0030504043255724952,-0.002129435205911124,-0.0009209691196613717,-0.023059119882695794
2017-05-23,0.003886544760866904,0.002227603317325664,0.001658941443541239,0.10196845967370635
2017-05-24,-0.0010279458120304257,-0.001078399112337365,5.04533003069398e-05,0.00476912894605772
2017-05-25,0.0037768920494132977,0.0012510453741372794,0.002525846675276021,-0.05378451961025477
2017-05-26,0.00019693919101065058,0.0005036990367447373,-0.0003067598457340854,-0.05109313990968707
2017-05-29,-0.0022576038857743995,-0.0015422828780387952,-0.0007153210077356035,-0.019595034648947563
2017-05-30,-0.0018289256448750194,0.0003790204945022923,-0.0022079461393773106,0.020765226626542437
2017-05-31,-0.0008098969617029402,-0.0007897496305428558,-2.0147331160084254e-05,0.008828320687569207
2017-06-01,0.0009616633228377017,-0.00012953546430798275,0.0010911987871456844,-0.027461540956867977
2017-06-02,0.0004724793849531848,0.00041652374411045925,5.5955640842726e-05,-0.0633900939604185
2017-06-05,-0.0011296585823365127,0.00036930181010587197,-0.0014989603924423847,0.0004741567058394704
2017-06-06,-0.0026487906704561527,-0.0016718428086534634,-0.0009769478618026906,0.011360087924232397
2017-06-07,1.2544997950849311e-05,-0.00012870782689599334,0.00014125282484684244,-0.01182978155406857
2017-06-08,0.0005035851270981356,0.00025569476446104774,0.00024789036263708764,0.031164879340266762
2017-06-09,-0.0007538609552900984,-0.00113328314692588,0.00037942219163578095,0.04738926549098732
2017-06-12,0.0013410790073752916,-0.0012370506924851976,0.002578129699860489,-0.069453789966503
2017-06-13,0.0022869147293451937,0.000687227845425133,0.0015996868839200599,0.0019692959091777607
2017-06-14,-0.003230141284696591,-0.002323725430097578,-0.0009064158545990133,0.09324215157062726
2017-06-15,0.00012180261246279604,0.000997593768377797,-0.0008757911559150022,0.09316885299416557
2017-06-16,0.003924968212922143,0.002174709176611401,0.0017502590363107449,0.06284850346177949
2017-06-19,0.004083601621372989,0.0028921356447949385,0.001191465976578052,0.05423259235426772
2017-06-20,0.0030460312701071045,0.0022286183217577714,0.0008174129483493324,-0.00014030833121055333
2017-06-21,0.0026052188334825645,0.00026701929577115254,0.002338199537711412,0.06833260105213618
2017-06-22,5.523649094563176e-05,0.0010389576382444192,-0.0009837211472987868,0.0037963102368506747
2017-06-23,0.003295819681007476,0.0008045002360228409,0.0024913194449846347,0.048133126501447805
2017-06-26,0.0002478348338153212,-0.00021709245506879547,0.00046492728888411754,-0.015720958396462453
2017-06-27,0.002462958717495696,0.0004862464534846527,0.001976712264011045,-0.11720747053737246
2017-06-28,-0.000815340203878296,-0.00047394247070044106,-0.00034139773317785546,-0.06760886543976655
2017-06-29,-0.008003939684955434,-0.004036337468130292,-0.003967602216825138,0.010345834056982778
2017-06-30,-0.0036604068230539346,-0.00040838609626732934,-0.003252020726786606,-0.02842366434016673
2017-07-03,0.0005599539406327394,-1.0558579889737984e-05,0.0005705125205224778,-0.021637849150696747
2017-07-04,-0.001393927105320377,-0.0006623970868921607,-0.0007315300184282162,-0.008392054487442723
2017-07-05,-0.0010879627962385673,-0.0002185292526712881,-0.0008694335435672793,-0.011628770605834567
2017-07-06,-0.0004424860359233246,0.0011474649851260788,-0.0015899510210494027,-0.0013673595465252787
2017-07-07,-0.0005792000811821527,-0.0007611865019245909,0.00018198642074243815,0.004666607618171939
2017-07-10,-8.496420140956121e-05,7.496258277982747e-05,-0.0001599267841893865,0.02394528065573584
2017-07-11,0.00023184718266148672,0.0006039952929006334,-0.0003721481102391469,-0.026078091396488097
2017-07-12,0.0010890911141542045,0.00027108600243775337,0.0008180051117164511,0.0026351405538447776
2017-07-13,-0.0012915312998491588,-0.001365665230555431,7.413393070626953e-05,-0.09163077673950679
2017-07-14,0.00010281282721838654,-0.0002618315674229278,0.0003646443946413139,-0.04057891614137241
2017-07-17,-0.006774199040279746,-0.003117140566158364,-0.0036570584741213823,0.0311855439512406
2017-07-18,-0.0031601170366428906,-0.002361690709333855,-0.0007984263273090389,0.019689225015792795
2017-07-19,0.0021162646083491676,0.0016594193360825434,0.00045684527226662417,-0.13938442577603014
2017-07-20,0.0013075679970489206,0.0006943524167113213,0.0006132155803375986,-0.017424825646572516
2017-07-21,-0.011171197766594315,-0.006187538500792775,-0.004983659265801542,0.002883085296670665
2017-07-24,-0.0011097394362924251,0.0002440158503087481,-0.001353755286601174,-0.129152940542549
2017-07-25,0.00014337801614634207,0.0016951036017270292,-0.0015517255855806867,0.09425412585441739
2017-07-26,-0.008805651186274518,-0.005743895984292251,-0.003061755201982267,0.05876445531465883
2017-07-27,0.004755449157207582,0.004730173965512428,2.5275191695154492e-05,-0.06834944566000871
2017-07-28,0.0027293246286972995,0.0017349148131935036,0.0009944098155037957,0.06467638427907398
2017-07-31,-0.0029803993162713068,8.482743867277778e-05,-0.0030652267549440854,0.1069009306799368
2017-08-01,0.002835190764613819,0.003006905927663117,-0.00017171516304929912,0.07134266973222653
2017-08-02,0.0047211875227222075,0.0013099240672747288,0.0034112634554474782,0.01637169499263463
2017-08-03,0.0036588223084994317,0.002731795141531674,0.0009270271669677595,0.05833758936371597
2017-08-04,0.000960894845237058,0.0006831255595446265,0.0002777692856924304,0.052825613531208696
2017-08-07,0.0033237960442115814,0.002672799259762191,0.00065099678444939,-0.07099877828979381
2017-08-08,0.003088022494674804,0.0019821614534769223,0.0011058610411978816,-0.09314603703030519
2017-08-09,-0.0036564390930167124,-0.0013667816205882874,-0.002289657472428425,0.016396695862870778
2017-08-10,-0.005333903424234661,-0.0018828271526215076,-0.003451076271613153,-0.03186292922290705
2017-08-11,0.0007852470891503065,0.0008208930435732072,-3.564595442290264e-05,-0.01263551360680763
2017-08-14,-0.0014907959832902197,-0.001220312668593274,-0.00027048331469694577,-0.07457251027641801
2017-08-15,-0.0007970069950981342,-0.0013156345583222283,0.0005186275632240939,0.04861967967396456
2017-08-16,-0.003878434393320279,-8.204081388151277e-05,-0.0037963935794387664,-0.011126493837444174
2017-08-17,0.0025319577257696515,0.0024005083879329314,0.00013144933783671917,0.018506110741039562
2017-08-18,-0.0005411846780676384,-0.0005859523134094059,4.4767635341768156e-05,-0.01987874924963563
2017-08-21,0.000921623906668535,-0.0003169754002440902,0.0012385993069126255,0.0423597206156777
2017-08-22,-0.001075280598316529,-0.0001769823264517658,-0.0008982982718647638,-0.09416394055952602
2017-08-23,0.0023434849451728582,0.0016213026587192734,0.0007221822864535839,-0.05726256226706511
2017-08-24,-0.005224281107473483,-0.002794763767807617,-0.002429517339665866,0.008395111248860944
2017-08-25,-0.003212234377861939,-0.0020195172807773113,-0.0011927170970846266,-0.0752177616672062
2017-08-28,0.00040404320415243734,-0.0013112057796955522,0.00171524898384799,-0.19315700787777218
2017-08-29,-0.004186698316750906,-0.0029982530664771586,-0.0011884452502737473,-0.002151642076820502
2017-08-30,-0.01714967151441517,-0.011021100163081686,-0.006128571351333489,-0.04069287846966804
2017-08-31,-9.46211314254387e-05,0.002419647678032176,-0.0025142688094576156,-0.02492017869140893
2017-09-01,-0.002275642815006606,0.0005911903137476408,-0.002866833128754246,0.10031229172527265
2017-09-04,-0.0017277835273404494,-0.0016704989159148824,-5.7284611425566755e-05,-0.08378032707875409
2017-09-05,0.004802709059941814,0.0028164380105196885,0.0019862710494221256,-0.045617847169440104
2017-09-06,-0.004979164024669987,0.0006540781470119224,-0.005633242171681915,-0.051410233834518364
2017-09-07,-0.0030195172122987964,-0.0021939941292503044,-0.0008255230830484916,0.07142648629897559
2017-09-08,-0.002943836036059907,-0.002282300529154027,-0.0006615355069058779,-0.012207071447440668
2017-09-11,0.0040431270466832776,0.0005086240629943641,0.0035345029836889134,0.02083791304279923
2017-09-12,-0.0007806770315257745,0.00018637040594161663,-0.0009670474374673913,-0.03979947470223757
2017-09-13,0.0013991943908846136,0.000503666188859053,0.0008955282020255606,-0.08689155024421674
2017-09-14,-0.002087661215726372,-0.0019087967355295044,-0.00017886448019686745,-0.07410077655766123
2017-09-15,-0.004721052542738978,-0.002196842183424221,-0.0025242103593147566,-0.07432215632832473
2017-09-18,-0.003973095043198061,-0.0014943958978669851,-0.002478699145331076,-0.023152905615108937
2017-09-19,-0.005172280272721151,-0.0019639319037439637,-0.0032083483689771862,-0.029560346165731388
2017-09-20,-0.0014447994002468418,-0.001465757320468327,2.095792022148435e-05,0.0973746587782516
2017-09-21,-0.0018981809973976776,0.00208951464125264,-0.003987695638650318,-0.13345557501378977
2017-09-22,0.005087750654107404,0.0022083319180985217,0.0028794187360088822,0.07271432766801957
2017-09-25,-0.008185713789963139,-0.004943324800014231,-0.0032423889899489064,-0.016566365402117134
2017-09-26,0.004980553650134974,0.0009615438683929674,0.004019009781742007,0.018121182297490962
2017-09-27,-0.0008531406263786595,0.0015883289701446902,-0.0024414695965233497,-0.13974659029139466
2017-09-28,0.0010235356242224666,0.00016510884986125924,0.0008584267743612069,-0.027618504070281956
2017-09-29,-0.008426407858651293,-0.004692197382991627,-0.0037342104756596696,-0.06121382088866316
2017-10-02,-0.001679759384437471,-0.00018314399208020946,-0.0014966153923572612,0.03929257188036729
2017-10-03,-0.004457138762852723,-0.0014040954997678002,-0.0030530432630849237,-0.06318742198763254
2017-10-04,0.001972985976497198,0.0008944244877017726,0.0010785614887954265,-0.004123243302044997
2017-10-05,-0.003127288807968453,-0.0007542331850855103,-0.002373055622882943,0.08960674511649767
2017-10-06,-0.00027651893309299166,5.714897014629308e-05,-0.0003336679032392882,-0.03985591539107994
2017-10-09,0.004089908671052486,0.002289908877019629,0.0017999997940328556,0.019130574760813236
2017-10-10,-0.0016631666785639474,-0.0012174697699503028,-0.00044569690861364476,0.01536901933891604
2017-10-11,0.0009354968116803296,0.0002937996240898544,0.0006416971875904762,-0.07503536281924539
2017-10-12,0.0008091032962728546,-0.0013975159788564076,0.0022066192751292613,0.014546306635099418
2017-10-13,-0.004077112390080493,-0.00132276506659754,-0.002754347323482952,0.01457695095651921
2017-10-16,0.0006835984825327138,0.0006652850974026726,1.831338513004141e-05,-0.0032304640446733307
2017-10-17,0.0008317795868321694,0.0005962758547550708,0.00023550373207709835,-0.008215253814296173
2017-10-18,-0.00014635273817999086,-0.00010542150563522387,-4.093123254476699e-05,0.05379395532388989
2017-10-19,-0.00043332255494857677,-0.00030565092797305796,-0.00012767162697551945,-0.129470318601097
2017-10-20,0.0026680555268005926,0.001205388835332756,0.0014626666914678357,0.0174178764186027
2017-10-23,-0.006494225941846574,-0.0031031923698408986,-0.0033910335720056745,0.029964649480191282
2017-10-24,0.0009591523750062114,0.001195636406687529,-0.00023648403168131764,-0.11207185597117805
2017-10-25,0.001551933497046405,0.0015191419153579744,3.279158168843039e-05,-0.14175355357750724
2017-10-26,-0.006158296814895076,-0.003468418930456116,-0.00268987788443896,-0.04141784110482441
2017-10-27,-0.009281698550556732,-0.0034343040889499715,-0.005847394461606758,-0.1306301159016615
2017-10-30,-0.002282828139377909,-0.0012687783591988615,-0.0010140497801790476,-0.07424234458367245
2017-10-31,-0.009632015439254663,-0.005434962600448318,-0.0041970528388063505,0.00094663631461205
2017-11-01,-0.004216383449534199,-0.0014285287893178785,-0.0027878546602163184,0.08260747447278052
2017-11-02,8.183367643861206e-05,-0.00015539186004755526,0.00023722553648616689,0.036307304938491894
2017-11-03,0.004963593392188286,0.0020885996770924546,0.0028749937150958317,-0.10033456014785933
2017-11-06,0.0017079826632315851,0.001864727590650754,-0.0001567449274191661,-0.02168189867628234
2017-11-07,-0.004753569310107523,-0.0026166932240772726,-0.002136876086030251,-0.08269392189620159
2017-11-08,-0.0010489297355772028,-0.0006705691665287302,-0.0003783605690484736,0.06232397629524648
2017-11-09,-0.004284166085693274,-0.0021046896258390645,-0.00217947645985421,0.03325291451736961
2017-11-10,0.0035780237990633854,0.0018150976077101963,0.0017629261913531882,0.003054145895151784
2017-11-13,0.0015794555432970159,0.0005978243752894196,0.0009816311680075959,0.061988672504992064
2017-11-14,0.00023608416588999435,-9.487701535844731e-05,0.000330961181248441,0.02085137176129629
2017-11-15,0.003395422312225037,0.0017039987669922535,0.0016914235452327835,-0.18410463388081327
2017-11-16,0.0014495802055348327,-0.00042958815420382837,0.0018791683597386595,-0.020707850052645627
2017-11-17,-0.013218203593351099,-0.008777309764527175,-0.0044408938288239275,-0.05970733102169982
2017-11-20,-0.0014549551688801971,-0.00019910087554629585,-0.0012558542933339013,0.05454332044369064
2017-11-21,-0.004564734870632506,-0.003936343217481882,-0.0006283916531506228,0.030409042531732676
2017-11-22,0.0029557896273884284,0.0021388884336394874,0.0008169011937489458,0.060239797690111264
2017-11-23,0.001483028050773304,-9.99935521661206e-05,0.001583021602939424,0.027483841172624368
2017-11-24,0.003630392363998527,0.002586761311648306,0.0010436310523502228,-0.07395888290375127
2017-11-27,0.001385176065469412,-7.817456879082117e-05,0.0014633506342602342,0.047140496934634075
2017-11-28,-0.004149894774379734,-0.0012277181181128156,-0.002922176656266918,-0.025524136948505714
2017-11-29,0.0024228121286495874,0.004017566377882805,-0.0015947542492332177,0.0014052084950044131
2017-11-30,-0.0015050794918115764,-0.001290380274427079,-0.0002146992173844963,-0.03440164016231233
2017-12-01,3.6726725956603805e-05,0.0013601131365175278,-0.0013233864105609231,-0.04756109838580266
2017-12-04,-0.0021586263970233685,-0.0004436155599454143,-0.001715010837077955,0.056545190102677056
2017-12-05,-0.0026347759068646986,-0.001375723035859415,-0.0012590528710052853,0.07726815555617686
2017-12-06,0.003046526626677732,0.0012720147179985158,0.0017745119086792164,0.09721202262029974
2017-12-07,0.00408829481937293,0.0032563601761715875,0.0008319346432013423,-0.011676902298035535
2017-12-08,0.004879543103073921,0.0025285749815204556,0.0023509681215534645,0.024659164734691017
2017-12-11,-0.0007308749059034602,-0.0011271496844380904,0.00039627477853463114,0.03518287337961489
2017-12-12,0.0010654972592187293,0.0009246480397903066,0.0001408492194284218,-0.021398124166931848
2017-12-13,0.0019160546279147215,0.001591718175122576,0.0003243364527921455,0.0005685910915979594
2017-12-14,-0.0013288589770357438,-0.0002123631944279448,-0.0011164957826077992,-0.06738925295648898
2017-12-15,5.837181769041515e-06,-0.00024609553530881723,0.00025193271707785875,0.026476274518108307
2017-12-18,-0.0037587698632233256,-0.0025881155667195213,-0.0011706542965038039,0.03349619426886349
2017-12-19,0.0013394328776169676,0.0014398740830716978,-0.00010044120545473108,0.019524257984668326
2017-12-20,0.0014206931360264646,0.0012340378873191681,0.0001866552487072952,0.0458079587954703
2017-12-21,0.0012650244962561967,0.0007738182874333591,0.0004912062088228385,-0.014743815454878599
2017-12-22,0.002436653767115624,0.0016407714556864877,0.0007958823114291337,-0.007454698036494013
2017-12-25,-0.0008044417097665263,-9.654594345518699e-05,-0.0007078957663113389,-0.018380433123678548
2017-12-26,-0.0005002826489696023,-0.0014082923270973408,0.0009080096781277375,-0.023803471141273905
2017-12-27,-0.0009607808380320603,0.0008958105769681073,-0.001856591415000169,-0.031377920746899955
2017-12-28,-0.001574186128954264,-0.0017351354347711744,0.0001609493058169105,-0.01649969593795649
2017-12-29,-0.001492096817292965,-0.000505551271895943,-0.0009865455453970213,0.03146794814105884
2018-01-01,-0.000854869038968704,-0.001176837246010344,0.00032196820704163964,-0.055908232415339786
2018-01-02,0.002246498419889242,0.00037601229081599824,0.0018704861290732393,-0.08112807770775159
2018-01-03,-0.0036460694284833886,-0.0024045059694901387,-0.0012415634589932507,0.11796271534719227
2018-01-04,-0.0056743601473832235,-0.0033076264955494185,-0.0023667336518338085,-0.016792442816284513
2018-01-05,0.005628762380426656,0.004086810966446586,0.0015419514139800687,0.011368078589143347
2018-01-08,-0.001003312400892973,0.0002888903500144688,-0.001292202750907443,0.04914501188928359
2018-01-09,0.0004979910865105732,0.0004785575358539282,1.9433550656644538e-05,0.03869942729676703
2018-01-10,0.0022059031366884474,-4.2737105944816445e-05,0.002248640242633264,0.009222866385773945
2018-01-11,0.0020055933083826805,0.00037888890909947535,0.001626704399283205,-0.03610009537396668
2018-01-12,0.0005013772893646189,0.0010891043648230676,-0.000587727075458449,-0.13117966589910873
2018-01-15,-0.0015630634286580123,-0.0011802335598435458,-0.000382829868814466,-0.12218990373407405
2018-01-16,-0.006389628006630614,-0.0038967890823077,-0.0024928389243229158,0.024005727604441595
2018-01-17,-0.006139500191741629,-0.0018846797694223733,-0.004254820422319259,-0.00848750789970564
2018-01-18,0.001409645239425848,0.0015171890167267844,-0.0001075437773009353,-0.05268699809313291
2018-01-19,-0.00041297576058380806,0.00037802412216609085,-0.000790999882749898,0.09102477467505111
2018-01-22,-0.0026249541491344423,-0.0005800710256316788,-0.0020448831235027644,-0.050644516049162695
2018-01-23,0.004098674028617974,0.001903523676557486,0.002195150352060491,0.0038187887439766256
2018-01-24,-0.0024315028233266828,-0.001336109882034359,-0.0010953929412923242,0.008066638201016052
2018-01-25,6.666965045686295e-05,-0.00045832910196398277,0.0005249987524208501,-0.061063494396123116
2018-01-26,0.00035189655990042743,0.0002923243617040758,5.957219819635205e-05,-0.11583132189243502
2018-01-29,-0.0026982270718769862,-0.0012164115281883,-0.0014818155436886853,-0.10144591368828483
2018-01-30,-0.005594129060762759,-0.0035847733046607093,-0.0020093557561020534,-0.0013492630145048121
2018-01-31,-0.00485962588123157,-0.0017327815421566521,-0.003126844339074916,0.06381519380285285
2018-02-01,-8.022907945081433e-05,0.0002430971048423586,-0.0003233261842931726,-0.020569973773421735
2018-02-02,0.0027992614745976033,0.0017938605200434384,0.001005400954554165,0.04920754270207156
2018-02-05,-0.001033106014457049,-0.001522211811995803,0.0004891057975387539,0.04435885711381476
2018-02-06,0.0024116259258353057,0.0008626847803102789,0.0015489411455250268,-0.07039430357615474
2018-02-07,0.002388383027657719,0.0018336207535199131,0.0005547622741378063,-0.030670874748974956
2018-02-08,-0.0037616778578993537,-0.001840363277985313,-0.0019213145799140338,0.0662349808250941
2018-02-09,-0.001503867760579057,-0.0003943256150692248,-0.0011095421455098319,0.05624015864565467
2018-02-12,0.0028751929280788086,0.0013207378322380651,0.001554455095840744,0.042568536368089605
2018-02-13,0.002462412037355547,0.001258527247867165,0.0012038847894883823,-0.06826638425258116
2018-02-14,0.002230966681100638,0.0004997120890546311,0.0017312545920460075,0.1335148030978984
2018-02-15,-0.004035903058124285,-0.0017143542458555212,-0.002321548812268766,-0.013129727945583872
2018-02-16,0.006579538505777622,0.003841225546525013,0.0027383129592526076,0.0893421272297064
2018-02-19,-0.0005811350933075657,-9.287106782804484e-05,-0.0004882640254795217,0.021585996816032404
2018-02-20,0.00370046411144512,0.0017535447399880917,0.0019469193714570275,-0.025743193093138477
2018-02-21,0.0008067022460865917,0.0013797857047116863,-0.000573083458625093,-0.1010579236713303
2018-02-22,-0.000998472452424393,-0.0004205453962732122,-0.0005779270561511816,-0.02342027679284239
2018-02-23,-0.0035424425601682124,-0.0018521111027299329,-0.0016903314574382797,-0.009700416092842765
2018-02-26,-0.0011839268765905504,-0.000322797974640604,-0.000861128901949948,-0.11584856128300293
2018-02-27,-0.0004341444912716319,0.0002461027195077622,-0.0006802472107793958,0.09188919756112245
2018-02-28,-0.006583248672569772,-0.004199186204374136,-0.0023840624681956343,-0.00037790258630000486
2018-03-01,0.0047353843078339584,0.0017032858211606249,0.0030320984866733327,-0.11575679908784393
2018-03-02,1.3329469835274738e-05,0.0008884300988539183,-0.0008751006290186436,-0.04466282652007479
2018-03-05,-0.007906742824522701,-0.0031575109849815014,-0.004749231839541193,-0.034795887629835535
2018-03-06,-0.003551662067494918,-0.0016927205896330056,-0.0018589414778619143,0.04505409708811669
2018-03-07,-0.0020981596460193544,-0.0016999472848721747,-0.00039821236114717835,0.10467559424374386
2018-03-08,0.0028512623188788316,-7.034527862912615e-05,0.0029216075975079595,-0.06970177051426964
2018-03-09,0.006975966871122878,0.0028009014013908934,0.004175065469731985,0.08278935614559492
2018-03-12,-0.00446353252703025,-0.0027663935229578357,-0.0016971390040724163,0.07663047701881787
2018-03-13,0.005095423021676946,0.003330387975501701,0.0017650350461752458,-0.004122555019834029
2018-03-14,0.003259690491354798,0.002073095851510866,0.001186594639843934,0.005609093348739995
2018-03-15,-0.00025353823173924084,-0.001066480093042027,0.0008129418613027871,0.013025341678633954
2018-03-16,0.00025219248803736284,0.00016295481798104595,8.92376700563169e-05,0.016790720751441807
2018-03-19,0.0008113052595701449,0.0008700920876442506,-5.8786828074104854e-05,-0.025296034690545355
2018-03-20,0.0009861341217100928,0.0014530190803371396,-0.0004668849586270457,0.0001349454470074742
2018-03-21,-0.0013927238881676172,-0.0012246705267656526,-0.00016805336140196352,-0.019515857828104142
2018-03-22,-4.156692595744401e-05,-0.0008359420993641013,0.000794375173406657,-0.023081753650530466
2018-03-23,-0.0009133685614481687,-0.0005490474859582185,-0.00036432107548995014,0.1094781190382132
2018-03-26,-0.0009739845243355268,0.00038127684785837796,-0.001355261372193905,0.04480876647933251
2018-03-27,0.005178593479397094,0.003511513934474207,0.0016670795449228795,0.018154137814261673
2018-03-28,0.0026596597685561167,0.0011486315598851025,0.0015110282086710164,-0.010567325064683232
2018-03-29,0.0011015268987397855,-3.8910819521239355e-05,0.0011404377182610249,-0.00020780697812699506
2018-03-30,-0.000601616706331486,-0.0008635448322247496,0.00026192812589326394,-0.03476176721528146
2018-04-02,-4.105273042501927e-05,-0.0006719651435307802,0.0006309124131057614,-0.023890822996662172
2018-04-03,-0.0017909556595008971,-0.0013155141505245993,-0.0004754415089762981,0.02416998713007291
2018-04-04,-0.0011916715582283612,-0.0003386781755834352,-0.000852993382644926,0.053217493247562184
2018-04-05,0.001193869891341408,0.00031178011921627335,0.0008820897721251338,0.060604106973871315
2018-04-06,0.002985182821276736,0.0022106194574496585,0.0007745633638270772,0.07958569492160279
2018-04-09,0.0033258586587532656,0.0010844967738573262,0.002241361884895942,0.10014229265866323
2018-04-10,0.005123191163275507,0.0028686804329378437,0.002254510730337663,0.013999103479792696
2018-04-11,0.006936459642929748,0.002958191753189521,0.003978267889740228,-0.007726172293178256
2018-04-12,0.0009311900809230592,7.361417309226237e-06,0.0009238286636138356,-0.045123954320083426
2018-04-13,-0.00043855806505729736,-5.831202303465451e-05,-0.00038024604202264306,-0.1625672113468779
2018-04-16,-0.0024705174904543128,-0.0015389271748712202,-0.0009315903155830924,0.04833876512666273
2018-04-17,-0.009760082248834933,-0.00521229226204576,-0.004547789986789168,0.01767735447182558
2018-04-18,0.0030738735054654165,0.002546120898129791,0.0005277526073356252,-0.11125491120409596
2018-04-19,0.00091957756124251,0.0008386837047973834,8.089385644512864e-05,-0.13588770210707282
2018-04-20,-0.0063107023137319515,-0.004148980935276084,-0.0021617213784558675,-0.03011134694740821
2018-04-23,-0.007620693701491356,-0.002899015052655437,-0.004721678648835919,-0.007579176505717627
2018-04-24,-0.0017688707077154742,-0.0025944830720103706,0.0008256123642948962,0.08434205088228262
2018-04-25,-0.0003378178732477439,-8.204405831847839e-05,-0.00025577381492926377,-0.1358641865373417
2018-04-26,0.003989799382065742,0.0017801692600415819,0.0022096301220241605,0.017201460573388068
2018-04-27,-0.0075391389099019,-0.004791663715258196,-0.002747475194643703,-0.06726306601838995
2018-04-30,0.0009207467229440797,0.00031054486755363597,0.0006102018553904437,-0.05710551906527557
2018-05-01,-0.0034463844767943317,-0.00156509682269372,-0.001881287654100611,0.07926572180144706
2018-05-02,-0.003069724947526298,-0.00026655654728276884,-0.0028031684002435293,0.030090757632007966
2018-05-03,0.00364288395782485,0.0015412250508027494,0.0021016589070221,-0.06234968601352858
2018-05-04,0.001288848620817524,0.0003462275815056202,0.0009426210393119037,-0.0889352799040391
2018-05-07,-0.0026221725656647476,-0.0009138407033737039,-0.0017083318622910446,0.11215739127884732
2018-05-08,-0.004475083563468601,-0.0009327090075666733,-0.0035423745559019296,-0.008184506036653678
2018-05-09,0.006234541640994875,0.004361081489124702,0.0018734601518701724,0.04080710703902866
2018-05-10,-0.00031869766149196944,0.0006432180424818358,-0.0009619157039738044,0.05541337521812234
2018-05-11,0.001790303882759769,0.001382086226759418,0.0004082176560003502,-0.04622154459509388
2018-05-14,0.0022712299713889164,0.000819043605052654,0.001452186366336262,-0.06457504622971198
2018-05-15,-0.0020313870345191063,-0.000875209869101781,-0.0011561771654173244,-0.0903984256129706
2018-05-16,-0.00309188715925503,-0.0022627739961603773,-0.0008291131630946517,0.05364253217570669
2018-05-17,-0.004898707975794372,-0.0014040946113717985,-0.003494613364422575,-0.2065504778539417
2018-05-18,0.0028588944079735107,0.0015162240358259779,0.0013426703721475335,-0.057140838551732576
2018-05-21,-0.011059863884137764,-0.005610375520290648,-0.005449488363847116,0.06785271302474283
2018-05-22,-0.002926864486647656,-0.0013688508208867416,-0.0015580136657609145,0.08230586812554018
2018-05-23,0.003998060076050633,0.002139149115152413,0.00185891096089822,0.1074470563184054
2018-05-24,0.005532652280315434,0.001877968206288362,0.0036546840740270693,0.03229219338516242
2018-05-25,0.0055407212061038096,0.0019170859015187232,0.00362363530458509,0.022152606948713512
2018-05-28,0.0017215773537255883,0.0006371183826187066,0.0010844589711068824,0.05262671099848903
2018-05-29,0.0011090585921777571,0.0009132936811752129,0.00019576491100254398,0.05815342516415054
2018-05-30,0.0027249154836137025,0.0011665105697323806,0.0015584049138813224,0.03905459875822461
2018-05-31,0.0030603916595316645,0.001598528338398983,0.0014618633211326815,0.0105309497297722
2018-06-01,0.0022335167385902762,0.000798973243284231,0.001434543495306046,-0.009759846277935701
2018-06-04,0.0006465577529340059,0.0018825858303709933,-0.0012360280774369875,-0.061196847923272076
2018-06-05,-0.0005911667058022688,-0.002002064797463043,0.0014108980916607752,0.0045249751596551716
2018-06-06,-0.0031425742489417053,-0.0018038640883473076,-0.0013387101605943975,-0.01881195296381844
2018-06-07,0.00021901001437528954,-0.0002825688580866525,0.0005015788724619438,0.07519940120785563
2018-06-08,-0.0010894103925640872,-0.001701091135909231,0.0006116807433451431,-0.0019110116051641868
2018-06-11,0.00372726321743317,0.0013930060043007668,0.0023342572131324034,0.010826467914668188
2018-06-12,-0.00015096642076020683,-0.0012367151300774794,0.0010857487093172743,-0.04933716195092057
2018-06-13,0.0005627024669475981,0.00015489744618043524,0.0004078050207671634,-0.1509308586136351
2018-06-14,-0.00253103839399517,-0.0019093281716732191,-0.0006217102223219501,-0.08626060326628916
2018-06-15,-0.009349108734063749,-0.004430444411852062,-0.004918664322211689,-0.11631337725423477
2018-06-18,-0.005078435030043411,-0.0021471601712007293,-0.0029312748588426803,-0.1050192203579959
2018-06-19,-0.007676267324536346,-0.0027347236715328793,-0.004941543653003467,-0.16664777128962355
2018-06-20,-0.0067638523285103655,-0.004296511281422973,-0.0024673410470873926,0.03304026369599617
2018-06-21,-0.01271444268016235,-0.006405697170611211,-0.006308745509551137,0.08777393403046471
2018-06-22,0.001683145876990839,0.000105327809439313,0.0015778180675515285,0.1335329898432942
2018-06-25,0.004273149863764728,0.002166626556107821,0.0021065233076569025,0.07634237127653305
2018-06-26,0.006152090389097789,0.0035836564841200576,0.0025684339049777336,0.05470880535604994
2018-06-27,0.003491504326940261,0.0012014256635685741,0.002290078663371685,0.08286677563863788
2018-06-28,0.002534278144190532,0.0013780864532599215,0.0011561916909306109,0.043037434483761364
2018-06-29,0.00441516496961659,0.0024114947852692833,0.0020036701843473073,0.08478600034491907
2018-07-02,0.0018823219425981794,0.0004336302518501839,0.0014486916907479955,-0.011259751015430046
2018-07-03,0.005267486680430776,0.0032200057298555247,0.0020474809505752513,-0.004090696834812595
2018-07-04,-0.0006450634602130956,-0.0002882568830796259,-0.00035680657713346936,0.006148707806229328
2018-07-05,-0.00022957625513338496,-0.00014537906072776977,-8.419719440561557e-05,0.0614097647023357
2018-07-06,0.00036310848653474436,-0.00025416555537984,0.0006172740419145839,0.0034131296634950935
2018-07-09,0.003265314528256069,0.0017353092799854836,0.0015300052482705925,0.02764524210431052
2018-07-10,0.00022993797297355745,-0.001099164925458589,0.0013291028984321466,-0.07062753303442532
2018-07-11,0.0020222423635260856,-0.00013337999014723632,0.002155622353673322,0.062260126047181244
2018-07-12,-0.005097219866577775,-0.0036783883815256755,-0.001418831485052099,0.012789496709470268
2018-07-13,0.0034107917102925425,0.0013318324431656299,0.0020789592671269135,0.10629164986654742
2018-07-16,0.0008431753890762394,0.0004620163237803489,0.0003811590652958857,0.042989463208597735
2018-07-17,0.007754704878105232,0.00436553478108136,0.003389170097023872,-0.0018790619666355065
2018-07-18,0.0031649808525566698,0.0015802471879017704,0.001584733664654902,-0.11576849407009045
2018-07-19,-0.00016523992167275046,-0.0002795176207626218,0.00011427769908987223,-0.0333675397754486
2018-07-20,-0.012119908690470005,-0.00532201493941626,-0.006797893751053753,-0.003388451271568021
2018-07-23,-0.0024422337648054952,-0.002671300156975559,0.00022906639217006725,0.01597022829658822
2018-07-24,-0.000263094338815171,-0.0004110915629480967,0.00014799722413292096,-0.03325637941356917
2018-07-25,0.0013780249046523555,0.0005689157455666914,0.0008091091590856671,-0.02462590431451962
2018-07-26,-0.002747905140270781,-0.0012805459484588437,-0.0014673591918119323,0.00400978651969804
2018-07-27,-0.0015230512364819999,0.00028700130674554764,-0.0018100525432275492,0.03556529840737121
2018-07-30,0.00022219549564103484,-0.00020259126805152738,0.000424786763692557,0.002589138239845243
2018-07-31,0.0023065927208999423,0.0013987634612429318,0.0009078292596570105,0.014421833294422452
2018-08-01,0.00018115175837016707,2.3320887365503953e-05,0.0001578308710046629,-0.0031655175595248584
2018-08-02,0.0008895851520645937,0.0006845424908073737,0.00020504266125721989,-0.0725097787615337
2018-08-03,-0.0001400396235868891,0.0009342145268847728,-0.0010742541504716614,-0.05177577949325143
2018-08-06,-0.00575176418542935,-0.003737751593607318,-0.0020140125918220323,-0.030620190077159586
2018-08-07,-0.003665101894261836,-0.001520815322182078,-0.0021442865720797573,-0.08481577218900585
2018-08-08,-0.0022293305001857815,-0.0005756481429660173,-0.0016536823572197643,0.027720581626868867
2018-08-09,-0.006070817979354715,-0.0030385725089217483,-0.0030322454704329663,0.0004107693508343935
2018-08-10,0.00157724640196135,0.0008030477612268015,0.000774198640734549,-0.03172612924863634
2018-08-13,8.551094706654846e-05,0.0010835865098157219,-0.0009980755627491747,-0.012701962581182643
2018-08-14,-0.0021481190607306835,-0.00105046983326282,-0.0010976492274678631,-0.014888937677404691
2018-08-15,-0.0008433373373538465,-0.00034574635652064555,-0.0004975909808332003,-0.010336679989133032
2018-08-16,-0.0009275199400360266,0.0007492221764053035,-0.0016767421164413316,0.036923728574219765
2018-08-17,-0.0008303108046085715,0.0006674214263128987,-0.001497732230921471,-0.0485644037927989
2018-08-20,0.0026840598658681,0.0015528561831217149,0.0011312036827463854,0.04473891987518294
2018-08-21,-0.0035173601464566634,-0.001814965369144905,-0.001702394777311757,0.014417071051441034
2018-08-22,0.0032291393923940164,0.00025239847210579286,0.0029767409202882227,-0.026351211150560612
2018-08-23,0.0009649172700838047,2.243610591343327e-05,0.0009424811641703719,0.051895103081258866
2018-08-24,-0.0016466201071120745,-0.00034996458131906095,-0.0012966555257930132,-0.011317467997400585
2018-08-27,0.0031970191770113424,0.0012380963646151967,0.0019589228123961452,0.0035113831267195622
2018-08-28,-0.0006696223724072295,0.00017910978373144627,-0.0008487321561386763,0.046378800821270015
2018-08-29,0.0002739026198071712,0.00013007345880506217,0.00014382916100210905,-0.018600707347749112
2018-08-30,0.002861419973064718,0.0008042640107544154,0.0020571559623103006,0.008957746799858236
2018-08-31,-0.001357468393288104,-0.0007173845030338574,-0.0006400838902542467,-0.06129798247990135
2018-09-03,0.0007770368664717577,0.0018954987512875242,-0.001118461884815767,-0.11740167940065213
2018-09-04,-0.004155026096091459,-0.0030061540708103563,-0.0011488720252811023,-0.019611832173650128
2018-09-05,-0.008012193203903135,-0.0036259394352327126,-0.004386253768670419,-0.09586286124908695
2018-09-06,-0.001593319643513247,0.00011252374641413342,-0.0017058433899273823,0.04709879841891904
2018-09-07,-0.009006946499161887,-0.0035328391439720733,-0.005474107355189814,-0.14999968844811812
2018-09-10,0.0036201596188830997,0.0006247716100781127,0.002995388008804986,0.002398587122269606
2018-09-11,-0.011685276830547636,-0.005644293017008556,-0.006040983813539097,-0.005279440223711413
2018-09-12,0.00010208600704657289,-0.0009617501244704278,0.0010638361315170007,-0.00030261270905192477
2018-09-13,-0.00038149938712962977,-0.0008054141946321063,0.00042391480750247586,0.042009824416753515
2018-09-14,-9.905755417497853e-05,-0.000954144408607022,0.0008550868544320439,0.029872739239791283
2018-09-17,0.0020713081465673884,0.0006435221095665924,0.0014277860370007917,0.03875384944966729
2018-09-18,0.0018867180725194261,0.0009774628060929703,0.0009092552664264559,0.03305761685974582
2018-09-19,0.002155704102920216,0.001686702201186472,0.0004690019017337425,0.01650632528306085
2018-09-20,0.0016776460420102205,0.0015122161611597768,0.0001654298808504394,-0.13235674382185558
2018-09-21,0.0009135253890164819,-0.0006032100212936663,0.001516735410310147,0.02388077194966414
2018-09-24,-0.009630190310877414,-0.005603163529574108,-0.00402702678130331,0.052582600224261346
2018-09-25,0.001996557607788399,0.001071599113710535,0.0009249584940778652,-0.018397307785999042
2018-09-26,0.0030195882851784457,0.0016898619221454442,0.0013297263630329993,-0.0412228398353252
2018-09-27,-0.0011176149666241478,-0.0010123649780676121,-0.00010524998855653608,-0.014069342307659403
2018-09-28,-0.0026830462687918175,-0.0005029706926240052,-0.0021800755761678114,-0.030674978291075208
2018-10-01,-0.0008640758052266333,0.0010058970944310259,-0.0018699728996576601,0.054469293918617316
2018-10-02,-0.0016544123917641934,-0.0013716326777121896,-0.0002827797140520054,-0.013871545512180897
2018-10-03,0.00269588496775123,0.0005506022311276302,0.0021452827366236,-0.035674042433712756
2018-10-04,-0.0007603000259244537,-0.001048619423900104,0.00028831939797565025,-0.08236515087609927
2018-10-05,-0.0022982595023408633,-0.002755237925868518,0.00045697842352765417,-0.025493391143188812
2018-10-08,-0.004791754376470851,-0.0036327312229105994,-0.001159023153560252,-0.04662761252137219
2018-10-09,-0.0017202317939385057,-0.0006047054127968285,-0.0011155263811416759,-0.09809772122747178
2018-10-10,-0.002828205820237059,-0.0018269362011628168,-0.0010012696190742423,-0.0346718323352297
2018-10-11,-0.005789730008696243,-0.0027517603878012137,-0.0030379696208950296,-0.0032508971357852823
2018-10-12,-0.002169527631910464,-0.00037827212050218703,-0.0017912555114082754,0.15203933176403167
2018-10-15,-0.00028710375069510865,-0.0013589480496983969,0.0010718442990032863,-0.05201915130375375
2018-10-16,0.006959260308454995,0.0034175927341851126,0.003541667574269887,0.04802635147529464
2018-10-17,-0.0027480559872152203,-0.00284184881738523,9.379283017000965e-05,-0.12146614720833868
2018-10-18,0.0026152381667444557,0.0011413156007750698,0.0014739225659693841,0.0007892167919850293
2018-10-19,-0.006871551033160159,-0.0034810367637782003,-0.0033905142693819584,-0.057670566672040284
2018-10-22,5.463062237372066e-05,6.424065083224066e-06,4.820655729049681e-05,0.08554900487013148
2018-10-23,-0.003005504169413526,-0.0017746953506619935,-0.0012308088187515328,0.028820700769387458
2018-10-24,0.00414135813012112,0.002269686466955795,0.0018716716631653248,0.0545926832523141
2018-10-25,0.0014164785855779322,0.0006755679069217306,0.0007409106786562016,0.021092317576677736
2018-10-26,0.002702865338646877,0.0007294796550852238,0.0019733856835616563,-0.04328281679379999
2018-10-29,0.0012296710804557283,0.0018647688342011983,-0.00063509775374547,-0.1086526782249598
2018-10-30,-0.0024769681889862103,-0.0027461947751189434,0.0002692265861327335,-0.02182030545532308
2018-10-31,-0.006171097729225604,-0.002784272170887372,-0.003386825558338231,-0.07594574765712761
2018-11-01,-0.001139727415886763,-0.00034927603761431784,-0.0007904513782724457,0.009482343111381884
2018-11-02,-0.004073547892772292,-0.0011757691639317173,-0.002897778728840573,0.009627275062778608
2018-11-05,0.00036887585061284476,-0.001478529948047265,0.0018474057986601032,-0.006791429329720614
2018-11-06,0.00047485422681034495,-0.00032807436233418547,0.0008029285891445305,0.008725391398044114
2018-11-07,-0.0003978907744191432,-0.0008996979853707014,0.0005018072109515583,0.008406318822558313
2018-11-08,0.0004607623902541773,0.0004887894081007714,-2.8027017846593474e-05,-0.11545236988229939
2018-11-09,0.0004043626573494404,-0.00010371907287909116,0.0005080817302285318,0.008226950987005937
2018-11-12,-0.0067563342352845775,-0.0031282260114226523,-0.003628108223861927,-0.07023125537846536
2018-11-13,0.0005047118463849222,0.0010697890860193347,-0.0005650772396344128,-0.02952050858030907
2018-11-14,-0.0033455661210907792,-0.0015466397809584566,-0.0017989263401323227,-0.0031332730969077026
2018-11-15,-0.0013878391116630708,-0.0006715662106145835,-0.0007162729010484879,-0.004432609008538347
2018-11-16,-0.0001730933124301181,-0.00034179096199720045,0.00016869764956708262,0.03298590030030277
2018-11-19,-0.00024029046927918413,0.0003190863253496167,-0.0005593767946288023,0.014016884788652786
2018-11-20,0.0015205413452719322,-5.891489038329029e-05,0.0015794562356552225,-0.08611151622970158
2018-11-21,0.0006630923452713175,0.0003286008763368596,0.0003344914689344577,-0.010700045501594238
2018-11-22,-0.004135857213102261,-0.0018184747010437687,-0.002317382512058489,-0.2054960730535367
2018-11-23,-0.0004634453694045504,-0.00023041938225038666,-0.00023302598715416352,-0.016428219616962732
2018-11-26,-0.012563202634845713,-0.005134582446709855,-0.0074286201881358545,-0.029583654143054992
2018-11-27,-0.0007372483314300258,-0.0007733733782114543,3.612504678142739e-05,-0.08326596955062314
2018-11-28,-0.001222989510277339,-0.0006591395415532532,-0.0005638499687240853,-0.04574714779306047
2018-11-29,-0.003763814059551571,-0.001788105828195408,-0.001975708231356162,-0.08875863960139163
2018-11-30,-0.0019963059412456802,-0.00045636324809232044,-0.0015399426931533603,0.021699113855679807
2018-12-03,-0.004208905864469584,-0.002128020019146651,-0.0020808858453229325,-0.06670874360869751
2018-12-04,0.0008393244870901489,-0.0006625092321580857,0.0015018337192482345,-0.08286950135487439
2018-12-05,-0.0029825432996667812,-0.0017749527773877633,-0.0012075905222790183,-0.05498107961741725
2018-12-06,-0.0036555999544026743,-0.0015999765702259467,-0.002055623384176728,0.055368150076515445
2018-12-07,-0.0027970703455373093,-0.0006140962581040847,-0.002182974087433228,-0.18638866800869594
2018-12-10,0.002843578134374991,0.0004905178010382403,0.0023530603333367494,0.005090422398472269
2018-12-11,-0.012323858506032175,-0.005444464301422879,-0.006879394204609295,-0.03414296565174096
2018-12-12,0.0003304405817193964,0.0005325755220337599,-0.00020213494031436335,-0.07406458919811042
2018-12-13,-0.0017534599116973944,-0.00011469057295377966,-0.0016387693387436147,-0.030277701051539995
2018-12-14,-0.0036844224942788138,-0.0011423793963362943,-0.002542043097942521,-0.07141268362957623
2018-12-17,-0.0015765780623084623,-0.000805183295475919,-0.0007713947668325401,0.01350561705302283
2018-12-18,-0.003436397187464568,-0.0015406780739157765,-0.0018957191135487916,-0.04745291899017223
2018-12-19,0.0007195580584489828,0.0007528313228683439,-3.327326441936087e-05,0.012492180091022171
2018-12-20,-0.0022089346434193413,-0.0013902527861826722,-0.0008186818572366705,0.04072489621571667
2018-12-21,0.0005236352163554264,-0.0006157286047049522,0.0011393638210603781,0.08460822669361008
2018-12-24,0.0021203962901470558,0.0007726899778522298,0.001347706312294826,0.03694508072779416
2018-12-25,0.004324010942204583,0.0018557296075919247,0.002468281334612659,0.06509919690964756
2018-12-26,0.001986626302992985,0.00016597295356305872,0.001820653349429926,0.04182895139303699
2018-12-27,0.003272903618258675,0.0008780028177794155,0.0023949008004792594,-0.01422859807720217
2018-12-28,0.0025719463441901355,0.0023058233349130953,0.00026612300927704013,0.13426084603773936
2018-12-31,-0.0008871144159529356,-0.0004976897634229012,-0.00038942465253003367,-0.02500577936299641
2019-01-01,0.007006637047854206,0.003693793078539037,0.0033128439693151726,0.06196142455610038
2019-01-02,-0.0016972260989130447,-0.0019191875947422114,0.0002219614958291667,-0.044626766459748564
2019-01-03,0.003383573019237916,0.0017878540473520773,0.0015957189718858384,-0.03195379935375544
2019-01-04,-0.002791934571057058,-0.0015272723696200668,-0.0012646622014369953,0.08101576376709896
2019-01-07,-0.0018684286567124183,-0.0021642341515603312,0.00029580549484790886,0.033333452591827815
2019-01-08,0.003920804338167057,0.001424213287102078,0.002496591051064979,0.05853804870298556
2019-01-09,0.0018166302746851046,0.0010894375367940141,0.00072719273789109,-0.032072034472661895
2019-01-10,0.0030284577276097823,0.0014843621970384822,0.001544095530571301,0.02719045885989557
2019-01-11,-0.0018305259698080797,-0.0007418539957936591,-0.0010886719740144223,0.10519019299698887
2019-01-14,0.001641887243763837,0.0019240054243708019,-0.00028211818060696475,-0.05028780382738523
2019-01-15,0.006440219125708913,0.002615829519474198,0.003824389606234715,0.05503470208470131
2019-01-16,-0.002806458696880106,-0.0014046538983203552,-0.0014018047985597509,0.013357126077404403
2019-01-17,0.002513828724332565,0.0011951651620392151,0.0013186635622933485,-0.02160776540145391
2019-01-18,0.0006871344766569889,0.0005261728276018422,0.0001609616490551467,-0.041516460972622286
2019-01-21,-0.0010633639419896242,-0.00037508709149464137,-0.000688276850494985,-0.058609391860371576
2019-01-22,-0.0021347572879880632,-0.0022313838908581303,9.662660287006717e-05,-0.03117376828489257
2019-01-23,-0.0030097293597370943,-0.002041402869527859,-0.0009683264902092346,-0.1052933148602121
2019-01-24,-0.0016671076915084275,-0.0014169402349603246,-0.00025016745654810307,-0.11510570056733749
2019-01-25,-0.0059018110520948205,-0.002118332015626681,-0.0037834790364681403,-0.040099291890537535
2019-01-28,-0.0065624098607121786,-0.0035254568139409036,-0.0030369530467712746,-0.06397037806239038
2019-01-29,-0.0024443647157213182,-0.0008908732074731952,-0.0015534915082481213,-0.04959376960850392
2019-01-30,-0.004556254131444129,-0.0022670103595526445,-0.0022892437718914846,0.02867873366356906
2019-01-31,-0.00287576652790166,-0.002045931648408222,-0.0008298348794934379,0.06313351912223758
2019-02-01,0.0014447304371930582,0.0004595690058836338,0.0009851614313094257,0.024863650494512286
2019-02-04,0.0039036394338298848,0.0025955966158624,0.0013080428179674847,-0.06336373401427324
2019-02-05,0.001254354135484555,0.0007731514221812896,0.00048120271330326543,-0.01564191414416014
2019-02-06,-0.0030984413291441485,-0.0010341489107004668,-0.002064292418443683,0.06107093328353194
2019-02-07,-0.0007432201865186952,0.0004602277152829439,-0.0012034479018016395,-0.08857660814166601
2019-02-08,0.003083718255634865,0.00211084052142441,0.0009728777342104533,-0.028988725175383888
2019-02-11,-0.006121730815120284,-0.002889370489790384,-0.003232360325329902,-0.0158605627817702
2019-02-12,-0.001648822949447043,-0.0012170340024932665,-0.00043178894695377733,-0.0724868461278219
2019-02-13,-0.0007819531395396774,-0.0004827905080774914,-0.000299162631462186,0.08703760518881462
2019-02-14,-0.004105335537447038,-0.002836368463081702,-0.0012689670743653344,-0.015035933007446123
2019-02-15,0.005700222802493187,0.0028533121952148024,0.002846910607278385,-0.03477865068197601
2019-02-18,-0.000769788477795214,-0.0002078250749545426,-0.0005619634028406727,-0.0006497680861396446
2019-02-19,-0.0016104315815382753,-0.0010082469615593677,-0.0006021846199789072,-0.06947999405467793
2019-02-20,-4.211209818306147e-05,-0.0001643876353712144,0.00012227553718815293,0.08515212239264844
2019-02-21,-0.00349359221892475,-0.0022314814961845756,-0.0012621107227401744,-0.08225224229072856
2019-02-22,0.006310191460198728,0.004681106949553579,0.001629084510645147,-0.06772771176298387
2019-02-25,-0.005234378782738877,-0.0015860246331877732,-0.0036483541495511036,-0.11395895987175797
2019-02-26,-0.004586897998896097,-0.00016389345571964087,-0.004423004543176456,0.021705778973713723
2019-02-27,-0.007096003588331406,-0.003322182867554223,-0.003773820720777185,-0.06806816605630243
2019-02-28,0.0010252685160267777,8.204846830624224e-05,0.0009432200477205339,-0.049367239229830696
2019-03-01,-0.003485587182122887,-0.0008380328539789434,-0.002647554328143944,-0.05951598269170857
2019-03-04,-0.00246673998053913,-0.0005505964998778715,-0.0019161434806612583,0.04679169146759654
2019-03-05,-0.003160935585858477,-0.001739413994844433,-0.0014215215910140418,-0.05361575521535063
2019-03-06,0.0021852776602834284,0.0008916595338731726,0.0012936181264102562,-0.06191273458944389
2019-03-07,-0.002731292907628566,-0.0020412306929342913,-0.000690062214694274,0.04956712649560054
2019-03-08,-0.0031887609790084885,-0.0011439313903839309,-0.0020448295886245534,-0.0479757565582957
2019-03-11,0.002249833932452149,0.0005413196556624008,0.001708514276789748,0.01635850971452675
2019-03-12,-0.0023393633086509482,-0.001292885030107614,-0.0010464782785433338,-0.03910407682985368
2019-03-13,0.0008196773422172903,0.0006255828552820513,0.00019409448693523922,-0.025635526515402945
2019-03-14,-0.0021377899440933722,-0.0011810892325331418,-0.0009567007115602322,0.029496198459790925
2019-03-15,-0.001204512365483668,-0.0005293545596289275,-0.0006751578058547415,-0.00026079269780296236
2019-03-18,0.0012983896617793863,0.0006129286591843863,0.0006854610025949989,0.06269082599149697
2019-03-19,-0.00011845524316379157,-0.001429983220764517,0.001311527977600726,-4.2630951209965696e-05
2019-03-20,0.0027096242068549753,0.0007625431048509257,0.00194708110200405,0.027328668960012726
2019-03-21,-2.6408771598315523e-05,-0.0004125824706994515,0.00038617369910113643,-0.10650713632545822
2019-03-22,0.0019791417710222797,0.0015590251734269524,0.00042011659759532685,-0.07933386162957634
2019-03-25,-0.005000279349532025,-0.0016731151648764825,-0.0033271641846555427,-0.05622561621312296
2019-03-26,-0.003768867046315915,-0.002427111789869745,-0.001341755256446169,0.10885521283542061
2019-03-27,-0.0023486807533400654,-0.0008298642766653955,-0.0015188164766746694,0.03418429321618461
2019-03-28,0.004536268081741761,0.0018718341966923898,0.0026644338850493714,-0.0013988484481598177
2019-03-29,0.0015620184469326951,0.00047780245318900546,0.0010842159937436901,0.0743425831870869
2019-04-01,-7.41836603871354e-05,-0.00021913195080471796,0.000144948290417583,0.023756886321368926
2019-04-02,0.0031277670004865622,0.0007099002688585648,0.002417866731627998,0.03928969013998183
2019-04-03,0.0009270941250175192,0.0005281580439329345,0.00039893608108458253,0.06027238490494907
2019-04-04,0.0016659672385156536,0.00019553662030440642,0.001470430618211246,0.026211688468340148
2019-04-05,0.0026415679019463957,0.0017106944278439283,0.0009308734741024678,0.0087081434625593
2019-04-08,0.001319921319287939,0.0016140369605611837,-0.0002941156412732456,-0.05896724629404535
2019-04-09,0.00039737702447138886,0.0004983862566595616,-0.00010100923218817233,0.000494816864558026
2019-04-10,-0.002843228964160961,-0.0015348212504630544,-0.0013084077136979065,0.03930524264864461
2019-04-11,-5.042130544004211e-05,-0.0008892480351547112,0.0008388267297146697,0.10455875727013965
2019-04-12,0.0017389193978459663,-0.0004886938011933843,0.0022276131990393543,0.03082707283449777
2019-04-15,0.005250227467216073,0.0024986264197583846,0.00275160104745769,0.032628967832249806
2019-04-16,0.0014416420523172642,-9.775377098354232e-05,0.0015393958233008067,-0.038829076425551286
2019-04-17,0.0017988457035359074,0.0016220554952193732,0.00017679020831653548,-0.15494553671704855
2019-04-18,-0.0020695943629793433,-0.0007819383560217115,-0.0012876560069576305,-0.012380337084029427
2019-04-19,-0.008627142364697414,-0.003922433248785006,-0.004704709115912406,-0.08255437202750106
2019-04-22,-0.0005593626133992954,0.0009662807163931461,-0.00152564332979244,-0.011793302733689094
2019-04-23,-0.004023771007235531,-0.0011159689152031274,-0.0029078020920324027,-0.05672672165020571
2019-04-24,-0.0005120649766859122,8.800504626622907e-05,-0.0006000700229521413,-0.06097397748389004
2019-04-25,-0.0031088742490377364,-0.0013017352835036303,-0.0018071389655341065,0.035829421049021794
2019-04-26,-0.0033809640054179285,-0.0015685611512521501,-0.00181240285416578,0.04463129873482157
2019-04-29,0.0017789303860070002,0.0010294926383179514,0.0007494377476890491,0.04460947010055511
2019-04-30,0.0022310821446696718,0.0007970512093130426,0.0014340309353566318,0.014205732231853585
2019-05-01,0.0023663805286864553,8.590855300874556e-05,0.00228047197567771,0.02292996696459524
2019-05-02,0.000901131250068632,0.0006414459348976255,0.00025968531517100817,-0.056896777729551484
2019-05-03,0.0014099243774100053,0.0014113601817680524,-1.4358043580447316e-06,-0.019871181128562634
2019-05-06,-0.00393187221134116,-0.002163514322445593,-0.0017683578888955682,-0.035246089997641034
2019-05-07,-0.0011091391199323764,0.00022858906296630704,-0.0013377281828986856,-0.05584903303748487
2019-05-08,-0.0020771200247110305,-0.001382159534687254,-0.000694960490023776,-0.002847658217964327
2019-05-09,-0.002897477763969779,-0.0011642557523647568,-0.001733222011605022,-0.04552623093927848
2019-05-10,-0.00016962090959400888,-0.00010651374515278532,-6.310716444122313e-05,-0.03294901443772741
2019-05-13,-0.0026604915249001373,-0.0015067058267426334,-0.0011537856981575045,-0.07023608586037035
2019-05-14,-0.0018200676715374848,-0.001128380610531686,-0.0006916870610057992,0.009962068684933385
2019-05-15,-0.0037967761187958646,-0.001652393598641744,-0.0021443825201541197,-0.0114425704826744
2019-05-16,0.0006692986774493599,0.00042497415109807313,0.0002443245263512861,-0.0952153721277209
2019-05-17,-0.0007802628020406752,0.000394082884518936,-0.0011743456865596115,-0.07798613204580326
2019-05-20,-0.006558886829059379,-0.0029955681895148917,-0.0035633186395444883,-0.021305298267583983
2019-05-21,-0.005591245693502254,-0.0030223988765875065,-0.002568846816914744,-0.15724366489084776
2019-05-22,-0.0020066658859011002,-0.0008523653889776633,-0.00115430049692343,0.10040257399501969
2019-05-23,-0.019492459045498206,-0.006824764686321373,-0.012667694359176834,0.016221458881011733
2019-05-24,0.006978656314309868,0.0037025311309945123,0.0032761251833153607,0.04336967609894274
2019-05-27,0.001179036931052398,0.0010816883404125045,9.734859063989174e-05,0.07975171269548943
2019-05-28,0.003747087211386316,0.0022715966935838855,0.0014754905178024323,-0.025987770046590385
2019-05-29,0.006854680603598092,0.004104704362483003,0.002749976241115089,0.016375772527713356
2019-05-30,-0.0018032335726669623,-5.406777581264035e-05,-0.0017491657968543226,-0.007158903525617753
2019-05-31,0.0010857785671355416,0.0011964103152458036,-0.00011063174811026116,-0.04197615438074961
2019-06-03,-0.0004438708317135503,0.0004902430930601772,-0.0009341139247737284,-0.02950584398879314
2019-06-04,-0.002501202434710255,-0.0006771582386374522,-0.0018240441960728029,0.03373647890193336
2019-06-05,-0.0017348452585287627,-0.0010669178569307214,-0.0006679274015980313,0.01678894053861392
2019-06-06,0.00229331856564536,0.0005775700826385378,0.0017157484830068216,0.015996161380021426
2019-06-07,0.001361652727758184,0.0013297456440068151,3.190708375136724e-05,-0.0028963053661999346
2019-06-10,0.0009445202039338905,0.0009066501994788867,3.7870004455001216e-05,-0.029081094970893916
2019-06-11,-0.00024725618746746923,-0.000804943462849015,0.0005576872753815468,-0.018419310314570406
2019-06-12,-0.0023597170044575852,-0.0009962119059857173,-0.0013635050984718705,0.08782881847598722
2019-06-13,-0.0016740369520931628,-0.0006717728877268427,-0.001002264064366321,-0.03123346592241915
2019-06-14,0.009018550856514585,0.0037017689736322645,0.005316781882882322,0.06470624697449348
2019-06-17,-0.0025304831727762907,-0.0015168129213937761,-0.0010136702513825154,0.03227215388714113
2019-06-18,0.005602915724703733,0.003843421378287845,0.0017594943464158824,-0.010647394407184655
2019-06-19,0.0021222799453513835,0.0002425570539941191,0.0018797228913572661,-0.03664233234398883
2019-06-20,-0.0006738331441092714,-0.0004765342287315847,-0.0001972989153776871,0.010016750838568806
2019-06-21,-0.002720196491911086,-0.0018559572772913618,-0.0008642392146197241,-0.0484755153770295
2019-06-24,0.0007826630939795857,0.0017650317913909981,-0.0009823686974114107,-0.026832604542493078
2019-06-25,-0.0034841207783101328,-0.0026219959034156273,-0.0008621248748945044,-0.014258572695942027
2019-06-26,-0.0026369804918168387,-0.0017381716688692414,-0.000898808822947593,-0.030922795223141557
2019-06-27,-0.0011441790314298313,-0.00041619854553652524,-0.0007279804858933078,0.036129567694875075
2019-06-28,-0.002132184657602463,-0.00148569288452478,-0.0006464917730776808,-0.06795738890729418
2019-07-01,0.0024210053000641185,0.0008638817795371748,0.001557123520526945,0.03721213988490558
2019-07-02,-0.004917827846289738,-0.0013605586005404832,-0.003557269245749256,-0.020166357753405
2019-07-03,0.003021246659094755,0.0010043680910218969,0.0020168785680728524,-0.05337334813431543
2019-07-04,-0.001388741854836276,0.00015684858492705234,-0.001545590439763328,0.06733494453716396
2019-07-05,-0.003477962833380807,-0.001585604800259783,-0.0018923580331210235,-0.022846968740366562
2019-07-08,0.0043813798983899956,0.0013822574901693474,0.002999122408220649,-0.05193213002575314
2019-07-09,-0.0013294869419612498,0.001246966897226219,-0.0025764538391874706,0.03856804620360342
2019-07-10,-0.0041525297992311295,-0.0013479395510463885,-0.0028045902481847393,0.058365350911393485
2019-07-11,0.0024383761486919883,-0.00040795179297211867,0.002846327941664107,-0.07932131123467571
2019-07-12,0.0031300239733559644,0.0015900515932855894,0.0015399723800703785,-0.0808412471305757
2019-07-15,-0.005214207260492074,-0.002532141099982961,-0.002682066160509114,-0.0341873024933823
2019-07-16,-0.005067165071348032,-0.002531878675379729,-0.0025352863959683027,-0.0756149621184962
2019-07-17,-0.002767104769289274,-0.001044929675658935,-0.0017221750936303425,0.05302582772161538
2019-07-18,-0.00530382455223476,-0.002584406258561365,-0.002719418293673395,0.10457081466389634
2019-07-19,0.0030474679718526174,0.0005679901166080002,0.0024794778552446155,-0.04171955596211107
2019-07-22,0.006420137914265521,0.001808281559063346,0.004611856355202171,0.056696093511480215
2019-07-23,-0.002580517517502621,-0.0010584715013760796,-0.0015220460161265415,0.05354483482144126
2019-07-24,0.0031485154681706404,0.0007147332131039533,0.002433782255066689,-0.004059308639047315
2019-07-25,0.0032462618619165644,0.0012951649297105773,0.0019510969322059871,-0.006766584031722745
2019-07-26,-0.000296086891744976,-0.0004970860431852183,0.00020099915144024087,-0.07078668652580875
2019-07-29,-0.00042708633342141084,0.0002590090883343235,-0.0006860954217557322,-0.043404249984951244
2019-07-30,-0.004741289322971396,-0.0011048571456339674,-0.0036364321773374297,-0.0004881964476314037
2019-07-31,-0.0022773067082855676,-0.0016774149883398912,-0.0005998917199456777,-0.004278061600597308
2019-08-01,9.45564662018384e-06,0.0007156121619760654,-0.0007061565153558816,0.0028784019315601468
2019-08-02,-0.0002384821699802685,0.00040597305933795513,-0.0006444552293182245,-0.03306758724052207
2019-08-05,0.00025301410246116615,0.001122881181286577,-0.0008698670788254113,0.031117048196027338
2019-08-06,-0.0019716630547414035,-0.00044670087594550836,-0.001524962178795896,-0.018632744244358974
2019-08-07,0.0019268530155795893,0.0019337837664244661,-6.930750844876335e-06,0.0077089631855039404
2019-08-08,-0.001103246666277111,-0.000158208808434512,-0.0009450378578425983,-0.12364865692110541
2019-08-09,0.0005474692927324934,0.0008609773571621828,-0.0003135080644296887,-0.09411860711453345
2019-08-12,-0.008668062138513767,-0.0042789597547727015,-0.004389102383741066,-0.14772320810981507
2019-08-13,-0.006558538379143342,-0.0012386565586662039,-0.005319881820477136,-0.05225221999954986
2019-08-14,-0.012187722445466781,-0.004570613687772545,-0.007617108757694238,0.11478361834456391
2019-08-15,-0.0040824679566593,-0.003830220394330134,-0.00025224756232916493,0.05941105726095872
2019-08-16,0.00811404515085741,0.002525621725846642,0.005588423425010768,-0.060955371469038795
2019-08-19,0.0034086840118514204,0.0018298577433969315,0.0015788262684544863,-0.005903217750122201
2019-08-20,-0.0033528278841732577,-0.0011980365799909498,-0.0021547913041823088,0.018585722661138445
2019-08-21,-0.0003686062257399463,-0.00040058355439961425,3.1977328659669665e-05,-0.09082402740610575
2019-08-22,0.0010224445707026045,0.0010002386705590394,2.220590014356469e-05,-0.0015404151704931934
2019-08-23,-0.004934335203824808,-0.0012272226448925066,-0.003707112558932301,0.013254941072185271
2019-08-26,7.374147090722944e-06,0.0018490106964761778,-0.0018416365493854553,0.04168823144906016
2019-08-27,0.0008070018202051034,0.0012525457825087512,-0.00044554396230364786,-0.03700258596063747
2019-08-28,0.0024289868151140172,0.0019893291755191593,0.0004396576395948571,-0.09832656020114713
2019-08-29,-0.002832247522567601,-0.0012540503048672717,-0.0015781972177003282,0.04009166799976021
2019-08-30,-0.0059128293453339295,-0.0018890273008383453,-0.004023802044495584,-0.029981855348486696
2019-09-02,0.0025197055241932835,-5.2712990547900546e-05,0.0025724185147411854,0.006699730167852208
2019-09-03,-0.001992355483122103,-0.0009982216513305005,-0.000994133831791602,0.009271406902561972
2019-09-04,0.0003864736570751248,-0.0005163411142865282,0.00090281477136165,-0.046610781417333304
2019-09-05,0.0006934816737023365,0.001473071452287272,-0.000779589778584935,-0.02527839654130844
2019-09-06,-0.0025488072700999074,-0.002179707270822853,-0.00036909999927705467,-0.021620353977477903
2019-09-09,-0.0017366823931237682,-0.0025817030714344004,0.0008450206783106331,-0.14119747403690341
2019-09-10,-0.0013833699057775627,-0.001145463812892857,-0.00023790609288470597,0.03473036626961487
2019-09-11,-0.008716851191601982,-0.003509335907605083,-0.005207515283996898,0.06263451514170895
2019-09-12,0.0019658866012060416,0.0019577550793903435,8.131521815699788e-06,-0.025945182003748193
2019-09-13,0.003967746023921234,0.0014836749749512239,0.0024840710489700095,-0.037969389012599455
2019-09-16,-0.001512404832855108,-0.001279774802261941,-0.00023263003059316727,-0.001332237312649138
2019-09-17,-0.002341954795177584,-0.002007515846442481,-0.0003344389487351042,0.03352985230810115
2019-09-18,-4.55516553357657e-05,0.0007735604814343505,-0.0008191121367701159,-0.04962674633700435
2019-09-19,0.0020426189755834165,-0.0003316282863261718,0.0023742472619095885,-0.04709660860269558
2019-09-20,-0.0028127035767307167,-0.001991402043308093,-0.0008213015334226238,-0.025850137031139593
2019-09-23,-0.0027008841559053995,-0.0001769809243715747,-0.0025239032315338243,-0.0694953846988506
2019-09-24,-0.001546498638375972,-0.0011447822383236924,-0.0004017164000522798,0.04609739310771412
2019-09-25,-0.004138231884215046,-0.0016355684598914986,-0.0025026634243235472,-0.03036650565200167
2019-09-26,0.003192721795032706,0.0015238686360270304,0.001668853159005675,0.01994514487687823
2019-09-27,-0.001721670404225215,-0.0009058851690437845,-0.0008157852351814293,0.033392294658075417
2019-09-30,0.001233766901317491,0.00040014254060602265,0.0008336243607114683,-0.03173031116214153
2019-10-01,0.0020126590201797363,0.0006513232124898878,0.0013613358076898486,0.01909296896627792
2019-10-02,-0.0016706046369012297,-0.0010708382190915827,-0.000599766417809647,-0.06765920974515625
2019-10-03,0.0011669345115099465,0.001404296790324919,-0.00023736227881497162,-0.0031430120857378965
2019-10-04,-0.004227491315061012,-0.0015842087417421516,-0.0026432825733188605,-0.11204180229124959
2019-10-07,-0.00019417888737321433,-7.488802432242554e-05,-0.00011929086305078815,-0.04447276988364957
2019-10-08,-0.007845342236387462,-0.0043442962084151125,-0.0035010460279723504,0.030477734704921898
2019-10-09,-0.0024567125977610145,-0.0008312290365774227,-0.0016254835611835897,0.05363839664148616
2019-10-10,0.0019217614592346886,0.0006826086913808548,0.001239152767853833,0.042175182507120546
2019-10-11,0.0033620125294599235,0.0014536506771455435,0.0019083618523143796,0.10115825144389058
2019-10-14,0.0026056208345288396,0.002437958558686004,0.0001676622758428354,0.013817280242939019
2019-10-15,0.006420162413658334,0.003027487358786274,0.003392675054872063,-0.042203372317459784
2019-10-16,0.0010024357212204578,0.0018093621827782354,-0.0008069264615577776,0.030127111458227357
2019-10-17,-0.0029613232206116055,-0.0017946714962140571,-0.00116665172439755,-0.07380918772081982
2019-10-18,0.0020111802986652037,0.001075587580239741,0.0009355927184254639,0.027707263181447405
2019-10-21,-0.006315239274662186,-0.0031025637874272493,-0.003212675487234936,0.06289602048318599
2019-10-22,0.0019546266933123,0.0018098940550850331,0.0001447326382272643,-0.013513333075758688
2019-10-23,0.005636837400827072,0.003972587151360173,0.0016642502494668976,-0.030603027106308682
2019-10-24,-0.0013108282732820233,-0.0016633580772994726,0.00035252980401745057,-0.10698198120179017
2019-10-25,-0.0022836360260592888,-0.001222864753328487,-0.0010607712727308052,-0.01998536022877061
2019-10-28,-0.007896534129093136,-0.0026253871115046365,-0.0052711470175884996,-0.014743878746512439
2019-10-29,-0.0014113600801165084,0.00022305435966978038,-0.0016344144397862914,-0.026038603029051904
2019-10-30,-0.0011401553454069339,-0.00109480019312444,-4.53551522824943e-05,-0.0896040039065472
2019-10-31,-0.0016569102927174464,-0.0015679228189453458,-8.898747377210098e-05,-0.04251927593174413
2019-11-01,-0.00614405093452135,-0.00396351279770181,-0.0021805381368195415,-0.057077081022336794
2019-11-04,-0.003424722218858826,-0.002365134469007338,-0.0010595877498514941,-0.027929951097293643
2019-11-05,-0.004407294587589783,-0.0022697270453763013,-0.002137567542213481,0.006740614878058611
2019-11-06,-0.001744675155306409,-0.0008822973710885407,-0.0008623777842178687,-0.04638863292047054
2019-11-07,0.00041514314710792066,0.0009683315163916614,-0.0005531883692837386,0.06129968088842447
2019-11-08,-0.0033008338447992544,-0.0011727943050702317,-0.0021280395397290236,0.030228323001543496
2019-11-11,0.003959061356152001,0.0026107667021570222,0.0013482946539949778,-0.07033725287722244
2019-11-12,0.0020933565843051323,0.0008219757035389172,0.0012713808807662125,-0.06421184700034323
2019-11-13,-0.005363130994424112,-0.0009594956692252502,-0.004403635325198861,0.0029760770214524567
2019-11-14,-0.004609885203199861,-0.0032040410785945574,-0.0014058441246053033,-0.0008312777792776734
2019-11-15,0.0001567859013145397,-0.000806737234860603,0.000963523136175143,0.016498982146174856
2019-11-18,-0.00010260014771550216,-0.0009463280051047306,0.0008437278573892298,-0.006847144818474242
2019-11-19,0.001312951190403402,0.0003452960987811362,0.0009676550916222675,0.1002183228704897
2019-11-20,-0.0005497396869641896,-0.001469731212539089,0.0009199915255749015,0.030968710251713813
2019-11-21,0.007664178649635407,0.0029953566554750573,0.004668821994160348,-0.05060326013231084
2019-11-22,0.0020623625881578934,0.001080430931445893,0.0009819316567120009,0.02839040249843914
2019-11-25,-0.0029760871190327907,-0.001184149825001573,-0.0017919372940312164,-0.04714118314213243
2019-11-26,0.0017393091331929862,0.0013635456212563839,0.00037576351193660193,-0.07464828491471263
2019-11-27,-0.0030266027467573536,-0.0016528470374870116,-0.0013737557092703412,0.04373490072019759
2019-11-28,-0.005201364097312015,-0.002815932945650048,-0.002385431151661968,-0.07479669241627787
2019-11-29,0.0027060365111219037,0.0010269065954470902,0.0016791299156748134,-0.010598166055951477
2019-12-02,-0.004584336041013332,-0.001282516235632164,-0.0033018198053811672,-0.005701700580498367
2019-12-03,-0.0006541900678946702,0.00017401425593049566,-0.0008282043238251654,-0.018603637461578146
2019-12-04,-0.0004455248891183771,-0.00012734535677743578,-0.0003181795323409413,0.0008954884990253457
2019-12-05,-0.0014093365058480802,-0.0017053055618903024,0.00029596905604221957,0.05964469213830319
2019-12-06,5.2648866963856365e-05,-0.0008933748902118146,0.0009460237571756701,0.05517059925674114
2019-12-09,0.0038122753702866737,0.0019156339010352585,0.0018966414692514148,-0.027116388193329507
2019-12-10,0.0033398041741420307,0.001523015098435069,0.0018167890757069616,-0.01892753107244909
2019-12-11,-0.0015601995740906396,-0.0006163198426761838,-0.0009438797314144558,-0.05147862907005592
2019-12-12,-0.0013205229697311111,-0.0009612475501165705,-0.0003592754196145402,0.03154240268348216
2019-12-13,-0.0033199532543880385,-0.002030616346024798,-0.0012893369083632408,0.029347979886763173
2019-12-16,0.0019614112360682367,0.00028385349985246967,0.0016775577362157673,-0.052945444991835164
2019-12-17,0.0023114469464764753,0.0006562786108913737,0.0016551683355851016,0.13945595042496192
2019-12-18,-0.004111519795488679,-0.001015629458913021,-0.0030958903365756584,0.041611085075935986
2019-12-19,0.012299041832543035,0.004350569647199973,0.007948472185343065,-0.05286582305241283
2019-12-20,0.004299137551992023,0.0013777576874049041,0.002921379864587126,-0.05104600603363774
2019-12-23,-0.0033109345425291576,-0.0017435655910055838,-0.0015673689515235713,-0.016501098807219422
2019-12-24,-0.004220415106128592,-0.0019603567179907293,-0.002260058388137861,-0.02519308596039201
2019-12-25,-0.0009907044921952254,0.0004741876362465507,-0.0014648921284417752,-0.058452474393290384
2019-12-26,-0.001177575133373911,-0.0005599142781197615,-0.0006176608552541495,0.07598920470865003
2019-12-27,-0.003223793273430458,-0.001515685035723099,-0.001708108237707359,0.03676321937398791
2019-12-30,0.004461654384885751,0.002621030485271233,0.0018406238996145213,-0.03988054014169149
2019-12-31,0.0020266018740667715,0.0004735704109152467,0.0015530314631515246,-0.0595641278831945
2020-01-01,-0.001999106474896509,-0.0010698999785920052,-0.0009292064963045063,-0.06351236943621075
2020-01-02,-0.003284861190594238,-0.0012857767648874257,-0.0019990844257068117,0.033773353007021334
2020-01-03,-0.0031683619152886137,-0.0015588249374218523,-0.001609536977866765,-0.03842564330475844
2020-01-06,0.0016827768149506608,0.0013485600211982423,0.0003342167937524171,0.0127192701073548
2020-01-07,-0.0023171219150601783,-0.0005785601488296939,-0.0017385617662304849,-0.002261665997392731
2020-01-08,0.0007210779552294651,0.0006059619544926988,0.00011511600073676499,0.05341323188625694
2020-01-09,-0.00010975110750495172,-0.0003260188556599578,0.00021626774815500628,0.052350407402559404
2020-01-10,0.0033225264490458566,0.0018346181959865912,0.001487908253059271,-0.048623909762042415
2020-01-13,0.0029296462765098395,0.0013918393084373301,0.0015378069680725102,-0.11069420834055864
2020-01-14,-0.0025136544506456074,-0.0012221014308328784,-0.0012915530198127287,-0.040730324991834786
2020-01-15,-0.006169885004516934,-0.0036548857382294256,-0.002514999266287507,0.045852943716715965
2020-01-16,-0.0022906046659095865,-0.0010093720392618747,-0.0012812326266477114,0.03568828185388768
2020-01-17,0.002353500131126065,0.0014002859117331456,0.0009532142193929192,0.04015971271787186
2020-01-20,0.001941226036670542,0.00024952204111405776,0.0016917039955564846,-0.07741897307561416
2020-01-21,0.0021522200835858932,0.0006137119405531105,0.0015385081430327827,0.03609203692443819
2020-01-22,-0.004003344920745982,-0.002398072498676851,-0.0016052724220691327,-0.013084008635128472
2020-01-23,0.0018083693332477677,0.000832411495281701,0.0009759578379660667,-0.06890144412454602
2020-01-24,-0.0006718274885009201,-0.0006542812392528307,-1.754624924808594e-05,-0.07916947251111181
2020-01-27,-0.004026286752915372,-0.0005890618193628072,-0.0034372249335525634,-0.05227667078798661
2020-01-28,-0.004619940705733063,-0.002427655757345587,-0.0021922849483874754,-0.02558561327625881
2020-01-29,-0.0032898311042961472,-0.0018067726485218685,-0.0014830584557742783,-0.06670892551192477
2020-01-30,-0.0015046172522263992,-0.0003935387143189379,-0.0011110785379074613,-0.09313088380828367
2020-01-31,-0.004570946273114341,-0.0024036667275436074,-0.002167279545570732,0.14103998222853342
2020-02-03,-0.00686381586009803,-0.002697169742986094,-0.004166646117111936,-0.0022726792237545263
2020-02-04,0.007965057562636657,0.0029874512928948042,0.004977606269741853,0.005629186406646756
2020-02-05,-9.692318106879901e-05,0.00026402544568254315,-0.0003609486267513416,0.004625419053241778
2020-02-06,0.0003281570044981058,0.00034408056524042746,-1.5923560742318182e-05,0.07547645979233683
2020-02-07,0.00025867666100208803,-0.00011823576548375576,0.00037691242648584325,-0.045533406714458546
2020-02-10,0.004377301462416656,0.0018850333450601865,0.002492268117356467,0.04202791524616924
2020-02-11,-0.002600747606892856,-0.0015588133561360018,-0.001041934250756854,-0.016839322075855475
2020-02-12,0.0026091286599279223,0.000111849082887484,0.0024972795770404396,-0.04588715934299088
2020-02-13,-0.000956015731610572,-0.0008373318522761613,-0.00011868387933441048,-0.04210057834097423
2020-02-14,-0.0025430308971167506,-0.0015486100354775423,-0.0009944208616392079,0.011811860241614229
2020-02-17,-0.002776458464487012,-0.0017235027858259946,-0.0010529556786610158,0.07023937275849795
2020-02-18,0.0006830626341976203,8.432302769533547e-05,0.0005987396065022842,0.036341205500520286
2020-02-19,0.0038401229713584967,0.0006381294956233079,0.0032019934757351884,-0.09659983204217547
2020-02-20,0.0021186807045091792,-6.45598788749e-05,0.0021832405833840784,-0.05354082909577896
2020-02-21,-0.005391945634001503,-0.002506298510040689,-0.0028856471239608137,0.023605831762062084
2020-02-24,-0.003228447832265792,-0.0016762811856698796,-0.001552166646595912,0.07652071563317189
2020-02-25,0.001274990801469725,0.0004891550106999014,0.0007858357907698239,-0.07948190608651871
2020-02-26,0.004197810732158193,0.0006857378140824114,0.00351207291807578,0.04137280940280358
2020-02-27,-0.00430956433234953,-0.0020085610734025565,-0.0023010032589469718,0.03800363685585101
2020-02-28,0.002095146214143807,0.0009891538127263784,0.001105992401417428,0.08255705187626779
2020-03-02,0.001942574164939886,0.0006578346799564292,0.0012847394849834562,0.021069909598991136
2020-03-03,0.004102915074618343,0.001742397991044262,0.002360517083574083,-0.004077356065508351
2020-03-04,0.0011909755955085762,0.00022714065633174484,0.0009638349391768318,-0.04611699728468035
2020-03-05,-0.00019578952535040405,0.0008282771203566165,-0.001024066645707021,-0.0922378319655175
2020-03-06,-0.0025439180850592635,0.00032867080098255425,-0.002872588886041817,-0.009982407340547643
2020-03-09,-0.005202435848686213,-0.0021653557217645395,-0.0030370801269216743,-0.08566303190472153
2020-03-10,-0.0005764158092987949,-2.9526042229497014e-05,-0.0005468897670692978,-0.06229866128095847
2020-03-11,-0.005262293913650006,-0.0021978206409214926,-0.003064473272728515,-0.043434760567626886
2020-03-12,-0.0036012722364632092,-0.0007301564023268225,-0.0028711158341363867,-0.0037744575530138697
2020-03-13,-0.0026464535774154705,-0.0013657370756504777,-0.0012807165017649919,0.03821474440293448
2020-03-16,-0.00024403704743497328,0.0001476417200453363,-0.0003916787674803114,-0.0779555533952597
2020-03-17,0.0023437882313020342,0.002041651527356167,0.00030213670394586785,0.12371634566126993
2020-03-18,-0.005075569869358247,-0.002219589185842488,-0.002855980683515759,0.023788043882692383
2020-03-19,0.007708978817206528,0.003251780579456855,0.004457198237749673,0.01685751356402159
2020-03-20,0.0014442012972422339,-0.00038205409312184026,0.0018262553903640732,-0.050993328885175916
2020-03-23,0.0011139738216884517,0.0014588982650223271,-0.00034492444333387474,-0.03244658392314781
2020-03-24,-0.003425522390056817,-0.002316749179473311,-0.0011087732105835059,-0.07758625569769444
2020-03-25,-0.002208438871449193,3.0222006359659215e-05,-0.0022386608778088525,-0.041813941316740405
2020-03-26,-0.006006295881572169,-0.0014961931576318345,-0.004510102723940337,-0.02177383247100143
2020-03-27,-0.0030442702499161706,-0.0013536692437010143,-0.0016906010062151568,0.07846903530491704
2020-03-30,-0.0015867809124483665,0.00012200664867551437,-0.0017087875611238815,-0.03930631510719261
2020-03-31,0.00697862961744234,0.00257929421222934,0.004399335405213,-0.062459576117434724
2020-04-01,-0.002363232131104072,0.0010193777126005481,-0.00338260984370462,0.002087159203307611
2020-04-02,-0.003763922012987906,-0.0014914478433260426,-0.0022724741696618627,0.003363749119174571
2020-04-03,0.00039674572244607735,0.002946438313377032,-0.002549692590930956,-0.059493479351350465
2020-04-06,0.0003245812257400005,0.0014408400435821458,-0.0011162588178421449,-0.08472583478393599
2020-04-07,-0.004406625387279043,-0.0032595989095099507,-0.0011470264777690906,0.07630644497889798
2020-04-08,-0.006642912068149225,-0.0017623926636746064,-0.004880519404474617,-0.04687168258520652
2020-04-09,0.005928185997697968,0.0030277027847310702,0.002900483212966898,0.006404646397275033
2020-04-10,-0.0038020900916221896,-0.0008542740821290001,-0.0029478160094931864,0.028056369895388813
2020-04-13,0.0005008729625612853,0.0012844841045327234,-0.0007836111419714364,0.052348286088370596
2020-04-14,0.0021328640905359567,0.0010606188113513326,0.0010722452791846228,0.003915161061010221
2020-04-15,0.004293319741945961,0.0009516951858283551,0.0033416245561176056,0.04593420817605062
2020-04-16,0.000215095045555886,-0.0009115311093757239,0.0011266261549316113,0.06756224893964882
2020-04-17,0.003194016052691314,0.0018152531556406525,0.0013787628970506598,-0.05456310777653807
2020-04-20,0.004921293199283495,0.0012487684545642564,0.0036725247447192376,-0.008744000666485294
2020-04-21,-0.003717516682012212,-0.0010035043854793664,-0.0027140122965328443,-0.08457440135586766
2020-04-22,-0.0005951343670212836,-0.0004819030853481067,-0.00011323128167317793,-0.05973992723518148
2020-04-23,-0.006416817771342642,-0.0031165325100718563,-0.0033002852612707837,0.024229483276249377
2020-04-24,-0.004753823749497354,-0.000814065740657486,-0.003939758008839866,-0.024364964446328807
2020-04-27,0.0019469079322805888,-0.00039795660489802195,0.002344864537178611,-0.02319166446012368
2020-04-28,-0.0018005974983402201,-0.0007339194932553226,-0.0010666780050848962,-0.10887591454246551
2020-04-29,-0.00176895363499248,-0.0018772775110702886,0.00010832387607780797,-0.03780016707355498
2020-04-30,-0.008800464751002691,-0.004426110996696771,-0.004374353754305924,-0.039289308724250765
2020-05-01,-0.0034515207261064202,-0.0010509335166239316,-0.0024005872094824865,-0.041220378964188606
2020-05-04,-0.0029900667073999914,-0.0003265871587502878,-0.0026634795486497045,-0.07158989524469897
2020-05-05,-0.0031521892000042203,-0.000919776973077057,-0.0022324122269271624,-0.09501013902849598
2020-05-06,-0.005061788549067775,-0.0012288204646877278,-0.0038329680843800437,-0.004928582886338793
2020-05-07,-0.007516569506658392,-0.004251874745810364,-0.003264694760848029,0.017847589459103086
2020-05-08,-0.0003045889896286765,0.0011491738972843083,-0.001453762886912984,-0.0562333674443561
2020-05-11,0.001106759489783696,0.0002734520919499793,0.0008333073978337158,0.14771613653742074
2020-05-12,-0.003390869066250126,-0.0014801659574643095,-0.0019107031087858151,0.17294017383554913
2020-05-13,0.011468564736881109,0.0030049477073437365,0.008463617029537376,0.07588109835466522
2020-05-14,0.012761618523571995,0.004566384547354179,0.008195233976217818,-0.0594165393621338
2020-05-15,0.006139313203294086,0.001590339087859792,0.004548974115434294,-0.012592587569411179
2020-05-18,-0.0040492749054917825,-0.0025101788331091026,-0.00153909607238268,-0.03734018279680178
2020-05-19,-0.0008653220177495894,-0.0009261887516311532,6.086673388156416e-05,0.007162781353013695
2020-05-20,-0.0024042005822089976,-0.0007326417262410517,-0.0016715588559679468,0.07210425554521277
2020-05-21,0.0004426195131818965,-0.0002600946695863419,0.000702714182768239,-0.02112402768578267
2020-05-22,0.004528806432333204,0.0033990617415616195,0.0011297446907715808,0.04389432448691178
2020-05-25,-0.0013874673762245481,-0.0010890124521216937,-0.0002984549241028551,0.030915242313309384
2020-05-26,0.002457945729775394,0.0012089828140713892,0.0012489629157040067,-0.018453785364187465
2020-05-27,0.0019920611485534255,-0.000498067940813118,0.0024901290893665426,-0.01098249602766903
2020-05-28,-0.001339369090509373,-0.0018252899420379762,0.00048592085152860363,-0.0654632512313768
2020-05-29,-0.0009026705055684555,-0.0009592329308502415,5.65624252817868e-05,0.010822669941085723
2020-06-01,-0.005049573636586782,-0.0032037078647580465,-0.001845865771828735,0.057367269227684536
2020-06-02,0.0007740406163869116,0.0009802074227503628,-0.00020616680636345065,-0.04682616062203933
2020-06-03,0.0033584750973944697,0.001129430064008393,0.002229045033386081,-0.0334019379975139
2020-06-04,-0.0029274668782827908,-0.0004554411673871109,-0.00247202571089568,-0.047187884763788615
2020-06-05,-0.0022640801663787236,-0.0008782013746856416,-0.001385878791693082,0.07975435604830663
2020-06-08,-0.0030045361819208897,-0.0010009045934012487,-0.0020036315885196398,-0.03523646325813424
2020-06-09,0.004928004554587288,0.00283367086842447,0.002094333686162818,-0.01636906558570032
2020-06-10,-0.0021568217168525844,-0.00030417907066352263,-0.0018526426461890622,-0.0001423218550754279
2020-06-11,-0.0010171143539634163,-0.0020921207819520815,0.0010750064279886652,0.0037451536920943156
2020-06-12,1.8993397630984697e-05,0.0006802734080189714,-0.0006612800103879893,0.027987499226758562
2020-06-15,0.0003274482576886297,0.0010150271870842144,-0.0006875789293955843,-0.016034960245323124
2020-06-16,0.002037904729421551,0.0018782074008235634,0.00015969732859798767,0.035660353553589916
2020-06-17,-0.0011032431813775834,-0.0011210963673571775,1.7853185979593887e-05,-0.04051212577994028
2020-06-18,0.0021565751798434648,0.001239210197440225,0.0009173649824032407,-0.04697499141801241
2020-06-19,-0.002559896177852871,-0.0013562781479562174,-0.0012036180298966542,-0.06004355553899203
2020-06-22,-0.003009000231702206,-0.0015726387609696722,-0.0014363614707325334,0.010440296576399194
2020-06-23,-0.003734981417785344,-0.0015275675155581182,-0.0022074139022272257,-0.0017099646837482282
2020-06-24,0.0005934158887138267,5.9297006667428584e-05,0.0005341188820463983,0.02883561050561833
2020-06-25,-0.0002027246731363065,-0.001632290337844607,0.0014295656647083004,0.08285520375056295
2020-06-26,0.0016999955750251147,0.00043123969661622123,0.0012687558784088941,-0.11093605382742307
2020-06-29,0.004666276331952883,0.0011837222205772898,0.003482554111375594,-0.033481093456954415
2020-06-30,-0.00683332061435209,-0.0025662452331591994,-0.004267075381192892,0.00796179294894885
2020-07-01,-0.00182029216649301,-0.0003803883280756498,-0.0014399038384173605,-0.014144742631020592
2020-07-02,0.0005367092478475717,-0.00028684398055505746,0.0008235532284026296,0.018912057673959235
2020-07-03,-0.0009066770675543023,-0.0004861817961363717,-0.00042049527141793056,-0.009427029164415575
2020-07-06,0.0011546617072923258,0.0015527807324597926,-0.00039811902516746593,0.10973118664224281
2020-07-07,-0.0005440592614939857,0.00045613826478210426,-0.0010001975262760902,-0.009976878067459961
2020-07-08,0.006529432167342788,0.0023329846928367946,0.0041964474745059925,-0.026389462906355573
2020-07-09,-0.0006313975452334751,-0.000281578914255301,-0.00034981863097817423,0.014201006757757267
2020-07-10,-0.0014725293176650726,-0.0014122740535099025,-6.0255264155169904e-05,-0.023926110966186742
2020-07-13,0.0009101405645769516,0.0011256743634092778,-0.0002155337988323262,-0.0015662653300151925
2020-07-14,-0.0013644762113452856,-0.0014071482930705383,4.2672081725253844e-05,-0.0016415827157217253
2020-07-15,-0.00012753469676492777,-0.000907759343953058,0.0007802246471881307,-0.061280600590839375
2020-07-16,-0.00018203683320395505,-0.0017364510646170977,0.0015544142314131422,0.02765312102747889
2020-07-17,-0.00431995626929995,-0.0011648243596674235,-0.003155131909632527,0.0337027560620242
2020-07-20,0.0021579403324660535,0.002833632239052117,-0.0006756919065860636,-0.054403770439058675
2020-07-21,0.002317403327515218,0.0014696758878338483,0.0008477274396813707,0.044852704903751164
2020-07-22,-0.004077627708372801,-0.0008000101514426651,-0.0032776175569301353,0.11995544025479235
2020-07-23,0.003212730794103899,0.0022471979461446126,0.0009655328479592873,0.026820876587470125
2020-07-24,0.009225842595243295,0.0036874069468296133,0.0055384356484136825,0.0008007325457768338
2020-07-27,0.0020446662030819875,-0.0005868157326825796,0.0026314819357645676,0.0002692734836291324
2020-07-28,0.00011607044505515334,0.0015841259564683455,-0.0014680555114131928,0.0523659410212716
2020-07-29,5.5982329529362124e-05,0.0015078222549383923,-0.0014518399254090306,0.009186396988012267
2020-07-30,0.003577354514296409,0.0020171054755890082,0.0015602490387074007,-0.002988796112613871
2020-07-31,0.0005569064862005703,0.0011902535053632275,-0.0006333470191626552,-0.02057232125155699
2020-08-03,-0.00019197134693085615,0.0010365177169094544,-0.0012284890638403108,0.05525414033457293
2020-08-04,-0.001350191567295375,-0.001765936772552647,0.0004157452052572716,-0.04708451266321265
2020-08-05,0.003403409342845133,0.001158753103847839,0.0022446562389972936,0.03359928846031396
2020-08-06,-0.003140954908134306,-0.001602116957790084,-0.001538837950344222,0.0405895913233275
2020-08-07,0.0019237034653986173,0.0017670190305867685,0.00015668443481184867,0.05306207046842423
2020-08-10,0.0027053965805139478,0.0010551784335230165,0.0016502181469909291,-0.02747080475081693
2020-08-11,0.0030158132809594276,0.001539380326345899,0.0014764329546135277,0.018389965639592425
2020-08-12,-0.0014623373194285114,0.0004685578078866869,-0.0019308951273151994,-0.04720063659414635
2020-08-13,0.0011058611407224143,0.00015061421519217254,0.0009552469255302409,-0.022608615329953754
2020-08-14,-0.0029598692256279278,-0.0018830458661415425,-0.0010768233594863857,0.02294513907584994
2020-08-17,-0.0014263382353576172,0.00034779100246300036,-0.0017741292378206184,-0.022886836675923537
2020-08-18,0.00136339572781934,0.0003326214087910947,0.0010307743190282447,-0.01346838054768791
2020-08-19,-0.001469451975217164,-0.0011951545501849691,-0.00027429742503219494,-0.0725679768902759
2020-08-20,-0.0008561465909756837,7.216598916175848e-05,-0.0009283125801374424,-0.04293037600428757
2020-08-21,-0.004735219400708439,-0.0012924328912728494,-0.003442786509435588,0.05764730386304814
2020-08-24,-0.0029890856942265706,-0.003015481541520309,2.639584729373888e-05,0.04113287033298487
2020-08-25,0.0038409510649858704,0.0005994336131723035,0.003241517451813567,-0.020093175552896914
2020-08-26,0.0025913577489395227,0.00117622259430494,0.0014151351546345821,0.010521722423299419
2020-08-27,-0.0014489915110744132,-0.00033070373259726227,-0.0011182877784771516,-0.03471453605428186
2020-08-28,0.0007191526916216903,-0.00030088917612371927,0.0010200418677454087,0.018040241500112096
2020-08-31,-0.002604534983359772,-0.0008025377256983268,-0.0018019972576614448,-0.008573455239550935
2020-09-01,0.0011572209213212973,-0.0010360908165222785,0.002193311737843576,-0.002730149298307417
2020-09-02,-0.0005109672334173496,0.0002888016418116524,-0.0007997688752290014,-0.03568981648085929
2020-09-03,-0.00017903177019999912,0.00024652883581208207,-0.0004255606060120827,0.08271979509530139
2020-09-04,-0.0027073441338827378,-0.0022536929431053957,-0.0004536511907773412,0.015304776911846433
2020-09-07,0.00556104817538796,0.0018551040017506125,0.0037059441736373494,-0.023592689622143292
2020-09-08,0.0009395267949217376,-0.00011621711500249586,0.0010557439099242332,0.0513199510764703
2020-09-09,-0.0017933371544390465,-0.002149493412634017,0.0003561562581949696,-0.03505676196291887
2020-09-10,0.0032214825353895932,0.0014748590492109854,0.0017466234861786079,0.015104331673516068
2020-09-11,-0.0025887010406521176,-0.0011937943493760118,-0.0013949066912761054,-0.007543975121497325
2020-09-14,0.0010618203806397116,0.0009493759620864232,0.00011244441855329072,-0.017839947019499612
2020-09-15,-0.0004875009119844852,-5.8534487546235865e-05,-0.00042896642443824955,-0.016196920412150324
2020-09-16,-0.0014003313201925581,-0.000692232559321708,-0.0007080987608708497,-0.005581614317357089
2020-09-17,-0.0011199910792494708,-0.001262761525171215,0.00014277044592174394,0.03290342819412126
2020-09-18,-0.0003922344445983389,0.001071294772123416,-0.0014635292167217533,-0.018694425236491306
2020-09-21,0.0020652256341372388,0.0002679093694195659,0.0017973162647176725,-0.031332276558781375
2020-09-22,-0.0011763908123341828,-0.00024611202642675634,-0.0009302787859074256,0.049379403660202124
2020-09-23,-0.0023368077760221096,-0.0001882594746046146,-0.0021485483014174966,-0.06243387443875713
2020-09-24,0.0036714715789015243,0.0014912063716426595,0.0021802652072588644,-0.019321874828298898
2020-09-25,-0.004698001633948006,-0.0009311924964100216,-0.0037668091375379874,-0.018886617528089684
2020-09-28,-0.0013641442607243374,0.0004997602299443814,-0.0018639044906687205,-0.061679229212941895
2020-09-29,-0.0015240922613107125,-0.0024351584597129723,0.0009110661984022602,0.017231613789099768
2020-09-30,-0.004766159519238892,-0.002469370482884815,-0.0022967890363540773,-0.015203011218986017
2020-10-01,0.001151099951434201,-0.0008215445082073527,0.0019726444596415544,0.027424268305023296
2020-10-02,-0.001171864787598439,0.0002370163943640005,-0.001408881181962439,-0.024496835914380042
2020-10-05,0.0017892734775359798,0.0006120956515853846,0.0011771778259505941,0.04819077259594992
2020-10-06,-0.0016440236395004006,0.0006487982063930007,-0.0022928218458934026,-0.006940415489120706
2020-10-07,0.003474452197894007,0.0020273482311782597,0.0014471039667157473,-0.08660023380405442
2020-10-08,-0.0005550519460212192,-0.0003169886702765329,-0.00023806327574468593,0.016910165238022516
2020-10-09,-0.007089966164193023,-0.00414529867367228,-0.0029446674905207436,-0.04820860796063966
2020-10-12,0.0013277042980748728,-0.0004495851710820155,0.0017772894691568883,0.005351030083914732
2020-10-13,-0.004197277160638785,-0.0014732550885367228,-0.0027240220721020635,0.07798988165825359
2020-10-14,0.000440546344479089,0.001267180519100207,-0.0008266341746211159,-0.010785404569647675
2020-10-15,0.006270216647206431,0.003330684481573575,0.0029395321656328546,-0.017313938514554553
2020-10-16,-0.0008539686251820027,-0.0004984354852462826,-0.0003555331399357174,-0.057750856187736586
2020-10-19,-0.0015963895150141356,-0.0018710519601410633,0.0002746624451269277,-0.06809785765525567
2020-10-20,-0.004620848028259463,-0.001923037453868022,-0.002697810574391439,0.014221090444826688
2020-10-21,-0.0049390173286078245,-0.0024772744823421174,-0.0024617428462657062,0.0527358777490155
2020-10-22,0.0011167454333741358,0.001706375666846228,-0.0005896302334720905,-0.035763619335294275
2020-10-23,0.0038747713561262075,0.0013186513652080657,0.0025561199909181417,0.016961026305848368
2020-10-26,-0.0024894470072957765,-0.0033753607239855364,0.0008859137166897617,0.020778766434684733
2020-10-27,0.0012136944609129952,0.00033341132535557455,0.0008802831355574203,-0.01647232001839343
2020-10-28,0.0015561076407912765,0.0015989641900656312,-4.285654927435427e-05,0.027100080029095072
2020-10-29,-0.001099558069952896,-0.0006412710751438624,-0.00045828699480903324,-0.024429782277915882
2020-10-30,0.001914869802312751,-0.001999144236938587,0.003914014039251337,0.004791725770930819
2020-11-02,-0.0016776554425407765,-0.001270100645458537,-0.00040755479708223796,-0.04531754353314866
2020-11-03,0.00037732265414591455,0.0009377270711855654,-0.0005604044170396498,-0.026709899558921238
2020-11-04,-0.0030736029195170727,-0.0006412160348233452,-0.0024323868846937275,0.05159392275385352
2020-11-05,-0.0019445425114263458,-0.0009710570530783629,-0.0009734854583479829,0.00894947780318909
2020-11-06,0.003945120387339998,0.0016966755534405104,0.0022484448338994864,0.06208408719314075
2020-11-09,0.0006982707708846217,0.0013562424825754125,-0.0006579717116907916,0.04903685037799387
2020-11-10,0.0044501875988098285,0.0022084777048082295,0.0022417098940016,-0.03421360346576502
2020-11-11,0.003470314606803777,-0.0010018713534724931,0.004472185960276269,-0.0016701836753514941
2020-11-12,-0.00262226642759719,-0.0006369980008849832,-0.001985268426712207,-0.05335769166420826
2020-11-13,-0.00011825183608193783,0.0005025870497531821,-0.0006208388858351191,0.021597313383598528
2020-11-16,-0.004562921187346204,-0.0010459100617186844,-0.003517011125627521,-0.02991865191205735
2020-11-17,0.0018903634713157034,-0.0014786756537360445,0.003369039125051749,-0.014845330606207777
2020-11-18,-0.002342332396585383,0.0002235337830938048,-0.002565866179679188,-0.0067214019686938
2020-11-19,-0.0012765752827028668,-0.001240620214114993,-3.595506858787383e-05,-0.033700105196094426
2020-11-20,-0.0005723253477180282,-0.0011648777286562967,0.0005925523809382702,-0.005561599327192683
2020-11-23,-0.0022262091796051856,-0.000783278657782431,-0.0014429305218227554,-0.04827543272956646
2020-11-24,-0.00047768533861623747,-0.0005146416362929625,3.695629767672473e-05,-0.027945688492395197
2020-11-25,-0.003761251847603946,-0.0018204811819258228,-0.0019407706656781232,-0.01243754394729284
2020-11-26,-0.001793571158588989,0.0010566434914135994,-0.0028502146500025884,0.0754515333779335
2020-11-27,-0.0009077595601826522,0.00039761338784546386,-0.001305372948028117,0.009778107417608617
2020-11-30,0.006037475095823397,0.004198320078679124,0.0018391550171442742,-0.06011424730265311
2020-12-01,0.0007622488563119999,0.0017699644397781216,-0.001007715583466121,0.026615403075311662
2020-12-02,-0.004510822970215558,-0.003270213976124682,-0.0012406089940908797,-0.010483471138873603
2020-12-03,0.0020687319310763916,0.002780274028002646,-0.0007115420969262543,0.018012001081228118
2020-12-04,-0.0007315255651730989,0.0010602295259645187,-0.0017917550911376165,-0.0008197268922762793
2020-12-07,0.0013164352311240126,-0.0007253687128857926,0.0020418039440098052,0.04469092540219033
2020-12-08,-4.2424277402666266e-05,0.0002151360073574006,-0.00025756028476006665,-0.046017325131660465
2020-12-09,0.004276526960967926,0.0010910522936434137,0.0031854746673245123,-0.013634716990904077
2020-12-10,-0.003336332243098842,-0.0014261402188031481,-0.0019101920242956937,0.006916469119714086
2020-12-11,-0.0010768489972918884,-0.002926581848434383,0.0018497328511424965,0.02292054400496338
2020-12-14,0.0005547637065418283,0.0021847097084884484,-0.0016299460019466201,-0.011787666543480568
2020-12-15,0.0018699408953009992,0.00013226008802863336,0.0017376808072723637,0.06605328447582527
2020-12-16,-0.0009889916465033515,-0.0021130476340331713,0.0011240559875298197,-0.001527028020038202
2020-12-17,0.004389066987401664,0.0009398169031511784,0.003449250084250493,-0.01349495539436192
2020-12-18,-0.00011011354044761332,-3.454285529775865e-05,-7.557068514985402e-05,-0.039626565943535856
2020-12-21,-0.0007877974649121279,0.0004269386174968054,-0.0012147360824089314,0.013635654819919305
2020-12-22,-0.002897805470435732,-0.0009339263314435001,-0.0019638791389922318,-0.04800298042037621
2020-12-23,0.0010050366911249346,0.0009780450742595571,2.6991616865377002e-05,-0.0746057275708899
2020-12-24,-0.002979120486223511,-0.001024809353415289,-0.0019543111328082204,0.01602675972700194
2020-12-25,-0.004841245050043044,-0.0014807251222857189,-0.003360519927757326,-0.040589536994040804
2020-12-28,0.0009479509275956127,0.0008596629847115247,8.828794288408834e-05,0.0006593810804994323
2020-12-29,-0.002902291558901103,-0.0019322547144467322,-0.000970036844454368,0.047644497538689205
2020-12-30,9.727393583569837e-05,0.0008344871410192857,-0.0007372132051835885,-0.07967619520143354
2020-12-31,0.002856820978437693,0.0010166432334928937,0.0018401777449447996,-0.014861370257053124
2021-01-01,-0.005472811000834032,-0.0018458617606692766,-0.0036269492401647587,0.0031105543653028945
2021-01-04,-0.0012795893527488447,-0.001036576882321446,-0.00024301247042739574,0.012151420751107048
2021-01-05,0.00013690928748048543,-0.0009023202625353666,0.0010392295500158515,-0.04830058404688513
2021-01-06,0.000935691763038327,0.0006152850824449069,0.00032040668059341894,0.025333244944398144
2021-01-07,-0.00385812134236887,-0.002727705097852714,-0.0011304162445161543,-0.04743032838178664
2021-01-08,0.0014978153682687506,0.0008888198762321596,0.0006089954920365922,-0.015742084317719455
2021-01-11,-0.0032116782550995282,-0.0011687359984837633,-0.002042942256615764,-0.0011716550117644065
2021-01-12,-0.001273429150037334,-0.0016396953985663397,0.0003662662485290043,-0.044184073544812894
2021-01-13,-3.210984197637274e-05,0.0014802376088953219,-0.0015123474508716948,-0.03769971003359103
2021-01-14,-0.0026486167912111386,-0.0015624187368612954,-0.0010861980543498424,0.06592910681414983
2021-01-15,-0.002479459656329475,-0.002827268790606653,0.0003478091342771789,-0.087244416014634
2021-01-18,0.004425156287905341,0.002196414150159998,0.0022287421377453426,0.015406698178017214
2021-01-19,-0.006126485106141151,-0.002849502994880012,-0.003276982111261137,-0.041469293203109554
2021-01-20,0.0011204872342101884,-0.0006065116312576318,0.0017269988654678202,0.03961371850930253
2021-01-21,-0.002860051744239403,-0.001987260330465316,-0.0008727914137740857,0.025671258660652455
2021-01-22,0.002684306709728981,0.0017766847834563854,0.0009076219262725959,-0.004501052743072615
2021-01-25,0.0018846184975806206,0.0011858029644531004,0.0006988155331275215,0.04339761419093853
2021-01-26,-0.0002873227234157119,-0.00019894577125525136,-8.837695216046271e-05,0.08473587393965269
2021-01-27,0.0031502628572101198,0.003919426913960258,-0.0007691640567501386,0.027387609967547605
2021-01-28,0.005422839361120021,0.0026764748689425224,0.0027463644921774995,0.019559485668984584
2021-01-29,0.0017524982899367158,0.001138323311442364,0.0006141749784943516,-0.01617877475431992
2021-02-01,0.0012790806836834572,-0.00020204983293995251,0.0014811305166234088,-0.0817310069759871
2021-02-02,-0.001075716635357452,-0.0009045845411709535,-0.0001711320941864985,0.014287869485672374
2021-02-03,-0.006064222495414107,-0.0026184919798908786,-0.0034457305155232293,0.054271416568350196
2021-02-04,0.0010291195624847844,0.0005805204201166439,0.000448599142368139,-0.010437667101720963
2021-02-05,0.003318602969905562,-0.0014249266464580017,0.004743529616363562,-0.04764912871233267
2021-02-08,-0.0008285672993482856,-0.002165559907102394,0.0013369926077541096,0.004286628047171321
2021-02-09,-0.0030907293134313247,-0.001998493466866677,-0.001092235846564647,0.060988031687772365
2021-02-10,0.0003678284777067157,0.0003900933325509028,-2.2264854844187762e-05,-0.03231420111334561
2021-02-11,0.004346053871906491,0.0025550739729248307,0.0017909798989816598,0.06686139518823105
2021-02-12,-0.0020185899271284507,-0.00019206676713727847,-0.0018265231599911714,-0.0007840379007657899
2021-02-15,0.004019146341529752,0.0017907324691145339,0.0022284138724152176,0.07448598685571006
2021-02-16,-4.981666671627447e-05,-7.112801859452192e-06,-4.270386485682228e-05,0.058876910388113185
2021-02-17,0.004893322479927745,0.0026268992563091764,0.002266423223618569,-0.05443700449827238
2021-02-18,0.003938683097215538,0.0018045495704539912,0.0021341335267615474,0.0013955429794426657
2021-02-19,-0.003592240920537866,-0.0026191946008244167,-0.0009730463197134493,0.002001283160918749
2021-02-22,8.638629073240921e-05,-1.1421997518157659e-05,9.780828825056535e-05,-0.028312535651444405
2021-02-23,0.00012561539026295762,1.1329315836847154e-05,0.00011428607442611014,0.023937859196244252
2021-02-24,-0.0022608779785624803,-0.0026130926451460937,0.00035221466658361296,-0.028057657168908883
2021-02-25,0.0015492154712947966,-3.51729286841157e-06,0.001552732764163206,-0.033303638530407284
2021-02-26,-0.0019474044230388386,-0.0014634611543135256,-0.00048394326872531254,-0.08038540851685334
2021-03-01,-0.002376870891580514,-0.0005444926907700485,-0.0018323782008104654,0.03228514809092684
2021-03-02,-0.0061390311882570745,-0.004576795332061038,-0.0015622358561960363,0.018932045204389264
2021-03-03,0.002319422264867057,0.0005469865289598965,0.0017724357359071609,0.04293990514786568
2021-03-04,0.001410537154103875,0.0013569287562016329,5.360839790224253e-05,-0.03244704575434315
2021-03-05,0.002833815650987761,0.0012962264569493188,0.0015375891940384422,-0.028527128684790164
2021-03-08,-0.002177561213260365,-0.0022235968392704253,4.603562601005959e-05,0.04044501368821698
2021-03-09,-0.001828121450585691,-0.0004447546689105089,-0.0013833667816751834,0.04291690677774517
2021-03-10,0.0033851703788523755,-0.0007797306401537366,0.004164901019006115,0.006772846298071268
2021-03-11,0.002989471228236241,-0.0011191000872692106,0.0041085713155054535,-0.0057973906635034956
2021-03-12,0.0005233194521923102,0.002352524873397038,-0.001829205421204727,-0.008615951036228038
2021-03-15,-0.00042558925390393616,-0.001093828535755275,0.0006682392818513384,0.04990751634327893
2021-03-16,-0.000583005097126111,-0.0004884287728647158,-9.45763242613945e-05,-0.008180740143340682
2021-03-17,0.0032461957210900513,0.0014311719922609177,0.0018150237288291331,0.028934349560871146
2021-03-18,-0.0005427033019520315,-0.0004890719534172642,-5.3631348534767184e-05,-0.05292051197830902
2021-03-19,0.0020432485306778256,0.0002576623844389135,0.001785586146238912,0.007549873456972154
2021-03-22,-0.004388038576097013,-0.0020913075698814976,-0.002296731006215516,-0.051492602003664206
2021-03-23,0.0006278098450552413,6.921919593865303e-05,0.000558590649116588,-0.018829143224381378
2021-03-24,-0.0041822410189026535,-0.0030844323277541795,-0.0010978086911484757,-0.0036158689775572387
2021-03-25,-0.00148258957279593,-0.0017579788986365889,0.0002753893258406585,-0.03732714755383993
2021-03-26,-0.0002740812786476048,0.000815423590010942,-0.0010895048686585494,-0.006880981387136308
2021-03-29,-0.002794854280821997,-0.0014874048595486852,-0.0013074494212733136,0.018800990780524933
2021-03-30,-0.0005011614059690062,0.00017277479222414793,-0.0006739361981931535,-0.04442625535631466
2021-03-31,0.0013533841356331098,0.0014112150911406787,-5.783095550757067e-05,-0.04853996490362978
2021-04-01,-0.0031055854590919182,-0.0021756385537395877,-0.0009299469053523296,0.0036531528095426874
2021-04-02,-0.0031609540704099423,-0.0007279719071938973,-0.0024329821632160485,0.04394849541794732
2021-04-05,0.0002536898914271802,-0.00022186097544682655,0.00047555086687401,0.02515516668717516
2021-04-06,0.0036982390867921237,0.0017571381172893762,0.0019411009695027483,0.04634383796919746
2021-04-07,0.001721577766069155,0.0010260625476394957,0.0006955152184296588,0.05062690773404344
2021-04-08,0.003117619978160403,0.0022143344138849073,0.000903285564275498,0.012299190392557655
2021-04-09,0.0030253092436949404,0.0010393667663330568,0.0019859424773618836,0.004905106406954818
2021-04-12,0.0008053059878432905,-0.00012928345762062282,0.0009345894454639118,-0.048199400350366024
2021-04-13,0.0003496503866250763,0.0003853801802116885,-3.572979358661252e-05,0.037657442837281285
2021-04-14,-0.0031518716535765233,-0.00025468336072870246,-0.002897188292847821,-0.04294106300022002
2021-04-15,0.002190043607484664,0.0013136662746917587,0.0008763773327929054,-0.05504134891147706
2021-04-16,-0.0026495610737552705,-0.0010255053875479012,-0.00162405568620737,0.06091751905886489
2021-04-19,-0.0031285763577999217,-0.0028028867220100916,-0.00032568963578983104,-0.08572674767700536
2021-04-20,0.0038686115581048,0.001088240151653045,0.0027803714064517544,0.004846310135822937
2021-04-21,-0.005317041216930062,-0.0025437739212301955,-0.0027732672956998668,-0.05350155991337387
2021-04-22,0.0003397785926954693,0.0005575597928418087,-0.0002177812001463407,-0.01517149816359887
2021-04-23,-0.003851685679257635,-0.0017549225603110293,-0.002096763118946604,0.011921095420214065
2021-04-26,-0.0009256632911335114,-0.0011629660327143092,0.0002373027415807985,0.037257102879996534
2021-04-27,0.0006997915130849471,0.00019808166239002143,0.0005017098506949254,0.04263554519540621
2021-04-28,0.002010101549469049,0.0011432146166292772,0.0008668869328397714,0.030438188131857967
2021-04-29,0.002140990224699342,0.0014555621895726645,0.0006854280351266779,-0.009322533729439262
2021-04-30,0.0018671863143322912,0.0012166549668362588,0.000650531347496033,-0.07687889762974426
2021-05-03,-0.0005552159433740561,-0.0002403806520674609,-0.0003148352913065963,-0.027885718854006997
2021-05-04,-0.004938003918991135,-0.002297818993485707,-0.0026401849255054295,0.03914151057770254
2021-05-05,-0.001929581200768293,-0.001024410676168517,-0.0009051705245997736,-0.022921258929490474
2021-05-06,0.002785652978621221,0.0012250132059880344,0.0015606397726331857,-0.005174796803800333
2021-05-07,-0.0016281365739570382,-0.0012470808695038867,-0.00038105570445315026,-0.02847197016689509
2021-05-10,-0.0003926281605760359,-0.0010791455029424924,0.0006865173423664557,-0.004832154838229242
2021-05-11,-0.0019276468540220877,-0.00256818414351289,0.0006405372894908029,-0.010218292014857069
2021-05-12,-0.0003027020455989082,-0.0003161097155537501,1.3407669954841606e-05,0.08551998753594706
2021-05-13,-0.0007240731093760898,-0.0010344322464062895,0.00031035913703019585,-0.012945721828532748
2021-05-14,0.0054868832412174285,0.002806842771625087,0.002680040469592339,-0.04144229120431865
2021-05-17,-0.0008204301137025405,7.548249343432116e-05,-0.0008959126071368621,-0.010919673763299045
2021-05-18,-0.002516358915308799,-0.0012679117141755642,-0.0012484472011332348,-0.04154053512103542
2021-05-19,-0.00074719459816032,-0.0010366574253013957,0.000289462827141075,-0.07333248664801001
2021-05-20,-0.0028170394272455405,-0.0012513042862069852,-0.0015657351410385545,-0.05958449556270931
2021-05-21,-0.004943187363215532,-0.003384972427343598,-0.0015582149358719342,-0.0428286501866759
2021-05-24,-0.0039764056817341645,-0.0026890557020876962,-0.0012873499796464682,-0.06724996588091806
2021-05-25,-0.0029277722221224076,-0.0017381197336172483,-0.0011896524885051593,0.04477713625880061
2021-05-26,-0.00447241308355824,-0.0015934770456391403,-0.0028789360379190996,-0.02277594239448563
2021-05-27,0.0029060921885011633,0.0011310158867450688,0.001775076301756098,-0.027553112679557925
2021-05-28,-0.0015911314514920555,-0.0003525216499046637,-0.0012386098015873923,-0.023952656648774526
2021-05-31,-0.0017664929683869639,0.0004847846135245633,-0.0022512775819115262,-0.05279109326300757
2021-06-01,-0.0017759603833922488,-0.0008807882721866729,-0.0008951721112055756,0.00543816604414087
2021-06-02,-0.003527938354717808,-0.001414605256254465,-0.002113333098463347,-0.04296335429597078
2021-06-03,0.00040657907112868206,-0.000355417765052617,0.0007619968361812978,0.010012142462414525
2021-06-04,-0.003399500205785232,-0.0009298034301220975,-0.0024696967756631313,-0.038053662702865976
2021-06-07,0.0006750959788922749,0.0005810644149096995,9.403156398257728e-05,-0.03847768272973992
2021-06-08,-0.0031442576778768733,-0.0015477931994327225,-0.0015964644784441512,0.006343175315214461
2021-06-09,-0.0027020708209957883,-0.0007445327917354628,-0.001957538029260327,-0.025919694750419244
2021-06-10,0.0004737898854177676,-2.0810719017140544e-05,0.0004946006044349097,0.03831432172261387
2021-06-11,-0.0019711481747863827,-0.0012451528542254792,-0.0007259953205609052,-0.03918965051044164
2021-06-14,0.002496030018282992,0.0008780468734509855,0.001617983144832007,-0.08041819629292583
2021-06-15,-0.0026434506333039014,-0.0022317282390213137,-0.000411722394282589,-0.039919501039301815
2021-06-16,-0.004948816292127704,-0.003513408248061095,-0.0014354080440666037,-0.07172671705698427
2021-06-17,-0.002980975892051617,-0.0013900301662882909,-0.001590945725763326,0.026942886771249158
2021-06-18,-0.005651636067812462,-0.001832143446608231,-0.0038194926212042346,0.06397716160678545
2021-06-21,0.00260530141958766,0.0018460726701305455,0.0007592287494571151,-0.006192144584785604
2021-06-22,0.005937133518333767,0.002072480036707944,0.0038646534816258182,0.03516510700127904
2021-06-23,-0.0006463250094369184,-0.001622085746073738,0.0009757607366368201,-6.55694007078459e-05
2021-06-24,0.002671331830751295,0.0016316667283520006,0.0010396651023992926,-0.05325391354231385
2021-06-25,-1.8597276819773672e-05,0.00044752687930007563,-0.00046612415611984974,0.06229990702601897
2021-06-28,-0.0038713763501774068,-0.0021127779731399225,-0.0017585983770374847,0.03499764281347746
2021-06-29,0.0039676901041536105,0.0022842215930420386,0.0016834685111115685,-0.01577901681938799
2021-06-30,0.0022010422906716277,0.002469738064359092,-0.00026869577368746414,0.016524050717118294
2021-07-01,-0.0010322882453533357,0.0014966961575025176,-0.0025289844028558535,-0.0034767722252178634
2021-07-02,0.000903731206510114,0.0003741129098660352,0.0005296182966440808,0.043519395538918794
2021-07-05,-0.0002502047851850105,-0.00024051568477994733,-9.689100405062961e-06,-0.1259888245837538
2021-07-06,0.00279328071791758,0.0009317718610621891,0.0018615088568553913,0.049634742898834905
2021-07-07,-0.007992547556042215,-0.004158851494481801,-0.003833696061560415,-0.009338621786333351
2021-07-08,0.002939557523653647,0.0004099974189308341,0.002529560104722813,0.0035682083221082114
2021-07-09,-0.0004881671118558992,0.00041883424398444363,-0.0009070013558403426,0.0036719410171520586
2021-07-12,0.0002097436575637622,-4.062700454622245e-05,0.00025037066210998465,-0.032950408468748436
2021-07-13,0.00020696777029452257,0.00015275991105471141,5.4207859239811806e-05,-0.025069695993315072
2021-07-14,-0.0021158468077491655,-0.0024438821613595313,0.00032803535361037445,-0.03339709343052748
2021-07-15,-0.001422247198717324,0.00018273297124017998,-0.0016049801699575088,0.03397319057225159
2021-07-16,-0.0019061644606183183,0.00010625340089223927,-0.002012417861510558,-0.05034488977361786
2021-07-19,0.0020423419912871817,0.002942887263856152,-0.0009005452725689691,-0.054177343551899945
2021-07-20,-0.003117387144163203,-3.6617628097531524e-06,-0.0031137253813534483,0.016575640116317025
2021-07-21,-0.003384095426326235,-0.0013501642465730147,-0.0020339311797532202,-0.028243722768410164
2021-07-22,0.0009347218864949414,-2.445581422993743e-05,0.0009591777007248795,0.020306107288373097
2021-07-23,-0.00191569784464906,-0.0010063347244731449,-0.0009093631201759151,-0.0037320193625827187
2021-07-26,0.0012697573435669577,0.0015336329188028082,-0.00026387557523584876,-0.06536913746117594
2021-07-27,-0.0003449959162777481,-0.00230958465273443,0.0019645887364566823,0.0007607203545134415
2021-07-28,-0.0036531147458740733,-0.0020912292243148137,-0.0015618855215592596,0.010610388520794687
2021-07-29,6.770607164101111e-05,0.0003778700459917683,-0.0003101639743507585,0.002139762996500738
2021-07-30,0.000551784555340155,-3.2324737158723194e-05,0.0005841092924988786,-0.004507708173226616
2021-08-02,0.0001334831647151649,-0.0007947868265187723,0.0009282699912339367,0.028293119776659006
2021-08-03,-0.00030003654745400764,-0.0010464081111529484,0.0007463715636989408,0.0047082208719641935
2021-08-04,0.0018040571369931117,0.0011744256596757652,0.0006296314773173467,-0.060102730803578586
2021-08-05,0.00035480609756945733,0.001073045687792415,-0.0007182395902229563,0.005915398869422585
2021-08-06,-0.0037900704709067645,-0.0014803523807926178,-0.0023097180901141476,0.02159849058161983
2021-08-09,0.0003985197607660852,-0.0003628961230841433,0.000761415883850227,-0.05862919173132778
2021-08-10,0.0013790617702134876,0.0002710391340203814,0.0011080226361931044,-0.0455476814268954
2021-08-11,-0.0034949493154193276,-0.0022439076311321186,-0.0012510416842872098,0.013247092553642382
2021-08-12,-0.002926991010941659,-0.0011513075594921027,-0.0017756834514495584,-0.034345420640356436
2021-08-13,0.0007824025956296346,4.479677335303585e-05,0.0007376058222765998,0.03014937525240033
2021-08-16,-0.002447658731415227,-0.002097215466552959,-0.0003504432648622699,0.055670423406122486
2021-08-17,0.0018927049874250992,-0.0003017548314064797,0.0021944598188315765,-0.06583401794742422
2021-08-18,0.004395104331438178,0.002141533497058614,0.0022535708343795584,-0.026047975708272254
2021-08-19,-0.004113567074751818,-0.0021938436313833822,-0.0019197234433684356,-0.026800785569325306
2021-08-20,-0.0016132312734208373,0.00011679904847927762,-0.0017300303219001155,0.008073676712459813
2021-08-23,-0.0019279340324710823,-0.0005569799575001451,-0.0013709540749709363,-0.026283742376676897
2021-08-24,0.0005999245218959252,0.0010490555761300422,-0.0004491310542341165,-0.04038722479840559
2021-08-25,-0.0015839609181071694,-0.0013693178937476645,-0.00021464302435950447,0.040883667532978125
2021-08-26,-0.00256516987977837,-0.0008959197225151816,-0.001669250157263191,0.0008620682354979827
2021-08-27,0.0027124983961217524,0.0001423412926890034,0.0025701571034327493,0.05583308226838888
2021-08-30,-1.5779897022540935e-05,-0.0016706551494600277,0.0016548752524374877,-0.03936473366160652
2021-08-31,0.0037536944799697607,0.003353831123171112,0.00039986335679864995,-0.013956942826842225
2021-09-01,-0.002470616308384729,-0.00045623224277754025,-0.002014384065607191,-0.04812055928932608
2021-09-02,-0.0009972416386734516,0.000499572724453382,-0.0014968143631268324,0.013303299951599522
2021-09-03,-0.0039049671001989846,-0.002324606005028658,-0.0015803610951703254,0.02928523157053077
2021-09-06,0.0008319254179675894,-0.00022984421843760816,0.0010617696364052,0.015735016006452624
2021-09-07,0.0020110246594270795,0.002036832443779604,-2.5807784352524857e-05,0.004858977169517019
2021-09-08,0.000993632948311751,0.0015495502145437684,-0.0005559172662320151,-0.07141683948159386
2021-09-09,0.00029646341770215635,-0.00011409530216164015,0.00041055871986379715,-0.0400874320144609
2021-09-10,-0.0040767699750413455,-0.001820414232088968,-0.0022563557429523774,-0.0001217316113520908
2021-09-13,-0.0026940932126692323,-0.0022971855191892526,-0.0003969076934799802,-0.05330949766663266
2021-09-14,2.3587644016986376e-05,0.0007551228674317467,-0.0007315352234147626,0.05361703180485631
2021-09-15,-0.003316661466464787,-0.0006118518616745503,-0.002704809604790237,-0.09933278373175414
2021-09-16,0.003077052273210745,0.0006065741843369931,0.002470478088873752,-0.08092172287103122
2021-09-17,-0.006225709614686229,-0.003217291442301021,-0.0030084181723852087,-0.05959777679046252
2021-09-20,-0.0051810797396771285,-0.0034052916259191767,-0.0017757881137579522,0.08245457805241238
2021-09-21,-0.004045305926245848,-0.002733815852710514,-0.001311490073535336,0.03889298773977584
2021-09-22,0.005587310730896421,0.002272699370474017,0.0033146113604224058,-0.012314370820513863
2021-09-23,0.0023497012971759545,-0.00014440479384086186,0.0024941060910168168,-0.05993966763948189
2021-09-24,-0.0009053662258929095,-0.0009468944158651255,4.152818997221579e-05,-0.037508350709233286
2021-09-27,-0.0037771066591889835,-0.0007707450212623389,-0.0030063616379266446,-0.02928060968042603
2021-09-28,-0.002262457971911708,-0.0018579025283459224,-0.0004045554435657857,0.07616869858739676
2021-09-29,-0.0016664197497912158,-0.0011237853260350297,-0.0005426344237561863,0.057436415296553425
2021-09-30,0.004557480638565479,0.0019033422474416927,0.002654138391123788,-0.047087593248557054
2021-10-01,0.003504015569914714,0.0020319803767445605,0.0014720351931701524,0.017153754544152713
2021-10-04,-0.0027416889717495284,0.0005651685741229788,-0.0033068575458725085,0.02496002380012723
2021-10-05,0.0010586348835159845,0.0010761078020815598,-1.7472918565575313e-05,-0.024604824662955292
2021-10-06,0.0013245528462335495,-0.00013046871912668996,0.0014550215653602394,0.02440194986366261
2021-10-07,-0.0015446551264112463,-0.000650510252765328,-0.0008941448736459177,-0.02461242628160798
2021-10-08,0.0015874542831406666,9.718468085312404e-06,0.0015777358150553533,-0.05635972698330615
2021-10-11,-0.001511564040727207,-0.0007314334477323287,-0.0007801305929948776,-0.021865647482535975
2021-10-12,-0.003348349529774971,-0.0011885983840440881,-0.002159751145730884,-0.06088242718727596
2021-10-13,-0.0012897706914087805,-0.00038928901463108553,-0.0009004816767776945,-0.027620640080241787
2021-10-14,-0.004130125042925948,-0.0007284300563007863,-0.003401694986625161,-0.014317227539197683
2021-10-15,-0.001827989433107048,-0.0013463525012431315,-0.00048163693186391646,-0.031530593159404506
2021-10-18,-0.000817292122561815,0.00012351376560496268,-0.0009408058881667765,0.05857163901309408
2021-10-19,-0.002121534911180714,-0.0024261665928626466,0.00030463168168193364,-0.02141851956754274
2021-10-20,0.004071866270091843,7.789513273855769e-05,0.003993971137353284,0.03325728037623397
2021-10-21,-0.0012015997143467634,-9.300863441937847e-05,-0.001108591079927384,-0.09385611451657072
2021-10-22,0.002046552435227406,0.0009225484902313317,0.001124003944996078,-0.01559960383330785
2021-10-25,-0.005908394789966003,-0.0028223423598117653,-0.0030860524301542366,0.04180297427500036
2021-10-26,-0.0008807547427160244,-0.0004335888788668304,-0.00044716586384919467,-0.0002692056001677982
2021-10-27,0.0023663162353503853,0.001225648726878574,0.0011406675084718121,-0.019239846028755347
2021-10-28,-3.33075275866985e-05,-0.0005485487159575253,0.0005152411883708255,-0.007772294629143433
2021-10-29,-0.0009913040826179382,-0.0009449044754198505,-4.63996071980873e-05,-0.050751870968688946
2021-11-01,-0.000405493079685378,-0.0003553763260912285,-5.0116753594149546e-05,-0.002450597425204426
2021-11-02,-0.0022941686439009405,-0.001694067409280138,-0.0006001012346208024,0.01981676662005862
2021-11-03,-0.00015873443368442691,-0.0003177899661484865,0.00015905553246406065,0.03976398887837389
2021-11-04,0.001151021733375937,0.000382706967068127,0.0007683147663078045,0.044403389998240374
2021-11-05,0.0021448902229230893,0.0004244215650100573,0.0017204686579130324,-0.0330781212274959
2021-11-08,0.002273005310606927,0.0010102759778826825,0.0012627293327242429,-0.07206185049923063
2021-11-09,-0.0016091668432897588,-0.000938609982043447,-0.0006705568612463122,-0.022892429079848477
2021-11-10,-0.0036080161980119093,-0.0005908610174612896,-0.0030171551805506206,0.010334285587514494
2021-11-11,-0.0010843933258466306,-0.0003644135986234885,-0.0007199797272231384,0.011772251096307232
2021-11-12,0.0006756405098244251,0.0004923306596549618,0.00018330985016946216,-0.07934555564889786
2021-11-15,0.0006357974329208717,0.0012394858430196595,-0.0006036884100987863,-0.05441856562838319
2021-11-16,-0.004327977464696449,-0.0020335923992336052,-0.0022943850654628464,0.004781822398172044
2021-11-17,-0.0030807636470474168,-0.0020215762316113306,-0.001059187415436087,-0.08742282866888247
2021-11-18,0.00028533590866975517,1.591445148237114e-05,0.00026942145718738403,0.03303551976840362
2021-11-19,-0.00591917559989933,-0.002837413864577752,-0.0030817617353215785,0.03799690592659696
2021-11-22,0.0019635359401901876,0.0010007513988577197,0.0009627845413324671,0.00178924025549182
2021-11-23,0.0021470711631516376,0.0007320773465720257,0.0014149938165796128,0.01595119846038372
2021-11-24,9.825777832716967e-05,9.278254541975756e-07,9.732995287296993e-05,-0.0054976720023515715
2021-11-25,0.0008048406311796708,-0.0005774784065594972,0.0013823190377391693,-0.06454977604720546
2021-11-26,-0.0003227478564645158,-9.354949523366837e-05,-0.00022919836123084548,0.0362440637039804
2021-11-29,-0.003543869027076979,-0.0020323006311165626,-0.0015115683959604168,0.010546751213525857
2021-11-30,0.002020784414145432,-0.000367543242711656,0.002388327656857088,-0.08567435906773088
2021-12-01,0.0005598335452100131,-0.0002169737923771592,0.0007768073375871718,0.00412758014985998
2021-12-02,-0.004895654834886824,-0.002386777298424977,-0.0025088775364618464,-0.05484341004073812
2021-12-03,0.00028022777310059924,0.00038030855857395726,-0.00010008078547335889,-0.025753833595749544
2021-12-06,-0.003764611419971739,-0.0031393596743031207,-0.000625251745668617,0.06022735505482763
2021-12-07,-0.0018803355590971012,-0.001191190016676915,-0.0006891455424201838,-0.07769605306035586
2021-12-08,0.004069108159075249,0.0016139478354517507,0.002455160323623498,-0.005919591809702832
2021-12-09,-0.0050060665783818225,-0.0014520192811799323,-0.003554047297201879,0.02758021199125126
2021-12-10,-0.00041694816732402865,0.001125486911142769,-0.001542435078466799,0.00020322069107126995
2021-12-13,0.0016502624451256347,0.0010643463867734508,0.0005859160583521865,-0.014750733578678241
2021-12-14,3.1354546774902195e-05,0.0006371044934265404,-0.0006057499466516382,0.09568572690989734
2021-12-15,-0.0008261796839326767,-0.0002598787889682148,-0.0005663008949644615,0.09463490063676636
2021-12-16,0.0050542206070459,0.0023900565425791012,0.0026641640644668,-0.017618105476224794
2021-12-17,0.005660191523872466,0.0014137808677873002,0.004246410656085166,-0.04566713629540465
2021-12-20,-0.0007997304115970366,0.00048651805900376793,-0.0012862484706008047,-0.005627722343935642
2021-12-21,-0.0023158743931205616,-0.0013285345427824107,-0.0009873398503381509,0.0367211626729975
2021-12-22,-0.0003665440996465045,-0.0005916170087695407,0.0002250729091230366,0.0294167156993204
2021-12-23,0.0023542823782813672,0.0010116218917341569,0.0013426604865472086,0.04738187924368443
2021-12-24,0.0020815526501721357,0.00026678274360986576,0.0018147699065622707,-0.03052266544987167
2021-12-27,0.0028777066582920084,0.002534858581397254,0.00034284807689475075,-0.009443774183281487
2021-12-28,-0.0015868551922069616,-0.0001494676283158242,-0.0014373875638911374,0.005157106679182974
2021-12-29,-0.0005310619762057909,-0.0005196460790360064,-1.1415897169784507e-05,-0.0057379034769263456
2021-12-30,0.00025561147470643236,-0.0004941213557041139,0.0007497328304105471,-0.11534568275333076
2021-12-31,-0.0003274176134021086,-0.00033067086932456907,3.2532559224606773e-06,-0.032468920436191435
2022-01-03,-0.006402222433218611,-0.003334333855466729,-0.0030678885777518806,0.09662579959717847
2022-01-04,-0.001892776637132621,-0.001039365875866607,-0.0008534107612660135,-0.048019228448773
2022-01-05,0.004615112926594499,0.001982010587380809,0.0026331023392136893,-0.05368531359529783
2022-01-06,-0.002718187571230571,-0.0022452370001678533,-0.0004729505710627186,0.04118148986597466
2022-01-07,-0.002696180717371747,-0.0011461539913106534,-0.0015500267260610935,-0.004596283552070096
2022-01-10,0.002358677806053636,0.0002748078740116705,0.0020838699320419665,-0.019520201387014668
2022-01-11,-0.00023693494050934397,-0.00025035649356441446,1.3421553055070604e-05,-0.03395465028750809
2022-01-12,-0.0011046326260350365,-3.760599294655789e-05,-0.001067026633088478,-0.06899182239194529
2022-01-13,-0.0019850073155016296,-0.0011385487761380016,-0.0008464585393636289,-0.008730925842853883
2022-01-14,-0.004144038961038385,-0.0021411353966878186,-0.0020029035643505683,-0.00626581369434243
2022-01-17,-0.0005779123938640428,-0.0012132792564584858,0.0006353668625944438,-0.06878254714207822
2022-01-18,-0.0003935369876341487,-0.0004685017376948402,7.496475006069092e-05,-0.02719897425338684
2022-01-19,-0.0035114810686491414,-0.0015925878515945513,-0.00191889321705459,0.009538422924337004
2022-01-20,-0.0015190097845685072,-0.0011276321839686118,-0.00039137760059989517,-0.09286869161374471
2022-01-21,0.0006310775768121065,0.0005117194096474374,0.00011935816716467009,-0.05919641494767593
2022-01-24,-0.006203704177186655,-0.0032440529382596122,-0.002959651238927042,0.11125952599863467
2022-01-25,-0.00346218573849886,-0.0012096901289032316,-0.0022524956095956285,-0.012210889622763382
2022-01-26,0.006076113898800702,0.0021061904139681254,0.003969923484832578,0.03155423773737606
2022-01-27,-0.0006824293899509643,-0.00020849234742490418,-0.000473937042526058,0.044679628788944784
2022-01-28,0.0018678853749992054,0.0014240632602873018,0.00044382211471190314,-0.08417666319106319
2022-01-31,0.002621549115281709,0.0008063522981359046,0.001815196817145804,-0.017637353301932366
2022-02-01,-0.00404156294666699,-0.002479135919400392,-0.0015624270272665977,-0.006985154862146542
2022-02-02,-0.000948998920930269,-0.0008016178527071576,-0.00014738106822311144,0.05153922656901191
2022-02-03,-0.00041992407991968384,-0.0002752389391468724,-0.00014468514077281168,-0.004066099523386393
2022-02-04,0.003113341245186022,0.0023890329599200524,0.000724308285265967,0.0451626548036594
2022-02-07,-0.0002666302491592318,-0.0009903639991069822,0.0007237337499477513,-0.010346567353234302
2022-02-08,0.002045843450871012,8.75320508098229e-05,0.001958311400061188,-0.01857087383938509
2022-02-09,-0.0005688590082253162,-0.00011282004658814179,-0.0004560389616371746,0.08746605579153462
2022-02-10,-0.0008669482860571445,-0.0003312328476964728,-0.0005357154383606715,-0.022150107993415286
2022-02-11,0.006137607587380408,0.004695060622313712,0.0014425469650666996,0.0031454491676367866
2022-02-14,-0.0012610002584165266,-0.00044690816679418804,-0.000814092091622338,-0.0034821152592443734
2022-02-15,0.00016073991405221951,-1.5212232507781816e-05,0.00017595214656000117,-0.04067827595475978
2022-02-16,-0.00030713975229908577,-0.0018937381755597528,0.0015865984232606672,0.00046631372261833604
2022-02-17,-0.00206074125561136,-0.000703070329157519,-0.0013576709264538408,-0.00019444786475634665
2022-02-18,1.1544724569499828e-05,-0.00011603574723529123,0.00012758047180479117,0.007405838577579576
2022-02-21,-8.509455492306493e-08,-5.8789462297374057e-05,5.8704367742450775e-05,-0.008021538556134345
2022-02-22,0.00029950853634357126,-0.00014010531384341853,0.00043961385018699084,0.018149332326794682
2022-02-23,-0.0004021373942924226,0.00010581809662105809,-0.0005079554909134818,-0.019385668049833642
2022-02-24,0.000858762353360803,-0.0004932875194104507,0.001352049872771252,-0.01925155937921932
2022-02-25,-0.0009588668528931209,-0.0010604946407653769,0.00010162778787225525,-0.04317280585720311
2022-02-28,-0.0009106623423025247,-0.0007831950665246738,-0.0001274672757778511,0.10829109707974574
2022-03-01,-0.0022176365871053464,-0.0011981195613170702,-0.0010195170257882762,0.03212054057459986
2022-03-02,0.004588520063030787,0.0022231894137631665,0.0023653306492676194,0.0002751137423293274
2022-03-03,0.0019053781977883177,0.001579893546291176,0.0003254846514971401,0.03188580946327753
2022-03-04,1.4456484319702112e-06,-0.000330028799822797,0.00033147444825476794,-0.06775663460285578
2022-03-07,0.0016460833903616057,0.002126444451654049,-0.00048036106129244194,0.06957430395253084
2022-03-08,-0.003609252681684864,-0.0024259323771350996,-0.0011833203045497648,0.008076555255755511
2022-03-09,0.003789863347119708,0.00260381652735652,0.0011860468197631882,-5.620558500973657e-05
2022-03-10,0.0004606382466146548,0.00041188164304916276,4.8756603565491916e-05,0.0060482153164499956
2022-03-11,-2.259143497757455e-05,0.00016238596301208254,-0.0001849773979896571,-0.038614196745585166
2022-03-14,0.0002888569498386548,-8.544774489082502e-05,0.0003743046947294803,0.0006418304586919722
2022-03-15,-0.0018010174003713522,-0.0011071158589558393,-0.0006939015414155134,0.025616907692505093
2022-03-16,1.1201665059271722e-06,-0.0008355052323536143,0.0008366253988595414,0.013155633833018444
2022-03-17,0.001470973914970224,0.0011684862177508363,0.0003024876972193887,0.02797610421873765
2022-03-18,0.0006378234177549168,0.0002544566953940461,0.0003833667223608708,0.009467605307199926
2022-03-21,0.001658708379083927,0.0008570164188327835,0.0008016919602511436,-0.06364144085035695
2022-03-22,0.0005761490990140525,-0.00019124563644219023,0.0007673947354562456,-0.0340850109433701
2022-03-23,-0.003919382997218101,-0.0031745593809030534,-0.0007448236163150454,0.03987146241554865
2022-03-24,-0.0017539913296837296,-0.00017161062901566854,-0.0015823807006680578,-0.030636028560603677
2022-03-25,0.0018480176360411577,0.000438933651248764,0.0014090839847923945,0.019414386962840268
2022-03-28,-0.0013183049040598246,-0.0007926293942960249,-0.0005256755097637997,-0.01867312443307711
2022-03-29,0.0008840342986841095,-0.00012806674231969142,0.0010121010410038007,-0.06204089386835156
2022-03-30,-0.0007799552073198579,-0.00025138761968924463,-0.0005285675876306132,-0.004673690413653291
2022-03-31,-0.002907640480040382,-0.0021221832451261725,-0.0007854572349142086,0.038774458283033636
2022-04-01,-0.00022628959678927378,-0.00042765462825421034,0.00020136503146493505,-0.04470682727863833
2022-04-04,0.002029346485342865,0.0011525134162416063,0.0008768330691012582,0.055505651827853525
2022-04-05,-0.002315512641875314,-0.0005927574293091088,-0.001722755212566205,-0.025454025998728248
2022-04-06,0.002381415172535672,0.0008885525393247413,0.001492862633210931,-0.015019443435133664
2022-04-07,-0.001368818247790956,-0.0011770925270991057,-0.0001917257206918505,-0.005761151107865247
2022-04-08,-0.0006616106148045701,-5.335178861358772e-05,-0.0006082588261909806,-0.06355884365892892
2022-04-11,-0.0002740370700963818,0.00016623234959460553,-0.00044026941969098864,-0.033040837121915904
2022-04-12,-0.0030560219516071016,-0.0022596800728483363,-0.000796341878758766,-0.09494567477875959
2022-04-13,-0.0016239870498084,-0.0015484251851735076,-7.556186463489323e-05,0.030876471666621386
2022-04-14,-0.005352383556283103,-0.0016329776058259518,-0.0037194059504571516,-0.049103585009481254
2022-04-15,0.0015072409933947662,0.00020981485947700607,0.0012974261339177597,-0.055566194988287666
2022-04-18,-0.0025067614137892166,-0.00040607276159151766,-0.0021006886521976994,0.018278495267510606
2022-04-19,-0.002580241007107734,-0.0020554934107375085,-0.0005247475963702231,-0.021725102380145446
2022-04-20,0.0010797338457967638,0.0004105598739657188,0.0006691739718310448,0.10286946669939666
2022-04-21,-0.0012216645924230836,-0.00033405442411719825,-0.0008876101683058845,0.0008675834641314205
2022-04-22,0.005688488192782739,0.003171716612302559,0.0025167715804801805,0.018345245485577796
2022-04-25,6.318777289214528e-05,0.00047543948462457075,-0.00041225171173242623,-0.0023132611552329563
2022-04-26,0.0010140780785160108,0.0003661730315488135,0.0006479050469671978,0.03479979804294887
2022-04-27,-9.203357535550157e-05,0.0007941953077170767,-0.0008862288830725785,-0.049684269590926075
2022-04-28,0.0023136141603069264,0.0009994371574381384,0.0013141770028687882,0.07810507076844604
2022-04-29,-0.003208310482995332,-0.001925344519999041,-0.0012829659629962917,-0.019879278677616533
2022-05-02,0.004145985398332505,0.0012883654151336554,0.002857619983198849,-0.03170600648491315
2022-05-03,-0.0010096202017032246,-8.486608702452415e-05,-0.0009247541146786996,0.0007153201183489822
2022-05-04,-0.0017224451649907506,-0.0010841606717663724,-0.0006382844932243791,-0.055331397111402954
2022-05-05,1.030419777477647e-05,-0.000365246962921938,0.0003755511606967146,0.016217076567788105
2022-05-06,-0.00378429288421711,-0.0017869015482792489,-0.001997391335937862,0.03783500342962321
2022-05-09,0.001112038977199992,-2.9821953621398615e-05,0.0011418609308213906,0.039655001634995704
2022-05-10,0.0023013383623966387,0.0010368248355563416,0.0012645135268402972,-0.06519731005142518
2022-05-11,0.0027505203068001146,0.001555551167214909,0.0011949691395852068,0.005852363135948902
2022-05-12,-0.004131345757653145,-0.001905951733590444,-0.0022253940240627,0.03060134047181081
2022-05-13,0.0003101087406566505,-0.0015443857677780535,0.0018544945084347031,0.054404705997461444
2022-05-16,0.0018357919030028002,0.0004884465738785914,0.0013473453291242077,-0.00152338848126106
2022-05-17,0.0031403649177542264,0.0012179328166438898,0.0019224321011103366,-0.04401495478816012
2022-05-18,-0.00011125611465094944,-0.0003968249450630708,0.0002855688304121218,-0.06947728175974091
2022-05-19,-0.0025406348139516434,-0.0007459079324508892,-0.0017947268815007547,-0.03277562271246555
2022-05-20,-0.004140318804727799,-0.002654458664454359,-0.0014858601402734394,0.031190241757635215
2022-05-23,-0.002089037673043005,-0.0016063704962642734,-0.0004826671767787301,0.04505766519398646
2022-05-24,0.0024582081733036227,0.0009880026551215663,0.001470205518182055,-0.03396481259837214
2022-05-25,0.003211961594694356,0.0010126817524945247,0.0021992798421998326,0.013262471776350726
2022-05-26,-0.00261891776274986,-0.0017472606346133727,-0.0008716571281364854,-0.026461339866954512
2022-05-27,0.0011836703775215558,0.0011793068387633736,4.36353875818158e-06,-0.01090592793462601
2022-05-30,-0.002089962630442352,-0.0012593107540170153,-0.0008306518764253366,-0.053345002366939884
2022-05-31,-0.0009819398983467672,-0.0018079675946460483,0.0008260276962992787,-0.029111008596801092
2022-06-01,-0.00433414218100132,-0.0015978949583589693,-0.002736247222642349,-0.04837706785939804
2022-06-02,-0.002107162787813755,-0.0010668476478912746,-0.0010403151399224798,0.002251685721360744
2022-06-03,-0.002920362674658997,-0.00013622501306045573,-0.002784137661598543,0.01796085237155876
2022-06-06,8.642228092292257e-05,-0.0004865907726054469,0.0005730130535283699,-0.004553333736191802
2022-06-07,0.0009966412846330536,0.0010334738626150645,-3.683257798201044e-05,-0.006807527611596087
2022-06-08,-0.00028627978988407586,-0.0006905109377116159,0.0004042311478275394,0.06982898915124545
2022-06-09,-0.0003409326017466089,0.0001510534808125321,-0.0004919860825591416,0.022532007745963523
2022-06-10,0.004152532971117628,0.002335710603769303,0.0018168223673483246,0.009407385593897786
2022-06-13,0.0012124947632301437,-0.000377453393881233,0.0015899481571113733,0.011371782425157314
2022-06-14,0.00044931508807092993,-0.0003872665078878887,0.0008365815959588182,0.04812500056821788
2022-06-15,0.0006874049885947351,0.00024547208229843895,0.0004419329062962966,-0.05773750604976332
2022-06-16,0.0027803943059310924,0.0023586755690561323,0.0004217187368749607,6.017122946717057e-05
2022-06-17,-0.003208933411065529,-0.0020037726987460944,-0.0012051607123194342,0.01824395159957354
2022-06-20,-4.105943119666038e-06,-0.0008740868672198285,0.0008699809241001621,-0.0014277509720933843
2022-06-21,0.0008201830212532946,0.0008170429598249799,3.1400614283155596e-06,-0.003454052529837081
2022-06-22,-3.0070905008492722e-05,0.0008667284026841341,-0.0008967993076926272,0.008001702851968573
2022-06-23,-0.0002127418518977082,0.0006511346374209227,-0.0008638764893186312,-0.007281311334164891
2022-06-24,0.00048344775926169184,0.00020368982007437555,0.00027975793918731716,-0.0035884179110961555
2022-06-27,-0.0004280893633467867,0.0003048064846074786,-0.0007328958479542649,-0.014823990413801886
2022-06-28,-0.000272109753607694,-0.0013978573050395294,0.001125747551431835,0.09199283332153149
2022-06-29,-0.0008650867234884995,0.0001728126309051706,-0.00103789935439367,0.024344673801245994
2022-06-30,0.00589265074475257,0.0035684820871678073,0.0023241686575847633,0.014146952403754668
2022-07-01,0.0013330397443953694,0.0012467825477214126,8.625719667395681e-05,-0.012836648072711575
2022-07-04,0.0007652017988312985,-0.00047690462694330304,0.0012421064257746028,-0.04130824870512516
2022-07-05,-0.0006493929319256971,8.215629555070533e-05,-0.0007315492274764038,0.011009160185971246
2022-07-06,-0.0023072069797232964,-0.0015445963909301958,-0.0007626105887930997,0.0021036957764559603
2022-07-07,0.0006099062820077558,0.0004414884330014206,0.00016841784900633542,-0.015611925368617269
2022-07-08,8.113182135377007e-05,-0.0004471080706210115,0.0005282398919747812,-0.014282500927830049
2022-07-11,-0.0007684746589683945,-0.0005388888571273695,-0.00022958580184102503,0.044233901079344835
2022-07-12,-0.000832339216382339,-0.0007894060626309435,-4.29331537513955e-05,-0.012137779405192372
2022-07-13,0.0026492191498250885,0.0013690337502292936,0.0012801853995957953,0.027015714485023847
2022-07-14,-0.0006359444172636406,-0.0008348425642594392,0.00019889814699579865,-0.0067285079196069625
2022-07-15,0.001664694499683649,-9.877068483877947e-05,0.0017634651845224289,0.004472638401723516
2022-07-18,-0.0003790629382263433,-0.00020715888361102662,-0.00017190405461531754,0.06905161278758541
2022-07-19,0.0002660898545422275,-0.0009062835210423142,0.00117237337558454,-0.023282770677520135
2022-07-20,0.004751258092907325,0.0021574943630511788,0.0025937637298561467,-0.009468084901176952
2022-07-21,-0.0012710171910506412,-0.0003194457135694759,-0.000951571477481164,-0.005844148656036824
2022-07-22,-0.0005485412100619137,-0.00043148846175204095,-0.00011705274830987314,-0.008583628994912856
2022-07-25,-0.0003449966154770044,-0.0006447444432767834,0.0002997478277997796,0.06556473738539159
2022-07-26,-0.0004818375377298404,-0.00010135605688905633,-0.0003804814808407841,-0.007006383519350751
2022-07-27,0.0038779258832368014,0.002950548768047734,0.0009273771151890684,-0.07011814695855952
2022-07-28,-0.0003263805082269227,0.0003962836466330738,-0.0007226641548599968,0.024867335033049654
2022-07-29,-0.003478851870452557,-0.002770235299382694,-0.000708616571069862,-0.04412327125135079
2022-08-01,0.001065969555952751,0.0003186541131325847,0.0007473154428201661,0.03643458211467221
2022-08-02,-0.001965539364972965,-0.000573445217674968,-0.0013920941472979976,0.014207806757320479
2022-08-03,0.001762988489986676,0.00047082272730561143,0.001292165762681065,-0.0472861323832189
2022-08-04,0.0007358356066982895,0.0010254971773165185,-0.00028966157061822897,0.04992068793835733
2022-08-05,-0.00246476097820161,-0.0011121753050328895,-0.0013525856731687203,0.010184042658521438
2022-08-08,0.0023983473312865896,0.0004342014587772891,0.0019641458725093005,-0.04292025866925307
2022-08-09,0.0005370732016970691,-0.000581548278002281,0.0011186214796993508,-0.07482742079272335
2022-08-10,-0.002352135466729482,-0.00042409946140366554,-0.001928036005325817,-0.00940899254006923
2022-08-11,-0.0038542589564105087,-0.0022597946007198175,-0.0015944643556906912,-0.008898519979863736
2022-08-12,-0.00035612599350330794,0.0004724335434377361,-0.0008285595369410448,-0.015401838259454527
2022-08-15,-0.0004529424455928062,-0.00043758073667067403,-1.5361708922131262e-05,-0.025002597274669035
2022-08-16,-0.0007050392249279718,5.4363912734661134e-05,-0.0007594031376626325,0.0823999805808588
2022-08-17,-0.0011276656399205015,8.93692787600148e-05,-0.0012170349186805163,-0.05085978896419043
2022-08-18,0.0043946899184994954,0.002033964529854628,0.0023607253886448656,-0.09811424020199776
2022-08-19,-0.002859966623796328,-0.0008134221557577464,-0.0020465444680385823,-0.035106864370937824
2022-08-22,-0.004999135140935362,-0.0019817332862512894,-0.003017401854684071,0.021670647541780025
2022-08-23,-0.0018505219248175385,-0.0006094333462813191,-0.0012410885785362185,-0.04031018462475896
2022-08-24,0.0011309609162026783,0.0010802067517589053,5.075416444377291e-05,-0.013142030378345916
2022-08-25,-0.0020911626932345936,-0.0012181728558114439,-0.0008729898374231495,-0.012750093570361823
2022-08-26,-0.0005212082096575383,1.7420495740223156e-05,-0.0005386287053977619,0.06663213367492248
2022-08-29,-0.0006553916269603017,-0.0007101129113498764,5.472128438957522e-05,0.016078409231352602
2022-08-30,0.0035888326873517256,0.0019998768314227616,0.0015889558559289637,-0.050995381778405666
2022-08-31,0.0008877757628665429,0.0008949128125253841,-7.137049658841217e-06,-0.020929328440679608
2022-09-01,-0.0024223243102279293,-0.0013059375324993758,-0.0011163867777285535,-0.05869171320374403
2022-09-02,-0.0009645389323754893,-0.000679963211882911,-0.0002845757204925784,0.023251056714730812
2022-09-05,-0.002246681515102893,-0.0013573046043109066,-0.0008893769107919855,0.018608976096608647
2022-09-06,0.0009059865350318861,-0.0012072981119218597,0.002113284646953751,-0.04225333575338156
2022-09-07,0.0009369626243875987,0.0015025033343552792,-0.0005655407099676791,-0.009247494448231228
2022-09-08,-0.0017553230408551158,-0.0009584701019601273,-0.0007968529388949885,0.0172733241479309
2022-09-09,-0.0004226916452045881,0.00015498527036846357,-0.0005776769155730506,-0.04499014808329003
2022-09-12,0.0007422769207405355,0.0007018915599866938,4.0385360753840416e-05,-0.04391725880538167
2022-09-13,-0.0020314156040645848,-0.0012586716953598212,-0.0007727439087047636,0.011371545909611678
2022-09-14,-0.00195347537559297,-0.0012858815001363048,-0.0006675938754566665,-0.08461006416005301
2022-09-15,0.0007156174973321484,0.0004473133396733055,0.00026830415765884217,-0.05372862600252519
2022-09-16,-0.004084070822823089,-0.0024281782950711372,-0.0016558925277519523,-0.037187430349848505
2022-09-19,-0.00290992706783688,-0.0010130351042863034,-0.0018968919635505763,0.01177625243257758
2022-09-20,-0.002318347435848112,-0.0012266810294516983,-0.0010916664063964146,0.04438571792128839
2022-09-21,0.0006937917815424217,0.0004259763217992936,0.0002678154597431249,-0.010553975055465476
2022-09-22,0.0027145252085708465,0.0027727024371658367,-5.817722859499316e-05,-0.019209635087841678
2022-09-23,-0.0006370271871140343,-0.0008049595799038425,0.0001679323927898076,-0.004802624798188321
2022-09-26,-0.0009576566772526116,-0.0013742185132112669,0.00041656183595865405,0.0015754588070829
2022-09-27,-0.00013167779294682785,0.0017388671017915013,-0.0018705448947383286,-0.019096042221791808
2022-09-28,7.535345228422722e-05,-0.0008364155800796823,0.0009117690323639065,0.030088947479117983
2022-09-29,-0.0009280771748098561,-0.0007874132813496578,-0.00014066389346019826,-0.09930975248440178
2022-09-30,0.0015209333203222027,-0.00011261833297269812,0.0016335516532949004,-0.04720328975141529
2022-10-03,-0.0038063744656109903,-0.002552794839974351,-0.0012535796256366357,0.05542167007991629
2022-10-04,-0.0024576223771158034,-0.0013155655854962345,-0.0011420567916195687,0.0717131196270167
2022-10-05,0.002858780441634641,0.001979641621241604,0.000879138820393038,-0.011303022427334447
2022-10-06,0.003228334074944321,0.00134546597529152,0.001882868099652801,-0.07702979084915251
2022-10-07,-0.0004901561484009524,-7.220152320720763e-05,-0.0004179546251937439,0.009454739970862526
2022-10-10,-0.0033565464300428925,-0.0016365117817592045,-0.0017200346482836885,-0.004913684924012405
2022-10-11,0.00047901369483068065,0.0009300469707253559,-0.0004510332758946747,-0.025173238327008678
2022-10-12,-0.0002407342582835329,-0.0004055155689241703,0.00016478131064063747,-0.014276123164791711
2022-10-13,-0.0010886226779774542,-0.0004838191333135433,-0.0006048035446639104,-0.0016871670333144365
2022-10-14,-0.0005569463568709783,-0.00022589225033413027,-0.00033105410653684695,0.14573345789477152
2022-10-17,-6.58308706381421e-05,-0.00012403413480063276,5.820326416249022e-05,-0.0703424325672739
2022-10-18,0.007285973484887124,0.003276794909220615,0.00400917857566651,-0.012725309555793212
2022-10-19,-0.0032221953585862702,-0.0012563204489979326,-0.0019658749095883363,0.05236006786658803
2022-10-20,-0.0005735901931866594,-0.0003498403215699804,-0.00022374987161667866,-0.012589598572011106
2022-10-21,0.002507993764690631,0.0015616854202256053,0.0009463083444650254,-0.009276375499410934
2022-10-24,-0.0006167329787087293,-0.00040432835819922096,-0.00021240462050950946,-0.03567885878594116
2022-10-25,-0.0004701251304000205,0.0005275816617422756,-0.0009977067921422963,0.037347174763424106
2022-10-26,-0.0020984028218546946,-0.0020365130045608723,-6.188981729382244e-05,0.023431832564835414
2022-10-27,0.0019734884084540412,0.0003190537284179708,0.0016544346800360702,-0.05257817712256923
2022-10-28,0.001046167313556627,0.00010437671529053665,0.0009417905982660908,-0.049593197203917076
2022-10-31,-0.0026025325557394326,-0.0012277366690710183,-0.0013747958866684139,0.036324414851125315
2022-11-01,-0.002848274995737049,-0.0017355658529791306,-0.0011127091427579191,-0.0344452694725116
2022-11-02,0.0016100469546352309,-0.0001009060297797518,0.0017109529844149824,0.0073209428443594664
2022-11-03,-0.0016649851088873181,-0.0013409313646720149,-0.0003240537442153052,0.004892926677988419
2022-11-04,0.000343900283059928,-0.000351675571574615,0.000695575854634544,-0.013207900759911776
2022-11-07,0.00026021307702332546,-0.0005344389162764349,0.0007946519932997623,0.0009032467817437417
2022-11-08,-0.0006993264788404934,-0.0003689985438076991,-0.0003303279350327995,-0.009893040721018008
2022-11-09,4.410735225834732e-05,0.00033958050878193924,-0.00029547315652359366,-0.009929458149515052
2022-11-10,-0.0005750257955618612,-0.0004072063702992082,-0.0001678194252626511,0.08559829687935958
2022-11-11,-0.0005519895596792197,-0.00024898176115693664,-0.0003030077985222831,0.07000502886425011
2022-11-14,0.006433663002523349,0.0043250050398270755,0.0021086579626962716,0.0534570726876153
2022-11-15,0.0050859172160416756,0.0031517924565063107,0.0019341247595353658,-0.046216893937785164
2022-11-16,0.003052728799348184,0.0009586365283624529,0.002094092270985731,-0.008862040285762885
2022-11-17,-0.002034045450679035,-0.0011518860695920682,-0.0008821593810869674,-0.001496393921593156
2022-11-18,-0.0003998271690446504,0.0006386410458098114,-0.0010384682148544613,0.12626999407541917
2022-11-21,-8.409487207558346e-05,0.00014368739465860786,-0.00022778226673419132,0.0017722873572563135
2022-11-22,0.006648074890109129,0.0038699265334850574,0.0027781483566240717,0.040364841303925814
2022-11-23,9.595955683689545e-05,0.000148261391088908,-5.230183425201235e-05,-0.0807520986271141
2022-11-24,0.0023317994347688445,0.0019706513163132424,0.00036114811845560247,0.0537871160241809
2022-11-25,-0.004247051781139991,-0.0032411379326964754,-0.001005913848443514,0.042809221462611964
2022-11-28,0.00251265903769459,0.0018049884005166981,0.0007076706371778926,0.0731894399116666
2022-11-29,0.002137561994760883,0.0014099288291516462,0.0007276331656092365,0.056594670465545505
2022-11-30,0.0032582282941087475,0.002242227966961957,0.00101600032714679,-0.07754302664870544
2022-12-01,0.0027029154183355313,0.0010755740526232705,0.0016273413657122604,0.017934601094790743
2022-12-02,-0.0035872047749066806,-0.0025221221098007058,-0.0010650826651059748,-0.025774083951378347
2022-12-05,0.0008348969600641379,0.0005522483462106296,0.0002826486138535079,0.016573778896059054
2022-12-06,-0.001253060029498937,-8.880092771086472e-05,-0.0011642591017880718,-0.09770238483778314
2022-12-07,0.0008667585314627822,0.00040847715437087673,0.00045828137709190506,-0.008057717202096727
2022-12-08,-0.004931332242107083,-0.002039733710236623,-0.0028915985318704596,-0.13877103188879328
2022-12-09,-0.0004565471314467174,-0.001211671314212355,0.0007551241827656371,-0.061999057534494445
2022-12-12,-0.006499702466188734,-0.0028515665476578095,-0.0036481359185309235,-0.0018843669699950612
2022-12-13,-0.0038056424506690218,-0.004062502656172355,0.00025686020550333335,0.0035400435754754157
2022-12-14,-0.00010472959933603373,-0.00025739078869824704,0.00015266118936221266,-0.01861948431323877
2022-12-15,0.00015861127780256176,-6.460388693597073e-06,0.00016507166649615875,0.07277176974724009
2022-12-16,-0.00084997142785661,-0.00041315117122437284,-0.00043682025663223725,-0.06976456185747383
2022-12-19,0.004239003251894213,0.002914430693252496,0.0013245725586417166,-0.01840654967398833
2022-12-20,-0.0036566687534446865,-0.0018799910535877995,-0.0017766776998568866,0.02230741066921984
2022-12-21,-0.0008771337682128564,-1.1478426567398253e-05,-0.0008656553416454583,-0.08405067979992945
2022-12-22,0.0012044438028655006,0.0019688909562445775,-0.0007644471533790774,0.004829695705567218
2022-12-23,-0.004366847219617875,-0.0027190231887981274,-0.001647824030819748,-0.028162040564956876
2022-12-26,0.00020899532267845634,-0.0009435987212972376,0.0011525940439756945,0.05159995390413654
2022-12-27,-0.0012782341638414047,0.0002512472212784708,-0.0015294813851198762,-0.09969037766556962
2022-12-28,0.0023067618814574574,0.001678155051005525,0.0006286068304519315,-0.018578024242008502
2022-12-29,-0.0044586995043421375,-0.0033242110613249647,-0.0011344884430171745,-0.029350820848306907
2022-12-30,-0.0008742122638620365,-0.0010240497183556605,0.00014983745449362405,-0.08879159696207806
2023-01-02,-0.0012054395310763834,-0.00015724871145977263,-0.0010481908196166116,0.017914375984826286
2023-01-03,-0.0036896821353466407,-0.0014817464247375445,-0.0022079357106090953,-0.0911578452887953
2023-01-04,0.0007162719662591291,0.0006120834056412405,0.00010418856061788833,0.005368088318646859
2023-01-05,-0.00366470902073492,-0.0016076395243892448,-0.0020570694963456745,-0.05396454794804153
2023-01-06,0.00018251967916082861,-0.0001493982311029816,0.0003319179102638098,-0.008204352565537852
2023-01-09,-0.0033950051515679214,-0.002003227728158599,-0.0013917774234093218,0.011057407212615184
2023-01-10,-0.00042655893776541464,-0.0005057052598006553,7.914632203524091e-05,-0.0653672917827806
2023-01-11,0.0005301485022219223,0.0005490691126074313,-1.8920610385509892e-05,0.11233599039085553
2023-01-12,-0.0028119757316922194,-0.0006915220170575142,-0.002120453714634706,-0.010621078519290322
2023-01-13,0.006196258841312528,0.0030831831564576834,0.0031130756848548446,-0.05762749530560625
2023-01-16,-0.0005198882593301867,-0.00011586510208861506,-0.00040402315724157034,-0.02358741497106011
2023-01-17,-0.002917498370507046,-0.0019181912010090745,-0.000999307169497972,-0.020622434970620954
2023-01-18,-0.0009475295078247446,-0.00016387801593888357,-0.0007836514918858621,-0.0770912975033544
2023-01-19,-0.0007174709492365478,-0.0007030116869901539,-1.4459262246393524e-05,-0.11766163413503068
2023-01-20,-0.003100724651377715,-0.0018476228970130543,-0.0012531017543646605,-0.009733323892342443
2023-01-23,-0.004846474108286105,-0.0027506773796899114,-0.002095796728596191,-0.07376473724889965
2023-01-24,-0.00039096977173048823,-2.2766490593651226e-06,-0.0003886931226711231,0.13745717334616298
2023-01-25,-0.0035455900576403625,-0.001663315126599181,-0.0018822749310411823,-0.13404550859349176
2023-01-26,0.0059420681785928705,0.0035005912274177833,0.0024414769511750915,-0.00073632483493771
2023-01-27,-0.005236030643193562,-0.0026213562375491982,-0.002614674405644365,-0.04551592407301499
2023-01-30,-5.0513465197517086e-05,-0.0005845695804752677,0.0005340561152777498,-0.08325274888343108
2023-01-31,-0.0018069076151315429,-0.0012569686799428726,-0.0005499389351886702,0.060976155592278904
2023-02-01,-0.0034799733823021686,-0.002899363094639125,-0.0005806102876630415,0.013357947654220957
2023-02-02,0.003047844424422943,0.0016671994152130656,0.0013806450092098774,-0.015176437849311867
2023-02-03,0.000634197528681382,0.00019220766101834923,0.0004419898676630337,0.03844576106614752
2023-02-06,-0.000780261635533035,-0.003157491485842545,0.002377229850309512,-0.0055591753887922575
2023-02-07,0.0019193645169193513,0.0005413125343029356,0.0013780519826164161,0.00041436163705589027
2023-02-08,-0.0003685261158151903,-0.0009765930944988857,0.0006080669786836974,-0.11712532145479844
2023-02-09,0.0001691837284526007,0.0009952930045277406,-0.0008261092760751404,-0.03761001884303929
2023-02-10,-0.006979263934210117,-0.0034804979183286466,-0.0034987660158814693,-0.05429104206333881
2023-02-13,-0.002356233682748348,-0.0017990458801879876,-0.0005571878025603626,-0.0036661076594123555
2023-02-14,-0.002642714812395904,-0.0014890748485439712,-0.0011536399638519337,0.07330427962661971
2023-02-15,-0.000527083751678402,-0.00019605180796098548,-0.00033103194371741224,0.01717986356154914
2023-02-16,0.004407687977013996,0.0007882435667020127,0.0036194444103119817,-0.01513400755030963
2023-02-17,0.0010613063764434993,0.00011010056871661733,0.000951205807726882,0.12381155133458889
2023-02-20,-0.0019076822464353534,-0.0011112253861663007,-0.0007964568602690653,0.046495672595345774
2023-02-21,0.01527754152715937,0.008826151484743909,0.006451390042415468,0.027312817678270426
2023-02-22,0.006170573284555346,0.002930168869699311,0.0032404044148560364,0.05111677025535258
2023-02-23,0.0029591221675198086,0.0019549624537107124,0.0010041597138091066,-0.033076187171434936
2023-02-24,0.004621085741517369,0.0019207368078928908,0.0027003489336244746,-0.03848832108267378
2023-02-27,-0.0019386958651867387,0.0004746391940167599,-0.002413335059203499,-0.031686931277071576
2023-02-28,-0.0021970646439934028,-0.00031184368199696326,-0.0018852209619964373,0.010660726203357077
2023-03-01,-0.0016882697313642795,-0.0003066800052369395,-0.0013815897261273413,-0.029610081986536575
2023-03-02,0.0006391943422816401,0.0008409663244450284,-0.0002017719821633887,0.04252334801108304
2023-03-03,-0.001757778243114569,-0.0010285736223464483,-0.0007292046207681199,-0.005240919185840571
2023-03-06,0.0023212747202502665,0.001586216426276623,0.0007350582939736443,0.04183213056822275
2023-03-07,-0.00041781069130680934,-0.0016673278680680928,0.0012495171767612848,0.012644524422080427
2023-03-08,0.002537353600841172,0.003561589837634216,-0.0010242362367930483,-0.016781906554667683
2023-03-09,0.000735009491613688,0.0008133338485370838,-7.83243569233965e-05,-0.003896562421809173
2023-03-10,-0.0011004961140880845,-0.000988078450801318,-0.00011241766328676716,0.01343647746318869
2023-03-13,-0.0001581588459574866,0.000588707060758805,-0.0007468659067162917,-0.04561217490435527
2023-03-14,0.0006938508377380449,0.00015840046496134498,0.0005354503727767,0.0206625864087804
2023-03-15,-0.002936535809691282,-0.000489487402970664,-0.0024470484067206175,0.024811412000988745
2023-03-16,0.001109155735244643,-0.0003004048406937826,0.001409560575938426,0.09652279642759692
2023-03-17,0.001439986990266629,0.0012220356123302765,0.0002179513779363533,-0.018964367801310524
2023-03-20,0.005922574889259981,0.0023748454580623524,0.0035477294311976274,-0.036065603070503674
2023-03-21,-0.0010414718999316056,-0.0006338014128348774,-0.00040767048709672814,0.03164333238422954
2023-03-22,-0.0019072403218094482,-0.0015239809375549671,-0.0003832593842544802,0.05222472376317833
2023-03-23,0.0015725434056546375,0.0009267636117804724,0.0006457797938741652,-0.04696239162495371
2023-03-24,0.002583778038478895,0.001986693181538199,0.0005970848569407002,0.016274024102444773
2023-03-27,-0.0022638402846423466,-0.0010440593739840325,-0.0012197809106583141,-0.042711139855837396
2023-03-28,0.0009589190222208731,0.0009103196657716337,4.859935644923978e-05,-0.040241623763026424
2023-03-29,-0.0024671134719660565,-0.0007230296408457736,-0.0017440838311202828,-0.031218554600536415
2023-03-30,-0.0026234471709407734,-0.0021298057885800123,-0.0004936413823607606,-0.03304745572934982
2023-03-31,-0.0020602536048055387,-0.0012767275496824992,-0.0007835260551230377,-0.03185193139396315
2023-04-03,-0.0021014807881634652,-0.00039416791537208885,-0.0017073128727913768,0.058240168864838356
2023-04-04,-0.0022020806183580956,-0.0024096489941424215,0.00020756837578432552,-0.04284269622890887
2023-04-05,0.00379966887102892,0.001541523085844463,0.0022581457851844587,0.02841324928403301
2023-04-06,-0.0027185945181024277,-0.0014093211647163515,-0.0013092733533860753,-0.013619917131812851
2023-04-07,0.0018558990820373685,0.0013615434548395686,0.0004943556271978025,-0.061252895418877976
2023-04-10,-0.0009010935601585167,-0.0009569750818403874,5.588152168187069e-05,-0.01619729989753282
2023-04-11,-0.004082275014614448,-0.0007972699627233825,-0.003285005051891066,0.010931545097681064
2023-04-12,-0.0011635848773467233,-0.0027549086994301773,0.0015913238220834555,-0.07032009659865651
2023-04-13,0.000617776110770745,0.0004200269901876684,0.00019774912058307878,-0.08107766875906483
2023-04-14,-0.004304963013302734,-0.0036232223451446582,-0.0006817406681580707,0.011737462210572232
2023-04-17,-0.00497964101513883,-0.00275696653393914,-0.00222267448119969,-0.012317491944776542
2023-04-18,0.0007137089993175165,-0.0003577955210471249,0.0010715045203646412,-0.033135700791640646
2023-04-19,-0.0010600792542349588,-0.0011650913032410712,0.00010501204900611669,0.004305659286471206
2023-04-20,-0.002638404327695925,-0.0007011777144506418,-0.0019372266132452881,0.0024178397212203284
2023-04-21,0.00034328315681647213,0.0013924449568331818,-0.0010491618000167055,-0.05227610077520709
2023-04-24,0.00019859863488101356,0.0009766372680010738,-0.0007780386331200598,-0.01388570722767233
2023-04-25,-0.0035208679697010647,-0.0015104495816101763,-0.002010418388090889,0.05947638961616616
2023-04-26,-0.0011049620047734804,-0.0008735167076632418,-0.00023144529711023945,0.060290484687021716
2023-04-27,0.003947226797874244,0.0015635488195118714,0.002383677978362371,0.03634281860038609
2023-04-28,0.003913358171430115,0.0009500773823566816,0.002963280789073432,0.08017569447959223
2023-05-01,0.0023318769863622047,0.002031435933673401,0.0003004410526888041,0.13002209870998452
2023-05-02,0.005833169218693788,0.002598209476517274,0.0032349597421765137,-0.08693649755361918
2023-05-03,0.010094216769132334,0.005734463790004859,0.004359752979127475,-0.008284713877672174
2023-05-04,-0.006078133037290735,-0.0031192102152059814,-0.0029589228220847554,-0.014910392679111671
2023-05-05,-0.0005568206622471265,0.001288682619426152,-0.0018455032816732837,-0.031627378368898895
2023-05-08,-0.0008448619857023968,0.0004569971263854982,-0.001301859112087897,-0.025700092029533262
2023-05-09,-0.001938106251077287,-0.0006685491045563766,-0.001269557146520911,-0.056102508778321146
2023-05-10,-0.0013074326476917462,0.00016279605864614154,-0.0014702287063378863,-0.02921971453362158
2023-05-11,-0.003321561579934754,-0.0011918500032443956,-0.002129711576690358,-0.024281698128746518
2023-05-12,-0.0019031076797835207,-6.0471105157519286e-05,-0.001842636574626003,-0.012064223284570526
2023-05-15,-0.0012465229807311887,-0.00011857938067897592,-0.001127943600052213,-0.050444962566252985
2023-05-16,-0.0006005050286360092,-0.00012603029941073152,-0.000474474729225279,-0.012906093008857266
2023-05-17,-0.0028075857331931243,-0.0024009732580297363,-0.000406612475163388,-0.004135458304220187
2023-05-18,-0.0007683796642667471,0.0005253992505713147,-0.0012937789148380618,0.029093331616650005
2023-05-19,-0.0002577692145144566,0.0005141665653147242,-0.00077193577982918,0.003781549398107197
2023-05-22,0.0014117586124209928,0.000411600501251207,0.0010001581111697862,0.04235806118728151
2023-05-23,0.00014442360541784658,-0.0006587963550932058,0.0008032199605110522,0.013301722253729891
2023-05-24,0.0022133220982996646,0.0011961105450806302,0.001017211553219037,0.04762640708183295
2023-05-25,0.0008030130519508754,2.5367213049670018e-05,0.0007776458389012059,-0.013029671791620576
2023-05-26,0.002793298370018792,0.002754938905006935,3.835946501185537e-05,-0.026986896642276822
2023-05-29,-0.0006511341458791159,0.0006441449921641262,-0.0012952791380432434,-0.03329342099638539
2023-05-30,-0.0013241151870946794,0.0005486079878316587,-0.001872723174926338,-0.014158902502373123
2023-05-31,-0.0017942969670897793,-0.0025220244836144864,0.0007277275165247076,0.08732487647697752
2023-06-01,-0.0007528523952967984,6.46323133179326e-05,-0.0008174847086147314,0.05021510423641122
2023-06-02,0.004917211335893639,0.001852662191098451,0.003064549144795186,-0.01419721166478374
2023-06-05,0.0033650338897272905,0.0022315142455942997,0.0011335196441329908,0.011815140086289366
2023-06-06,-0.0007788969366354281,-0.0007452676727524119,-3.3629263883018165e-05,-0.05324752571743736
2023-06-07,0.0007955019371167693,-0.000177130113812006,0.0009726320509287761,-0.029307714082501306
2023-06-08,-0.0033252208476575763,-0.0012417259364296829,-0.00208349491122789,0.005064141120920155
2023-06-09,-0.0016763086708744095,-0.001231758938770998,-0.00044454973210341156,-0.02495940900172958
2023-06-12,0.00028959046000377763,0.0011674857620702257,-0.0008778953020664483,0.010627779507653484
2023-06-13,-0.001171516163661072,-0.0014437575906740639,0.00027224142701299213,-0.007579657539847619
2023-06-14,0.0004839145974547103,0.0004695189455095794,1.439565194513064e-05,0.02806949450581001
2023-06-15,-0.00040127664789239327,-0.000701508042971327,0.00030023139507893374,-0.004637088681471301
2023-06-16,0.0014244850227073526,0.00101830015507943,0.00040618486762792304,-0.042748468225761706
2023-06-19,-0.00022484166034014697,-0.00023337518092083134,8.533520580686002e-06,0.049528557347415035
2023-06-20,-0.0021768250709479245,-0.002105114357379201,-7.171071356872755e-05,0.012540844937410736
2023-06-21,0.002342149768250365,0.0002670145917414473,0.002075135176508918,-0.030936383751017323
2023-06-22,0.0007611517283405709,-0.0006694643147804047,0.0014306160431209747,0.04108626467763187
2023-06-23,-0.0018846787937534361,-0.0006196795445579325,-0.0012649992491955034,-0.1300418369452764
2023-06-26,0.002577188404032274,0.0009615429989362871,0.001615645405095987,0.05762399832967752
2023-06-27,-0.005823203276664909,-0.0032406586406785905,-0.002582544635986315,-0.001479285880014188
2023-06-28,0.0031680374729633302,0.0015304773218754175,0.0016375601510879119,-0.042708601564747
2023-06-29,-0.00012067327688627927,-0.0002646730692739043,0.00014399979238762482,-0.08747049422937513
2023-06-30,-0.0028038351744110405,-0.0013649238567419624,-0.0014389113176690792,0.03640261158490786
2023-07-03,-0.005309498798176875,-0.0015083133774781406,-0.003801185420698734,-0.0713129965966276
2023-07-04,0.0017027471880496506,0.0004248340633700755,0.0012779131246795743,-0.014868703191467467
2023-07-05,-0.0035624730754099847,-0.0009556211855899759,-0.0026068518898200114,0.08054740391755967
2023-07-06,-0.0007601103228669875,-0.00011848800766619053,-0.0006416223152007974,0.11226030790286097
2023-07-07,0.004884043408475465,0.003942838342743397,0.0009412050657320696,0.011812179903429348
2023-07-10,0.007483466264302114,0.0029136930809926347,0.004569773183309478,-0.08196539612550123
2023-07-11,0.0006300955707005439,0.0020861396503494244,-0.0014560440796488813,-0.04723567335975362
2023-07-12,-0.004224319128739374,-0.00142828565872352,-0.002796033470015855,0.017259304855799254
2023-07-13,-0.002451046242283727,-0.0016666483038940434,-0.0007843979383896846,-0.034496433216678696
2023-07-14,0.0009307815749838961,0.0012621187962271992,-0.00033133722124330245,-0.008909191480775592
2023-07-17,-0.002019244215598748,-0.0015327074851792851,-0.00048653673041946285,0.019754566886087285
2023-07-18,-0.00043571955338994,0.0004763045820890936,-0.0009120241354790338,0.02735798519336044
2023-07-19,0.000983765332037125,0.001144458517045786,-0.00016069318500866198,-0.0499642323408215
2023-07-20,0.0014759507169966948,0.0013805701861517102,9.538053084498467e-05,0.040894341892852154
2023-07-21,-0.003049064752475863,-0.0013817617394861655,-0.0016673030129896946,-0.04570608929553895
2023-07-24,0.002303710263448662,0.00024620139920598916,0.0020575088642426735,0.023100495915112852
2023-07-25,-0.0024489326366439693,-0.0006389132330730488,-0.001810019403570921,-0.027262265326644837
2023-07-26,0.0011234521734438587,0.0007793810743644339,0.00034407109907942657,-0.06947555163970386
2023-07-27,-0.0016500499806100986,-0.00036494820096350097,-0.0012851017796465974,0.07735567005888339
2023-07-28,-0.004066837954386732,-0.002852382617293531,-0.0012144553370932011,-0.03738865082149228
2023-07-31,0.004517656201302667,0.0036538832543292696,0.0008637729469734012,-0.06688011378022786
2023-08-01,-0.0019080111569586755,-0.0009017531528919306,-0.0010062580040667442,-0.06324679841163855
2023-08-02,-0.004164210923392082,-0.0034195127892662335,-0.0007446981341258496,-0.009091164549252705
2023-08-03,-0.004220281339928357,-0.0033478427778660946,-0.0008724385620622645,0.01751241315758546
2023-08-04,-0.0005298222012044941,0.0002665946146882467,-0.0007964168158927434,-0.032376775754810024
2023-08-07,0.001004993693484832,0.0002574070732465979,0.0007475866202382344,-0.007235034565480845
2023-08-08,-0.0019118806118076609,-0.0007252245744842358,-0.0011866560373234255,-0.010625067536822368
2023-08-09,-0.00043904325310036734,-0.0011359655160079075,0.0006969222629075403,-0.013790087373771005
2023-08-10,-0.0006577538468716011,-0.000905947404978508,0.0002481935581069069,0.00830763715803167
2023-08-11,-0.0005564127946450792,0.0003237320596748746,-0.0008801448543199544,0.04093511128068505
2023-08-14,0.00047801790365620446,0.001085384975135593,-0.0006073670714793885,-0.03912356577840514
2023-08-15,0.001915249107385501,0.0013186852119267574,0.000596563895458745,-0.08162755191658112
2023-08-16,-0.0024291302087379694,-0.0005100875359331071,-0.0019190426728048614,0.04411098751907724
2023-08-17,-0.005382648788415452,-0.0020216225662880866,-0.003361026222127366,-0.027601884007408244
2023-08-18,0.002383150739760985,0.00037982048692181136,0.0020033302528391743,-0.06326853074646353
2023-08-21,-0.0015388120917976531,-0.001621011225054563,8.219913325690966e-05,-0.013389125352566505
2023-08-22,-0.003548208048720573,-0.002113689866736237,-0.0014345181819843365,-0.015841442169230797
2023-08-23,-0.0007932115660484858,-3.26255214887839e-05,-0.000760586044559702,0.0065309970462094505
2023-08-24,-0.0009773836338314327,-0.00045737065988108675,-0.0005200129739503442,-0.03874497221741557
2023-08-25,0.0004171428558797717,-0.00017471483027808356,0.0005918576861578557,0.04893159431189492
2023-08-28,-0.0022984035552891992,-0.001966928198798902,-0.00033147535649029726,0.1260467677687816
2023-08-29,0.0028658706952555623,0.0014951961499943493,0.0013706745452612135,-0.20628775625715956
2023-08-30,0.006540383945123497,0.003718911698876632,0.002821472246246865,0.0410229582740553
2023-08-31,-0.012371470630243402,-0.006575180740259597,-0.005796289889983805,-0.01857067270464314
2023-09-01,0.0020534562134030578,0.0006655525543788014,0.0013879036590242581,0.051372039956739224
2023-09-04,-0.0010055682954540558,-0.0018479747784917611,0.000842406483037704,0.03453667839527316
2023-09-05,0.0025020387737222467,0.002047351684464245,0.0004546870892580008,-0.016442413634599834
2023-09-06,0.0019294655812055433,0.0009650390079424705,0.000964426573263075,-0.03509885194146947
2023-09-07,-0.0009420052643744996,-0.0013500101006699823,0.0004080048362954825,-0.026020632613288245
2023-09-08,-0.0022031372851760165,-0.0015582517526081996,-0.000644885532567818,-0.06965913548043608
2023-09-11,-0.0015493814171572472,-0.0016507374617913797,0.00010135604463413096,-0.02326016183407187
2023-09-12,-0.0036730578720775373,-0.0025571005301665913,-0.001115957341910947,0.005702167301545557
2023-09-13,-0.0013142248900996916,-0.0017392514181731687,0.00042502652807347927,0.02566450874279772
2023-09-14,0.0003122266950104579,-0.00039180408029639534,0.0007040307753068539,0.051250407344704346
2023-09-15,0.0013762685776880592,0.0014491310264020119,-7.286244871395481e-05,0.038091181850390295
2023-09-18,0.003208511373305082,0.0016480053571764652,0.0015605060161286162,0.015273288657515927
2023-09-19,0.0019699136144986466,0.001778692101218152,0.00019122151328049416,0.011547233387004354
2023-09-20,0.0006750764970904497,0.001278199841512201,-0.0006031233444217521,-0.02007194563954513
2023-09-21,0.0006371711568536992,0.0007330769538933992,-9.59057970397019e-05,-0.018166982418921288
2023-09-22,-0.0013067126816539328,0.0019933425402297797,-0.003300055221883709,0.01678086224725533
2023-09-25,-0.0017285917319883135,0.002097975500157487,-0.0038265672321457986,0.0446580196116417
2023-09-26,0.0017279946334509688,0.004373689236827252,-0.0026456946033762835,0.023859415266759353
2023-09-27,0.007772523447357257,0.0052762901372988835,0.0024962333100583683,-0.05587518472361685
2023-09-28,0.0027667284733583902,-0.0008240429865155469,0.003590771459873937,0.05101447868424921
2023-09-29,-0.005345413531279882,-0.004061356324002372,-0.0012840572072775108,0.017655950384759735
2023-10-02,0.0040502491372577795,-0.0015130055492085445,0.005563254686466318,0.0291042700784533
2023-10-03,0.001309447239299228,0.004080041445752497,-0.0027705942064532724,-0.010704099605536718
2023-10-04,0.0018834561895630531,-0.0001381551869654215,0.0020216113765284746,0.0020332214513636084
2023-10-05,-0.0007900967628902319,-0.00015460650191317926,-0.0006354902609770523,0.016678422699897836
2023-10-06,0.00018412643003772522,0.00030009381882231245,-0.0001159673887845868,0.00520995725712864
2023-10-09,0.0010505043584124211,0.0012955594059380834,-0.0002450550475256649,-0.01327184974684443
2023-10-10,0.0005173181123603928,0.002161338879492925,-0.0016440207671325306,-0.010687520151739061
2023-10-11,-0.001316791684833617,-0.002303785069819743,0.0009869933849861248,0.007491983031741312
2023-10-12,-0.0009488480082096585,-0.0027464795997385327,0.0017976315915288745,-0.011524274489474663
2023-10-13,0.0005254418633544476,-0.0004478912569849903,0.0009733331203394375,0.051167511479020426
2023-10-16,-0.0007415658759718786,0.00022569784383401348,-0.0009672637198058914,0.06600377211804224
2023-10-17,0.0039343316535023955,0.0024581315289007102,0.00147620012460168,-0.023440592516169968
2023-10-18,0.006063345869048908,0.003110913615306219,0.002952432253742688,0.05169529454027498
2023-10-19,-0.0019627554077704342,-0.0008758392777801173,-0.0010869161299903174,-0.027061629781350193
2023-10-20,0.004317285078792707,0.003023865391104632,0.0012934196876880754,0.04573289923498273
2023-10-23,-0.003197566487517982,-0.002315507767963628,-0.0008820587195543517,0.045948586756707877
2023-10-24,0.003813201283335444,0.0038026652244114723,1.053605892397183e-05,-0.01400570218166449
2023-10-25,0.0034132434490108028,0.004497370083536546,-0.0010841266345257353,-0.04653026125246679
2023-10-26,-0.0010273098468470232,0.000796270529225207,-0.0018235803760722306,0.03362816730752293
2023-10-27,-0.0039382038861596625,-0.0010170525816134597,-0.0029211513045462045,-0.004086055599069548
2023-10-30,0.0026319440245703212,0.0001571917719655504,0.002474752252604771,0.003204333780605875
2023-10-31,-0.0005354123547964989,-0.0019558576249828694,0.0014204452701863657,-0.021579744044233812
2023-11-01,0.00025902730338713334,-1.7306946074361132e-05,0.00027633424946149274,0.005775298040645815
2023-11-02,-0.001455750001852482,-0.0010844394890940758,-0.00037131051275840683,-0.052649254761639556
2023-11-03,0.0004249551507317013,-0.0009106557096392222,0.0013356108603709213,-0.034201250875805576
2023-11-06,-0.004067790488079662,-0.004064118485291646,-3.672002788016049e-06,0.057129867452424425
2023-11-07,-0.0036119365767601046,-0.0026552378741183276,-0.0009566987026417735,0.07124873553146326
2023-11-08,0.0040358227444448405,0.0032561588441026336,0.0007796639003422069,0.009130565613037286
2023-11-09,0.004666364406538408,0.0030681677251629264,0.0015981966813754835,-0.005281405381367777
2023-11-10,0.0005978434013292067,0.00017201009212417656,0.0004258333092050299,-0.09772279356631343
2023-11-13,-0.00042776876617312237,-0.0018584205631519413,0.0014306517969788143,-0.06041382618838048
2023-11-14,-0.00731829689486249,-0.003986959251552237,-0.0033313376433102525,-0.017386244497525346
2023-11-15,-0.004715962853475087,-0.0022414402724956328,-0.0024745225809794553,-0.08771712615948583
2023-11-16,-0.0011725059492706318,0.0009494132737596049,-0.002121919223030233,0.029749157943907593
2023-11-17,-0.006020831616884371,-0.0034475382138716014,-0.002573293403012769,0.05091759365521685
2023-11-20,0.0018624543187231346,0.0011947603822702237,0.0006676939364529122,0.012571925092218047
2023-11-21,0.003427795721683279,0.002683930771701218,0.0007438649499820586,0.018502415044480636
2023-11-22,0.0008417254691386539,0.0001472884119399034,0.0006944370571987507,0.045864684074727595
2023-11-23,0.0012333811092035455,-0.0011194848410865845,0.002352865950290134,-0.04071284477560876
2023-11-24,0.00301461192720751,0.002020710636388411,0.0009939012908190999,-0.013986936697236841
2023-11-27,-0.0027477546917339677,-0.001623008062151923,-0.0011247466295820456,0.04147886795533513
2023-11-28,-0.0008997589752743741,-0.0010446153809495935,0.0001448564056752196,-0.09983076285015077
2023-11-29,0.002904574844588491,0.0028456685714910116,5.890627309747959e-05,0.0037940799219611265
2023-11-30,-0.007034841662609832,-0.002734583371106561,-0.004300258291503271,-0.011188284454560379
2023-12-01,0.0002556206784378647,0.0005974074258386086,-0.0003417867474007439,-0.06871216162297694
2023-12-04,-0.0008693381146682235,-0.0020286589292271874,0.0011593208145589638,-0.011014631614688634
2023-12-05,-0.0051304277461038114,-0.0028457496358420716,-0.002284678110261739,0.00911691468127026
2023-12-06,-0.0009015134648593594,-0.0028668014506095935,0.0019652879857502345,0.00015703237535946498
2023-12-07,0.0005611325107550177,-0.0002863939458960839,0.0008475264566511018,0.03914195048819508
2023-12-08,2.4888780635913803e-06,-0.0001313026916752919,0.00013379156973888264,-0.042243540893800155
2023-12-11,0.0024697126347736397,0.002236671513302862,0.00023304112147077942,-0.04722050220761135
2023-12-12,-0.003728632641247933,-0.0038272822360536085,9.864959480566926e-05,-0.12077449994576166
2023-12-13,-0.0031285371792036114,-0.00037063713104510537,-0.0027579000481585056,0.008164655093713082
2023-12-14,-0.00849969721446338,-0.004481093676863487,-0.004018603537599894,-0.030862904867035953
2023-12-15,0.0005016118467074973,0.000662227943474928,-0.00016061609676742972,-0.0677223577771546
2023-12-18,-0.001874330276359656,-0.000489933386585456,-0.0013843968897742,-0.12700402577082967
2023-12-19,-0.0041889756481217795,-0.0027742860259879955,-0.0014146896221337857,0.053522293563328535
2023-12-20,-0.008818034848865924,-0.00520990904725082,-0.0036081258016151044,-0.052488141905237456
2023-12-21,0.0037848362232145573,0.0012330714559585614,0.0025517647672559964,-0.09593639063276295
2023-12-22,-0.0041481448409345385,-0.002401386240446529,-0.0017467586004880145,0.06057716761275188
2023-12-25,-0.007423022411265004,-0.004225619978987282,-0.0031974024322777225,0.09332425183988377
2023-12-26,0.004118759316166504,0.003032118610738155,0.0010866407054283492,0.04111404595507319
2023-12-27,0.005609857575973598,0.003296439759155257,0.002313417816818341,-0.04065751166105738
2023-12-28,0.0023129956835283606,0.0012228185573621088,0.0010901771261662514,-0.10789884987243936
2023-12-29,-0.0029057611702239857,-0.003634653166859323,0.0007288919966353356,0.1485251465516393
2024-01-01,-0.006755790800548956,-0.003964331697426733,-0.002791459103122222,-0.0014861174970547022
2024-01-02,0.008757408585830281,0.006304603606562112,0.0024528049792681764,0.04559336246315222
2024-01-03,-0.00011624159430806001,-0.0012076949944674442,0.0010914534001593835,-0.06538374402756258
2024-01-04,0.002291295284817101,0.0010830467495191592,0.0012082485352979417,0.04962138674499114
2024-01-05,-0.003747060157879549,-0.0018854127023382708,-0.0018616474555412784,0.035276327225692385
2024-01-08,0.0026943339661292497,0.001678819090934037,0.001015514875195211,-0.02904994414624013
2024-01-09,0.002124374406639521,0.0011201869554422243,0.0010041874511972958,-0.03632967395142767
2024-01-10,-0.0016576082077481074,-0.0017799484985871472,0.0001223402908390389,0.03291224836071591
2024-01-11,-0.0019504454807505681,-0.0003481927541888908,-0.0016022527265616767,-0.10250613826152224
2024-01-12,0.0021527399836588808,0.0014342771951770111,0.0007184627884818696,0.060449068762040495
2024-01-15,-0.007854798920030473,-0.004513374698899664,-0.003341424221130807,0.10687230763657826
2024-01-16,0.005204428625210516,0.0022159711067569077,0.002988457518453608,0.013633504577811545
2024-01-17,0.006881021093158472,0.0047767980237964185,0.002104223069362053,-0.006259056362227978
2024-01-18,0.0007432184523085931,0.0007365049595446441,6.713492763949641e-06,0.08183025827560884
2024-01-19,-0.0004501092481431492,0.00023198992956680042,-0.0006820991777099494,-0.003468313486434879
2024-01-22,0.005158253605664159,0.0028162387329823983,0.0023420148726817605,0.05473630106516469
2024-01-23,-0.00020682653096635716,0.0003573851777954277,-0.0005642117087617839,-0.055905982775430456
2024-01-24,0.0033682227555910955,0.0002563089221569578,0.0031119138334341385,0.0504597425395142
2024-01-25,-0.004203404530910163,-0.002336356444827273,-0.0018670480860828887,0.004058941439484529
2024-01-26,0.003684395991738108,0.00313662838373311,0.0005477676080049964,0.05179521020824653
2024-01-29,0.000272376019892807,-0.0013513454515018779,0.0016237214713946853,0.042134150905113105
2024-01-30,0.0033792212154755406,0.0028266877473993833,0.0005525334680761586,0.0077467091819888555
2024-01-31,0.002850919859320459,0.0036519048166261687,-0.0008009849573057115,-0.08644160157619009
2024-02-01,0.0005177118236521824,0.00015187724273066014,0.00036583458092152334,-0.026391834042591683
2024-02-02,-0.005936392440898029,-0.0025495327888250385,-0.0033868596520729897,-0.023599655356431246
2024-02-05,-0.0017156460335312818,-0.0026843647147987183,0.000968718681267436,0.005551214874281408
2024-02-06,-0.0013117648473360388,-0.0002767157021754778,-0.001035049145160562,-0.010455581098162175
2024-02-07,0.0003939013345864218,0.00014303161857394907,0.00025086971601247276,0.007563996410777386
2024-02-08,-0.0010082714500634139,-0.0011680059215291826,0.00015973447146576739,-0.05597598233096304
2024-02-09,0.0004957784061823229,-0.0003440158419022255,0.0008397942480845486,0.07024305886192228
2024-02-12,-0.003956965331660062,-0.0018892981809563534,-0.002067667150703707,0.07198553359398416
2024-02-13,0.004337205471984077,0.0019442500407424526,0.0023929554312416244,-0.044658641478491024
2024-02-14,0.00479012955893243,0.002135653026204807,0.002654476532727622,0.017572207310177366
2024-02-15,-0.0028276547822434226,-0.0019487846295126975,-0.0008788701527307242,-0.010590844409721597
2024-02-16,0.0011092260291116205,0.001600807717396722,-0.0004915816882851013,0.012215986762514697
2024-02-19,-0.0005511780450014442,0.0006900433647815812,-0.0012412214097830268,-0.09834938510307417
2024-02-20,0.000716105599407505,-0.00022130123450607962,0.0009374068339135849,0.010767070819815096
2024-02-21,-0.006417225011837972,-0.003570993398350047,-0.0028462316134879257,0.028131799161384648
2024-02-22,0.0006132209035479554,0.00039127321192687636,0.0002219476916210817,0.04590850826592943
2024-02-23,0.0015816035057352102,0.0005366221393726832,0.001044981366362527,-0.006783246703203654
2024-02-26,0.002264179166704754,0.0008009339324297855,0.0014632452342749687,-0.0609516944410795
2024-02-27,-0.00035899034115717977,-0.00030368601546561236,-5.5304325691568276e-05,-0.08599081770232146
2024-02-28,-0.0038972414200949064,-0.0029201199336500606,-0.000977121486444846,0.016095237661753255
2024-02-29,-0.005636418383991466,-0.0026253121899981694,-0.0030111061939932984,-0.09822571294780034
2024-03-01,0.0011300738713668956,-0.000281843995432551,0.001411917866799445,-0.0032505446915483903
2024-03-04,-0.006779953882341648,-0.002338038338547667,-0.00444191554379398,0.008627343392448753
2024-03-05,-0.0001651470860091471,0.00026999298913056666,-0.0004351400751397144,-0.034628818998868806
2024-03-06,0.0005005829183002462,-5.066076478530725e-05,0.0005512436830855541,0.06760634078967107
2024-03-07,-0.001986334052683681,-0.002671368265776587,0.0006850342130929072,-0.058478315753613896
2024-03-08,0.0038985819592394825,0.0009793106145757798,0.002919271344663703,-0.030741094217029752
2024-03-11,-0.0031481972392288075,-0.0012194152511977637,-0.0019287819880310433,-0.06332816777004846
2024-03-12,-0.0014346575277246,1.8736077210780404e-05,-0.0014533936049353807,-0.03419353125014874
2024-03-13,-0.0037077218145969894,-0.0027993883552697814,-0.0009083334593272077,-0.08409115141645919
2024-03-14,-0.00025752595086894585,-0.0015768036661328172,0.0013192777152638835,0.036373521858365114
2024-03-15,-0.010043480856126883,-0.0028897180761834683,-0.007153762779943417,0.10145423726764151
2024-03-18,0.0026573468047527125,0.0025410458394146546,0.00011630096533805923,0.02428206491332811
2024-03-19,0.005945131836175328,0.0031120837132226666,0.002833048122952663,0.023061491540982245
2024-03-20,0.001598836417751488,0.0005296296943070513,0.001069206723444436,-0.03331752360937569
2024-03-21,0.0012457708650329751,0.0012840651940952408,-3.8294329062264765e-05,-0.12687132583463676
2024-03-22,-0.00197884460151137,-0.0014523737041196474,-0.0005264708973917221,-0.026438841670505184
2024-03-25,-0.0067509799728460934,-0.00477890296387325,-0.0019720770089728425,0.05524192650363433
2024-03-26,-0.001395240906164446,-0.0007214887229959367,-0.0006737521831685087,0.009915782853258705
2024-03-27,0.0033335530799366497,0.0019331862278142984,0.0014003668521223517,-0.05430840649943792
2024-03-28,0.0005764770307311871,0.00020407218448708492,0.00037240484624410236,0.05867633742105714
2024-03-29,-0.0035232745423362925,-0.0013706932435508898,-0.002152581298785403,-0.08154850051006655
2024-04-01,0.003980697055495009,0.0027575312025086424,0.0012231658529863673,0.0907553965928889
2024-04-02,-0.005108416212719225,-0.0025739049824019984,-0.0025345112303172277,-0.011462795483039578
2024-04-03,0.00554470902336424,0.0029292154798051073,0.0026154935435591326,0.04515846426351291
2024-04-04,-0.0009486903590036739,-0.0007523284055116642,-0.0001963619534920101,0.05965103172982553
2024-04-05,0.0031205143791075123,0.0013722940663117608,0.0017482203127957524,0.13811091635776793
2024-04-08,0.0041686443072803435,0.0025585514847631993,0.0016100928225171443,0.017782236222226147
2024-04-09,0.008298339335295578,0.005680753320072458,0.0026175860152231195,0.048621068879366715
2024-04-10,0.0008378552712691093,-0.00030273869377079807,0.001140593965039907,-0.12242769329199718
2024-04-11,0.0025145192031408034,0.0006153042945216229,0.0018992149086191814,0.022791417114110243
2024-04-12,-0.006203899253334205,-0.0046069046790982015,-0.0015969945742360034,0.032612512845613964
2024-04-15,0.0011997723963783208,0.0020268491947014362,-0.0008270767983231137,0.06968563624209076
2024-04-16,0.0016860263883701778,0.00043566572670300356,0.0012503606616671736,-0.05023098829244697
2024-04-17,0.0031936373012875613,0.0018487527904963697,0.001344884510791192,-0.0010524613931987515
2024-04-18,-0.002680397369884748,-0.0024938801182577443,-0.00018651725162700285,-0.043219039344202986
2024-04-19,-2.7387404014534312e-05,0.000970508621380436,-0.0009978960253949698,0.04003144057906407
2024-04-22,-0.0024769318829485736,-0.0009392297828923601,-0.0015377021000562152,0.01693452554876953
2024-04-23,0.0022630877071692476,0.0009697802756916084,0.0012933074314776388,-0.03324252595868604
2024-04-24,0.0008751856290813021,0.00014165225744250474,0.000733533371638798,-0.0018045389625272856
2024-04-25,-0.001716019905437117,-0.001086473215333058,-0.0006295466901040572,0.04072198776458784
2024-04-26,-0.00011227488950221395,-0.0008101815581872413,0.0006979066686850274,-0.022675310968587114
2024-04-29,0.0022535915024245986,0.0019681503793628676,0.0002854411230617318,0.04165947955669784
2024-04-30,-0.0012875392149630498,-0.0007069370381321183,-0.0005806021768309318,0.09305291734388213
2024-05-01,0.0022621662608471945,-6.885724114131381e-06,0.002269051984961326,-0.008070540267446606
2024-05-02,0.006077626764626807,0.005736713479150064,0.00034091328547674465,-0.05124876606000395
2024-05-03,-0.00045013642784139736,-0.000479671033809163,2.9534605967765012e-05,-0.030997929126831976
2024-05-06,-0.0030108551562896043,-0.0006849334806462958,-0.002325921675643307,0.0949240377618719
2024-05-07,-0.0017192360716120235,-0.0016443286024654374,-7.490746914658522e-05,0.03326789506196321
2024-05-08,0.005459534901072253,0.0027942455822313242,0.0026652893188409284,0.058280624056104666
2024-05-09,0.001880945148925289,0.0004274095409499137,0.0014535356079753755,-0.014623408602026123
2024-05-10,0.0031636901979319445,0.0018700240021952575,0.0012936661957366861,-0.027188919311322488
2024-05-13,-0.0008147700474084483,-0.0009260915187352635,0.00011132147132681541,0.04257885378857587
2024-05-14,-0.001243638266275728,0.0002669940551891445,-0.0015106323214648726,-0.0335373249515843
2024-05-15,0.002222625385602791,0.0015634821223460941,0.0006591432632566969,-0.012018366271538525
2024-05-16,-0.0021504752455118264,-0.002417235624435219,0.0002667603789233905,-0.024359905938177707
2024-05-17,-0.0006367756433283224,0.00020984065788951217,-0.0008466163012178342,0.01723065238332152
2024-05-20,-0.001236007485391199,-0.00013099647946848984,-0.001105011005922709,-0.02846651941853261
2024-05-21,0.0008355894496390502,-0.0008549702983127513,0.0016905597479518015,-0.02612348446621873
2024-05-22,-0.0016826995433129545,-0.002810642813101052,0.0011279432697880957,0.01017393908392809
2024-05-23,-0.0015270150630999038,-0.0013893082453120256,-0.00013770681778787954,0.04737234649250035
2024-05-24,0.0006476882727016026,0.002271676889900872,-0.0016239886171992672,0.03379143330551823
2024-05-27,0.0028565863496542686,0.0023237363731019763,0.0005328499765522923,-0.036694907411088204
2024-05-28,0.0018038319880913103,0.0018616273786294223,-5.7795390538113375e-05,-0.019018164384124042
2024-05-29,-0.0018241891602554922,-0.0008680993256618302,-0.0009560898345936624,0.04478331755234722
2024-05-30,-0.000950038529208091,-0.0010774481746186684,0.00012740964541057718,0.023971180168050384
2024-05-31,0.0023139112765423937,0.0022202249141940987,9.368636234829454e-05,-0.050022079672756084
2024-06-03,0.0012533015911049977,-0.00022574730072735198,0.0014790488918323499,0.0038451222395536008
2024-06-04,-0.002864072536686732,-0.001771579580639112,-0.0010924929560476191,-0.03406084793180516
2024-06-05,0.0001949667179128419,0.00030125232388655745,-0.00010628560597371502,0.005408402028199496
2024-06-06,-0.0017236048555351205,-0.0012317278874884935,-0.0004918769680466277,-0.033730580111096524
2024-06-07,0.0003016631646636783,0.0007858272741515437,-0.0004841641094878654,-0.04652385825852487
2024-06-10,-0.0016963008412356599,0.00023954653265456996,-0.0019358473738902288,0.008906312782213979
2024-06-11,-0.002271253647880541,-0.0018074929890683233,-0.0004637606588122176,0.006166007691178553
2024-06-12,0.0004474979327675372,0.00018190948205134509,0.0002655884507161933,0.009011352996096856
2024-06-13,0.00031163581501085036,-0.0005083192144108824,0.0008199550294217331,0.03534987257282571
2024-06-14,0.0005513207609929662,0.0007562310091000287,-0.000204910248107062,0.0006982252330203753
2024-06-17,0.0022322584248202714,-0.00044313080135405334,0.0026753892261743234,0.021540411611235113
2024-06-18,6.29798875549576e-05,0.000855894758690441,-0.0007929148711354832,0.008834378599740955
2024-06-19,0.0010003645182953024,0.00047649948810760383,0.0005238650301876988,-0.05277490627365893
2024-06-20,0.0004506464944173836,0.0014010704778554442,-0.0009504239834380601,-0.06268408020691327
2024-06-21,-0.003206309666349189,-0.0013421056239023427,-0.001864204042446846,-0.011940662059090938
2024-06-24,-0.004190416855508542,-0.0018242899370579067,-0.0023661269184506355,-0.03005295986994939
2024-06-25,-0.0006929561834081269,-0.0005949132475963773,-9.804293581174971e-05,-0.012890728249003097
2024-06-26,-0.0015732895984803424,-0.00028095027897387555,-0.0012923393195064681,0.07917853037513808
2024-06-27,-0.0006352331784565081,0.0004105366746952783,-0.0010457698531517868,0.032685266810374494
2024-06-28,0.004731702057466209,0.002619679639854571,0.002112022417611639,-0.019087251786821205
2024-07-01,0.0019714113664252107,0.0005693671874199497,0.001402044179005261,0.021209108224178597
2024-07-02,-0.0011048152413266196,-0.0013939659284547806,0.00028915068712816096,-0.04396171508554044
2024-07-03,0.00125154640737794,0.0012167377441723217,3.4808663205617915e-05,-0.04393356614736154
2024-07-04,-0.002404526797406134,-0.0005571907599736248,-0.0018473360374325087,-0.011928764300708024
2024-07-05,-0.0022089625737230457,-0.00025853796433732666,-0.0019504246093857182,0.005225544206844659
2024-07-08,-0.0005548884849144898,0.0003676901751095028,-0.0009225786600239932,-0.06305299560430988
2024-07-09,0.00024113094127114435,-0.000261148004677492,0.0005022789459486346,0.021867698646601312
2024-07-10,-0.0035223425821877194,-0.0027780344605930467,-0.000744308121594672,0.07458751023897657
2024-07-11,0.0011853244682157324,0.00018379486210338852,0.0010015296061123436,0.049269507366450235
2024-07-12,0.004495523160700048,0.004088328100062502,0.00040719506063754615,0.06958976351280668
2024-07-15,0.002704190669249381,0.0010825588373108359,0.0016216318319385455,0.12563799837234904
2024-07-16,0.004590245179660048,0.0026116478436869987,0.0019785973359730483,-0.0286224463206317
2024-07-17,0.007867724086083135,0.0032149329499107163,0.00465279113617242,0.08906287620540083
2024-07-18,-0.0015493191279407036,0.0002878555703171408,-0.0018371746982578478,0.01338853382739185
2024-07-19,0.005743544780507585,0.0039416948304832,0.0018018499500243833,-0.0457321077210619
2024-07-22,0.0008898708149275864,0.0005157471040644164,0.00037412371086317005,-0.012682508649792652
2024-07-23,-0.0028237522328366698,-0.001326494313669692,-0.001497257919166977,-0.0012254344337457633
2024-07-24,-0.0008126960504778347,-0.0010372811610018411,0.00022458511052400642,0.02447253334644204
2024-07-25,-1.3502706009029512e-05,0.0011151954560562139,-0.0011286981620652432,-0.033393503226447366
2024-07-26,0.0016820069187619365,0.0028260774662736445,-0.0011440705475117083,0.006714358551173582
2024-07-29,-0.002141544369766107,-0.0013066521581317743,-0.0008348922116343336,0.01253328313485196
2024-07-30,0.00046005594719042344,-0.000716746627287157,0.0011768025744775812,-0.04332158371402135
2024-07-31,0.0008958867875384068,0.0019934579651567424,-0.0010975711776183344,0.01827730959275214
2024-08-01,-0.0029501148780669466,-0.0014634543354479098,-0.0014866605426190368,-0.048311798167093134
2024-08-02,0.0012807444892783497,0.000997979253758956,0.000282765235519393,-0.05019753896135942
2024-08-05,-0.00374577930772716,-0.004516442809853492,0.0007706635021263314,-0.022893006721413096
2024-08-06,-0.003389355110078485,-0.0033180489545964753,-7.130615548200936e-05,-0.010665437101137662
2024-08-07,-0.0016478156453996178,-0.0017288984844525193,8.108283905290496e-05,0.017144085705036862
2024-08-08,-0.0003381700174408615,0.001092136034675121,-0.001430306052115981,-0.047665825724362704
2024-08-09,0.0010416891120394042,0.0004021986463768508,0.0006394904656625514,0.03383252198431113
2024-08-12,-0.00310060716080856,-0.002531728315694884,-0.0005688788451136779,0.06952920152247255
2024-08-13,0.0018802150737471392,0.0012077412714824824,0.0006724738022646573,0.05143924525944977
2024-08-14,0.00430816005418511,0.003973289405131702,0.0003348706490534075,0.03198956644117815
2024-08-15,0.003210177978138675,0.001570276970639593,0.001639901007499083,-0.02883958137901005
2024-08-16,0.0018624842824461843,0.0009608537697460636,0.0009016305127001203,-0.010908393957073466
2024-08-19,-0.0018600076079048453,-0.00024689652084974173,-0.0016131110870551049,0.04731036101180065
2024-08-20,-0.0007612876174850607,-0.0003377090021810486,-0.00042357861530401214,0.004968979410701963
2024-08-21,0.003070848064900338,0.0010811602242324393,0.0019896878406679003,0.03602891625953985
2024-08-22,0.0002880307707629767,-0.001059040546650414,0.0013470713174133907,-0.06581930561321069
2024-08-23,0.002348412041250319,0.0017418129223262875,0.0006065991189240314,0.015457039955160073
2024-08-26,-0.004616543150648503,-0.0031261875893614562,-0.0014903555612870503,0.00680547888849076
2024-08-27,0.0009062752986198669,0.0011420970472316959,-0.00023582174861182942,-0.12380970065718254
2024-08-28,0.0004833682909647377,0.0013637788890119634,-0.0008804105980472262,0.005547896005638542
2024-08-29,-0.008327454756260011,-0.005440428554076091,-0.0028870262021839215,0.02036073397763724
2024-08-30,0.00030774727419875065,0.0002394086020343581,6.833867216439297e-05,0.06655875251997367
2024-09-02,0.0012132714568875843,0.0009893716468514675,0.0002238998100361168,-0.018945553153955803
2024-09-03,0.004924903905787937,0.004018271071716114,0.000906632834071823,0.006591009421366788
2024-09-04,-0.0014180770867786062,-0.0008581000424107493,-0.0005599770443678565,-0.026615414972429134
2024-09-05,0.0004977344157525573,0.0008645869642650017,-0.0003668525485124438,-0.012516929457081254
2024-09-06,-0.0019487732516344437,-0.0017842615001784374,-0.00016451175145600593,-0.054413515276243815
2024-09-09,-0.0006824809009179182,0.0004925757620073967,-0.0011750566629253126,-0.08802124781275278
2024-09-10,-0.00284190475241405,-0.0015150907228701268,-0.0013268140295439237,-9.669338506342589e-05
2024-09-11,-0.005949580954014022,-0.004380311975938411,-0.0015692689780756088,0.04656165225046327
2024-09-12,5.598982106882469e-06,0.0008421182241491708,-0.0008365192420422898,0.00854435924183706
2024-09-13,0.002348583688087283,0.0018218026617629352,0.0005267810263243477,-0.08932699016286418
2024-09-16,0.0004571780694551075,-0.0009338459757987482,0.0013910240452538565,0.034206742997501136
2024-09-17,-0.005377054226448866,-0.002862524450318549,-0.0025145297761303173,0.05546138818363107
2024-09-18,0.0022509079803926225,0.0015177318485344034,0.00073317613185822,0.04258935988194221
2024-09-19,0.003387534595281372,0.0020680648605260624,0.0013194697347553097,0.06619893931927157
2024-09-20,0.002561070008042974,0.0009328329413043223,0.0016282370667386518,-0.08326496563790103
2024-09-23,0.004036977059556727,0.0031352254141610927,0.0009017516453956346,0.08090119428645184
2024-09-24,-0.00547419882215203,-0.0026571539370799212,-0.0028170448850721105,-0.06455204117054006
2024-09-25,0.005513973233352136,0.0045436428533487516,0.0009703303800033831,-0.030554925013931557
2024-09-26,-0.003959389151535451,-0.0014463536611797386,-0.002513035490355711,-0.041525138930718256
2024-09-27,-0.0018201830760801226,-0.00036720868797539274,-0.0014529743881047308,0.029333944619566486
2024-09-30,-0.002314646280729272,0.000168154554201219,-0.0024828008349304913,-0.06099355627385763
2024-10-01,0.001765378947559316,-0.0002258761632210303,0.0019912551107803466,0.013697226372216764
2024-10-02,-0.003792976270212774,-0.0007719532081317967,-0.0030210230620809765,-0.026910558344920812
2024-10-03,0.000880513198114948,0.0012420880344680496,-0.00036157483635310215,-0.11150457057132028
2024-10-04,-0.0014950794179859578,0.00018855223371590062,-0.001683631651701857,-0.020414506772534487
2024-10-07,-0.0064540006671933055,-0.0036519685975788833,-0.0028020320696144235,-0.07835434987687304
2024-10-08,-0.0010731836167336653,0.0015506342515170315,-0.0026238178682506975,-0.03346222793409991
2024-10-09,-0.0048209270615785504,-0.0021238771029485296,-0.00269704995863002,0.00041357190590043485
2024-10-10,-0.002199404958955051,0.0010462911181077193,-0.0032456960770627704,-0.03305731136632864
2024-10-11,-4.052752645642549e-05,-0.00205083893050342,0.0020103114040469963,-0.0787277997739502
2024-10-14,-0.002247127276084256,-0.0011794433642852604,-0.0010676839117989955,0.0022561953122553387
2024-10-15,-0.0047535453665442555,-0.0033132339760304757,-0.0014403113905137798,0.038256828730881424
2024-10-16,0.00010668052807530034,-0.002469016419179161,0.0025756969472544577,0.052614814835224274
2024-10-17,0.0026612958108896156,0.002146577932181268,0.0005147178787083487,0.031867561004151355
2024-10-18,0.0028840906126101967,0.0023020139438329566,0.0005820766687772393,-0.04408895557689647
2024-10-21,0.0021234225067872127,0.0023288011313945724,-0.00020537862460735996,0.006456341708978819
2024-10-22,-0.0023159963159314514,-0.0005343155336794332,-0.0017816807822520176,-0.003575391889097783
2024-10-23,0.0003216392127311082,0.00047043384550729365,-0.00014879463277618458,-0.054353972051080016
2024-10-24,-0.00024975540765268054,-0.00017973525345392743,-7.002015419875236e-05,-0.03432903922391566
2024-10-25,-0.002787961423463445,-0.001253866004317933,-0.0015340954191455126,-0.01877795265246479
2024-10-28,-0.0021466926748725653,-0.0014503657589107436,-0.0006963269159618226,0.04637062551904469
2024-10-29,-0.0010506580701520028,-0.0008891657503841558,-0.0001614923197678468,0.08044467067603871
2024-10-30,0.002731252404461743,0.001913341206608585,0.0008179111978531585,0.014112868056547061
2024-10-31,0.004920117791151009,0.003981536264732476,0.0009385815264185329,-0.005985777788644842
2024-11-01,0.0008240718511432999,-6.043029368853637e-05,0.0008845021448318372,0.00022087705775812868
2024-11-04,-0.00028968178787908746,0.000522728811535012,-0.0008124105994140986,0.08402462368452601
2024-11-05,1.0282361403731832e-06,-0.0011991271802980173,0.001200155416438392,-0.008744514698369961
2024-11-06,0.005474170941296166,0.0034155294348492786,0.0020586415064468865,-0.05871977445033562
2024-11-07,-0.0004863520876784832,0.0010083477485225549,-0.0014946998362010378,-0.06508207288375478
2024-11-08,-0.0038502210993825586,-0.002710510576053402,-0.0011397105233291547,-0.04136686468166451
2024-11-11,-0.004169110358155759,-0.002623160656661771,-0.0015459497014939875,0.09722375334934535
2024-11-12,-0.002265927938782341,-0.0007860486056278764,-0.0014798793331544647,-0.00801197374300872
2024-11-13,0.004861360400011092,0.0036121703990920663,0.0012491900009190225,0.0056188238045232364
2024-11-14,-0.00048609972529275905,0.00011550273183457381,-0.0006016024571273331,0.08617981047578499
2024-11-15,0.0003707034219667798,0.0004523725840572543,-8.166916209047508e-05,0.06359656673893932
2024-11-18,0.0046366368576501145,0.003194599833054229,0.0014420370245958863,0.09568213098057048
2024-11-19,0.0032611584754192085,0.002709785266070178,0.0005513732093490303,0.004312830881045889
2024-11-20,0.005298035265980074,0.004657694415722809,0.0006403408502572666,-0.05675676721981891
2024-11-21,0.00024984265521716775,-0.0002350642064730805,0.000484906861690248,-0.015195290174977743
2024-11-22,-0.003227947262945544,-0.001926834369535895,-0.0013011128934096484,0.01821064582464667
2024-11-25,-0.0009626699131338558,-0.0019827519209529697,0.0010200820078191137,0.05433552035954902
2024-11-26,0.0012366822895773396,0.0006283981641105763,0.0006082841254667643,0.050801535825185956
2024-11-27,0.003261427878287381,0.002182532922837318,0.0010788949554500632,0.045688059894177256
2024-11-28,0.0032681788463823276,0.002164568308776048,0.001103610537606279,0.035544580454264396
2024-11-29,0.0030306192917098768,0.0021766827443424792,0.0008539365473673975,-0.03188243300678124
2024-12-02,0.0023093906388153016,0.002169491545233911,0.00013989909358138979,-0.06539103515478911
2024-12-03,-0.0025246292726076912,0.0017096211429833662,-0.0042342504155910635,-0.06590005721991665
2024-12-04,-0.005395727426874946,-0.0037959702247329866,-0.0015997572021419614,-0.02306384378788262
2024-12-05,-0.0049568195862756135,-0.0017057328787004368,-0.0032510867075751767,0.041418290132895635
2024-12-06,-0.0018282575218372646,-0.0014986626533805593,-0.000329594868456704,-0.011972296937361215
2024-12-09,0.0030048038412019353,-0.0009007360354564902,0.003905539876658425,-0.07625602415813916
2024-12-10,-0.000911555165231416,-0.0008273529422445341,-8.420222298688267e-05,-0.029260583163151322
2024-12-11,-0.004972740973503363,-0.0027745430183596115,-0.002198197955143752,0.014258023668790061
2024-12-12,-0.0018981791161611237,-0.00047444682569765684,-0.0014237322904634654,0.020866476898305116
2024-12-13,0.0009123900609051676,0.0012653052969975268,-0.0003529152360923597,-0.07014768156595909
2024-12-16,0.0014234772278076924,0.002327516610755599,-0.0009040393829479066,-0.02579457461368508
2024-12-17,-0.005928740869052647,-0.0039044178947491293,-0.0020243229743035166,-0.017755625946829598
2024-12-18,-0.0017100769685364117,-0.0013729640539062115,-0.0003371129146301989,-0.06035178362927884
2024-12-19,-0.0013323559347394728,-0.0008025216101562832,-0.00052983432458319,-0.004927394914680532
2024-12-20,-0.004744970403764999,-0.0016800936102767281,-0.003064876793488269,0.05161377095540125
2024-12-23,-0.0003717108070801821,-0.0008048683747404074,0.00043315756766022784,0.040159992246135076
2024-12-24,0.004099867664974789,8.016881669129991e-05,0.004019698848283491,-0.0835456130973679
2024-12-25,0.0026325807546601658,0.0030747893154830855,-0.0004422085608229223,0.029793206660988836
2024-12-26,-0.005734944897217409,-0.0027850070689366003,-0.0029499378282808082,-0.03032839558466207
2024-12-27,0.0020210518401948983,0.000594840032966136,0.0014262118072287631,-0.015475923223159552
2024-12-30,-0.0018417757794846742,-0.0019557243738060246,0.00011394859432135016,0.006607733334445299
2024-12-31,-0.0009371423643278073,0.0005689608950001646,-0.0015061032593279705,-0.06966070539394058
2025-01-01,0.0003488940046995539,-0.0009652070576004355,0.0013141010622999896,0.030524835956123056
2025-01-02,-0.003973204344163766,-0.0024723497906763946,-0.0015008545534873716,-0.018723132600180884
2025-01-03,0.001958836080007057,-5.654957831926702e-05,0.002015385658326324,-0.006699147900412311
2025-01-06,-0.0009994560769778658,-0.0006828581544404584,-0.00031659792253740764,0.03524196008097202
2025-01-07,-0.0004632004892901945,-0.00016418947318080045,-0.0002990110161093934,-0.016735753827175074
2025-01-08,0.0022136532307959326,0.0015455076801197138,0.0006681455506762184,-0.022786150180934408
2025-01-09,-0.0011091856833031245,-0.00039613146698339193,-0.0007130542163197335,-0.07819341046234445
2025-01-10,-0.001376159928087556,-0.0006916260910309023,-0.0006845338370566525,-0.021484703420366777
2025-01-13,-0.006407149568490288,-0.0037130460679239835,-0.0026941035005663035,-0.06086340333795863
2025-01-14,-0.0021095113397905634,-0.0033849582797057104,0.0012754469399151452,0.007374023414147166
2025-01-15,-0.003705996219900559,-0.002004808071174673,-0.001701188148725886,-0.04190041364181591
2025-01-16,0.0004787349055810318,0.0008562638867141842,-0.0003775289811331524,-0.06429142480108128
2025-01-17,-0.0028088801333354496,-0.0012298469888485514,-0.001579033144486897,-0.00247777336538985
2025-01-20,-0.004223573368465945,-0.002763454005419156,-0.001460119363046789,-0.021515424255386013
2025-01-21,-0.00018181215296598488,-1.0031052015604253e-06,-0.00018080904776442315,0.008561467802414452
2025-01-22,-0.0013732757280343622,-0.0018371567989755326,0.0004638810709411711,-0.08381240035375563
2025-01-23,0.0005188740206944261,-0.0005219044577134987,0.0010407784784079248,0.03870532890367011
2025-01-24,-0.00556538119660553,-0.0018927164077606109,-0.003672664788844919,0.016008529099523265
2025-01-27,0.002364134945975297,0.0007550295358208622,0.001609105410154435,0.024258100383347702
2025-01-28,0.0010297831428913874,0.000267190047304338,0.0007625930955870476,-0.033770500641808636
2025-01-29,0.0014948491102881423,0.000734715041918659,0.0007601340683694837,-0.06800518074513803
2025-01-30,-0.0021784459605621296,-0.0025868127391056525,0.00040836677854351813,-0.03982256213146242
2025-01-31,-0.004431389088663146,-0.002010371871709049,-0.002421017216954098,
2025-02-03,-0.0031327841517171965,-0.003901449133951025,0.0007686649822338312,
