,ls_ret,long_excess_ret,short_excess_ret,ic
2017-01-02,0.0009720287732286267,-0.0022084836808916476,0.0031805124541202743,0.08547008700156258
2017-01-03,0.002192172492381122,0.0034894558229594218,-0.0012972833305783002,0.10138028172099213
2017-01-04,0.004337871562593668,0.001102907677579582,0.003234963885014086,0.39461480429142026
2017-01-05,0.005049688094875421,0.0018856895177721484,0.0031639985771032744,0.0428853708195484
2017-01-06,0.03039717091672253,0.011264838123015389,0.019132332793707144,0.2126408830469711
2017-01-09,0.002538488651750485,0.003930297482901425,-0.0013918088311509376,0.020356650120073143
2017-01-10,0.011272332500389632,0.009628272255182254,0.0016440602452073814,0.0534283662745776
2017-01-11,0.0010874805674239748,0.00094838903739444,0.0001390915300295342,-0.11842750945532879
2017-01-12,0.0027781095573049157,0.0015508898762549275,0.0012272196810499889,-0.08370180007199153
2017-01-13,-0.0061362538493486204,-0.0033046709050135346,-0.002831582944335086,0.10057238388898797
2017-01-16,-0.004119270572396652,-0.002427363541074796,-0.0016919070313218567,-0.3077060705015732
2017-01-17,0.005459433577095406,0.003903240203622916,0.0015561933734724897,0.20652964358284964
2017-01-18,-0.02006237369673576,-0.012116698042978746,-0.007945675653757017,0.1412421441134362
2017-01-19,0.009951133504877353,0.006468128899898107,0.003483004604979248,-0.18461969354141303
2017-01-20,0.00822183358730138,0.00723376486768674,0.0009880687196146412,0.002619920875667661
2017-01-23,-0.009821482277790571,-0.005139239651351975,-0.004682242626438596,-0.03453779464196222
2017-01-24,0.00012840649888961968,0.0008961440128980314,-0.0007677375140084115,0.03521107243383117
2017-01-25,-0.001646590665124945,-8.414491774787723e-05,-0.0015624457473770682,0.10709244496949438
2017-01-26,0.002043161030356138,-0.001115961769571793,0.0031591227999279306,-0.1220999142044895
2017-01-27,0.0051214074733054536,0.005381318606234913,-0.00025991113292946153,0.02350442448854616
2017-01-30,-0.0064564454629075976,-0.0034546518070949156,-0.003001793655812683,0.011596411699215008
2017-01-31,0.0011755551406085847,0.002109324756760107,-0.0009337696161515231,-0.08111709477199372
2017-02-01,0.0005770106873262083,-0.0006775697397371711,0.0012545804270633803,-0.1415274668213732
2017-02-02,-0.005175074044854377,-0.009497852714926626,0.0043227786700722505,-0.13381802796917003
2017-02-03,-0.006672117019108558,-0.001427870549605869,-0.005244246469502684,-0.06440315362286202
2017-02-06,-0.006350195787688006,-0.002346444590800331,-0.004003751196887674,-0.08103999653477877
2017-02-07,-0.0032776775951905562,-0.004270654619003651,0.0009929770238130946,0.038342426912643876
2017-02-08,-0.0036272712083793915,-0.000827257717696225,-0.0028000134906831665,-0.031431695438584706
2017-02-09,0.0019323940270489998,0.00010197155007157094,0.001830422476977428,0.001556097673832515
2017-02-10,-0.0013972612618965634,0.00036818353108767667,-0.0017654447929842387,0.1310644512540356
2017-02-13,6.989402855346377e-05,-0.0007951151147098578,0.0008650091432633221,0.06133706045790074
2017-02-14,0.005806321708992103,0.00012692884930806843,0.005679392859684036,-0.06329540006936073
2017-02-15,0.002819175424332996,0.00025312897996678484,0.002566046444366211,-0.05262872865316535
2017-02-16,-0.002237384622906338,-0.00024370878134268373,-0.0019936758415636524,-0.05342860111688621
2017-02-17,-0.002115384680972965,-0.0006391119297680919,-0.0014762727512048733,-0.11804839593543147
2017-02-20,-0.002507914275152631,-0.0008482280015513204,-0.0016596862736013118,-0.050859035228242956
2017-02-21,-0.005734021308922269,0.00022889170325952023,-0.005962913012181787,-0.11393710682948771
2017-02-22,-0.002231659320103216,-0.0011665143795484174,-0.0010651449405547986,0.0032490614095245893
2017-02-23,-0.005595403422469185,0.0002659726465665639,-0.005861376069035751,0.05807067697962805
2017-02-24,0.00017440631259777915,-0.0003778704931681198,0.0005522768057659002,-0.029916246091783345
2017-02-27,0.002835543894909922,0.00016917011189002498,0.0026663737830198964,0.01210403383831457
2017-02-28,-0.0015371757688306873,-0.0007595995205345128,-0.0007775762482961747,-0.05070348257810546
2017-03-01,0.0005960998626798686,-0.0015577309300997834,0.002153830792779651,-0.028578644018367644
2017-03-02,-0.0024405679788337504,-0.0015366058021035749,-0.0009039621767301755,-0.03782039788067349
2017-03-03,-0.0015054979065301103,0.0005919315147639471,-0.0020974294212940565,-0.03879385066076042
2017-03-06,-0.002115657000949499,0.0005289684528241565,-0.002644625453773656,0.06487502391345926
2017-03-07,-0.0017487153180972975,0.0002764220468926765,-0.0020251373649899746,0.1094286651423093
2017-03-08,0.0030363321136393975,0.00044167171197613433,0.002594660401663263,-0.03532786161063287
2017-03-09,0.005783063618093377,5.731100130502379e-05,0.0057257526167883545,0.012246371907694167
2017-03-10,-0.001691535129490665,0.0006705681675423843,-0.0023621032970330465,-0.09465417729788694
2017-03-13,0.0005628281197808542,-0.0013731023953899748,0.001935930515170829,0.1246307474611339
2017-03-14,-0.004327060130780784,-0.0007458852676395251,-0.0035811748631412576,0.06876789687687
2017-03-15,0.006456676758569494,0.0005071335512569428,0.005949543207312554,0.06866722121354323
2017-03-16,0.00350335188316625,-0.0001115907507905317,0.003614942633956781,-0.08742497990374996
2017-03-17,0.003597008749233136,-0.0014867672860533355,0.005083776035286468,-0.0713347478073952
2017-03-20,-0.004091999947720854,0.0013157182087845964,-0.00540771815650545,0.09717041533753167
2017-03-21,-0.0030308605076847686,-0.0016845818474875542,-0.001346278660197214,-0.01779334172602511
2017-03-22,0.004658607978159451,0.0010686462101612824,0.003589961767998167,-0.1097428616035417
2017-03-23,-0.0007750303889535242,-0.0001463282043720083,-0.0006287021845815168,0.028931049743777453
2017-03-24,-0.00520996891207426,-0.0015634429040300678,-0.003646526008044191,0.1642640504180519
2017-03-27,0.0015660968781248056,-0.0030867021365143105,0.0046527990146391154,0.07060851400227926
2017-03-28,0.008969174331014608,0.0024554673327089813,0.0065137069983056285,0.02367204120905071
2017-03-29,0.003323147971472728,-0.00021658084798931794,0.003539728819462045,0.1840632126552103
2017-03-30,0.00105754746139698,0.0011633827063053425,-0.00010583524490836212,0.14699035060947951
2017-03-31,0.0104335546079245,0.004677118894556458,0.0057564357133680424,0.26616619571095596
2017-04-03,0.006835309562653874,0.0017381752423331542,0.005097134320320721,0.10657627684864193
2017-04-04,0.012292027974827958,0.004672056376718923,0.007619971598109036,-0.1578105072181668
2017-04-05,0.005838459531306591,0.0028216392633704894,0.0030168202679361003,0.0788167651803643
2017-04-06,-0.00727812542147481,-0.003277008439423572,-0.0040011169820512345,0.029223759643211417
2017-04-07,0.0032508105268005544,0.0009800658956842512,0.002270744631116303,0.03450395104211687
2017-04-10,0.0012848867612513908,0.0005098168078730893,0.0007750699533783005,-0.1638260155597578
2017-04-11,0.0012439316554428972,0.0014269294979891945,-0.0001829978425462956,0.266034011017716
2017-04-12,-0.0072410680226464436,-0.002628067050001779,-0.004613000972644664,0.360645666955613
2017-04-13,0.011517378667303943,0.004364484568377396,0.007152894098926548,-0.0796278078239492
2017-04-14,0.022075411714359776,0.009832499855676278,0.012242911858683498,-0.10556727466397947
2017-04-17,-0.0036776044291341177,-0.001074876987378114,-0.002602727441756004,0.012147301322940895
2017-04-18,-0.005055176993350294,-0.0026452199164800198,-0.0024099570768702744,0.11197098038782305
2017-04-19,0.0005689625625629948,-0.0010947141091973388,0.0016636766717603325,-0.10065152898036518
2017-04-20,0.005628171308759278,0.0015784547304658822,0.004049716578293397,-0.10709935161783948
2017-04-21,-0.004844667547512952,0.00033502861035351536,-0.005179696157866467,-0.04219039271880788
2017-04-24,-0.004992968656960324,-0.0025249258871355516,-0.002468042769824772,-0.006336033467270089
2017-04-25,-0.001767114911737358,-0.000834271838974414,-0.000932843072762945,0.09919895926796664
2017-04-26,-0.00024900827582979824,-0.0005607475681973307,0.0003117392923675331,-0.008839115493607289
2017-04-27,0.005013594248859855,0.003081090326439835,0.0019325039224200192,0.0015321301736142831
2017-04-28,-0.0004976604537453871,0.003280773937758527,-0.0037784343915039133,0.041488945507295955
2017-05-01,8.44615357830196e-05,0.0006809761428865756,-0.0005965146071035552,0.14757403548305034
2017-05-02,0.002256880261328071,0.00020050774672937706,0.0020563725145986925,0.27474166218066987
2017-05-03,0.007177399390129234,0.0034180475280077387,0.003759351862121496,0.04810517359838373
2017-05-04,0.018665945836288146,0.008216605463824654,0.010449340372463492,0.17465036713542706
2017-05-05,0.0030216622201914406,0.005180856089914414,-0.0021591938697229727,-0.08345230635740945
2017-05-08,0.00882636980308555,0.005274313490101646,0.003552056312983905,0.0009783791815804737
2017-05-09,-0.004570329820774533,-0.0019948773514842405,-0.002575452469290293,-0.20434240206252027
2017-05-10,5.3177914973658535e-05,-0.0021052477316756135,0.0021584256466492674,0.011556361105314125
2017-05-11,-0.01061159651082597,-0.0037263639188613914,-0.006885232591964577,-0.14346027360256747
2017-05-12,0.0006999770332738096,-0.002203814572232038,0.0029037916055058496,-0.08366195708938369
2017-05-15,-0.006794523785451686,-0.0003426128899792352,-0.006451910895472448,0.05570027474637751
2017-05-16,-0.004523016533830546,0.00012819452923898216,-0.004651211063069529,-0.03451155099748741
2017-05-17,0.00241297313488312,-2.642332464533083e-05,0.0024393964595284517,0.21969473143866058
2017-05-18,-0.0013919078232664005,-1.2620242083014738e-05,-0.001379287581183386,0.21034391213971104
2017-05-19,0.011758413221273203,0.008035006926368627,0.0037234062949045767,-0.19572069454878965
2017-05-22,0.012228416832254986,0.004033293405166907,0.008195123427088082,0.016861412555638534
2017-05-23,-0.010219260999946907,-0.003541874366078149,-0.006677386633868751,-0.2323954770052848
2017-05-24,0.0007390763108798177,-0.0009199478669463377,0.001659024177826156,-0.09389128990373724
2017-05-25,-0.008406074012390678,-0.003640440165069218,-0.004765633847321461,0.0949255554500873
2017-05-26,-0.004125829889709404,-0.0017978114507890813,-0.0023280184389203214,0.0029489445734723566
2017-05-29,0.003958989648658182,0.00265288318267364,0.0013061064659845422,0.020023461567710826
2017-05-30,0.00010849909454513557,0.001022267232523558,-0.0009137681379784218,0.012047148550721911
2017-05-31,0.0008081079397038722,-7.897337232160213e-05,0.0008870813120254743,0.004852265522030728
2017-06-01,0.0005857096508032349,-0.0021484880051650694,0.0027341976559683047,-0.07055793257811777
2017-06-02,0.00026768886129325734,-0.0007154819265276589,0.0009831707878209155,0.14511498360822245
2017-06-05,-0.002990277649353296,-0.0022330106864560362,-0.0007572669628972597,-0.08208672903813313
2017-06-06,0.006077126755110962,0.002705014440547212,0.0033721123145637483,-0.027116052186286686
2017-06-07,-0.003471124047451468,-0.0003100479533239707,-0.0031610760941274962,0.1266328552988464
2017-06-08,-0.0011618975540407367,-0.0006093716672845102,-0.0005525258867562263,-0.1646262078545432
2017-06-09,0.007426434912799802,0.002936644448732687,0.004489790464067115,-0.004080596670399161
2017-06-12,-0.007595334700375419,-0.005814110774948466,-0.0017812239254269514,-0.026833059759943996
2017-06-13,-0.00018995879994430746,-0.0006291639459771355,0.000439205146032828,0.015179054760620812
2017-06-14,-0.0011791248450954846,-0.0006541540823819158,-0.000524970762713569,-0.1582954741487413
2017-06-15,0.0006489595301789688,0.00098998960931106,-0.0003410300791320906,-0.18019949110908484
2017-06-16,-0.006602547217261759,-0.0027371607674113764,-0.003865386449850383,-0.12285607543486018
2017-06-19,-0.007777077419918865,-0.0031153711140443933,-0.00466170630587447,0.06492223713944908
2017-06-20,-0.005654799118976912,-0.0019019051562263888,-0.0037528939627505236,-0.011346425153069502
2017-06-21,0.0030814775241351034,-0.0009969953566902985,0.004078472880825402,0.030667106208835497
2017-06-22,-0.0005677641065558484,-0.00012461287133880218,-0.0004431512352170463,-0.01566674556108006
2017-06-23,0.001359876804419733,-0.0015206587750049014,0.002880535579424634,-0.09530465371839564
2017-06-26,-0.0008422511686170549,-0.0006843501012102331,-0.00015790106740682167,0.16400098570362517
2017-06-27,-0.005044173701417749,-0.0042467329487137755,-0.0007974407527039729,0.28774093716323546
2017-06-28,0.008752670865537524,0.002177478993038426,0.006575191872499098,0.01568642801007403
2017-06-29,0.01903272710360073,0.00608010539726939,0.012952621706331342,-0.06857341261582002
2017-06-30,0.0008484923607915583,0.0001933863155702117,0.0006551060452213466,0.08948947659128079
2017-07-03,-0.003954864079440833,-0.002562340941591725,-0.0013925231378491079,0.035566976944163255
2017-07-04,0.004393195258357165,0.0028575490223780374,0.0015356462359791274,0.043438205534484214
2017-07-05,0.0017381163841279537,0.0006370755078431785,0.0011010408762847747,0.08587645803269096
2017-07-06,0.0024535072293946814,0.0016688786570352217,0.0007846285723594583,-0.12630418237801408
2017-07-07,0.00395147376694762,0.0019142010199805137,0.002037272746967106,-0.00521281560753153
2017-07-10,-0.006735363781597275,-0.0024591216214080967,-0.004276242160189179,0.08230886783341303
2017-07-11,-0.00023696692569666659,-0.0010834445319197062,0.0008464776062230399,0.12547008522872452
2017-07-12,0.003589237662146159,0.0010426171491209383,0.0025466205130252224,0.07657696896140255
2017-07-13,0.006179252651182627,0.0021387756981580373,0.004040476953024591,0.1889831174823317
2017-07-14,0.0036887097708314717,0.001813341400387701,0.0018753683704437712,0.06643139421145906
2017-07-17,0.013938456992104076,0.006171871415918857,0.007766585576185217,-0.04780471751363753
2017-07-18,0.005242005099375403,0.004146201662679282,0.001095803436696123,0.037848367392325256
2017-07-19,-0.003242872010646455,0.00021127313568224376,-0.0034541451463286988,0.2907866551153147
2017-07-20,0.0024317960784376587,0.0012565968293298336,0.0011751992491078247,-0.03846895386924131
2017-07-21,0.02372038217625753,0.01045190804516967,0.013268474131087865,-0.0692065763106479
2017-07-24,-0.002423509865089395,-0.0016012934465789363,-0.0008222164185104587,0.1744422893371936
2017-07-25,-0.003723478757328102,-0.00020136363784487715,-0.0035221151194832247,-0.1975789107658144
2017-07-26,0.01205999366619638,0.0024088348829185077,0.009651158783277873,0.042940386946808975
2017-07-27,-0.010084928524902824,-0.0017812396352394275,-0.008303688889663399,0.12343233552245826
2017-07-28,0.0019610621344834213,0.001956031097002043,5.031037481378203e-06,-0.29282973301268406
2017-07-31,0.005325406794830245,0.002470466995759102,0.0028549397990711425,-0.19588093623085215
2017-08-01,-0.012796510536736883,-0.002422251924916345,-0.010374258611820536,-0.19776091994002318
2017-08-02,-0.008522511284425069,-0.004712556044753531,-0.003809955239671538,0.01275153674626657
2017-08-03,-0.010374885760707112,-0.002269597070289439,-0.008105288690417673,0.0311174949941115
2017-08-04,0.0007490558656338194,3.118794179276987e-05,0.0007178679238410497,-0.0381529608477907
2017-08-07,0.0017231807994652327,0.0012910589349463923,0.0004321218645188399,0.12822027193063482
2017-08-08,-0.0022591075026590864,-0.0005315313060364011,-0.0017275761966226884,0.041979423705258534
2017-08-09,0.00654126800064868,0.0018020314429974468,0.0047392365576512325,-0.13891676276187423
2017-08-10,0.0023409479084791924,0.0007377917705638712,0.0016031561379153203,0.03859934507713245
2017-08-11,-0.006984536972744626,-0.0018054177969511302,-0.005179119175793497,-0.026756906752514888
2017-08-14,0.0017575522383068234,0.0008218163856505423,0.0009357358526562824,0.1441030497533073
2017-08-15,-0.0013363194966461715,-0.0010062417991371433,-0.0003300776975090295,-0.04650508059253228
2017-08-16,0.007616202322577427,0.005145826917760152,0.002470375404817274,0.09429191356146881
2017-08-17,-0.002419626405086992,-6.082481062499867e-06,-0.002413543924024493,-0.1348422785097987
2017-08-18,0.004868934117885897,0.000557478807651223,0.004311455310234674,0.10794798753643403
2017-08-21,-0.006521010600000453,-0.0037485993147929,-0.0027724112852075527,0.06746321144896555
2017-08-22,0.005924794237851633,0.003591070293439402,0.00233372394441223,0.13479917724653043
2017-08-23,0.003698229246219021,-0.000740063264277639,0.00443829251049666,0.012824935011125723
2017-08-24,0.007155908737184043,0.0027384135690115973,0.004417495168172446,-0.007959984138955531
2017-08-25,0.000702124316361146,0.0006631461758076864,3.897814055345977e-05,0.019288064422360234
2017-08-28,-0.00043068865719506565,-0.002755922013295409,0.002325233356100345,0.2803833379311807
2017-08-29,0.0010554551577326037,-0.001348959057765422,0.0024044142154980262,0.0041331268933536836
2017-08-30,0.025134764804551308,0.006512259431977981,0.018622505372573338,0.00906284491508779
2017-08-31,0.0002838588243063169,0.0057744665505245,-0.005490607726218184,0.050055064464647823
2017-09-01,0.0005041730967354696,0.003983412008705431,-0.0034792389119699604,-0.24465097830854587
2017-09-04,0.0033160395711968834,8.044848442480181e-05,0.003235591086772081,0.09316118621185394
2017-09-05,-0.011895219373059544,-0.003913334559996998,-0.007981884813062548,0.04190520582772981
2017-09-06,0.005689302667752912,0.007402248375221087,-0.0017129457074681748,0.03744217313364079
2017-09-07,0.0026712802427675967,0.0031258827155158254,-0.00045460247274822785,-0.05178061612533464
2017-09-08,0.002142606031806003,-0.0002077282951177921,0.0023503343269237944,-0.03409795171005004
2017-09-11,-0.0029679132482822706,-0.004471787428868241,0.0015038741805859703,-0.07387418836247898
2017-09-12,-0.0021703994372197447,-0.00017810721199741858,-0.0019922922252223253,-0.011438847359572768
2017-09-13,-0.005000113964317054,-0.0025454937290302444,-0.0024546202352868085,0.19338293841437132
2017-09-14,-0.0005708234864568687,-0.00013964658698974782,-0.00043117689946711897,0.0887796420608361
2017-09-15,0.010505895704245668,0.004306113203612641,0.006199782500633027,0.09633846047857195
2017-09-18,0.0048430069895615225,0.0016668541838904883,0.003176152805671034,0.1199638073538798
2017-09-19,0.006766708847572432,0.007359021216607334,-0.000592312369034902,-0.031245400551747404
2017-09-20,0.0077916705065264845,0.001715042638827928,0.006076627867698553,-0.07160082845425084
2017-09-21,-0.0021130870838951335,0.0017192988473269163,-0.0038323859312220498,0.21238840685745555
2017-09-22,-0.0037076098770127703,-0.0033843035068017364,-0.0003233063702110337,-0.08304708217988159
2017-09-25,0.012961733360521902,0.004547196246154066,0.008414537114367834,-0.05621936237926915
2017-09-26,-0.005757459100830198,-0.004775131740272888,-0.0009823273605573078,0.037375315963560536
2017-09-27,-0.0029603906685686772,0.0027636532959364225,-0.005724043964505099,0.26861503000471565
2017-09-28,0.002187987750067992,0.0012086071304244729,0.000979380619643518,0.024676913428521016
2017-09-29,0.016210769941298348,0.005711963406693988,0.01049880653460436,0.0720248755784476
2017-10-02,0.001526525645501384,0.0001676621503306311,0.0013588634951707524,-0.08469037362349764
2017-10-03,0.00531483268277015,0.002138283455081216,0.0031765492276889335,0.03943611579707623
2017-10-04,-0.004384931763660735,-0.001789143437421318,-0.0025957883262394156,-0.060994482404294274
2017-10-05,0.001974773193954761,0.0010876381311966448,0.0008871350627581162,-0.18636172103450196
2017-10-06,-0.0028802993408870397,0.0008501110545539696,-0.0037304103954410098,-0.013558520782603516
2017-10-09,-0.008583178312494406,-0.003989642550593248,-0.004593535761901158,0.004513751264213406
2017-10-10,-0.0005494622616671807,-0.0011253504394836689,0.0005758881778164879,0.039833044492555404
2017-10-11,0.00022369165081340342,-0.0011966323965575012,0.0014203240473709047,0.08872414795513225
2017-10-12,0.002132192966615594,-0.002131824424989298,0.004264017391604893,-0.04492395170186127
2017-10-13,0.00476588020781848,0.0016689218916454852,0.003096958316172996,0.06806734645958165
2017-10-16,-0.002198102124234514,0.0003079038389532489,-0.002506005963187761,-0.000630434377229666
2017-10-17,0.0037694672670673655,0.002596315287371675,0.0011731519796956908,-0.0846383641598193
2017-10-18,-2.8203202212730366e-05,-0.0008636666943709682,0.000835463492158238,-0.17200152725989226
2017-10-19,-0.0041362362982004545,-0.0023175602901592237,-0.0018186760080412308,0.04944705325592509
2017-10-20,-0.008482974355956794,-0.0021881951485922084,-0.006294779207364586,-0.016528222342145703
2017-10-23,0.002413136609450199,0.0015957152389160434,0.000817421370534155,0.02251337087747926
2017-10-24,-0.0008078092595283841,0.001218857035231299,-0.0020266662947596836,0.17396400325682462
2017-10-25,0.001096695638715568,0.0009870124066058013,0.00010968323210976691,0.29314105897689147
2017-10-26,0.009431264173602495,0.0029867694716949195,0.006444494701907576,0.06709785820363653
2017-10-27,0.019131865146110358,0.00967478130492774,0.009457083841182622,0.2573095237832382
2017-10-30,0.0037719875785330137,0.0013134432370383647,0.0024585443414946485,0.07199593701589357
2017-10-31,0.0190695729816175,0.010572529746874764,0.008497043234742735,0.01055322929319769
2017-11-01,0.003996039903828628,0.0030055806549935775,0.0009904592488350523,-0.05080267036141476
2017-11-02,0.0006050989933628346,-0.0026431637146791566,0.0032482627080419914,-0.20020058889857817
2017-11-03,-0.0030905734714283322,-0.0023798347180924474,-0.000710738753335884,0.0018154149616603516
2017-11-06,-0.009471746068331784,-0.0009739959025052772,-0.008497750165826507,0.061000669965672896
2017-11-07,8.57542745519844e-05,0.001417440026692925,-0.0013316857521409402,0.037030598443371
2017-11-08,0.0029810059642477425,9.902945563126236e-05,0.0028819765086164793,-0.08367606527083143
2017-11-09,0.00192747554661055,0.001577255196526824,0.0003502203500837277,-0.07059014487521288
2017-11-10,-0.004657115852109806,-0.0029992892119513927,-0.0016578266401584118,0.09969578289054856
2017-11-13,-0.0033613175278533547,-0.00039152464453639894,-0.002969792883316954,-0.17519908883627083
2017-11-14,0.005379869889298699,0.0014797583558818182,0.0039001115334168814,0.07347114255607443
2017-11-15,-0.009383082210654196,-0.0046732409088849885,-0.004709841301769209,0.24597814222066283
2017-11-16,0.005069691966949655,-0.0002507565421632531,0.00532044850911291,-0.10739943227098822
2017-11-17,0.01793203616294222,0.009207058082609382,0.008724978080332846,0.16314138153124
2017-11-20,-0.007375154960883977,-0.0011747099055710742,-0.006200445055312904,-0.18712737585619177
2017-11-21,0.01247232348661133,0.005042579889320605,0.007429743597290723,-0.046129963138172206
2017-11-22,-0.010287954153956447,-0.004022539103618928,-0.006265415050337519,-0.3042911069062699
2017-11-23,-0.0023019893135734883,-0.0016211473878025022,-0.0006808419257709865,-0.0614535314170528
2017-11-24,-0.018614337550178026,-0.009543628036030033,-0.009070709514147993,0.13880271239291908
2017-11-27,-0.0031390672484127987,-0.003738656443148744,0.0005995891947359446,-0.28267992851434776
2017-11-28,0.007904004297656428,0.001897166017552852,0.0060068382801035745,0.023959414999987133
2017-11-29,-0.01458165815139591,-0.003642663947636019,-0.010938994203759888,-0.2113021478806598
2017-11-30,0.0014105008873050774,0.002704308795713945,-0.0012938079084088682,0.1136247516768506
2017-12-01,-0.011877076753220951,-0.005508648483941657,-0.0063684282692792905,0.13927981494488137
2017-12-04,0.0071876928611529925,0.0018998423044334252,0.005287850556719563,-0.10698672350836172
2017-12-05,0.008102713607730783,0.0022635270307944967,0.00583918657693629,-0.23134808601226836
2017-12-06,-0.005888048631585556,-0.003513114844074183,-0.002374933787511374,-0.18758344500178398
2017-12-07,-0.012368561003347538,-0.005772577804909598,-0.006595983198437939,0.04972196537899588
2017-12-08,-0.00928331901984145,-0.0032287635985876455,-0.006054555421253804,-0.10323717493463741
2017-12-11,0.0031934846619245073,0.001745905562328981,0.0014475790995955237,-0.04851043201363551
2017-12-12,-0.004819251927541556,-0.002127836618905289,-0.0026914153086362684,0.08534951637381222
2017-12-13,-0.002596416928140815,-0.0014858796883636593,-0.0011105372397771564,0.029264948969834368
2017-12-14,0.005276136500825344,0.0014462246210267564,0.003829911879798587,0.11311536875588897
2017-12-15,0.001505922757214272,-0.0003265119260990601,0.001832434683313332,0.0751574407618935
2017-12-18,0.006195420069999038,0.000943273098002944,0.005252146971996093,-0.049320574923812546
2017-12-19,0.0036547851566848394,0.0016261435960362742,0.002028641560648565,-0.05797776124034644
2017-12-20,-0.0021328316480548424,-0.0012930676263574123,-0.0008397640216974301,-0.028375271286364658
2017-12-21,-0.004005006007305768,-0.0036311737580767287,-0.0003738322492290395,0.010293932716408842
2017-12-22,-0.0015276555353270689,-0.0020872594709863586,0.0005596039356592884,0.13537424746124824
2017-12-25,0.0005556027159817119,0.00014763844068584986,0.0004079642752958621,0.04887727155987552
2017-12-26,0.008378647420431398,-0.00035106294431415516,0.008729710364745551,0.050888893512590905
2017-12-27,0.0027447995378816438,0.002385180236346883,0.00035961930153476096,0.07363828354793264
2017-12-28,0.0032723978704030567,-0.00011861773871293599,0.003391015609115991,0.07761443544811017
2017-12-29,0.0035814615133065875,0.0007044193144872331,0.002877042198819354,0.04777647951760516
2018-01-01,0.003938929714811194,0.001144608493359291,0.002794321221451901,0.12487771958724396
2018-01-02,0.003320746191319085,0.002050249252269074,0.0012704969390500108,0.17698878136416898
2018-01-03,0.007980822553469647,0.002112458393521059,0.005868364159948588,-0.13336725827616436
2018-01-04,0.012278327347487343,0.003971635218508372,0.00830669212897897,0.19188100827708282
2018-01-05,-0.006405409282472333,-0.0022180308836042446,-0.004187378398868086,-0.22707022047236006
2018-01-08,0.01232204771924938,0.0033433325090238275,0.008978715210225554,-0.1235401173179007
2018-01-09,-0.010959159558018652,-0.003736010964208794,-0.007223148593809858,-0.22394347207288676
2018-01-10,-0.005755652997052786,-0.00284686408534416,-0.002908788911708626,0.023233347603474692
2018-01-11,-0.01147196835435663,-0.005272445322370215,-0.006199523031986414,0.11327619676424407
2018-01-12,0.0010895201354445153,5.542046650927959e-05,0.0010340996689352361,0.16715437941893288
2018-01-15,0.0049856131915579196,0.001575209901438647,0.0034104032901192717,0.27178510905361886
2018-01-16,0.008045249673998788,0.00259515363135945,0.0054500960426393345,-0.09927529491717228
2018-01-17,0.013827097086805445,0.0069605020650854825,0.006866595021719962,-0.06805785715143246
2018-01-18,-0.005754818696943309,-0.002045418463896149,-0.0037094002330471587,0.14708695322045334
2018-01-19,-0.0031766918346360774,-0.0013886998173533206,-0.0017879920172827572,-0.1903206017495747
2018-01-22,0.007458759082339504,0.003768492830745894,0.003690266251593608,0.0899612858195666
2018-01-23,-0.008566788748445263,-0.0041412518563739825,-0.004425536892071279,-0.16965720588464725
2018-01-24,0.004319264541463204,0.0024680002684832805,0.0018512642729799226,-0.03493596849181674
2018-01-25,-0.0071622160296363705,-0.0035590478103887623,-0.0036031682192476065,0.17934982260474372
2018-01-26,-0.0015949830534483082,-0.0009775492355009873,-0.0006174338179473216,0.1591717169044158
2018-01-29,0.007943978504907412,0.002931694941839544,0.005012283563067869,0.20286315235420702
2018-01-30,0.0073609388746529005,0.003425050178021416,0.003935888696631484,0.038640694816615
2018-01-31,0.00954757287976296,0.004448976930475289,0.00509859594928767,-0.13178227901709705
2018-02-01,0.0022880434475566697,0.0023266652141021964,-3.862176654552559e-05,0.07640381193141796
2018-02-02,-0.005605326832183568,-0.001868654069957558,-0.0037366727622260114,-0.01614156196449613
2018-02-05,0.0035937684345124826,0.0007143079877761499,0.002879460446736329,-0.12408589495273371
2018-02-06,-0.0007754614459528923,-0.00018447797567251907,-0.0005909834702803739,0.13972028565611982
2018-02-07,-0.006603476847029057,-0.003077942122478079,-0.003525534724550975,0.11598358602417824
2018-02-08,0.00753919788851052,0.0028010930588505192,0.004738104829659997,-0.08616250713897486
2018-02-09,0.005617392257846567,0.0036024666702947792,0.0020149255875517866,-0.05417675891365528
2018-02-12,-0.003738222852190903,-0.0033037295694118844,-0.0004344932827790182,0.04623997773247198
2018-02-13,-0.002326604830432856,-0.0015497725350994297,-0.000776832295333426,0.12253137515675089
2018-02-14,0.002326389532305226,-0.0012473065241453193,0.0035736960564505434,-0.2638500140340918
2018-02-15,0.007247220012136432,0.0018843866327226122,0.005362833379413821,-0.005799452924025823
2018-02-16,-0.013062916708815044,-0.004528095600090893,-0.008534821108724153,-0.09464811145185337
2018-02-19,-0.0002465881733442546,0.0005590677127593497,-0.0008056558861036043,-0.03373117396590047
2018-02-20,-0.003902843807407609,-0.0018318131280429676,-0.002071030679364641,0.024938664841549274
2018-02-21,-0.0012207563516713365,-0.00028799058612596906,-0.000932765765545367,0.06966434919159273
2018-02-22,0.0009753924962021104,0.0007346680021004287,0.00024072449410168133,0.1478342701492768
2018-02-23,0.0024329083214485645,0.0019909313836842055,0.00044197693776435853,-0.03057424252230685
2018-02-26,0.007536994871367361,0.003977638830245749,0.0035593560411216092,0.2607100853594102
2018-02-27,-0.001357683900024356,0.00043474527710219216,-0.0017924291771265494,-0.10692964448744763
2018-02-28,0.01460878256072089,0.006504711826435725,0.008104070734285165,-0.1092234018960003
2018-03-01,-0.0055857560230161115,-0.00225175699704858,-0.0033339990259675313,0.2644106957696725
2018-03-02,-0.005153841108185261,-0.0018392966354012178,-0.003314544472784043,0.028104554489811286
2018-03-05,0.018351580764084906,0.011793275777678983,0.006558304986405916,0.005438714665122257
2018-03-06,0.0022324240224826657,0.004894214726363323,-0.0026617907038806576,-0.09716289945375717
2018-03-07,0.00032599236231749176,-0.000182840696756335,0.0005088330590738294,-0.12941572739096974
2018-03-08,-0.006293187464277968,-0.0038606160067506633,-0.002432571457527309,0.1597450432036205
2018-03-09,-0.00876168604549709,-0.005319529978139658,-0.0034421560673574348,-0.21940676395772818
2018-03-12,0.010208705685379068,0.004162487448203047,0.006046218237176014,-0.22599845141163669
2018-03-13,-0.013603066560948524,-0.006285297460679486,-0.007317769100269038,0.0026039115446038763
2018-03-14,-0.009689212055461867,-0.004155412054912003,-0.005533800000549864,0.02860900648631357
2018-03-15,0.00014389382064348543,0.0010330718169151536,-0.0008891779962716673,0.08270253250894416
2018-03-16,0.0012959440080145424,-0.0012302027067906884,0.00252614671480523,0.09969868620611906
2018-03-19,0.005030141150338988,0.0014945439846571172,0.00353559716568187,0.0642316586290073
2018-03-20,0.005671723165584136,0.0012404073344017335,0.004431315831182402,0.043018373812472824
2018-03-21,0.003550041313651713,0.0005172075838338532,0.0030328337298178593,-0.09576399937944291
2018-03-22,0.0020750805394491333,0.0002026960943374654,0.0018723844451116675,-0.03182066977179333
2018-03-23,-0.0042398051993179555,-0.0022984091665449215,-0.0019413960327730358,-0.19990210614100015
2018-03-26,-0.0013632481736713122,0.00016623528972899496,-0.0015294834634003059,0.009484693048668499
2018-03-27,-0.00940768454012304,-0.0028480395142286355,-0.0065596450258944075,0.10179973081910756
2018-03-28,0.0005575977271494795,-0.0015899605706241908,0.0021475582977736694,0.02635017636792546
2018-03-29,0.006391635625326849,0.0026965415792980832,0.0036950940460287653,0.005913643340799295
2018-03-30,0.0014146283298332616,0.001717667531330477,-0.0003030392014972145,0.08067335478281847
2018-04-02,0.0002775219332478133,-0.0003539889072813251,0.0006315108405291385,-0.07568389209247732
2018-04-03,0.004139046512274039,0.0013089824263260957,0.0028300640859479417,0.02654982032263264
2018-04-04,-0.0036872097661721412,-0.0025995075124520643,-0.001087702253720079,-0.04314907989435339
2018-04-05,0.0013438660915021372,-0.0007597905274551349,0.002103656618957273,-0.09166749411938918
2018-04-06,-0.002395852096416799,-0.0003246710005846557,-0.0020711810958321435,-0.04041218594087467
2018-04-09,-0.005064266634075455,-0.0037361822425059886,-0.0013280843915694646,-0.10707377941492618
2018-04-10,-0.002591798525312821,-0.0031200102777034742,0.0005282117523906522,-0.030495196657843948
2018-04-11,-0.007484634664722602,-0.00499684592536268,-0.0024877887393599217,0.02340372432829552
2018-04-12,-0.0019879806433404108,-0.0011186884380200122,-0.0008692922053204002,0.06927776450637592
2018-04-13,0.0013524931743863714,0.0009383039396759288,0.0004141892347104426,0.20728256399252146
2018-04-16,0.00373230759692529,0.001574308137071475,0.0021579994598538146,-0.005887811882113945
2018-04-17,0.012467904141414583,0.006636851913572515,0.005831052227842061,0.013516039107004267
2018-04-18,-0.0003704646687276345,-0.0007670083660920406,0.000396543697364405,0.1161211239147253
2018-04-19,0.0006962978687460987,0.0004929913702471089,0.00020330649849898894,0.19688024129225193
2018-04-20,0.00655561647629679,0.002140362608892903,0.004415253867403889,0.004669086724833935
2018-04-23,0.011147706284221298,0.004730322110982538,0.006417384173238758,-0.05063798543096931
2018-04-24,0.00025449940408225164,-0.0010206271398921808,0.001275126543974433,-0.15053487768928342
2018-04-25,-0.0022023581568047885,-0.0015863980262697738,-0.000615960130535019,0.22584528354025596
2018-04-26,-0.007159045760146504,-0.002505894783688489,-0.004653150976458015,0.021345492483720842
2018-04-27,0.01244120635205902,0.0029815188346408302,0.009459687517418186,0.05077795048073333
2018-04-30,0.0011494198679203949,-8.392908233266494e-05,0.0012333489502530624,0.08154445619052093
2018-05-01,0.0026095172810408204,0.0002957901452304841,0.002313727135810337,-0.11961574487631046
2018-05-02,0.004446646451290077,0.0041009009268648915,0.0003457455244251853,-0.019936602647758733
2018-05-03,-0.005517199818411649,-0.0024669657549278266,-0.003050234063483823,0.1137812362905162
2018-05-04,-0.000861922504042188,-0.0002374065151418849,-0.0006245159889003034,0.19896092759775805
2018-05-07,0.0047319698074217795,0.0026180093111699745,0.002113960496251806,-0.19454041753416848
2018-05-08,0.01006529757051398,0.004763307746157127,0.005301989824356857,-0.01680707728156209
2018-05-09,-0.010531789003195161,-0.004143345839859886,-0.006388443163335273,-0.0205939269901879
2018-05-10,-0.0007355263182074058,0.0007228485217680219,-0.001458374839975427,-0.21632377504944753
2018-05-11,-0.0008758882505761968,0.0007972863077061014,-0.0016731745582822984,0.05894525819821125
2018-05-14,-0.008730282033931747,-0.004111827613014487,-0.00461845442091726,0.025355524901593852
2018-05-15,0.0025607016363322,0.000745407700460836,0.001815293935871363,0.07478928196390751
2018-05-16,0.0011658510396845806,-0.00042948633986360576,0.001595337379548186,-0.062230369534504684
2018-05-17,0.004041738454394106,0.0038378255067981065,0.00020391294759600047,0.3365161659818364
2018-05-18,-0.0032567470509343595,0.00035593031933665474,-0.0036126773702710147,0.02032030267142801
2018-05-21,0.017783800632268722,0.007643913655929473,0.01013988697633925,-0.1328827574001158
2018-05-22,0.0010267159635306527,0.001553392135645844,-0.000526676172115191,-0.006233285914891293
2018-05-23,-0.007845387909173263,-0.004183374918073881,-0.003662012991099383,-0.1794887500750521
2018-05-24,-0.0004201478714869854,-0.003165498911901923,0.002745351040414937,-0.10405923853295089
2018-05-25,-0.009391532641959723,-0.0044467411248191,-0.0049447915171406155,0.03068512101923071
2018-05-28,-0.005622022312504433,-0.0042874515076869735,-0.0013345708048174594,-0.03049012750125245
2018-05-29,0.0015066508432919185,0.0006648406724385832,0.0008418101708533355,-0.04087877912887654
2018-05-30,-0.0015594143383257978,-0.0005407078428987257,-0.001018706495427072,-0.09377981888204563
2018-05-31,-0.002123105247587043,-0.00178716323825824,-0.0003359420093288026,0.08685354150049157
2018-06-01,-0.005350885781457954,-0.004307553471999404,-0.0010433323094585483,-0.07864802764030891
2018-06-04,0.004618827871097535,0.0017641736361183411,0.002854654234979193,0.02294961061792449
2018-06-05,-0.0039822082889642025,-0.0035402897318219627,-0.00044191855714223807,0.019959904554777533
2018-06-06,0.001164969960093619,-0.0003612855950770814,0.0015262555551707002,0.042166322169387455
2018-06-07,0.0010692167357139084,0.0012730064454664763,-0.00020378970975256684,-0.08215305453847606
2018-06-08,0.002272655363067064,-0.001442056255972048,0.0037147116190391115,-0.060895102449503406
2018-06-11,-0.004002746251254321,-0.002338089946717711,-0.001664656304536609,-0.027140098516501374
2018-06-12,-0.0028760141993596517,-0.0008906013657740148,-0.001985412833585636,0.026242260930143212
2018-06-13,-0.0014190281172431673,-0.0011451792136452882,-0.00027384890359787896,0.2510488662001482
2018-06-14,0.0013117733226611535,-0.0008828038664611291,0.0021945771891222826,0.1411590546506448
2018-06-15,0.015355457803420996,0.005499942045124263,0.009855515758296733,0.2101732969316725
2018-06-18,0.008251347299686906,0.0035795567689290084,0.004671790530757898,0.22790419187899513
2018-06-19,0.013965441531215192,0.007330043803019267,0.006635397728195925,0.21762459031596848
2018-06-20,0.0143998851264143,0.005597526669833564,0.008802358456580736,-0.13634901669206356
2018-06-21,0.016592092151494174,0.007951819888082608,0.008640272263411568,-0.2672703513143243
2018-06-22,-0.007067229721506521,-0.005164049369083594,-0.0019031803524229285,-0.11539175198211057
2018-06-25,-0.012858236705611275,-0.0049989841498373384,-0.007859252555773941,-0.16697332387734548
2018-06-26,-0.005256122494711854,-0.0031072691676077603,-0.0021488533271040965,-0.12466153042350152
2018-06-27,-0.007706874611995408,-0.004191211945300489,-0.0035156626666949173,-0.08940819166283745
2018-06-28,-0.005786996297148534,-0.0021534017345513556,-0.00363359456259718,-0.10067721202070123
2018-06-29,-0.004723607730660388,-0.002403662094300169,-0.0023199456363602205,-0.11116233846164342
2018-07-02,-0.004412209087246127,-0.0017420883627364686,-0.0026701207245096586,-0.045806755175493
2018-07-03,-0.006853104864390258,-0.0026486134642909488,-0.004204491400099309,-0.0671994795748917
2018-07-04,-0.0026350587645535568,-0.0012169419357947369,-0.0014181168287588203,-0.17659862317231118
2018-07-05,-0.003856592580510727,-0.00022904651801844596,-0.00362754606249228,-0.16567747340476818
2018-07-06,-0.01064632129834055,-0.004558584367386771,-0.006087736930953776,0.0858935536818826
2018-07-09,-0.0087823310778849,-0.003653648100167814,-0.005128682977717083,-0.07584962800810995
2018-07-10,0.00701560759580822,-0.0004932261426708641,0.007508833738479085,0.033897434995492914
2018-07-11,-0.005639265790012454,-0.0053857186288372464,-0.0002535471611752074,-0.008666860134289547
2018-07-12,0.0024244738600601168,0.00019544559617450889,0.002229028263885608,-0.04759327953599403
2018-07-13,-0.00047712122594226495,0.0003327834040026817,-0.000809904629944948,-0.14617855166102486
2018-07-16,-0.0030876892148038607,0.0006663598413132153,-0.0037540490561170786,-0.037722272000625744
2018-07-17,-0.010664142806091391,-0.0032513351003947907,-0.007412807705696602,0.009932276695452958
2018-07-18,-0.0027794591237048664,-0.0013017836086700527,-0.0014776755150348111,0.12200134066279837
2018-07-19,0.000818874349754944,0.0012235950564765535,-0.0004047207067216091,0.02016373392420623
2018-07-20,0.012825370596425554,0.007117278476522257,0.0057080921199033074,0.006610076259965625
2018-07-23,0.001431082827511677,-0.0006158728252215473,0.0020469556527332247,0.01035522466133168
2018-07-24,0.0004767020571734711,0.0011495904018047343,-0.000672888344631261,0.052205512354879316
2018-07-25,0.0009049031431195055,-0.002866014139012437,0.003770917282131945,0.10614030669090577
2018-07-26,0.004334583422408576,-0.0017719299115367924,0.006106513333945369,-0.043199633274178084
2018-07-27,0.006821194065318561,0.002543895733702072,0.004277298331616488,-0.02442176614712228
2018-07-30,-0.0027642606423015125,-0.0032741921529893386,0.000509931510687827,0.013175570948236725
2018-07-31,-0.0015718441592670607,-0.0006726343835002022,-0.0008992097757668602,-0.011380442220547942
2018-08-01,0.0008713049276289905,-4.237011116841824e-05,0.0009136750387974084,0.037596802247901566
2018-08-02,-0.0006782625931793262,0.0012391700814418562,-0.0019174326746211837,0.046717864142561794
2018-08-03,0.0026909372570175756,0.0003850758114658263,0.0023058614455517493,0.05114396021000284
2018-08-06,0.003663926261923618,0.0009131681117895297,0.002750758150134089,0.10857849428512496
2018-08-07,0.003646137155803313,0.0005494931367656733,0.0030966440190376386,0.032507868733207046
2018-08-08,0.007998926572388418,0.0013830610981323092,0.006615865474256109,-0.03942287160930501
2018-08-09,0.002325359714820198,0.0009218918097665917,0.001403467905053607,-0.0922841813935847
2018-08-10,-0.0022668783854750585,-0.0007657713230557785,-0.001501107062419283,-0.055631805795006324
2018-08-13,-0.005289540366103815,-0.0005558987978659669,-0.004733641568237849,0.08886290994591645
2018-08-14,-0.00379691508235083,-0.002663091827572161,-0.0011338232547786695,0.12243766245545464
2018-08-15,0.0059524394216408615,0.000802507301061078,0.005149932120579784,0.08710170213211052
2018-08-16,0.008204125232376725,0.002993178073385931,0.005210947158990795,-0.09205194861638995
2018-08-17,0.007739820296599993,0.002735541850362404,0.005004278446237589,0.18664441613962013
2018-08-20,-0.006563437125374491,-0.0019101182264733715,-0.004653318898901121,-0.027317480747370435
2018-08-21,0.013519739954427946,0.006586837102930222,0.0069329028514977225,-0.07731943932208687
2018-08-22,-0.002012837260418013,-0.002910308086857046,0.0008974708264390396,0.03453543669810436
2018-08-23,-0.0053594621543127646,-0.0039525148484504755,-0.0014069473058622886,-0.15673246716069197
2018-08-24,0.00222208326192175,-0.0002185015995917125,0.002440584861513463,-0.019783365492297658
2018-08-27,-0.009806643323005515,-0.004701589660524131,-0.005105053662481384,-0.028277464946159122
2018-08-28,-0.001292548153250516,1.6832070551421954e-05,-0.001309380223801936,-0.023218095098794213
2018-08-29,-0.0019416779260588908,-0.002710030047635506,0.0007683521215766159,-0.009422436451767973
2018-08-30,-0.001453074174286929,-0.0016771953149556772,0.00022412114066874822,-0.027403379207702788
2018-08-31,-0.0006887401998852974,0.000701064423317339,-0.001389804623202635,0.0642767216751165
2018-09-03,-0.002137096502890407,0.002287419476934097,-0.004424515979824503,0.12253427447578046
2018-09-04,0.004222167454931316,0.001221810121075962,0.0030003573338553543,0.006253526526327307
2018-09-05,0.008378963342707029,0.004747313587938326,0.0036316497547687066,0.24168151139708707
2018-09-06,0.0005210606156347766,0.0001488803653790175,0.00037218025025575856,0.005184128282986808
2018-09-07,0.022797027217909653,0.009087706376489941,0.013709320841419709,0.21876911301400817
2018-09-10,0.00040815732592615426,0.0006321607961129825,-0.00022400347018682563,0.027445855468683597
2018-09-11,0.01713265453054727,0.008452840534133949,0.008679813996413321,-0.08109651736183163
2018-09-12,0.00203478484278047,0.0012053990870910074,0.0008293857556894626,-0.021836087501405723
2018-09-13,-0.005479594455967162,-0.003565043165098357,-0.001914551290868807,-0.21484519645097785
2018-09-14,-0.0013222723799354076,-0.0023394107272745723,0.0010171383473391669,0.026965163493063916
2018-09-17,-0.010753983732411418,-0.0029443064680899494,-0.0078096772643214615,-0.1856389478600382
2018-09-18,0.0017071562632766826,0.0013502700933998302,0.00035688616987685287,-0.07859200029930084
2018-09-19,-0.009861092783441001,-0.002605409420605654,-0.0072556833628353475,0.020011654286308977
2018-09-20,-0.003953611097527948,-0.000528610652965382,-0.0034250004445625683,0.16046310143124792
2018-09-21,0.0012020963219806853,-0.0007749910812003408,0.0019770874031810257,-0.054724938174282756
2018-09-24,0.011605977181428926,0.005471734480204601,0.006134242701224327,-0.11768514728298911
2018-09-25,-0.004572254921577734,-0.00419506148498408,-0.0003771934365936541,-0.037788237988947135
2018-09-26,-0.006646349923258623,-0.002254037906100563,-0.004392312017158059,0.10268954229749275
2018-09-27,-0.0022588040771652426,-0.0008625478253453762,-0.0013962562518198668,0.09879602695031141
2018-09-28,0.006820392372124386,0.0013801962674084359,0.0054401961047159456,-0.12616801968907343
2018-10-01,0.006567154459545576,0.0026385630452963726,0.003928591414249201,-0.03248404103762914
2018-10-02,-0.006635210618402982,-0.0027481264817465004,-0.0038870841366564837,0.011811778154927966
2018-10-03,-0.0016427203039147144,-0.00048762586434540677,-0.0011550944395693078,0.05203924279185591
2018-10-04,0.0006051534405309713,-3.904909288082129e-05,0.0006442025334117921,0.11173544391883096
2018-10-05,0.00319357688244005,0.0014194185062035023,0.0017741583762365476,0.11359987220342262
2018-10-08,0.006252329665215473,0.0010284590116980041,0.005223870653517469,0.050528530547223956
2018-10-09,0.007542770058062861,0.004300447676862804,0.0032423223812000565,0.050557320941440054
2018-10-10,0.003017601001306617,-5.057523939161826e-05,0.0030681762406982345,0.13134101652056326
2018-10-11,0.002987590953190949,0.0009524396942700604,0.002035151258920889,-0.09549287361921802
2018-10-12,0.008395645844386943,0.0037646160370198058,0.004631029807367137,-0.2557657052724151
2018-10-15,-0.005868442221037831,-0.003543940111231318,-0.0023245021098065102,0.09644975198117389
2018-10-16,-0.011779517164650566,-0.004298851558785177,-0.00748066560586539,-0.047791912827715895
2018-10-17,0.004860557491502415,0.002857031183399069,0.002003526308103347,0.3122398801730963
2018-10-18,-0.0026160834724519902,-0.0017102264088816694,-0.0009058570635703195,-0.002042219912186681
2018-10-19,0.01769869977180774,0.007227105867158395,0.010471593904649343,0.08904598357924448
2018-10-22,-0.00011517017973593452,8.799055991935657e-05,-0.00020316073965529141,-0.1412729614617209
2018-10-23,0.004475610608761525,0.0008708385213504698,0.0036047720874110554,-0.02285111281290877
2018-10-24,-0.006683758912060599,-0.003769613980048353,-0.002914144932012244,-0.10482391063441115
2018-10-25,-0.0011167527091056565,-0.0023741648753505627,0.0012574121662449044,0.006939615518927486
2018-10-26,-0.0051819093468655104,-0.003218604468470599,-0.001963304878394908,0.09226665385087679
2018-10-29,0.00037462433242663054,0.0018278810133483506,-0.001453256680921719,0.13218269620009293
2018-10-30,0.004958209979698315,0.0012650511890526673,0.003693158790645648,-0.09088376840878626
2018-10-31,0.007518930827251651,0.0029758218044663915,0.00454310902278526,0.14328873035419587
2018-11-01,-0.004761993554034982,-0.0020854078900927374,-0.0026765856639422445,-0.13217888266491087
2018-11-02,0.0077453074983878595,0.003469733714248236,0.004275573784139624,0.0428998489892485
2018-11-05,-0.006678142441479592,-0.00496039204257984,-0.001717750398899754,0.06631005724697848
2018-11-06,0.0022876595711828537,0.00060604172368243,0.0016816178475004234,0.11220680177166842
2018-11-07,0.003425459360721631,0.0005361999978539325,0.0028892593628676976,-0.042899791574781375
2018-11-08,0.005687899569157387,0.0010073380512566187,0.004680561517900767,0.1794207411717979
2018-11-09,-0.002105364914695081,-0.0009826028864550018,-0.001122762028240079,0.030572283778848127
2018-11-12,0.01050225152767153,0.006484199628558035,0.004018051899113501,0.1377834565941694
2018-11-13,0.0016470576840299119,0.0006524663848166438,0.0009945912992132683,0.04731332917239524
2018-11-14,0.006577700599743,0.0030817128547693685,0.003495987744973632,0.0390521129709161
2018-11-15,0.002245692391218918,6.492692480271063e-05,0.0021807654664162076,-0.13211720835010318
2018-11-16,0.002001905913344983,-0.0007319147321793082,0.0027338206455242912,-0.09654247597886552
2018-11-19,-0.007814487026069962,-0.00373286396652716,-0.004081623059542801,-0.08938759735917004
2018-11-20,-0.004597112849523061,-0.003383176647929793,-0.0012139362015932678,0.09048061920974856
2018-11-21,-0.004240359933437534,-0.002081927896181551,-0.002158432037255982,0.050318484957821
2018-11-22,0.004366131687181853,0.002946416859412552,0.0014197148277693035,0.3717154442918384
2018-11-23,0.0021465625364353535,0.0004918362536472948,0.0016547262827880582,-0.11580480424996131
2018-11-26,0.022602984698013848,0.009529287621875458,0.01307369707613839,-0.07287557819986444
2018-11-27,-0.00499662326758006,-0.0014346445232491876,-0.0035619787443308733,-0.02616345281532884
2018-11-28,-0.002927754646313315,-0.0012087260032541888,-0.0017190286430591242,0.1064471712340238
2018-11-29,-0.0011656534928820152,0.00020111103078497387,-0.0013667645236669886,0.0374135176022048
2018-11-30,0.00476201144293202,0.0019284386806624847,0.0028335727622695356,-0.047462102855495375
2018-12-03,0.0017539787464910539,0.0012536115635907103,0.0005003671829003437,0.06319652319579157
2018-12-04,-0.0020003881570158427,-0.002308789319907956,0.0003084011628921137,0.07799494430207714
2018-12-05,0.002814480605072009,0.0010802899782134476,0.0017341906268585616,0.06900853646210027
2018-12-06,0.0034694485148318013,0.0005475937334788201,0.0029218547813529804,-0.16305654611727619
2018-12-07,0.003506578227667358,0.0033498534954238563,0.0001567247322435024,0.15528059856746063
2018-12-10,-0.008322837218856526,-0.0019510583625132905,-0.006371778856343235,0.005792077570706402
2018-12-11,0.010121024082914609,0.00851360762492508,0.0016074164579895252,-0.04910207268079842
2018-12-12,0.00034970544461859505,-0.0006173977801100594,0.0009671032247286545,0.14233025247361528
2018-12-13,-0.0025270603483314173,-0.0005793466890792777,-0.001947713659252141,-0.016145766439012964
2018-12-14,0.007104719142748847,0.003720321175365476,0.0033843979673833686,0.03475875145521992
2018-12-17,-0.0008315845516200216,0.000502905250711113,-0.0013344898023311368,-0.06092107282751147
2018-12-18,0.00167393487530005,0.001312726436118343,0.0003612084391817075,0.0027895427844504836
2018-12-19,-0.00311168485497497,-0.0023153337328954797,-0.0007963511220794896,-0.03469067892356084
2018-12-20,0.00012920633421855602,-0.0003831976866543437,0.0005124040208728999,-0.0787316527804385
2018-12-21,-0.0016528478342927796,-0.0010215707233203822,-0.0006312771109723975,-0.08130249274215427
2018-12-24,-0.004164071844353316,-0.0025850978463929086,-0.0015789739979604062,-0.02297697705018931
2018-12-25,-0.004178811563921622,-0.0033252827841784693,-0.0008535287797431525,-0.10385317394419288
2018-12-26,-0.0012702155969737362,-0.0008423785655965695,-0.00042783703137716685,0.03677143416034297
2018-12-27,-0.005316294443815977,-0.004391462163227944,-0.0009248322805880333,0.01117259401228782
2018-12-28,0.002202579576640672,-0.00021221931764960934,0.0024147988942902817,-0.1541512428525172
2018-12-31,0.0006968044654971852,0.00018885946549624874,0.0005079450000009368,-0.07858227345717048
2019-01-01,-0.008070649234990842,-0.004435284795003457,-0.0036353644399873854,-0.03150489352134364
2019-01-02,-0.005029498761824854,-0.0031330127755180384,-0.001896485986306816,0.04031914224593455
2019-01-03,-0.001703711333186361,-0.000209741212337142,-0.001493970120849219,-0.012013939195288228
2019-01-04,0.0025343623933440787,0.00030526293104875257,0.0022290994622953253,-0.1632228586062618
2019-01-07,-0.0006599271977684364,-0.001185458819112837,0.0005255316213444022,-0.03382952273913146
2019-01-08,-0.007924503446702194,-0.0031046109265451477,-0.004819892520157046,-0.10127324961825387
2019-01-09,-0.0018131222491924847,-0.0017181846751152642,-9.493757407721959e-05,-0.013204813714749616
2019-01-10,-0.0052805612941793185,-0.0018283991769425592,-0.0034521621172367584,-0.038437321806968475
2019-01-11,-0.0007579599007639301,-0.001242423993594025,0.00048446409283009473,-0.14771298584035045
2019-01-14,-0.0021975158596189634,-0.0001715191759619969,-0.0020259966836569665,0.07425815889276009
2019-01-15,-0.009048709464635292,-0.004998237794636519,-0.004050471669998773,0.013557076758414282
2019-01-16,0.004154940383976725,0.0003877542061575768,0.0037671861778191497,-0.03583934943447685
2019-01-17,0.0006131017180695676,-0.0014936376042142142,0.002106739322283782,-0.05738375177682421
2019-01-18,-0.0018133218355512746,0.0003487522629478249,-0.0021620740984991003,0.03399221887537974
2019-01-21,-0.0028471324131375863,-0.0009059563201374785,-0.0019411760930001104,0.06389818972586578
2019-01-22,0.0016695211129689048,-0.00022932487282554712,0.0018988459857944523,0.07985556785784323
2019-01-23,0.0031613459324741715,0.0024213380838732767,0.0007400078486008953,0.12721936857861188
2019-01-24,0.004136441243471222,0.0015244166745626364,0.002612024568908585,0.04669385634990072
2019-01-25,0.007109898882991803,0.003693259191148898,0.003416639691842905,0.09812176750266392
2019-01-28,0.002613150415412193,0.0014033775717790294,0.001209772843633165,0.28349291836673524
2019-01-29,0.0060029130241373,0.000791419184884231,0.005211493839253071,0.02202218313099279
2019-01-30,0.020136812695715444,0.004654721140257792,0.015482091555457649,0.0630949364672456
2019-01-31,0.0012542813335165706,0.0004408975959730582,0.0008133837375435132,-0.05335425729649366
2019-02-01,0.003187848024439078,0.0018541383615581011,0.0013337096628809782,-0.04787080700450254
2019-02-04,-0.003255095674765971,-0.0009088519953472452,-0.0023462436794187253,0.049817306066229104
2019-02-05,-0.002384089257132788,0.00017771443996045938,-0.0025618036970932474,0.07420617555703755
2019-02-06,0.0023987750783487694,0.0015216264695924065,0.0008771486087563608,-0.07232734058954081
2019-02-07,0.0038228296580399006,0.0010530930061284527,0.002769736651911447,0.2484124028742992
2019-02-08,-0.0036228245521705282,-0.0007610417745852818,-0.0028617827775852464,0.029054515436086566
2019-02-11,0.01721326524139556,0.0058139716063600605,0.011399293635035501,0.03499245956484625
2019-02-12,0.001620988300904583,0.0006864890926537581,0.0009344992082508247,0.1629575769150943
2019-02-13,0.0016888945952449202,0.0005584648396422042,0.0011304297556027163,-0.06018430666299592
2019-02-14,0.009124876983776474,0.004076444651795,0.005048432331981474,-0.03398761618556224
2019-02-15,-0.003926898339403143,-0.0029438860942785153,-0.0009830122451246282,0.00882226704137019
2019-02-18,-0.0017421515432724972,0.0009585060685994972,-0.0027006576118719927,0.049095970990198835
2019-02-19,0.000409067392909294,-0.0011261623163443084,0.0015352297092536046,0.04969611836064912
2019-02-20,0.0024709958971057583,-0.0004986011458493734,0.0029695970429551317,-0.26375043628508626
2019-02-21,0.0024848542534058275,0.0004876869664093087,0.0019971672869965188,0.20629242377405627
2019-02-22,-0.019354940218619162,-0.008152341724807638,-0.01120259849381152,0.11399466709426793
2019-02-25,0.013327319691104667,0.006837954579554967,0.006489365111549702,0.16351221783225917
2019-02-26,0.007976658283986431,0.005887951283067376,0.002088707000919057,-0.0341566057065038
2019-02-27,0.010238558187450373,0.004719621963154459,0.005518936224295914,0.07912155226765265
2019-02-28,-0.0016643564911751692,-0.0005637737245480501,-0.0011005827666271221,0.01249028843369819
2019-03-01,0.004131156318972559,0.0038000674294309394,0.0003310888895416194,0.12664144408727898
2019-03-04,0.0006354387932411749,0.0020953470781182306,-0.001459908284877056,-0.06410242619331462
2019-03-05,0.00671229245527412,0.0013821752587769628,0.005330117196497159,0.0260978718312736
2019-03-06,-0.00303749309024366,-0.0004869175689018977,-0.0025505755213417625,0.08678736275784939
2019-03-07,0.0013145868174316835,-0.001580494169633428,0.0028950809870651106,-0.13199743915729323
2019-03-08,0.004542605938325603,0.00338344709037074,0.001159158847954863,0.08785418299035416
2019-03-11,-0.006123918309558718,-0.002417758435921971,-0.003706159873636748,-0.05709746864454111
2019-03-12,0.004218756363655502,0.0023259168764124534,0.0018928394872430492,0.05157403884307654
2019-03-13,-0.0028002598169811453,0.00021988439139989258,-0.0030201442083810388,-0.05003350813603951
2019-03-14,0.002815391475484492,0.001481929231356035,0.0013334622441284576,-0.1118362764376742
2019-03-15,-0.0023525686706467284,0.0011476177127376554,-0.003500186383384384,0.023889751913127758
2019-03-18,-0.004940187483227442,-0.0022109952331587496,-0.0027291922500686933,-0.04230360424108178
2019-03-19,0.001128945737313493,0.00017999040432241376,0.0009489553329910805,0.11986844579321403
2019-03-20,-0.0018616203351007425,-0.002187984234931708,0.0003263638998309659,0.2228390088243818
2019-03-21,0.006936659621425802,-0.0006849041353210114,0.007621563756746812,0.05923350875219856
2019-03-22,0.015896890862022086,0.0020207179288982695,0.013876172933123817,0.06209062090712372
2019-03-25,0.002820071841962469,0.0028593116024719614,-3.9239760509492995e-05,0.007492241459170581
2019-03-26,0.0028807631129377518,0.002266421830665937,0.0006143412822718151,-0.08535130020838869
2019-03-27,0.0003153498110226471,0.0019183416575296623,-0.0016029918465070149,-0.04437335820904026
2019-03-28,-0.003564371427247602,-0.00286370577460463,-0.0007006656526429718,-0.08336665166363336
2019-03-29,-0.0020545812813464286,-0.00029953231797238684,-0.0017550489633740422,-0.03490251569859491
2019-04-01,-0.003852527649021955,-0.0020731279382076653,-0.0017793997108142886,-0.17342818199325177
2019-04-02,-0.001488369759505428,-0.002181034809734605,0.0006926650502291774,-0.1444898626762065
2019-04-03,-0.006739560297430829,-0.0018158322868770359,-0.004923728010553793,-0.11559327163473467
2019-04-04,-0.006278383363687202,-0.003211644314954934,-0.003066739048732267,-0.03522547919932147
2019-04-05,-0.005031107914418052,-0.0012838107427706764,-0.0037472971716473744,0.007560731117726644
2019-04-08,-0.0016977713924513544,0.00032962740165005337,-0.0020273987941014076,0.04312265575723747
2019-04-09,0.00033416558756932315,-0.0006046431244453726,0.0009388087120146948,-0.04331588761160684
2019-04-10,0.002075572030161274,0.001840661342937072,0.00023491068722420252,-0.09120740099346245
2019-04-11,-0.0018598813052333506,-0.0005584576686431704,-0.0013014236365901793,-0.10764404423904819
2019-04-12,-0.004248448520957205,-0.0009447596001981896,-0.0033036889207590132,-0.017975715617089532
2019-04-15,-0.005395816546221607,-0.0020825401841181295,-0.0033132763621034796,0.0074268943490506745
2019-04-16,-0.0008560456391587992,-2.2837846580796078e-05,-0.000833207792578003,0.13614283750429132
2019-04-17,0.000396630810310437,-0.0012382102661417996,0.0016348410764522384,0.2104655588041766
2019-04-18,0.007377696488654301,0.0023293675818361493,0.005048328906818151,0.007495169491685196
2019-04-19,0.011802887418393197,0.005465148944783789,0.006337738473609408,0.008801228162561401
2019-04-22,0.0003917757345241295,0.00045069338908993936,-5.8917654565809885e-05,0.027025395829376776
2019-04-23,0.0004354734389869434,0.002704931838974257,-0.0022694583999873143,0.10033373537445643
2019-04-24,0.0012318074387670677,6.091179337017194e-06,0.0012257162594300503,0.15292863308174628
2019-04-25,0.0055662093195505925,0.000828190876807201,0.004738018442743391,-0.05971207113020178
2019-04-26,0.008530932052572684,0.0032089849312543035,0.00532194712131838,-0.1542404400803202
2019-04-29,-0.0029815507839703066,-0.0015960453581174159,-0.0013855054258528907,-0.05891997455975
2019-04-30,-0.007870142205361533,-0.0018608337132650955,-0.006009308492096441,0.0003577597130338426
2019-05-01,-0.0032184203675453688,-0.002539502839764863,-0.0006789175277805044,-0.08112767788911909
2019-05-02,2.2269123054039072e-05,0.00014289195805920578,-0.00012062283500516649,0.068102104680715
2019-05-03,-0.004860053972748013,-0.002012380742900456,-0.0028476732298475596,-0.0632635365879704
2019-05-06,0.004706979182773538,0.001118830957229552,0.0035881482255439873,0.03240688096544783
2019-05-07,-0.0036791925115280105,0.00016369942225318707,-0.0038428919337811993,-0.02592838976630827
2019-05-08,0.001902731337558846,0.000462154119986746,0.0014405772175720998,0.12073042538857438
2019-05-09,-0.0013599317736573753,0.0014084538065104856,-0.00276838558016786,-0.04976727971628989
2019-05-10,0.006947064948938184,0.003673686549840124,0.0032733783990980606,-0.07583906796350726
2019-05-13,-0.00291095002883275,0.0005547536623699521,-0.0034657036912027015,0.11931562059635938
2019-05-14,-0.0041554518622238575,-0.00048328896222805083,-0.003672162899995807,-0.039845525680257544
2019-05-15,0.006488877280300138,0.0023420781520232,0.0041467991282769364,0.05608249025147806
2019-05-16,-0.002680285620813359,-0.0013354316804303837,-0.001344853940382973,-0.009779218411304583
2019-05-17,0.004042113803253965,0.0015646699642206888,0.002477443839033276,0.12981978345370446
2019-05-20,-0.0006768805316880876,0.0027019522478708194,-0.003378832779558908,0.049140526746636035
2019-05-21,0.009304809242057253,0.0034556836555214923,0.005849125586535761,0.19971464935002203
2019-05-22,0.004672000147490526,0.002567364215961418,0.0021046359315291113,-0.11651902343652641
2019-05-23,0.024965215245367045,0.017810990505569713,0.007154224739797338,-0.06031152239346543
2019-05-24,-0.008086815028766778,-0.0032075905390309273,-0.0048792244897358505,-0.06760090892648321
2019-05-27,-0.00429474944180439,-0.0006157489409575924,-0.003679000500846793,-0.11662317355694078
2019-05-28,-0.005849157736898021,-0.001952044687818847,-0.0038971130490791754,0.09523525748077448
2019-05-29,-0.010010989803630485,-0.005067754927897407,-0.004943234875733081,-0.06338908247361173
2019-05-30,0.00678493422040363,0.0018372653019227362,0.0049476689184808935,0.04516119072136256
2019-05-31,-0.004100167103113519,0.0024130062247702325,-0.006513173327883752,0.05835067295815101
2019-06-03,0.003110935755095195,0.001425729566241398,0.001685206188853797,-0.02825567771828677
2019-06-04,0.0035205736622964017,0.0010749930092523187,0.002445580653044083,-0.06326245966030572
2019-06-05,-0.0016644468832059866,-0.00047545243626528205,-0.0011889944469407054,0.10231640506985158
2019-06-06,-0.00439607184682711,0.0014390212329724456,-0.005835093079799555,-0.04051532150381983
2019-06-07,0.008063945919501768,0.00025859609434225345,0.007805349825159513,-0.0885888278402314
2019-06-10,-0.0023513399477684974,-0.0008223636217492558,-0.0015289763260192407,-0.0036103079998150867
2019-06-11,-0.006291187491360527,0.0011455355281799109,-0.00743672301954044,-0.016639714479166758
2019-06-12,-0.00029450335330836585,0.003800467093733162,-0.004094970447041525,-0.005346304696016625
2019-06-13,-0.0015210951920085697,0.0032321126359185215,-0.00475320782792709,0.07150281257245115
2019-06-14,-0.0005536131723705125,-0.011425987679452115,0.010872374507081606,-0.055983039838434154
2019-06-17,0.005777766369201788,0.00015571544676327292,0.005622050922438516,0.03600512784233592
2019-06-18,-0.004807355025893289,-0.004174817549366494,-0.0006325374765267996,-0.01299566835337383
2019-06-19,0.0024488353219660466,-0.0016523881634208093,0.004101223485386857,0.08595452410963095
2019-06-20,-0.0008190460374337752,0.00011911304568976502,-0.0009381590831235367,0.001438382951667425
2019-06-21,0.006329600286544009,-0.0026430980209526415,0.008972698307496649,-0.06503821176579505
2019-06-24,0.00010170755992541325,-0.0024094281191801258,0.0025111356791055386,-0.004362257747571376
2019-06-25,-0.004631692214753141,-0.0031244611158921277,-0.001507231098861013,0.01232621529018089
2019-06-26,-0.00042480943442221863,-0.004712647596706691,0.00428783816228448,0.09115055892767761
2019-06-27,0.0009973988891245047,0.004000762899013882,-0.0030033640098893755,-0.05373436799124076
2019-06-28,0.006224359169891257,0.0005142492080512824,0.005710109961839977,0.05024751182454727
2019-07-01,-0.00359953751945763,-0.001354860261814892,-0.0022446772576427375,0.10182827238428592
2019-07-02,0.0036708264124735318,0.004054171625976225,-0.00038334521350269317,-0.024121802621500408
2019-07-03,0.008338285229752024,-0.0002769488395941433,0.008615234069346174,0.06940001196241061
2019-07-04,-0.0017208196361010344,0.0008118878946338456,-0.002532707530734879,-0.2462537156341054
2019-07-05,0.004546805221900365,0.004131219088565903,0.00041558613333446404,0.16515314718060578
2019-07-08,-0.01625572129685438,-0.005261842897248149,-0.010993878399606229,0.2281589776679124
2019-07-09,0.010403254027373994,0.002685076599840906,0.007718177427533089,-0.05038309733285975
2019-07-10,0.01848906154449077,0.005773060860767031,0.012716000683723735,0.010204097324907752
2019-07-11,-0.0032751834946632653,-0.0007179175338561487,-0.002557265960807121,0.16718616409167306
2019-07-12,0.0005497334321895517,0.00023657026536054795,0.0003131631668290072,0.26822037250202013
2019-07-15,0.011007823524540104,0.005029802536188118,0.005978020988351986,0.18864362828743458
2019-07-16,0.016822150226698925,0.007091984604049786,0.009730165622649138,0.22009510379183408
2019-07-17,0.015343576760272325,0.0059954566199899445,0.009348120140282381,-0.21587506799029657
2019-07-18,0.015476840703781112,0.007646969445095575,0.007829871258685535,-0.37064981303597555
2019-07-19,-0.012615506771635513,-0.0052061945984290346,-0.007409312173206478,0.2292878198262978
2019-07-22,-0.02299566764038316,-0.009456154798820789,-0.013539512841562375,-0.20591986269308588
2019-07-23,0.014273450349401556,0.0063789139794385346,0.007894536369963023,-0.08982885609535257
2019-07-24,-0.011639135906731402,-0.005726877441210122,-0.005912258465521285,-0.05442980129861282
2019-07-25,-0.005487243465367487,-0.0037982711429295855,-0.0016889723224379014,0.21012356658647663
2019-07-26,-0.0036861491167598905,-0.0009507225904879374,-0.002735426526271954,0.22833625487080206
2019-07-29,0.01434745792475477,0.005958600079526914,0.008388857845227853,-0.15219433550126296
2019-07-30,0.015535060975800104,0.007388777534272162,0.008146283441527943,0.028857523474984492
2019-07-31,-0.007890480362130026,-0.002602641774864217,-0.0052878385872658085,-0.06406315835667414
2019-08-01,0.0017044174427716706,0.0001792063332210006,0.0015252111095506692,-0.048310897086087996
2019-08-02,-0.003938514015076064,-0.0015738431471879737,-0.0023646708678880897,-0.0583982458730225
2019-08-05,-0.003029128399529683,-0.0018650145622469473,-0.0011641138372827362,-0.015081252556191263
2019-08-06,-0.0035438332708518693,-0.0004180157903640805,-0.0031258174804877914,-0.016456632920229426
2019-08-07,-0.0009032001695540495,0.0005415166984351575,-0.0014447168679892078,0.13649394497867143
2019-08-08,-0.0010005179723891055,-0.0008133248893845979,-0.0001871930830045082,0.2160743838269277
2019-08-09,0.009082396038450033,0.0030622361907105345,0.0060201598477395,0.21695245955199163
2019-08-12,0.015215350857160706,0.005431581538596037,0.009783769318564665,0.21830873425708758
2019-08-13,0.015448607675970649,0.008320469908664184,0.007128137767306465,0.03953924506155599
2019-08-14,0.01819965503674533,0.011631270252963831,0.006568384783781498,-0.3335045121918984
2019-08-15,0.00298766831928795,-0.001246134348197899,0.004233802667485849,-0.13771226610563508
2019-08-16,-0.02402839332942277,-0.012944250536445892,-0.011084142792976873,0.05311362381083033
2019-08-19,-0.007937100452979337,-0.0019809747693510862,-0.005956125683628247,-0.04259385170392558
2019-08-20,0.0029473806089240296,0.0031997003123651405,-0.0002523197034411111,0.013695065551081525
2019-08-21,-0.0023239896743745304,-0.0013217917861303094,-0.0010021978882442228,0.05978612891256275
2019-08-22,0.0007478452400798306,0.0006421936716789799,0.00010565156840085016,0.0077662393707616404
2019-08-23,0.003302976140023917,0.004465217276825927,-0.0011622411368020103,-0.0038296024957648793
2019-08-26,0.00045398964631863936,0.0027210902450793923,-0.0022671005987607512,-0.0740996701267389
2019-08-27,-0.00021672208697041777,-0.0007184303002293769,0.0005017082132589574,0.157949996419127
2019-08-28,-0.004265062078031846,-0.0010609162936478268,-0.0032041457843840194,0.033853228213680774
2019-08-29,0.012170200467278904,0.004344568186997218,0.007825632280281686,-0.06086860182081638
2019-08-30,0.002043597608430676,0.002229933780287135,-0.00018633617185645837,0.1086733106817673
2019-09-02,-0.003961568233368349,-0.003679583012633301,-0.0002819852207350485,0.030595569736350196
2019-09-03,0.007219313427687252,0.0027459184908661186,0.004473394936821135,0.13727188220049683
2019-09-04,0.0018754692930438577,-0.0006414570157904503,0.002516926308834308,-0.09282435812710936
2019-09-05,0.008982288775877175,0.005224033729843264,0.00375825504603391,0.09904734288732028
2019-09-06,-0.005018488810977189,-0.0008807789159075707,-0.004137709895069612,0.06987618404431936
2019-09-09,0.0064734876623305905,0.0007295599219086621,0.005743927740421928,0.15838789602975276
2019-09-10,0.004464103611731211,0.0012314664569245636,0.0032326371548066484,-0.22189166724459758
2019-09-11,0.009874678411334402,0.0061698842491047495,0.003704794162229654,-0.10350466284471797
2019-09-12,-0.012330032547147969,-0.005257417119360796,-0.007072615427787168,-0.02243528049950654
2019-09-13,-0.006596438293886772,-0.0062207380663164835,-0.00037570022757028865,0.12228614860333199
2019-09-16,-0.0012978846194605961,3.0868382359196364e-05,-0.0013287530018197928,0.0012696327524601844
2019-09-17,0.007379856969694595,0.0022689799889552683,0.005110876980739327,-0.07567266609313958
2019-09-18,7.419989208419888e-05,0.0004325685267266813,-0.00035836863464248263,0.0419420364543819
2019-09-19,-0.0047579196414437195,-0.0044484094653080486,-0.00030951017613567076,0.1287467271452592
2019-09-20,0.0023514155242662354,0.0026610670728539386,-0.00030965154858770324,-0.007872522765019494
2019-09-23,0.00747936384347937,0.005294556902742259,0.0021848069407371107,0.12309554813441827
2019-09-24,-0.00046864001291602197,-0.0009399817291185111,0.00047134171620248936,0.016992264739569378
2019-09-25,0.0073786073036845815,0.004532173414657039,0.0028464338890275423,-0.006239949104730487
2019-09-26,0.0011820208752237192,0.00017498954865029638,0.001007031326573424,-0.015954872893867805
2019-09-27,-0.00035311138292147873,0.0003384249192137506,-0.0006915363021352261,-0.06992980838170532
2019-09-30,-0.0010023154861993518,4.3043512738165715e-06,-0.0010066198374731692,0.05332640166326777
2019-10-01,-0.0042614143590915645,-0.0040627665947654806,-0.00019864776432608304,-0.12625962275954955
2019-10-02,0.002787208328035018,0.0022116494991000534,0.0005755588289349653,0.12125339031529044
2019-10-03,-0.007360271579597263,-0.0026324714067997683,-0.004727800172797496,0.024356041732998497
2019-10-04,0.0076576328436745306,0.006010995545357555,0.0016466372983169758,0.12498444178864715
2019-10-07,0.0014056200482666548,0.0004658414302185659,0.0009397786180480893,-0.00043322410502544907
2019-10-08,0.008740030838229999,0.004635772364022699,0.004104258474207303,-0.08259821951661583
2019-10-09,-2.387249582852264e-05,0.0018958424631916326,-0.0019197149590201544,-0.07380036439749443
2019-10-10,-0.00521787914501113,-0.0028628647205087626,-0.0023550144245023663,0.0013774124690733036
2019-10-11,-0.004675010371772408,-0.00373167559939098,-0.0009433347723814284,-0.16667711322712864
2019-10-14,8.414492983993029e-05,-0.0006966154446544238,0.0007807603744943541,-0.08604007977446541
2019-10-15,-0.01066130221653206,-0.006221554560435959,-0.004439747656096102,-0.06680280709809867
2019-10-16,-0.006003200845139908,0.00041183679667836787,-0.0064150376418182775,-0.08302969339036785
2019-10-17,-0.004632084258541745,-0.001692007389263863,-0.002940076869277882,0.05904125536751231
2019-10-18,-0.0056168424276419986,-0.0019443202152946738,-0.0036725222123473213,-0.05524219321543109
2019-10-21,0.005071168152124806,0.00416755763796322,0.0009036105141615857,0.029554435575252353
2019-10-22,-0.0038905844072412324,0.0005930640534950044,-0.004483648460736241,0.053140746439537936
2019-10-23,0.0026357936600927044,0.00026364527380792497,0.0023721483862847786,0.08000778366242672
2019-10-24,0.004994851057470981,0.000307455246661089,0.004687395810809888,0.09404265934215233
2019-10-25,0.005997870241847572,-0.0025741726820895927,0.008572042923937165,0.059701329864505964
2019-10-28,0.007003339631357705,0.004291647673499614,0.0027116919578580915,0.03429304134688464
2019-10-29,0.004256002914223271,0.0013997138683607968,0.0028562890458624646,-0.043881831287818515
2019-10-30,0.0025765981520866794,0.0015454064982741225,0.0010311916538125587,0.09129836784010104
2019-10-31,-0.002695260982187025,0.0011070742555366877,-0.003802335237723712,0.14888106458470943
2019-11-01,0.00621977356810448,0.004427925144942836,0.0017918484231616433,0.10668149491309459
2019-11-04,0.011921610296332395,0.0014489604756518712,0.010472649820680524,-0.04198139973289713
2019-11-05,0.008227347106868843,0.0047364071011663685,0.0034909400057024738,-0.09009322533418418
2019-11-06,-0.0026059014198910576,-0.0014937893614798015,-0.001112112058411257,0.11322319984445475
2019-11-07,-0.005130198725944937,0.0005209517764958038,-0.005651150502440742,-0.11061964491312579
2019-11-08,0.00815000911961364,0.0034068530667445127,0.004743156052869128,-0.057031020863478346
2019-11-11,-0.007046579776109576,-0.0019042435635774051,-0.0051423362125321715,0.08926730069501902
2019-11-12,-0.004006120916394591,-0.0012713727316858645,-0.0027347481847087365,0.08360870694227893
2019-11-13,0.006991157494758394,0.0031702516743285004,0.0038209058204298927,0.06519018026658223
2019-11-14,0.005949745641298746,0.003967632703448307,0.001982112937850439,0.13974533812285503
2019-11-15,0.004765774713768732,0.0029006318630007896,0.0018651428507679422,0.03451489203322924
2019-11-18,0.010357755173219166,0.003339743721549814,0.007018011451669351,-0.013095895474853875
2019-11-19,0.00277524269447197,-0.0032335590966832087,0.006008801791155179,-0.013682896506612916
2019-11-20,-0.00096048845409215,-0.0019955095456851597,0.0010350210915930115,0.007485662840161489
2019-11-21,-0.0010533987725056422,-0.005066592429133746,0.0040131936566281026,0.00016275950840982873
2019-11-22,0.000500009057432421,-0.0018427725552514307,0.0023427816126838515,-0.09371073202362556
2019-11-25,9.658899277868163e-06,-4.020463347073622e-05,4.98635327486046e-05,0.02192622312717208
2019-11-26,-0.005660852473802895,-0.0007318135770955671,-0.004929038896707327,0.2228702105054433
2019-11-27,0.0014057196614514907,0.001894574637423976,-0.0004888549759724838,-0.05176347004806933
2019-11-28,0.015573048566389993,0.0030323285396417383,0.012540720026748255,0.056769852715470866
2019-11-29,-0.003223560514742289,-0.0034773112232966957,0.00025375070855440836,-0.06114734896745346
2019-12-02,0.003521246354875783,0.0019068457520127913,0.0016144006028629906,0.002489743209206871
2019-12-03,-0.003892974826955357,-0.0018953822096436758,-0.0019975926173116786,0.07659318379129683
2019-12-04,0.00019709151909436552,-0.0010648438338791825,0.0012619353529735497,-0.019407829459951405
2019-12-05,0.005573265532583936,0.0010150297561385413,0.004558235776445395,-0.060723719670934324
2019-12-06,-0.0012707421429423904,-0.00014898308442659602,-0.0011217590585157946,-0.047606033418579705
2019-12-09,-0.003889075666405639,-0.0003477778867378833,-0.0035412977796677545,0.0256003424757732
2019-12-10,-0.0028704227240145554,-0.0012612386090635227,-0.0016091841149510327,0.1306755090717846
2019-12-11,0.0013946760323151068,-0.00010049151460085701,0.0014951675469159651,0.09798274989429497
2019-12-12,0.008995597695947698,0.0026691580814184575,0.0063264396145292405,-0.07464996303424558
2019-12-13,0.0060083593648253076,0.0016866101737666207,0.004321749191058686,0.03268484464000856
2019-12-16,-0.004635798146893067,-0.00341755746166342,-0.001218240685229646,0.06500644709082021
2019-12-17,0.0025411606343080785,-0.0020858040712694852,0.004626964705577566,-0.03559303020328633
2019-12-18,0.005112525563672717,0.0005582989876236569,0.0045542265760490615,-0.023251279820758294
2019-12-19,-0.00299739261588186,-0.0062572165542649286,0.003259823938383064,0.023804289912720038
2019-12-20,-0.002439335824934468,0.001736167122743798,-0.004175502947678267,0.07730294388361843
2019-12-23,0.0014317642430134317,0.0023898204031218735,-0.0009580561601084427,-0.011070373778689635
2019-12-24,0.006017158033007579,0.002745575821041287,0.0032715822119662903,0.01163478712589517
2019-12-25,-0.0006754743445808349,0.0025609517186481554,-0.0032364260632289903,0.061959757405661495
2019-12-26,0.0005263355746206895,-0.0009402282171130788,0.0014665637917337694,-0.1675602756008977
2019-12-27,0.0033488859362723897,0.002281176502012877,0.0010677094342595127,-0.14080728234811551
2019-12-30,-0.00925897216012618,-0.004025585713284957,-0.005233386446841223,0.06522747525845554
2019-12-31,-0.007706423530715292,-0.003634631432543837,-0.004071792098171455,0.09201373578594255
2020-01-01,0.0031558788717918835,0.00039455637646551925,0.0027613224953263633,0.015610800930739929
2020-01-02,0.0050112255148245105,0.004061280157023826,0.0009499453578006847,-0.019299736351316717
2020-01-03,0.0007248885820550798,0.0012051313404175604,-0.0004802427583624827,0.03967972314314924
2020-01-06,-0.0009622361141127477,-0.0005695163186565525,-0.00039271979545619454,-0.04103428594640121
2020-01-07,0.002386690203507894,0.0009427767379300966,0.0014439134655777949,-0.040928937137658286
2020-01-08,-0.0023257083167155684,-0.0005432634954942103,-0.0017824448212213559,-0.0983976106946201
2020-01-09,-0.0019526964113111044,-0.0017465113487154585,-0.00020618506259564504,-0.17358073206875937
2020-01-10,-0.005803256102862107,-0.0019912569728580687,-0.0038119991300040387,-0.022917176621169363
2020-01-13,-0.010283177210102173,-0.005376456453431943,-0.00490672075667023,0.1488538501667295
2020-01-14,-0.0011832552082092784,0.0003146971123485741,-0.0014979523205578531,0.07719177951841948
2020-01-15,0.008000152988161379,0.004104777740864499,0.0038953752472968804,-0.008873380022762944
2020-01-16,0.0041639622952248986,0.0011608838064658686,0.003003078488759031,-0.025804286752517464
2020-01-17,-0.00044960699361226995,-0.00034171048217133894,-0.00010789651144093118,-0.11806416329635194
2020-01-20,-0.0013947801993435785,-0.0015699621279280833,0.00017518192858450438,0.13272706920128202
2020-01-21,-0.0060215539205654214,-0.0021391007546562903,-0.003882453165909133,-0.10282962614434064
2020-01-22,0.006719062542786694,0.001694908771829786,0.005024153770956906,0.08540516058309729
2020-01-23,-0.004955894707114699,-0.0020177360639825736,-0.002938158643132126,0.0492915935685328
2020-01-24,0.0041692586238379625,-0.00023308910524701305,0.004402347729084976,0.0792781595633009
2020-01-27,0.00284230384279245,0.004440321684849934,-0.0015980178420574843,0.087696183940186
2020-01-28,0.004431939044471164,0.003345542168252256,0.0010863968762189083,0.07689175211224096
2020-01-29,0.005237191396275372,0.0018323279380938742,0.0034048634581814977,0.13346309624401279
2020-01-30,0.004541253916651696,0.0025483919569303385,0.001992861959721357,0.141394533559279
2020-01-31,0.009031687672781273,0.005951521238275203,0.0030801664345060688,-0.2507266272538079
2020-02-03,0.010426340668722727,0.007389531431071527,0.003036809237651202,0.04593053806263971
2020-02-04,-0.014140569977078552,-0.008038792980249022,-0.006101776996829528,0.016093056965588392
2020-02-05,0.0023241617686281437,0.0019132990529142626,0.00041086271571388064,0.08176256157756831
2020-02-06,0.0009350207492010243,0.0018009645836849601,-0.0008659438344839308,-0.1763372721250161
2020-02-07,0.004777132597269102,0.000839306144536295,0.003937826452732808,0.0371280233656942
2020-02-10,-0.01011897489476006,-0.00309051331995543,-0.007028461574804631,0.10454066568315953
2020-02-11,0.0020641385930085052,-0.00012619458316072245,0.002190333176169226,0.09415273830989325
2020-02-12,0.006603510308775846,-2.137340558181454e-05,0.00662488371435766,0.08038597264939598
2020-02-13,0.005180519271567422,0.0030726041107412222,0.0021079151608261997,0.15366069006770244
2020-02-14,0.004372208551232112,0.003223796437157143,0.0011484121140749686,0.1308477511858465
2020-02-17,0.009971260174466439,0.004472302324254737,0.005498957850211703,0.030234049356946194
2020-02-18,0.007542978368591443,0.002625756724209118,0.0049172216443823255,-0.11641166193979584
2020-02-19,0.0016616321394209235,-0.00027365094916761415,0.0019352830885885376,0.09178768010061994
2020-02-20,-0.006819253966638157,-0.0038761471295662947,-0.0029431068370718615,0.1792340881318101
2020-02-21,0.005103273250625741,0.003233946561337086,0.001869326689288655,-0.007262513590933576
2020-02-24,0.010833480623868972,0.006567128515068024,0.004266352108800947,-0.0995051394305587
2020-02-25,-0.00038221820490821424,-0.0010841497766247731,0.0007019315717165591,0.015418091771717669
2020-02-26,-0.0055209985840617305,-0.005401141297159226,-0.00011985728690250622,-0.11785494542312801
2020-02-27,0.0008241699918959733,-0.0019776897632975124,0.0028018597551934836,-0.058480472381743254
2020-02-28,-0.005690973922887391,-0.004712178622364508,-0.0009787953005228828,-0.17369716858991008
2020-03-02,-0.002989575675361666,-0.002475268706629276,-0.0005143069687323898,-0.02617693834207359
2020-03-03,-0.00867514559890076,-0.0036521235030347633,-0.005023022095865996,-0.20869418720813673
2020-03-04,-0.0014768244280308855,-0.003381019201672628,0.0019041947736417432,0.07359902545730818
2020-03-05,-0.011467444383477736,-0.007746592080047698,-0.0037208523034300365,0.08708453370890101
2020-03-06,0.004114310910990068,0.0027492351103230676,0.001365075800667,-0.04550590375737464
2020-03-09,0.004901841969120529,0.0028575036910937646,0.0020443382780267645,0.07556340268184088
2020-03-10,-0.0025881699573079625,4.8774754002407945e-05,-0.0026369447113103704,0.023837516995579233
2020-03-11,0.004601998884457311,0.001567861066579225,0.003034137817878084,0.024439882152775823
2020-03-12,0.001400254793147567,0.0017448095584927325,-0.00034455476534516545,-0.03952748733249161
2020-03-13,0.0014513584127857477,0.0001756890741535233,0.0012756693386322196,-0.02296028987613518
2020-03-16,-0.0026210118413972317,0.0003523342003997412,-0.002973346041796974,0.14615611862931804
2020-03-17,-0.0013502408621016765,-2.9209618079990656e-05,-0.0013210312440216857,-0.1260285910289268
2020-03-18,0.009363550220798728,0.003880927654969964,0.005482622565828767,-0.01824801616960018
2020-03-19,-0.007836147290688503,-0.003130005216244144,-0.004706142074444359,-0.05542918295200035
2020-03-20,-0.0011547507128483957,-0.00025874593875254695,-0.000896004774095849,0.10309877621927988
2020-03-23,-0.0035344116847618587,0.002079001139491986,-0.005613412824253842,0.02458199552255287
2020-03-24,0.0068370335954843695,0.0028651454726295496,0.003971888122854816,0.09994429287443819
2020-03-25,0.0017210536660248426,0.0048078803236368045,-0.003086826657611963,0.06799447678905064
2020-03-26,0.007874656413872258,0.0058397923777053305,0.002034864036166928,0.09852699581239126
2020-03-27,0.004932742179223577,0.0028343254526550336,0.0020984167265685437,-0.14902374588345157
2020-03-30,0.007390406964771939,0.00607919139988854,0.001311215564883398,0.09138104973052359
2020-03-31,-0.013329069722799632,-0.012096034404659683,-0.0012330353181399503,-0.017129179326045532
2020-04-01,0.0058099258735546085,0.005858721564812012,-4.879569125740193e-05,-0.02251700824801995
2020-04-02,-0.0010389801459045266,-0.0006081921213940359,-0.00043078802451049225,0.008606300188946097
2020-04-03,-0.0018058415225440708,0.003303086238390613,-0.005108927760934686,0.12338395483879366
2020-04-06,0.0006230182496755577,0.002148063181490147,-0.0015250449318145892,0.18237158354466712
2020-04-07,0.009002743394221408,0.003657329303962351,0.005345414090259055,-0.14691246499202082
2020-04-08,0.014477375136320358,0.01215368678788727,0.0023236883484330888,-0.0024229933441170977
2020-04-09,-0.011481851654261212,-0.008353619159231267,-0.0031282324950299483,0.04216457326547257
2020-04-10,-0.00028974647580825707,-0.0005158656732494292,0.0002261191974411679,-0.028368411906540745
2020-04-13,0.0029843442286553905,0.0029903426001645465,-5.998371509156886e-06,-0.06488823785130692
2020-04-14,-0.0021346353639104766,-0.0008209268000827601,-0.0013137085638277209,0.007944117789962853
2020-04-15,-0.005432077067143201,-0.009650392469414543,0.0042183154022713415,-0.009895674036947192
2020-04-16,0.0005576140387226342,-0.0017532335614568644,0.0023108476001794994,-0.061135799174914136
2020-04-17,-0.0006183418724002598,0.002156563163284008,-0.002774905035684269,0.08097265701959364
2020-04-20,-0.004393766487384359,-0.006681633878855458,0.0022878673914710993,0.03023464811841399
2020-04-21,0.005574722484357612,0.0068818460930083645,-0.0013071236086507516,0.10003085673791812
2020-04-22,0.0019932314087058034,0.003285623629767106,-0.0012923922210613028,0.12114515436239526
2020-04-23,0.007614316299090533,0.005733791662888827,0.0018805246362017056,0.009703736422369246
2020-04-24,0.009822504185621144,0.010058827854280274,-0.00023632366865913162,0.03438515493534206
2020-04-27,0.0007992482174987794,-0.002513069915943531,0.003312318133442311,0.09953000535099342
2020-04-28,0.0025364396958892765,0.0014510770428439207,0.0010853626530453555,0.15194196657560755
2020-04-29,0.007467545687024258,-0.002252233298634521,0.00971977898565878,0.04477189406049624
2020-04-30,0.012272122383525427,0.006536127599483785,0.005735994784041638,0.06317048788589963
2020-05-01,0.004124214480379074,0.002957231039916007,0.001166983440463067,0.09848290474262432
2020-05-04,0.004818820996531605,0.005563151494540679,-0.0007443304980090755,0.09160758327371185
2020-05-05,0.007540797418115178,0.0049161338598135255,0.002624663558301654,0.16171165273790838
2020-05-06,0.006567630548874521,0.004551883688345963,0.002015746860528557,0.05513865911471722
2020-05-07,0.012852060024449117,0.002850444488524388,0.010001615535924727,-0.14470764162581637
2020-05-08,0.003952106011935498,0.003947122091941994,4.983919993503325e-06,0.08046002341376925
2020-05-11,-0.009072867385475603,-0.001719740425753815,-0.00735312695972179,-0.24840799353153892
2020-05-12,0.004813848257199991,0.002260171598807592,0.002553676658392399,-0.20299576749530823
2020-05-13,-0.019568628402703316,-0.01351512810323217,-0.006053500299471149,-0.16119999534812837
2020-05-14,-0.015061499991097944,-0.012705598272782817,-0.0023559017183151267,0.031905015918802224
2020-05-15,-0.013249010916459816,-0.011355883055829012,-0.0018931278606308007,-0.0888164334202162
2020-05-18,0.002166121198631823,0.002787737462492317,-0.0006216162638604953,0.11552007481268468
2020-05-19,-0.005785242902244858,-0.006886033496912189,0.0011007905946673329,0.03623839149932002
2020-05-20,0.007458163612538557,0.005071836047303522,0.0023863275652350373,-0.13075367616460462
2020-05-21,0.0023404881899882924,-0.0012238454691443851,0.0035643336591326775,-0.003914506903060073
2020-05-22,-0.008100971672536747,-0.0017300898044894028,-0.006370881868047344,-0.09708620063501948
2020-05-25,-0.0002526973262698454,-0.0012239710299863371,0.0009712737037164913,0.02640110942339341
2020-05-26,-0.005369648799616936,-0.0011958255192926221,-0.004173823280324318,0.04518678327679331
2020-05-27,0.0017712910027384478,-0.003232730930526938,0.005004021933265388,0.03871132010448756
2020-05-28,0.0030049227346610943,-0.001795924536327988,0.004800847270989082,0.13255471415301776
2020-05-29,0.002836372603291498,-0.003208291441389826,0.006044664044681323,-0.0608006383662402
2020-06-01,0.01000364691822474,0.0020272511885519803,0.007976395729672757,-0.058119371134800084
2020-06-02,-0.004027108541330382,0.001971728178617087,-0.005998836719947468,0.10679196039535124
2020-06-03,-0.003349467483620855,0.00038791290525916344,-0.0037373803888800204,0.14836392222431752
2020-06-04,0.006796887924697825,0.004098834074396292,0.0026980538503015338,0.03601072514823824
2020-06-05,0.01011371485087178,0.003338185642667138,0.0067755292082046425,-0.13796544192964552
2020-06-08,0.002259735458378249,-0.0021643872496816194,0.0044241227080598685,-0.021638208752211622
2020-06-09,-0.008293733890477897,-0.0036126797248144707,-0.004681054165663426,0.029023872275807543
2020-06-10,-0.0013428801341116184,0.0016814642791875816,-0.0030243444132991995,0.05809411951656747
2020-06-11,0.0016108268174816255,-0.0021021591819836098,0.0037129859994652365,-0.03711584979902426
2020-06-12,0.0036721467875372917,0.0027550034229870887,0.0009171433645502047,0.00549864544944877
2020-06-15,-0.00272912246473272,-0.005589819618292163,0.002860697153559442,-0.04133529071487801
2020-06-16,0.0003924307104009807,-0.0027823873987039578,0.003174818109104938,-0.051108253354021776
2020-06-17,-0.0027586076932764538,-0.001307756134655755,-0.0014508515586206996,0.011832188515344495
2020-06-18,-0.003070034705478432,0.0013370872347587635,-0.004407121940237194,-0.01922495598185089
2020-06-19,0.000751371435037247,0.00264704482165725,-0.0018956733866200026,0.11783967227890041
2020-06-22,-0.0012253716453122275,0.0016722876975146916,-0.00289765934282692,-0.03128407752572931
2020-06-23,0.007415640436585248,0.003184243528746573,0.004231396907838676,-0.09551106210499759
2020-06-24,-0.0018091967885415284,0.0002700373653399856,-0.0020792341538815144,-0.004936615441925258
2020-06-25,-0.005643811989894494,-0.0037588551577298537,-0.0018849568321646398,-0.11893063920535077
2020-06-26,-0.00028171595835257913,-0.00039869206348015947,0.00011697610512757979,0.09637670627245894
2020-06-29,-0.0068473047354487525,-0.003392062932711914,-0.0034552418027368383,0.017437181682036847
2020-06-30,0.00597001099197524,0.0037232227224937337,0.0022467882694815087,0.06587597946489643
2020-07-01,0.0009441559025369262,-0.00033266049257289553,0.001276816395109822,0.06695655293116334
2020-07-02,0.004594104924221673,-0.00011247073870501723,0.00470657566292669,-0.025729235294716653
2020-07-03,0.004299721661671136,0.0008286386652741314,0.003471082996397006,0.11272129947840591
2020-07-06,-0.0014563055635146858,0.0002812918536555867,-0.0017375974171702745,-0.11996412301158695
2020-07-07,0.006896087273155651,0.0014763711797753606,0.005419716093380289,-0.10015340564226533
2020-07-08,-0.007123467692486313,-0.005444166800745562,-0.0016793008917407523,0.013715998352262088
2020-07-09,-0.006087845458681314,-0.0016715460455753884,-0.004416299413105928,0.13216537934246497
2020-07-10,0.0007520046927233001,0.0006474033954815194,0.00010460129724177997,0.04688013717383458
2020-07-13,0.008091273663284507,0.003982961197796601,0.004108312465487907,-0.030041222150589915
2020-07-14,0.0025288017009230668,0.0008262792129577774,0.0017025224879652899,0.020116498297568848
2020-07-15,-0.0018286674460790127,0.000984433997240703,-0.002813101443319716,0.17002818300373243
2020-07-16,0.0013630170664639695,-0.0010358884209978503,0.0023989054874618203,0.09164813148386336
2020-07-17,0.011808500801660269,0.00618633707104976,0.005622163730610508,0.006282480292847603
2020-07-20,0.006900516414127721,0.005366940954753046,0.001533575459374675,0.10883041029057745
2020-07-21,0.0004234847058292243,-0.00024358121413782345,0.0006670659199670475,-0.1266230114933701
2020-07-22,0.008319342190156623,0.006474359909093932,0.0018449822810626898,-0.15630207560694265
2020-07-23,-0.008750870430164445,-0.0021362969858436517,-0.006614573444320795,0.005842126498587064
2020-07-24,-0.01174679036670904,-0.007703197674955943,-0.004043592691753096,-0.020407514980785635
2020-07-27,0.0004562388902537699,0.002443208457507229,-0.0019869695672534594,0.03229937349380413
2020-07-28,-0.0014674626710264108,-0.0016505662763456725,0.0001831036053192626,-0.013042249689985646
2020-07-29,0.0018728876707247823,0.002595113841782546,-0.0007222261710577646,-0.07539526809138973
2020-07-30,-0.0008929729576536145,-0.002861803424954167,0.001968830467300553,0.04135653343504023
2020-07-31,-0.0045052420021817665,-0.0018402153539190964,-0.0026650266482626684,0.046508382331114276
2020-08-03,0.0027393750433579245,0.0037180365595072947,-0.0009786615161493702,-0.06766700970732528
2020-08-04,0.002773688602714097,0.002909401177987667,-0.00013571257527356887,0.04746666147792038
2020-08-05,-0.004159781894580794,-0.0002199727706200178,-0.003939809123960776,-0.061051629765104254
2020-08-06,0.0031251770171924027,0.001625850904663815,0.0014993261125285876,0.011035541952682382
2020-08-07,-0.003406905274658405,-0.00020074683535446498,-0.0032061584393039393,-0.02349174094444832
2020-08-10,0.0007367502315147388,-0.0008025447409829231,0.0015392949724976623,0.02832303092024001
2020-08-11,-0.00131694924005623,0.00017288812058305954,-0.001489837360639291,-0.003681242736368496
2020-08-12,0.0015775108472768163,0.0007991384503989582,0.0007783723968778572,0.011177759247522104
2020-08-13,-0.0002232927845869921,0.0006667590397454815,-0.0008900518243324705,-0.028175998848882004
2020-08-14,0.0006909883770945459,0.0012239997041287194,-0.0005330113270341731,-0.105565758205149
2020-08-17,-0.0017992843072708966,0.002117242931454665,-0.003916527238725563,0.04373903724256375
2020-08-18,-0.0062568545182334475,-0.0042965582365176195,-0.0019602962817158263,0.063512141884416
2020-08-19,0.0028399830969618647,-0.0015161893828146943,0.004356172479776559,0.14269329313008766
2020-08-20,0.004099617076438154,-0.0006523636407918609,0.004751980717230015,0.033512413555937995
2020-08-21,0.009341052511907772,0.004889370844107733,0.004451681667800037,-0.020756501552210992
2020-08-24,0.002173640051539678,0.0002720830516382156,0.0019015569999014641,0.00990672797788173
2020-08-25,-0.0013722887543850869,-0.005238693358702815,0.0038664046043177277,0.0013351950595003003
2020-08-26,0.000611468091366156,-0.0002261747968837105,0.0008376428882498673,0.031213297185138225
2020-08-27,3.29238321039641e-05,0.0006255325943916069,-0.0005926087622876441,0.10711477154876792
2020-08-28,0.0021148612570694916,0.0014458167009049156,0.0006690445561645759,-0.08083233178712398
2020-08-31,0.00810587642967264,0.003211715979326335,0.004894160450346306,0.11153316616892232
2020-09-01,-0.005670261370486309,-0.009485393692551526,0.0038151323220652223,0.03159462905821018
2020-09-02,0.0076418130085441766,0.008159025065246009,-0.000517212056701832,-0.006588561670787541
2020-09-03,0.0020482012295939553,0.0030061334151355833,-0.0009579321855416288,0.0017575338924281595
2020-09-04,-0.0004998994217758285,0.0031201728238238764,-0.0036200722455997057,-0.03708880102296353
2020-09-07,0.00011677469536509769,-3.322944648330439e-05,0.00015000414184840154,-0.057127053989802404
2020-09-08,-0.002327403817897181,0.00024775310546794284,-0.0025751569233651247,-0.085623479700044
2020-09-09,-0.004115015998968597,-0.006018135688367847,0.0019031196893992495,0.04075889586846492
2020-09-10,-0.005248349781200265,-0.00011497704570184297,-0.005133372735498421,0.026687277605937355
2020-09-11,0.0029884320193015535,0.002644736502522573,0.0003436955167789805,0.06432303467509273
2020-09-14,0.0017220441014940923,9.186149302446191e-05,0.001630182608469628,-0.006198066448243355
2020-09-15,0.004146418328852094,0.0046926799304753365,-0.0005462616016232427,0.004569029183046292
2020-09-16,-0.000415992190978359,-0.00022490307213374888,-0.0001910891188446097,-0.002202391841887761
2020-09-17,0.0003032115728316535,-0.0011185804014639533,0.0014217919742956064,-0.07314339670357643
2020-09-18,-0.00016090435983094208,0.0013303205752130207,-0.0014912249350439617,0.10331090148711751
2020-09-21,-0.004605396926281048,-0.004015670173843888,-0.000589726752437161,0.01585351920380161
2020-09-22,0.00674804282656267,0.0061431969552643816,0.0006048458712982875,-0.09504605301733413
2020-09-23,0.0011875637064474632,0.0029927900258232415,-0.0018052263193757774,-0.013539286871977177
2020-09-24,-0.006872168800298494,-0.004580073387658248,-0.002292095412640246,-0.05258407422747296
2020-09-25,-0.0010085430276083084,0.0028156977796723777,-0.003824240807280683,0.0052310255793170226
2020-09-28,-0.00381305335803997,-0.0028151517288546426,-0.000997901629185326,0.11245087401168623
2020-09-29,0.0003973719037308397,0.0021375001704619385,-0.0017401282667310995,-0.07668279223311292
2020-09-30,0.00866716100107463,0.007451833443993285,0.0012153275570813459,-0.01450592349797654
2020-10-01,-0.005425879444572171,-0.0036153318929756095,-0.0018105475515965616,0.0005537487723634746
2020-10-02,-0.0011342469219462977,-0.0012951658104657733,0.000160918888519476,0.08885051947721478
2020-10-05,1.592775027393521e-05,0.00304019201516625,-0.0030242642648923143,0.0021062396506960324
2020-10-06,0.006139285197556414,0.008034286577276667,-0.0018950013797202538,0.07403542566970588
2020-10-07,0.00014835765300279897,-0.0001160223520154189,0.00026438000501821744,0.12927430809246865
2020-10-08,0.0055919640201240375,0.0023832024618809407,0.0032087615582430985,-0.09265097351563309
2020-10-09,0.010244207102655632,0.005660084876558941,0.004584122226096693,0.10000718988765288
2020-10-12,-0.007385769690814425,-0.006392340729878425,-0.000993428960936002,0.07747469190087346
2020-10-13,0.008357536639125127,0.005557589802728226,0.0027999468363968973,-0.03475168518580398
2020-10-14,0.006075984297141193,0.009452433883141577,-0.0033764495860003872,-0.0665704245282051
2020-10-15,-0.002788347582967276,-0.002512583095189473,-0.00027576448777780205,-0.10693305929970613
2020-10-16,-0.005516629086915746,-0.0028939482767532908,-0.0026226808101624532,0.16795996324068685
2020-10-19,-0.009329751598044342,-0.00986673236590297,0.0005369807678586276,0.12043449054399169
2020-10-20,0.013311519114994608,0.012680402684599815,0.0006311164303947972,0.024707202082373095
2020-10-21,0.008530853309421518,0.005111940678814487,0.0034189126306070315,-0.13257553083429893
2020-10-22,0.0017561480235843872,0.0027746562927693594,-0.0010185082691849725,-0.050935455290174264
2020-10-23,-0.009600629425641846,-0.0070033615028334065,-0.002597267922808441,0.042819175441501635
2020-10-26,-0.003298904199994541,-0.002787723355229024,-0.0005111808447655179,-0.003373626924772082
2020-10-27,0.0030877146344627836,0.003583955114776884,-0.0004962404803140977,0.015629319171547293
2020-10-28,-0.0002438252657824356,0.001153013298543842,-0.0013968385643262776,-0.026379601815628564
2020-10-29,0.001035585748764657,0.00021374071203850826,0.0008218450367261477,0.013558927432331419
2020-10-30,-0.0020427564576280697,-0.005147061555705536,0.0031043050980774653,0.005520157596632062
2020-11-02,0.0009115750730896766,-0.0025913795645909447,0.003502954637680619,0.010756691041480448
2020-11-03,0.00038907464927240894,-0.0012302120220838708,0.001619286671356279,-0.005657138192740609
2020-11-04,0.0007277446471873956,0.004604817314461244,-0.0038770726672738482,-0.06468023901002408
2020-11-05,-0.0004101341809422008,0.0009493521136471849,-0.0013594862945893857,0.1114799603504202
2020-11-06,-0.004872667062328723,-0.00011352479580338179,-0.004759142266525344,0.051298763957519714
2020-11-09,0.007364478609616532,0.0077684929319918675,-0.0004040143223753359,-0.02302450137976872
2020-11-10,0.003635666925778442,0.00385443541895222,-0.00021876849317377812,0.04540904552387237
2020-11-11,-0.0017340018404229077,-0.003089313690903115,0.0013553118504802076,-0.00872400699605496
2020-11-12,0.003567691139088106,0.003930890724302592,-0.00036319958521448606,0.11512690273252608
2020-11-13,-0.0007235712048481928,0.0022732349001622623,-0.0029968061050104564,-0.031600320858807845
2020-11-16,0.009933946318346336,0.0037174929870068237,0.006216453331339513,0.07395997203298495
2020-11-17,-0.0029433202478519865,-0.010249596915932744,0.0073062766680807596,-0.0575998898133225
2020-11-18,0.005902694048442529,0.005727687833827046,0.00017500621461548002,0.03985374337522914
2020-11-19,-0.004827880977237786,-0.008167016591675059,0.003339135614437272,0.15485185065400192
2020-11-20,0.002955153643935787,0.0013463751227795907,0.0016087785211561963,0.04471057846375971
2020-11-23,0.010409824063800636,0.010299255272054424,0.00011056879174620865,0.19171478144478957
2020-11-24,0.0034116993118188826,-0.001038898561895445,0.004450597873714327,-0.06310093507788679
2020-11-25,0.014489657718068705,0.009137814575000416,0.005351843143068288,0.1822692530393492
2020-11-26,-0.004201949277765478,0.0030240570144126557,-0.007226006292178134,-0.18529385379187382
2020-11-27,0.014094470621799655,0.006268270515885467,0.007826200105914187,0.0588168197829406
2020-11-30,-0.014677005692321592,-0.004183664980099099,-0.010493340712222491,0.09997930344993199
2020-12-01,0.004056142870048457,0.00329230529951969,0.000763837570528769,-0.014821041249447834
2020-12-02,0.007386475217612039,-0.0016641820223090645,0.009050657239921104,0.0634847308041787
2020-12-03,-0.001096518846978773,-0.0007502114201006528,-0.00034630742687811935,-0.011429995233660254
2020-12-04,0.004897402362301835,0.004399054715514904,0.0004983476467869327,-0.09280092647343821
2020-12-07,-0.0008701632807399248,-0.0032845355032900952,0.0024143722225501707,-0.10557121108688794
2020-12-08,-0.007316316278506523,-0.006375023402144325,-0.0009412928763621979,0.12662878520735465
2020-12-09,-0.009810295421497903,-0.010265747613901133,0.0004554521924032308,-0.002440216462327579
2020-12-10,0.009149686770764383,0.005822126559719152,0.0033275602110452306,-0.0458218986997428
2020-12-11,-0.0001652405252775043,-0.0045213376027199645,0.0043560970774424584,0.041325658536438464
2020-12-14,-0.0027520000194028236,0.0014705825406427543,-0.004222582560045578,-0.0061538152254721565
2020-12-15,0.003263019817596565,-0.005177338037027553,0.008440357854624119,0.04774754232099475
2020-12-16,-0.0004575265123439344,-0.0036241958109796326,0.003166669298635698,-0.08961016659373709
2020-12-17,0.0031424256387837766,-0.0030856052798413115,0.006228030918625088,-0.15793691515964867
2020-12-18,-0.0063156045244517085,-0.0031195562051449894,-0.0031960483193067195,-0.034675118700116775
2020-12-21,-0.009647615374714293,-0.003610154548892525,-0.006037460825821768,-0.10270459560037369
2020-12-22,-0.002485755468218051,0.0018019592010360902,-0.00428771466925414,-0.06296026326745133
2020-12-23,-0.007397575879922489,-0.0007637608169686894,-0.006633815062953798,-0.01704248665003524
2020-12-24,-0.003885191310914607,0.001793796643513237,-0.005678987954427845,0.0020628155874111865
2020-12-25,-0.0011181959547552811,0.0012257418368348638,-0.002343937791590145,0.11559847261662184
2020-12-28,0.00011705745275648926,0.0009037793138431116,-0.0007867218610866228,-0.06171394170814004
2020-12-29,0.00809076549152309,0.0009083831791383608,0.007182382312384734,-0.08099648606551782
2020-12-30,-0.0043300642996481325,0.0020416712870611345,-0.006371735586709267,0.06232948840094091
2020-12-31,-0.004855008762617638,-0.0022055949210946684,-0.0026494138415229696,0.1574711553348028
2021-01-01,0.004187200978826036,0.005238251535709849,-0.001051050556883813,0.02032557801528475
2021-01-04,0.013432956770384516,0.0030539709452263065,0.01037898582515821,-0.1358054871756888
2021-01-05,0.0014109940154454484,-0.0005315272507464257,0.0019425212661918732,0.1617268704526097
2021-01-06,-0.010388454323323434,-0.006004820972869358,-0.004383633350454075,-0.048276516421757766
2021-01-07,0.012659950954791253,0.004710764527643779,0.007949186427147474,0.05111632185179925
2021-01-08,-0.002810368859697053,-0.0023550200574565736,-0.00045534880224048016,0.13638116186274635
2021-01-11,0.0033797145852910286,0.0013798217995503442,0.0019998927857406857,-0.0792955336754624
2021-01-12,0.010429915841365121,-0.002231390968463009,0.012661306809828129,0.0464641022857423
2021-01-13,-0.005479640354401568,-0.0017396441424312936,-0.0037399962119702753,0.03943195318538601
2021-01-14,0.0027268430166034275,0.003343033420231378,-0.0006161904036279496,-0.018395487358564767
2021-01-15,0.0024975433091132867,-0.0010032153294248242,0.0035007586385381122,0.13821589812364476
2021-01-18,-0.0012769372989619168,-0.0012692639078550755,-7.673391106841065e-06,-0.11872902899500479
2021-01-19,0.009751119043461421,0.006309912593528647,0.003441206449932773,0.057459224802483826
2021-01-20,-0.009141820591810065,-0.010141944542294546,0.0010001239504844823,-0.054524851306013374
2021-01-21,0.0038975816844778327,-0.0015716819710382274,0.00546926365551606,-0.09029428952032653
2021-01-22,-0.0036805583507662242,0.0006858983841025023,-0.004366456734868728,-0.028452302825603973
2021-01-25,-0.006499035675799052,0.0009065422277804895,-0.007405577903579541,-0.018491260254672265
2021-01-26,-0.0017202883785539845,7.852280561909328e-05,-0.001798811184173077,-0.07962170969763105
2021-01-27,-0.0012647756828035824,0.0036580329370745884,-0.004922808619878172,-0.05689960330735771
2021-01-28,-0.005093616430473198,-0.00341267664121036,-0.001680939789262839,-0.04977268705620142
2021-01-29,-0.003623875207001274,-0.0017001903378004676,-0.0019236848692008068,-0.052057190742895956
2021-02-01,-0.003308272335980478,-0.001957094285903693,-0.0013511780500767858,0.0992015148218631
2021-02-02,-0.0034013092290690115,0.00032552514354211245,-0.0037268343726111243,-0.005813229963763718
2021-02-03,0.007283339215855915,0.007712540027263713,-0.0004292008114077985,-0.15700697962505286
2021-02-04,-0.00041352756740872527,-0.0034017589677872153,0.00298823140037849,-0.016265234377342026
2021-02-05,-0.01027264409746366,-0.00899971340451658,-0.0012729306929470802,-0.07167258881034151
2021-02-08,-0.0011019506333138512,-0.00264041277029883,0.001538462136984978,-0.06436555347644841
2021-02-09,-0.004567082804755715,-0.0006570088111305418,-0.003910073993625172,-0.1469906571126421
2021-02-10,-0.004366939344213232,-0.0035064686470579042,-0.0008604706971553286,0.09574321899220303
2021-02-11,-0.010308217656257272,-0.010525564883990274,0.00021734722773300314,-0.03842579472882476
2021-02-12,0.006091384178373859,0.006282637216755803,-0.00019125303838194406,0.04046933003456349
2021-02-15,-0.002316929354006067,-0.0038505435764800205,0.0015336142224739533,-0.07648091300929286
2021-02-16,0.0024203849154053794,0.0032095862845444036,-0.0007892013691390251,0.009742194516938087
2021-02-17,-0.005008338916528613,-0.0011538432847591398,-0.003854495631769472,0.026057891023420206
2021-02-18,0.0006549932412288344,-0.00037200205603444246,0.0010269952972632758,-0.0601731992373809
2021-02-19,0.0016947423983615685,-0.0006126691507998571,0.002307411549161426,0.027205811586725866
2021-02-22,-0.0038119020165406354,-0.002572842454503982,-0.0012390595620366523,0.154920759626403
2021-02-23,0.0016796369018597847,-0.0031941272693777325,0.004873764171237519,0.034868572290388804
2021-02-24,0.011723131742259581,0.00120779984426558,0.010515331897994003,-0.0446903931003525
2021-02-25,0.00236521208988595,-0.0001540773810994947,0.0025192894709854426,0.034343169703921164
2021-02-26,-0.003040818243359036,-0.00014164657776207304,-0.002899171665596962,0.13602487496507623
2021-03-01,0.002482383324424491,0.0035355765970049267,-0.001053193272580436,0.02451531369533115
2021-03-02,0.010199128897422475,0.0011870813616442055,0.00901204753577827,-0.06939471261255609
2021-03-03,0.0017452672295217757,-0.0017304507869620738,0.003475718016483849,-0.06321687979241884
2021-03-04,-0.005067573463727231,-0.0013503751102306736,-0.003717198353496558,0.09438746860833162
2021-03-05,-0.004110924977426528,-0.002481291929621274,-0.0016296330478052525,0.08291431998530585
2021-03-08,0.0062520266866273435,0.002574337641346642,0.0036776890452807007,0.042711090180268536
2021-03-09,0.005375390325116802,0.003166491893559234,0.002208898431557569,0.013551003288603269
2021-03-10,0.003705011779507302,-0.003936794267615718,0.00764180604712302,0.0512293332587991
2021-03-11,0.00105829386225193,-0.0033543957995753396,0.004412689661827271,-0.011757640140517233
2021-03-12,0.003308237827315671,0.0022682319164965678,0.0010400059108191034,0.05522881705097106
2021-03-15,-0.0007919715368747328,-0.003256174013080721,0.0024642024762059865,-0.0640056213691046
2021-03-16,0.003657473575765925,0.0007840941908615114,0.0028733793849044127,-0.1135779801002589
2021-03-17,-0.004091076178727386,-0.004357093131951805,0.0002660169532244178,0.011200006315543666
2021-03-18,-0.007267908795240526,-0.0021451488408420673,-0.005122759954398459,0.02127373871854976
2021-03-19,0.0007965139961011365,-0.004202156074699781,0.004998670070800917,-0.04366657883985973
2021-03-22,0.0017502093056903202,0.003106532374300337,-0.0013563230686100174,-0.012093553900755769
2021-03-23,-0.003683251609070696,-0.0022560707068083052,-0.0014271809022623934,0.14259049200756735
2021-03-24,-0.0009308908056521667,0.0006500696221759059,-0.0015809604278280726,0.09294206341358638
2021-03-25,0.010866100624708342,0.0011195334643460061,0.009746567160362337,-0.07628764863537069
2021-03-26,0.00666152232259723,0.003781967033996199,0.0028795552886010274,-0.06460764134201814
2021-03-29,-0.005686003112036758,-0.004541694445634955,-0.001144308666401802,0.07729216680460413
2021-03-30,-0.004847162274173604,0.0007665862394113796,-0.0056137485135849844,0.04471798878525385
2021-03-31,0.005232032530263274,0.002273210069569327,0.002958822460693948,0.08526748712449608
2021-04-01,0.0030696392727947,-0.0002834437062151302,0.0033530829790098305,0.11556026286987281
2021-04-02,0.0055635203767585364,0.0016354181464239212,0.003928102230334615,-0.010647857949573777
2021-04-05,0.008608372864382532,0.0004610246383139841,0.008147348226068548,-0.03309305405672758
2021-04-06,-0.0008999769162275873,0.0007858347558655655,-0.0016858116720931526,-0.13218699915385612
2021-04-07,-0.002245829984377197,-0.0023217428886700957,7.591290429290187e-05,0.03550631800080778
2021-04-08,-0.008518001013759826,-0.0005388180900406485,-0.007979182923719182,0.10238827731237982
2021-04-09,0.0021445574166141317,0.0025373888141185202,-0.0003928313975043893,-0.061411661852347886
2021-04-12,0.006800059103206203,0.0036939500263418745,0.0031061090768643267,0.011800731856921584
2021-04-13,-0.004153690955192256,-0.0031365679571042212,-0.001017122998088035,-0.0473411659063425
2021-04-14,0.0007886279790239644,0.0018894269669995235,-0.0011007989879755573,0.06155666530424103
2021-04-15,-0.002737867924672385,-0.0015120889137512465,-0.0012257790109211388,0.14082599766005272
2021-04-16,0.003786598769138943,0.002758052803531763,0.0010285459656071807,-0.15142518085710674
2021-04-19,0.007810777319947691,0.004079551411677287,0.0037312259082704063,0.12914103325909945
2021-04-20,-0.009673857138640255,-0.005636671840350153,-0.004037185298290103,-0.11273848445456797
2021-04-21,0.007900888680152424,0.004009835429286356,0.003891053250866066,0.12859717714963964
2021-04-22,-0.00790138990722771,-0.0032580155221873207,-0.004643374385040391,-0.052217521990059634
2021-04-23,0.009165764634640191,0.003580702192198939,0.005585062442441252,0.011234396889225432
2021-04-26,-0.002969969157009065,-0.001334316795865491,-0.001635652361143573,-0.0355373569306969
2021-04-27,0.0006612564989690291,0.002675681558617531,-0.002014425059648503,0.044111694158632975
2021-04-28,-0.0018940921660871761,-0.0008842256891096242,-0.0010098664769775528,0.0824751537874448
2021-04-29,0.0021939373182977818,0.0006734330177145574,0.0015205043005832237,0.012743175924717904
2021-04-30,0.004995687761297891,0.001108687082937986,0.0038870006783599037,0.03189860205577658
2021-05-03,0.0008032122716678572,-0.0004601032346450446,0.0012633155063129023,0.006311303775829319
2021-05-04,0.002056988406925817,0.0020717370487678567,-1.4748641842039778e-05,-0.08602715877749947
2021-05-05,0.00043312756393613407,0.0007306384104489583,-0.000297510846512819,0.03143654342073521
2021-05-06,-0.0061154774342234396,0.0007465800984310378,-0.0068620575326544765,-0.06317559941413585
2021-05-07,0.0021441443221895894,0.0015579919688604414,0.0005861523533291502,-0.044487079418782445
2021-05-10,-0.004114963925760407,-0.002846193088878024,-0.0012687708368823835,-0.08242991832399997
2021-05-11,-0.0028553259044289533,-0.0034819437939361333,0.0006266178895071792,-0.10798839010676622
2021-05-12,-0.0053727744573179095,-0.0013450633302928908,-0.004027711127025012,-0.15974041096920735
2021-05-13,-0.007055264283049442,-0.001593728833340604,-0.005461535449708836,0.10319660509147165
2021-05-14,-0.010190550561948425,-0.004362980216431554,-0.005827570345516873,0.020499701534042916
2021-05-17,0.006703978084460044,0.0021986396680739612,0.004505338416386085,-0.006586087611067323
2021-05-18,0.0012472085935227417,0.0018994909748660093,-0.0006522823813432683,0.07729412027097016
2021-05-19,-0.0004263092803997833,-0.00036701532949880275,-5.929395090098098e-05,0.2149496461860358
2021-05-20,0.0052700772898562655,0.0010942447730143065,0.00417583251684196,0.10725699965768816
2021-05-21,0.014396761509113022,0.008725538078286313,0.005671223430826709,0.0034374448213008255
2021-05-24,0.00708611017753441,0.0016829968213728187,0.005403113356161592,0.15103853411668255
2021-05-25,0.00023319397812650473,-0.0006276612515565294,0.000860855229683035,-0.09818508707887598
2021-05-26,0.010132832946643551,0.005797673173677132,0.004335159772966417,0.07143392323782051
2021-05-27,-0.006458829509348928,-0.0030914755724144784,-0.00336735393693445,0.09974066818600742
2021-05-28,0.004918807921208699,0.003687960135629706,0.0012308477855789918,0.07692037624298838
2021-05-31,0.0066590109802767,0.0014649715113886177,0.005194039468888082,0.13749382651962852
2021-06-01,0.005655569751963084,0.0012412551319913017,0.004414314619971783,0.07260824753869241
2021-06-02,0.00919925425886501,0.00345778396626056,0.00574147029260445,0.22465717271639624
2021-06-03,0.005717920719618531,0.0033673485201474833,0.002350572199471047,0.048584187450538295
2021-06-04,0.017881927147124922,0.008773587626275565,0.009108339520849357,0.19600566331849983
2021-06-07,0.0035016286852102606,-0.001041358049944159,0.004542986735154419,0.05520791219460377
2021-06-08,0.016164253561733132,0.005681101887098056,0.01048315167463508,0.0746564004749615
2021-06-09,0.0038746299223882366,0.002524223723590409,0.0013504061987978273,0.03551777563008494
2021-06-10,0.00567808062328883,0.0019264214892936986,0.003751659133995132,0.02537108450198277
2021-06-11,0.0026751875335994657,0.0012184579120285421,0.0014567296215709227,0.023117787750652527
2021-06-14,0.001677351130724919,0.0010182138717976623,0.000659137258927257,0.17924391060149983
2021-06-15,0.0015363103050194458,-0.002824587661470984,0.004360897966490427,0.1800839310631075
2021-06-16,0.011116605417029609,0.0027270649132374036,0.00838954050379221,0.11667154367046965
2021-06-17,0.013288191668391278,0.006545671267420368,0.006742520400970908,-0.033992340788404116
2021-06-18,0.008989247574163986,0.005851669241595747,0.003137578332568239,-0.17283188543505906
2021-06-21,-0.0032384175530166467,0.000612751833228703,-0.0038511693862453497,0.05189449553271091
2021-06-22,-0.016510673528562548,-0.0077232007971978,-0.008787472731364751,-0.06973108931651986
2021-06-23,0.004282182507103255,0.003148121124165914,0.001134061382937342,-0.057494283661821556
2021-06-24,-0.0051256151751560754,-0.005496895491491148,0.0003712803163350778,-0.04159888902006578
2021-06-25,-0.00408769160277081,-0.0028791454575256958,-0.0012085461452451141,-0.1546860096559147
2021-06-28,-0.0030532039567919326,-0.00405303289213552,0.0009998289353435885,-0.1410825661301279
2021-06-29,-0.009952670028629713,-0.003247854427662941,-0.006704815600966769,0.027646531484032177
2021-06-30,-0.008735312197764498,-0.0022744985562234508,-0.006460813641541047,0.006378735723198408
2021-07-01,0.0019041997695216648,0.0016168608662667948,0.00028733890325487003,0.039947631218254544
2021-07-02,0.0003648546369463485,-0.0016263318868867359,0.0019911865238330852,-0.09149987922522881
2021-07-05,0.002561253821140334,-0.0010788862345729412,0.003640140055713276,0.1841964287342483
2021-07-06,-0.005716732907351873,-0.0031108671520574884,-0.002605865755294384,0.03275176854129465
2021-07-07,0.011487865039088382,0.003908644984702888,0.0075792200543854955,0.012785877445627479
2021-07-08,0.0019113901630773335,-0.0012080450885337138,0.0031194352516110474,-0.04576046051920241
2021-07-09,0.0007262498861437478,0.0017495245913355523,-0.0010232747051918019,-0.026139711982218938
2021-07-12,-0.0026841721313711235,-0.0029297833430923913,0.00024561121172126874,0.14614263703959626
2021-07-13,-0.0015217184948588618,-0.001987702417157655,0.00046598392229879083,-0.16996285527985525
2021-07-14,0.009349449286816976,0.0028395723998936723,0.00650987688692331,0.023158481753651747
2021-07-15,-0.009702795868108686,-0.005179583615629767,-0.004523212252478915,-0.14525596787439476
2021-07-16,0.001355630745511471,0.0006826994981621905,0.000672931247349279,0.18699601835569027
2021-07-19,-0.008318838694167021,-0.0016715879521810506,-0.0066472507419859704,0.14723943189105407
2021-07-20,0.011912772334269763,0.005626494633749472,0.006286277700520291,0.06278055237126486
2021-07-21,0.0089325809846678,0.0037684817989481287,0.005164099185719672,0.14745073021400928
2021-07-22,0.003755773422612449,-0.000463882661283172,0.004219656083895622,0.04548041618631695
2021-07-23,0.009791000054650133,0.0035516463987020413,0.006239353655948093,-0.06766290481196621
2021-07-26,0.002799491341353437,0.005212835939053674,-0.0024133445977002344,0.019057174327885416
2021-07-27,-0.004172504074457545,0.00012489354175867525,-0.004297397616216221,-0.11644225666457148
2021-07-28,0.001035840525419436,0.00013558988631905909,0.0009002506391003768,0.20255493569686858
2021-07-29,-0.0073389389038771655,-0.0018894569178065299,-0.005449481986070634,0.06884495632334002
2021-07-30,0.011282848451652908,0.007488605482891028,0.003794242968761876,-0.07220598091781016
2021-08-02,0.004663117700172899,0.0012174608523071442,0.0034456568478657547,-0.10674324697307327
2021-08-03,-0.00453060110281121,-0.0031941315989197547,-0.0013364695038914558,-0.045357455086293685
2021-08-04,-0.006804140393348191,-0.005373254543566831,-0.0014308858497813599,0.2272114827781704
2021-08-05,-0.003108019767989202,-0.0018489991588787735,-0.0012590206091104283,-0.05103783141533397
2021-08-06,0.014323293728913066,0.009297362600653936,0.00502593112825913,-0.09825333237812096
2021-08-09,-0.0037228257124056444,-0.004463297943167381,0.0007404722307617368,0.09629393550256982
2021-08-10,-0.006180559361274905,-0.005343058056070359,-0.000837501305204547,0.09406509933312619
2021-08-11,0.005674725600836019,0.002828150078479988,0.0028465755223560305,0.07053971029467429
2021-08-12,0.006003493325131596,0.004352664504714134,0.0016508288204174597,-0.030454104347005236
2021-08-13,0.004566687639241043,0.0029043895488728277,0.0016622980903682142,-0.023913158642379702
2021-08-16,-0.002095232697421766,-0.00034690741182301886,-0.001748325285598748,-0.18727510866452976
2021-08-17,-0.0015650310335598818,-0.003422696224580418,0.0018576651910205359,0.17112803811440758
2021-08-18,-0.014689199962881424,-0.008207775809283325,-0.0064814241535981025,0.015920026364725122
2021-08-19,0.01054323135185367,0.006910418004312361,0.003632813347541307,0.12869618024849444
2021-08-20,0.0010383478989628475,0.0006524157087373717,0.00038593219022547493,-0.010094079597361005
2021-08-23,0.009375056721657638,0.0067847502353322285,0.0025903064863254093,0.14503950793417356
2021-08-24,-0.0006883539731815122,0.0014397731681390635,-0.0021281271413205755,0.008869420699589235
2021-08-25,0.008616453671954908,0.0035956034666976763,0.005020850205257232,-0.09480291343340733
2021-08-26,0.0005742162759829284,0.0014377468408802146,-0.0008635305648972847,-0.021143824454759
2021-08-27,-0.006484658629505919,-0.005346308882892454,-0.001138349746613465,-0.12930690885011664
2021-08-30,-0.0013506270102237594,-0.0039513546739123485,0.002600727663688589,0.007210531821181472
2021-08-31,-0.008444828421511853,-0.003432158920061981,-0.005012669501449872,0.14607940450675358
2021-09-01,0.00045741073249782075,-0.001711727701146899,0.0021691384336447184,0.17790739139270678
2021-09-02,0.01103713098907728,0.008908768194580613,0.0021283627944966655,-0.17674489153667838
2021-09-03,0.01402577027286389,0.010314785339726025,0.003710984933137866,-0.11046767505603748
2021-09-06,-0.012107390387178065,-0.008421756551017692,-0.0036856338361603708,0.02021415368754777
2021-09-07,-0.007374453629251997,-0.005132795298287651,-0.002241658330964345,0.015237625377892137
2021-09-08,0.0012277973080064427,0.0005629728729885791,0.0006648244350178651,0.09876752805575259
2021-09-09,0.0009714727441289331,0.00017720756917566144,0.0007942651749532708,0.018136258642932182
2021-09-10,0.0056378160010517025,0.002973819503780323,0.0026639964972713795,-0.04961768458774523
2021-09-13,0.0012158096433531925,-0.0019013155410260458,0.003117125184379236,0.11552798955790758
2021-09-14,-0.0027219130465769553,-0.0008092722381736993,-0.001912640808403256,-0.10719431274239122
2021-09-15,0.007307905742752575,0.005062487366331687,0.0022454183764208883,0.16805868013261047
2021-09-16,-0.006244751198630543,-0.004414789324520779,-0.0018299618741097643,0.10647996476644354
2021-09-17,0.010551485382607936,0.005675252956286474,0.00487623242632146,0.22582465827418982
2021-09-20,0.006737811371077059,0.00542669597212397,0.0013111153989530883,-0.10111481213715132
2021-09-21,0.015345390031901678,0.008860050601599823,0.006485339430301856,-0.1232102588774803
2021-09-22,-0.0069047431928696435,-0.006338269499375725,-0.0005664736934939169,-0.08184335032510469
2021-09-23,-0.007713011407022031,-0.006443585316900244,-0.0012694260901217874,0.12001657136467156
2021-09-24,-0.005698187250392334,-0.005469789390385215,-0.00022839786000711758,0.04098586160447181
2021-09-27,0.0077246591863808795,0.006630772925476116,0.0010938862609047618,0.08461997824082154
2021-09-28,0.002420574394215081,0.00375182978343097,-0.0013312553892158886,-0.14605506665373294
2021-09-29,0.004771022453234905,0.002373414592639022,0.002397607860595884,-0.1858757557019375
2021-09-30,-0.008832479235509387,-0.0065125484015642904,-0.0023199308339450966,0.058922732009573965
2021-10-01,-0.011275303033322828,-0.008461699210295449,-0.0028136038230273776,-0.07073393527659681
2021-10-04,0.0035291825183917354,0.005458237795189645,-0.0019290552767979108,-0.04467330154840504
2021-10-05,-0.004247966915037693,-0.0016990865108533681,-0.0025488804041843257,0.15732631254626897
2021-10-06,-0.0024519581347938026,-0.0028800856173148586,0.00042812748252105603,-0.11473658464472826
2021-10-07,0.009864520515560402,0.006656384859180184,0.0032081356563802175,-0.007688483888225513
2021-10-08,-0.007694638509658666,-0.009492992683552984,0.0017983541738943176,0.03348589445236565
2021-10-11,-0.0004719450114985511,0.0005945794527465985,-0.0010665244642451503,-0.04537383088203281
2021-10-12,0.0019758804978413733,0.002197701471378576,-0.00022182097353720415,0.036729538673915395
2021-10-13,-0.002780566907834399,-0.005609807925080455,0.0028292410172460515,0.005720240152774131
2021-10-14,0.0025531563096061307,-0.0018186138140095594,0.004371770123615689,0.09187800768716259
2021-10-15,0.00037400003883365784,-0.0019116540724860949,0.0022856541113197527,0.030480702670446596
2021-10-18,0.0053498991119603385,0.003375063574114644,0.001974835537845693,-0.07710326887915851
2021-10-19,0.001964108617991938,-0.002408358432933566,0.004372467050925506,0.08718883070117908
2021-10-20,-0.005364358044092453,-0.007521472075974742,0.0021571140318822936,-0.09068624826884145
2021-10-21,0.0050164421012407825,0.0010426234751709069,0.003973818626069877,0.14700492664175796
2021-10-22,-0.005594911301904709,-0.0018413660610298102,-0.0037535452408748986,-0.0872785732720779
2021-10-25,0.009311319910799042,0.00511642930408807,0.004194890606710969,-0.0809064363942676
2021-10-26,-0.0048195753522041725,0.0008482885816553098,-0.005667863933859483,0.09519574223081981
2021-10-27,-0.004562107851127104,0.0009291722400043739,-0.0054912800911314785,0.08267180731439823
2021-10-28,0.004803084724649494,0.0007902360351087819,0.004012848689540712,-0.05760102507027291
2021-10-29,0.004060048381644621,0.0012289516582119505,0.0028310967234326705,0.1268118053524887
2021-11-01,-0.0028700347323225486,-0.0031717662412420107,0.00030173150891946155,0.22781019027605579
2021-11-02,0.005720729828514766,0.001244302370528928,0.004476427457985838,-0.05621719726123757
2021-11-03,0.01508070372856293,0.003571916913968777,0.011508786814594149,-0.030841626611507075
2021-11-04,-0.003227108477254678,-0.0009523832777666753,-0.0022747251994880043,-0.16629093793059585
2021-11-05,-0.001674586959369054,0.0016089492937679667,-0.003283536253137022,0.02812642935973606
2021-11-08,-0.008566208229405256,-0.0025381180769146854,-0.00602809015249057,-0.06292875933924844
2021-11-09,0.0013355093501495254,1.4195716585197263e-05,0.0013213136335643283,0.20725607777804186
2021-11-10,-0.003212763022446553,-0.00043499312224584046,-0.002777769900200712,-0.005127170297366151
2021-11-11,0.010166764609502346,0.004883829780774635,0.005282934828727711,0.053316756042980806
2021-11-12,-0.0003204486554397798,0.0030377523001514396,-0.0033582009555912194,0.3124492707689413
2021-11-15,0.0027859662219804774,9.071792518182409e-05,0.0026952482967986524,0.023201821864259977
2021-11-16,0.017064437750389995,0.005874741521078128,0.011189696229311867,0.07955169890045359
2021-11-17,0.001299366586212285,0.0022768684830523794,-0.0009775018968400944,0.08393747839574085
2021-11-18,0.004608726056023447,-0.00154324959610754,0.006151975652130989,-0.17900613356543982
2021-11-19,0.0057170301561863535,0.0019888435186776725,0.003728186637508681,-0.13638393533374898
2021-11-22,-0.01067946140025814,-0.005365011732804487,-0.005314449667453653,0.08049384036346849
2021-11-23,-0.007838010037983133,-0.0032159761502348824,-0.0046220338877482475,0.01643885576425256
2021-11-24,0.004797800166133801,-0.0006975321730344781,0.005495332339168277,-0.08114858524047873
2021-11-25,0.0010073325357211173,0.001805981487670208,-0.0007986489519490984,0.14211978757014315
2021-11-26,-0.004600701657679707,-0.00530706262888126,0.0007063609712015528,-0.001638079591667695
2021-11-29,0.007676467086308341,0.005709552266793343,0.001966914819514997,0.04917150215221961
2021-11-30,-9.354983984821968e-05,0.0002912434315661058,-0.00038479327141432637,0.143027727528067
2021-12-01,0.002709545533405185,-0.0007229541175734887,0.003432499650978674,0.018249575921360985
2021-12-02,0.008192431133054023,0.0037936744140822515,0.004398756718971771,-0.06226910223650355
2021-12-03,0.0011252931732468842,0.002411636052821218,-0.0012863428795743329,0.22126202562152306
2021-12-06,-0.004174490121692049,-0.0017257479740240547,-0.002448742147667995,0.03513343228374838
2021-12-07,0.015817933701847746,0.009757145265698493,0.006060788436149257,0.17782171554169712
2021-12-08,0.002359068789342184,-0.0020628451806664998,0.004421913970008683,0.07605367090000045
2021-12-09,0.011680246317512112,0.007254988994380936,0.0044252573231311765,-0.09188136538169783
2021-12-10,0.006246461497953981,0.003142619022162063,0.003103842475791917,-0.12542107395745694
2021-12-13,-0.005571702095470725,-0.0026316174119890776,-0.002940084683481649,0.003973320100921307
2021-12-14,-0.007306611413820197,-0.003878575596988121,-0.0034280358168320754,-0.3098615447363481
2021-12-15,0.00022248656401183185,0.0009049645344508944,-0.0006824779704390632,-0.270458124089253
2021-12-16,-0.016508420901221874,-0.006501922027190727,-0.010006498874031149,-0.011729166553757376
2021-12-17,-0.01636689799890509,-0.010821955788372504,-0.005544942210532585,0.05285972321028842
2021-12-20,-0.0005568033154722078,-0.0005344368465259319,-2.2366468946276026e-05,0.016048921949322035
2021-12-21,0.0026598886131591927,0.0003284554453718326,0.0023314331677873603,-0.13353441123234264
2021-12-22,0.00097763548937457,-0.0029089986451441077,0.0038866341345186782,0.04955340427862526
2021-12-23,-0.008511278829624559,-0.004836474543712179,-0.00367480428591238,-0.024505327946343653
2021-12-24,0.003542464108300808,0.00043972606395091063,0.0031027380443498977,0.04281045530662999
2021-12-27,-0.0014625001962713976,0.0030181720623699143,-0.004480672258641311,0.09246381378810867
2021-12-28,0.0022715629339754868,-0.0015223130729275832,0.0037938760069030717,0.03724671678884324
2021-12-29,0.0048994120175832045,0.0038201188893374734,0.0010792931282457311,-0.08250320409391919
2021-12-30,0.001945671977734948,-0.0001697213960484851,0.002115393373783433,0.08126323235768525
2021-12-31,-0.004429398380081976,0.00029322401570856067,-0.004722622395790537,-0.04021868212693316
2022-01-03,0.004510830980284637,-0.002870835164891292,0.007381666145175931,-0.02823428952941821
2022-01-04,-0.002345003267418702,-0.002158217710392838,-0.000186785557025863,0.12512916662872914
2022-01-05,-0.0013625160959755114,0.00044968195133103864,-0.0018121980473065503,0.07214183537268569
2022-01-06,0.00697462457654454,0.0006410920817082038,0.006333532494836335,0.03818051573308627
2022-01-07,0.0036453142380531165,0.002161011619862698,0.0014843026181904184,-0.03206859299676044
2022-01-10,0.0022414412051136646,0.0006081098569357436,0.0016333313481779223,-0.0297799237260218
2022-01-11,-0.0016472568864898424,-0.0006487881186207424,-0.0009984687678691,0.0075856781533052055
2022-01-12,-0.0017077169909104808,0.001055166286080527,-0.002762883276991009,0.1349672442782681
2022-01-13,0.0004387969817440979,-0.0009702880498313948,0.0014090850315754935,-0.016483051632553473
2022-01-14,0.008092522624904924,0.0025075312585165887,0.005584991366388337,0.054379989470648885
2022-01-17,-0.0009819615061232101,-6.84272097347732e-05,-0.0009135342963884361,0.17575774434687594
2022-01-18,0.003226376992446442,0.002825993595948363,0.000400383396498079,0.1270646673067668
2022-01-19,0.009025005647155788,0.0037597194358544046,0.005265286211301383,-0.058020377718501284
2022-01-20,0.007021720597150995,0.005051995290320311,0.0019697253068306827,0.24697412168275443
2022-01-21,-0.0037164503841943647,-0.0014695582955091763,-0.002246892088685187,-0.049747535527866614
2022-01-24,0.016523837601968152,0.0058437966141070994,0.010680040987861052,-0.2840480654088304
2022-01-25,-0.0029508356174805833,-0.0020271473001608237,-0.0009236883173197588,0.20950580466911348
2022-01-26,-0.015623765916747129,-0.007112326512077373,-0.008511439404669759,-0.14137714391457534
2022-01-27,0.012092625023498461,0.005796772076430587,0.006295852947067875,-0.09801786452495669
2022-01-28,-0.008027301270724436,-0.002046506006053661,-0.005980795264670774,0.22651179677007793
2022-01-31,-0.005627600850432157,-0.004855136807103927,-0.0007724640433282295,0.14338702949263074
2022-02-01,0.010812192531009384,0.005211745979299691,0.005600446551709693,-0.028748590071894193
2022-02-02,0.007798158771535433,0.003964066203742024,0.0038340925677934103,-0.1801275582570667
2022-02-03,-0.0017017675157636883,-0.002063258712420614,0.000361491196656926,0.09080857210040724
2022-02-04,-0.01074319076710493,-0.0031703173885715263,-0.007572873378533403,0.023091227620089173
2022-02-07,0.004736416628503434,0.0028576478510346035,0.00187876877746883,-0.0003737789232083484
2022-02-08,0.0010748405914094321,-0.0003101663402477299,0.0013850069316571623,0.03850387631509579
2022-02-09,-2.0741239625891514e-05,0.0004846030541227806,-0.0005053442937486725,-0.24995384956371225
2022-02-10,0.0017947437188398996,0.000273571680972709,0.0015211720378671915,0.022078690087216354
2022-02-11,-0.016690923952643766,-0.008437323005379572,-0.00825360094726419,0.020750962905697307
2022-02-14,0.0012695890570321034,-0.00029474726095408705,0.0015643363179861903,0.056456702553839964
2022-02-15,0.0011400496908946028,0.0022718055203250825,-0.00113175582943048,0.016056289655477528
2022-02-16,0.003289389820128663,0.0023132384523003933,0.0009761513678282706,0.02241062111547047
2022-02-17,0.0008195708102804143,0.0015273609989333269,-0.0007077901886529125,-0.059370438058856036
2022-02-18,0.0010098937077329534,0.0016066865196569403,-0.0005967928119239875,0.020789769423167882
2022-02-21,-0.002945105253000711,-0.001502342159965274,-0.0014427630930354367,0.04396320875218893
2022-02-22,0.0008871859427032909,-0.000398942369488281,0.001286128312191572,-0.01826654997403335
2022-02-23,0.002237591887938056,0.0004349953932610553,0.001802596494676999,0.1360483712099648
2022-02-24,-0.0009129392322431464,-6.046493656248694e-05,-0.0008524742956806611,0.01719356767419124
2022-02-25,0.0065437882441075935,0.0019364456387740943,0.0046073426053335,0.08255503596715556
2022-02-28,0.0007881754480417407,-0.001667886688046976,0.002456062136088718,-0.15728837888267125
2022-03-01,0.004178144797519736,0.0005552723835039325,0.003622872414015804,-0.11379030696925885
2022-03-02,-0.006494985013906886,-0.003153087938584308,-0.003341897075322578,-0.0486554965335714
2022-03-03,-0.006761771150488946,-0.0025601801545290775,-0.00420159099595987,-0.04388533638374602
2022-03-04,-0.0026385481822427522,-0.002436156757483047,-0.0002023914247597054,0.00045365861582523706
2022-03-07,-0.002223215161643162,-0.0012476848360462797,-0.000975530325596885,-0.04433040059908372
2022-03-08,2.3930583501361076e-05,8.739846248453594e-05,-6.346787898317508e-05,0.0600058293402263
2022-03-09,-0.0023903162804373565,-0.0024234591558347845,3.314287539742748e-05,-0.025902226422631593
2022-03-10,0.0033337310416863544,-0.0007309136735069196,0.004064644715193274,-0.020523160360019596
2022-03-11,-0.001272779953693277,-0.0018272879866119687,0.0005545080329186916,0.12504195096003937
2022-03-14,-0.0010185482878226953,-0.0018105682857453374,0.0007920199979226435,-0.06777764836910284
2022-03-15,0.006025773092979337,0.0033165100201472987,0.002709263072832039,-0.04793874002972323
2022-03-16,-0.0031007721691146566,-0.004069814132244991,0.0009690419631303345,0.004827795611148334
2022-03-17,-0.002578895287804572,-0.0010615281846117382,-0.0015173671031928331,0.06621191758470749
2022-03-18,0.00023036504807888783,-0.0012495757477804874,0.0014799407958593757,-0.010636430210190768
2022-03-21,0.003877024012528039,0.0037202763038113175,0.0001567477087167212,-0.04912868466968556
2022-03-22,-0.0006275517962368317,-0.0011991040120104372,0.0005715522157736103,0.17742067319649518
2022-03-23,-0.0029440934524358553,-0.005285492617259431,0.0023413991648235785,-0.0586253585846198
2022-03-24,0.009268219628083399,0.006085892531999159,0.0031823270960842417,0.04658149330406578
2022-03-25,-0.002720667710702443,-0.001958926741293972,-0.0007617409694084705,-0.0799022532509561
2022-03-28,0.0019474159456298714,0.0003592347787528308,0.0015881811668770405,0.09000733816246435
2022-03-29,-0.0034704747265424576,-0.004066670995781287,0.0005961962692388311,-0.016117994703450357
2022-03-30,0.0037760570211360983,0.0018648903661758719,0.0019111666549602273,-0.007515683627576185
2022-03-31,-0.0007195858162732083,-0.0010646069401673772,0.00034502112389417014,0.05786642291352296
2022-04-01,-0.0003262759368991967,-0.00011054009887146755,-0.00021573583802772696,0.09746871684705596
2022-04-04,0.002993658733471868,0.0030562146857820768,-6.255595231020872e-05,-0.023462640191437494
2022-04-05,0.00509579983582812,0.0017679202123786974,0.0033278796234494225,0.007175866515449567
2022-04-06,-0.001011504672606251,-0.0018551858474983333,0.0008436811748920825,0.02145357653795494
2022-04-07,0.0003685842058311481,5.000765892788396e-05,0.00031857654690326437,0.020058060370896403
2022-04-08,0.0009010567717086223,-0.0002614449065282236,0.0011625016782368484,0.16169479416913984
2022-04-11,0.000980058811843469,0.0011036907442946945,-0.00012363193245122465,0.03513399502445093
2022-04-12,0.007521535207807913,0.0017252433923542103,0.005796291815453701,0.12004403685705946
2022-04-13,0.0016505276570847353,-0.0006657987379865109,0.0023163263950712505,-0.0050151080831573585
2022-04-14,0.0067913257762104605,0.006255579783591306,0.0005357459926191542,0.11316015307025201
2022-04-15,-0.00024794114380750475,-0.0014541607790835784,0.0012062196352760728,0.17075753148962994
2022-04-18,0.005873991528781109,0.001276748114449981,0.004597243414331129,-0.004752764517828343
2022-04-19,0.00764687478615126,0.0028498258292763163,0.0047970489568749455,-0.06709569898333403
2022-04-20,-0.00028621566544397145,0.0016138299187712993,-0.001900045584215273,-0.10566942585727138
2022-04-21,-0.003775826046687147,-0.002532325508192183,-0.0012435005384949628,-0.045655128637306946
2022-04-22,-0.005800506605048446,-0.002095011172797742,-0.0037054954322507053,-0.07936380398342631
2022-04-25,-0.002380436084364897,-0.00045419121261008714,-0.0019262448717548113,-0.09867569253501937
2022-04-26,-0.004208617749617023,-0.0008816391735866908,-0.0033269785760303328,-0.06985087086790581
2022-04-27,-0.005435985377754983,-0.002222493895256898,-0.003213491482498085,0.04299905843048333
2022-04-28,-0.00468065211425752,-0.00013751025790990586,-0.004543141856347615,0.06276894398609907
2022-04-29,0.0026888693310782577,-0.00021690953572089423,0.002905778866799151,-0.09670369897675457
2022-05-02,0.0033557097145415263,0.001804589793345464,0.0015511199211960622,0.15414196603753783
2022-05-03,-0.004931384930229164,-0.0037151765710370585,-0.0012162083591921056,0.09678146364086641
2022-05-04,0.008195840802859311,0.006359302686997942,0.0018365381158613713,0.1970190530651244
2022-05-05,0.0059052092363116124,0.0068327492045416865,-0.0009275399682300723,0.012881432645688095
2022-05-06,0.013506277933303504,0.008081565835260724,0.005424712098042779,0.13921849703504877
2022-05-09,0.0008884919497840228,0.001197933200036451,-0.0003094412502524283,-0.1092774138679224
2022-05-10,0.007890311473434337,0.0044297390024194225,0.003460572471014913,0.14802091258012587
2022-05-11,-0.007383785898843114,-0.0060793255350129,-0.0013044603638302146,0.13820797711492916
2022-05-12,0.00905686006829345,0.006730597858364032,0.002326262209929421,0.030650501684836063
2022-05-13,0.00870900776560958,0.006975159155323457,0.0017338486102861234,-0.12259644538253159
2022-05-16,0.001848844900722907,-0.0010507911125660994,0.002899636013289004,-0.10782743592028561
2022-05-17,-0.006877605797022457,-0.0031451216173753902,-0.0037324841796470675,-0.011965612724152006
2022-05-18,-0.007013414847248089,-0.006866277951076386,-0.00014713689617170496,0.1345256786212934
2022-05-19,-0.0006742119887601719,0.0002997635966092019,-0.0009739755853693734,0.15855967249997727
2022-05-20,0.007912150836333277,0.005474315321022272,0.002437835515311006,-0.020505949766779046
2022-05-23,0.0099429002459933,0.008744153021188037,0.0011987472248052651,0.07422113389398544
2022-05-24,-0.001585866558006883,-0.005568862673129355,0.003982996115122473,0.11157255380463026
2022-05-25,0.005385540696755115,0.003339285544636699,0.0020462551521184162,-0.005305482430450482
2022-05-26,0.008620557687949136,0.002604894770876977,0.006015662917072159,0.09342491973257577
2022-05-27,-0.00045644789323926154,-0.0039447818825307825,0.003488333989291521,-0.04100044284520853
2022-05-30,0.0071003666301824205,0.001023589093725616,0.0060767775364568045,0.1323369360645376
2022-05-31,-0.003534694302118626,0.0001733660587846554,-0.003708060360903282,-0.04019798080966864
2022-06-01,0.010697586625029051,0.004492781149025848,0.006204805476003205,-0.1138690036447528
2022-06-02,-0.0028274083496052684,-0.0018382276990253597,-0.0009891806505799095,0.10850471171154336
2022-06-03,-0.006860954742599574,-0.002263432412659869,-0.004597522329939705,-0.11502342388744988
2022-06-06,0.006101050029738719,0.0010240962941826665,0.005076953735556049,0.049826891967257446
2022-06-07,-0.006435265610619401,-0.003927867930042267,-0.0025073976805771335,0.0789423789271309
2022-06-08,0.002802054726039023,-0.00047773526321215126,0.003279789989251174,-0.07582689981961764
2022-06-09,0.004196090387986448,0.001983134480754793,0.0022129559072316535,0.10642117764512342
2022-06-10,-0.0044457104177284615,-0.0024547346326260246,-0.001990975785102437,-0.1186629204863879
2022-06-13,0.005933633811768802,0.00010340487925279349,0.005830228932516005,-0.23621793218362888
2022-06-14,-0.006412769731998436,-0.003528866653818995,-0.0028839030781794422,-0.08962752122388835
2022-06-15,-0.013893148635040823,-0.004145769645508302,-0.009747378989532523,0.08526219628243042
2022-06-16,-0.004981285150736543,-0.0032025051944632376,-0.0017787799562733052,0.05310978629947464
2022-06-17,0.0044411182315646745,-0.0007701949946501244,0.005211313226214798,-0.18725019466390033
2022-06-20,0.0024570507707257234,-0.001227391477061645,0.0036844422477873683,0.051993675535179626
2022-06-21,-0.00796500728384176,-0.0022417965603893056,-0.005723210723452455,-0.041679794020592686
2022-06-22,0.002431453366601196,0.0018052656614094744,0.0006261877051917213,-0.08316552370839045
2022-06-23,-0.002500639395202185,0.0027489809691257387,-0.005249620364327925,-0.0871357302957606
2022-06-24,-0.005159424145978508,-4.064893411780644e-05,-0.005118775211860701,-0.18175635718242653
2022-06-27,-0.004943890878772333,0.0003203040874622115,-0.005264194966234545,-0.13927864839365592
2022-06-28,-0.010780959017210073,-0.00388684778169431,-0.006894111235515763,-0.11328019927179706
2022-06-29,-0.008173201819310232,-0.0018579281873941688,-0.0063152736319160635,-0.08212834967099573
2022-06-30,-0.0071037818789402045,-0.004993389127419839,-0.002110392751520366,-0.020593115966677938
2022-07-01,-0.004271103340853817,-0.0008064779555143065,-0.0034646253853395084,-0.0704819976038669
2022-07-04,-0.001106443533739058,-0.0016942072832823799,0.0005877637495433248,-0.027452110109710263
2022-07-05,-0.0036612181873105472,-0.00015413614219971904,-0.003507082045110828,-0.07560876882736184
2022-07-06,-0.0014727176018561705,-0.002728695074268224,0.0012559774724120532,0.05613840539588249
2022-07-07,-0.00407063323144895,0.0008438798304318002,-0.004914513061880751,0.03598692482978147
2022-07-08,0.003464270211608306,0.0028626091424881683,0.0006016610691201357,-0.026197715303325056
2022-07-11,0.0017331422794543676,0.0024101670713375886,-0.00067702479188322,-0.12252935866897163
2022-07-12,-0.0014174022191287567,-0.0014222900310135002,4.887811884743756e-06,-0.037741238923768475
2022-07-13,-0.007284659463659302,-0.004028261553723507,-0.003256397909935795,0.01770381274162575
2022-07-14,-0.001897022853812198,0.001803141215547992,-0.00370016406936019,0.012860420983972748
2022-07-15,0.0010525468945193368,0.004884646290785491,-0.003832099396266154,0.015829163100730098
2022-07-18,0.0007149464032986565,0.003040345362822472,-0.0023253989595238157,-0.12765904628433408
2022-07-19,0.0009704938036982961,-0.004110019385827963,0.005080513189526261,-0.099861491683578
2022-07-20,-0.008471061953172232,-0.009174185674511087,0.0007031237213388532,-0.04474762750243832
2022-07-21,-0.005322939527672333,-0.0039516297013791335,-0.0013713098262932016,0.049527344464042417
2022-07-22,-0.0025357372230395666,-0.004440234022373122,0.0019044967993335563,-0.06124483208230164
2022-07-25,0.0027082590459014794,0.002503307573527609,0.00020495147237386928,-0.03179722537584805
2022-07-26,-0.0032544896002379598,-0.0013642849973964557,-0.0018902046028415054,0.06746458954685253
2022-07-27,-0.0018240833492356298,-0.0021683456591772934,0.0003442623099416623,0.07739802329903032
2022-07-28,0.0033928519437351305,0.0028641688576926004,0.0005286830860425319,-0.00876596057345253
2022-07-29,0.003745940855748674,-7.451024090260154e-05,0.0038204510966512754,0.13849646993826809
2022-08-01,-0.00038116526758438156,0.0014223728116326295,-0.001803538079217011,-0.031356091292499576
2022-08-02,0.006225742755976436,8.944233161358763e-05,0.006136300424362848,0.09007704186128478
2022-08-03,-0.0015351398407974055,-0.0019112358774364584,0.00037609603663905315,0.1321349889297467
2022-08-04,0.00442803038507626,0.0029457802015628197,0.0014822501835134415,-0.17243507765953373
2022-08-05,0.006613498377430878,-0.00013685678340685792,0.006750355160837735,-0.10926343894415604
2022-08-08,-0.008422603110753471,-0.00259819600343699,-0.005824407107316482,0.06244119771934154
2022-08-09,-0.006005738391412743,-0.0021515510921631892,-0.0038541872992495533,0.23309792606206559
2022-08-10,0.00338937130967966,0.001957757415701829,0.0014316138939778318,-0.09001143436996549
2022-08-11,0.012031092287608666,0.0038240671472705434,0.008207025140338123,0.047080055260345983
2022-08-12,-0.00374467061660123,-0.0027225899858484477,-0.001022080630752783,0.0314724691734641
2022-08-15,0.0023057050174619506,-0.0015895508202196599,0.003895255837681612,0.0014108707401056667
2022-08-16,0.0014805612741743163,-0.0019761863721737775,0.003456747646348094,-0.09909691244411822
2022-08-17,6.554384525469766e-05,0.0005338120392052667,-0.0004682681939505689,0.25366420036302234
2022-08-18,-0.0053494679088012965,-0.002104000530313975,-0.0032454673784873198,0.10652473394954444
2022-08-19,0.01442644432957836,0.0034759558023343155,0.010950488527244045,0.038010502655719994
2022-08-22,0.005489144261963489,0.001715355753979817,0.0037737885079836726,-0.07353605391609067
2022-08-23,0.001982730608422273,-0.0010692197824053382,0.0030519503908276093,0.08556402161327839
2022-08-24,-0.003772554163645173,-0.0011512931963688338,-0.0026212609672763374,0.00195745001937258
2022-08-25,0.004368616820284244,0.0020704740296922145,0.0022981427905920298,0.09258624138647523
2022-08-26,8.076173747924298e-05,0.0015229286949390614,-0.0014421669574598188,-0.26538993457032684
2022-08-29,0.004480821258561414,0.00019192937878195326,0.00428889187977946,-0.18790400325496084
2022-08-30,-0.014040900044994399,-0.0050184475527781025,-0.009022452492216296,0.10116378222308449
2022-08-31,-0.009957212359539119,-0.0021649822474319527,-0.007792230112107166,0.10227390079418634
2022-09-01,0.004809410542803172,0.0005395756407394867,0.004269834902063686,0.1486138163591278
2022-09-02,0.004656184980555738,-0.0002443208905690084,0.004900505871124748,-0.0206338332375034
2022-09-05,0.0056574731676968856,0.001253660058525698,0.004403813109171187,-0.13269194746056298
2022-09-06,-0.00086082106013301,-0.0019069190760762876,0.0010460980159432802,0.11263386300709215
2022-09-07,-0.006311405388667325,-0.002341077253005412,-0.0039703281356619135,0.17938077360394503
2022-09-08,0.004704951337678209,0.0010466491360792496,0.003658302201598962,-0.14555164318570946
2022-09-09,0.008773999866053336,0.0037354084426598315,0.005038591423393503,0.07139139896018662
2022-09-12,-0.006414732628137238,-0.0023694952467952536,-0.004045237381341984,-0.06349779951701888
2022-09-13,0.0032258617681079297,-0.001660699212221079,0.004886560980329007,-0.20880779973805189
2022-09-14,-0.002822430589009034,-0.0011142170664371048,-0.0017082135225719285,0.1399842567735646
2022-09-15,-0.01316584852126033,-0.002484682924321643,-0.010681165596938689,-0.011227411575339762
2022-09-16,0.006776589776046383,0.0009798638071162671,0.005796725968930119,0.2529271076278619
2022-09-19,-0.0006147573136778526,-7.581472845469132e-05,-0.0005389425852231615,0.0528240267884621
2022-09-20,0.0159478971274144,0.005780640781209684,0.01016725634620472,-0.20530826738415722
2022-09-21,0.0031445047579108125,0.0020780391714244964,0.0010664655864863152,-0.13984942996763491
2022-09-22,-0.012714981204465306,-0.003252403146848923,-0.00946257805761638,-0.007022634255535133
2022-09-23,-0.008306054938554892,-0.0037290110882959907,-0.004577043850258901,0.0246981122212089
2022-09-26,-0.0003490001582516636,-0.0007688430042757741,0.0004198428460241103,-0.11627703730477927
2022-09-27,0.0012549064342046675,0.0006033802474781965,0.000651526186726471,0.052938156934537794
2022-09-28,-0.006084432249388604,-0.0034327955033718067,-0.0026516367460167993,-0.047201157912740654
2022-09-29,0.0025067726460042067,-0.0004440331538982101,0.002950805799902417,0.11581807417358875
2022-09-30,-0.002397849235341796,-0.001957371972455881,-0.0004404772628859152,0.060481790977697375
2022-10-03,0.004308632303208814,0.0016720647533618113,0.002636567549847004,-0.06712139892699892
2022-10-04,0.0029734616645382054,0.00013265471641583926,0.0028408069481223666,-0.008833627379687018
2022-10-05,-0.00346959935072216,-0.0014547565048045018,-0.002014842845917658,0.07568635737094767
2022-10-06,-0.0003987517585322504,-0.0014268875482443544,0.0010281357897121042,0.17133229587231316
2022-10-07,0.0033072679067172725,0.0008057457193968061,0.0025015221873204672,-0.01821645902865526
2022-10-10,0.007259330383373678,0.0032318093914886713,0.004027520991885005,-0.04624940587174368
2022-10-11,-0.0008272021367327026,-0.001302518670414339,0.0004753165336816366,0.08910738614794898
2022-10-12,-0.002012756250711729,-0.0012576600320890014,-0.0007550962186227269,0.06822481567221914
2022-10-13,0.003800272285531403,0.0007675293211837041,0.0030327429643476995,0.059648391508045115
2022-10-14,0.002614941912370647,3.054187916993155e-05,0.0025844000332007136,-0.22688532509999498
2022-10-17,0.0023273746225718683,0.002044975552353142,0.00028239907021872755,0.18446496559016465
2022-10-18,-0.011204114021358885,-0.0033969472945545014,-0.007807166726804381,-0.10076825082544533
2022-10-19,0.007858486316226742,0.00379194218529637,0.0040665441309303725,-0.022319772959498607
2022-10-20,-0.004501484708380401,-0.0032447760796483595,-0.0012567086287320409,0.028496769342455985
2022-10-21,-0.0010626255150209996,-0.0018132147404718987,0.0007505892254508987,0.01814518697408662
2022-10-24,0.001341672686765445,0.002322208156585537,-0.0009805354698200937,-0.12039680805725521
2022-10-25,0.0010506916048305301,0.002501380913573008,-0.001450689308742478,0.04413175199673637
2022-10-26,-0.00663618134387975,-0.0012348740692698815,-0.005401307274609868,0.03188580402768094
2022-10-27,0.002368257622723858,0.0018880093449321336,0.00048024827779172513,0.19108737710103885
2022-10-28,0.00146150011123372,0.00037283989621619655,0.0010886602150175237,0.08296679313713612
2022-10-31,0.008975158519744739,0.004935712678860438,0.004039445840884303,0.03567460155137535
2022-11-01,0.004615815925531723,0.0024941082971796794,0.0021217076283520436,0.012520356345580698
2022-11-02,0.0015914848351407742,0.00021265634085714858,0.0013788284942836263,0.0288453239359336
2022-11-03,0.0005660633303577293,5.882716313013181e-05,0.000507236167227601,0.0019575978676725763
2022-11-04,0.0013790626975772615,-0.0004738895182360009,0.0018529522158132646,0.025452673461082053
2022-11-07,9.972242545432846e-05,-0.0030711269829077226,0.0031708494083620524,-0.05635579136377581
2022-11-08,0.0013791834258355259,0.002496615016241821,-0.0011174315904062954,-0.03496435344937377
2022-11-09,-0.0030811144693465194,-0.0030635945031475785,-1.7519966198940862e-05,0.06996166941010991
2022-11-10,-0.001961350537147818,-0.0019037439867880916,-5.7606550359728254e-05,0.04024023452896592
2022-11-11,0.0038079552020667193,0.002915494967831619,0.0008924602342351012,0.0016694355919130203
2022-11-14,0.0028460191731737314,0.0014010778620450089,0.0014449413111287234,0.05184882320172153
2022-11-15,4.7452676959734274e-05,0.002634563805074779,-0.002587111128115044,0.08767906264651724
2022-11-16,0.0029578439592571524,0.00026005516255309634,0.0026977887967040547,0.041742168804603456
2022-11-17,0.003790529947465711,-0.0002371063610921133,0.0040276363085578245,-0.10567932627109901
2022-11-18,0.0021318931218461314,-0.0006876087214403737,0.002819501843286507,-0.1849602936668104
2022-11-21,-0.005269912610266263,-0.0008581756494479252,-0.0044117369608183375,-0.11744477908805705
2022-11-22,-0.00964502538515455,-0.0026331301963492225,-0.007011895188805323,-0.09512581534071034
2022-11-23,-0.006004289200687183,-0.00011248740809727178,-0.005891801792589911,-0.0421673780772009
2022-11-24,-0.00505024857296203,-0.002238214623448844,-0.0028120339495131853,0.09307234593005832
2022-11-25,-0.002048791648659053,-0.0023202639508124786,0.00027147230215342644,-0.21578631092113507
2022-11-28,0.004237894935627089,0.001650944721945658,0.00258695021368143,-0.1610346931710588
2022-11-29,-0.010609219443442265,-0.004103203246515157,-0.0065060161969271064,-0.12118793690432285
2022-11-30,-0.007055525286159601,-0.0013726055058168934,-0.005682919780342706,0.05812956025495867
2022-12-01,-0.005699496507105352,-0.0031521775188448208,-0.0025473189882605305,0.03833341360058159
2022-12-02,0.002635486793396543,0.0007174095644258771,0.0019180772289706669,-0.033133842491848704
2022-12-05,0.0017808220524851697,0.001395238373233321,0.0003855836792518493,0.048140887362241855
2022-12-06,-0.0016088554846908501,-1.280759737516679e-05,-0.0015960478873156825,0.15104856714257275
2022-12-07,0.0024765022657404203,-0.000252364781788065,0.0027288670475284853,0.006705391334282397
2022-12-08,0.007320995068439733,0.00228398957125751,0.005037005497182223,0.1687281455869925
2022-12-09,0.00031083489331563215,-0.000547672477945519,0.0008585073712611517,0.0024040077250683145
2022-12-12,0.007795195597553393,0.0013996844606232704,0.006395511136930123,0.06011104480405479
2022-12-13,0.00013652719640159963,0.0009621027734401207,-0.0008255755770385207,0.008709994453265363
2022-12-14,0.002640974331830036,0.0001811730981108135,0.0024598012337192225,0.12375987498906342
2022-12-15,0.0003841977193927052,0.0016859659661282392,-0.0013017682467355348,-0.14064600251688855
2022-12-16,0.00563816168391626,0.0017756748842942607,0.003862486799621998,0.11315019341271026
2022-12-19,-0.008047525029771919,-0.0008226011362680863,-0.007224923893503835,0.12602991261029034
2022-12-20,0.0058768073902108805,0.003454484902598518,0.002422322487612363,0.01930157458961317
2022-12-21,0.005925919849191216,-1.4639685423829124e-05,0.005940559534615041,0.03875539864854
2022-12-22,0.0009562683234629881,0.0012351342699299349,-0.0002788659464669479,-0.06198519498686136
2022-12-23,0.0019805768189031514,0.0012298534186926384,0.0007507234002105124,0.05809741525769828
2022-12-26,-0.0034454514295586547,-7.41606766338325e-05,-0.003371290752924824,0.029677964874649573
2022-12-27,0.002659967114654988,0.0036447908331450844,-0.0009848237184900965,0.15691737958737234
2022-12-28,0.0012787412218065253,-0.0005208305228256984,0.0017995717446322229,0.15509910484389564
2022-12-29,0.006793241204727454,0.0015974292401006174,0.005195811964626835,0.05398976777262615
2022-12-30,0.006473616858987345,0.0019168608484627686,0.0045567560105245755,0.21877030454329688
2023-01-02,0.0022254659660054118,0.0005761700606085919,0.0016492959053968203,-0.053246945738403564
2023-01-03,0.009029885589218674,0.005329011086813282,0.003700874502405393,0.19733182294022455
2023-01-04,-0.0020376086906427862,-0.0006249198022923238,-0.0014126888883504627,0.005074480591207391
2023-01-05,0.007974204860311872,0.0012465020177968855,0.0067277028425149835,0.11963466537853329
2023-01-06,0.0001964801226251485,2.5200740855471117e-05,0.00017127938176967825,-0.06801636498523184
2023-01-09,0.007365916326802345,0.0008618700710630554,0.00650404625573929,0.12625918267124336
2023-01-10,-0.0033717045520674062,-0.0013610435573996917,-0.0020106609946677154,0.02620034846940642
2023-01-11,0.0054499760974172275,0.0008057047209390142,0.004644271376478213,-0.24078526092874716
2023-01-12,0.0011263529138179351,0.0018932290264216294,-0.0007668761126036951,-0.09701834828917397
2023-01-13,-0.013436910042185144,-0.00949888420725207,-0.003938025834933072,0.2790880716096066
2023-01-16,-0.004530563946265163,-0.0005966816819884431,-0.003933882264276718,0.09338198511594555
2023-01-17,0.013862905933092886,0.005866676098557545,0.00799622983453534,0.13271780974859462
2023-01-18,0.0037691162137240618,0.0012042651517355754,0.0025648510619884868,0.21938849298172675
2023-01-19,0.004514895837306448,0.0019748720461631748,0.002540023791143273,0.07021320042447847
2023-01-20,0.008764119364858016,0.0023356565382925756,0.006428462826565444,0.06595777540859395
2023-01-23,0.0028924617254504578,0.0023251608088686766,0.000567300916581779,0.22417947494093807
2023-01-24,0.0026837363012015844,0.0010645692962837038,0.0016191670049178807,-0.39651616167011305
2023-01-25,0.010827959160009833,0.0020400280334055103,0.008787931126604323,0.3569737816873978
2023-01-26,-0.01722022224359244,-0.0066532291476898864,-0.01056699309590256,0.050368455166219295
2023-01-27,0.01403235632225476,0.005582017206840118,0.008450339115414644,0.11250735248884382
2023-01-30,0.0020900575527615325,0.0008216735238625384,0.0012683840288989939,0.15079825163810232
2023-01-31,0.004450845469374521,0.0023513817748428856,0.0020994636945316355,-0.21806676442960304
2023-02-01,0.0062965085921794705,0.0030163329575289624,0.003280175634650509,0.09211127850379655
2023-02-02,-0.01090038086695007,-0.0028576134611501833,-0.008042767405799886,0.09046102991244752
2023-02-03,0.004255452309516132,9.171750552883738e-05,0.004163734803987294,-0.12008790346409073
2023-02-06,0.0043703767265671,0.0006929876408632227,0.0036773890857038777,0.06390068285550657
2023-02-07,-0.0061016413913689786,-0.0006978568147648755,-0.005403784576604103,-0.07512098308815957
2023-02-08,0.0034344045835305714,0.001120876743945936,0.002313527839584639,0.20925011110385452
2023-02-09,-0.0038710142529949413,-0.0016688635626818313,-0.002202150690313119,0.1797579020264283
2023-02-10,0.012492678575376486,0.00430207387743242,0.008190604697944066,0.1937209927138139
2023-02-13,0.010909401676143324,0.002922598370863859,0.007986803305279459,0.19822477863650595
2023-02-14,0.009498165643529372,0.004036429512670522,0.005461736130858846,-0.11715809269745114
2023-02-15,0.014345526201339064,0.008898995970774808,0.00544653023056426,0.1396530393120144
2023-02-16,-0.007164381684591057,-0.001753977347518327,-0.00541040433707273,0.23101070734255352
2023-02-17,0.008219111105691436,0.006379069695629215,0.0018400414100622209,-0.12744315296457334
2023-02-20,0.02327180344190738,0.013633352534028587,0.009638450907878793,-0.053915311286994075
2023-02-21,-0.01592222163852802,-0.006873935569613909,-0.009048286068914106,-0.12628977726202084
2023-02-22,-0.007143746347858819,-0.0025923642359140762,-0.004551382111944741,-0.11676486601369715
2023-02-23,-0.012396088852297763,-0.010084389234314463,-0.002311699617983304,-0.0715152312159318
2023-02-24,-0.010576496778981424,-0.004353709117230705,-0.006222787661750717,0.06610869799100313
2023-02-27,-0.004259309069679746,-0.0005707566703944782,-0.0036885523992852675,-0.20682281360018104
2023-02-28,0.003811044918401114,0.0005432436613723619,0.003267801257028753,-0.2109271887157574
2023-03-01,-0.011627510599227276,-0.00484102604495513,-0.006786484554272148,-0.09707860399490523
2023-03-02,-0.013696683253651146,-0.007795448089001981,-0.005901235164649167,-0.18522150596083378
2023-03-03,-0.005638777497468359,-0.0037349428886557763,-0.001903834608812582,0.20339825344832863
2023-03-06,-0.010182647727793214,-0.0035478355312645177,-0.0066348121965286895,-0.27112163105913206
2023-03-07,0.016283839248380057,0.008060145555439456,0.008223693692940605,-0.06728379828093477
2023-03-08,-0.015707533092695784,-0.005775310277686799,-0.009932222815008988,-0.05051719956050762
2023-03-09,-0.003860425735043609,-0.001114298239383936,-0.0027461274956596723,0.05446699650121227
2023-03-10,-0.003198853014897072,0.0017869477438428511,-0.004985800758739924,-0.036567704801167174
2023-03-13,0.0031561055955646156,0.0012681016260097794,0.001888003969554835,0.11900309751700981
2023-03-14,-0.0019304102923582936,-0.00045111767886909897,-0.0014792926134891936,-0.0825019036142848
2023-03-15,0.007508353259410866,0.0010207375570737733,0.006487615702337092,-0.12056539393348654
2023-03-16,-0.004652028576896355,0.0005573876662263114,-0.005209416243122669,-0.16940415531825828
2023-03-17,-0.007046443514488699,-0.005346103462642174,-0.0017003400518465252,0.044071857451510855
2023-03-20,-0.010415473714265183,-0.00791786524304753,-0.002497608471217652,0.12245102184371272
2023-03-21,0.002368183311705572,0.0020799442217487966,0.0002882390899567758,0.01829540235236329
2023-03-22,0.0063760955026643746,0.0018995814896670135,0.004476514012997361,-0.1587619862610096
2023-03-23,0.0008408845533600678,-7.641969144706398e-06,0.0008485265225047743,0.0008707146598363883
2023-03-24,-0.007834813955067896,-0.0020633408186115938,-0.005771473136456304,-0.08936084850043821
2023-03-27,4.177118632701167e-05,-0.0009175868705445932,0.0009593580568716038,0.002328046532268736
2023-03-28,-0.005020890882454753,-0.003077676567428876,-0.0019432143150258773,0.026334377481202337
2023-03-29,0.00013492307066853798,-3.338138315930016e-05,0.00016830445382783835,0.19713307586062592
2023-03-30,0.0016570418686633023,0.002224909085586837,-0.0005678672169235344,0.1410006869277843
2023-03-31,0.012737974399025489,0.0038020684322474553,0.008935905966778034,0.17605010230159918
2023-04-03,0.008859074382635834,0.0017196966768586379,0.007139377705777198,-0.18861006289854454
2023-04-04,0.012056794941724317,0.0024038060129280905,0.009652988928796222,0.11976070414130736
2023-04-05,-0.012238147761583447,-0.003086420948195244,-0.009151726813388206,-0.025711870189282848
2023-04-06,0.0072927439361315655,0.0034896426039927736,0.003803101332138791,0.24149302250663632
2023-04-07,-0.0016808577504617967,-0.0007807695813043386,-0.0009000881691574592,0.2221503261279975
2023-04-10,0.014845448090644486,0.003930002432325885,0.010915445658318597,0.18193794786032366
2023-04-11,0.01464780486009225,0.0055837605558042396,0.009064044304288008,-0.008089279070476574
2023-04-12,0.012268699437042441,0.005702501720402833,0.006566197716639608,0.22258968148690184
2023-04-13,-0.00045871127730557075,-0.0014092239897584222,0.0009505127124528525,0.08522896502606789
2023-04-14,0.01293453958562515,0.005805108853968644,0.007129430731656505,0.15982195819256673
2023-04-17,0.005004079266009249,0.0024081250122453056,0.002595954253763943,0.12181147458643686
2023-04-18,0.009864645415598297,0.006036685870454625,0.003827959545143672,0.25963129524591766
2023-04-19,0.010917934061760132,0.007078761934751668,0.0038391721270084646,-0.22945443223961598
2023-04-20,0.022033143421814137,0.011525564143128032,0.010507579278686098,0.034001460631712756
2023-04-21,-0.01854908495120357,-0.009073665803721633,-0.009475419147481949,0.20423135634718992
2023-04-24,0.002112095951834505,0.003354180861785001,-0.001242084909950496,-0.024030622159161207
2023-04-25,0.013132282821715888,0.007775667859004799,0.005356614962711088,-0.22151249660298286
2023-04-26,-0.0018320312087303859,-0.004529285424953454,0.002697254216223065,-0.3051399030586118
2023-04-27,-0.014720594347236129,-0.010974931051290139,-0.0037456632959459906,0.03762716552215705
2023-04-28,-0.019294458718554664,-0.007781829968014329,-0.011512628750540339,-0.27186367120960764
2023-05-01,0.002255262680428604,-0.0004303305817361248,0.002685593262164729,-0.22589951688105148
2023-05-02,-0.019244741308413443,-0.008145603787079393,-0.011099137521334047,0.18792647688323172
2023-05-03,-0.016503202544554105,-0.012726753530224795,-0.0037764490143293063,0.14590010470210507
2023-05-04,0.013092703833023217,0.005271553767012555,0.007821150066010661,-0.13708519785907353
2023-05-05,0.009318691232344902,0.005854401842963677,0.0034642893893812293,0.21159891197746158
2023-05-08,-0.007342317449126695,-0.002539962681456033,-0.004802354767670661,-0.020132300782244265
2023-05-09,0.012646411577021469,0.006134423344936437,0.0065119882320850316,0.2159962177623471
2023-05-10,-0.0009555764552595884,0.0006084310420397306,-0.0015640074972993172,0.269545722705962
2023-05-11,0.012513047798260447,0.005541731559733569,0.0069713162385268805,-0.06608242288263345
2023-05-12,0.01809707195746557,0.010077328257890629,0.00801974369957494,0.07918549505798457
2023-05-15,-0.0036077865909195012,-0.0026097591986372955,-0.0009980273922822061,-0.07398350153708293
2023-05-16,0.004043086130956323,0.0024753729395249977,0.0015677131914313257,-0.10871974199075164
2023-05-17,-0.003982050569928637,-0.003291357665464991,-0.0006906929044636456,-0.04649340665106364
2023-05-18,-0.006445042155932852,-0.0022165276456869495,-0.004228514510245904,0.07561827905469885
2023-05-19,-0.002859229613190997,0.0014968365554840326,-0.00435606616867503,-0.14622149553795605
2023-05-22,0.0036832469111239977,0.001708423057543677,0.00197482385358032,0.06126320545425441
2023-05-23,-0.007678188741127169,-0.005321009948143315,-0.0023571787929838523,0.147639850561116
2023-05-24,0.003116008569991408,0.0012162571313841831,0.0018997514386072285,-0.07163805380428176
2023-05-25,0.008382976114807494,0.0002568787245531487,0.008126097390254345,-0.007371457527805331
2023-05-26,-0.004218920574741815,0.0006848449032525071,-0.004903765477994321,0.046425557774747904
2023-05-29,-0.00036236317807891456,-0.0014855928794455676,0.0011232297013666522,-0.0008738665475946207
2023-05-30,0.002233451478494611,0.002480684806403317,-0.000247233327908706,-0.07281495659239914
2023-05-31,-4.85966354810065e-05,-0.0006969953241179848,0.0006483986886369787,-0.039705470774459274
2023-06-01,-0.0037028271631174095,-0.0026812079545699766,-0.0010216192085474324,0.046766371175321106
2023-06-02,-0.0022356889895748127,0.002787473125842835,-0.005023162115417649,-0.01801296123204554
2023-06-05,0.0028068578526808073,0.003916842205656331,-0.0011099843529755239,0.08994827776723617
2023-06-06,-0.000909723824723922,-0.0022956824585970512,0.001385958633873129,0.09414287993805404
2023-06-07,0.006031498187000665,0.0056282960485083446,0.0004032021384923201,-0.17673638322686253
2023-06-08,0.005419413004912593,0.0009421259343095779,0.004477287070603015,-0.14929447690228292
2023-06-09,-0.009405812512580491,-0.005640250673801053,-0.0037655618387794397,-0.0716529432877215
2023-06-12,-0.007255149448042338,-0.0023175528429440206,-0.004937596605098318,0.003434716893319722
2023-06-13,-0.0030999811105209725,-0.0016681192450674585,-0.001431861865453514,-0.019362102708510694
2023-06-14,0.0001481171469416726,0.0010616901033230174,-0.0009135729563813444,-0.1597866913020437
2023-06-15,-0.0009256125840754389,-0.0009516390864327835,2.6026502357343398e-05,-0.010216669967062426
2023-06-16,-0.007605460406706755,-0.0031112555660313367,-0.004494204840675418,0.1553881559431661
2023-06-19,-0.0004996357901985589,-0.00028102277058226523,-0.00021861301961629415,-0.00960438748148953
2023-06-20,0.0076916453332550915,0.003910825489998094,0.0037808198432569932,0.08463413990166598
2023-06-21,-0.0004158474298063666,-0.0011755075597620623,0.0007596601299556957,0.08334874941353974
2023-06-22,0.004964992444796189,0.002273124537428804,0.002691867907367383,-0.0995440627074624
2023-06-23,0.005118424092230298,0.0004410858903097809,0.004677338201920517,0.10205596678410193
2023-06-26,-0.006140348837327803,-0.0037560668744682814,-0.00238428196285952,-0.09318404122988037
2023-06-27,0.004522479584699347,6.888219013616997e-05,0.004453597394563174,-0.054352259281723526
2023-06-28,-0.004888704606865467,5.467524068077361e-05,-0.004943379847546243,0.10843359852744536
2023-06-29,-0.0029558079708944442,-0.000812359130109519,-0.0021434488407849252,0.09979510381962832
2023-06-30,0.006812176576474498,9.243426760547138e-05,0.006719742308869027,0.09231076315978284
2023-07-03,0.005515077823711807,1.147432413889024e-05,0.005503603499572919,0.044172444550753705
2023-07-04,0.004115930781388649,0.003885649291223831,0.0002302814901648173,0.08465220965632293
2023-07-05,0.0022010742343582575,-0.0001828213788108487,0.0023838956131691062,-0.1525249926656413
2023-07-06,0.004697929746320962,0.003641056193416519,0.0010568735529044443,-0.06434949466852555
2023-07-07,-0.00921871751958092,-0.0004888894059815116,-0.008729828113599406,0.008956200169646305
2023-07-10,-0.004195162585787312,-0.0019477328245952642,-0.0022474297611920473,0.03532650527503695
2023-07-11,0.0004717019309438248,-0.0005609305017817597,0.0010326324327255866,0.07547353456814572
2023-07-12,0.0018095592754042837,-0.0002723949241967372,0.002081954199601021,-0.17559117644641278
2023-07-13,0.003897707099856061,0.003449060449730359,0.000448646650125702,0.10003696620877155
2023-07-14,-0.008747283733219691,-0.0018320790099873234,-0.006915204723232367,0.047204110077993584
2023-07-17,0.00572237065126668,0.0003552703657312504,0.00536710028553543,-0.1308816328470323
2023-07-18,0.0024273206221077995,0.0023014888587763547,0.00012583176333144457,-0.14027232392580416
2023-07-19,-0.00637130219852948,-0.003562767603073466,-0.002808534595456016,0.12379880907756413
2023-07-20,-0.007397240682282231,-0.002839662865706651,-0.00455757781657558,0.04462661430875422
2023-07-21,0.007790365674960275,0.002617764992050825,0.005172600682909451,0.029352323679696098
2023-07-24,0.002544197598911963,0.0018760828131423705,0.0006681147857695927,-0.1215652242236582
2023-07-25,0.0015465110674551447,-0.0007541465768803753,0.00230065764433552,-0.09278967731411047
2023-07-26,-0.006048184244944842,-0.0018687854870450583,-0.004179398757899785,-0.010159877725623647
2023-07-27,-0.005582111747973267,-0.0005676207849583832,-0.005014490963014883,-0.15851397419231267
2023-07-28,-0.0005559166033428341,-7.577128779420218e-05,-0.000480145315548631,-0.02210318396847772
2023-07-31,-0.009035742330907787,-0.0033303254268223434,-0.005705416904085443,0.10263711716546935
2023-08-01,-0.0011349054641022157,-0.0010370718130694096,-9.783365103280608e-05,0.14063310702695067
2023-08-02,0.005789465535564094,0.0023519573088248875,0.003437508226739206,0.09769933901007044
2023-08-03,0.009017345091478326,0.00034953496654265004,0.008667810124935674,0.0019828664756520974
2023-08-04,0.005283480915834808,1.298476175878513e-05,0.005270496154076022,0.14750372051225955
2023-08-07,0.00011306639704615202,0.0001558752290113511,-4.2808831965198855e-05,0.010006971715049065
2023-08-08,0.00857328426826874,0.000493355072283901,0.008079929195984837,0.1308562984494461
2023-08-09,0.0005207963734395471,0.0007153612588813914,-0.00019456488544184435,-0.0842853856410354
2023-08-10,0.007894182305489515,0.0027895281989940134,0.005104654106495502,-0.09941530416711881
2023-08-11,-0.0033942272290912448,-0.0007216490980013991,-0.0026725781310898457,-0.0996921315787906
2023-08-14,-0.0047495261595430814,-0.0027098606500200973,-0.002039665509522984,0.010207589299080144
2023-08-15,-0.0046673731908845615,-0.00211796789841129,-0.0025494052924732707,0.05650410358014795
2023-08-16,0.0005703242594636163,-0.0017480902410068212,0.002318414500470437,-0.005687137181661556
2023-08-17,0.0036399082661891153,0.002017654488763431,0.0016222537774256843,-0.03684058481814522
2023-08-18,-0.0003288866510114362,-0.0001507259101873673,-0.0001781607408240654,0.1256254211604192
2023-08-21,-0.001920098074947092,-0.001772961337199658,-0.0001471367377474343,-0.006413258887488118
2023-08-22,0.006876414376683522,0.003471881052252254,0.0034045333244312713,0.05822666877851439
2023-08-23,-0.00036437798369576204,-0.0005287777133211825,0.00016439972962542016,0.1326943418399724
2023-08-24,0.0032802380730630786,3.992454225611522e-06,0.003276245618837468,0.06896713307068662
2023-08-25,0.007852170710753514,0.0026713605040005004,0.00518081020675301,-0.18188316964009693
2023-08-28,0.003880553371453151,0.0020559228998705452,0.0018246304715826046,-0.28483294566704903
2023-08-29,-0.010436095443661524,-0.007193224794983242,-0.003242870648678285,0.25316315826795394
2023-08-30,-0.014393440953412252,-0.006892545522335279,-0.007500895431076973,-0.13564413916286042
2023-08-31,0.014739307947604375,0.006509456609569444,0.008229851338034933,0.06931362831071307
2023-09-01,-0.006827366587747061,-0.002774672370261723,-0.004052694217485338,-0.10582414536657976
2023-09-04,0.00329590450498932,0.0007016158459175097,0.0025942886590718094,0.05629294932329359
2023-09-05,-0.004819047744837905,-0.0018918302839751253,-0.0029272174608627813,0.06310400038422337
2023-09-06,0.0027867903503535976,0.0030021621733240748,-0.00021537182297047715,-0.02622883709124619
2023-09-07,0.003379382478142278,-0.00046730418215147444,0.003846686660293753,0.07489532894728683
2023-09-08,-0.001594033852630574,-0.000993513056956339,-0.0006005207956742346,0.10139250872466468
2023-09-11,0.004203110020465573,0.0010030319799752465,0.0032000780404903275,0.09041848026204687
2023-09-12,0.005172152823543206,0.0007369152265898932,0.004435237596953314,-0.024625706349665374
2023-09-13,0.004894966761282366,0.0007918558391831077,0.004103110922099256,-0.04107476942282615
2023-09-14,-0.0013863812007403704,-0.00027864502366020585,-0.0011077361770801654,-0.09506614707942618
2023-09-15,-0.002136079436702693,-0.0018416453952269686,-0.0002944340414757253,-0.11914368903166382
2023-09-18,-0.005751160947616003,-0.0028966125970214477,-0.0028545483505945553,0.010603321704546097
2023-09-19,-0.005944566274264795,-0.002454126629431013,-0.0034904396448337816,-0.02600885785675673
2023-09-20,0.0006753618040024835,0.000847426472762175,-0.00017206466875968607,0.07706498491752013
2023-09-21,-0.0014377005907293859,-0.0016449261333570976,0.00020722554262771024,-0.06257720225113611
2023-09-22,0.0049885525143053165,0.0039230021030746964,0.0010655504112306174,-0.15071742108670708
2023-09-25,-0.004081641518119473,0.001588142893458759,-0.005669784411578227,-0.2041457403983647
2023-09-26,-0.014178196699220331,-0.003954654255900844,-0.010223542443319494,-0.046082599887504
2023-09-27,-0.026176739731727815,-0.011589550445826956,-0.014587189285900859,0.10892904761952805
2023-09-28,-0.005167750301166949,-0.004198327572323121,-0.000969422728843844,-0.05248164228615234
2023-09-29,0.008798522527087205,0.00023276386691719383,0.00856575866017001,-0.04391938973940739
2023-10-02,-0.003903041614011884,-0.00747771451078421,0.003574672896772317,-0.11267939543746934
2023-10-03,-0.0027112358268885483,0.002303641731929526,-0.005014877558818076,0.03744993348899205
2023-10-04,-0.00700218991146165,-0.004849258168688905,-0.0021529317427727464,-0.09006830186359925
2023-10-05,0.0024744640379137117,0.0009908094828809492,0.0014836545550327624,0.0012884523632462619
2023-10-06,-0.006056054728960216,-0.0014665792149073055,-0.004589475514052911,-0.10257018300735476
2023-10-09,7.939136391770614e-05,0.005352420704059231,-0.005273029340141525,-0.059404462185968475
2023-10-10,-0.008204184246074823,-0.0015215784618239775,-0.006682605784250846,-0.008108134224811608
2023-10-11,-0.00455084826978547,-0.0016987978283918986,-0.0028520504413935693,0.029597794806569492
2023-10-12,-0.0005677243826139735,-0.00015131401841425888,-0.0004164103641997154,0.009574698441520955
2023-10-13,0.0020818383919084223,-0.0007838620875087947,0.002865700479417216,-0.16495031983104375
2023-10-16,0.0006047836294996855,0.0013547892597388402,-0.0007500056302391575,-0.11319920417270365
2023-10-17,-0.01285230002743618,-0.006175146606172098,-0.006677153421264084,-0.035718946148006345
2023-10-18,-0.010291509812199232,-0.003131752032154364,-0.00715975778004487,-0.11620537239467522
2023-10-19,-0.0029716268743081656,-0.00025425536777601634,-0.0027173715065321492,0.02739982249424171
2023-10-20,-0.009357152738021686,-0.002063427358335295,-0.007293725379686391,0.02490819663662517
2023-10-23,0.0030982390835178793,0.00239741917489298,0.0007008199086249028,-0.04844376296513396
2023-10-24,0.002033677809507573,-2.7875928634228664e-05,0.0020615537381418036,0.050240227653579564
2023-10-25,-0.0034639459539195236,0.0018716331109015077,-0.0053355790648210305,0.03984709443246788
2023-10-26,0.004008834854754704,0.001149486291897213,0.0028593485628574927,-0.04364388512213295
2023-10-27,0.003317168812013622,0.0005874901553039324,0.0027296786567096894,-0.11192103521186521
2023-10-30,-0.0033822240210307675,-0.003063103512554377,-0.0003191205084763912,0.010840806153572479
2023-10-31,-0.009494293350576334,-0.005609980315418501,-0.003884313035157832,0.04882670187972984
2023-11-01,0.0007871117330127599,-0.00013366749961328007,0.0009207792326260417,0.13136117363443225
2023-11-02,0.003162570117125265,0.00174141452853274,0.0014211555885925247,0.19651931335647366
2023-11-03,0.008695756595480757,0.001660947701486462,0.007034808893994299,0.18227708933230372
2023-11-06,0.014752527809003112,0.0034875098069849734,0.011265018002018144,-0.09392288793676119
2023-11-07,0.018415052868660752,0.0047611506480353775,0.013653902220625371,-0.07348748426739656
2023-11-08,-0.006679264240585717,-0.0015096157836261975,-0.005169648456959521,0.013011875212707262
2023-11-09,-0.004682270989483926,-0.0006356731755059637,-0.00404659781397796,0.0849349710746201
2023-11-10,0.0008554663513480249,0.0003784482059147991,0.00047701814543322585,0.1822512933716201
2023-11-13,0.006726923462949433,0.003103773907278215,0.0036231495556712165,0.10480875482851873
2023-11-14,0.013746721560054506,0.005467937284214347,0.008278784275840157,-0.007602949989557427
2023-11-15,0.008134167307207563,0.0035458120327297995,0.004588355274477764,0.06187974062245017
2023-11-16,-0.000519979254094079,0.0012070063597153895,-0.0017269856138094689,-0.10764514757601977
2023-11-17,0.004109086821580923,0.0016417074803900603,0.0024673793411908625,-0.11489553170042341
2023-11-20,-0.0069142539416941415,-0.0027851237400447603,-0.004129130201649381,-0.0794512351762954
2023-11-21,-0.007854768383223682,-0.0020826551755618802,-0.0057721132076618,-0.03077793228511241
2023-11-22,-0.005443232424507641,-0.0019641782855546984,-0.0034790541389529426,-0.08359838106233497
2023-11-23,-0.002116576315770983,-0.0008304570150599773,-0.001286119300711007,0.14128688411717724
2023-11-24,-0.005637475133994605,-0.000173369459836991,-0.0054641056741576155,0.07114809082089885
2023-11-27,0.00924839897057428,0.0035369200634872266,0.005711478907087054,-0.13837873663568173
2023-11-28,0.004451788407867589,0.0018167508041282317,0.002635037603739357,0.05302224750969549
2023-11-29,-0.00902972213489105,-0.0035569793266446645,-0.005472742808246384,-0.014465838177128602
2023-11-30,0.0036025016957430918,0.001395457914773638,0.0022070437809694546,0.009494751286707424
2023-12-01,-0.0009729425572491996,-1.872787415398841e-05,-0.0009542146830952107,0.1793702466649071
2023-12-04,0.0007064498394149937,0.0007834165469437354,-7.696670752874168e-05,0.03904928752915171
2023-12-05,0.013511993892993979,0.004150282994003386,0.009361710898990593,-0.07846804025792234
2023-12-06,0.003011833626941275,-0.00027908696253086535,0.0032909205894721405,-0.024765798059613563
2023-12-07,-0.005234094865353301,-0.003154150800515167,-0.0020799440648381342,-0.11194646405777371
2023-12-08,-0.0016773330417163227,-0.0022274647382571687,0.0005501316965408465,0.17160502545821466
2023-12-11,-0.006897724629905147,-0.0030225605059158323,-0.003875164123989315,0.11364669831794563
2023-12-12,0.01509182864773466,0.0031993291071846647,0.011892499540549994,0.20889719686460473
2023-12-13,0.007547455294007124,0.0029322046101047505,0.004615250683902372,-0.13008432011704207
2023-12-14,0.014695784452463077,0.005114742392614929,0.009581042059848149,0.03642402742403738
2023-12-15,-0.008238955590013726,-0.00305412812580953,-0.005184827464204197,0.12527603979483107
2023-12-18,0.002192155159547218,1.6952175527046656e-05,0.0021752029840201685,0.1934701062023501
2023-12-19,0.007718033564818169,0.002707055667781267,0.005010977897036901,-0.02574519718880026
2023-12-20,0.01347989234743189,0.004838841747459761,0.008641050599972132,0.29565035559762437
2023-12-21,-0.0017655603030610218,-0.0010372028519998432,-0.0007283574510611769,0.19350369065019452
2023-12-22,0.023709032478428635,0.009759536903325587,0.013949495575103055,-0.3182861127920438
2023-12-25,0.014984666177301703,0.00526152812319087,0.009723138054110833,-0.14786030384377605
2023-12-26,-0.02132952135028416,-0.007258052479812906,-0.014071468870471254,-0.2628192587809427
2023-12-27,-0.008252561700282355,-0.0020331139090160955,-0.006219447791266258,0.16741291431484867
2023-12-28,-0.01504623056656137,-0.006587803985364045,-0.008458426581197324,0.1382196102947168
2023-12-29,0.011373218715303848,0.0031439566450504747,0.00822926207025337,-0.4552191749096731
2024-01-01,0.008523166436555516,0.0009281599149089101,0.007595006521646606,-0.06485665878918019
2024-01-02,-0.024939085213656016,-0.008684013192002661,-0.016255072021653355,-0.09439735909453614
2024-01-03,-0.0034910075171733514,-0.0004980029191687186,-0.0029930045980046333,0.21877566361138445
2024-01-04,-0.004764413400917291,-0.0017774932350541738,-0.002986920165863119,-0.01814802517225071
2024-01-05,0.012493956510944459,0.005934146976502612,0.0065598095344418465,0.04394311468172025
2024-01-08,-0.0009470131634559771,0.0012049634440357082,-0.002151976607491686,0.11583681565300948
2024-01-09,0.0025570728774178507,0.003471904006903416,-0.000914831129485566,0.09750073236157963
2024-01-10,0.006248854023348859,0.004748001679779715,0.0015008523435691423,-0.14036722373030172
2024-01-11,0.005272997136118788,0.0017411724173680904,0.003531824718750697,0.25752741824754133
2024-01-12,-0.009252775740912987,-0.002835250284488845,-0.00641752545642414,-0.3026134875623725
2024-01-15,0.019529106029517157,0.0061126646966570605,0.013416441332860091,-0.26269905991378106
2024-01-16,-0.0266388987848622,-0.015224918805193405,-0.011413979979668799,-0.04261556151906161
2024-01-17,-0.016451179990579577,-0.004880522650339506,-0.011570657340240067,-0.1703044110113952
2024-01-18,-0.0022705834303609665,-0.00016480154956016388,-0.002105781880800805,-0.040722273158382054
2024-01-19,-0.01147238855722633,-0.004910129737705507,-0.006562258819520824,-0.18766268966224112
2024-01-22,-0.002523757270690862,0.0010561717513286875,-0.0035799290220195484,-0.06220070321697629
2024-01-23,-0.011215151537637715,-0.0023822252803097892,-0.008832926257327926,0.1220041476186448
2024-01-24,-0.003890281724140016,-0.004148839093659321,0.0002585573695193053,-0.1270991832993837
2024-01-25,0.008845175129305582,0.005135175284561607,0.003709999844743976,-0.013668067009324256
2024-01-26,-0.008981366701276788,-0.0019069944296331975,-0.00707437227164359,-0.06716215829837238
2024-01-29,-0.0009791702772622432,-0.005127016731748802,0.004147846454486563,-0.04785114461058935
2024-01-30,-0.00416439510926736,0.0026675731105306154,-0.006831968219797976,-0.028361489402155316
2024-01-31,-0.0028328661516069764,-0.0008328254064666717,-0.002000040745140305,0.014516759074176159
2024-02-01,-0.00198228023145229,0.004832107686749564,-0.006814387918201855,0.003199559687879433
2024-02-02,0.0009686053610738696,-0.0007372298665766067,0.001705835227650477,0.03958488847392834
2024-02-05,0.00019568820379106504,-0.001263001268421788,0.0014586894722128521,0.01726746885919812
2024-02-06,0.0022759666738373426,0.0018940929421621972,0.00038187373167514367,0.07897789721786035
2024-02-07,0.0011892649113178374,-0.002003195096541335,0.0031924600078591728,0.053464420090690676
2024-02-08,0.006288347143566176,-0.004293472356977721,0.010581819500543894,0.0710336859006448
2024-02-09,0.003788913482469816,-0.00047345038865633524,0.004262363871126152,-0.14322746237296421
2024-02-12,0.004898284474740825,0.004728612189039564,0.00016967228570126218,-0.10680575018237277
2024-02-13,-0.008521441899628154,-0.0010010492781333039,-0.007520392621494851,0.12558377303823126
2024-02-14,-0.007095192642889371,0.0026772722299012557,-0.00977246487279063,-0.0091609686031139
2024-02-15,0.007801525662864413,0.0014776117567127955,0.006323913906151618,-0.029167375355605485
2024-02-16,-0.0005337773026353408,-0.0022976738039444224,0.001763896501309081,-0.08990139589579808
2024-02-19,-0.0015441588923636612,-0.0010430566003506014,-0.0005011022920130594,0.260907725424122
2024-02-20,-0.005462072879635071,-0.0015730247114456356,-0.0038890481681894363,-0.11004879586002696
2024-02-21,0.015821368864652588,0.0035779237707530345,0.012243445093899552,-0.0044922749363320216
2024-02-22,-0.006531842071325945,-0.0031991168371204096,-0.003332725234205535,-0.006459101556908606
2024-02-23,-0.00027529215196422035,-0.0011412544377063507,0.0008659622857421301,0.12529866918332486
2024-02-26,-0.0003199723395039155,0.0009668262250445967,-0.001286798564548513,0.14277399741111088
2024-02-27,0.006626541345067485,0.0018104644867624597,0.004816076858305025,0.26727319236842034
2024-02-28,0.008451674342238159,0.0025431183056460523,0.005908556036592107,0.14511054994300748
2024-02-29,0.01692531276027788,0.003963755782161868,0.012961556978116013,0.3172259915022586
2024-03-01,0.010226378497349508,0.00494523862850748,0.0052811398688420285,-0.06769572849290999
2024-03-04,0.021608955395165733,0.00647570887088935,0.015133246524276382,0.05479208604709978
2024-03-05,-0.0034055614576255526,-0.003225438927114188,-0.00018012253051136445,0.02415946880420634
2024-03-06,0.0031451240248190843,0.00038613022310307,0.002758993801716016,-0.12662970542594193
2024-03-07,0.001346717617113459,0.0007583448477003034,0.0005883727694131549,0.3385364098891277
2024-03-08,-0.0072429357252308015,-0.003110592559071923,-0.004132343166158877,-0.09523767751194517
2024-03-11,0.018253642549251936,0.007622725650765341,0.010630916898486593,0.23085635211028335
2024-03-12,-0.004262274820381041,-0.001824235290979492,-0.0024380395294015494,0.23478864588358977
2024-03-13,0.013407984405670844,0.005048297018558355,0.008359687387112489,0.26055856919280845
2024-03-14,0.013738714745554968,0.009311334033789184,0.00442738071176578,-0.228658205472316
2024-03-15,0.03145828701665239,0.01375860086081565,0.017699686155836742,-0.12828239425240734
2024-03-18,-0.01655302179384379,-0.0072237361666535015,-0.009329285627190285,-0.16658928429550945
2024-03-19,-0.007408084822767305,-0.0023102420271368038,-0.005097842795630501,-0.014575457414651041
2024-03-20,-0.011384867866021659,-0.0048793584406648565,-0.0065055094253568015,0.0468788738474118
2024-03-21,-0.0007901758757721349,-0.00016723635360483408,-0.0006229395221672984,0.2612220848301773
2024-03-22,0.0027747156291906775,0.0019248188480520908,0.000849896781138587,-0.002669307028638724
2024-03-25,0.01376559997899805,0.006247261513426229,0.00751833846557182,-0.11333827545652855
2024-03-26,-0.00013909685666474002,-0.0015116880001456588,0.001372591143480919,-0.1472655153312766
2024-03-27,-0.006761945611512257,-0.0034113600859767817,-0.003350585525535475,0.21789763326360195
2024-03-28,-0.009225649431889337,-0.003246884360996372,-0.005978765070892966,-0.23568445968835638
2024-03-29,0.014383569493974194,0.0056500481736430404,0.008733521320331152,0.30210959059191406
2024-04-01,-0.015444331107661514,-0.0070045745098663926,-0.008439756597795119,-0.0978165222406753
2024-04-02,0.018101475661232748,0.007739884880694087,0.010361590780538662,0.049650465282068075
2024-04-03,-0.005940628906988427,-0.0023474709562766255,-0.003593157950711802,-0.05006224655263805
2024-04-04,0.0037177759174162666,0.003411837494007903,0.0003059384234083643,-0.11159563346357827
2024-04-05,-0.00330752054235075,-0.003149070405140215,-0.00015845013721053512,-0.3634184519154579
2024-04-08,-0.007189927404189353,-0.0038889369443056714,-0.0033009904598836817,-0.045698539804106916
2024-04-09,-0.021637091737378093,-0.009302034222413564,-0.012335057514964533,-0.07778677135221734
2024-04-10,-0.0023202736318361406,-0.0016240675011350166,-0.0006962061307011231,0.23504158448975707
2024-04-11,-0.004042701936931601,-0.004061798007612439,1.9096070680837615e-05,-0.15121399961117618
2024-04-12,0.011646265722217022,0.004497371697836471,0.007148894024380549,0.016458773437645006
2024-04-15,-0.007851764996410378,-0.00338587207416198,-0.0044658929222484,-0.1774424623747384
2024-04-16,0.0008541071751966606,0.0009737292018235483,-0.00011962202662688754,0.1763015132133308
2024-04-17,-0.008141787534020329,-0.002305812063917772,-0.0058359754701025595,-0.002755504157091066
2024-04-18,0.00926240071806518,0.0033197799750245387,0.005942620743040642,0.029320744665214494
2024-04-19,-0.00013917393138152044,0.0006649235022941217,-0.0008040974336756415,-0.0557909115973995
2024-04-22,0.0016599284992430234,0.0005941191677186746,0.0010658093315243488,0.09523217637753009
2024-04-23,-0.0031667282808969842,-0.0019655689198536472,-0.001201159361043336,0.047398401801620194
2024-04-24,0.004824576895230904,0.0022917372642343864,0.002532839630996517,0.11938864330339369
2024-04-25,0.0024665926377947255,0.0014256691910006399,0.0010409234467940853,-0.13617746475502274
2024-04-26,0.006476323172694606,0.0022600904191011992,0.004216232753593405,0.11549876858900236
2024-04-29,-0.007454740832320704,-0.003971253560840502,-0.0034834872714802016,0.0012294836349229649
2024-04-30,0.006427066982109132,0.0023166687529241844,0.004110398229184947,-0.15656149416843407
2024-05-01,6.800455046576789e-05,-0.00047036765768965075,0.0005383722081554192,0.13933968558500717
2024-05-02,-0.009597491543683154,-0.003318641579586225,-0.006278849964096927,0.031228615296628043
2024-05-03,0.008154833715616146,0.00316390068758349,0.0049909330280326555,0.005636020321973047
2024-05-06,0.0018092917032519152,0.0016544971549263248,0.00015479454832558956,-0.17075646356904658
2024-05-07,0.0002720851993836945,-0.0010800295408956335,0.0013521147402793272,0.11980626173787932
2024-05-08,-0.00957764978593034,-0.0031733811710822016,-0.006404268614848139,-0.0640135680086129
2024-05-09,0.006743112527489711,0.0013274530452467162,0.005415659482242994,0.1236054367955033
2024-05-10,-0.0030555083105417466,-0.0010895684322512755,-0.0019659398782904715,0.07216575873301545
2024-05-13,0.006525236843927074,0.0020495716929309626,0.004475665150996112,0.009069674955037046
2024-05-14,0.003349010930369816,0.0021810421872402374,0.0011679687431295797,0.007969593539026706
2024-05-15,0.00046012158975887885,-0.00018335664356060647,0.0006434782333194854,-0.019521431251461753
2024-05-16,0.0004931687947471327,-0.001290602514437824,0.0017837713091849554,-0.0072232855604923134
2024-05-17,-0.000998127531313129,0.0005332117071983628,-0.0015313392385114923,-0.1326544448394475
2024-05-20,-0.00036982307561562403,-0.001768768876459358,0.0013989458008437346,0.14286767592252053
2024-05-21,-0.00638540767540177,-0.003409804929619037,-0.002975602745782732,0.09173033033315556
2024-05-22,0.008053981701784696,0.001985277917471247,0.006068703784313444,-0.16102264180655781
2024-05-23,0.005212132564475582,0.001718393134945955,0.003493739429529627,-0.11471651896412448
2024-05-24,-0.00886353022047307,-0.0028435616052712182,-0.006019968615201852,-0.047669828641954966
2024-05-27,-0.006514129271592257,-0.002245672769081551,-0.004268456502510707,0.038995780317329025
2024-05-28,-0.0024333472448716978,-3.4802248890639445e-05,-0.0023985449959810588,-0.007198587737895775
2024-05-29,0.0019158065243174355,0.001468242590711503,0.0004475639336059328,-0.09945651247475247
2024-05-30,-0.0003304460867876491,0.00018779612413800245,-0.0005182422109256514,-0.0010210453022289096
2024-05-31,-0.005004434373401689,-0.0007449574547756174,-0.004259476918626073,0.1182885414091084
2024-06-03,-6.924569845020252e-05,-0.00020063272701847414,0.00013138702856827205,-0.0006993598731599981
2024-06-04,0.0067535626529519385,0.001380413499588425,0.0053731491533635135,0.0871287000096905
2024-06-05,-3.3463612232056245e-05,0.00016593281750558637,-0.0001993964297376423,-0.04231108938787625
2024-06-06,0.004389798307846138,0.002251156629925342,0.0021386416779207943,0.10835359266987539
2024-06-07,-0.0021283905966784106,9.587184788847989e-05,-0.002224262444566889,0.06042965988022193
2024-06-10,0.005325919736393498,0.004889399627829074,0.00043652010856442235,0.0932109276044672
2024-06-11,0.0029112574959511573,0.00074928514564161,0.0021619723503095473,-0.05032181215469729
2024-06-12,0.0046412720336344885,0.0015073164190607443,0.0031339556145737447,-0.022100677327135634
2024-06-13,-0.0028327124320106783,-0.0004293959921136646,-0.0024033164398970137,0.010597038022013318
2024-06-14,-0.0013219972122711435,-0.002334223381424728,0.0010122261691535867,-0.06302537664276703
2024-06-17,0.000679690269218836,0.0034639761836238866,-0.00278428591440505,-0.001633351239821835
2024-06-18,-0.0033292331191260077,-0.00220529489958136,-0.0011239382195446482,-0.0040073188799660585
2024-06-19,-7.804314378790733e-05,0.002022644685824964,-0.002100687829612871,0.08051490463960884
2024-06-20,-0.00018688002653424767,-0.00033555146308477464,0.00014867143655052724,0.1616517502602779
2024-06-21,0.00488713579770555,0.00205320041562259,0.0028339353820829583,0.04314825135224665
2024-06-24,0.010741389173032618,0.004801690957433759,0.00593969821559886,-0.025830599975968517
2024-06-25,0.0024769235475788445,0.000543164921064908,0.001933758626513936,-0.015176974850672733
2024-06-26,-0.0013021167213339891,3.911465983283749e-05,-0.0013412313811668273,-0.09682734680686267
2024-06-27,-0.0007881276777601395,-0.0005741245755748249,-0.00021400310218531435,0.05146019930314393
2024-06-28,-0.00580161711026593,-0.0007798816935594638,-0.005021735416706468,0.07506353626698224
2024-07-01,0.0031658942801964327,0.0036047425577236353,-0.00043884827752720254,-0.11052205958283805
2024-07-02,0.004192780491270468,-0.0009902549492568158,0.005183035440527283,0.01900607955322433
2024-07-03,-0.0061061323145147174,-0.0021597368057451796,-0.003946395508769538,-0.09551937460199424
2024-07-04,0.0009701997726766197,-0.001280640310712484,0.0022508400833891034,-0.06550606163816425
2024-07-05,-0.004867507328282513,-0.0019461793116684325,-0.0029213280166140807,-0.076593458295072
2024-07-08,-0.003119619753845784,-0.0015235256774540967,-0.0015960940763916865,0.035826978436705195
2024-07-09,-0.004026802002712274,-0.0016291750423356758,-0.0023976269603765985,-0.003511122077092624
2024-07-10,0.0019129236139543166,-0.0008818892279748175,0.002794812841929134,-0.08468971419024506
2024-07-11,-0.00018907268344285893,0.0005156880591006846,-0.0007047607425435441,0.016238459641009742
2024-07-12,-0.004879151434650403,-0.00048389176956359706,-0.004395259665086807,0.0008349852697826912
2024-07-15,0.0008950402831977219,0.001143892053755568,-0.00024885177055784563,-0.12428886488647452
2024-07-16,5.342132402256627e-05,0.003912542084223012,-0.003859120760200443,-0.02144710316349016
2024-07-17,-0.007508163878186109,-0.0037763079058830175,-0.0037318559723030914,-0.1655179706264573
2024-07-18,-0.0011722022561756493,0.0011778794310086,-0.0023500816871842474,-0.0011843683888589243
2024-07-19,-0.01067045401560442,-0.0021089964304894463,-0.008561457585114974,0.11925255517692193
2024-07-22,-7.907069722279348e-05,-0.0012455847210641096,0.0011665140238413165,0.06212761451445433
2024-07-23,0.007273901297762626,0.001136221377296803,0.006137679920465823,0.02804163657225606
2024-07-24,0.0037681951652762864,-0.0003198240235889121,0.0040880191888651995,-0.013876617943383449
2024-07-25,0.0015239753182512443,0.003380352338454431,-0.0018563770202031857,0.04566780102981492
2024-07-26,-0.0008602764403424976,0.002112400254508111,-0.002972676694850608,0.047103469668578125
2024-07-29,0.0028701868081305653,-0.0004459976570062455,0.00331618446513681,0.07487592326648064
2024-07-30,0.0031356451284620867,0.0009731178030748487,0.0021625273253872354,-0.047792889883850304
2024-07-31,0.005034343238433813,0.007858050894123853,-0.0028237076556900413,-0.040082680906782346
2024-08-01,-0.0031910732378983503,0.0004851715433105727,-0.0036762447812089248,0.04309057795761895
2024-08-02,-0.00286049443222643,0.0004624566105461154,-0.0033229510427725453,0.09871735915074777
2024-08-05,0.003214174284919498,-0.005220783449463261,0.008434957734382756,0.032578987250218544
2024-08-06,0.006604643970847239,0.0017429217762953975,0.004861722194551839,0.02314976016613454
2024-08-07,0.0023124396384055614,-0.005954352358370281,0.008266791996775845,-0.07064990474085399
2024-08-08,0.00123105049995117,0.004091831397375626,-0.002860780897424451,0.12651049910121484
2024-08-09,-0.0044564034689822864,-0.004279286168328627,-0.00017711730065365916,-0.019239483845292636
2024-08-12,0.008044454549014075,0.0020485203005080107,0.005995934248506066,-0.08170597180191452
2024-08-13,-0.0010410883933247496,-9.585813051831696e-05,-0.0009452302628064325,-0.12933578069297927
2024-08-14,-0.0049357463557088786,0.0012824917706414987,-0.006218238126350374,0.056885032343656966
2024-08-15,-0.007992343578996055,-0.0038025819980880473,-0.004189761580908008,-0.02055769976046119
2024-08-16,0.0032354152447612336,0.00019466273103869287,0.0030407525137225405,-0.0235678627579819
2024-08-19,-0.001331185547352838,0.0005315400430765723,-0.0018627255904294093,-0.107997691525213
2024-08-20,-0.0015324345812442572,-0.00010226718677622086,-0.0014301673944680363,0.10192471176141435
2024-08-21,-0.0067575330181554785,-0.0029984933129488696,-0.003759039705206607,-0.13262252046147976
2024-08-22,0.006921867272553044,0.0022391937993961534,0.004682673473156891,0.1719397033702914
2024-08-23,-0.008435642339261154,-0.0031383122013357288,-0.005297330137925424,-0.04829157829912233
2024-08-26,0.011583991445884678,0.0039565255015375795,0.007627465944347099,-0.030381341027273925
2024-08-27,-0.002831358576263005,-0.001529752044553724,-0.001301606531709281,0.201670396298309
2024-08-28,-0.0017649022063588172,2.0010719451455e-05,-0.0017849129258102727,-0.04113928508154366
2024-08-29,0.01342549994561511,0.0020878742334227646,0.01133762571219234,-0.10915878040102009
2024-08-30,-0.002401387159511635,0.0011456597222568345,-0.0035470468817684706,-0.1533969539182992
2024-09-02,-0.006172628964796538,-0.0024930766094076653,-0.0036795523553888737,0.22593957265827921
2024-09-03,-0.011151730550723216,-0.004251176562784673,-0.0069005539879385454,-0.09604955044247332
2024-09-04,0.01645772103361351,0.006050412003636404,0.010407309029977102,0.08456191281034038
2024-09-05,-0.00633889047804634,-0.003361481080618077,-0.002977409397428263,-0.099854760409722
2024-09-06,0.006133855534603893,0.00026818656545052853,0.005865668969153364,0.1458009170034296
2024-09-09,-0.005506577973162427,-0.001163510804001672,-0.004343067169160754,0.18817674647978047
2024-09-10,0.007706180537867358,0.0029911869705566783,0.00471499356731068,0.026957417948312162
2024-09-11,0.012799038275385016,0.0014438363155170678,0.011355201959867951,0.008600388809458548
2024-09-12,0.0015765542793424684,0.0022450252332901714,-0.0006684709539477012,0.015943899303266017
2024-09-13,0.0004360388601468213,0.001905848274740508,-0.0014698094145936865,0.13172429546179942
2024-09-16,0.0009200912829789625,-0.0021262617598349484,0.0030463530428139103,-0.09606085673461882
2024-09-17,0.00792665680441922,0.0029560463743456334,0.004970610430073586,-0.030151574042722507
2024-09-18,-0.006220749536822744,0.00029168227073517444,-0.006512431807557917,-0.034869568403548164
2024-09-19,-0.0017896480642934898,0.0027214789865195313,-0.00451112705081302,-0.03296600919422319
2024-09-20,-0.002125957349012806,-0.0014809707823091795,-0.0006449865667036255,0.11077638232875205
2024-09-23,-0.0019416490065921799,0.003740973132135318,-0.005682622138727498,-0.12505054157601492
2024-09-24,0.007232571748501593,0.001584150380139645,0.0056484213683619475,0.04363662281598616
2024-09-25,-0.008251235336748687,-0.005930027295880884,-0.002321208040867802,0.09284411486964261
2024-09-26,0.0026607750174400934,0.0009489117255265089,0.0017118632919135846,0.06212610075230675
2024-09-27,0.005446128719202502,0.00016498694636667404,0.005281141772835829,0.014686255364420376
2024-09-30,0.003487901880093824,0.0029075697287873244,0.0005803321513064988,0.21570196127598376
2024-10-01,0.0008914258556713171,0.0027199463585880703,-0.001828520502916754,0.0753144042374005
2024-10-02,0.01342509483819413,0.007172221154730087,0.006252873683464046,-0.022820386613621686
2024-10-03,0.004593625862555472,0.0013731208193721945,0.0032205050431832775,0.19946694773530024
2024-10-04,-0.0012952026473322103,-0.0007050833192098777,-0.0005901193281223328,-0.04089604083863513
2024-10-07,0.011472608440004316,0.0035809241772450733,0.007891684262759241,0.10568757145452098
2024-10-08,-0.002507951801695213,0.0022423312289469415,-0.004750283030642153,-0.07713697420341833
2024-10-09,0.006368748065528523,0.0010735334358535397,0.005295214629674983,-0.022816921244150183
2024-10-10,-0.0050916896483553875,-0.00047256290590020743,-0.00461912674245518,0.12379769434443862
2024-10-11,-0.0015018205361118889,-0.003048000178089873,0.0015461796419779846,0.12064389398883196
2024-10-14,0.008174460793565323,0.005095979281368483,0.0030784815121968397,-0.0031819438126540825
2024-10-15,0.006974559359775241,0.0028561680394151552,0.004118391320360085,-0.11053269046688138
2024-10-16,-0.00022373362996561553,-0.0034980180418968526,0.0032742844119312275,-0.06985133836675156
2024-10-17,-0.007723271109384664,-0.005209446884833628,-0.002513824224551037,-0.02576793841302756
2024-10-18,-0.0038071116490846595,0.001624152028669154,-0.0054312636777538136,0.027437419305165786
2024-10-21,-0.001639346328770411,0.00022422466581299293,-0.0018635709945834045,-0.030742605782172937
2024-10-22,0.0014491908197931465,8.989748643579764e-05,0.001359293333357349,-0.040661505711666754
2024-10-23,-0.0015932648839920894,0.00026410043520791113,-0.0018573653192000012,0.08126224109419694
2024-10-24,-0.0023846276413444097,-0.0006621674270532148,-0.0017224602142911953,0.032587933933428
2024-10-25,0.004216446233099403,0.0020374661843247316,0.002178980048774671,0.014862407060394179
2024-10-28,0.0020197272508266817,-0.0015041473127328144,0.0035238745635594957,-0.18610664282024103
2024-10-29,0.0008335674457710222,-8.022428200324828e-05,0.0009137917277742711,-0.15327594580721174
2024-10-30,-0.010915812691366074,-0.004402756408001274,-0.006513056283364797,-0.03756209938437448
2024-10-31,-0.009277416224241183,-0.00027051052129455685,-0.009006905702946624,0.07692044491690078
2024-11-01,-0.0021666863505936705,-0.0013300344105264695,-0.0008366519400672019,0.02485718439626707
2024-11-04,0.004233392712758786,0.0037261965271610962,0.0005071961855976906,-0.13352641881068844
2024-11-05,0.0016036230393317301,-0.0003356736538643896,0.0019392966931961186,0.001141693335345346
2024-11-06,-0.008627403540913,-0.0025177542425900883,-0.0061096492983229115,0.1773704198169945
2024-11-07,6.63110459589968e-05,-0.00018042274810967378,0.0002467337940686705,0.10748712366292448
2024-11-08,0.011658262462314486,0.0028169305407835833,0.008841331921530901,0.1352317930692537
2024-11-11,0.006784890737712064,0.004650176759088399,0.0021347139786236646,-0.16356369195940995
2024-11-12,0.007426493741744242,0.001848260095804601,0.00557823364593964,0.004842163618849994
2024-11-13,-0.008196229603521652,-0.0031925842895586705,-0.005003645313962978,0.08289117923259712
2024-11-14,0.0002887362615074582,0.004012143257398371,-0.0037234069958909134,-0.08818790087357176
2024-11-15,0.004716278737223065,0.002621589243529639,0.002094689493693424,-0.07842025638108852
2024-11-18,-0.004645680586236118,0.0008448526290794553,-0.005490533215315573,-0.10031472608814973
2024-11-19,-0.003989960971086281,-0.00124323843719431,-0.0027467225338919697,0.02524910654516014
2024-11-20,-0.005430273802586949,-0.0005110104854214859,-0.004919263317165464,0.04402113533947419
2024-11-21,0.0015537867563958983,0.0009630122520104278,0.0005907745043854705,-0.007489868441038297
2024-11-22,0.0024786213387713602,0.0016615547583081673,0.0008170665804631927,-0.060149678467412114
2024-11-25,-0.0004208613264056226,-0.0009029062849193536,0.0004820449585137298,-0.08943130045170015
2024-11-26,-0.004216994933163963,-0.0005677076478696492,-0.00364928728529431,-0.044538419355261184
2024-11-27,-0.005361786161335643,-0.0009847736988695885,-0.004377012462466055,-0.12319742529983196
2024-11-28,-0.0028251250189540024,0.0022222247153539823,-0.0050473497343079855,-0.09164026737856247
2024-11-29,-0.008196895109434103,-0.0024342043646934947,-0.00576269074474061,-0.060220381044227556
2024-12-02,-0.005945748798378257,-5.915244667493123e-05,-0.005886596351703325,0.044993950719865346
2024-12-03,-0.005248291702708645,0.0018469575677281316,-0.007095249270436775,0.054764291113866256
2024-12-04,0.00367524325274689,-0.00407057852580133,0.007745821778548221,0.09812356750279727
2024-12-05,0.00410920151215123,0.0023766359329973645,0.001732565579153866,0.05788907411084108
2024-12-06,0.007499910258448734,0.0012494007022168753,0.006250509556231858,-0.014368894282339575
2024-12-09,0.004237677711332115,4.2841442137815135e-05,0.0041948362691943,0.10209958618963239
2024-12-10,-0.0010412557744802656,-0.00252169588392022,0.001480440109439954,0.025747113195033318
2024-12-11,0.006581594617707083,-0.0026941953501730563,0.00927578996788014,-0.07927637033563047
2024-12-12,0.0016774718150165885,0.0019028288706546565,-0.00022535705563806775,0.026156694359801516
2024-12-13,-0.004899476267490853,-7.032010344132714e-05,-0.004829156164049525,0.0633053219554332
2024-12-16,0.0015842238863304414,0.005787339285603358,-0.004203115399272912,0.11179996417259572
2024-12-17,0.00523628330701566,-0.0018274262923735872,0.00706370959938925,0.06544631577339703
2024-12-18,0.007052795064297166,0.005636911846848825,0.0014158832174483399,0.1180136136054779
2024-12-19,0.0048652229884907985,0.0024478458509321283,0.0024173771375586703,-0.030449589041589852
2024-12-20,0.009338258633674459,0.0018083406739958893,0.0075299179596785715,-0.2259265058800244
2024-12-23,-0.0022864826181139717,-0.003245313852876571,0.0009588312347625985,-0.07261346759126326
2024-12-24,-0.017693274632013617,-0.012345489719343076,-0.005347784912670548,0.024320548283386416
2024-12-25,-0.00455990241283512,0.0035818727413437015,-0.008141775154178823,-0.007547301579019597
2024-12-26,0.0016056854428618535,-0.0008400258307527109,0.002445711273614564,-0.05321917399282985
2024-12-27,-0.0004940876122540095,-0.004100264519351145,0.003606176907097136,-0.004662874698237107
2024-12-30,-0.003138595785358247,-0.002129278472296269,-0.0010093173130619768,-0.025261088841588168
2024-12-31,-0.00028458056202124334,0.0035640908390085213,-0.0038486714010297664,0.14462997331650476
2025-01-01,-0.001487552279468932,-0.0029796098054902785,0.0014920575260213465,-0.02001851819791721
2025-01-02,0.00822649978810764,0.003208447917350638,0.005018051870757002,-0.047008020517354955
2025-01-03,-0.0013081939389868913,0.0019983298903218246,-0.0033065238293087155,0.08944519278541474
2025-01-06,-0.0025478261331281,-0.00404303365380781,0.0014952075206797113,0.011898009962390908
2025-01-07,0.006497223615471567,0.007504743013143817,-0.0010075193976722512,0.016631305381320755
2025-01-08,0.0007554914903192215,0.0031283740462788173,-0.0023728825559595976,0.06989391427279636
2025-01-09,0.0011082769522042933,0.0014461628799722333,-0.00033788592776793974,0.16168907786719997
2025-01-10,0.00412900485489149,0.002872910943782758,0.00125609391110873,0.12829605167424205
2025-01-13,0.013007368854660209,0.00937879323273147,0.003628575621928743,-0.06177724627248115
2025-01-14,0.010875987694280985,0.0004787550309281255,0.010397232663352858,-0.0853340412165796
2025-01-15,-0.0037775263809596447,-0.0003205764871298247,-0.0034569498938298213,0.06846440545934984
2025-01-16,-0.0054129247110677,-0.0019531493980887125,-0.003459775312978988,0.06815152763065788
2025-01-17,0.004519921025946376,-1.7928522210547762e-05,0.004537849548156924,-0.07502698922776117
2025-01-20,0.004320330479826514,0.0022797408508973696,0.0020405896289291455,0.11558416623211003
2025-01-21,-0.004359391087974821,-0.0008964434903349708,-0.00346294759763985,0.08071843578479927
2025-01-22,0.006958257323814393,0.004225117765444474,0.0027331395583699196,0.16235474873350805
2025-01-23,0.005077788238893844,0.0014185468959929258,0.003659241342900918,-0.15890162830555785
2025-01-24,0.010865267410652489,0.0013783027604304162,0.009486964650222073,0.029765398076202234
2025-01-27,-0.009789509176133224,-0.006287732612803115,-0.003501776563330109,-0.08298322272783473
2025-01-28,0.0018224599889545049,-0.0034266225730746266,0.00524908256202913,0.032740519062733106
2025-01-29,-0.005216255876254789,-0.0006672778584187683,-0.0045489780178360195,0.27549555808737786
2025-01-30,0.002005104897450091,-0.0009775236586923343,0.0029826285561424283,0.009753637165219592
2025-01-31,0.018042015546746497,0.010225228311688797,0.007816787235057701,
2025-02-03,0.000771074307075405,0.00196954326453367,-0.0011984689574582666,
