,ls_ret,long_excess_ret,short_excess_ret,ic
2017-01-02,0.004770117037787099,0.000455957909947239,0.00431415912783986,0.0654661931932127
2017-01-03,0.001725312016493847,0.0012915609086484882,0.0004337511078453585,0.09923463412571487
2017-01-04,0.0033404498959223247,0.0015772806017994713,0.0017631692941228526,0.32559846398105674
2017-01-05,0.004922139143624414,0.0020755828623703096,0.002846556281254105,0.06719578861012697
2017-01-06,0.025170192765792142,0.009321199999962351,0.015848992765829795,0.24918076699999794
2017-01-09,0.003959110409097393,0.004761580541188073,-0.00080247013209068,0.04569398510187991
2017-01-10,0.013242668525360627,0.009837423668401658,0.0034052448569589673,0.05259094897445285
2017-01-11,0.002433107177611291,0.0017691218185546895,0.0006639853590566028,-0.07854046249008065
2017-01-12,0.0026923914629693015,0.001562787064757205,0.0011296043982120965,-0.08209441796089519
2017-01-13,-0.004078895067367775,-0.0019460280026280365,-0.002132867064739737,0.12502843832911123
2017-01-16,-0.004028939314136934,-0.0022362344198514107,-0.0017927048942855235,-0.2983513314636869
2017-01-17,0.006764880954420735,0.004202277737535118,0.0025626032168856168,0.19818936865947037
2017-01-18,-0.01953592611053355,-0.009920066751753175,-0.009615859358780374,0.174341496774195
2017-01-19,0.009489703201715584,0.005435111699536177,0.004054591502179406,-0.1692767347532335
2017-01-20,0.010132839570361532,0.007832111269407365,0.002300728300954168,0.005384684316344954
2017-01-23,-0.009049159684361551,-0.005072331384765434,-0.003976828299596116,0.012207656595631026
2017-01-24,0.0002628854409487016,0.00026107778973280364,1.8076512158984176e-06,0.03183344456334572
2017-01-25,0.0005718480149947379,0.0008629836070057541,-0.00029113559201101626,0.09902670337611466
2017-01-26,0.0018573525093274687,-0.001854297844760557,0.0037116503540880258,-0.11081373783307977
2017-01-27,0.004659680077594287,0.0038902857585850032,0.0007693943190092839,0.07491872974263102
2017-01-30,-0.005900075683839438,-0.002532523146287491,-0.0033675525375519468,0.007294002450279438
2017-01-31,0.003740280132889848,0.00183985704457427,0.0019004230883155782,-0.15043747461203572
2017-02-01,0.0003633986139330279,-0.0009627528882663128,0.0013261515021993414,-0.1374287561089546
2017-02-02,-0.009588081826369827,-0.009518574771912015,-6.950705445781316e-05,-0.10317694829440673
2017-02-03,-0.006459579821490478,-0.0018403185114863711,-0.004619261310004109,-0.11851674471436605
2017-02-06,-0.004924763997200064,-0.0016947902722607346,-0.0032299737249393305,-0.02736138469437178
2017-02-07,-0.006053631357029373,-0.0038242622705368474,-0.002229369086492527,-0.03921998388855179
2017-02-08,-0.001230000671923632,-0.00018536581793750402,-0.0010446348539861275,-0.018410802951450898
2017-02-09,-0.001984550119741426,-0.000627241258682007,-0.0013573088610594189,0.030006939877199143
2017-02-10,-0.0008245033481157618,-0.0002983711875468968,-0.0005261321605688658,0.028265937473661476
2017-02-13,0.0013643793321259355,-0.0006601003074428102,0.0020244796395687452,0.044114483180273494
2017-02-14,0.0012817866977127084,-2.87093216351543e-05,0.0013104960193478605,-0.013316960473554367
2017-02-15,0.002028537649646856,4.765204631145686e-06,0.00202377244501571,-0.026473030219083298
2017-02-16,-0.00047288938922703796,0.0003237320988834277,-0.0007966214881104643,-0.0208950504173607
2017-02-17,-0.0010742113186701183,0.00013121747214070618,-0.0012054287908108245,-0.06712417975989368
2017-02-20,-0.0009854513468420876,-0.00013293603205187998,-0.0008525153147902077,-0.054698489918504456
2017-02-21,-0.003273691086824018,-0.000121219754448172,-0.003152471332375846,-0.05532017350419721
2017-02-22,-0.002461019404644892,-0.00032868121533390776,-0.002132338189310983,0.07340005642024877
2017-02-23,-0.0027473748159057712,0.0008780116069591823,-0.0036253864228649544,0.07467221712461884
2017-02-24,0.003996066343048005,0.0012331457892664254,0.00276292055378158,-0.0058811942349335355
2017-02-27,0.0036482071634824182,0.0009058763014293222,0.002742330862053096,0.01680298086688531
2017-02-28,-0.0003028737534876355,-0.00021546332409949718,-8.741042938813746e-05,-0.06966148165488673
2017-03-01,0.0008269159822882133,-0.0017624494616653124,0.002589365443953527,-0.016326426750027337
2017-03-02,-0.0033956520263246706,-0.0011124028554665472,-0.0022832491708581234,-0.00456098572818825
2017-03-03,-0.0008699621700638114,0.0001673285950296137,-0.0010372907650934241,-0.09748115662150743
2017-03-06,-0.0002560645692330542,0.00022662437981135503,-0.0004826889490444101,0.06132984045135366
2017-03-07,-0.0044141691146556,-0.0010163668632264724,-0.0033978022514291276,0.06413655118149178
2017-03-08,0.002883228956344584,0.0015637705954291887,0.001319458360915395,-0.011520296574606905
2017-03-09,0.003400402783183823,0.00018000992147920464,0.0032203928617046173,-0.014483710812085469
2017-03-10,-0.0005537377576364292,0.001819314643722007,-0.002373052401358435,0.0002511977127326523
2017-03-13,-0.0006735584203564529,-0.0018972892718165167,0.0012237308514600645,0.06765334507052383
2017-03-14,1.1516552473695416e-05,0.00041909739508186154,-0.00040758084260816667,0.043383270537407585
2017-03-15,0.003548406850253692,0.0011120054068721082,0.002436401443381586,0.01099724077270547
2017-03-16,0.0022539082019694887,-0.0005422114412850254,0.002796119643254514,0.023434315515345194
2017-03-17,0.0005751765313404718,-0.0018342839787608752,0.002409460510101347,0.031210929127960495
2017-03-20,0.0011591094478866997,0.0022284527757506683,-0.0010693433278639681,0.046939105295938865
2017-03-21,0.001322158457734796,4.037119672623164e-05,0.001281787261008564,0.004249103293569011
2017-03-22,0.0022508134380163193,0.0002579052630094598,0.0019929081750068604,-0.042400745007911717
2017-03-23,0.00018571404334489638,0.0001984619004296046,-1.2747857084707478e-05,-0.06987754678792327
2017-03-24,-0.002023529354712926,-0.0002562233187049026,-0.001767306036008021,0.0786761705859605
2017-03-27,-0.00383927022249366,-0.0028348500011687577,-0.0010044202213249,0.010940574815117014
2017-03-28,0.00440288538078417,0.0012360617405855591,0.003166823640198611,0.015800838878195226
2017-03-29,0.000516771743372826,-0.0009532344084328709,0.001470006151805696,0.10281054906451308
2017-03-30,0.0007074051882957063,0.000993154711278638,-0.0002857495229829322,0.11053218327461001
2017-03-31,0.005847450008591019,0.00213598529238692,0.003711464716204097,0.12588901987796386
2017-04-03,0.0050980517088088685,0.0022962087628273726,0.002801842945981495,0.15356814161837462
2017-04-04,0.005818270242620423,0.002122697795254447,0.0036955724473659753,-0.09053596298371644
2017-04-05,0.008418272521654648,0.0025468566399345135,0.005871415881720132,0.011877913447915089
2017-04-06,-0.0039762993522419,-0.002554150587516216,-0.0014221487647256836,0.00846833496125872
2017-04-07,0.0004843112748185599,0.00011682253035586593,0.00036748874446269463,0.045602811258015984
2017-04-10,0.0003717110275826746,0.00019033604137566086,0.0001813749862070134,-0.09493676427268154
2017-04-11,0.001598011683057427,0.002058636586497925,-0.0004606249034404984,0.18013337561227416
2017-04-12,-0.004104767794547894,-0.0016258229501373185,-0.0024789448444105756,0.26675946636297426
2017-04-13,0.007818384061166167,0.0027190467405518353,0.0050993373206143335,-0.054114324924889975
2017-04-14,0.016497957760733317,0.007748629576919033,0.00874932818381428,-0.09746074161535798
2017-04-17,-0.0025643186151953034,-0.00047163297866386136,-0.0020926856365314425,-0.02240874172493064
2017-04-18,-0.004794435065072311,-0.0021407428555130503,-0.002653692209559262,0.03797764016903406
2017-04-19,-0.0010514043069258878,-0.0022427888052147862,0.0011913844982888982,-0.046316382363714145
2017-04-20,0.001929737817647055,0.0004945503570399261,0.001435187460607129,-0.0900380220735329
2017-04-21,-0.002198803673862786,0.0009126389487550766,-0.0031114426226178642,-0.026825597762252452
2017-04-24,-0.004197214654074769,-0.002049212195661832,-0.0021480024584129365,-0.03578027583381462
2017-04-25,-0.0011223537883134757,-0.0007244832816294395,-0.00039787050668403613,0.07762621408338961
2017-04-26,-0.0014145219763386952,-0.000561809377983816,-0.0008527125983548789,0.033748702403441154
2017-04-27,0.003920291707806671,0.0028116746808582805,0.0011086170269483911,0.03368832894221547
2017-04-28,0.001912376383697926,0.0031584415015484847,-0.0012460651178505594,-0.018648090323617132
2017-05-01,0.0018599774755046281,0.00041105220637601986,0.0014489252691286094,0.11765919793929465
2017-05-02,-0.0010217414686537368,-0.000740197921970125,-0.0002815435466836137,0.21077888796544297
2017-05-03,0.005734933668712357,0.0026729122566256786,0.0030620214120866797,0.13120877391932412
2017-05-04,0.014439884511539675,0.005871503146966477,0.008568381364573198,0.17752911303496977
2017-05-05,0.008135139115037488,0.006374160579257949,0.0017609785357795395,-0.05937922579546532
2017-05-08,0.009023083265401646,0.00501968846508844,0.004003394800313206,-0.04510695608026846
2017-05-09,-0.0032547040689172996,-0.0019428907409343122,-0.0013118133279829865,-0.16814297283334576
2017-05-10,-0.0024632391015761727,-0.003263327102224562,0.0008000880006483885,-0.11253246152007422
2017-05-11,-0.008882774663182703,-0.00376182864605814,-0.005120946017124564,-0.0037564593327733776
2017-05-12,-0.006837034061670608,-0.005021772917664532,-0.0018152611440060765,-0.10792452329687652
2017-05-15,-0.00017813119916800012,0.0026274302222965076,-0.002805561421464507,0.036628584303654545
2017-05-16,-0.005854869197072243,-0.001723715253053909,-0.004131153944018334,0.054946350946965
2017-05-17,0.0015777061463143624,8.231681965783274e-05,0.0014953893266565297,0.13326377820311566
2017-05-18,0.0022600108944187615,0.001804630584622744,0.000455380309796017,0.14783661914641377
2017-05-19,0.007385572776104467,0.004912017229908106,0.002473555546196363,-0.07127954904392585
2017-05-22,0.00860549577504155,0.0037479338618417284,0.004857561913199821,0.0014299572372084132
2017-05-23,-0.0037127147146641705,-0.0013392791885027885,-0.0023734355261613802,-0.1413121708114826
2017-05-24,6.24614654698077e-05,-0.001186957165980441,0.0012494186314502493,-0.06023505766758585
2017-05-25,-0.005269026535196815,-0.002266272059515141,-0.0030027544756816744,0.09009994461297302
2017-05-26,-0.002638764480075733,-0.0004445815300654875,-0.0021941829500102435,0.0034895271769073816
2017-05-29,0.00375861455183482,0.0016693385686629113,0.0020892759831719083,0.0500436676429979
2017-05-30,0.00012941100999870104,0.0011778026960353218,-0.001048391686036619,-0.02386960985903443
2017-05-31,0.0020239911361799286,0.00021867350580112707,0.0018053176303788022,0.013256339831721933
2017-06-01,-0.0011550056483343636,-0.0017130597943638432,0.0005580541460294798,-0.032093306826737195
2017-06-02,0.0007316105182295295,-0.0005320940003544321,0.0012637045185839614,0.10425405788493718
2017-06-05,-0.0013588869122472943,-0.00029013152689607875,-0.0010687553853512156,-0.034975232033666946
2017-06-06,0.0043916325181172,0.001964504391874464,0.0024271281262427356,-0.012721372191753755
2017-06-07,-0.0014786557941995563,-0.0002820715501559688,-0.0011965842440435877,0.05480482768915115
2017-06-08,-0.0005438372858229151,-0.0001864070819084327,-0.0003574302039144829,-0.1573699331850044
2017-06-09,0.0033575636277898583,0.0011199436850087372,0.0022376199427811203,-0.05844394326711376
2017-06-12,-0.007551006204654535,-0.004767799127882934,-0.002783207076771603,-0.02741227848112561
2017-06-13,-0.002808806137167892,-0.0020001934017228086,-0.0008086127354450835,0.07018038639938363
2017-06-14,-0.0012132793731845879,-0.0009413327297727043,-0.0002719466434118836,-0.14584004137759846
2017-06-15,0.0030339160427638144,0.0018391481584506871,0.0011947678843131264,-0.13068843439075317
2017-06-16,-0.006183186116187145,-0.002269708479075863,-0.003913477637111284,-0.09779476328127655
2017-06-19,-0.005675938360695963,-0.002555104635291955,-0.0031208337254040076,0.01325830629170385
2017-06-20,-0.004499446612569045,-0.0014157554318519473,-0.003083691180717097,-0.027768780457404357
2017-06-21,0.0006374181081869527,-0.0014640519093676438,0.0021014700175545965,-0.017966027770912087
2017-06-22,-0.001433346010981328,0.0002226588221898758,-0.0016560048331712039,-0.01682063585261691
2017-06-23,-0.0008433314479483461,-0.0016783815576561219,0.000835050109707776,-0.10424773685197035
2017-06-26,-0.0009227772483968429,-0.000502863585771212,-0.0004199136626256315,0.10080069035388613
2017-06-27,-0.005577748342569792,-0.0028824377871877627,-0.0026953105553820305,0.15996436482981957
2017-06-28,0.005442725383379262,0.0021559061973268224,0.0032868191860524407,0.008930622509095957
2017-06-29,0.011064181673356446,0.004946300635968265,0.006117881037388178,-0.019299543165251554
2017-06-30,0.0004914836063479476,0.00022553833783008764,0.0002659452685178608,0.03605168972863392
2017-07-03,-0.0011319521193466687,-0.00100778658788909,-0.00012416553145757904,0.01383890729864291
2017-07-04,0.0017908130692770273,0.0017110198097504007,7.979325952662641e-05,0.07753501444412965
2017-07-05,0.0006924061793738699,0.0009129986716995325,-0.0002205924923256627,0.07742586802630694
2017-07-06,0.004459155654743288,0.0020057293427335043,0.0024534263120097825,-0.1023605460956422
2017-07-07,0.0036300227820495468,0.0021592325909272204,0.0014707901911223263,-0.009786501422147095
2017-07-10,-0.005533681507672923,-0.00253298220574048,-0.0030006993019324434,0.08780730646159955
2017-07-11,-0.00044787506127283504,-0.000681052011855889,0.0002331769505830542,0.1472937409085569
2017-07-12,0.003898288495389402,0.0005423176560481484,0.0033559708393412534,0.06750305320132993
2017-07-13,0.007371237325656062,0.0034073150466000183,0.003963922279056044,0.14793709238484337
2017-07-14,0.003320712726828837,0.001041617528154734,0.002279095198674103,0.11568831421473584
2017-07-17,0.010977711537735933,0.005239816204800539,0.005737895332935391,-0.002174729500392461
2017-07-18,0.009177360641060088,0.006064129882720808,0.003113230758339275,0.0611376115243107
2017-07-19,-0.00014753247585367582,0.0008869092117816529,-0.0010344416876353298,0.22774361432388052
2017-07-20,0.003994328443425405,0.0016327875829140349,0.00236154086051137,-0.07410503842931689
2017-07-21,0.018617304381645737,0.007788275390727906,0.010829028990917824,-0.03415103461038412
2017-07-24,-0.004578971378224463,-0.0023946091307986304,-0.002184362247425832,0.09498718914907467
2017-07-25,-0.0018222680443464611,0.0009553490290153434,-0.0027776170733618023,-0.14800422524630763
2017-07-26,0.006547029437374219,0.001202130417668281,0.005344899019705945,0.07658472641865446
2017-07-27,-0.007577743681388958,-0.00020052429721543336,-0.007377219384173527,0.16317142647387572
2017-07-28,0.0035076555799990984,0.0024708251307220463,0.001036830449277052,-0.1567341727600766
2017-07-31,0.007066590211578526,0.003325702399000362,0.0037408878125781645,-0.15587147119324515
2017-08-01,-0.006891443968093347,-0.0005042253167332651,-0.0063872186513600805,-0.11242349507482888
2017-08-02,-0.00701693456103381,-0.00393479980039521,-0.003082134760638601,0.0251438378070958
2017-08-03,-0.005886346696278204,-0.00102496845479004,-0.004861378241488162,0.032059522946577046
2017-08-04,0.00146146040852053,0.0002169053363692379,0.0012445550721512924,0.012688351797979308
2017-08-07,0.0017884694375453025,0.0014940950326537026,0.00029437440489159944,0.1064051542183053
2017-08-08,0.0007483707729815644,0.0004220479192022647,0.0003263228537792977,0.0055386384227597936
2017-08-09,0.005458841037628307,0.0022872717316657306,0.0031715693059625764,-0.08246255002961839
2017-08-10,0.0003149939196456406,0.0007746909906096409,-0.00045969707096400053,0.024219809193955593
2017-08-11,-0.0041546665312007895,-0.0013629636566724942,-0.0027917028745282936,-0.034056687533411636
2017-08-14,0.001111605879426446,0.0003953419688704392,0.0007162639105560056,0.13242408652339488
2017-08-15,-0.001719868985999606,-0.0007119389584890725,-0.0010079300275105361,0.02757337091635141
2017-08-16,0.006935223440832285,0.005044060837919667,0.0018911626029126157,0.06864606231180159
2017-08-17,0.001437261370386198,0.00024247027603980717,0.001194791094346389,-0.07780263241296925
2017-08-18,0.003547872193500677,0.0005881144320417616,0.0029597577614589145,0.09099936915911312
2017-08-21,-0.00378093314808621,-0.0027116007968284294,-0.0010693323512577808,0.06944339344560521
2017-08-22,0.005054265893310765,0.0025236798550388015,0.002530586038271964,0.09406369006009528
2017-08-23,0.0038029016841470125,4.896953287834296e-05,0.003753932151268671,0.011579146410138833
2017-08-24,0.00512162028624247,0.002794414344425803,0.0023272059418166678,-0.0014642297524298151
2017-08-25,0.0006379660007440058,0.00032548608911386716,0.00031247991163013905,0.009057207468532247
2017-08-28,-7.959469751239485e-05,-0.00237229182725829,0.0022926971297458944,0.20840118774644853
2017-08-29,0.0004981755776718029,-0.0009841669223200954,0.001482342499991898,0.057227639491940464
2017-08-30,0.018737353026464943,0.004432633955105333,0.0143047190713596,0.06850511800702443
2017-08-31,0.003915372916752782,0.005600743327615898,-0.001685370410863113,0.029194152878453835
2017-09-01,0.003837185333792164,0.005320755676353359,-0.0014835703425611912,-0.18149734547176577
2017-09-04,0.0019560313625348507,0.0003165383698646492,0.0016394929926702015,0.09462296752771668
2017-09-05,-0.008723009636996324,-0.003471432871221043,-0.005251576765775283,0.046456004319491644
2017-09-06,0.0058288445447194324,0.007616822344191792,-0.001787977799472356,0.032655838883124344
2017-09-07,0.0029633289790217854,0.0033551667337998105,-0.0003918377547780256,-0.02859028317262503
2017-09-08,0.0018806178645633929,0.0001762934651839982,0.0017043243993793943,-0.04668623416653051
2017-09-11,-0.0016389721493858542,-0.002985309285622257,0.001346337136236402,-0.05039207892213979
2017-09-12,-0.002983709697426931,-0.0010280627335070808,-0.00195564696391985,-0.009957482917553082
2017-09-13,-0.003399078871333534,-0.0009165519585020962,-0.0024825269128314386,0.17647503761494954
2017-09-14,-0.000499167527066128,-0.0002870011837928796,-0.00021216634327324898,0.07818166854040677
2017-09-15,0.009666379361353191,0.003971447911230091,0.0056949314501231005,0.10270829218738334
2017-09-18,0.0042669383296632364,0.001996943875175094,0.0022699944544881424,0.08211288959549168
2017-09-19,0.007190102017247653,0.006787441254219411,0.0004026607630282402,0.02463953441457185
2017-09-20,0.005360926470210626,0.00086368507816343,0.004497241392047199,-0.07981286066945195
2017-09-21,0.0016671869907441514,0.0018729379447136787,-0.0002057509539695277,0.1746621490575111
2017-09-22,-0.004147275238225205,-0.002733559339776543,-0.0014137158984486623,-0.0830552074548702
2017-09-25,0.010695531769431957,0.0042754771700125455,0.006420054599419411,-0.009396135122160202
2017-09-26,-0.005760833758019377,-0.004586178928108952,-0.001174654829910424,0.06070775495574223
2017-09-27,-0.0004939911084844769,0.002683750079766848,-0.0031777411882513255,0.22689679193099027
2017-09-28,0.003549283890763133,0.0017679942240786681,0.0017812896666844638,0.03173741595371778
2017-09-29,0.013702983549574076,0.005058778133645884,0.00864420541592819,0.060077692633440864
2017-10-02,0.001967338597571735,0.0007298738459145213,0.0012374647516572137,-0.04057148708665136
2017-10-03,0.004456780172839686,0.00240485841023105,0.002051921762608634,-0.03196791191776159
2017-10-04,-0.002098346373048074,-0.00048307207406204575,-0.0016152742989860285,0.00010374568114006001
2017-10-05,-0.0015995582672819705,8.387771657780707e-05,-0.001683435983859778,-0.10953262184969921
2017-10-06,4.88090504495236e-06,0.002470683686374025,-0.0024658027813290705,-0.016014634932536142
2017-10-09,-0.004941861766365754,-0.0028902256140429395,-0.002051636152322815,-0.008907137906125396
2017-10-10,-0.000649588039349116,-0.0009880460542413861,0.00033845801489226996,-0.004400936134205558
2017-10-11,-0.0004411087223489846,-0.0014385830817321274,0.0009974743593831425,0.0406919703325093
2017-10-12,-0.00023603418974921947,-0.0030387364805415894,0.0028027022907923683,0.010157578888792063
2017-10-13,0.0022101270773407875,0.0010321521768588485,0.001177974900481939,0.033121215106820236
2017-10-16,0.0004918569882094767,0.0007930220444809736,-0.00030116505627149695,-0.02568377415872563
2017-10-17,0.001838135146350592,0.001661943464175683,0.0001761916821749086,-0.0731270913169511
2017-10-18,-0.0011711797961776896,-0.0008981118299181043,-0.00027306796625958547,-0.13316667119808778
2017-10-19,-0.0035818521919342133,-0.0029398200687747247,-0.0006420321231594885,0.046327917774023585
2017-10-20,-0.0066462408692026815,-0.0017863854656353633,-0.00485985540356732,0.056080476063200865
2017-10-23,0.0022525569436416927,0.0020139293625830767,0.00023862758105861696,0.026396228539785124
2017-10-24,0.002750314104480272,0.002131509434641578,0.000618804669838692,0.08804944254804634
2017-10-25,0.0012899607974897797,0.001203315751169559,8.664504632022e-05,0.2705198488115214
2017-10-26,0.004793253298321216,0.0018233653721358867,0.002969887926185329,0.06590494732138671
2017-10-27,0.017734994480369966,0.008977545025542585,0.008757449454827378,0.25003663995176945
2017-10-30,0.0037085235757338447,0.0012499483451488148,0.0024585752305850313,0.051370464570428376
2017-10-31,0.01867433174091005,0.008653024149141163,0.010021307591768898,-0.01162813026145871
2017-11-01,0.002862898106273176,0.00222900933909239,0.0006338887671807868,-0.033244563521463086
2017-11-02,-0.0006686780772580227,-0.0022549421477805216,0.0015862640705224997,-0.08580972393653243
2017-11-03,-0.002022659048501079,-0.001811181243642033,-0.0002114778048590473,0.02299398288774192
2017-11-06,-0.004071983836507474,0.0009184230300314615,-0.00499040686653893,0.05481256334714662
2017-11-07,0.0010839812498857143,0.0023760541170222372,-0.0012920728671365232,0.01805979053978974
2017-11-08,0.002681815068036558,0.00013879593859351686,0.002543019129443041,-0.06548854488674838
2017-11-09,0.0009453669421035734,0.0003870030305676321,0.0005583639115359414,-0.083919710419599
2017-11-10,-0.0037046249201579656,-0.002330411541427208,-0.0013742133787307594,0.1055208237256405
2017-11-13,-0.0040386313655777,-0.0014042100021229064,-0.002634421363454793,-0.1690863705062712
2017-11-14,0.005748542844347053,0.0006766325728665701,0.005071910271480486,0.008619274187010924
2017-11-15,-0.008951228888148595,-0.004971228804356428,-0.003980000083792166,0.2440304069520884
2017-11-16,0.0005900974468451272,-0.0014341280139187583,0.002024225460763883,-0.05446160262500482
2017-11-17,0.017673168845520875,0.007331369019910244,0.010341799825610634,0.12993351700452527
2017-11-20,-0.00371226179900657,-0.0005096252284938502,-0.0032026365705127204,-0.15873580782093644
2017-11-21,0.00987077673414234,0.0040139077902922,0.005856868943850142,-0.02462000866469033
2017-11-22,-0.008822049098321277,-0.0035695807831178164,-0.00525246831520346,-0.24115588641197874
2017-11-23,-0.0012243538074027023,-0.0009737783855395927,-0.0002505754218631098,-0.08187860418396314
2017-11-24,-0.014714724665684452,-0.007366013485373053,-0.0073487111803114,0.0916651712108089
2017-11-27,-0.004195089308161487,-0.0045235348051948345,0.00032844549703334776,-0.19391332258993726
2017-11-28,0.005235230666552128,0.0007913563151449986,0.004443874351407135,0.07606460066840047
2017-11-29,-0.009995429378974973,-0.000949455609233537,-0.00904597376974144,-0.1795516197744704
2017-11-30,0.004482389381567104,0.00351775248272034,0.0009646368988467605,0.12458666771699509
2017-12-01,-0.010116449717222486,-0.003854586254710914,-0.006261863462511568,0.09481144629758591
2017-12-04,0.008050352256224582,0.0013394014778026347,0.006710950778421949,-0.13008414479320948
2017-12-05,0.005512667423402085,0.0008597455647738721,0.004652921858628211,-0.19170651363081667
2017-12-06,-0.007275463263481037,-0.0033431247486695372,-0.0039323385148115,-0.16501326820369422
2017-12-07,-0.01025894426250185,-0.00445527848541525,-0.005803665777086603,0.037576654158691256
2017-12-08,-0.008449334002061664,-0.0019129610067231493,-0.006536372995338515,-0.08569925261830318
2017-12-11,0.0024598983866287454,0.0012942648440761664,0.0011656335425525785,-0.045551033037131164
2017-12-12,-0.0040022192559977686,-0.0014501528711207516,-0.0025520663848770143,0.0771484254860442
2017-12-13,-0.002464748156931102,-0.0018834027545759735,-0.000581345402355128,0.0546669319271478
2017-12-14,0.004814344686864562,0.0017200573252602195,0.003094287361604343,0.12035321554059537
2017-12-15,0.002828046698630383,0.0012075161581512773,0.0016205305404791055,0.022876165942356676
2017-12-18,0.00662688481420131,0.002046070815438369,0.004580813998762941,0.0023488153447347834
2017-12-19,0.0011169798013916997,0.00040427784676912333,0.0007127019546225768,-0.0449225554341329
2017-12-20,0.00010140551952934505,-9.047206417955346e-05,0.00019187758370889547,-0.07034001750576216
2017-12-21,-0.003106476576378651,-0.0015317149400674883,-0.0015747616363111627,0.016424618114098337
2017-12-22,-0.0037788452075965652,-0.0024581227794352525,-0.0013207224281613118,0.08257031743382132
2017-12-25,0.0008986818901861273,0.0008014731915260266,9.720869866010101e-05,-0.0011760781966680739
2017-12-26,0.005142395004613626,-0.0008540285063373958,0.005996423510951021,0.01188814199572186
2017-12-27,-6.621434978595735e-05,0.0012820059385601342,-0.0013482202883460916,0.06141075751943527
2017-12-28,0.0007675190815516807,-0.0013782593464974485,0.0021457784280491284,0.06913139550003145
2017-12-29,0.002941456579821628,0.0008472389133711612,0.0020942176664504666,0.04894727605897636
2018-01-01,0.0035194336992265367,0.00013955496669651804,0.003379878732530022,0.06749789252354038
2018-01-02,0.0034354832939423327,0.0018639547320083785,0.0015715285619339568,0.13150335120081746
2018-01-03,0.004319115195562374,0.0011588550375344446,0.003160260158027929,-0.09717229893311563
2018-01-04,0.009076617629584477,0.0019294726422367549,0.007147144987347719,0.13715968873623993
2018-01-05,-0.004665969567780047,-0.0010201064068166878,-0.00364586316096336,-0.12652563002477882
2018-01-08,0.008836115444348824,0.0014907372150801158,0.007345378229268708,-0.07253014901426916
2018-01-09,-0.006112087779812203,-0.001383135921244498,-0.004728951858567702,-0.17683648744789546
2018-01-10,-0.0033864237353395405,-0.001474833139522013,-0.0019115905958175285,0.05592147477359914
2018-01-11,-0.00909156696146659,-0.004271816431209579,-0.004819750530257013,0.07774200421142687
2018-01-12,0.002588352336958927,0.0001883030226136654,0.002400049314345262,0.1306090163455836
2018-01-15,0.0034308308087018834,0.0012626719875313691,0.00216815882117051,0.2372918872079148
2018-01-16,0.006302423001074155,0.0022689403632640322,0.004033482637810126,-0.12681089838931753
2018-01-17,0.012081237699358094,0.005863791523856266,0.00621744617550183,-0.022020335569015132
2018-01-18,-0.007399887529371712,-0.0025027287545736727,-0.0048971587747980395,0.18549913664845352
2018-01-19,-0.0010431181535466994,-0.00042927409268859497,-0.0006138440608581056,-0.19366406377959366
2018-01-22,0.009257002216080097,0.0038070111567256905,0.005449991059354405,0.08554803097699769
2018-01-23,-0.008730826704997686,-0.004417288848811203,-0.004313537856186484,-0.15399750760804387
2018-01-24,0.004105424993659897,0.001910906420114427,0.002194518573545471,0.006567392081073262
2018-01-25,-0.00651087034324318,-0.0027659536671070482,-0.0037449166761361306,0.14685885170839508
2018-01-26,0.00030007285492534994,-0.0001633221952688454,0.0004633950501941953,0.1128836609752164
2018-01-29,0.006530593197827499,0.0019951855909198794,0.004535407606907618,0.20109135055508395
2018-01-30,0.005316034751285175,0.0033483332125723696,0.001967701538712806,-0.003197498986702341
2018-01-31,0.009651557392038991,0.004748734763870865,0.004902822628168126,-0.10437284197628542
2018-02-01,-0.00018947030379610607,0.0010480573494839008,-0.0012375276532800058,0.036307646145081855
2018-02-02,-0.004482323068107668,-0.001982471672910959,-0.002499851395196708,-0.04910939815666094
2018-02-05,0.0017612086964471918,0.0011029075494555125,0.0006583011469916793,-0.11761183173966656
2018-02-06,-0.002420384260413342,-0.0009363983007540421,-0.0014839859596592997,0.12903599159660914
2018-02-07,-0.006246090493540566,-0.002826208729763164,-0.003419881763777402,0.09097477299821796
2018-02-08,0.0069759690900120935,0.003717672266202241,0.0032582968238098545,-0.097426874522538
2018-02-09,0.0044607299436073816,0.003233897508705264,0.0012268324349021184,-0.009566136332914697
2018-02-12,-0.004235127414623655,-0.003066068835514592,-0.0011690585791090634,0.06506667796852102
2018-02-13,-0.0004122799555194256,-0.00025283546256004916,-0.00015944449295937635,0.13423405782476705
2018-02-14,0.0033723341877929932,-0.0007652358619715666,0.004137570049764561,-0.24333377059305547
2018-02-15,0.007960563822003218,0.0026872347193357456,0.005273329102667472,0.038402571941693824
2018-02-16,-0.012057318313344067,-0.004702993742449677,-0.007354324570894393,-0.11463678603713828
2018-02-19,0.0016299867385025498,0.0015433884510803655,8.659828742218524e-05,-0.022158913177310405
2018-02-20,-0.004754002804527414,-0.0020259493919326512,-0.0027280534125947616,0.054606025347135344
2018-02-21,-0.0008031396742781376,-0.0001790102927540834,-0.0006241293815240547,0.07443017411982736
2018-02-22,0.002144530677192499,0.0012396964497896732,0.0009048342274028255,0.15789429961041224
2018-02-23,0.002603445644013641,0.0018775295582191594,0.0007259160857944814,-0.06482061112941133
2018-02-26,0.008161180541163281,0.003295346691829168,0.00486583384933411,0.2112759163415867
2018-02-27,-0.002878181262284644,9.191117241475963e-05,-0.0029700924346994038,-0.13039226580702565
2018-02-28,0.011822999458782528,0.005312988921436952,0.0065100105373455674,-0.09956236598650031
2018-03-01,-0.006812650480536815,-0.0028283502008621983,-0.0039843002796746164,0.20840804974307053
2018-03-02,-0.004715870887047766,-0.001996345420802256,-0.0027195254662455105,0.04655468505296506
2018-03-05,0.014459000866296166,0.009569115172698775,0.0048898856935973845,0.002485625471029707
2018-03-06,0.0036967432842591424,0.0041588692498642724,-0.00046212596560512957,-0.09366719377795772
2018-03-07,0.00014879345998026127,0.00011083845890053068,3.7955001079729295e-05,-0.11361006382137567
2018-03-08,-0.0060878746257046765,-0.005233202662041234,-0.000854671963663442,0.14188839270210685
2018-03-09,-0.007690879121257745,-0.004864933813801103,-0.0028259453074566407,-0.14244012866350028
2018-03-12,0.009050302885954976,0.0031580933403676965,0.005892209545587279,-0.14166311913337185
2018-03-13,-0.008834475630521602,-0.0040861223873740644,-0.004748353243147534,0.0016117879718626697
2018-03-14,-0.00609551084837415,-0.002816404519354228,-0.0032791063290199193,0.0325900048304238
2018-03-15,8.915648693741006e-05,-1.1545056507158286e-05,0.00010070154344457224,0.07450472050852958
2018-03-16,0.0014760574194935987,-0.0009786031230750423,0.0024546605425686415,0.07756682495233017
2018-03-19,0.004541311613248437,0.0010775434844092057,0.003463768128839231,0.01650509189662432
2018-03-20,0.00440316374407669,0.0013590915434227805,0.0030440722006539085,0.044373077594730505
2018-03-21,0.0009104543952272781,-0.0007551784551912636,0.0016656328504185396,-0.05181358029937435
2018-03-22,0.0021366773848361118,0.0006329734400183553,0.0015037039448177556,-0.014905988275489166
2018-03-23,-0.0022911236878217418,-0.0011835387498943632,-0.0011075849379273764,-0.15524417000319377
2018-03-26,-0.0006397020553602918,0.0007183570587587194,-0.001358059114119012,-0.0046360014802675495
2018-03-27,-0.007348231346599518,-0.001546702279612476,-0.005801529066987034,0.09443777057897801
2018-03-28,-0.00027604713314335286,-0.0020846533668826446,0.0018086062337392909,0.01888637754459115
2018-03-29,0.005969996675765527,0.0023160261625464677,0.00365397051321906,-0.038168245829053885
2018-03-30,0.0010145621041258543,0.0006458817979912541,0.0003686803061346,0.07640310799312833
2018-04-02,-0.001792811875086336,-0.0011421860160770085,-0.0006506258590093282,-0.07079148185932502
2018-04-03,0.003922670427650663,0.001959738216025482,0.0019629322116251798,0.015641342628132965
2018-04-04,-0.0034452022509233594,-0.0016856133755591314,-0.0017595888753642284,-0.03452535059680979
2018-04-05,0.0007918258924828497,-0.00010559159618742445,0.000897417488670272,-0.049782810667818186
2018-04-06,-0.001916097475032253,-0.00023835999447691862,-0.0016777374805553348,-0.023013706215450354
2018-04-09,-0.0027612799737519534,-0.0023233128134240617,-0.00043796716032789076,-0.07147666536041683
2018-04-10,-0.001477988087038054,-0.0019560150719480415,0.0004780269849099881,-0.0030508834355755876
2018-04-11,-0.004995033607579234,-0.002345551302495453,-0.00264948230508378,0.027397103192637308
2018-04-12,-0.00019872613657687327,0.00034995134571595005,-0.0005486774822928246,0.06671644051924128
2018-04-13,0.0015564896847831433,0.0004734591826029994,0.0010830305021801434,0.18669155456521824
2018-04-16,0.00361402489339277,0.0017665915418613386,0.0018474333515314312,0.037082677106061585
2018-04-17,0.011159180092533368,0.006506701308332474,0.004652478784200893,0.02428608282750208
2018-04-18,0.002330150324494729,0.0007587674024667512,0.0015713829220279777,0.10557853101278739
2018-04-19,0.0012426703672776482,0.0006091917596144792,0.0006334786076631679,0.1558445403316506
2018-04-20,0.005943453333278311,0.0020162253719851232,0.0039272279612931876,0.008847457301507324
2018-04-23,0.008861109525427386,0.0035673392236711433,0.005293770301756245,-0.05157844498647996
2018-04-24,0.00048082511523306435,0.00016355084037570494,0.00031727427485736016,-0.07413003433610259
2018-04-25,-0.002248312664250198,-0.0014639708429985548,-0.000784341821251644,0.14964329834690046
2018-04-26,-0.0035284978880404543,-0.0017790922896205631,-0.0017494055984198925,-0.00441264272284943
2018-04-27,0.008188726308304355,0.0024612475068567143,0.00572747880144764,0.015190928854031116
2018-04-30,-0.00023773427259155032,-0.0006634299406057739,0.00042569566801422404,0.10733290617435201
2018-05-01,0.000780720643324591,-0.0004627067838822223,0.0012434274272068134,-0.1122751029812475
2018-05-02,0.005859680223055842,0.0032700473357100603,0.0025896328873457816,-0.02581041533344208
2018-05-03,-0.005188832570019051,-0.0023934396076885278,-0.0027953929623305233,0.09342463953672259
2018-05-04,-0.0011195111993129083,-0.0006931933577371805,-0.000426317841575727,0.1167730366312343
2018-05-07,0.003868914865029939,0.0026452504659567003,0.001223664399073239,-0.19073227810401908
2018-05-08,0.005910781997841775,0.0035488965308855293,0.002361885466956242,0.020477695481025213
2018-05-09,-0.010448085837550622,-0.004556309669585363,-0.0058917761679652585,-0.009952040244921306
2018-05-10,0.0008985526324085799,0.0007609960486877482,0.0001375565837208317,-0.14756587782036368
2018-05-11,-0.0004268804706939371,0.00044699684673905893,-0.0008738773174329969,0.01714905849670021
2018-05-14,-0.005830648635934209,-0.0031992020558628217,-0.0026314465800713876,0.029998861175747942
2018-05-15,0.0007356642852190115,0.0004962412670631517,0.00023942301815585952,0.08411067780592262
2018-05-16,0.0013380074292018837,0.0005434840994897397,0.0007945233297121448,-0.0589042237212663
2018-05-17,0.004431093494858019,0.0036390775358809743,0.0007920159589770454,0.2867079699017868
2018-05-18,-0.0030620165952454054,-0.0003151427610748915,-0.0027468738341705134,0.05442175389366201
2018-05-21,0.015194268965635822,0.007636213680655875,0.007558055284979947,-0.11039511164980526
2018-05-22,0.002766146512243357,0.0018288680300854218,0.0009372784821579354,-0.0424498472740676
2018-05-23,-0.006532847107110679,-0.003918343456220014,-0.002614503650890666,-0.11179660538155586
2018-05-24,-0.0028630568058564338,-0.003717905120146397,0.0008548483142899639,-0.068832694149257
2018-05-25,-0.005861202109193416,-0.003093064852085242,-0.0027681372571081754,0.04306225243210642
2018-05-28,-0.003720323766743943,-0.002909239655423765,-0.0008110841113201754,-0.014801222245248973
2018-05-29,0.0021293092811335676,0.001594171616235639,0.0005351376648979286,-0.036283379551765804
2018-05-30,-0.0007632948128734026,-0.0006873529369725274,-7.594187590087651e-05,-0.07130246045939397
2018-05-31,-0.0018930476470982714,-0.001475643956725412,-0.0004174036903728598,0.10019597298574662
2018-06-01,-0.004088928429086579,-0.002663608693081009,-0.0014253197360055703,-0.07667819344789673
2018-06-04,0.005310438427911319,0.00193554182589761,0.0033748966020137093,-0.003351837913109879
2018-06-05,-0.0039436505976705935,-0.0023136597779742397,-0.0016299908196963538,0.008807374267700294
2018-06-06,-0.00017160722191871919,-0.0005013959395214463,0.0003297887176027276,0.0016887420567781098
2018-06-07,0.0004782290987972266,0.0004064934199784036,7.173567881882392e-05,-0.008707389946876325
2018-06-08,9.202700471055405e-05,-0.00071616317160717,0.0008081901763177237,-0.03697544557683524
2018-06-11,-0.00042507567853712104,-9.504209211367871e-05,-0.00033003358642344233,-0.0760909585324953
2018-06-12,-0.0018034313183712288,-0.000555971635773882,-0.0012474596825973443,0.019780533542227904
2018-06-13,-0.004018896664179766,-0.0017254751127850536,-0.002293421551394713,0.1840097951982684
2018-06-14,0.0010010879614022054,1.1140701629366347e-05,0.0009899472597728384,0.15479856163773387
2018-06-15,0.011417896030568222,0.005077081600858643,0.0063408144297095815,0.17283201204086202
2018-06-18,0.009175713660621651,0.0037050213564944305,0.005470692304127221,0.15308348240734648
2018-06-19,0.011533839588565855,0.006501530250922141,0.005032309337643714,0.18549319253197988
2018-06-20,0.009823758752229583,0.005013108328459215,0.004810650423770367,-0.1083147735449434
2018-06-21,0.014176879569848495,0.0069858229861658825,0.00719105658368261,-0.17456400239022493
2018-06-22,-0.0056119711502741945,-0.0034962412801697595,-0.002115729870104433,-0.062210228880615656
2018-06-25,-0.008463563282594547,-0.004298824415419612,-0.004164738867174941,-0.15938690962882054
2018-06-26,-0.0028611818035098584,-0.0019096240078705397,-0.000951557795639317,-0.09140594402545123
2018-06-27,-0.007357250226427127,-0.0038814804982652655,-0.0034757697281618607,-0.06442172167266595
2018-06-28,-0.004240624205057495,-0.0020165834367185838,-0.0022240407683389125,-0.10379205985980067
2018-06-29,-0.0034025229565041674,-0.0025237535754098145,-0.0008787693810943532,-0.09350282906166052
2018-07-02,-0.004568882790342258,-0.002163889737807352,-0.002404993052534908,-0.04320414814348832
2018-07-03,-0.005766125932493779,-0.0032830853507788424,-0.0024830405817149355,-0.032709698297650386
2018-07-04,-0.00248934710336105,-0.0017314733347835978,-0.0007578737685774526,-0.16255970198821135
2018-07-05,-0.0018776912361379038,-0.0012353529534035114,-0.0006423382827343933,-0.150268268480103
2018-07-06,-0.009804712392992694,-0.0054849418355300585,-0.004319770557462639,0.03538222538639739
2018-07-09,-0.007936970572098124,-0.0031717803519642,-0.004765190220133914,-0.09199224658149881
2018-07-10,0.002888186844384012,-0.0006573812124909674,0.003545568056874979,0.05985135018031983
2018-07-11,-0.0068534449011536346,-0.004144165383397963,-0.0027092795177556727,0.028659429261877492
2018-07-12,0.004278032940722652,0.0013428691736170418,0.002935163767105611,-0.07680512858504228
2018-07-13,0.0015762941222029552,0.001178571787126017,0.0003977223350769398,-0.11842613432158731
2018-07-16,-0.004982849864872702,-0.0007558399557389059,-0.004227009909133796,-0.06325644635263486
2018-07-17,-0.008638431689016679,-0.003806435673328081,-0.004831996015688605,-0.03811157947129537
2018-07-18,-0.004659745950769053,-0.002566000141080032,-0.0020937458096890217,0.09020119492076617
2018-07-19,-0.0031449343169215127,-0.001590214342287219,-0.001554719974634293,0.02074474085585365
2018-07-20,0.00947927649021939,0.0047485331405736075,0.00473074334964578,0.008511571765309952
2018-07-23,0.0014730264986555887,-0.0004176373451930532,0.0018906638438486445,-0.008209700331708175
2018-07-24,0.0006138352478256395,0.0006852705136874901,-7.143526586185153e-05,0.06829580436194807
2018-07-25,-0.0007166139244532642,-0.001334164193960933,0.0006175502695076641,0.04001293460183838
2018-07-26,0.005667872613599913,0.0011890004621028759,0.004478872151497042,-0.033241502528585806
2018-07-27,0.002570459402074428,0.0004899686361066469,0.002080490765967783,0.0115005335295803
2018-07-30,-0.0021271909556204796,-0.0018321129162456942,-0.00029507803937478885,-0.004027511849331652
2018-07-31,0.0007403301859244566,5.5986041792840946e-05,0.0006843441441316163,0.04301491297548492
2018-08-01,-0.0002663810991890977,-0.0005889416035824885,0.0003225605043933902,0.003912771072985734
2018-08-02,0.002565814701285703,0.001029199656849479,0.0015366150444362237,0.05589258634947829
2018-08-03,0.00027970356229108486,-0.0006795281245642109,0.0009592316868552967,0.04730826506584229
2018-08-06,0.004380116401374956,0.0009883633576510372,0.0033917530437239185,0.03459470274668788
2018-08-07,0.0033755497783999775,0.0006474294741254626,0.0027281203042745124,0.01036279136146999
2018-08-08,0.002546306786068467,-0.0008822525651378602,0.0034285593512063273,0.03718166617696863
2018-08-09,0.0007441394242189652,0.00022479992669733814,0.0005193394975216252,-0.048000743277544035
2018-08-10,0.0021448689387843544,0.0008018972236480716,0.0013429717151362784,-0.01002836377120026
2018-08-13,-0.0027511872349778423,-0.0005446020426787754,-0.0022065851922990695,0.03879121772478654
2018-08-14,-0.0006823542601787698,-0.0020404979788384934,0.0013581437186597238,0.10094700697299307
2018-08-15,0.0025912414304836524,-0.0006548177795110237,0.003246059209994677,0.08522608315646882
2018-08-16,0.0067527021123394825,0.0027121000349966083,0.004040602077342873,-0.0448519693850476
2018-08-17,0.007588295895561944,0.0017355722045744116,0.005852723690987533,0.16362549207025898
2018-08-20,-0.003216681901248011,-0.001897594209867884,-0.001319087691380126,-0.020722605371685257
2018-08-21,0.011861309252041957,0.006128536708137497,0.005732772543904459,-0.03600817121203336
2018-08-22,-0.001526843150741157,-0.0027790790038138384,0.0012522358530726828,-0.009412136464677165
2018-08-23,-0.0024957731838337323,-0.0025966502088700188,0.0001008770250362866,-0.08424637787358055
2018-08-24,-0.00060410661734246,-0.0007553562963249607,0.00015124967898250217,6.428771806688107e-06
2018-08-27,-0.005246020399821485,-0.0030357837611896393,-0.0022102366386318427,-0.03700242819963519
2018-08-28,4.172720575547134e-07,-0.00011047157863039794,0.00011088885068795407,-0.05478539487654794
2018-08-29,-0.002521766344447925,-0.0013064181033059976,-0.0012153482411419274,-0.03858399244733576
2018-08-30,-0.0034182553440430187,-0.0017606000669657847,-0.0016576552770772336,0.0008472483091624894
2018-08-31,-0.0028236119684301015,-0.00042470995026399304,-0.002398902018166109,0.06059621478401768
2018-09-03,6.646257927171609e-05,0.001164602929106754,-0.0010981403498350369,0.08089373990709567
2018-09-04,0.0039939398459770134,0.0031708868363321246,0.0008230530096448897,0.01196574354048272
2018-09-05,0.005548583538180769,0.003663149537068769,0.0018854340011119977,0.18428771685339668
2018-09-06,0.0010001753760944998,0.0008070941843720172,0.00019308119172248457,0.016672389154698885
2018-09-07,0.017445697342202266,0.00720614800357312,0.010239549338629146,0.13882181514892955
2018-09-10,0.00131519795147356,-0.00026067314466967154,0.0015758710961432335,-0.0035960002164776034
2018-09-11,0.010856933804051377,0.004649341523932982,0.006207592280118385,-0.07095251680930892
2018-09-12,-0.0002662394444961539,-0.00025693745603717726,-9.301988458977617e-06,-0.02724833520978231
2018-09-13,-0.004833118055180698,-0.0034515886917444254,-0.0013815293634362727,-0.04789928187856489
2018-09-14,-0.001651429915427337,-0.0017607889986029097,0.00010935908317557391,0.006709154686124362
2018-09-17,-0.0023943444827900394,0.0005876186145220008,-0.0029819630973120306,-0.08780733504285329
2018-09-18,0.00042534248964311885,-0.0003601669631208993,0.0007855094527640192,0.022972799092108212
2018-09-19,-0.004680173396138666,-0.000822188230438994,-0.0038579851656996727,-0.00962441406707353
2018-09-20,0.001154035842022959,0.0015390943912723318,-0.00038505854924936883,0.15812198021357873
2018-09-21,-0.0005819600663109579,-0.0010445640043384094,0.0004626039380274515,-0.06866699869641177
2018-09-24,0.011511956227980772,0.00420013400809606,0.00731182221988471,-0.03603403303781988
2018-09-25,-0.005725484578669331,-0.005187656233161727,-0.0005378283455076038,-0.024514812283015268
2018-09-26,-0.0020297492217530915,-0.0003539328682706372,-0.0016758163534824552,0.0234671386040307
2018-09-27,-0.0014657308403505191,-0.0004585734191387457,-0.0010071574212117728,0.08553720275597507
2018-09-28,0.0015568241986314638,-9.869775068876638e-05,0.0016555219493202267,-0.0300683884856911
2018-10-01,0.005632431408017871,0.0018852630285553281,0.0037471683794625434,-0.0291518453265539
2018-10-02,-0.001576071835530947,-0.0008709076594418594,-0.0007051641760890889,0.017099282548201776
2018-10-03,-0.0014740734290286748,-0.0007679857945196207,-0.0007060876345090539,0.004611395202542283
2018-10-04,0.0008791362288888228,0.00047566037434357365,0.0004034758545452483,0.07138609185279836
2018-10-05,0.0002830343117683201,0.0002995688784075568,-1.6534566639237608e-05,0.07354593251606324
2018-10-08,0.004037019563646511,0.0013368678875667452,0.0027001516760797664,0.021821343128044863
2018-10-09,0.004901858815370827,0.0021880856644838007,0.0027137731508870278,0.02666592645912092
2018-10-10,0.0013049121442339803,0.00014401927600386083,0.0011608928682301234,0.1360529043066553
2018-10-11,0.001583374272317971,0.00034500530742819364,0.0012383689648897767,-0.10065288611759654
2018-10-12,0.008773095947327348,0.003799822345620294,0.004973273601707056,-0.10965683682562255
2018-10-15,-0.0061733426227036335,-0.0032132361896244042,-0.0029601064330792293,0.1062214595603677
2018-10-16,-0.005047550793299796,-0.0019607097699574708,-0.003086841023342328,-0.0024832684223233376
2018-10-17,0.005341201605734104,0.0035662520436023507,0.001774949562131754,0.2251274143111669
2018-10-18,-0.00013653445947201144,-0.0001924741085747913,5.593964910277985e-05,0.01478538994697623
2018-10-19,0.012688214933716708,0.00551681996777631,0.007171394965940395,0.037764876575990564
2018-10-22,0.0008364486528634138,0.00014182120124268472,0.0006946274516207293,-0.09306008829951465
2018-10-23,0.0019048853586561513,0.00040874704682207665,0.0014961383118340752,-0.04201941142289101
2018-10-24,-0.004454465413724542,-0.002642296211118011,-0.0018121692026065294,-0.08792892350441313
2018-10-25,-0.002060711242169549,-0.0021314751194362585,7.076387726671213e-05,0.029376236559044762
2018-10-26,-0.0043421465066987375,-0.002423902969361829,-0.0019182435373369076,0.036837979243556966
2018-10-29,0.0015887830992950761,0.0019343057316776877,-0.0003455226323826107,0.10718967689065827
2018-10-30,0.0020096743872801007,0.0003257357057886816,0.0016839386814914183,-0.04252136735019833
2018-10-31,0.006122324577621906,0.003418323895472911,0.002704000682148996,0.14139980047928466
2018-11-01,-0.002245362592664799,-0.0010263665989654717,-0.0012189959936993273,-0.16181080764979733
2018-11-02,0.0077017433721626016,0.0035686899267884584,0.004133053445374147,0.07855643087308199
2018-11-05,-0.008240870928030122,-0.004047260300562443,-0.004193610627467679,0.062308117936344214
2018-11-06,0.004195953236379748,0.0016870709896726294,0.0025088822467071187,0.051756654079347014
2018-11-07,0.00324973424691961,0.0007683854816423509,0.0024813487652772578,-0.05467978891767061
2018-11-08,0.0026427891225223386,0.0009949483498725418,0.001647840772649796,0.1444777232638538
2018-11-09,-0.0027301446899216115,-0.00065282340561474,-0.0020773212843068715,0.03401388293510661
2018-11-12,0.008497378724231688,0.005334059959551364,0.0031633187646803243,0.13699709382411301
2018-11-13,0.00186279854672163,0.0007136720320245604,0.0011491265146970691,0.03862217025265754
2018-11-14,0.006565425213541358,0.0026212825755766098,0.003944142637964748,0.010978063042322178
2018-11-15,0.0018449823906061319,7.1269836157926425e-06,0.0018378554069903397,-0.0773038887717568
2018-11-16,0.0005684446431330048,-0.0014207443217554346,0.0019891889648884394,-0.08552605349654743
2018-11-19,-0.004659494079142689,-0.0023947442832369936,-0.0022647497959056954,-0.11613582274784102
2018-11-20,-0.004068257508829902,-0.0028663104667410125,-0.0012019470420888897,0.03876880060957438
2018-11-21,-0.005528342586970734,-0.00225874380453748,-0.003269598782433254,0.05967358357302121
2018-11-22,0.0018730693702756849,0.0018759748256251853,-2.905455349495184e-06,0.3232182610711652
2018-11-23,0.002555819386413056,0.001402703491898639,0.001153115894514418,-0.07905824019192732
2018-11-26,0.019900782738418638,0.008329886972109034,0.011570895766309604,-0.07977942318734264
2018-11-27,-0.003415914577367715,-0.0009651417387764646,-0.0024507728385912506,-0.04603610873319005
2018-11-28,-0.0032775543732631728,-0.0007954888988776221,-0.0024820654743855503,0.09022550849250698
2018-11-29,-0.002084804603824948,-2.538875406172701e-05,-0.002059415849763221,0.017920589977065055
2018-11-30,0.004034599589782402,0.0018782136615899524,0.002156385928192451,-0.002948255269479325
2018-12-03,0.0008541718348149444,0.0006321857804901883,0.00022198605432475604,0.023349606817833334
2018-12-04,-0.00012413833720407053,-0.0008313337897427747,0.0007071954525387034,0.021278452461098864
2018-12-05,0.0010407925880071985,4.821623860241497e-05,0.0009925763494047848,0.01652117901266164
2018-12-06,0.0009502548922579034,0.0003773672511821029,0.0005728876410758003,-0.14834088185376523
2018-12-07,0.0008594806859297819,0.001532680939652007,-0.0006732002537222261,0.13039040088342527
2018-12-10,-0.007717548822288697,-0.002464134862135361,-0.005253413960153334,0.037405497069086927
2018-12-11,0.008675897853965105,0.006780071444208023,0.0018958264097570822,-0.00044839757513455235
2018-12-12,0.002276381530477035,0.00018479210521072124,0.002091589425266315,0.16376391212568353
2018-12-13,-2.3745386781898214e-05,-0.00011731218079539044,9.356679401349016e-05,-0.014531117136832358
2018-12-14,0.008264090644818929,0.003670949868845747,0.004593140775973182,0.030781194254718813
2018-12-17,-0.0007537487451875994,0.0004961717521446453,-0.0012499204973322499,-0.024109272199299887
2018-12-18,0.0014841930064909224,0.0006609184532057645,0.0008232745532851578,0.00932694284430903
2018-12-19,-0.0012414684861636576,-0.0005932245097513625,-0.0006482439764122945,0.0034497122955567477
2018-12-20,0.00043179545362006134,4.658992956036237e-05,0.00038520552405969886,-0.07441999397407155
2018-12-21,0.0001657055903095528,0.0007206205544647319,-0.0005549149641551794,-0.04203283387551504
2018-12-24,-0.003934611924185283,-0.0017964602731388689,-0.002138151651046409,-0.025718370360194576
2018-12-25,-0.0021599966930940274,-0.0019307099825681489,-0.00022928671052587814,-0.09493173001390127
2018-12-26,-0.0014226007327435728,-0.000569333648187714,-0.0008532670845558588,0.02433465713081587
2018-12-27,-0.004850978751495046,-0.0030113442377323525,-0.0018396345137626927,0.014816970855337723
2018-12-28,0.0014557847279003018,0.00024183339460526632,0.0012139513332950352,-0.13730987322112684
2018-12-31,0.0009236927836879272,0.00023291498347978445,0.0006907778002081437,-0.08074443020072937
2019-01-01,-0.0071878429916122566,-0.00351447634796085,-0.003673366643651404,-0.015146822238913954
2019-01-02,-0.0052088667462369944,-0.0026303523320349,-0.0025785144142020946,0.028784863483326022
2019-01-03,-0.0008199198480303936,0.0003697081502886467,-0.0011896279983190398,-0.056990466515042006
2019-01-04,0.001809144448342939,5.805847294863831e-05,0.001751085975394303,-0.11969124337733102
2019-01-07,-0.003143855839850528,-0.0025343208570136264,-0.0006095349828369005,-0.01848343438078038
2019-01-08,-0.005797831074760399,-0.0025014986911108513,-0.003296332383649548,-0.05705574625500252
2019-01-09,-0.0009983699710106632,-0.001634393891066237,0.0006360239200555728,-0.030760919058759904
2019-01-10,-0.002969708483815366,-0.0008583331119859476,-0.00211137537182942,-0.0843025263208658
2019-01-11,-0.0017702397410460798,-0.0014869261317728266,-0.0002833136092732537,-0.09372965046778879
2019-01-14,-0.004873711106471015,-0.0016833669634670825,-0.003190344143003933,0.038033946398497574
2019-01-15,-0.0057854678036451685,-0.002908717843296831,-0.002876749960348338,0.011885852036628928
2019-01-16,0.0021310041368878888,-0.00016445654047618496,0.0022954606773640746,-0.037646426324200934
2019-01-17,0.0005449267739684261,-0.00126947541144119,0.0018144021854096162,-0.0629270601438547
2019-01-18,-0.0019071352650522405,-0.00033922409705191333,-0.001567911168000328,0.018604241497010503
2019-01-21,-0.0031339255422910906,-0.0007119324740538814,-0.0024219930682372083,0.04028668591156241
2019-01-22,0.0009204604693909381,6.277267512276477e-05,0.0008576877942681735,0.07675180173785075
2019-01-23,0.002051083388983801,0.002362982831978191,-0.0003118994429943886,0.10140094721414526
2019-01-24,0.00403029889111195,0.001770998251504662,0.002259300639607288,0.056237137030415066
2019-01-25,0.005739973804245035,0.0026959883868146167,0.0030439854174304157,0.04590519463402569
2019-01-28,0.003205025049799931,0.001997235127054629,0.001207789922745301,0.16463977724463874
2019-01-29,0.0028371096424521848,0.00018527863375131237,0.00265183100870087,0.03817878845905716
2019-01-30,0.011754685083019831,0.0025526822552266216,0.009202002827793203,0.025752962186317143
2019-01-31,0.002191518135404085,0.0012252017123832604,0.0009663164230208233,-0.060509534319567064
2019-02-01,0.0013173008869794304,0.00012894575402622177,0.0011883551329532095,0.012633952697430279
2019-02-04,-0.0037151174351593283,-0.0014294081177188963,-0.0022857093174404324,0.09386319240931633
2019-02-05,0.0006355793787451696,0.0005783127073406228,5.726667140454507e-05,0.06522529861824329
2019-02-06,0.0046464220149363585,0.003027395943034918,0.0016190260719014405,-0.025856643021035425
2019-02-07,0.0033634305832769343,0.0005113317197636216,0.002852098863513313,0.16003347198867549
2019-02-08,-0.001294056580825301,-0.00045661896684171324,-0.0008374376139835896,-0.002125953994417615
2019-02-11,0.011113868923277748,0.004104637897267584,0.007009231026010164,0.015198437218956687
2019-02-12,-0.00011958547337767339,0.000890148664044129,-0.0010097341374218022,0.11010833242771159
2019-02-13,0.000743312672880941,0.0003824882487270416,0.0003608244241538989,-0.04742266751419739
2019-02-14,0.00616861508959382,0.003370749366474319,0.0027978657231195,0.009245195490001579
2019-02-15,-0.00311939693452037,-0.0026699789351333093,-0.0004494179993870615,0.02476627682882713
2019-02-18,0.0004782456910211526,0.0018974100853361708,-0.0014191643943150187,0.021636508883793863
2019-02-19,0.0011472197377171177,-0.0005953390049403037,0.0017425587426574216,0.06205694046227726
2019-02-20,0.001089289829316848,-0.0003763887936298709,0.001465678622946719,-0.1582078475751582
2019-02-21,0.00310885331450117,0.0008865764079550751,0.002222276906546093,0.1409750186286794
2019-02-22,-0.011600968505391506,-0.0037120630294931456,-0.00788890547589836,0.11040334678951999
2019-02-25,0.009110977929853355,0.004882565771846975,0.004228412158006381,0.18231288866218592
2019-02-26,0.0077322635878843745,0.00509289966819469,0.0026393639196896843,-0.04135378766228235
2019-02-27,0.011421032131034889,0.005005689091784286,0.006415343039250607,0.12661854709349576
2019-02-28,-0.0020156887371431055,-0.0005763930535553387,-0.0014392956835877681,0.04911489732018252
2019-03-01,0.006613085481660818,0.005092550391235767,0.001520535090425051,0.11017561195347271
2019-03-04,0.0025005266924541273,0.0019342507273937624,0.0005662759650603649,-0.023306555964403845
2019-03-05,0.005841273635200052,0.002695301462780948,0.0031459721724191037,-0.0011771473860405272
2019-03-06,-0.0011040092799079705,2.250728146910557e-05,-0.0011265165613770743,0.10977386890171033
2019-03-07,-5.934597526832989e-05,-0.0013875287315327305,0.0013281827562644007,-0.0942712849761337
2019-03-08,0.005747792076143031,0.003054927857536447,0.002692864218606584,0.0530791540991581
2019-03-11,-0.004374119540156606,-0.0022657217003457884,-0.0021083978398108182,-0.018420835582814044
2019-03-12,0.0025461296399803103,0.0020934643457838757,0.0004526652941964351,0.0035364094153461727
2019-03-13,-0.000903226905944617,0.0011413837303344537,-0.00204461063627907,-0.0035127629072972673
2019-03-14,0.00019314573235652304,0.0004705586662602061,-0.000277412933903683,-0.07146865905278992
2019-03-15,-0.0001649923561585713,0.00185152691485946,-0.0020165192710180323,0.0538536183245575
2019-03-18,-0.003155297589195029,-0.0015401819977386745,-0.0016151155914563564,-0.07534022752178901
2019-03-19,0.002547258875559109,0.0007758678343700726,0.0017713910411890355,0.045251381347084924
2019-03-20,-0.0033165517132535496,-0.0021355096408089426,-0.0011810420724446082,0.1352882796049103
2019-03-21,0.0026210313955508917,-0.0011051664006627299,0.00372619779621362,0.0733239947907462
2019-03-22,0.009653505919498524,0.0009583766150397664,0.008695129304458758,0.08034123207448869
2019-03-25,0.0034936420966660306,0.00229801900896095,0.0011956230877050804,0.025540858582323446
2019-03-26,0.0037310127656430994,0.0023296272872527033,0.0014013854783903967,-0.10444821700932394
2019-03-27,0.001075709527591038,0.0015150662843803867,-0.0004393567567893492,-0.03648586695481669
2019-03-28,-0.004361622647883182,-0.0029308815219721866,-0.0014307411259109944,-0.07996829163433172
2019-03-29,-0.0016893735859683087,-0.0011153183137055853,-0.0005740552722627225,-0.020793856665945864
2019-04-01,-0.0036955099705923687,-0.0015522566527107363,-0.002143253317881632,-0.1106546475024283
2019-04-02,-0.0008871663537461725,-0.0018383851294622973,0.0009512187757161252,-0.06583115865200015
2019-04-03,-0.00430228929671569,-0.0010962271373013057,-0.0032060621594143853,-0.07464802442993945
2019-04-04,-0.002857842937258885,-0.0019304676385004434,-0.0009273752987584418,-0.0529315637388439
2019-04-05,-0.0032436423003057145,-0.0007186395497752324,-0.0025250027505304834,0.01680916241090251
2019-04-08,-0.0025521184315658203,-0.0008412806987747592,-0.0017108377327910602,0.0172326546261454
2019-04-09,0.0007318383798187724,0.00030071537647324625,0.0004311230033455264,-0.04959083931279632
2019-04-10,0.0008285159641881672,0.00041541506881697396,0.00041310089537119343,-0.11811264609775943
2019-04-11,-0.002129312823408155,-0.0008235217568374927,-0.001305791066570661,-0.0938684848346729
2019-04-12,-0.00549883281525883,-0.001709748190287224,-0.0037890846249716073,-0.027424991770884293
2019-04-15,-0.004705775987968786,-0.0025986826377710666,-0.0021070933501977206,-0.004276865400328644
2019-04-16,-0.0013072599909608718,-0.0006246625295351552,-0.000682597461425716,0.11851698998087182
2019-04-17,-0.00022636662660348522,-0.0006764748480954652,0.0004501082214919804,0.15487288326294668
2019-04-18,0.006379562951935684,0.003175660065310247,0.003203902886625436,-0.016138312081547816
2019-04-19,0.008693979552878189,0.004336462531526506,0.004357517021351686,0.05725531795899711
2019-04-22,-0.0008411620654024394,-0.0006974279697534551,-0.00014373409564898826,0.005489355115741679
2019-04-23,0.002833677428642511,0.002913912507814394,-8.023507917188314e-05,0.06410442183827594
2019-04-24,0.00025038499483103654,-0.0002870369648389978,0.0005374219596700333,0.14131843931514546
2019-04-25,0.0035562639898837687,0.00023600343320619166,0.0033202605566775775,-0.07430547935041869
2019-04-26,0.007877686535580672,0.003790607839100281,0.004087078696480391,-0.0573786449986363
2019-04-29,-0.0037131864186356572,-0.0022134603565751197,-0.001499726062060538,-0.004189961686420815
2019-04-30,-0.0029317015090162416,0.0002785515531377389,-0.003210253062153983,0.0073210448565829275
2019-05-01,-0.00022842541496202024,-0.00038879643157777727,0.0001603710166157568,-0.07379104786194463
2019-05-02,0.0004563284849575821,0.0012848661287962575,-0.0008285376438386741,0.03880612899101334
2019-05-03,-0.004425547610771202,-0.0013816875635159886,-0.0030438600472552126,-0.030230219807925923
2019-05-06,0.002661143644519614,0.0011320881641033228,0.0015290554804162897,0.021233152164678245
2019-05-07,-0.001752421659164928,0.001103017970992444,-0.002855439630157372,0.009511485436013281
2019-05-08,0.0012477363451780738,0.0005224325570296643,0.0007253037881484103,0.09904028902336509
2019-05-09,0.0004995557057387023,0.0018566489147974312,-0.0013570932090587288,-0.027621536702596428
2019-05-10,0.0057010786620495905,0.0030316374231637256,0.002669441238885865,-0.03235464652338508
2019-05-13,-0.0016166305274642398,0.001189669051010114,-0.0028062995784743543,0.09288896895844409
2019-05-14,-0.00177361476771094,-0.0004750273070125658,-0.001298587460698374,0.00746436488867047
2019-05-15,0.005059375570108109,0.0024737807463914314,0.0025855948237166783,0.014261624061726418
2019-05-16,0.0005028279121849744,0.00010917563376441203,0.0003936522784205622,0.03380474498312962
2019-05-17,0.0010285258963917956,0.0003842126519224866,0.0006443132444693064,0.07966947265001684
2019-05-20,0.0023436203929170897,0.003280502491570627,-0.0009368820986535372,0.027053025446250687
2019-05-21,0.005711242276586141,0.0018160033736723813,0.00389523890291376,0.19209329844711703
2019-05-22,0.002575793916312592,0.0013720440155230718,0.0012037499007895164,-0.0776996730514896
2019-05-23,0.023996850879221994,0.016436436234805642,0.007560414644416351,-0.04406199009098951
2019-05-24,-0.0054011635407189874,-0.00239529881013777,-0.0030058647305812175,-0.06926815726441785
2019-05-27,-0.003137910782276182,-0.0003737908640935386,-0.00276411991818264,-0.12644757068366144
2019-05-28,-0.005999840019825655,-0.00224924142659063,-0.003750598593235028,0.07727262186741919
2019-05-29,-0.010855972490306596,-0.004566411496362298,-0.0062895609939442945,-0.06852695870950547
2019-05-30,0.005508965106510191,0.002729704313727719,0.002779260792782471,0.00950983001362514
2019-05-31,-0.004434756460065449,0.001627802747571544,-0.006062559207636993,0.061465916085384764
2019-06-03,0.0006555882610818702,0.0015085732895570528,-0.0008529850284751828,-0.022030700495719462
2019-06-04,0.003713905016181093,0.0014513566219347246,0.002262548394246368,-0.022763509902187153
2019-06-05,-0.0012994798207207267,0.0005513395456288872,-0.0018508193663496209,0.051045046773919335
2019-06-06,-0.0015847951875453945,0.0013579482606911608,-0.0029427434482365566,-0.07351075307597536
2019-06-07,0.004033854014642868,0.0007265773604112017,0.0033072766542316667,-0.07535051254001086
2019-06-10,-0.004273968597919199,-0.00015224908755461647,-0.00412171951036458,0.04947455713678309
2019-06-11,-0.005363461283890186,0.0005376756225946838,-0.005901136906484869,0.024407533850960728
2019-06-12,0.004032795896830767,0.004918757851759742,-0.0008859619549289773,-0.025530352895069254
2019-06-13,0.0022331926649187075,0.0031611752309047446,-0.0009279825659860379,0.06257689952372139
2019-06-14,-0.0026429195896662994,-0.009913195712176765,0.007270276122510466,-0.05398386060331556
2019-06-17,0.005059627970173801,0.0015596140524224123,0.0035000139177513876,0.031044945172634977
2019-06-18,-0.004634353743127136,-0.0033347666182703475,-0.0012995871248567895,0.005351141280285866
2019-06-19,0.0021114758608871322,-0.0018259267485227007,0.003937402609409835,-0.018641446094474302
2019-06-20,0.0003374028074323546,0.0007606703746795215,-0.0004232675672471639,-0.027927681187989568
2019-06-21,-0.001373402081619458,-0.004843906907486307,0.00347050482586685,-0.07144193229558678
2019-06-24,-0.0019757352227796738,-0.0034580340301434923,0.0014822988073638181,-0.12394634237488299
2019-06-25,-0.005084571567255733,-0.002482904432028669,-0.002601667135227066,0.1861069803684054
2019-06-26,-0.012067898781750071,-0.00722240737244486,-0.004845491409305208,-0.027670016389251036
2019-06-27,0.015065294785067695,0.008094100049630716,0.006971194735436968,-0.004256575022008825
2019-06-28,-0.0018901515201861323,-0.00254447003437535,0.0006543185141892165,0.08982348993254036
2019-07-01,-0.0002852163728737176,-0.0016828541486936244,0.001397637775819905,-0.017025844705678334
2019-07-02,0.006567384680515335,0.004740426314935979,0.001826958365579355,0.02452212275805629
2019-07-03,-0.0013948625293884014,-0.005138267231484361,0.0037434047020959635,0.050136972171011415
2019-07-04,0.0017480412920032442,0.0014339682911559556,0.0003140730008472899,-0.13554013684756822
2019-07-05,0.0032834956086593946,0.0033184610416174803,-3.4965432958087433e-05,0.09697031969227232
2019-07-08,-0.008932000961916835,-0.0010443156071187915,-0.007887685354798044,0.15295983710434674
2019-07-09,0.006111292749435211,0.001598937828565709,0.004512354920869504,0.00919788463838472
2019-07-10,0.012401027967091053,0.002549401339511481,0.00985162662757958,0.04587381203347555
2019-07-11,0.0005979140137898423,0.001662749065509804,-0.0010648350517199583,0.1634933291853513
2019-07-12,0.0024725826383558145,0.0014464969909963703,0.0010260856473594468,0.19872915620044337
2019-07-15,0.010758445781353484,0.0051503108098023285,0.005608134971551156,0.1261570423148822
2019-07-16,0.012471562848964727,0.0056265833148535175,0.006844979534111208,0.1824374968357512
2019-07-17,0.010254917851913748,0.004123106782254585,0.006131811069659165,-0.13625470409946314
2019-07-18,0.012830451742129689,0.006714566073324022,0.006115885668805668,-0.19822750218530824
2019-07-19,-0.007974581075009656,-0.003773928094333986,-0.004200652980675669,0.19786928284628807
2019-07-22,-0.012309673711346543,-0.005621091356836545,-0.00668858235451,-0.15133601751137218
2019-07-23,0.012328514305765117,0.005714455082874908,0.006614059222890207,-0.06467605932926784
2019-07-24,-0.008561164951061786,-0.0044789390227599375,-0.004082225928301847,-0.018774646454038934
2019-07-25,-0.003922359319960385,-0.0035983503014877212,-0.00032400901847266274,0.18472806333154126
2019-07-26,-0.0012714752726058292,0.0007486948913947751,-0.0020201701640006047,0.1980830375149047
2019-07-29,0.01261342627686627,0.00578762440064742,0.006825801876218847,-0.12996740489320596
2019-07-30,0.013476756320659252,0.007056198664529372,0.00642055765612988,0.06620376992764154
2019-07-31,-0.006738130250703928,-0.0026170854491579174,-0.004121044801546011,-0.07584886522583523
2019-08-01,0.003910205958585824,0.00106392944126406,0.0028462765173217636,-0.0032011414119736356
2019-08-02,-0.004663082907282941,-0.002678292976510683,-0.0019847899307722586,-0.07916695757053009
2019-08-05,-0.00020071389576229305,-0.0006199792531987236,0.00041926535743643076,-0.00690163212026569
2019-08-06,-0.004806585647841541,-0.0012740238141042484,-0.003532561833737291,0.020201860454524358
2019-08-07,-0.0004134882167732126,0.0006462464839310546,-0.0010597347007042669,0.13024578692118793
2019-08-08,0.0012282753034452264,0.0013757369439136944,-0.00014746164046846796,0.17879749310983611
2019-08-09,0.008669607085986956,0.003639227613985091,0.005030379472001865,0.20138554955876287
2019-08-12,0.012595606684381946,0.005184503579364353,0.007411103105017594,0.23405298241633699
2019-08-13,0.014340129414377557,0.008365921402856672,0.005974208011520886,0.03414822275573324
2019-08-14,0.019512199339135963,0.011310500681675465,0.0082016986574605,-0.2890406956613849
2019-08-15,0.0025803113622543472,-0.0008987464445683222,0.00347905780682267,-0.10407610760489015
2019-08-16,-0.020824856245319646,-0.012912883933756607,-0.007911972311563039,0.058216271254622004
2019-08-19,-0.005998467269295033,-0.0018844869097341989,-0.004113980359560836,-0.05805768540431303
2019-08-20,0.0032324177903600283,0.0023111153893368252,0.0009213024010232031,0.014609558335466236
2019-08-21,-0.0031667038310919326,-0.000606993033996887,-0.0025597107970950442,0.10679483184346934
2019-08-22,0.0007976297938368526,0.0005448342307133216,0.00025279556312353163,0.03806072836619753
2019-08-23,0.005845801337914298,0.0044546166671650235,0.0013911846707492757,-0.024977340508512795
2019-08-26,0.0022290881550890017,0.0030738934713945712,-0.00084480531630557,-0.08125331338010186
2019-08-27,-0.0014147905744396059,-0.0016967866791586118,0.00028199610471900394,0.15411449766880123
2019-08-28,-0.004681213791918543,-0.0028954972170844025,-0.0017857165748341405,0.013686561240279654
2019-08-29,0.011870221040933783,0.004834088861382322,0.007036132179551462,-0.06423306235207733
2019-08-30,0.0008269580078316182,0.0009547452258043924,-0.0001277872179727725,0.07556624157744947
2019-09-02,-0.004182625439455153,-0.003034726538852393,-0.0011478989006027587,-0.01278633544183882
2019-09-03,0.0050222534256527725,0.002295285963674499,0.0027269674619782736,0.13527224209541786
2019-09-04,-0.0007837860088363187,-0.0015339946669016558,0.0007502086580653336,-0.04681525791135088
2019-09-05,0.008851425051514643,0.004045255500060657,0.004806169551453986,0.04114534066157594
2019-09-06,-0.00253220967181322,0.0001798611107874104,-0.002712070782600627,0.05782558340242651
2019-09-09,0.0026909761756150905,-0.0007041950745537619,0.0033951712501688516,0.1307015891479528
2019-09-10,0.0036973806168619375,0.0012389155289177383,0.0024584650879441996,-0.1204920175412655
2019-09-11,0.008155615732331891,0.005397402361962527,0.0027582133703693626,-0.06901043200516548
2019-09-12,-0.00669795763151248,-0.0035365584726079966,-0.0031613991589044786,-0.04367587093638564
2019-09-13,-0.004403024629556253,-0.005315555491446398,0.0009125308618901434,0.08314940568124811
2019-09-16,-0.002531519990699534,-0.00028207141334818874,-0.002249448577351346,0.03483834283312538
2019-09-17,0.00500797827404058,0.0016300908247824514,0.003377887449258129,-0.07174501434264935
2019-09-18,0.002033945366378764,0.0014991849017131796,0.0005347604646655851,0.04217841653422074
2019-09-19,-0.004475617379245483,-0.0048211738101300835,0.00034555643088460134,0.11675868429313016
2019-09-20,0.0023664853050475772,0.002272866451864318,9.361885318326119e-05,0.00025034017034707774
2019-09-23,0.006780892360160862,0.005857552468088564,0.0009233398920722986,0.08835564008189166
2019-09-24,1.48085341323532e-05,-0.000845801102358977,0.0008606096364913297,-0.014599942814016895
2019-09-25,0.005252295973868716,0.002972694965043876,0.0022796010088248398,0.0172622451782399
2019-09-26,-0.0010132006230252864,-0.0004108466798544456,-0.0006023539431708407,-0.07293783245062291
2019-09-27,0.0009785691472181904,0.0008379059864314399,0.0001406631607867477,-0.04929808370939097
2019-09-30,-0.004577603141262915,-0.0025338296810575567,-0.002043773460205357,0.11904446458166186
2019-10-01,-0.002996662027256355,-0.002144403877546398,-0.0008522581497099567,-0.09598230538049286
2019-10-02,0.006200652672328557,0.003967004157458819,0.002233648514869738,0.11825080863431152
2019-10-03,-0.005579542359251684,-0.0023351590143629464,-0.0032443833448887387,-0.007823574147755537
2019-10-04,0.007452767630559607,0.0057124822940716755,0.0017402853364879318,0.14906277068178175
2019-10-07,-0.0004517109579363393,-3.100233022065033e-05,-0.00042070862771568986,-0.012891553762904146
2019-10-08,0.01041933628103809,0.006376363492162187,0.004042972788875903,-0.04549080475062219
2019-10-09,-0.0007106157103074584,0.001663134591052426,-0.002373750301359886,-0.04687410125918413
2019-10-10,-0.0028749344587911518,-0.0022514051448796492,-0.0006235293139115021,0.00706925624525577
2019-10-11,-0.0029707753706574996,-0.0023784282517356915,-0.0005923471189218099,-0.21000728237485294
2019-10-14,0.0004320153556069948,-0.0005687256932783592,0.0010007410488853535,0.018147449067505414
2019-10-15,-0.013432864667027838,-0.00804682326727365,-0.005386041399754182,-0.10594930435765883
2019-10-16,0.0012661864315415673,0.0026621585607034363,-0.0013959721291618692,-0.06426038116012138
2019-10-17,-0.007346489260516843,-0.003694304137802761,-0.0036521851227140807,0.07587416594043557
2019-10-18,-0.004347124752341781,-0.0016725295337131352,-0.002674595218628645,-0.05054060851167739
2019-10-21,0.00651697955084287,0.004348020740991815,0.0021689588098510546,0.03399225853717648
2019-10-22,-0.0035628340507306046,0.0005981290149951191,-0.00416096306572572,0.04793311912155681
2019-10-23,0.0030345768429615692,0.0013742499473289272,0.0016603268956326437,0.017737196664073383
2019-10-24,0.004503993146608576,0.0015094651993321807,0.002994527947276393,0.06409053062526418
2019-10-25,0.0013210391603253246,-0.0032981732093375696,0.004619212369662895,0.025341210717924178
2019-10-28,0.004773496210427026,0.003667220227177448,0.001106275983249578,0.037600230405526285
2019-10-29,0.0018082966070206118,0.0003138052537635244,0.0014944913532570839,-0.040256796272684615
2019-10-30,0.002828852759020524,0.0015386286693368587,0.0012902240896836654,0.010208771131467089
2019-10-31,-0.002473920566863132,0.001348417647894306,-0.003822338214757438,0.1002129114779019
2019-11-01,0.0006960950859007314,0.0022441891118173203,-0.001548094025916589,0.1028814467856576
2019-11-04,0.008028789141660426,0.0011541439371202736,0.006874645204540154,0.007192633273356087
2019-11-05,0.007940462184045705,0.004622835690820904,0.003317626493224804,-0.017352516903406653
2019-11-06,0.0004468004707495597,4.7552198587832994e-05,0.00039924827216172853,0.04089135113694824
2019-11-07,-0.0009885935185324252,0.001221681534734266,-0.002210275053266691,-0.07663516407097352
2019-11-08,0.002943993264300532,0.0008313113005257709,0.0021126819637747613,0.01205637121668362
2019-11-11,-0.004878265406183474,-0.0016437541678906483,-0.003234511238292827,0.06777908109297445
2019-11-12,0.0008477956161824494,0.0002996912448790731,0.0005481043713033776,0.0889671169187683
2019-11-13,0.00531010772861336,0.0031925837680671664,0.0021175239605461934,0.060658479487237266
2019-11-14,0.006330583179797702,0.004344845764982645,0.0019857374148150586,0.11407457366870703
2019-11-15,0.004438551437291063,0.0032929892735853584,0.0011455621637057054,0.006510815793081741
2019-11-18,0.00844967699536502,0.0023538579717826986,0.006095819023582324,-0.012829945225685875
2019-11-19,0.0005244333329887903,-0.003322494474081954,0.0038469278070707453,-0.09336885788806547
2019-11-20,-0.0009398153896100214,-0.0015648161571187487,0.0006250007675087238,-0.022504099835349227
2019-11-21,-0.0071999851981414285,-0.00752577308555539,0.000325787887413961,0.004013647118882586
2019-11-22,-0.0014999033997509714,-0.0024881523973415776,0.0009882489975906062,-0.031108895362990763
2019-11-25,0.00023803029381264638,0.0009761557174753129,-0.0007381254236626649,0.05698878748214106
2019-11-26,-0.0018825875136261085,0.00038189240944744296,-0.0022644799230735514,0.1257667971049895
2019-11-27,0.003645926434804573,0.002343847989065024,0.001302078445739551,-0.09091061664763941
2019-11-28,0.008787950775985296,0.001452424977573169,0.007335525798412127,0.012518949578306465
2019-11-29,-0.0056614418222746925,-0.004465529103368669,-0.0011959127189060236,-0.06501397531498854
2019-12-02,0.0007765090705876029,0.0010869191834975925,-0.00031041011290998833,-0.036091974075176794
2019-12-03,-0.004139145418001066,-0.001488153852197598,-0.0026509915658034684,0.05563431615871574
2019-12-04,-0.002858298073493298,-0.0024422162735837495,-0.0004160817999095483,-0.024786187698024938
2019-12-05,0.0040493715209455675,-2.7615563738113413e-05,0.004076987084683684,0.0038163339111431604
2019-12-06,-0.0015992222351857073,0.0004648584765672009,-0.002064080711752906,-0.00749763632176736
2019-12-09,0.00024452842968521464,0.001266263189558645,-0.0010217347598734296,0.01203989195669508
2019-12-10,-0.0004507331829613887,-0.0004369992169634845,-1.3733965997904211e-05,0.041082656804940026
2019-12-11,0.0006961232055021858,-0.00011886082088860377,0.0008149840263907892,0.05334785405505853
2019-12-12,0.0028510970462755922,0.0008477671367999552,0.002003329909475637,-0.08553678653950789
2019-12-13,0.0034100730744667245,0.0007357392961562237,0.0026743337783105003,-0.044706253360477885
2019-12-16,-0.005422120827888243,-0.003970707918023324,-0.0014514129098649189,-0.015048224036977509
2019-12-17,-0.003603069040608647,-0.0030276591561662018,-0.0005754098844424453,-0.07413034063930857
2019-12-18,-0.0012448140975405688,-0.002348962910983128,0.001104148813442559,0.08231937300098498
2019-12-19,-0.006606597863226508,-0.0062518802968341974,-0.000354717566392309,0.07127783549935231
2019-12-20,0.007875101753979402,0.003861435340758612,0.00401366641322079,0.08079389881209029
2019-12-23,0.004395006337149667,0.0033817710298662262,0.0010132353072834395,0.034985204977265476
2019-12-24,0.006603904221482577,0.005610829669645625,0.0009930745518369546,-0.08463175754536757
2019-12-25,0.002196109762741474,0.0024768136280799965,-0.00028070386533852326,0.03668645671124387
2019-12-26,-0.003983931744558119,-0.0021270032539142114,-0.0018569284906439065,-0.119405473144172
2019-12-27,0.0020333891776427235,0.0017905412016631067,0.00024284797597961638,-0.0964342660801994
2019-12-30,-0.006880383995189759,-0.003055206487293521,-0.003825177507896238,0.04381176094514965
2019-12-31,-0.005354536403196086,-0.0025957716212929374,-0.0027587647819031494,0.13192844356786174
2020-01-01,0.002202051641786597,0.0004073291712207612,0.001794722470565835,-0.03248714623045024
2020-01-02,0.007271384645119132,0.004798426497678311,0.0024729581474408216,-0.0550776643501603
2020-01-03,-0.001614599932872011,-0.0013176472901316114,-0.00029695264274039873,0.0218761041170324
2020-01-06,-0.0027280352734244673,-0.0010446105552723225,-0.0016834247181521447,-0.011471258028300116
2020-01-07,0.0013416509391686007,0.00030309023952986534,0.0010385606996387384,-0.06949157672918599
2020-01-08,-0.0006523168923400582,0.00031541205828232617,-0.0009677289506223822,-0.0508787178479129
2020-01-09,-0.003391940854969872,-0.0014423010111707648,-0.001949639843799107,-0.0574295444751578
2020-01-10,-0.0031300917331445674,-0.0014653070322778218,-0.001664784700866749,0.011225674817906494
2020-01-13,-0.0034214921254015875,-0.0014432304177187348,-0.001978261707682852,0.0802773640781165
2020-01-14,0.0005880698465057753,0.0013852719379129214,-0.0007972020914071461,0.048449647624448484
2020-01-15,0.0043635660823411575,0.0028570664051046895,0.0015064996772364697,-0.02344435531138244
2020-01-16,0.0027574365774971055,0.0005799797477063703,0.0021774568297907356,-0.001789014498859089
2020-01-17,-0.0012021918207896188,-0.0001441208002198539,-0.0010580710205697643,-0.10262145097522199
2020-01-20,-9.868673175914092e-05,-0.00016245170716967707,6.37649754105362e-05,0.09069401467803456
2020-01-21,-0.005529529405320462,-0.0008743024605729465,-0.004655226944747515,-0.09001577500353998
2020-01-22,0.0046553589811795,0.0017673484372797334,0.002888010543899769,0.03566462456373424
2020-01-23,-0.004530525774288046,-0.0024329523743330007,-0.0020975733999550445,0.05016822363383849
2020-01-24,0.0018024965502226585,-0.000584480775120676,0.002386977325343336,0.11860779848721659
2020-01-27,0.002977063117636036,0.004185246371886314,-0.0012081832542502786,0.06108723521642062
2020-01-28,0.006863779873434889,0.003447184870519748,0.003416595002915142,0.08356002109591076
2020-01-29,0.0038269885981638877,0.0020689551523422624,0.0017580334458216248,0.11117257427278805
2020-01-30,0.005018058097432153,0.003176912211817032,0.0018411458856151222,0.13242272947452477
2020-01-31,0.007583384838360265,0.004337971618765372,0.003245413219594897,-0.1842723057283481
2020-02-03,0.00984081032696172,0.008829043561364576,0.0010117667655971446,0.005138392512235505
2020-02-04,-0.010473335832554408,-0.0069855649165662375,-0.003487770915988172,0.07023197348238962
2020-02-05,0.0002638086224408852,0.0006253803346153086,-0.00036157171217442424,0.0063657719038744025
2020-02-06,0.004057157018312316,0.002643699469686716,0.0014134575486256032,-0.10358508186453967
2020-02-07,0.000385058075710881,-0.0020920706516471942,0.002477128727358077,0.024922882897426685
2020-02-10,-0.00602669198212807,-0.0017291165254610594,-0.004297575456667011,0.04367582881666234
2020-02-11,0.0014185336262549197,-0.0007031583651714406,0.0021216919914263596,0.053951319133265584
2020-02-12,0.0027751122835851533,-0.0012706966459808833,0.004045808929566035,0.07726287411874427
2020-02-13,0.0029725151805336265,0.002047440043199695,0.0009250751373339309,0.04901315849617624
2020-02-14,0.004225238689820528,0.0029864739842695026,0.0012387647055510267,0.07433780902874396
2020-02-17,0.0032140997385118504,-0.0004659582724978392,0.0036800580110096888,-0.042211837309305604
2020-02-18,0.004320204627773726,0.0007006701802619872,0.0036195344475117375,-0.062061654679501366
2020-02-19,-0.002309719964959331,-0.00206535144039455,-0.00024436852456478095,0.14561204144327047
2020-02-20,-0.003735003773231642,-0.0020173848059754315,-0.0017176189672562106,0.16733179049434124
2020-02-21,0.008155875906701329,0.004143357938586674,0.004012517968114656,0.004164010271785902
2020-02-24,0.010108740745801426,0.005492424262023887,0.004616316483777537,-0.07454786436862341
2020-02-25,0.0002249466105748322,-0.0009403129739082906,0.001165259584483123,-0.007134236664608243
2020-02-26,-0.004156669841896162,-0.004899908582874979,0.0007432387409788167,-0.09214269585672744
2020-02-27,-0.00038908888214555035,-0.0014620180079667339,0.0010729291258211827,-0.059817948006623614
2020-02-28,-0.004672856362958115,-0.003981034851988785,-0.0006918215109693298,-0.11068813702118127
2020-03-02,-0.0030834529400935768,-0.0020139295959220697,-0.0010695233441715074,0.021064123557613102
2020-03-03,-0.005536181598497873,-0.0021749592063490305,-0.0033612223921488434,-0.2061122793858395
2020-03-04,0.0012021657183743642,-0.0014601457862523561,0.00266231150462672,0.11302060751828692
2020-03-05,-0.011344013178620285,-0.007505854239562725,-0.003838158939057558,0.09794244743595713
2020-03-06,0.006356221423200268,0.00413421013233093,0.002222011290869338,0.03678975304631446
2020-03-09,0.005553250496784273,0.0034530077226416524,0.0021002427741426202,0.09241548353578749
2020-03-10,0.002087467171442016,0.0010105711041884565,0.0010768960672535596,0.015041084660370513
2020-03-11,0.005678406280826682,0.0019012345742521752,0.003777171706574503,-0.02631632170074536
2020-03-12,0.0008485128029904173,0.0008639393328083635,-1.5426529817946268e-05,-0.06677064611892206
2020-03-13,-0.0015942964376750596,-0.0010377155374897869,-0.0005565809001852745,-0.016890113615707903
2020-03-16,-0.004506869624772815,-0.0005421663682021079,-0.003964703256570707,0.12147812539055206
2020-03-17,-0.0010012348392426486,-0.00022175020163506324,-0.0007794846376075852,-0.05642066903453918
2020-03-18,0.007914811651320295,0.0022056727543865243,0.005709138896933769,0.04987947064045938
2020-03-19,-0.0035316682043297193,0.00022564201573365035,-0.003757310220063372,-0.0028808897577986938
2020-03-20,0.0031625519926716957,0.002221926130017712,0.0009406258626539839,0.0691472332536668
2020-03-23,-0.00018328617481618568,0.0027217889836718082,-0.0029050751584879936,0.035820190259661745
2020-03-24,0.0046145686114346645,0.0016578508502720288,0.0029567177611626305,0.149318928691694
2020-03-25,0.002508575426782212,0.003708492448916071,-0.0011999170221338598,0.07443236574735315
2020-03-26,0.011710023208210197,0.006387072876352033,0.005322950331858162,0.08648054122659549
2020-03-27,0.005443363961009305,0.0010904871327168698,0.004352876828292433,-0.13819674518382807
2020-03-30,0.006526119536060462,0.005465936495297034,0.0010601830407634266,0.09984956662207962
2020-03-31,-0.012379248644651725,-0.009870410895176885,-0.002508837749474838,-0.029066657995424544
2020-04-01,0.006352971812408366,0.0045079236623095115,0.0018450481500988537,0.034303972933492737
2020-04-02,-0.0017645904781222717,-0.00024971131684827126,-0.0015148791612739996,0.013203465109532736
2020-04-03,0.002806092998488928,0.004695798474356593,-0.0018897054758676667,0.09460337305494669
2020-04-06,0.0009601913795242377,0.0019137577913633335,-0.0009535664118390966,0.18318042999210857
2020-04-07,0.0069417604982144245,0.0022498040597867704,0.004691956438427654,-0.18001252532959108
2020-04-08,0.014640920103558535,0.011098782047263528,0.003542138056295007,-0.009825139572873079
2020-04-09,-0.014051890810857684,-0.0082342880586379,-0.005817602752219785,0.06838564373399354
2020-04-10,-0.0008530516287184146,-0.0007944911864334984,-5.856044228491619e-05,-0.06310910497675125
2020-04-13,0.004860431790246306,0.0033951941170470585,0.0014652376731992458,-0.12823596005906265
2020-04-14,-0.004820187101654952,-0.00029618800237945185,-0.004523999099275499,0.04056259958443446
2020-04-15,-0.010731550501727756,-0.009804860738516278,-0.0009266897632114754,0.0542162852698985
2020-04-16,0.002857637367441451,-0.0012165920364823092,0.00407422940392376,-0.11979367349085346
2020-04-17,0.003844428460529287,0.003875976135603282,-3.154767507399306e-05,0.13682312875839156
2020-04-20,-0.008894016393513171,-0.008497852743884635,-0.00039616364962853775,0.09945471875969275
2020-04-21,0.009473825007893184,0.008082234710608038,0.0013915902972851447,0.1230565651870287
2020-04-22,0.00656552888177666,0.005226468096967049,0.0013390607848096127,0.15634270421567395
2020-04-23,0.009358992860326248,0.006019625611618033,0.0033393672487082166,-0.027754670768080632
2020-04-24,0.012665333194875223,0.010819237464871075,0.0018460957300041481,0.013400908291225207
2020-04-27,-0.0023144812078333393,-0.004401161223927327,0.0020866800160939877,0.03805515969020044
2020-04-28,0.0009905708904095743,0.000641236964170891,0.0003493339262386826,0.11166146597870961
2020-04-29,0.002854572336719552,-0.0025528089387102104,0.005407381275429763,0.02638304344913793
2020-04-30,0.00906259268288304,0.005044248112783319,0.004018344570099721,0.0792523869658954
2020-05-01,0.0024302733817241295,0.0027786322284270213,-0.00034835884670289183,0.04751879330894298
2020-05-04,0.006142089228901732,0.005964840817000856,0.00017724841190087676,0.078877534418266
2020-05-05,0.00368292911915838,0.0028827992680744274,0.00080012985108395,0.08385386390920233
2020-05-06,0.005685732914165212,0.002930073174214773,0.002755659739950435,0.07047659269956427
2020-05-07,0.006658709010354095,0.0005543783056496422,0.006104330704704453,-0.022238903686079472
2020-05-08,0.005071276788492753,0.004687684404465565,0.0003835923840271871,0.07446936510693346
2020-05-11,-0.0014076118380991786,0.0007823109319744607,-0.002189922770073644,-0.22946734796906992
2020-05-12,0.004505088517871769,0.002177688580018133,0.002327399937853636,-0.20590861849987893
2020-05-13,-0.01808921890368959,-0.01062565207621161,-0.007463566827477983,-0.1527815815987737
2020-05-14,-0.015391926801864058,-0.011267928403753107,-0.004123998398110947,-0.009233617345072281
2020-05-15,-0.012611834410170608,-0.009756108285967752,-0.002855726124202854,-0.11331963557247589
2020-05-18,-0.0006105600185446803,0.0002820745640182056,-0.000892634582562884,0.0898324571476585
2020-05-19,-0.007655481522106995,-0.005744746176368911,-0.001910735345738084,-0.008600543650256056
2020-05-20,0.005842511505099313,0.003251436311168003,0.0025910751939313094,-0.05329314799787704
2020-05-21,-0.0005651745729518239,-0.0018373280788640022,0.0012721535059121774,0.002512648065324579
2020-05-22,-0.0033291128746685793,-0.0002343455912155734,-0.0030947672834530093,-0.03407361269758473
2020-05-25,0.00016324748586532935,-0.00052810386413704,0.0006913513500023689,-0.06920246217633245
2020-05-26,-0.0019288057623278979,0.00016672798401901924,-0.002095533746346915,0.02887320121060271
2020-05-27,-0.004685522069105945,-0.004824483870557223,0.00013896180145127855,-0.03572863625445183
2020-05-28,0.0019740831065067025,-0.0004226934514507119,0.0023967765579574153,0.08674661342155104
2020-05-29,-0.0024668159018458933,-0.00491212013937474,0.0024453042375288496,0.016621576980570808
2020-06-01,0.006634303008772822,0.001574987751172069,0.005059315257600755,0.007326221526126994
2020-06-02,0.0011091203248404383,0.003611209825039966,-0.0025020895001995284,0.1263433028697262
2020-06-03,0.0004381693896998236,0.0015204303208289048,-0.0010822609311290851,0.15559620485307057
2020-06-04,0.008066869165154181,0.003474022781415665,0.004592846383738517,0.014831083402971275
2020-06-05,0.010671885948747628,0.0041845344119894184,0.006487351536758209,-0.07710243777330673
2020-06-08,0.0009565790751567122,-0.0007911363460328912,0.0017477154211896044,-0.029786795836114138
2020-06-09,-0.004727121722787658,-0.0022932812813139343,-0.0024338404414737257,-0.01131573221625379
2020-06-10,-0.001865275902475639,0.0020810403506789023,-0.003946316253154541,0.0781212349808568
2020-06-11,-0.0006194450226918407,-0.0027399404541553346,0.0021204954314634943,-0.062185336446598696
2020-06-12,0.0049410169818759455,0.003924208229329304,0.0010168087525466406,-0.026656325107846858
2020-06-15,-0.004672172059872816,-0.004847559149411474,0.0001753870895386568,-0.03246709039234401
2020-06-16,-0.0019019689163227928,-0.0033616086900352567,0.0014596397737124643,0.014493885056446405
2020-06-17,-0.002161779757514169,-0.0009047127867347375,-0.001257066970779431,0.029188599945664213
2020-06-18,0.000861939839878093,0.0015152836511534186,-0.0006533438112753254,-0.009018380870949867
2020-06-19,0.0018500621114445246,0.002186585148570118,-0.00033652303712559473,0.1331210126225781
2020-06-22,-0.0005772697775651998,0.0012044735815157082,-0.001781743359080907,-0.03972815848949421
2020-06-23,0.008377408898735934,0.0038997613483407532,0.004477647550395181,-0.10766744726799266
2020-06-24,-0.0023136464416496126,-0.00066041321505764,-0.0016532332265919722,0.038072279881117936
2020-06-25,-0.00640025868061829,-0.003769920659731756,-0.0026303380208865337,-0.04956985839460701
2020-06-26,0.0023195515248605725,0.001092741631203615,0.0012268098936569598,0.06119640276573792
2020-06-29,-0.002843939308291325,-0.0025363995210499436,-0.0003075397872413805,0.025003728314458934
2020-06-30,0.003812726993166775,0.0019473706227792235,0.0018653563703875517,0.07142253001204672
2020-07-01,0.0013670598114715786,-0.00019115781901452494,0.001558217630486104,0.020999684904004844
2020-07-02,0.004994084953471582,-0.0002940775617506306,0.005288162515222211,-0.0648425813740459
2020-07-03,0.0013535431203335836,-0.0001633995167530794,0.001516942637086664,0.0508086186072677
2020-07-06,-0.0037029070427684876,-0.0009064658079049118,-0.0027964412348635767,-0.12343203568268081
2020-07-07,0.0031541480071310144,0.00043777601575366353,0.0027163719913773513,-0.0736222114562553
2020-07-08,-0.00735922383327298,-0.005066186399036748,-0.0022930374342362315,0.03574855533790057
2020-07-09,-0.004610325388655462,-0.0011509581324191717,-0.0034593672562362923,0.11889627513007547
2020-07-10,0.0019568710479527006,0.0004823718800426179,0.0014744991679100827,0.06166815462816663
2020-07-13,0.0073423640894192815,0.003257490471897478,0.004084873617521802,0.017667380756243786
2020-07-14,0.0033266224727270216,0.0013337058241523533,0.0019929166485746688,0.03592899553130103
2020-07-15,0.0010789873064381875,0.0014799576284122637,-0.00040097032197407463,0.15413200898897278
2020-07-16,0.0024649021798922284,0.0004443903869051969,0.0020205117929870315,0.05800600053698842
2020-07-17,0.011002473990465762,0.0066833609076426305,0.004319113082823132,-0.0039028284085785253
2020-07-20,0.004394759646513623,0.004166601734331414,0.00022815791218220877,0.0758605027863122
2020-07-21,-0.00026926170535552943,-0.0008699696960078364,0.0006007079906523074,-0.09792887289547308
2020-07-22,0.0057356635758560905,0.004292671161973344,0.0014429924138827472,-0.11965139468973028
2020-07-23,-0.007029754164314581,-0.0022827121542796916,-0.00474704201003489,-0.006878943017405473
2020-07-24,-0.009260199389840003,-0.0058994395999356465,-0.003360759789904357,0.01732380559210033
2020-07-27,-0.0005461823631153146,0.0003929535121086538,-0.0009391358752239677,0.011724534635667649
2020-07-28,0.0012512307843400136,-0.0010789209916586186,0.0023301517759986325,0.012885591810315273
2020-07-29,0.000687149045364746,0.001530846591121373,-0.0008436975457566283,-0.06382398603750342
2020-07-30,0.0008717007407712497,-0.002180824163809698,0.0030525249045809484,0.07368089033407096
2020-07-31,-0.0038152842466226636,-0.001558561004805845,-0.002256723241816822,0.044208275713819904
2020-08-03,0.004913964499627792,0.004932952939540839,-1.898843991304973e-05,-0.04018324744651763
2020-08-04,0.0027525750048090973,0.0023005737809617226,0.0004520012238473734,-0.0202564924145928
2020-08-05,-0.002481443999454559,4.257216901414258e-05,-0.0025240161684687017,-0.02846395392281805
2020-08-06,-0.0013353071719413652,0.0004598527150841019,-0.001795159887025468,0.030816854633877625
2020-08-07,-0.0016025215391169206,-0.0006501727393211323,-0.0009523487997957897,0.008703205060460496
2020-08-10,0.002074541303428257,-0.0012613037917730222,0.0033358450952012796,0.0042359145733923305
2020-08-11,0.0004887673614983282,0.0006914143958366209,-0.000202647034338292,-0.013508431156898718
2020-08-12,0.00023638677309247773,7.74810438646063e-05,0.00015890572922787165,0.0503337171370321
2020-08-13,-0.0008295807327959007,-0.00015513028483800546,-0.0006744504479578939,0.0027954401213415607
2020-08-14,0.0031494790594188285,0.001675419533223321,0.0014740595261955075,-0.03511859260939692
2020-08-17,0.00018373762497042936,0.0008146164236086644,-0.000630878798638235,0.011442356161726275
2020-08-18,-0.0020961527990786917,-0.0019291823408809795,-0.0001669704581977122,0.08861660807420665
2020-08-19,0.000750466757845499,-0.0017838667516913449,0.0025343335095368465,0.11491415539966508
2020-08-20,0.005880689185722323,0.001103044203915116,0.004777644981807206,0.05101198573556472
2020-08-21,0.007658232631669126,0.0036390909947033347,0.004019141636965793,-0.058078681216320836
2020-08-24,0.0033829991779071363,0.0009809774172787125,0.002402021760628424,0.03315474356352853
2020-08-25,-0.003910464164617666,-0.004164001657427632,0.0002535374928099663,-0.033050418882069665
2020-08-26,0.002026782387922284,0.00017005173776770072,0.0018567306501545832,0.0199546741699608
2020-08-27,-0.0024407151498660354,0.0009292480294786579,-0.0033699631793446937,0.04378271337512797
2020-08-28,0.0014036835621225791,0.0010032301197770155,0.0004004534423455632,-0.1059500820552916
2020-08-31,0.0033390126054487173,0.001450795798069596,0.0018882168073791209,0.15457677586488208
2020-09-01,-0.007771204964205455,-0.00758912617640055,-0.00018207878780490683,0.04940254196233195
2020-09-02,0.010537492029121314,0.008543149102477022,0.001994342926644295,0.05860929454579687
2020-09-03,0.00339603332001179,0.003099195475530881,0.00029683784448090826,-0.01905401245643963
2020-09-04,0.004201045392539491,0.004161512126858093,3.953326568139834e-05,0.0160283141475409
2020-09-07,-0.0012950738532675192,-0.0006753106757234071,-0.000619763177544112,-0.09246379941127778
2020-09-08,0.0010322609329008854,0.001054752862255514,-2.2491929354627894e-05,-0.10403641744469189
2020-09-09,-0.006696328660555001,-0.006381183742218208,-0.00031514491833679274,0.05031179856671304
2020-09-10,-0.006580579016154276,-0.0019772463264746123,-0.004603332689679665,0.01899547145013261
2020-09-11,0.003659867308061274,0.003203500938515699,0.0004563663695455753,0.11176599480742921
2020-09-14,0.0012551324119687741,7.137551452995015e-05,0.001183756897438824,-0.11499815226476123
2020-09-15,0.0072936154337238995,0.003790738207703187,0.0035028772260207106,-0.02775240381882684
2020-09-16,-0.00853399334312458,-0.00348891507349966,-0.005045078269624916,0.11056951071438195
2020-09-17,-0.0018520525190776431,-0.0010612026084475127,-0.0007908499106301296,-0.04003666613579175
2020-09-18,0.008439129216842976,0.0041828245209813986,0.004256304695861576,0.14639251508949713
2020-09-21,-0.0025713390024468792,-0.0033002665325063494,0.0007289275300594706,0.06766993717724012
2020-09-22,0.009701097680848321,0.006782860533741122,0.0029182371471071994,-0.07162100506624422
2020-09-23,0.005185039935261787,0.004503562833284949,0.0006814771019768384,0.030437418032365316
2020-09-24,-0.005368940986324212,-0.0037323285578601,-0.001636612428464114,-0.05552412606644549
2020-09-25,0.0023954822028108653,0.0026829484137536226,-0.00028746621094275643,0.0382768768359728
2020-09-28,-0.004044914146589959,-0.0026117794074161857,-0.0014331347391737751,0.0661689136183351
2020-09-29,0.002940092954275878,0.0023673487368067354,0.0005727442174691434,-0.07565413464450892
2020-09-30,0.00509642294648365,0.004968175203761368,0.00012824774272228272,0.03327824292681819
2020-10-01,-0.005375009842506135,-0.003955456305828019,-0.0014195535366781163,0.010350482819204618
2020-10-02,0.002600741894820316,0.000765300194075776,0.0018354417007445392,0.10052544864327823
2020-10-05,0.000660969142042352,0.0025387070909635443,-0.0018777379489211933,0.008802118931063354
2020-10-06,0.007036033969652857,0.006933609510356023,0.0001024244592968352,0.026013926093759653
2020-10-07,0.0006190309921930147,0.00013389886567493053,0.00048513212651808387,0.10480576048858936
2020-10-08,0.0019920577838667057,0.0016179546897162542,0.00037410309415045195,-0.11947957346108239
2020-10-09,0.008543324229289283,0.0036599118758022797,0.004883412353487007,0.09199601073674976
2020-10-12,-0.00974689604712959,-0.006489755996896926,-0.003257140050232664,0.15454239039661316
2020-10-13,0.007971399023358139,0.004899564326616906,0.003071834696741233,-0.013019747253494278
2020-10-14,0.012242369211736062,0.010881419012210646,0.0013609501995254236,-0.060212868764906606
2020-10-15,-0.0010234077050219619,-0.002195697814673138,0.0011722901096511765,-0.13163133093972043
2020-10-16,-0.0050832377357743555,-0.0013394045864899042,-0.0037438331492844514,0.20393496419738663
2020-10-19,-0.011671597757536407,-0.009055870335740932,-0.0026157274217954735,0.05961374008093716
2020-10-20,0.01617517330887355,0.01307628267216563,0.003098890636707919,0.07921214369713035
2020-10-21,0.004252181142280816,0.0014652503495417163,0.0027869307927391018,-0.18000393524946384
2020-10-22,0.0059005608089727594,0.004734834345479514,0.0011657264634932453,-0.019723308566416072
2020-10-23,-0.013386018560066038,-0.008225744009062631,-0.005160274551003411,0.06561424660560543
2020-10-26,-0.0013078201593121563,-0.001971481069390881,0.0006636609100787241,0.013165070563307237
2020-10-27,0.004739753933043713,0.0030787672230652846,0.00166098670997843,0.022173360507177567
2020-10-28,0.0009534404704435927,0.001489916248884197,-0.0005364757784406043,-0.07153482560593498
2020-10-29,0.0014887073955398664,-0.0008110756307407239,0.0022997830262805915,-0.04539182629024985
2020-10-30,-0.005575599870259318,-0.005177210116996187,-0.00039838975326313185,0.023444049749994256
2020-11-02,-0.003084413775711931,-0.004519829085107556,0.001435415309395626,0.06803190713281078
2020-11-03,0.0015635392586926503,-0.0012840256448792848,0.0028475649035719346,0.034859013111065894
2020-11-04,0.0047116851239803114,0.004060016789190199,0.0006516683347901121,0.0031933930698896072
2020-11-05,0.0025363579710211627,0.0016890141328855732,0.00084734383813559,0.14214493529255987
2020-11-06,0.00034755821947539205,0.002149928441737406,-0.0018023702222620154,0.027351794014379475
2020-11-09,0.009766984341934331,0.006554437160266801,0.0032125471816675305,-0.041837989942741426
2020-11-10,0.0019735910251388053,0.001746162747744858,0.0002274282773939481,0.032007753218959316
2020-11-11,-0.0031579953502450827,-0.00347600954421749,0.0003180141939724086,-0.01598812085036208
2020-11-12,0.002529452183010562,0.0018554482375666545,0.0006740039454439081,0.02722533710750506
2020-11-13,-0.0013463980036581163,0.0020385211934817833,-0.0033849191971399,-0.10051901379358791
2020-11-16,0.002387255136654472,0.0009505595108981483,0.0014366956257563237,0.0252167674990508
2020-11-17,-0.009544382313421546,-0.009707676579188218,0.00016329426576667345,-0.10589445971317404
2020-11-18,0.0020526593531229377,0.003119905020042441,-0.001067245666919502,0.06542001021142325
2020-11-19,-0.00885122367510286,-0.008220897875999559,-0.0006303257991033029,0.18529570473885537
2020-11-20,0.004974564125868204,0.0031422381339777546,0.0018323259918904475,0.002708523966666932
2020-11-23,0.012698842574519462,0.00900128158106914,0.003697560993450321,0.17180274444404356
2020-11-24,0.00020705260142853967,-0.0034843440253833633,0.0036913966268119023,-0.005332664965491165
2020-11-25,0.013341379246026012,0.00732106638477943,0.006020312861246583,0.1118069924658936
2020-11-26,-0.00032570484106350054,0.0018446301192708483,-0.002170334960334349,-0.09427448238475873
2020-11-27,0.008715683251003838,0.0029629678161597357,0.005752715434844101,0.091682379069743
2020-11-30,-0.007492970093827243,-0.0009734248839102511,-0.006519545209916993,-0.016075043705441695
2020-12-01,0.006377363940661844,0.003753278666931371,0.002624085273730474,-0.009605051862407623
2020-12-02,-0.0011925603987604147,-0.0028182218118001506,0.0016256614130397383,0.07161791823487688
2020-12-03,-0.0007082949143398225,-0.0007417133382601054,3.341842392028203e-05,-0.01834016659051535
2020-12-04,0.005538994747982829,0.00315472261248928,0.002384272135493551,-0.12346683091900389
2020-12-07,-0.0014366030960184279,-0.003257738332145702,0.0018211352361272755,-0.17400533074252206
2020-12-08,-0.009920064937861114,-0.005508428480414829,-0.004411636457446286,0.11475053335586119
2020-12-09,-0.016349062350554736,-0.011543229941500959,-0.0048058324090537695,-0.13712649787627285
2020-12-10,0.008351161063453601,0.004840430751220452,0.0035107303122331483,0.05988046193555906
2020-12-11,-0.00932669326551971,-0.008660930535670575,-0.0006657627298491398,-0.11183727983870007
2020-12-14,0.0037554352752889163,0.0048058660281249735,-0.0010504307528360554,-0.0330285700770665
2020-12-15,-0.008966894097686922,-0.009804368830666915,0.0008374747329799922,-0.07255142852603629
2020-12-16,-0.0024970965381461833,-0.003721764498885294,0.0012246679607391103,-0.09765068604382829
2020-12-17,-0.004913701963635438,-0.0060401605910849684,0.0011264586274495302,-0.036308256742383756
2020-12-18,-0.006950553970190351,-0.003169618952759542,-0.003780935017430809,-0.02603874385066109
2020-12-21,-0.0022510556663127876,-0.0015952369168076366,-0.0006558187495051505,0.044889959686731026
2020-12-22,-0.001932025923949449,0.0014940792726073444,-0.003426105196556793,-0.004055530586322711
2020-12-23,0.0032159663199077104,0.0033821712196523985,-0.0001662048997446864,-0.01833414912648856
2020-12-24,-0.00025461116365724213,0.0025892295031634026,-0.002843840666820645,0.03741032074063955
2020-12-25,-0.0012057085161708658,0.001794109801088178,-0.002999818317259044,0.05561639015451679
2020-12-28,0.002170305939086768,0.0011175325877258216,0.0010527733513609463,-0.015112430558432918
2020-12-29,0.003964293251553499,-0.00046700117041098554,0.004431294421964483,-0.048511900504111846
2020-12-30,-0.001063344952170818,0.003164264917160874,-0.004227609869331691,0.06659512261653916
2020-12-31,-0.0029259056252725537,-0.0018039902183051666,-0.0011219154069673867,0.13992799378266188
2021-01-01,0.004654094074686581,0.004184770470412142,0.00046932360427443844,0.005427988716408481
2021-01-04,0.012040527457387831,0.004248576629662741,0.007791950827725092,-0.13153534769504718
2021-01-05,0.0003920999317330179,0.00012121413143859061,0.0002708858002944299,0.15093249015237695
2021-01-06,-0.010112992046410524,-0.0047237695138462234,-0.005389222532564299,-0.04781716430485465
2021-01-07,0.011870534046380127,0.0065043298155323375,0.005366204230847788,0.012971799374010379
2021-01-08,-0.0028076070560293324,-0.0014555579581159283,-0.0013520490979134032,0.021110117999079244
2021-01-11,0.0008876238121599445,0.00115073865730431,-0.000263114845144366,-0.060282049457742744
2021-01-12,0.0016521740642852015,-0.0018037432150302644,0.003455917279315464,0.08534595602961435
2021-01-13,-0.004357966196010024,-0.002429380028907622,-0.0019285861671024017,-0.01800442487052581
2021-01-14,0.005070692263989215,0.003894307428518505,0.0011763848354707108,-0.06004417511411664
2021-01-15,-0.001082650403919305,-0.0014737302681723935,0.0003910798642530874,0.11354219501044213
2021-01-18,-0.004064739191192698,-0.0017314877742497055,-0.0023332514169429937,-0.14107297373045857
2021-01-19,0.008031918430701357,0.003740229667150702,0.004291688763550653,0.030864506201285884
2021-01-20,-0.010865736824230893,-0.0091962063066427,-0.0016695305175881926,-0.018035920185444136
2021-01-21,0.0021093670588301105,-0.0006032429653019585,0.0027126100241320686,-0.012544846508016612
2021-01-22,-0.0012169564497676055,-0.00011799621701605832,-0.0010989602327515467,0.016994479471596477
2021-01-25,-0.0008860244159095802,0.001294970164617579,-0.0021809945805271597,0.05575424547479062
2021-01-26,0.0010475887178921497,0.000864139226892751,0.00018344949099939958,-0.10335211400960802
2021-01-27,0.0038738838405164124,0.0051449540833609295,-0.001271070242844518,-0.07304207376350022
2021-01-28,-0.006628851808114863,-0.003816778448018059,-0.0028120733600968052,-0.047013758306218574
2021-01-29,-0.004656280808219308,-0.0023348039832319853,-0.0023214768249873226,-0.06739363272447012
2021-02-01,-0.0031868635989104454,-0.0022098712623755644,-0.0009769923365348814,0.11700287845044546
2021-02-02,-0.004434959682710474,-0.0002594615701004446,-0.004175498112610029,0.023158567415880245
2021-02-03,0.008553406796057617,0.006526690863612451,0.0020267159324451646,-0.1404306866442365
2021-02-04,0.0016583467482712611,-0.0014037553302415628,0.0030621020785128253,-0.06837445188847277
2021-02-05,-0.009195270201608624,-0.007228292891146194,-0.00196697731046243,-0.022955281117936443
2021-02-08,-0.004683670831656429,-0.004202108798170045,-0.0004815620334863834,-0.08467736682537351
2021-02-09,-0.0014689861397388071,0.00023956626685490284,-0.0017085524065937104,-0.22001143304503504
2021-02-10,-0.00582197368055019,-0.0037893654193910335,-0.0020326082611591603,0.180781503757767
2021-02-11,-0.015608226463406271,-0.011309382013044787,-0.004298844450361482,-0.07143142311139075
2021-02-12,0.01153290965627557,0.007353356351061819,0.004179553305213751,0.052968842908958556
2021-02-15,-0.004307796403438665,-0.004556720810861713,0.0002489244074230473,-0.0901205396166758
2021-02-16,0.0031686003186530533,0.002714494580763603,0.00045410573788944855,0.009557701833428066
2021-02-17,-0.005962463643678346,-0.0014432595645667958,-0.004519204079111552,0.005359797472708091
2021-02-18,0.0006636610101153591,0.0015274962377240806,-0.0008638352276087212,-0.05146845471905129
2021-02-19,0.00035032306165072016,-0.0004395495019694131,0.000789872563620133,-0.04590591911808971
2021-02-22,-0.0032551794610568225,-0.002752573431251443,-0.0005026060298053796,0.06154546346647058
2021-02-23,-0.002871252846965623,-0.003674564450191019,0.0008033116032253968,0.0242165034388327
2021-02-24,0.004683547718582716,-0.0008678786333377268,0.005551426351920444,-0.04249406219505151
2021-02-25,0.0016911397301942297,-0.0007840689552168212,0.0024752086854110504,0.07228952888071831
2021-02-26,-0.00290093179154228,0.0007419747228251897,-0.0036429065143674683,0.0680003531702713
2021-03-01,0.005256417412160348,0.004144602454363815,0.0011118149577965348,-0.0012015827640759196
2021-03-02,0.005129690063227519,0.00024629620146681373,0.004883393861760709,0.008036323079260567
2021-03-03,-8.790139733055966e-05,-0.0018303745129986306,0.0017424731156680713,-0.052470198949153314
2021-03-04,0.0005997553447261222,0.00013129086919638246,0.0004684644755297389,0.06616457883494242
2021-03-05,-0.003477558799428415,-0.0030983741448859605,-0.00037918465454245406,0.0394809600108626
2021-03-08,0.004385085741012719,0.0025977310439947374,0.001787354697017983,-0.01863143919663054
2021-03-09,0.002561576918872253,0.0012607085538570376,0.0013008683650152144,-0.02163394925581612
2021-03-10,-0.0016258679411853833,-0.005084101871497887,0.003458233930312504,0.08040461839699481
2021-03-11,-0.0015683648383804127,-0.0044883368333710205,0.002919971994990604,-0.058697019015719415
2021-03-12,0.005266315861565328,0.0023954094126905244,0.002870906448874804,0.003035853011110861
2021-03-15,-0.004040585995563362,-0.003071343978571287,-0.0009692420169920765,-0.09516434524307499
2021-03-16,0.0002025052419475738,-0.00034135629740040564,0.0005438615393479791,-0.05562839579295314
2021-03-17,-0.00621284732681816,-0.005126978909144698,-0.0010858684176734638,-0.06527711125999312
2021-03-18,-0.003558893579091623,-0.0014496277632517745,-0.002109265815839848,0.05312263108882027
2021-03-19,-0.004690712555986381,-0.004806961491021429,0.00011624893503504874,-0.000852503378372162
2021-03-22,0.004423836479250727,0.004761996694632506,-0.0003381602153817798,0.0023996694154932788
2021-03-23,-7.355065314171446e-05,-0.00016168998994279746,8.813933680108105e-05,0.09891454479099482
2021-03-24,0.00020463660842910984,7.75774164748378e-05,0.00012705919195427247,0.09169542559857698
2021-03-25,0.00753545976198409,-6.647452357870509e-05,0.007601934285562795,-0.1113078191796879
2021-03-26,0.006709356773522267,0.0038507999164342707,0.002858556857087996,-0.01369659753788422
2021-03-29,-0.008351979362254862,-0.005113821435672017,-0.003238157926582847,0.015004193262809953
2021-03-30,-0.001033712902431625,0.0010559705129336028,-0.0020896834153652285,-0.022237433295478858
2021-03-31,0.0010366133197227752,0.0010856252004506697,-4.9011880727894974e-05,0.05339164357318719
2021-04-01,-0.0015551393650106288,-0.0016892063771883812,0.00013406701217775173,0.07240233450730904
2021-04-02,0.0035519685221723106,0.001180531949972835,0.002371436572199473,-0.03528674097251513
2021-04-05,0.0053807160527019685,-0.00018776665070863,0.0055684827034105985,-0.03917664295352985
2021-04-06,-0.002975229207081204,-0.0018210199948620557,-0.0011542092122191466,0.010047039881639328
2021-04-07,-0.0026763226753592677,-0.0031574846336167948,0.0004811619582575262,-0.014966111382705292
2021-04-08,0.0005833347690667643,0.0034767272378012255,-0.0028933924687344625,0.07909264923417289
2021-04-09,-0.0009051316042989991,0.00027779008892032584,-0.0011829216932193248,-0.04413410400731448
2021-04-12,0.00533055023353175,0.0023313388662342498,0.002999211367297496,0.05761078458927742
2021-04-13,-0.002993945004540627,-0.0029544605971019615,-3.948440743866549e-05,-0.05091875440909218
2021-04-14,0.0038765564647917925,0.0037582351440329405,0.00011832132075885286,0.010796865892021902
2021-04-15,-0.0029435993011387067,-0.0016239083101354246,-0.0013196909910032813,0.13868536902794976
2021-04-16,0.0006642293319660026,0.0005833444905186946,8.088484144730748e-05,-0.07577122655327886
2021-04-19,0.007696658571423914,0.00396189800730504,0.003734760564118874,0.030287726228530064
2021-04-20,-0.004792547743265109,-0.0030013229214081,-0.001791224821857007,-0.0854744990932531
2021-04-21,0.0018883168214230564,0.00157862496354012,0.0003096918578829391,0.032948811479122916
2021-04-22,-0.00600517494372859,-0.003004923763407826,-0.003000251180320764,-0.04279963507718531
2021-04-23,0.002400367105417637,0.0010935989094862028,0.001306768195931434,0.04956443260993872
2021-04-26,-0.0024507145527736585,-0.0013328020597738258,-0.0011179124929998323,0.02129195835894022
2021-04-27,0.002947114384086699,0.0021972528766030773,0.0007498615074836219,0.03194831604648663
2021-04-28,0.0011455010623135497,0.0006143043050276676,0.0005311967572858818,0.06872531410048088
2021-04-29,0.0015915579302085516,0.00037245986598881875,0.0012190980642197325,-0.05402044251099574
2021-04-30,0.004184459683118945,0.0021262286440841987,0.0020582310390347466,-0.027601760562318896
2021-05-03,-0.003459140781430878,-0.0011820434412479486,-0.002277097340182929,0.049381089137881425
2021-05-04,-0.0017839258195483472,1.5787377649921497e-05,-0.001799713197198266,-0.02118269339847533
2021-05-05,0.0034387797885073804,0.001267731176968278,0.0021710486115391024,0.06882657722852978
2021-05-06,-0.0015158166304987117,0.0008997676587970647,-0.0024155842892957767,-0.08537093753481094
2021-05-07,0.004806803087885621,0.003210880106370554,0.0015959229815150702,-0.07176714506135848
2021-05-10,-0.005573645825462997,-0.0030551307347098638,-0.002518515090753133,-0.07812734902317879
2021-05-11,-0.004648731063354946,-0.004295352407870566,-0.00035337865548438,-0.0813340132929326
2021-05-12,-0.005120378435783701,-0.0017622711267209837,-0.003358107309062719,-0.10063041469836416
2021-05-13,-0.005414866692316338,-0.0007733287274480916,-0.004641537964868242,0.09865894328770636
2021-05-14,-0.0063831890245298235,-0.003268385757983206,-0.0031148032665466174,0.007675520869700744
2021-05-17,0.006435537792592587,0.002992122089252586,0.0034434157033400026,-0.008826462556544332
2021-05-18,0.0004673135656177267,0.0016658722573305185,-0.00119855869171279,0.08690142078668159
2021-05-19,-0.0005836991793992316,-0.0011524445969264244,0.000568745417527192,0.18329960417563004
2021-05-20,0.005931943974505061,0.0013515535948188913,0.00458039037968617,0.043533298595073835
2021-05-21,0.012292429084591964,0.006979672963111501,0.005312756121480465,-0.01957688825754628
2021-05-24,0.0028923173462883775,0.00011236491416602868,0.0027799524321223497,0.11294505828816426
2021-05-25,-0.0013341040994788308,-0.0012443581474668262,-8.974595201200483e-05,-0.08897541717482048
2021-05-26,0.007608069010205573,0.004035093399687031,0.00357297561051854,0.003297154926096993
2021-05-27,-0.005841038664708621,-0.0022017591125424903,-0.0036392795521661345,0.049926648642885055
2021-05-28,0.0002572880984955621,0.001356686076059174,-0.0010993979775636119,0.0345794653010506
2021-05-31,0.0033523084015774007,0.0003232796342875209,0.00302902876728988,0.10545908457433627
2021-06-01,0.002575106669753401,-0.0010001708990031513,0.0035752775687565505,0.03135537350124187
2021-06-02,0.007111994170297322,0.0015715245423286138,0.0055404696279687075,0.1656112856501882
2021-06-03,0.0025067082838631394,0.0013736698516758827,0.0011330384321872567,0.038627591968681554
2021-06-04,0.013293412889335044,0.006546739545347263,0.006746673343987784,0.1279852811357269
2021-06-07,0.0028212018946202648,0.0003007793724114395,0.002520422522208826,0.042660603825098245
2021-06-08,0.010633676178598894,0.00380164075004491,0.006832035428553984,0.07402800061826345
2021-06-09,0.003024862284544956,0.002210069531926184,0.0008147927526187693,0.07312884323887056
2021-06-10,0.005662165258896252,0.0018440874561843797,0.0038180778027118722,0.06204601440921055
2021-06-11,0.005520514200299471,0.0034027748806104725,0.002117739319688999,-0.01439086905464902
2021-06-14,0.004093544289904898,0.0016838246970855833,0.0024097195928193147,0.13672089328228695
2021-06-15,-0.0009570133893802659,-0.0034042210092139775,0.0024472076198337137,0.14340869345320004
2021-06-16,0.008507250405294446,0.002411831848952474,0.006095418556341964,0.0956113844225063
2021-06-17,0.010774138510579949,0.004071572550557713,0.006702565960022236,-0.023250188522802726
2021-06-18,0.0074259414139163545,0.0032747765914614424,0.004151164822454909,-0.07149196652438544
2021-06-21,-0.002332486073471296,-0.0001737648415151838,-0.0021587212319561094,0.06909170133594575
2021-06-22,-0.006820057995032122,-0.0028585706651635123,-0.003961487329868604,-0.08426696621670796
2021-06-23,0.005897240085273007,0.0026902927089785724,0.003206947376294433,-0.008876360656958853
2021-06-24,-0.006259516493781878,-0.004314782697393514,-0.001944733796388369,-0.06635362179584434
2021-06-25,-0.0006290409860561772,1.6178465123282276e-05,-0.0006452194511794591,-0.1209119529998626
2021-06-28,-0.0048434767382028055,-0.0039059372842765484,-0.0009375394539262553,-0.06395137305864383
2021-06-29,-0.007755782736009891,-0.0025553161499512027,-0.005200466586058685,0.03669170689167278
2021-06-30,-0.003941399576427749,-0.0002943759687330811,-0.00364702360769467,-0.027255271296339968
2021-07-01,0.0025987043208948414,0.0013507078685989302,0.0012479964522959103,0.059272269573388714
2021-07-02,-0.0015619425887568156,-0.0012560401789069118,-0.00030590240984990427,-0.036090746080204864
2021-07-05,0.003913792539353143,-0.00056540708608301,0.004479199625436153,0.13963634447954063
2021-07-06,-0.002341672162275295,-0.002016566227465306,-0.000325105934809989,0.0005493229035520466
2021-07-07,0.008875271652059176,0.0032694450619917674,0.005605826590067409,0.009069664688114973
2021-07-08,3.318756912570875e-05,-0.0018259088848974975,0.0018590964540232055,-0.02820765335481145
2021-07-09,0.0005197518924962658,0.0009412711360664867,-0.0004215192435702217,-0.02324187139776594
2021-07-12,-0.0016689141747507144,-0.0016403417901807646,-2.857238456994808e-05,0.0972694477335236
2021-07-13,-0.0013694830364316475,-0.0012841292168194515,-8.535381961219564e-05,-0.12754622455494258
2021-07-14,0.006245587173680269,0.0019065820564648991,0.004339005117215369,0.009040247227412054
2021-07-15,-0.00728271469238749,-0.004399263636901872,-0.0028834510554856183,-0.11542105166637152
2021-07-16,0.0005311544995543954,0.0006987439042610028,-0.0001675894047066086,0.16098797443937912
2021-07-19,-0.0067167489537028995,-0.001479443950260971,-0.005237305003441928,0.1397509062568215
2021-07-20,0.010280646400252766,0.005855224351687579,0.004425422048565188,0.031491539550033414
2021-07-21,0.008757712191886514,0.004449558337635011,0.004308153854251504,0.14788417167631424
2021-07-22,0.0018869067509266588,-0.0009617204953097126,0.002848627246236371,0.07623139153649103
2021-07-23,0.009815512712160697,0.005293894327133787,0.004521618385026911,-0.056534617475603996
2021-07-26,0.0046982732911928,0.004915390613657353,-0.00021711732246455437,0.010853946126820965
2021-07-27,-0.0034922486409110966,0.0002090452742543899,-0.0037012939151654873,-0.09839737258764089
2021-07-28,0.0005878439843562474,-0.00043516332917169453,0.0010230073135279415,0.2053027762335215
2021-07-29,-0.006221635011567873,-0.002240166800690953,-0.003981468210876922,0.07701434610165382
2021-07-30,0.011580363383783439,0.007969635823738462,0.0036107275600449767,-0.055799090190840506
2021-08-02,0.0052043983467909526,0.002153533613800656,0.0030508647329902964,-0.09633386490399419
2021-08-03,-0.003502161114898041,-0.0035984594206970363,9.629830579899537e-05,-0.029752651544175324
2021-08-04,-0.006169631579598003,-0.004500372394863594,-0.0016692591847344092,0.21460293261552174
2021-08-05,-0.002020488293748301,-0.00117998156992284,-0.0008405067238254627,-0.0707951060945323
2021-08-06,0.01355732591300846,0.008730603528420677,0.004826722384587783,-0.1226990783931746
2021-08-09,-0.005179018444612324,-0.004922743204590521,-0.00025627524002180303,0.052214908663729485
2021-08-10,-0.007859485802213396,-0.005570063810337732,-0.002289421991875663,0.10897074607379822
2021-08-11,0.0030767166130837857,0.0014740524433353025,0.0016026641697484828,0.057397559404031996
2021-08-12,0.006909908681218833,0.005621039507122352,0.0012888691740964783,-0.038594985732809436
2021-08-13,0.0037417421280258496,0.0024222752009736438,0.0013194669270522059,-0.020545110803955928
2021-08-16,-0.0026925265857164365,-0.0003454160825381719,-0.002347110503178264,-0.14983992289292422
2021-08-17,-0.0013594189423734799,-0.00150136785857502,0.00014194891620153763,0.1263640263540986
2021-08-18,-0.011817528836655636,-0.0073104617342626445,-0.004507067102392993,0.043165493973534454
2021-08-19,0.007815079065820338,0.006447121412251799,0.001367957653568539,0.16161619496225146
2021-08-20,0.00283589393035854,0.001126706348849275,0.0017091875815092655,0.029685899581809793
2021-08-23,0.011750159664540863,0.00681315510711358,0.004937004557427284,0.10568689190072261
2021-08-24,0.0020217596125222522,0.0017831658251500123,0.00023859378737223907,0.0362842930547511
2021-08-25,0.006354284157571797,0.002683768911664986,0.0036705152459068115,-0.10320034717414403
2021-08-26,0.0023478863726406115,0.0019328485442990633,0.0004150378283415499,-0.04135393865879544
2021-08-27,-0.007061442042332777,-0.005111066010012793,-0.0019503760323199841,-0.14033012779756512
2021-08-30,-0.002649955444311691,-0.0036681725709327533,0.0010182171266210627,-0.017442825565390615
2021-08-31,-0.009178999756167443,-0.005525342472728888,-0.0036536572834385533,0.20725588307548173
2021-09-01,-0.0011137873046694522,-0.0022002536261009568,0.0010864663214315024,0.21574659251929088
2021-09-02,0.015638040099414913,0.010343278992334608,0.005294761107080303,-0.18851363606805024
2021-09-03,0.0173874060959397,0.011569145181776881,0.005818260914162824,-0.12524236518693654
2021-09-06,-0.012878404804543537,-0.007987778619474164,-0.004890626185069372,0.0281937360726001
2021-09-07,-0.008416653546978289,-0.004975212706849404,-0.0034414408401288853,-0.02748782909369988
2021-09-08,0.0017096678193942035,0.0015747845703369921,0.00013488324905720772,0.06435532717497139
2021-09-09,-0.0017606462115448353,-0.00032616404521687873,-0.001434482166327956,0.0015730034508381046
2021-09-10,0.0036913745967193734,0.0019920310395173304,0.001699343557202043,-0.051450925930794485
2021-09-13,0.00010346463184615211,-0.002049139592271621,0.0021526042241177736,0.11190089469762841
2021-09-14,-0.0028234054557320573,-0.0007136084800618125,-0.0021097969756702466,-0.08422974884137419
2021-09-15,0.007091584232045907,0.004467556751482772,0.0026240274805631354,0.1277275449735679
2021-09-16,-0.004920058984577303,-0.0027770233884884155,-0.002143035596088889,0.09152800184767483
2021-09-17,0.008034935785947547,0.004798350361678996,0.003236585424268551,0.16963530344233116
2021-09-20,0.005738779521325748,0.004497708054319729,0.001241071467006017,-0.06772248560709224
2021-09-21,0.01153433811322272,0.006591679728212035,0.004942658385010679,-0.10312611512498054
2021-09-22,-0.004631831919137117,-0.0042821816232679055,-0.00034965029586921017,-0.10908246636968923
2021-09-23,-0.006471618158744419,-0.005201197781954287,-0.0012704203767901316,0.1426847998769399
2021-09-24,-0.007639192410150101,-0.004151200099999627,-0.0034879923101504753,0.07040448844137008
2021-09-27,0.009154912495375613,0.007074500794512141,0.002080411700863472,0.10085270422476728
2021-09-28,0.004163268197775356,0.003415231520058162,0.0007480366777171945,-0.13789675636885257
2021-09-29,0.005700914734483296,0.002835061146101228,0.002865853588382067,-0.22478204195213924
2021-09-30,-0.008361934911013441,-0.004751586782242481,-0.0036103481287709602,0.08373348146071292
2021-10-01,-0.01363736967278974,-0.008208475680759697,-0.005428893992030043,-0.00972352950124682
2021-10-04,0.005014419866318309,0.005878133326683194,-0.0008637134603648837,-0.028056013625349995
2021-10-05,-0.0005866858710796244,-0.00020556664697285714,-0.0003811192241067671,0.20240583083560487
2021-10-06,-0.001525958912182821,-0.003162199235442303,0.001636240323259482,-0.19477857245739294
2021-10-07,0.012776633312075965,0.006068353047354617,0.006708280264721348,-0.009879621161205035
2021-10-08,-0.013036396708615672,-0.010006531693882808,-0.0030298650147328613,0.03454190040534876
2021-10-11,-0.00060505425702846,0.0005650268073162795,-0.0011700810643447412,-0.1375988126201856
2021-10-12,0.002062728910757719,0.0015457391897725705,0.0005169897209851481,-0.03250182776286181
2021-10-13,-0.008466976976848437,-0.006175080262405607,-0.0022918967144428294,-0.01677179445938852
2021-10-14,-0.002252159120110218,-0.002491984299274454,0.00023982517916423612,0.06789603283624926
2021-10-15,-0.001096592722579919,-0.0017563888787758561,0.000659796156195938,-0.029605667338414604
2021-10-18,0.003973504793760549,0.0024628517958704297,0.001510652997890119,-0.16215995035480774
2021-10-19,-0.0019053559741255824,-0.0026350609045830767,0.0007297049304574943,0.04618162873868223
2021-10-20,-0.011613670062587293,-0.009641919484685894,-0.0019717505779013947,-0.06058341908400899
2021-10-21,0.002673769117227541,0.0006132536020292015,0.0020605155151983395,0.10646574244885063
2021-10-22,-0.0037565488861682657,-0.0005686922965196708,-0.003187856589648595,0.0018339451009323582
2021-10-25,0.00672024226749769,0.003517514227148965,0.0032027280403487245,-0.01565253076279912
2021-10-26,0.00010337637664592741,0.002388418152959244,-0.002285041776313312,0.028450798987692854
2021-10-27,-0.0008870590809102056,0.0013593048144015752,-0.002246363895311781,0.0521725077687119
2021-10-28,0.0014397097181683605,-0.00038039722878735645,0.0018201069469557171,-0.044170708272687
2021-10-29,0.0026009522657894175,0.0003862250539346866,0.002214727211854731,0.06368912707236454
2021-11-01,-0.0022564980392482357,-0.001822470041294251,-0.0004340279979539843,0.13072557301198998
2021-11-02,0.0028650163284987275,0.00027259028205165944,0.0025924260464470685,-0.07550833334552699
2021-11-03,0.008761142473188956,0.0015534075561925223,0.0072077349169964305,0.00767722457920485
2021-11-04,-0.004349296059932407,-0.0014053845606846575,-0.0029439114992477512,-0.09400979072261074
2021-11-05,0.00041717334486130093,0.0012446421296664623,-0.0008274687848051597,0.019664566192479943
2021-11-08,-0.0048537630820409666,-0.0016825492272300093,-0.0031712138548109555,-0.059713908275826476
2021-11-09,0.0009497480080393559,7.448396084348309e-05,0.0008752640471958728,0.1329285208581132
2021-11-10,-0.0030600878742639776,-0.0004788384959538692,-0.0025812493783101084,-0.004964809368304218
2021-11-11,0.006514886216300556,0.003408171469490146,0.0031067147468104087,0.02234793677049792
2021-11-12,-0.0003109152540295389,0.0020572344513612867,-0.0023681497053908256,0.22318069917891137
2021-11-15,0.0011681963385904784,-0.0003766552683673839,0.0015448516069578623,0.01603102422053955
2021-11-16,0.012278622079113986,0.00373592602125122,0.008542696057862773,0.06169315955575773
2021-11-17,0.000902910044587739,0.0016562818393262078,-0.0007533717947384687,0.10327447985614278
2021-11-18,0.003616646673080981,-0.0013855282134803346,0.005002174886561312,-0.1602300522111489
2021-11-19,0.0070246480988519775,0.002580339344666071,0.004444308754185907,-0.10406310733657229
2021-11-22,-0.009573703300383714,-0.004708342768630995,-0.00486536053175272,0.030734973637703278
2021-11-23,-0.006027148331559697,-0.0027506471999660907,-0.003276501131593605,0.04161133562230161
2021-11-24,0.0018296911358027734,-0.0009999742891400685,0.0028296654249428408,-0.052327483989427624
2021-11-25,0.002531006879569004,0.0034816645141570422,-0.000950657634588039,0.08727287598699601
2021-11-26,-0.002989958385012446,-0.003675756263131654,0.0006857978781192077,-0.0391558135918598
2021-11-29,0.004784200747650863,0.004678760126710302,0.0001054406209405629,0.048265503746096575
2021-11-30,-0.0022447605024202267,-0.0007402888452022046,-0.0015044716572180225,0.05517856662666349
2021-12-01,0.0027009508844035423,-0.0001213434410669836,0.002822294325470525,0.03701369597818137
2021-12-02,0.003166187000473856,0.0015970878680069305,0.001569099132466925,-0.0643410769304478
2021-12-03,0.0022997930494246944,0.0030921961780951343,-0.0007924031286704394,0.195839180953274
2021-12-06,-0.004351026805397397,-0.0018821152061808833,-0.002468911599216513,0.07950159486480654
2021-12-07,0.014065346372963491,0.009489843956717415,0.0045755024162460745,0.1745522734660598
2021-12-08,0.005404441424102409,0.00027311374090994083,0.0051313276831924685,0.03498734496985752
2021-12-09,0.011458566979955913,0.006431324088128777,0.005027242891827134,-0.05043060339410826
2021-12-10,0.0028587080451508455,0.0013301279581619252,0.0015285800869889203,-0.058618829927457226
2021-12-13,-0.003062679781490221,-0.0006331855561992443,-0.002429494225290981,0.005471198741072294
2021-12-14,-0.0034215411833063572,-0.001155683969394727,-0.002265857213911631,-0.2217904916200637
2021-12-15,0.0003089965887999773,0.0007141345395602918,-0.0004051379507603141,-0.2565821713700002
2021-12-16,-0.011796925503290638,-0.004853932902793727,-0.006942992600496911,0.002137104530904565
2021-12-17,-0.015526379705956566,-0.009867892838907277,-0.005658486867049287,0.05718574099264984
2021-12-20,0.00010167211734953918,8.018736988176509e-05,2.14847474677742e-05,-0.021944844256223422
2021-12-21,0.002884215710010664,0.001265167237879344,0.0016190484721313207,-0.15677937212698845
2021-12-22,-0.0013665488001078667,-0.0029657348336389793,0.0015991860335311135,0.04488962085491572
2021-12-23,-0.01012966055721506,-0.0044115696576666795,-0.00571809089954838,-0.005127253791147956
2021-12-24,0.0032433773947094123,0.0033744710182609626,-0.00013109362355155077,0.00506495786555264
2021-12-27,-0.00030684864737521396,0.0031832360995701255,-0.00349008474694534,0.12870881315633967
2021-12-28,0.00027341296502120813,-0.002382936920944552,0.0026563498859657596,0.006248179764283271
2021-12-29,0.006909012940101657,0.004485818465643901,0.002423194474457757,0.007150888845053618
2021-12-30,0.00033158326107435407,-7.478171969690743e-05,0.0004063649807712604,-0.012197388334409039
2021-12-31,0.00039709735650399387,0.0018460740031113138,-0.0014489766466073196,-0.03160113977594192
2022-01-03,-0.0006806151967253828,-0.0036814714688289275,0.003000856272103546,-0.02824323422773424
2022-01-04,-0.0018506757912439796,-0.001330695590292869,-0.0005199802009511123,0.010967514675077299
2022-01-05,-0.001360551605472385,-0.0002811031121931595,-0.0010794484932792258,0.06489953623807368
2022-01-06,0.000612677803193316,-0.001712068356434694,0.0023247461596280104,0.009473510837370256
2022-01-07,0.0032886186256346132,0.0012330407159970645,0.002055577909637549,-0.07553211409975402
2022-01-10,0.0005587314465631159,-0.00018528543780656562,0.0007440168843696783,0.008823835618919005
2022-01-11,-0.003890127562358193,-0.002099912926374561,-0.0017902146359836321,-0.013807203411396251
2022-01-12,0.0005078063218036813,0.0018493768080936768,-0.0013415704862899964,0.09992792205751183
2022-01-13,-0.0008017721890081885,-0.0005141788329094286,-0.00028759335609876077,-0.03511381990998226
2022-01-14,0.0059944425072961695,0.001639628974317426,0.004354813532978744,0.08178696438310686
2022-01-17,-0.0020956988822880902,-0.000546985269157133,-0.0015487136131309568,0.13256610836787888
2022-01-18,0.004861810080837641,0.0032514253112757604,0.0016103847695618804,0.10059553046947665
2022-01-19,0.006812046641653705,0.0026948678125644633,0.004117178829089242,-0.004388815633210299
2022-01-20,0.005587277286435534,0.004017357269859034,0.0015699200165765006,0.1870995523687681
2022-01-21,-0.00028364496222671605,0.0010462828306601222,-0.0013299277928868394,-0.0663978387868714
2022-01-24,0.012556581507395897,0.004828053393014079,0.007728528114381819,-0.21136695610586395
2022-01-25,-0.003939363616527737,-0.0021747888030365582,-0.0017645748134911795,0.19889036743319702
2022-01-26,-0.011684529566959423,-0.004934115035883072,-0.006750414531076352,-0.11119288453722356
2022-01-27,0.011485643408340466,0.005531934256646358,0.005953709151694108,-0.14590984177811653
2022-01-28,-0.006332315852535977,-0.0022930869416964844,-0.004039228910839493,0.20029207596487716
2022-01-31,-0.008635688232854358,-0.005002500144117126,-0.0036331880887372314,0.15261245967715778
2022-02-01,0.00955266250809247,0.004883478340242064,0.004669184167850406,-0.021119159109263246
2022-02-02,0.008296826319656518,0.003797567943197331,0.004499258376459189,-0.12478989277161016
2022-02-03,-0.0012635241350566029,-0.0015161244915964977,0.00025260035653989436,0.07472401141110896
2022-02-04,-0.0074012719607621765,-0.0024027526067995943,-0.004998519353962581,0.0019078223717126502
2022-02-07,0.003922732504083687,0.0021570161576924688,0.0017657163463912183,0.014105704524305162
2022-02-08,8.880710676428328e-05,-0.00046680688377176774,0.0005556139905360524,-0.006249862532720805
2022-02-09,0.0007809146695367521,0.0010578990128840237,-0.00027698434334727127,-0.17793222656795638
2022-02-10,-0.00029102740098279007,-0.0007561223118018635,0.00046509491081907304,-0.007218945563402625
2022-02-11,-0.012392610053248751,-0.0063083277255256,-0.006084282327723151,0.027026531264641006
2022-02-14,-0.00042278854474201875,-0.0009433852572981209,0.0005205967125561034,0.02959017260818969
2022-02-15,0.0014847834658745086,0.0022055594559897496,-0.0007207759901152406,0.056632970533825544
2022-02-16,0.0017628971413666996,0.0012909297349821196,0.00047196740638457985,0.00721572120359959
2022-02-17,0.002898322295344966,0.0018556687398838118,0.0010426535554611538,-0.06576075310561924
2022-02-18,0.000325441234160571,0.0007697353549395045,-0.0004442941207789345,0.005921216874953093
2022-02-21,-0.003278089745197197,-0.0013141149139012584,-0.0019639748312959386,0.05191135611570074
2022-02-22,0.0002526755578564677,-0.000863635426021547,0.0011163109838780148,-0.024089381365341896
2022-02-23,0.0026479927776643453,0.0009330929914491311,0.0017148997862152147,0.09490822905228864
2022-02-24,-0.0012063105085606562,-0.0006296451322294304,-0.0005766653763312254,0.03198471829858182
2022-02-25,0.00455459455891312,0.002101365922010229,0.0024532286369028907,0.08414532097743424
2022-02-28,0.0014800983596339199,-0.0010162465192004849,0.0024963448788344043,-0.1374025600783015
2022-03-01,0.004312921305385749,0.0015087206583636725,0.002804200647022078,-0.09166105261436794
2022-03-02,-0.005851678101673325,-0.0030007751956581796,-0.0028509029060151472,-0.03691867935326058
2022-03-03,-0.005413843691836134,-0.002708649342062679,-0.0027051943497734543,-0.053807295523193625
2022-03-04,-0.001996544064271778,-0.0018400784855154288,-0.00015646557875634856,-0.005452917333962068
2022-03-07,-0.0027102205734866806,-0.0026125924870620473,-9.762808642463025e-05,-0.056275089463404405
2022-03-08,-0.00028912228688819603,-0.0001299545316806555,-0.00015916775520754037,0.05730979928414775
2022-03-09,-0.0030457373093281098,-0.003040997590175878,-4.739719152231524e-06,-0.045135042919524415
2022-03-10,0.0032123074245284703,-0.0008513535800407342,0.004063661004569206,0.038915544635251036
2022-03-11,-0.0022564747812933174,-0.0020369647701900086,-0.00021951001110330926,0.08666291602039494
2022-03-14,0.002054142141552555,0.0007985153018171039,0.0012556268397354506,-0.13967646239624604
2022-03-15,0.004205477567374389,0.0018560098660957841,0.002349467701278602,-0.05491519703604505
2022-03-16,-0.006664367882966464,-0.004896993992344159,-0.0017673738906223053,0.009102745930730658
2022-03-17,-0.0030908773157444897,-0.0013472125779932977,-0.0017436647377511907,0.0643049433971236
2022-03-18,0.0004367976122025886,-0.001175863615758692,0.0016126612279612803,-0.020452930290965284
2022-03-21,0.0037791547828043633,0.0022443317436524886,0.0015348230391518747,-0.09050162828907322
2022-03-22,-0.0011645838594424836,-0.0010450853774932947,-0.00011949848194919149,0.1434277090742321
2022-03-23,-0.005446734161133164,-0.003960468989386766,-0.0014862651717463963,-0.005186885991587941
2022-03-24,0.007437549525493049,0.004743799486489734,0.0026937500390033127,-0.008291785253065813
2022-03-25,-0.0002443045919145819,-0.0006790551786448129,0.0004347505867302315,-0.0874230733652909
2022-03-28,-0.0003554831676281335,-0.0001946298695036171,-0.0001608532981245167,0.07653153890229938
2022-03-29,-0.004091526472253781,-0.0030669694811005996,-0.0010245569911531823,-0.0269910689827173
2022-03-30,0.00323386993237711,0.0017698427614467962,0.0014640271709303134,0.03180399373212647
2022-03-31,-0.001254696122554849,-0.0007948461714851647,-0.00045984995106968397,0.14012770633752025
2022-04-01,0.0013863167802563975,0.0003939761928345633,0.000992340587421833,0.08419451698279125
2022-04-04,0.007357169335053032,0.005115211375938263,0.0022419579591147704,-0.016084883719521444
2022-04-05,0.0044418256192359715,0.0016951353394571698,0.002746690279778801,0.010557662398647418
2022-04-06,-0.0006972976880994179,-0.0012804321330462153,0.0005831344449467977,-0.020882075435913902
2022-04-07,0.0005432197362330421,-0.0006635503021334247,0.0012067700383664665,0.058721763344867436
2022-04-08,-0.0009737508951298886,-0.0012017513811092909,0.00022800048597939812,0.11889200213746755
2022-04-11,0.002884787896554496,0.0018769681728789244,0.0010078197236755727,0.014684995402217786
2022-04-12,0.005644904004158945,0.0017967933989263983,0.0038481106052325464,0.16706988407668028
2022-04-13,0.0006925942676477832,-0.0009157786720635375,0.0016083729397113212,-0.03195916770888877
2022-04-14,0.009506598699887668,0.006746564882129237,0.002760033817758432,0.06116841917458438
2022-04-15,-0.0015854354262996306,-0.00150374654067836,-8.168888562126893e-05,0.10812439467971792
2022-04-18,0.00320076093136256,0.0003582315009934443,0.002842529430369116,0.03497246445969833
2022-04-19,0.00495295785135167,0.0020047362358744762,0.0029482216154771944,-0.05839113838080197
2022-04-20,0.002117008493490575,0.001883096101611961,0.00023391239187861394,-0.03510264524560106
2022-04-21,-0.0033580448751408362,-0.001779241611982313,-0.001578803263158523,0.024258078869102292
2022-04-22,-0.001938268365822332,-0.0005824944901202094,-0.0013557738757021213,-0.005381738390298198
2022-04-25,0.001310296718658407,0.0008570857368201401,0.00045321098183826597,-0.07344651072810675
2022-04-26,-0.00030103477162509167,0.0006383011259849945,-0.0009393358976100864,-0.03238218279182462
2022-04-27,-0.004198309312380089,-0.0023669771626758885,-0.0018313321497042002,0.06716898555416445
2022-04-28,-0.002164072538224235,0.00015023841700159755,-0.002314310955225835,0.06336122184191005
2022-04-29,0.004336335470989244,0.0009378205837671499,0.003398514887222096,-0.06708743698924322
2022-05-02,0.0034012258006800647,0.00224446992613999,0.0011567558745400747,0.15441518813313565
2022-05-03,-0.0034649341140243605,-0.001361028039803966,-0.0021039060742203955,0.11906171538521652
2022-05-04,0.008303306341092527,0.005486921639812441,0.0028163847012800895,0.21244929100161136
2022-05-05,0.007556066979580437,0.005728813308746408,0.0018272536708340299,0.035678082160554334
2022-05-06,0.01463278123889389,0.008150317172306604,0.006482464066587285,0.1346372093912833
2022-05-09,0.002510819177609856,0.002062287298361573,0.00044853187924828253,-0.19601594660733213
2022-05-10,0.00801185483878595,0.004622894004518607,0.0033889608342673426,0.18493183662721796
2022-05-11,-0.013536263729135967,-0.007879744127585324,-0.005656519601550647,0.21687292688605744
2022-05-12,0.011735046804978833,0.008058821025269383,0.0036762257797094506,-0.061260825573748796
2022-05-13,0.01440501837925436,0.008757498807037347,0.0056475195722170135,-0.07262421869921407
2022-05-16,-0.003722695147096068,-0.0037832215600550204,6.052641295895174e-05,-0.1903523097250494
2022-05-17,-0.0042167665461498895,-0.0007986405017931008,-0.003418126044356788,0.02142372531688205
2022-05-18,-0.012550781515707833,-0.008365067846303378,-0.004185713669404454,0.17809680429987704
2022-05-19,0.0012505125240614263,0.001944273363692487,-0.0006937608396310607,0.26676690195019864
2022-05-20,0.010572052682297856,0.005247167171155045,0.005324885511142811,-0.15808379992001195
2022-05-23,0.01690495455755981,0.011025308325722395,0.005879646231837416,0.054114162108939774
2022-05-24,-0.01240235511712508,-0.010109799700739882,-0.0022925554163852023,0.051345316650972146
2022-05-25,0.003929820150746069,0.001394008129983089,0.002535812020762979,-0.1349774055315223
2022-05-26,0.00401811067613872,0.00183744728876227,0.002180663387376453,0.00581678554424576
2022-05-27,-0.012004006246701528,-0.00776834277154129,-0.00423566347516024,0.08291588623705842
2022-05-30,0.00045737116462695555,-0.0019200949790300116,0.0023774661436569656,0.07154680518742967
2022-05-31,0.007027686005399179,0.0035695539794442094,0.0034581320259549665,-0.04832868874861442
2022-06-01,0.005865399003653059,0.0002641116630379128,0.005601287340615147,-0.0824250605666719
2022-06-02,-0.003529898828123321,-0.0032836333848916127,-0.00024626544323170727,0.07638053874272312
2022-06-03,-0.004941757727241857,-0.0019723190829647698,-0.002969438644277087,-0.14293011007370957
2022-06-06,0.004336426906996836,0.0006010589273455526,0.0037353679796512836,0.055326060741914394
2022-06-07,-0.008051076593146834,-0.003963418587691172,-0.004087658005455664,0.05424097275297739
2022-06-08,0.003130171469950872,-0.00036601257758996086,0.003496184047540832,-0.06527381119073677
2022-06-09,0.0029097746899329285,0.0015335299699097,0.001376244720023229,0.05336859429011901
2022-06-10,-0.003920376899911776,-0.000845098005094273,-0.003075278894817504,-0.1062823564255164
2022-06-13,0.0030245151060353708,-3.6830959386609935e-05,0.00306134606542198,-0.0898987712619004
2022-06-14,-0.0059212186524786065,-0.0028498483967848024,-0.0030713702556938033,-0.15321118381333404
2022-06-15,-0.005701785301265948,-0.0016214297536171485,-0.0040803555476487995,-0.011786059951557981
2022-06-16,-0.008763796271985064,-0.004412820424807819,-0.004350975847177243,0.03308563965371892
2022-06-17,-0.0006528883452888658,-0.0016974521122390964,0.0010445637669502302,-0.1951495570127251
2022-06-20,0.001554929792586198,-0.0014169214519675066,0.0029718512445537065,0.03887806881969005
2022-06-21,-0.008484705786863049,-0.003074220410534415,-0.005410485376328636,-0.0032956139892396904
2022-06-22,0.0018526619640997762,0.0018850325985124176,-3.2370634412641226e-05,-0.03531899376307991
2022-06-23,-0.00022471817140590135,0.002502201448365355,-0.0027269196197712573,-0.036609188575870054
2022-06-24,-0.002230520086420943,0.000486657758679157,-0.0027171778451000996,-0.13962940220467265
2022-06-27,-0.0021142759967120485,0.00022552365259580556,-0.002339799649307854,-0.11168309880223669
2022-06-28,-0.008452640716727347,-0.00414183221187723,-0.004310808504850118,-0.0582671500753893
2022-06-29,-0.006693018428955246,-0.0020123882449104126,-0.004680630184044834,-0.05121960967683644
2022-06-30,-0.0037176302654065756,-0.0027927144011086757,-0.0009249158642979007,-0.0237281563958651
2022-07-01,-0.002671674554202372,-0.0016269327475721608,-0.0010447418066302115,-0.06826004665566028
2022-07-04,-0.0012886510384045656,-0.0016534221174333771,0.0003647710790288111,-0.042722903120506694
2022-07-05,-0.0036076110808651715,-0.001231041451833153,-0.0023765696290320194,-0.03912643521561267
2022-07-06,-0.002321928730059934,-0.002990580964061739,0.0006686522340018045,0.05606860922009874
2022-07-07,-0.0021422050505588218,0.0010907172988820647,-0.003232922349440887,0.04305018244898007
2022-07-08,0.0034907970751721917,0.0025597550993234604,0.0009310419758487331,-0.011934207126497504
2022-07-11,0.0020925044697558005,0.0018038773035119206,0.0002886271662438794,-0.10722857191238976
2022-07-12,-0.0006650804956562793,-0.0007226308080084281,5.755031235214845e-05,-0.018997295803682108
2022-07-13,-0.006438079437214342,-0.001689511219407127,-0.004748568217807215,0.08878117633705467
2022-07-14,-0.0009863975598902604,0.0012045219729828922,-0.002190919532873153,0.027403176900410758
2022-07-15,0.005644644333550702,0.0060711639076894,-0.00042651957413869854,-0.06814195351937527
2022-07-18,0.0015281404037378835,0.003475566009689984,-0.0019474256059521006,-0.1764652983116224
2022-07-19,-0.00438023998187673,-0.005921574707901202,0.0015413347260244716,-0.07625861469093363
2022-07-20,-0.011993724199402709,-0.008595218672591911,-0.0033985055268107994,-0.1455474007467605
2022-07-21,-0.004144229351126733,-0.004147172872407196,2.9435212804615474e-06,0.06670541672780846
2022-07-22,-0.008344144745425315,-0.006233283125087089,-0.0021108616203382273,-0.0001240763302805433
2022-07-25,0.003625521265708743,0.0027298142672575066,0.0008957069984512362,-0.02704149252064403
2022-07-26,-6.703308394390693e-06,0.0007169712429379652,-0.000723674551332357,0.11892815007960658
2022-07-27,-0.0015855189805474039,-0.0022902627228126786,0.0007047437422652743,-0.036636671108185324
2022-07-28,0.006016943177340388,0.003429370031524228,0.002587573145816161,0.0836935486533905
2022-07-29,-0.0018030198994488118,-0.002460379316748691,0.0006573594172998793,0.0242586153302711
2022-08-01,0.0036361282788774383,0.002132797577478597,0.0015033307013988407,-0.05906559259661457
2022-08-02,0.001095114153582659,-0.001174181087198795,0.002269295240781455,0.06723565448224743
2022-08-03,-0.002894520885685022,-0.002665357165568397,-0.0002291637201166255,0.015915054356473647
2022-08-04,0.003298173714069068,0.0028254644758554945,0.000472709238213573,-0.1282268292586438
2022-08-05,0.0008406079509958657,-0.0015562610008412522,0.002396868951837116,0.014800445996198326
2022-08-08,-0.006333863448309428,-0.0018256386950042097,-0.00450822475330522,0.034196159068707765
2022-08-09,0.0008418315722899397,0.0012057768950253398,-0.0003639453227353999,0.22710562389938663
2022-08-10,0.0019152494415830802,0.0005806417754659102,0.0013346076661171708,-0.11679139485421577
2022-08-11,0.011683793547895095,0.004235231120462019,0.007448562427433078,-0.045563303403360074
2022-08-12,-0.0048866106481700675,-0.002640986167256724,-0.0022456244809133433,-0.04795576350974508
2022-08-15,-0.0023296420911724396,-0.0027958751906572744,0.0004662330994848335,0.015692535411887427
2022-08-16,-0.0022830794667690066,-0.0031078188945030025,0.0008247394277339964,-0.112563746865885
2022-08-17,0.0007280355243953974,7.555231140322157e-05,0.0006524832129921755,0.12035273707602462
2022-08-18,-0.006081126418879467,-0.00230473216266811,-0.0037763942562113566,0.13687949588211698
2022-08-19,0.006871131137839141,0.0008815568877603239,0.005989574250078816,-0.0011635006334274956
2022-08-22,0.00704371089995604,0.0019351857251062397,0.0051085251748498005,-0.057693889376550914
2022-08-23,-6.161152395358954e-05,-0.0013599307359949998,0.0012983192120414096,0.10927771674181586
2022-08-24,-0.00298029894479414,-0.0016143401278030534,-0.001365958816991088,0.02757368404749679
2022-08-25,0.00565672663098174,0.003235525666893936,0.002421200964087804,0.003336791280138924
2022-08-26,0.0011348335881792202,0.000650094283199835,0.00048473930497938494,-0.21991344485341166
2022-08-29,0.00016538529629012968,-0.0011548412636244857,0.0013202265599146152,-0.09953977059363671
2022-08-30,-0.011852805776228745,-0.0036157524942855655,-0.00823705328194318,0.08641314944713087
2022-08-31,-0.005261482535705192,-0.001292097312665834,-0.003969385223039357,0.049965615093782216
2022-09-01,0.004103277296025544,0.0006522628480474134,0.0034510144479781304,0.0873298942675538
2022-09-02,0.0023021175951077,-0.0007643144788979078,0.003066432074005608,-0.007170133606441159
2022-09-05,0.003327115004726278,0.0007857517660236459,0.002541363238702632,-0.12505117650886868
2022-09-06,-0.0002985220261090963,-0.0011737628248551582,0.0008752407987460617,0.11719111462378401
2022-09-07,-0.006000421476175216,-0.0029068731569010017,-0.0030935483192742145,0.15984792083666552
2022-09-08,0.004899304539104506,0.0015209260443191115,0.0033783784947853945,-0.15305448134927083
2022-09-09,0.007789187020042062,0.0031958850535606766,0.0045933019664813855,0.017855698290387995
2022-09-12,-0.006717472533955602,-0.002798135179047666,-0.0039193373549079365,-0.07566577085435754
2022-09-13,0.0008133225150974703,-0.0018743577650360936,0.00268768028013356,-0.12347487229536076
2022-09-14,-0.0033665014440681304,-0.0021771884688182083,-0.0011893129752499221,0.09388632187188126
2022-09-15,-0.007815088360895384,-0.0015193349588922844,-0.0062957534020030995,0.028304795554711784
2022-09-16,0.0045517233993318034,0.00019665918225157675,0.004355064217080231,0.22165247039800576
2022-09-19,0.0015481899692827079,0.0008121857278792324,0.0007360042414034751,0.056359724231195216
2022-09-20,0.013994478737617076,0.005523647059239658,0.008470831678377418,-0.1200683325713052
2022-09-21,0.0033589776907318484,0.002437743024566839,0.0009212346661650068,-0.09583248003203984
2022-09-22,-0.007436186137927251,-0.0026697326275583085,-0.004766453510368942,-0.012426380448207413
2022-09-23,-0.00570786221669122,-0.0037639919960838486,-0.00194387022060737,-0.0057137106660125
2022-09-26,-0.0006082594058259483,-0.0010539217261236675,0.0004456623202977201,-0.08762410636566596
2022-09-27,-0.0002896157802252376,-3.090380646427436e-05,-0.0002587119737609638,-0.013384399521611903
2022-09-28,-0.00464707722371996,-0.0024920472236042886,-0.00215503000011567,-0.07121024531024578
2022-09-29,-0.0006447763937886585,-0.0020939739839914246,0.001449197590202767,0.153401895250034
2022-09-30,-0.003801931309619414,-0.0027106718090572825,-0.0010912595005621306,-0.005235674007860933
2022-10-03,0.005874974893041136,0.002186698835491767,0.003688276057549369,-0.032459690688732286
2022-10-04,-0.00027255310106597707,-0.0013959091594152341,0.0011233560583492567,-0.05308757174954864
2022-10-05,-0.0016874628249462379,-0.0009251563346159702,-0.0007623064903302668,0.07955998853719728
2022-10-06,-0.002410371058805259,-0.0009186919869531835,-0.0014916790718520752,0.12586876362181812
2022-10-07,0.003513708303212098,0.0005666119796600422,0.0029470963235520564,-0.015082452407273999
2022-10-10,0.005508911012797092,0.0029158554475467763,0.0025930555652503165,-0.03925180214064317
2022-10-11,-0.0006910214822131534,-0.0005796210379885416,-0.00011140044422461174,0.017825491754641865
2022-10-12,-0.0017681716616551203,-0.001047826326857331,-0.0007203453347977887,0.04987059826382593
2022-10-13,0.0007897022219737225,0.00030479348448916865,0.00048490873748455437,0.12516784911311515
2022-10-14,0.0019730571663475944,0.00018410938159038083,0.0017889477847572131,-0.1197318789578106
2022-10-17,0.005105066857463975,0.0031459300246042894,0.001959136832859686,0.16815227155556334
2022-10-18,-0.006039423749310321,-0.0014913937383860265,-0.004548030010924294,-0.0822779453234202
2022-10-19,0.00779406154520135,0.0033369536365431473,0.004457107908658203,-0.0681012932387325
2022-10-20,-0.0037479339464538608,-0.002278267205989893,-0.0014696667404639667,0.0971774727495988
2022-10-21,-0.0032522029081238748,-0.002250209335988632,-0.0010019935721352433,0.09063808146590459
2022-10-24,0.004637336787985824,0.003344308389291008,0.001293028398694815,-0.06186226727210976
2022-10-25,0.005166686796133785,0.0036778699896946737,0.0014888168064391112,0.043434013392720607
2022-10-26,-0.0035216943560906562,-0.0014853408706294482,-0.0020363534854612084,0.013523228588890943
2022-10-27,0.0023447980145745845,0.0013150242465340108,0.0010297737680405735,0.1923865515445457
2022-10-28,0.0006288065166008789,0.0005334313869546905,9.537512964618959e-05,0.05760474545904488
2022-10-31,0.00951211645518622,0.005690521889562168,0.0038215945656240495,-0.019978076245751465
2022-11-01,0.0033096609185948272,0.0013505946260574048,0.001959066292537423,0.013407513790195315
2022-11-02,-0.000914123559357562,-0.0013139593441124037,0.0003998357847548415,-0.027886279510789896
2022-11-03,0.0006497843343573241,0.0008119289732479371,-0.00016214463889061698,-0.08045496470690691
2022-11-04,-0.0012774740738800295,-0.002011472585491454,0.0007339985116114282,0.03959722577838852
2022-11-07,-0.004501598145627698,-0.004112311945856872,-0.0003892861997708257,-0.05381646325876261
2022-11-08,0.0022007333256291906,0.0026908623997771094,-0.0004901290741479158,0.015210386030847813
2022-11-09,-0.0030949205197036388,-0.002884991038841024,-0.00020992948086261468,0.08841914915190219
2022-11-10,0.000881650442223326,-0.00010934121517678502,0.0009909916574001101,-0.012346720211993597
2022-11-11,0.00494827255789187,0.002709436294862885,0.002238836263028985,0.05937412754543325
2022-11-14,-0.0009182042807761757,-0.00029503098665700604,-0.0006231732941191712,0.06594546576940037
2022-11-15,0.004168848754879308,0.003906525299412539,0.00026232345546676854,0.02783625652203552
2022-11-16,0.0038126832751331865,0.0008387209871342869,0.0029739622879989,0.013242627725745866
2022-11-17,0.001224323121235222,-0.0015854820704448243,0.0028098051916800463,-0.0923439697542109
2022-11-18,0.0006872705699672548,-0.001279815842580469,0.0019670864125477215,-0.08009833672530346
2022-11-21,-0.004626959920329314,-0.0011057542744060227,-0.0035212056459232935,-0.04568806902198355
2022-11-22,-0.004200871486329027,-0.0008634038736957568,-0.0033374676126332707,-0.02273946199660659
2022-11-23,-0.00234117983252383,-5.828745204744176e-05,-0.002282892380476388,-0.057119021889289474
2022-11-24,-0.0012966137675789104,0.00046236628380480656,-0.0017589800513837161,0.0691673242806686
2022-11-25,-0.002974375075738765,-0.0020150107606328096,-0.0009593643151059542,-0.12702620851659724
2022-11-28,0.0031961695340597483,0.002006643691845389,0.0011895258422143602,-0.07522724945715155
2022-11-29,-0.006370261956362212,-0.0024703734534018175,-0.0038998885029603927,-0.11898258054901695
2022-11-30,-0.0033286408980295426,-0.0005113835104281128,-0.0028172573876014293,0.06962416208447982
2022-12-01,-0.005743075711785707,-0.0026048175379128676,-0.0031382581738728403,0.05020772026562464
2022-12-02,0.003198054434126473,0.0006241943673514347,0.0025738600667750385,-0.03019091709524454
2022-12-05,0.002354828773164822,0.0021552688322279846,0.0001995599409368382,0.009982213243835239
2022-12-06,-0.0014911475373877825,-0.000249640492549023,-0.0012415070448387588,0.14386453594966184
2022-12-07,0.000520356256255468,-0.000722921371624002,0.0012432776278794694,0.015082270410201565
2022-12-08,0.007333488695996558,0.003184374741944128,0.00414911395405243,0.09735448759008222
2022-12-09,0.0007395093048134023,0.00037260765545566767,0.0003669016493577353,0.020240142727995986
2022-12-12,0.004601537041412034,0.001473959758351323,0.0031275772830607097,0.07837936035229434
2022-12-13,0.001208616532401189,-0.000424475600633852,0.0016330921330350412,0.04664895694785953
2022-12-14,0.0035372398224966786,0.0013177573685907822,0.002219482453905897,0.06197322061934733
2022-12-15,0.002059451332097803,0.0024481407191810863,-0.0003886893870832832,-0.032814881540134594
2022-12-16,0.002877542400655649,0.0007100699880288842,0.0021674724126267654,0.12068924854241841
2022-12-19,-0.001901534903083829,0.000246932953377698,-0.002148467856461528,0.07735526471271693
2022-12-20,0.006263219020038538,0.003714359684380441,0.0025488593356580973,0.027341950179296394
2022-12-21,0.003915920892099717,-1.0130834339965727e-05,0.0039260517264396826,0.019679681741043616
2022-12-22,0.0013488359055326491,0.0014584838889427744,-0.00010964798341012508,-0.058043105243071304
2022-12-23,0.0010055580866729064,0.0008922072410454334,0.00011335084562747245,0.10523462242345215
2022-12-26,-0.00323459462090965,-0.0006283459844059116,-0.002606248636503737,0.040775682158391426
2022-12-27,0.004903615479223227,0.003965516422794071,0.0009380990564291595,0.1650600834702699
2022-12-28,0.0017794061796900444,5.131729033930679e-06,0.0017742744506561137,0.0870891545741593
2022-12-29,0.007177861578397787,0.0021889615459102915,0.004988900032487498,0.04446765463700248
2022-12-30,0.0038589947248364063,0.0006464396613601701,0.003212555063476236,0.18979497214108565
2023-01-02,0.0018738156359397868,0.0004040215863164087,0.0014697940496233774,-0.044567513153906835
2023-01-03,0.007793463502542376,0.003778263003391319,0.004015200499151059,0.14099665769991082
2023-01-04,-0.0017240656748597966,-0.0002777083683299658,-0.001446357306529831,-0.03985449898753594
2023-01-05,0.005729954409781098,0.0012081583410439994,0.004521796068737097,0.019695893227783652
2023-01-06,-0.0015178344133983724,-0.0006791674822426595,-0.0008386669311557125,-0.07157156047606476
2023-01-09,0.0012438228704240817,-0.0005785404503258415,0.0018223633207499236,0.03933568514998719
2023-01-10,-0.0035765540231785125,-0.000886949589390112,-0.002689604433788401,0.0919086812583431
2023-01-11,0.0017660484040357763,0.0001959171912669245,0.0015701312127688483,-0.3343208191770315
2023-01-12,0.004000920033291964,0.002924026617428628,0.0010768934158633366,-0.03449074615822715
2023-01-13,-0.018592343350228913,-0.009206127508737455,-0.009386215841491456,0.25410479121409607
2023-01-16,-0.0016362570519313853,-6.905152953372296e-05,-0.001567205522397662,0.14479479273021556
2023-01-17,0.012749837210071542,0.0049418299498363676,0.007808007260235174,0.11329824009903389
2023-01-18,0.005909887883942743,0.0021634356073992754,0.0037464522765434665,0.1809758625164653
2023-01-19,0.003921417330793106,0.0015112878678985439,0.0024101294628945617,0.08694766210536806
2023-01-20,0.007354280661632729,0.002116894541986547,0.005237386119646182,0.08579104427849835
2023-01-23,0.0036059618720298728,0.0019063511148742912,0.001699610757155582,0.13738817064860448
2023-01-24,0.003481098946411557,0.0011630672571350765,0.0023180316892764813,-0.28035405560929
2023-01-25,0.006684237864626583,0.0018058808277217064,0.0048783570369048766,0.264922176871214
2023-01-26,-0.01216285707931545,-0.005838329672149747,-0.0063245274071657,0.05138877455052733
2023-01-27,0.0104051986785694,0.004988021744627605,0.005417176933941794,0.0636322962098197
2023-01-30,0.0021306392117305274,0.000921444689152204,0.0012091945225783233,0.15291078720629758
2023-01-31,0.0025147840134028777,0.0009728474710767676,0.0015419365423261092,-0.15124037249895061
2023-02-01,0.006371989992681178,0.0026938156874370053,0.0036781743052441765,0.03705847198282065
2023-02-02,-0.007569011096601703,-0.0026737954758938648,-0.004895215620707837,0.05176738787069242
2023-02-03,0.0017141292920805147,-0.00022051536162950858,0.0019346446537100229,-0.09319072251123847
2023-02-06,0.0025063630604920738,-0.0007865117368083541,0.0032928747973004283,0.03131235371004408
2023-02-07,-0.004749056501951467,-0.00022752268382211262,-0.004521533818129355,-0.05741656056055683
2023-02-08,0.0016901066889145945,0.0008098815091250981,0.0008802251797894907,0.1767641230299942
2023-02-09,-0.0029721892820049837,-0.0007380567700126239,-0.002234132511992358,0.10143083287760357
2023-02-10,0.010562398003342398,0.004192097867200618,0.006370300136141779,0.178477989226346
2023-02-13,0.006169531633489913,0.0021952556880205747,0.0039742759454693445,0.12768180475918972
2023-02-14,0.008776355362875512,0.0032893826595075115,0.0054869727033679955,-0.07606542287428521
2023-02-15,0.009374002985878243,0.006101931506199053,0.0032720714796791936,0.11221990403240259
2023-02-16,-0.004669337001571341,-0.002267028517077163,-0.0024023084844941762,0.17304390207269682
2023-02-17,0.006624465762437961,0.005072979769105861,0.0015514859933320954,-0.16911126633411744
2023-02-20,0.017754461506097798,0.01272455122677811,0.005029910279319691,-0.0846878967790817
2023-02-21,-0.021028095492472063,-0.00861432524880043,-0.012413770243671636,-0.06604766423590036
2023-02-22,-0.011340644636348093,-0.003386992844496445,-0.00795365179185165,-0.08426809324074984
2023-02-23,-0.006506588897015368,-0.006681821515916189,0.00017523261890083075,-0.02670312670553045
2023-02-24,-0.007701801033779425,-0.0030824679215607186,-0.00461933311221871,0.12012089513208209
2023-02-27,-0.0015418370659495144,0.000640465495679747,-0.0021823025616292627,-0.1608285954866729
2023-02-28,0.006961294347042811,0.001715125804195989,0.005246168542846823,-0.14587071447905556
2023-03-01,-0.009021463308334332,-0.004178072584642336,-0.004843390723692002,-0.09328124631594836
2023-03-02,-0.00950603949608137,-0.006368414005160927,-0.0031376254909204447,-0.1593384349734961
2023-03-03,-0.005484113477735252,-0.0031110908646179714,-0.00237302261311728,0.17283629008964485
2023-03-06,-0.008793626119265947,-0.0036842023245554044,-0.005109423794710542,-0.24885276156004266
2023-03-07,0.013951618185904983,0.008138284783476807,0.005813333402428171,-0.060127847068433084
2023-03-08,-0.014410253962788541,-0.006246201647774688,-0.008164052315013853,-0.05291574362871174
2023-03-09,-0.0034741502860105174,-0.0020064184020046616,-0.0014677318840058563,0.06421894307116459
2023-03-10,-0.0033725617767482686,-0.00017541817952751448,-0.0031971435972207546,-0.020920842870443945
2023-03-13,0.003766467130176532,0.002054420789420558,0.001712046340755972,0.10204768384216965
2023-03-14,-0.0011225889510575228,-0.0007018857128850897,-0.00042070323817243113,-0.06433927274905564
2023-03-15,0.00669942311156267,0.0016996046785509103,0.004999818433011756,-0.11182503868616313
2023-03-16,-0.00365999297201419,-0.00022172107890326524,-0.003438271893110925,-0.12324834658346284
2023-03-17,-0.0065352270077836585,-0.004623856821772141,-0.0019113701860115177,0.04992786598147732
2023-03-20,-0.007605292880811414,-0.005647784609212673,-0.001957508271598742,0.0753654839439369
2023-03-21,0.0027273661610600396,0.0012449728218163984,0.0014823933392436415,0.035476986771037625
2023-03-22,0.0039595378041921035,0.0014268837583486082,0.002532654045843496,-0.0810295344899398
2023-03-23,0.001691035494514531,-0.00011513943911495815,0.0018061749336294904,-0.0011172180818498623
2023-03-24,-0.0040023758845832876,-0.0013394336935012036,-0.002662942191082082,-0.08999259555061133
2023-03-27,-5.425791815823319e-05,-0.0014589447040510013,0.0014046867858927693,-0.008562937049116495
2023-03-28,-0.005269756394059188,-0.0033719280397459927,-0.0018978283543131923,0.02530039397656947
2023-03-29,-0.0004984930949919926,-0.0010049303588810302,0.000506437263889038,0.15052272211701548
2023-03-30,0.0016365493458185593,0.0022595497436704113,-0.0006230003978518507,0.09786692512821284
2023-03-31,0.010062076601126626,0.004051206664987008,0.006010869936139616,0.0998483770096599
2023-04-03,0.006337331701202499,0.00190352376516787,0.004433807936034628,-0.06566346201684956
2023-04-04,0.006871253412316686,0.0004112882938714854,0.006459965118445203,0.06735356283257478
2023-04-05,-0.004208284111999456,-0.0014578143097973076,-0.0027504698022021504,-0.005475939170532933
2023-04-06,0.004295724024426036,0.0018188356346696445,0.0024768883897563904,0.08850617395300767
2023-04-07,-0.0003638534669411226,0.0003155063569869124,-0.0006793598239280343,0.12137118714030636
2023-04-10,0.005675651681302341,0.0014284188069646144,0.004247232874337726,0.10786030692971087
2023-04-11,0.008218936710850638,0.00435924316222431,0.0038596935486263292,-0.031009451067248905
2023-04-12,0.007568285100106529,0.003595642862692948,0.003972642237413584,0.09902072411576923
2023-04-13,-0.0017960066207308794,-0.0012142397250015785,-0.0005817668957293007,0.07771716488051235
2023-04-14,0.006027572735319195,0.0035958068345565593,0.002431765900762637,0.15005368905266844
2023-04-17,0.0047661035641890295,0.0027093217953962786,0.002056781768792751,0.07985440488983113
2023-04-18,0.009341020758014882,0.005518368624828828,0.0038226521331860518,0.1979686373171707
2023-04-19,0.007393338049832992,0.006275236325697483,0.0011181017241355048,-0.15807295904158136
2023-04-20,0.01758303753532281,0.009563931730245223,0.00801910580507758,0.0736503161135011
2023-04-21,-0.01321382298618546,-0.00673270475191224,-0.006481118234273227,0.14601607206817452
2023-04-24,0.004794214913665291,0.003581547353787222,0.0012126675598780699,-0.02996643583547939
2023-04-25,0.009973880079777252,0.005669754563096176,0.0043041255166810745,-0.18861897127537353
2023-04-26,-0.002374925420745252,-0.003914966336918083,0.001540040916172828,-0.20994364246413247
2023-04-27,-0.012590086738806515,-0.008885663117272565,-0.0037044236215339485,0.04250147694937754
2023-04-28,-0.01378631375756412,-0.006795252111552297,-0.006991061646011824,-0.2299800964982453
2023-05-01,0.0026902447267846664,0.0010287030704668547,0.0016615416563178118,-0.21671794313496118
2023-05-02,-0.016828780113437285,-0.008663906251502174,-0.00816487386193511,0.14404072942396165
2023-05-03,-0.0167497151572997,-0.01090050548817633,-0.005849209669123365,0.1704808477574403
2023-05-04,0.010057016222768122,0.005580639568057696,0.004476376654710426,-0.12662248137969967
2023-05-05,0.010917596683165968,0.007254383828276697,0.0036632128548892712,0.17200335693092428
2023-05-08,-0.0071461316446433856,-0.0022353347631784586,-0.004910796881464926,0.0035031570687043836
2023-05-09,0.010649264849559371,0.006629198611067249,0.004020066238492121,0.18902704873861792
2023-05-10,0.00024734622344066274,0.00036647676808500805,-0.00011913054464434726,0.2789665717556913
2023-05-11,0.011111338130626498,0.0058620196428645415,0.005249318487761955,-0.037655331036234876
2023-05-12,0.018643890578234557,0.010271062209110407,0.008372828369124152,0.08366271751898681
2023-05-15,-0.0020867113938527874,-0.0024872665175105094,0.00040055512365772157,-0.07767414384526515
2023-05-16,0.004299726460431391,0.0017617830537167952,0.002537943406714597,-0.08901012944146741
2023-05-17,-0.004249858922967056,-0.003921056342843417,-0.0003288025801236401,-0.05316591267161391
2023-05-18,-0.005370726531816284,-0.0028735231812160172,-0.0024972033506002675,0.05077304507267726
2023-05-19,-0.003322483396375346,0.0014627054608092526,-0.004785188857184599,-0.18467732708701495
2023-05-22,0.002510886904881123,0.001055935554429956,0.0014549513504511658,0.071726288467379
2023-05-23,-0.00968825830888528,-0.006369840339107152,-0.0033184179697781277,0.13376971332487733
2023-05-24,0.003673727802260518,0.0012762859214674842,0.002397441880793036,-0.008883002147889195
2023-05-25,0.00789751184991401,0.0023490279918334887,0.00554848385808052,-0.021098363406489653
2023-05-26,-0.0005222541495519876,0.0027396121740532664,-0.0032618663236052515,0.04935226753881587
2023-05-29,-0.0011188264499940727,-0.0012216093589933214,0.00010278290899924832,0.02936133326588092
2023-05-30,0.002443066285240458,0.0014966218057793877,0.0009464444794610703,-0.04550159725471029
2023-05-31,0.0014789105781481643,0.0006731946596458052,0.0008057159185023578,0.02085515730708808
2023-06-01,-0.0023602263569601615,-0.002564012341542175,0.00020378598458201287,0.06608226637784698
2023-06-02,0.0011894067789907147,0.002915384014836077,-0.0017259772358453641,-0.04852687957631825
2023-06-05,0.004209897453462159,0.005511691234587442,-0.0013017937811252837,0.06405143726688524
2023-06-06,-0.002565873405289538,-0.002218579377445686,-0.00034729402784385195,0.09960444757379044
2023-06-07,0.0044040993864562245,0.004769140139026372,-0.00036504075257014906,-0.14190568085574365
2023-06-08,0.00581987192329541,0.0007630767608059422,0.005056795162489467,-0.09028063348795885
2023-06-09,-0.007618593756438359,-0.0040942602338802595,-0.0035243335225580994,-0.09489680009904358
2023-06-12,-0.0044296383817790785,-0.0019373624349022876,-0.0024922759468767926,0.056651251094328996
2023-06-13,-0.0041844398058210365,-0.0028351633883734514,-0.0013492764174475869,-0.023810300856973433
2023-06-14,0.0024507683011481553,0.001402185201519821,0.0010485830996283352,-0.12181565986232464
2023-06-15,-0.0011348369253425723,-0.0007201012631442216,-0.00041473566219835025,-0.03705607727775568
2023-06-16,-0.006004914750078143,-0.002804712628577871,-0.0032002021215002726,0.13874734333567187
2023-06-19,-0.001819440970137787,-0.002353999797193619,0.000534558827055831,-0.011982279443364423
2023-06-20,0.00689387664476346,0.004276474178525936,0.0026174024662375256,0.0350121306818817
2023-06-21,-0.0005653467553621357,-0.0003123303911156881,-0.00025301636424644725,0.05105592054695387
2023-06-22,0.0020624008680372877,0.0009228129933357004,0.0011395878747015795,-0.06102310241624075
2023-06-23,0.0031516032004942386,-0.0006929462808175945,0.0038445494813118325,0.0896097675944507
2023-06-26,-0.0038577385359743277,-0.001994576662066535,-0.001863161873907792,-0.05954565919310713
2023-06-27,0.004048448339145059,6.473922201062285e-05,0.0039837091171344395,-0.1002692776055876
2023-06-28,-0.00326290941759364,8.894904042939557e-05,-0.0033518584580230345,0.1070197935832297
2023-06-29,-0.005435058273149702,-0.0019557336591587513,-0.003479324613990949,0.10850660013963424
2023-06-30,0.00701231131160281,0.000727720403873448,0.006284590907729362,0.0538491431516136
2023-07-03,0.006714764849273707,0.0019323213521687125,0.004782443497104993,0.0788922222766095
2023-07-04,0.0024866332159926632,0.001815950904392235,0.0006706823116004353,0.07692744006730055
2023-07-05,0.0039605082387944345,0.0019004314329898256,0.0020600768058046098,-0.07167348875924288
2023-07-06,0.004310018341758788,0.003233133580950138,0.0010768847608086524,-0.05130002675229594
2023-07-07,-0.0043327884863435025,0.0004400412847404018,-0.004772829771083904,0.041142760880218766
2023-07-10,-0.0034467302781841036,-0.0016546139791717325,-0.0017921162990123694,0.035414460773937194
2023-07-11,0.002168017100029536,0.0005863681608188377,0.0015816489392106968,0.05341359465336337
2023-07-12,0.0018427838093446358,-0.0005282803140877906,0.002371064123432425,-0.11891977815776068
2023-07-13,0.0027857598660523224,0.0021382144409381413,0.0006475454251141811,0.031215179610712032
2023-07-14,-0.006226387482942044,-0.00184010960250662,-0.004386277880435424,0.048481857927593644
2023-07-17,0.0017979929096073766,-0.0002733816404946708,0.0020713745501020463,-0.10733318508382331
2023-07-18,0.0025218017462423086,0.0024803643560311296,4.1437390211179087e-05,-0.08482873985548091
2023-07-19,-0.005257600712615192,-0.0022699723543248267,-0.0029876283582903657,0.14177430846688174
2023-07-20,-0.004505953783767598,-0.0021652290549917085,-0.002340724728775888,0.037423871021915245
2023-07-21,0.008915298102682259,0.003075365591854718,0.005839932510827539,-0.03557575830351131
2023-07-24,0.0021400469846328406,0.0014959249068100568,0.0006441220778227834,-0.10918915407821482
2023-07-25,-0.001907120933894775,-0.0014306791558704518,-0.00047644177802432484,-0.065188891274928
2023-07-26,-0.00566798349052565,-0.0017091778544890534,-0.003958805636036598,-0.03338858374058519
2023-07-27,-0.00398051512077219,-2.192013414347013e-05,-0.003958594986628719,-0.16651188511663625
2023-07-28,-0.001892761457844668,-0.0003134277701267235,-0.0015793336877179447,0.008505311760548164
2023-07-31,-0.009767053027021376,-0.0026945145930817767,-0.007072538433939596,0.1499330169420879
2023-08-01,0.000437452494572363,-0.00014136273848721183,0.0005788152330595752,0.1462267029289323
2023-08-02,0.00923630075319957,0.002884752595400333,0.006351548157799236,0.03278711265869057
2023-08-03,0.009777895417377063,0.0014715742900188386,0.00830632112735823,-0.020549938511605373
2023-08-04,0.0018185551579846136,-0.0006977423927872518,0.002516297550771863,0.06931887923679052
2023-08-07,-0.001193073966053814,-0.0005973132433275351,-0.0005957607227262789,0.007961784072297145
2023-08-08,0.0041167643312332355,0.0008993990649900858,0.0032173652662431506,0.10299355007462986
2023-08-09,0.0004194362044691656,0.00016498415288011825,0.00025445205158904777,-0.04903278664606782
2023-08-10,0.006291774021594172,0.00341052426885728,0.002881249752736891,-0.049800875333133196
2023-08-11,-0.0019940172712354415,-0.0003757404266906926,-0.0016182768445447485,-0.08292983943520883
2023-08-14,-0.0026217950918498486,-0.00268472247008818,6.29273782383321e-05,-0.009383524919697975
2023-08-15,-0.0039358539722389434,-0.0018518628780705964,-0.0020839910941683488,0.03796048786085043
2023-08-16,-0.0005914200134346514,-0.0017607098485073677,0.0011692898350727163,0.0011187777718075645
2023-08-17,0.0025128454367768552,0.0014071432473247206,0.0011057021894521342,-0.05194106577613645
2023-08-18,-8.92694140692895e-06,-0.0003307581813719873,0.00032183123996505636,0.1418330839253245
2023-08-21,-0.002818776935605161,-0.0012637045831801405,-0.0015550723524250212,-0.05106056594303707
2023-08-22,0.00798590051346387,0.00291590377901238,0.0050699967344514894,0.06565275705425497
2023-08-23,-0.003119008529809069,-0.0008010058535648011,-0.0023180026762442676,0.1158404026321193
2023-08-24,0.003986434551834325,0.0008641562806316685,0.0031222782712026567,0.05009472696794056
2023-08-25,0.007221120236835424,0.0021640851219414878,0.005057035114893934,-0.15151907701857592
2023-08-28,0.0029040357612896135,0.0015571163178252643,0.0013469194434643497,-0.22439384309966437
2023-08-29,-0.009009627326352269,-0.006190554911039399,-0.0028190724153128715,0.2333523908423832
2023-08-30,-0.011475147454185156,-0.00596877459216898,-0.00550637286201618,-0.13406513292581004
2023-08-31,0.01396205374523315,0.0065537293459269775,0.007408324399306172,0.003835614417907944
2023-09-01,-0.006764989452700106,-0.0029366041829901185,-0.003828385269709989,-0.08187921268634223
2023-09-04,0.00019658351414705779,-0.00046914961146829644,0.0006657331256153549,0.035076810664638636
2023-09-05,-0.004056127141984755,-0.0022130184122155696,-0.0018431087297691856,0.04084866470448213
2023-09-06,0.001928954377955167,0.001152170259430589,0.0007767841185245764,-0.0024318058469670265
2023-09-07,0.0022469528875944346,0.0004488022887896015,0.001798150598804833,0.0019060834720872489
2023-09-08,-0.0001506950313799702,0.0001215520471666686,-0.0002722470785466386,0.0508149939182903
2023-09-11,0.00011068639594837134,-0.00037410474324969193,0.0004847911391980637,0.027927719885010208
2023-09-12,0.0026503963129965837,-0.00042586371325803603,0.0030762600262546204,-0.04586922298902328
2023-09-13,0.0015446933454365055,0.00012070032784907737,0.0014239930175874282,-0.01391275311466637
2023-09-14,-0.0026505382210206844,-0.0005223781716139769,-0.0021281600494067084,-0.10070144722520841
2023-09-15,-0.000681067073392049,-0.0018601589550192275,0.0011790918816271742,-0.12378967937847815
2023-09-18,-0.0063324864212906465,-0.002542856449900005,-0.0037896299713906425,0.045343036980924074
2023-09-19,-0.006263953684899319,-0.002869966100679762,-0.0033939875842195575,-0.05326459469438556
2023-09-20,0.0026118609032729223,0.0022535454794277987,0.0003583154238451236,0.015389800886048433
2023-09-21,-0.002988674793470984,-0.0018052544691076183,-0.0011834203243633636,-0.08250370565139829
2023-09-22,0.0010475829766387545,0.0012192470127059193,-0.00017166403606715813,-0.1849890475321359
2023-09-25,-0.0055098643784223435,-0.00012531363673871226,-0.005384550741683626,-0.25309967352822904
2023-09-26,-0.016482873797486756,-0.003861940312658449,-0.012620933484828303,-0.015984511635531672
2023-09-27,-0.03224261119210612,-0.013566203385412902,-0.018676407806693218,0.1372708876313998
2023-09-28,-0.0021456069633672987,-0.0021022403994033906,-4.336656396389249e-05,0.015532699995558487
2023-09-29,0.012990212702280126,0.0030034622537623377,0.009986750448517786,-0.08756036327481587
2023-10-02,0.0012711149315346123,-0.0034689275162771843,0.0047400424478117945,-0.0681195840531065
2023-10-03,-0.0063863520626540144,0.0007144570458423455,-0.007100809108496364,0.020848720056146505
2023-10-04,-0.004499708898741497,-0.0045669753742113295,6.726647546983003e-05,-0.03943750559136945
2023-10-05,0.0014671594937731118,0.0003037235489098695,0.0011634359448632432,0.06195006360267632
2023-10-06,-0.0027865665769220005,-0.00083374356412526,-0.0019528230127967396,-0.08475340865737849
2023-10-09,0.004052612298254804,0.006297410690345853,-0.0022447983920910568,-0.005935517482237289
2023-10-10,-0.007212294157278665,3.054621171180716e-05,-0.0072428403689904705,0.005903349709651958
2023-10-11,-0.0005208030164784657,-0.0017919840970838999,0.0012711810806054335,0.00292733908956245
2023-10-12,0.00044722500108231196,0.0003724619933028568,7.476300777945529e-05,0.008199462470974231
2023-10-13,0.0002136265502238054,-0.0022741098940767487,0.002487736444300554,-0.1608910010340921
2023-10-16,0.0005391965191956969,-0.00018804938722077197,0.000727245906416471,-0.08571111541399429
2023-10-17,-0.012698440747722205,-0.008135304561559326,-0.004563136186162879,-0.029389635563715554
2023-10-18,-0.007790979559583645,-0.002900041840715035,-0.004890937718868612,-0.10639233968042992
2023-10-19,-0.0023932377488332744,-0.0024861987315064754,9.296098267320106e-05,-0.0038227977136644966
2023-10-20,-0.008855747935912907,-0.001864558176161192,-0.006991189759751715,0.0705617773919284
2023-10-23,-0.00042849100131522313,-0.0008996749884504288,0.00047118398713520346,0.014139179746055556
2023-10-24,0.005806629262483903,0.0035948802793996197,0.0022117489830842836,0.06668876798368292
2023-10-25,0.0010287766780271606,0.00470405439120887,-0.0036752777131817058,-0.01724683723589764
2023-10-26,0.0053069902387059146,0.001477199444480725,0.0038297907942251887,-0.0114158518991924
2023-10-27,-0.0014506619065194318,-0.0016612504742501352,0.00021058856773070386,-0.02865237772519196
2023-10-30,-0.000923626419883554,-0.0007501391172312498,-0.00017348730265230334,-0.037062781885269805
2023-10-31,-0.002488288029280277,-0.0019542338942050326,-0.0005340541350752487,0.02456935163856545
2023-11-01,-0.0027160723477695843,-0.002936657456187989,0.00022058510841840503,0.07032745782414095
2023-11-02,0.0016102750084203308,0.0008902946899420449,0.0007199803184782863,0.10027993048962833
2023-11-03,0.0048313589166354195,0.0006583585739079328,0.004173000342727488,0.14650951829068987
2023-11-06,0.007617244365899363,0.0017848720135753005,0.005832372352324061,0.016600166944437018
2023-11-07,0.015535356380671656,0.0021278317509614876,0.013407524629710173,-0.057509724451202934
2023-11-08,0.0010964687505296807,0.0003780711392509656,0.0007183976112787142,0.03400779474738832
2023-11-09,-0.003896168003803171,-0.0007209090147162582,-0.0031752589890869133,0.05701617305462066
2023-11-10,0.0022554555421646603,0.0013413559093210202,0.0009140996328436399,0.1227092607077886
2023-11-13,0.004669885564366666,0.0022745497039179663,0.0023953358604487038,0.08398615917612502
2023-11-14,0.009257147459295782,0.002635341274513545,0.006621806184782239,0.012547791984602317
2023-11-15,0.006606209974353452,0.002426787246161367,0.004179422728192085,-0.010384957519307085
2023-11-16,0.0008698197944059698,0.0010822831231125096,-0.0002124633287065407,-0.04669425041573412
2023-11-17,-0.000711749403211943,-0.0005146131787796662,-0.00019713622443227722,-0.07704241226304707
2023-11-20,-0.0031884489433274548,-0.0006271520107151169,-0.0025612969326123374,-0.10679016492416916
2023-11-21,-0.005329786968098067,-0.0021766478383520894,-0.0031531391297459806,-0.043436932716654976
2023-11-22,-0.007363347448469698,-0.002306397517586285,-0.0050569499308834144,-0.06483186010212155
2023-11-23,-0.0030548193535275456,-0.000908655876548873,-0.002146163476978675,0.11948980529979275
2023-11-24,-0.004316776730330095,0.00014960573007999356,-0.0044663824604100864,0.06032143140749309
2023-11-27,0.007945180023746586,0.0037539177638063383,0.0041912622599402476,-0.10327116748835757
2023-11-28,0.0038297896768758437,0.0006293525243002409,0.003200437152575602,0.04638556155982255
2023-11-29,-0.007095355189382134,-0.0026314348626622457,-0.004463920326719889,-0.015636195057204094
2023-11-30,0.003286669964199839,0.0010506638191533427,0.002236006145046496,0.010272471036475947
2023-12-01,-0.0010672187758981417,0.000584402353317505,-0.0016516211292156475,0.14328962830495548
2023-12-04,0.0007629907067982557,-4.0347851801635776e-05,0.0008033385585998927,0.04498913347321516
2023-12-05,0.010731870046324575,0.002178594496100003,0.008553275550224573,-0.07081451599257049
2023-12-06,0.0034822901296749113,0.0003360378725752594,0.0031462522570996493,-0.009924333199495844
2023-12-07,-0.004701602649038459,-0.0026004727869082334,-0.0021011298621302268,-0.09383789280766312
2023-12-08,-0.0006727600492670914,-0.0017545087993255163,0.001081748750058425,0.07928640995871382
2023-12-11,-0.005788053852130821,-0.0019086749724614343,-0.003879378879669388,0.08242040584846289
2023-12-12,0.006991789720950281,0.0007376249255937259,0.006254164795356565,0.15134601350265545
2023-12-13,0.005537935248373213,0.00280285422652566,0.0027350810218475553,-0.14555695117557263
2023-12-14,0.0107129896120387,0.0040218811941696506,0.006691108417869053,0.03759847446249878
2023-12-15,-0.009012458322877394,-0.004233303363876052,-0.004779154959001341,0.11507912762283856
2023-12-18,0.002297234158907642,-0.00096208503376604,0.003259319192673681,0.1357555454162641
2023-12-19,0.007123819371279587,0.002709898781113557,0.004413920590166029,-0.040274829042107475
2023-12-20,0.009474271897494661,0.0025664973177945347,0.006907774579700127,0.17467850410720617
2023-12-21,-0.002842706195181807,-0.0008850404673274234,-0.0019576657278543817,0.1441009760475576
2023-12-22,0.014044777092907008,0.005516413250431319,0.008528363842475684,-0.18377737268772626
2023-12-25,0.01110917955612572,0.0022647592216709722,0.008844420334454747,-0.1443735823703805
2023-12-26,-0.01252799164606071,-0.003966592216522041,-0.00856139942953867,-0.18492618211495235
2023-12-27,-0.00865034417928324,-0.002023527683029998,-0.006626816496253243,0.14119622413751903
2023-12-28,-0.010500209010102596,-0.00405787332572664,-0.006442335684375956,0.14260014093103052
2023-12-29,0.00981223015510039,0.0025787450494540107,0.007233485105646382,-0.3216322947146342
2024-01-01,0.0088649953406385,0.001552007620640349,0.007312987719998151,-0.05534999744210646
2024-01-02,-0.0188807418632276,-0.005606907133564605,-0.013273834729662995,-0.06315536931526977
2024-01-03,-0.00299010894169325,-0.000443761155712583,-0.0025463477859806673,0.21868947096877958
2024-01-04,-0.0031924395954713684,-0.0020663166882487075,-0.0011261229072226618,0.016256384855733323
2024-01-05,0.012523337949469157,0.005876813474308689,0.006646524475160466,0.022990299347251116
2024-01-08,0.0008619109825019945,0.0009679863566669058,-0.00010607537416491234,0.11427663874652194
2024-01-09,0.0013838712365861466,0.0023219984186507556,-0.000938127182064609,0.08006836858788366
2024-01-10,0.006404175956284336,0.003897116604481208,0.002507059351803129,-0.09707867260960405
2024-01-11,0.004392396842118,0.0021081229996510274,0.0022842738424669723,0.18952480170566818
2024-01-12,-0.006465710430856267,-0.001795271401886081,-0.004670439028970184,-0.2426372023634477
2024-01-15,0.014468352420180557,0.004551477348501482,0.009916875071679074,-0.1916804071929479
2024-01-16,-0.021284072818424357,-0.011469027087348873,-0.009815045731075483,-0.06089380008239652
2024-01-17,-0.01234924410834486,-0.0036068199578027198,-0.008742424150542136,-0.16963410480804794
2024-01-18,-0.003316117005408805,-0.0004759486987781555,-0.0028401683066306485,-0.049723291528617736
2024-01-19,-0.011267827567481861,-0.005782927747365628,-0.00548489982011623,-0.14313841886349324
2024-01-22,-0.003129292127542077,0.0011075988354327083,-0.004236890962974785,-0.11498936349066766
2024-01-23,-0.008550146621491898,-0.0036906257974767456,-0.004859520824015152,0.05041816920285904
2024-01-24,-0.007219048120947562,-0.003559627359270078,-0.003659420761677485,-0.08860917901675745
2024-01-25,0.003780321236781662,0.0007892485956979816,0.0029910726410836796,-0.012231126612283262
2024-01-26,-0.006392060943342091,-0.0017070434035861889,-0.004685017539755901,-0.023446873251858256
2024-01-29,-0.0008889134188924327,-0.0018705101846819491,0.0009815967657895164,0.042025275113074426
2024-01-30,-0.0015566920878560542,0.004008650321041023,-0.00556534240889708,0.024129225361785925
2024-01-31,0.002762966860570062,0.002595649956653975,0.00016731690391608676,-0.00955514491526824
2024-02-01,0.001697777504955636,0.004429785349835635,-0.002732007844879999,0.03192727684429544
2024-02-02,-0.0006555993108328839,-0.0021427613808692432,0.0014871620700363593,0.02160759459730443
2024-02-05,0.0019363894187594544,-0.00033677063419598665,0.00227316005295544,-0.02591184078749259
2024-02-06,0.0012483820683152366,0.000735945468042544,0.0005124366002726925,-0.045382728558783475
2024-02-07,-0.001812461856066857,-0.0031857575241849376,0.0013732956681180805,0.07873565783445902
2024-02-08,-0.003658593034106168,-0.007914076846882615,0.004255483812776444,0.15933153136364286
2024-02-09,0.005584885377137344,0.0014225452752288305,0.004162340101908515,-0.05598477153828143
2024-02-12,0.0111895186765168,0.006699697497108569,0.004489821179408232,-0.010754876018534372
2024-02-13,-0.0034691315080177805,0.001057744085403549,-0.004526875593421331,0.04732592199822387
2024-02-14,-0.0007321250922926218,0.003668578657405785,-0.004400703749698406,-0.034429073425444
2024-02-15,0.002973276192190716,0.0003809712937764458,0.002592304898414272,-0.08341661116432562
2024-02-16,-0.0020710662997454735,-0.002806791865176231,0.0007357255654307582,-0.006621604013726846
2024-02-19,-0.004444541138283625,-0.001989624674520617,-0.0024549164637630086,0.10366020219186974
2024-02-20,-0.0004177922992917268,8.008784404302683e-05,-0.0004978801433347538,-0.06569846540168817
2024-02-21,0.006794090268128711,0.00017583789845160638,0.006618252369677101,0.03353050145943987
2024-02-22,-0.003940906302158212,-0.0006705628483423785,-0.003270343453815834,0.02703876086530553
2024-02-23,0.0018831726091738527,-0.0007004789549542199,0.002583651564128073,0.10374383718153733
2024-02-26,0.0013498688749003195,0.0010253597576472978,0.0003245091172530217,0.12325584800483722
2024-02-27,0.005487016169232503,0.0016861478287801736,0.0038008683404523284,0.16583417237344616
2024-02-28,0.007786416510852561,0.0030353067149909473,0.004751109795861613,0.10755047087434914
2024-02-29,0.010852941631094685,0.0012805361011660951,0.009572405529928588,0.25506056636238655
2024-03-01,0.007607385087443825,0.0026704567912424187,0.004936928296201406,-0.04029049443649935
2024-03-04,0.017651032517910996,0.005178777816035021,0.012472254701875973,0.07973262479231008
2024-03-05,-0.002073717119776986,-0.001902461008639219,-0.0001712561111377681,0.04092406878106508
2024-03-06,0.0046365332367072866,0.000644785598708556,0.003991747637998729,-0.07302947305842301
2024-03-07,0.0023015677769535406,0.0016170841094905845,0.0006844836674629543,0.22756369028694937
2024-03-08,-0.0042247427250292945,-0.0014382876634832092,-0.0027864550615460853,-0.05623135500602497
2024-03-11,0.012353650572737015,0.005323458135888795,0.007030192436848219,0.1762319196148204
2024-03-12,-0.00270436536406474,-0.00131848387786485,-0.0013858814861998896,0.2000637298132152
2024-03-13,0.010228713173397956,0.004107733404738698,0.0061209797686592555,0.2074212241462074
2024-03-14,0.011921941762453273,0.006797238397765221,0.005124703364688052,-0.1962639639102148
2024-03-15,0.025085052631128993,0.011840555529054513,0.013244497102074485,-0.13653316354330214
2024-03-18,-0.014315998782601475,-0.006466375243248161,-0.007849623539353315,-0.1023991679622917
2024-03-19,-0.008095826800464315,-0.001692783548797424,-0.006403043251666886,0.017623390886113578
2024-03-20,-0.006900144023501259,-0.0031025429620405286,-0.00379760106146073,0.05311129733928045
2024-03-21,0.0009541583789749204,0.0013683710716600392,-0.0004142126926851182,0.2238384621685835
2024-03-22,0.003116917972188363,0.0017019069661413596,0.001415011006047004,0.049627875546238535
2024-03-25,0.011788328508434209,0.005339190585325667,0.006449137923108542,-0.09913292046435432
2024-03-26,0.002639532609341041,-0.0006785466586774948,0.0033180792680185347,-0.14521675256374203
2024-03-27,-0.005959224806201171,-0.0031486295259704,-0.002810595280230771,0.20657533998777203
2024-03-28,-0.009204554136673745,-0.0026275875719422286,-0.006576966564731522,-0.22219759752608287
2024-03-29,0.013645566877201445,0.0051550217224427194,0.008490545154758724,0.2625552873294269
2024-04-01,-0.014988172738118718,-0.006356296501883759,-0.008631876236234959,-0.07891124030946449
2024-04-02,0.016573735122349033,0.006639322747584841,0.009934412374764192,0.07110769856561287
2024-04-03,-0.004802997377513419,-0.003157308436720002,-0.001645688940793416,-0.09493710684551002
2024-04-04,0.005427653327439276,0.0036105699796916413,0.0018170833477476316,-0.11212598956936104
2024-04-05,-0.006623044102376091,-0.003782458291210758,-0.0028405858111653338,-0.3277683377640798
2024-04-08,-0.007883383347464882,-0.003650042302826063,-0.0042333410446388185,-0.07207399527569146
2024-04-09,-0.0197177140989044,-0.008278420884301998,-0.011439293214602402,-0.10072137695122999
2024-04-10,-0.0036399030895310023,-0.00240187033923896,-0.001238032750292042,0.22790792956385783
2024-04-11,-0.005322717662175891,-0.004408149521765159,-0.0009145681404107327,-0.19004933747387517
2024-04-12,0.011505546592470448,0.004553033282195456,0.006952513310274994,0.04676897058847039
2024-04-15,-0.009968019933203526,-0.0040488150489269,-0.005919204884276623,-0.14217544278161803
2024-04-16,0.0024533879897220725,0.0012432070810618797,0.0012101809086601926,0.13652289649636504
2024-04-17,-0.006526676854746647,-0.0015421205782100093,-0.0049845562765366384,-0.016707451513877
2024-04-18,0.007259157286852437,0.0031618289267744317,0.004097328360078006,-0.0150186128480147
2024-04-19,-0.0008621214061619621,0.0008831723812630652,-0.0017452937874250264,-0.023686861575974737
2024-04-22,-0.0008674825324517414,-0.00046322368376902623,-0.00040425884868271547,0.057592112412697676
2024-04-23,-0.0013484812237782148,-1.9633243595020694e-05,-0.001328847980183196,0.07134459923717212
2024-04-24,0.0029916461251732742,0.0017500042848047554,0.001241641840368519,0.0736970015436762
2024-04-25,0.003738825416736263,0.0018501463873197808,0.0018886790294164821,-0.09417686551081428
2024-04-26,0.0041659406700420495,0.001539558971381123,0.0026263816986609265,0.03708856592498494
2024-04-29,-0.005091643789046883,-0.002618535238897218,-0.0024731085501496653,-0.04844051264800396
2024-04-30,0.002112472563610566,0.0007622109709815982,0.0013502615926289676,-0.08300351173609498
2024-05-01,-0.0026805709014211415,-0.001254191607589543,-0.001426379293831599,0.07025575199619936
2024-05-02,-0.005314976972320756,-0.0014659953237992733,-0.003848981648521481,0.043548633979032726
2024-05-03,0.004151639357613432,0.0016955083032108315,0.002456131054402599,-0.0019370962124710318
2024-05-06,0.0025751105887551647,0.0022859774092832148,0.00028913317947194903,-0.08802500370217489
2024-05-07,-0.00013532918997255137,-0.0008655443399536063,0.0007302151499810547,0.08520337536026903
2024-05-08,-0.005046976192110684,-0.002560549211256571,-0.0024864269808541136,-0.039255040168672456
2024-05-09,0.004891273385276496,0.000387063144385656,0.004504210240890839,0.07667404119341156
2024-05-10,-0.0021437069499285304,-0.0012493951306252644,-0.0008943118193032677,0.04394723651171599
2024-05-13,0.004191082153392225,0.0013410945053294173,0.0028499876480628083,0.039018749136302606
2024-05-14,0.002034726704365935,0.0017035857737563173,0.0003311409306096186,0.025585312805539225
2024-05-15,0.0020239181356121487,0.0006952372045708484,0.0013286809310413012,0.023912386147495183
2024-05-16,0.0016225451299470305,0.0001482220346751533,0.0014743230952718837,-0.0006458985275872251
2024-05-17,0.0012742514711463597,0.001274493007566868,-2.4153642050848967e-07,-0.05895852586622408
2024-05-20,-3.75304852699846e-05,-0.00025419564381017144,0.00021666515854018673,0.12689403230244767
2024-05-21,-0.0030618918333199206,-0.0014463181952799262,-0.0016155736380399945,0.0589341100820263
2024-05-22,0.007293336541090237,0.0018557511061147204,0.005437585434975517,-0.08771257091973385
2024-05-23,0.0034513811764741264,0.0014815402429225154,0.0019698409335516106,-0.10408495966694047
2024-05-24,-0.0049765006855818986,-0.0012299237259928326,-0.003746576959589066,-0.03235267035244838
2024-05-27,-0.006414888336475103,-0.0016829917377522534,-0.004731896598722848,0.05892393064073216
2024-05-28,-0.0017202951358670849,0.00039763629953925607,-0.002117931435406341,0.0016314384991563892
2024-05-29,0.002914728265530309,0.0012649738190907654,0.0016497544464395427,-0.052081408948240863
2024-05-30,7.688613413953278e-05,0.0005639764304622282,-0.00048709029632269547,0.014284087770112064
2024-05-31,-0.0026540957716568725,-6.271299601901675e-05,-0.0025913827756378557,0.06824763424789518
2024-06-03,0.0007519391773459097,0.0001816783836417384,0.0005702607937041709,-0.013859541121279193
2024-06-04,0.003897187863671198,0.0010259228197139572,0.002871265043957241,0.06724118898871814
2024-06-05,-0.0006725214952186482,-0.00039941207741048604,-0.0002731094178081636,0.02953361437494718
2024-06-06,0.0034052653413734276,0.002229343195461169,0.0011759221459122574,0.09194484981349234
2024-06-07,0.0014931936040443589,0.0006719445900131588,0.0008212490140311994,0.02828626799579116
2024-06-10,0.004652281892677766,0.003321160475436664,0.0013311214172411021,0.09311184485298105
2024-06-11,0.0013449883783383304,0.00020238044364076968,0.001142607934697561,0.01808128676899788
2024-06-12,0.0046273335277627215,0.0019085379320496901,0.002718795595713032,-0.010930451387460925
2024-06-13,0.0010199467828315937,0.0024130292756708548,-0.001393082492839261,0.024916599214569114
2024-06-14,-0.0006565272204841189,-0.0017043558502833308,0.0010478286297992117,-0.12265596996587168
2024-06-17,0.0016279856194543582,0.0021338309381602064,-0.0005058453187058477,0.022485049843519463
2024-06-18,-0.006597950321965756,-0.0026147218535278816,-0.003983228468437875,-0.025442470494119507
2024-06-19,0.001077362681524495,0.002138978407078786,-0.0010616157255542913,0.04488600679010099
2024-06-20,-0.0011919529738948242,-0.000327690204545681,-0.0008642627693491434,0.14216642853304665
2024-06-21,0.0027203809031225816,0.0019201614543291994,0.0008002194487933822,0.010426965671101037
2024-06-24,0.00952834252584696,0.005255008274089872,0.00427333425175709,-0.03818119268810599
2024-06-25,0.0006026459789950147,-0.0004758999647955144,0.0010785459437905294,-0.014021322419638766
2024-06-26,-0.001958173070592208,-0.0005924319833584563,-0.00136574108723375,-0.05838135749680492
2024-06-27,-0.0007321014754513847,-0.0009768090446104316,0.00024470756915904703,0.05158111293075248
2024-06-28,-0.003490534730599874,-0.0008080475822562169,-0.0026824871483436567,0.028716252537119315
2024-07-01,0.0031748906534044435,0.002783494961713964,0.000391395691690478,-0.05243431642673033
2024-07-02,0.001612353926183161,-0.0006856835091048055,0.0022980374352879656,0.03041209602290559
2024-07-03,-0.00292011961839138,-0.001935073943949128,-0.0009850456744422524,-0.0741439003177342
2024-07-04,0.0016871862614943158,3.3986059822884666e-05,0.0016532002016714314,-0.026012532112335843
2024-07-05,-0.0037780110163738757,-0.0009879392301950837,-0.002790071786178792,-0.057453724211639044
2024-07-08,-0.001255148606804759,-0.0011056468616763475,-0.00014950174512841276,0.01410006611974431
2024-07-09,-0.003032158358739432,-0.0006820190624441088,-0.0023501392962953236,0.005386822827753053
2024-07-10,0.0007689137991418779,-0.0009824157097235381,0.0017513295088654158,-0.04478836978575741
2024-07-11,0.0003002229132674552,0.000623526723237583,-0.00032330380997012764,0.01626143495847877
2024-07-12,-0.0026492134127102055,2.44099573339894e-05,-0.0026736233700441966,0.007827699269787288
2024-07-15,0.000900105123171809,0.0004745587887060685,0.0004255463344657402,-0.1012776213784911
2024-07-16,0.0005160404170155431,0.003066977908354534,-0.0025509374913389917,0.006615314580482256
2024-07-17,-0.006239256115731232,-0.00297105207536821,-0.003268204040363022,-0.09542202543981888
2024-07-18,0.000365112826166851,0.001830530116369456,-0.0014654172902026051,-0.02291799252005924
2024-07-19,-0.006143327686192595,-0.0012020309355579364,-0.004941296750634658,0.07775305075913409
2024-07-22,-0.0015355868892476,-0.0018336051311588783,0.0002980182419112789,0.012404238835507638
2024-07-23,0.004799507934855917,0.0015098421031554538,0.003289665831700463,0.023606768907006775
2024-07-24,0.0007598472720635669,-0.0010166543213366165,0.0017765015934001831,0.037262906290013664
2024-07-25,0.0013023317457593107,0.002235504247313752,-0.0009331725015544415,0.020054687877881172
2024-07-26,0.00248458191145008,0.0023834707964459686,0.00010111111500411135,-0.008659050078928511
2024-07-29,0.0012649398319803061,-0.000727413024212027,0.0019923528561923334,0.08525081464826735
2024-07-30,-0.0005816551905646367,-0.001598556271891382,0.0010169010813267446,0.00211728275960317
2024-07-31,0.005815882978893491,0.006837819284072144,-0.0010219363051786534,-0.03534391811510694
2024-08-01,0.00015062591104351715,0.0007721188146525219,-0.0006214929036090049,-0.023098903533959284
2024-08-02,-0.002491098190519713,0.00012170199952665772,-0.002612800190046373,0.043418148975562905
2024-08-05,-0.0017451237215459494,-0.005066546711987249,0.0033214229904412994,-0.06152991766137537
2024-08-06,0.0029009112155869597,0.0008354175556633606,0.0020654936599236,0.08626776355422287
2024-08-07,-0.004462330468320208,-0.007595895565203296,0.0031335650968830897,-0.061569606027440604
2024-08-08,0.004984927296431351,0.004968122792023653,1.6804504407694904e-05,0.05793592023558382
2024-08-09,-0.003887442704167736,-0.002774989779357785,-0.0011124529248099507,0.0661274326921998
2024-08-12,0.0037250089928833755,-0.0001366128968835565,0.003861621889766931,0.08064552213279436
2024-08-13,0.0036397081777827037,0.0016115300310112221,0.0020281781467714815,-0.09239958200838656
2024-08-14,0.004951951211255412,0.004631406451050113,0.00032054476020529875,0.041779442882653235
2024-08-15,-0.005773470109558432,-0.003038804813520272,-0.00273466529603816,0.0019476970697993082
2024-08-16,0.002420807565985335,7.682625840744312e-05,0.0023439813075778917,0.030854692286813697
2024-08-19,0.0001265273298160876,8.216135512819148e-05,4.43659746878957e-05,-0.0990189001940206
2024-08-20,0.002123789480988248,0.0011621971045419886,0.000961592376446259,0.0858811535301186
2024-08-21,-0.006394028249950804,-0.003454513847726104,-0.0029395144022246987,-0.06714663857792111
2024-08-22,0.005913901471948177,0.0019032792792604892,0.004010622192687688,0.09511483773686664
2024-08-23,-0.0043351923160584276,-0.0016217734252738031,-0.002713418890784624,-0.009291504322225632
2024-08-26,0.006688756973780732,0.002473760085912522,0.004214996887868213,-0.000863469245167687
2024-08-27,-0.0005537996757909239,3.151319228838351e-05,-0.0005853128680793074,0.13277582883246783
2024-08-28,-5.0803224909335386e-05,0.0008922953935777463,-0.0009430986184870817,0.026410901363115368
2024-08-29,0.008879194183797151,0.0012443758692166074,0.007634818314580544,-0.03571912552011144
2024-08-30,0.001557319493460625,0.002185283204175357,-0.0006279637107147341,-0.14823705618323774
2024-09-02,-0.0020986307203815315,-0.0006220505395009169,-0.001476580180880616,0.15174940763678813
2024-09-03,-0.010837492842838562,-0.0041744881559075825,-0.006663004686930979,-0.10547941978613745
2024-09-04,0.011355712625201821,0.00344721303228482,0.007908499592917001,-0.014535027771852393
2024-09-05,-0.0072036651114593085,-0.0038568475663444306,-0.003346817545114878,-0.0005153955129646096
2024-09-06,-0.001059074141248737,-0.0027314104124081477,0.0016723362711594109,0.07878058512622987
2024-09-09,-2.8573444338004378e-05,0.0016586363818572696,-0.001687209826195274,0.1006081968540699
2024-09-10,0.004175575654547748,0.0011576371456675158,0.0030179385088802326,0.058101759539353585
2024-09-11,0.006827148979819633,-0.0010044834094543736,0.007831632389274003,0.03750350978385747
2024-09-12,0.0033894904435728644,0.0032101041807053293,0.00017938626286753342,-0.017409266580419806
2024-09-13,0.0019027419530645547,0.0024764143746028398,-0.0005736724215382859,0.1027320158791993
2024-09-16,-0.0010046916933257554,-0.0020360328526545235,0.001031341159328768,0.013723767355135598
2024-09-17,0.006197385662776705,0.0025685645285404477,0.003628821134236257,0.004892560445882784
2024-09-18,0.0008754003582597256,0.0018867998489970222,-0.001011399490737298,-0.04716702135098043
2024-09-19,0.00031373205382915527,0.0028463613592569588,-0.0025326293054278035,0.006086435436735918
2024-09-20,-0.0028676120936414174,-0.0015056969943279697,-0.0013619150993134477,0.08859636964104671
2024-09-23,0.0003685499317528434,0.004462837961246061,-0.004094288029493217,-0.1345800178505426
2024-09-24,0.005863780716151019,0.002500194862197805,0.0033635858539532108,0.027883009714701944
2024-09-25,-0.009030782050270502,-0.0054545572006762305,-0.0035762248495942728,0.07947068856026107
2024-09-26,0.0017196709148775903,0.0002891099148411031,0.0014305610000364868,0.02304282739587042
2024-09-27,0.004858869019349265,0.0008483756429474888,0.004010493376401777,0.04610131141811917
2024-09-30,0.0013108102020834753,0.001717084174861926,-0.0004062739727784502,0.1563347088817873
2024-10-01,0.0028772827432082433,0.0031251819515550065,-0.00024789920834676323,0.04872177462767137
2024-10-02,0.009834579069877393,0.005454760055517973,0.004379819014359421,-0.07276073739357061
2024-10-03,0.002971536349503016,0.0008011585227177898,0.002170377826785224,0.1420379119950453
2024-10-04,-0.004182923319104581,-0.0016196128647649037,-0.002563310454339678,-0.018229716615610108
2024-10-07,0.008172556072870193,0.0026997469451907497,0.005472809127679445,0.06799885154015106
2024-10-08,-0.0011040939788929584,0.0014849080499904996,-0.002589002028883458,-0.029366075648734998
2024-10-09,0.004195689497996216,0.0007874610926682886,0.003408228405327926,0.029739434474313424
2024-10-10,-0.002011593991102541,3.100030304215712e-05,-0.002042594294144698,0.08348657561657022
2024-10-11,0.0019968693292526157,-0.0014277077061769436,0.003424577035429562,0.0736890698580969
2024-10-14,0.005715483656133136,0.00356603063413202,0.0021494530220011153,-0.05360183115402961
2024-10-15,0.004426616109434699,0.0020691869694790376,0.002357429139955661,-0.07434542238433674
2024-10-16,-0.003831690764046795,-0.0036853750697738996,-0.0001463156942728902,-0.017662436409000334
2024-10-17,-0.005204708994607082,-0.003252494428252947,-0.0019522145663541362,-0.009003893999671825
2024-10-18,-0.0009624536734804736,0.0018356959153159238,-0.002798149588796397,0.07566955576455153
2024-10-21,-0.0005783645467496392,0.00019298027949400643,-0.0007713448262436455,0.02521371475460834
2024-10-22,0.004086742021681885,0.0012970168482454479,0.0027897251734364382,-0.02774420827369027
2024-10-23,0.001347944623276153,0.0011897450343089748,0.00015819958896717834,0.05298744059944191
2024-10-24,-0.001645445222920154,-0.00046577818330342975,-0.0011796670396167245,0.01333632982037048
2024-10-25,0.0027603883756129634,0.0009814526654695517,0.0017789357101434121,-0.011631787754793784
2024-10-28,0.0008340476579405614,-0.0016855180591385296,0.00251956571707909,-0.1820577983329157
2024-10-29,-0.0006544760447750422,-0.0008689405174895264,0.0002144644727144849,-0.0762288757416585
2024-10-30,-0.010803252941732332,-0.0034939057070433877,-0.007309347234688946,-0.01654777820246471
2024-10-31,-0.004612882068793456,-0.0005439132394663825,-0.004068968829327075,0.05771960855270878
2024-11-01,-0.000958835825652198,-0.0014994164271784792,0.0005405806015262807,0.011116502997085907
2024-11-04,0.003169681580879659,0.003266466164716185,-9.678458383652463e-05,-0.13430131283680805
2024-11-05,0.0007197342708434532,-0.0010952817163824777,0.0018150159872259326,-0.02269043910867321
2024-11-06,-0.008777383771339693,-0.0021617985722276263,-0.006615585199112067,0.10551630022621883
2024-11-07,-0.0014411269591247827,-0.00034333793686589127,-0.0010977890222588925,0.1389346657709024
2024-11-08,0.00695049863670702,0.0014342848784523743,0.0055162137582546455,0.06857782095861999
2024-11-11,0.008836433405537194,0.006078375320817392,0.0027580580847198014,-0.14002602348656623
2024-11-12,0.0037930811587430237,0.0005004297999774943,0.003292651358765529,0.07003600797785917
2024-11-13,-0.007017855307887442,-0.0028010011030162735,-0.004216854204871168,0.08026820327994091
2024-11-14,0.004175492713300283,0.004249892341533404,-7.43996282331202e-05,-0.06429874143523726
2024-11-15,0.004639148065054079,0.002044244885406078,0.0025949031796480013,-0.012896860323101441
2024-11-18,-0.00345210566834146,0.0009774326212765479,-0.00442953828961801,-0.07851603779678522
2024-11-19,-0.0006578062584401217,0.0003857875812495566,-0.001043593839689677,0.03491955648546664
2024-11-20,-0.004280220269611235,-0.00039395417873684625,-0.0038862660908743885,0.08131648285452936
2024-11-21,0.0021603563392180794,0.0007629229203065533,0.001397433418911527,0.007638896258412507
2024-11-22,0.0046108908107151915,0.0022774908911050136,0.0023333999196101783,-0.03429140376932089
2024-11-25,0.000440479127129621,-0.0003885124929509367,0.0008289916200805588,-0.06881639451426044
2024-11-26,-0.0023905095728962147,0.00021921545182491953,-0.002609725024721135,0.01743203738339784
2024-11-27,-0.00410761096442567,0.00012591593620075135,-0.0042335269006264185,-0.13611551381877973
2024-11-28,0.0011111489065721084,0.0034302211777083925,-0.002319072271136284,-0.09071106783845537
2024-11-29,-0.009093001031950786,-0.002220941059634114,-0.006872059972316671,-0.09555782977718662
2024-12-02,-0.00596430236157716,-0.0012286634835345488,-0.0047356388780426095,0.015565976099155278
2024-12-03,-0.008363318209136968,-5.983425461646152e-06,-0.008357334783675324,-0.024539602800906928
2024-12-04,0.0012163817109867112,-0.003206158811655183,0.004422540522641896,0.1668046404489922
2024-12-05,-0.0018790387447606876,-0.0021130712002618173,0.00023403245550112934,0.14919630867505998
2024-12-06,0.01297154508479375,0.0054062492566728584,0.00756529582812089,0.04690061432575216
2024-12-09,0.011181660887534705,0.0056844680631354776,0.0054971928243992265,0.009408033042454828
2024-12-10,0.0033986762766276568,9.057378193984451e-05,0.003308102494687812,0.054811225025388426
2024-12-11,0.0006134666903565335,-0.003084523726023981,0.003697990416380515,-0.026509070148970918
2024-12-12,0.0035943410102227125,0.002380451071241513,0.0012138899389811993,0.0969156670717345
2024-12-13,-0.0016831087344220043,0.000281684755768178,-0.001964793490190183,0.006513711003781229
2024-12-16,0.006258696504695001,0.007367450342428318,-0.0011087538377333155,0.11108370491341908
2024-12-17,0.0005724170955517683,-0.0021441367820116807,0.0027165538775634473,0.01951578149556361
2024-12-18,0.007318003279153867,0.004563908278233775,0.0027540950009200924,0.09172084301605643
2024-12-19,0.0014569343666238194,0.0009791453167991035,0.0004777890498247161,-0.04234543824292515
2024-12-20,0.007304230153904598,0.001061855418561409,0.006242374735343189,-0.17541753200392732
2024-12-23,-0.003172722128919759,-0.004353790522453046,0.0011810683935332862,0.031249104475969423
2024-12-24,-0.014085418141515095,-0.008868287657745468,-0.005217130483769625,-0.05805454913475607
2024-12-25,0.0020400964482197746,0.006204167320467493,-0.004164070872247717,-0.09206544768662044
2024-12-26,-0.004004192481507815,-0.003288718496489624,-0.0007154739850181897,-0.022744905599775312
2024-12-27,-0.0062686797007763615,-0.005555732023579528,-0.0007129476771968336,0.05425056078995875
2024-12-30,-0.001353710371427759,-0.0017493625854663258,0.00039565221403856717,0.0319716777389304
2024-12-31,0.0033421222770529126,0.0044968403164506385,-0.0011547180393977272,0.13166720309429766
2025-01-01,0.0018873245138858815,-0.0012252612241709685,0.003112585738056851,0.04214406745064197
2025-01-02,0.0075040421917947795,0.002642231658566335,0.0048618105332284434,-0.06530589635214532
2025-01-03,0.0027718465574887337,0.00317323620409161,-0.00040138964660287594,0.049336266729648415
2025-01-06,-0.003586277358395976,-0.004365597565946131,0.0007793202075501559,0.04762176596546889
2025-01-07,0.0037327393285143673,0.004415493298212662,-0.0006827539696982951,0.041834221012436695
2025-01-08,0.0030016739494892228,0.0027114546251814295,0.00029021932430779544,0.09160345220898711
2025-01-09,0.002782478971996348,0.0017641232904536351,0.0010183556815427143,0.17573310113269985
2025-01-10,0.005424323712905339,0.003756982808486473,0.0016673409044188634,0.05710206746012898
2025-01-13,0.014493891863238122,0.010005625854299644,0.004488266008938476,-0.028912171312128723
2025-01-14,0.005039283384912845,3.911549390937796e-06,0.005035371835521912,-0.04500668434297302
2025-01-15,-0.001769174546618072,0.0005208401225696808,-0.0022900146691877533,0.03359128141486646
2025-01-16,-0.0029489084568304763,-0.0022163015681465822,-0.0007326068886838941,0.06576732323642036
2025-01-17,0.0022254948170383013,-3.27339057161289e-05,0.0022582287227544302,-0.06346234551497405
2025-01-20,0.004307695958294322,0.002054302044801241,0.0022533939134930818,0.08609327511754834
2025-01-21,-0.0037633198664118682,-0.002723003188444496,-0.0010403166779673727,0.05910968765834092
2025-01-22,0.005217520155097994,0.00302173430194403,0.002195785853153964,0.10767469659179263
2025-01-23,0.00380302849192879,0.0019846824724566296,0.0018183460194721606,-0.15456450036859493
2025-01-24,0.007275655279922884,-0.0001059684722738239,0.007381623752196706,-0.027505150304562423
2025-01-27,-0.009580320948798276,-0.006371286162058442,-0.003209034786739835,-0.0017342911427568046
2025-01-28,-0.0017057725653519512,-0.00405056369260837,0.002344791127256423,0.014632933148114115
2025-01-29,-0.00011305538819778352,0.00041555767893957686,-0.0005286130671373615,0.23196877701832497
2025-01-30,0.0009351760288861611,-0.001563828171047825,0.0024990041999339886,-0.012947167344179219
2025-01-31,0.015426878839625801,0.008517003784900872,0.006909875054724929,
2025-02-03,-0.0010237488792755227,0.001126904673875613,-0.0021506535531511314,
