,ls_ret,long_excess_ret,short_excess_ret,ic
2017-01-02,0.0037320096192941313,0.0029303773936574917,0.0008016322256366396,
2017-01-03,-0.0026257353043551983,-0.0026083869284653604,-1.734837588983785e-05,
2017-01-04,0.0,-0.0007196843154583119,0.0007196843154583119,
2017-01-05,0.0,0.005558473995441864,-0.005558473995441864,
2017-01-06,0.0,0.05334259216542493,-0.05334259216542493,
2017-01-09,0.0,-0.00938380860580308,0.00938380860580308,
2017-01-10,0.0,-0.013614449122245364,0.013614449122245364,
2017-01-11,0.0,-0.00506555465604584,0.00506555465604584,
2017-01-12,0.0,-0.0007125451721439271,0.0007125451721439271,
2017-01-13,0.0,-0.007451233685208857,0.007451233685208857,
2017-01-16,0.0,0.001714002518698833,-0.001714002518698833,
2017-01-17,0.0,-0.0016155253005663394,0.0016155253005663394,
2017-01-18,0.0,-0.015205808471721694,0.015205808471721694,
2017-01-19,0.0,0.00017331553034058384,-0.00017331553034058384,
2017-01-20,0.0,-0.008272780592958306,0.008272780592958306,
2017-01-23,0.0,-0.0007744202563037984,0.0007744202563037984,
2017-01-24,0.0,0.009126295750448392,-0.009126295750448392,
2017-01-25,0.0,-0.004671029718244528,0.004671029718244528,
2017-01-26,0.0,0.004880687375635029,-0.004880687375635029,
2017-01-27,0.0,-0.007777662581171245,0.007777662581171245,
2017-01-30,0.0,-0.0026859737155191174,0.0026859737155191174,
2017-01-31,0.0,-0.0034385151887505105,0.0034385151887505105,
2017-02-01,0.0,0.007756898145106608,-0.007756898145106608,
2017-02-02,0.0,0.01588489846354601,-0.01588489846354601,
2017-02-03,0.0,-0.020801350856422655,0.020801350856422655,
2017-02-06,0.0,-0.004387178213474509,0.004387178213474509,
2017-02-07,0.0,-0.006483392099950393,0.006483392099950393,
2017-02-08,0.0,-0.00988756347811714,0.00988756347811714,
2017-02-09,0.0,0.004120555571648674,-0.004120555571648674,
2017-02-10,0.0,-0.009101638724240007,0.009101638724240007,
2017-02-13,0.0,0.005487797349981077,-0.005487797349981077,
2017-02-14,0.0,0.005974613693466151,-0.005974613693466151,
2017-02-15,0.0,0.0062915960522172115,-0.0062915960522172115,
2017-02-16,0.0,-0.011725711422141013,0.011725711422141013,
2017-02-17,0.0,-0.013368167907166214,0.013368167907166214,
2017-02-20,0.0,0.001675316386406696,-0.001675316386406696,
2017-02-21,0.0,-0.004176665943127914,0.004176665943127914,
2017-02-22,0.0,-0.005417368838967297,0.005417368838967297,
2017-02-23,0.0,-0.007887526639138352,0.007887526639138352,
2017-02-24,0.0,-0.006270968240886944,0.006270968240886944,
2017-02-27,0.0,-0.0011938359429444752,0.0011938359429444752,
2017-02-28,0.0,-0.00649691327683547,0.00649691327683547,
2017-03-01,0.0,0.0038467272169333557,-0.0038467272169333557,
2017-03-02,0.0,-0.002580621446096555,0.002580621446096555,-0.2904351874284463
2017-03-03,0.0,-0.010540742445857496,0.010540742445857496,-0.0944821703745144
2017-03-06,-0.015181116319679368,-0.0038332114290628013,-0.011347904890616567,0.010064557714426079
2017-03-07,-0.0043635320103642215,-0.0035517140657696754,-0.0008118179445945478,-0.0901688238928935
2017-03-08,0.00041550222716902046,-0.004622762110232639,0.00503826433740166,0.16102047300281283
2017-03-09,-0.004892884843777978,-0.00022967141258541015,-0.004663213431192569,0.012907267719444195
2017-03-10,0.008156520656975943,0.0076025384034741055,0.0005539822535018364,0.12579702129334222
2017-03-13,0.0005614660825872765,-0.0028813966894317834,0.0034428627720190608,-0.011456873603218884
2017-03-14,0.005307719229918427,0.002886244642532001,0.002421474587386426,0.044103816679105935
2017-03-15,-0.0006459147429305697,-0.00032608743891814236,-0.00031982730401242804,0.08432668119121137
2017-03-16,0.0023142822512850214,0.0014474918854868479,0.0008667903657981735,-0.05719218044002418
2017-03-17,0.0038368116539407773,0.0008692694949317004,0.002967542159009075,0.06718247435476864
2017-03-20,-0.002278497354218926,-0.0027672415080220794,0.0004887441538031534,-0.041229054305147304
2017-03-21,0.0029252489293926784,0.0005636067395330159,0.0023616421898596633,-0.0023309078146526154
2017-03-22,-0.001959306143603179,-0.0017053039529521669,-0.00025400219065101204,-0.020950362577957283
2017-03-23,-0.0001118846352255072,0.0006829551204172446,-0.0007948397556427553,0.03205365542677584
2017-03-24,-0.0010181691750100474,0.00013602621209302286,-0.0011541953871030686,0.0451596663107014
2017-03-27,0.0013357011292164135,-0.0024381300164132173,0.003773831145629631,-0.06226401984401606
2017-03-28,0.0024000472631109035,0.0037345712387685955,-0.001334523975657692,-0.08044618992669197
2017-03-29,-0.002370902550446471,-0.0011743847585398918,-0.0011965177919065796,-0.2900218680171626
2017-03-30,-0.003985799184100555,-0.0070220057903155894,0.0030362066062150344,0.07140595023641946
2017-03-31,-0.01578584121837161,-0.005268601999510573,-0.010517239218861038,-0.29619697712043747
2017-04-03,0.003598232559523481,-0.001716907443075454,0.005315140002598935,
2017-04-04,-0.009880690003436377,-0.008969661448811285,-0.0009110285546250919,
2017-04-05,0.0,0.009838902203272378,-0.009838902203272378,
2017-04-06,0.0,-0.013350176427501127,0.013350176427501127,
2017-04-07,0.0,-0.006529539968994392,0.006529539968994392,
2017-04-10,0.0,0.005624482649237126,-0.005624482649237126,
2017-04-11,0.0,-0.0072501204344335825,0.0072501204344335825,
2017-04-12,0.0,-0.004863398942743242,0.004863398942743242,
2017-04-13,0.0,0.007681181666372894,-0.007681181666372894,
2017-04-14,0.0,0.026739741491175275,-0.026739741491175275,
2017-04-17,0.0,-0.008859191574569181,0.008859191574569181,
2017-04-18,0.0,-0.0021262856720843646,0.0021262856720843646,
2017-04-19,0.0,0.01115491428165286,-0.01115491428165286,
2017-04-20,0.0,0.007696157673297417,-0.007696157673297417,
2017-04-21,0.0,-0.010715618677206072,0.010715618677206072,
2017-04-24,0.0,-0.005504044490138018,0.005504044490138018,
2017-04-25,0.0,-0.0032464420740253774,0.0032464420740253774,
2017-04-26,0.0,-0.00469724947233875,0.00469724947233875,
2017-04-27,0.0,-0.001520613066091002,0.001520613066091002,
2017-04-28,0.0,-0.0018259808058136732,0.0018259808058136732,
2017-05-01,0.0,0.006688824304709107,-0.006688824304709107,
2017-05-02,0.0,0.009808950517040121,-0.009808950517040121,
2017-05-03,0.0,0.0036779649199041335,-0.0036779649199041335,
2017-05-04,0.0,0.03701548084434916,-0.03701548084434916,
2017-05-05,0.0,-0.004641379626646404,0.004641379626646404,
2017-05-08,0.0,0.0009014660706176031,-0.0009014660706176031,
2017-05-09,0.0,-0.0006505518959720809,0.0006505518959720809,
2017-05-10,0.0,0.022458991303242623,-0.022458991303242623,
2017-05-11,0.0,-0.0011953751031248533,0.0011953751031248533,
2017-05-12,0.0,0.01101260722891705,-0.01101260722891705,
2017-05-15,0.0,-0.01642325151872907,0.01642325151872907,
2017-05-16,0.0,-0.001773411578770119,0.001773411578770119,
2017-05-17,0.0,0.004971992379233603,-0.004971992379233603,
2017-05-18,0.0,-0.009306486658244649,0.009306486658244649,
2017-05-19,0.0,0.014436075665078372,-0.014436075665078372,
2017-05-22,0.0,0.027222870913528565,-0.027222870913528565,
2017-05-23,0.0,-0.011500858660254463,0.011500858660254463,
2017-05-24,0.0,0.0007611913282046628,-0.0007611913282046628,
2017-05-25,0.0,-0.011339127463815248,0.011339127463815248,
2017-05-26,0.0,-0.011969837074290689,0.011969837074290689,
2017-05-29,0.0,0.00995910358432508,-0.00995910358432508,
2017-05-30,0.0,-0.006766805461468215,0.006766805461468215,
2017-05-31,0.0,-0.0013057191870143013,0.0013057191870143013,
2017-06-01,0.0,0.003461255880900958,-0.003461255880900958,
2017-06-02,0.0,0.006022084047842343,-0.006022084047842343,
2017-06-05,0.0,-0.0058876903368466045,0.0058876903368466045,
2017-06-06,0.0,0.011104817085665363,-0.011104817085665363,
2017-06-07,0.0,-0.001735389674292386,0.001735389674292386,
2017-06-08,0.0,0.0017813751153542903,-0.0017813751153542903,
2017-06-09,0.0,0.012424512014256556,-0.012424512014256556,
2017-06-12,0.0,-0.007229475670323292,0.007229475670323292,
2017-06-13,0.0,0.004241439231431663,-0.004241439231431663,
2017-06-14,0.0,-0.002270621972092878,0.002270621972092878,
2017-06-15,0.0,-0.007579362183489261,0.007579362183489261,
2017-06-16,0.0,-0.010089347981975189,0.010089347981975189,
2017-06-19,0.0,-0.008429312606999322,0.008429312606999322,
2017-06-20,0.0,-0.001758197547176791,0.001758197547176791,
2017-06-21,0.0,-0.0007047609809354675,0.0007047609809354675,
2017-06-22,0.0,-0.0014597826943229999,0.0014597826943229999,
2017-06-23,0.0,0.00024116412306732818,-0.00024116412306732818,
2017-06-26,0.0,0.006416268874384411,-0.006416268874384411,
2017-06-27,0.0,-0.006277311657914402,0.006277311657914402,-0.02868776784446695
2017-06-28,0.0,0.006044256281244657,-0.006044256281244657,-0.0995836647756955
2017-06-29,-0.002297826073386109,-0.0012912001294849117,-0.001006625943901194,-0.10622685116852834
2017-06-30,-0.005842983121645251,-0.006310267358139483,0.0004672842364942314,-0.037908374192324255
2017-07-03,-0.006124977159445634,-0.0008081546259386229,-0.005316822533507012,0.0030310970946846186
2017-07-04,-0.0020228231632252,-0.002790850001598691,0.0007680268383734911,0.021663348627377534
2017-07-05,0.00015500235581130057,0.0012203720139295272,-0.0010653696581182264,-0.1410823691685197
2017-07-06,0.0014379977076210398,-0.0018906977336759657,0.0033286954412970063,
2017-07-07,-0.007487392475099082,-0.0030530693529125475,-0.004434323122186536,
2017-07-10,0.0,-0.008157933914382699,0.008157933914382699,
2017-07-11,0.0,0.0014951058769618732,-0.0014951058769618732,
2017-07-12,0.0,0.0015154731265412862,-0.0015154731265412862,
2017-07-13,0.0,0.011720219542511772,-0.011720219542511772,
2017-07-14,0.0,0.001986712656122188,-0.001986712656122188,
2017-07-17,0.0,0.024209354509158634,-0.024209354509158634,
2017-07-18,0.0,0.04084735506108191,-0.04084735506108191,
2017-07-19,0.0,0.003831807532543481,-0.003831807532543481,
2017-07-20,0.0,0.0051855763350479615,-0.0051855763350479615,
2017-07-21,0.0,0.051732904675493754,-0.051732904675493754,
2017-07-24,0.0,-0.004756764118120528,0.004756764118120528,
2017-07-25,0.0,-0.013928756959294773,0.013928756959294773,
2017-07-26,0.0,0.030450029601084297,-0.030450029601084297,
2017-07-27,0.0,-0.025065502405163243,0.025065502405163243,
2017-07-28,0.0,-0.0010682829543061153,0.0010682829543061153,
2017-07-31,0.0,-0.0024191371922584557,0.0024191371922584557,
2017-08-01,0.0,-0.018900400497250586,0.018900400497250586,
2017-08-02,0.0,-0.003982329523123265,0.003982329523123265,0.09592168669222673
2017-08-03,0.0,-0.024020524785253964,0.024020524785253964,0.0873114937095582
2017-08-04,0.004614681736837036,-0.0017610825715977372,0.006375764308434773,-0.09612203545515971
2017-08-07,0.004689635823354189,0.0016828119884638977,0.003006823834890291,-0.09770894745622127
2017-08-08,-0.005226275089341157,-0.002984000634108159,-0.0022422744552329996,-0.14428968555793498
2017-08-09,-0.005346025133967989,-0.0016443432912014956,-0.0037016818427664947,0.10713002270135848
2017-08-10,-0.009737424206501453,0.000729195186737773,-0.010466619393239226,-0.06584165749267314
2017-08-11,0.0060435639103230635,0.0058463586324945666,0.00019720527782849696,-0.027188279490344032
2017-08-14,-0.0027057749943315114,-0.002408213098479616,-0.0002975618958518953,-0.35780739402733175
2017-08-15,-0.001433772221514456,0.0003596151831851812,-0.0017933874046996388,-0.12387988384129825
2017-08-16,-0.0164161602329907,-0.007637772424702276,-0.008778387808288421,0.15275193407484675
2017-08-17,-0.005915024312556935,-0.003925758061736066,-0.0019892662508208675,-0.05774148061496512
2017-08-18,0.007743914638474012,0.004154633711348138,0.0035892809271258737,0.14297008999301083
2017-08-21,-0.003159448955430409,-0.0014829434606318196,-0.001676505494798591,0.08823697934530073
2017-08-22,0.0067865287597211835,0.0018662680047376707,0.004920260754983512,-0.34405996609684064
2017-08-23,0.00544530294731712,0.003960462965090119,0.001484839982227001,-0.04120444871091172
2017-08-24,-0.01964716842048939,-0.007604592179299732,-0.012042576241189654,0.2717849431558545
2017-08-25,-0.002329958946551573,0.0013305552740611763,-0.0036605142206127483,-0.06161104910636126
2017-08-28,0.014259307274084723,0.0017647440841720222,0.012494563189912699,0.11953015489684335
2017-08-29,-0.0032150667724913356,-0.001943023685362086,-0.0012720430871292496,-0.13032161077667853
2017-08-30,0.011068401644566815,-0.00034748834291461334,0.011415889987481435,0.01421234730517778
2017-08-31,-0.009450243113464665,0.0006365985803761555,-0.01008684169384082,0.3451129481858378
2017-09-01,0.000849183264951793,0.004458106735817931,-0.0036089234708661377,-0.09287478652563017
2017-09-04,0.023709765312669988,0.011811086775148694,0.01189867853752129,0.2286188763731105
2017-09-05,-0.0038824061063171696,-0.0053867284691367975,0.0015043223628196292,0.0767466594566863
2017-09-06,0.013166651889034323,0.007481717988006838,0.005684933901027485,-0.01844166964057435
2017-09-07,0.005150793819787618,0.003338953040928452,0.001811840778859165,0.0808357858719692
2017-09-08,-0.001087290919125022,-0.004184536166139891,0.003097245247014867,0.16115752183279278
2017-09-11,0.0041087372166793215,0.0046903627935483624,-0.0005816255768690401,-0.27905236854929394
2017-09-12,0.013534996143698925,0.012512664267636881,0.0010223318760620424,-0.22107421779064867
2017-09-13,-0.019169702116466472,-0.015653702974519797,-0.003515999141946671,-0.1574907716942586
2017-09-14,-0.007617212242374577,-0.010649673031351881,0.003032460788977305,-0.11005293469366367
2017-09-15,-0.010687311315682216,0.0030089172210875856,-0.013696228536769802,0.04296723675109057
2017-09-18,-0.006416346478085503,-0.008127549653786663,0.0017112031757011593,0.06678758386050718
2017-09-19,0.0030347122266509512,0.007248663998188307,-0.004213951771537356,0.14151269275838058
2017-09-20,0.0047337978376071985,0.005185689557632205,-0.0004518917200250043,-0.0632980703710932
2017-09-21,0.010611705156031322,0.012671872329431877,-0.0020601671734005542,-0.029705916627619917
2017-09-22,-0.0032884205897246474,0.002307048579389093,-0.005595469169113739,-0.010441135764209011
2017-09-25,-0.001940517577877006,0.001851808776061059,-0.0037923263539380685,0.1411784446576458
2017-09-26,-0.0007063830864214894,-0.004130928018608003,0.0034245449321865136,-0.029162084452536485
2017-09-27,0.00612865956439714,0.00035722536173311836,0.00577143420266402,-0.13465153263892954
2017-09-28,-0.0017224336672818858,-0.002930299695604676,0.0012078660283227904,0.0739823993225545
2017-09-29,-0.007873978041212542,-0.004504239856312962,-0.0033697381848995824,0.07394906403200091
2017-10-02,0.003500652141979209,0.004810761683193587,-0.001310109541214377,
2017-10-03,0.005010329144710324,0.0034039003184596433,0.0016064288262506807,
2017-10-04,0.0,-0.009697515402412753,0.009697515402412753,
2017-10-05,0.0,0.002507894363751066,-0.002507894363751066,
2017-10-06,0.0,-0.019399710076241344,0.019399710076241344,
2017-10-09,0.0,-0.005659084721706642,0.005659084721706642,
2017-10-10,0.0,0.00021186923893040056,-0.00021186923893040056,
2017-10-11,0.0,-0.004388437707475952,0.004388437707475952,
2017-10-12,0.0,0.009684203449146677,-0.009684203449146677,
2017-10-13,0.0,0.006211528971532243,-0.006211528971532243,
2017-10-16,0.0,-0.011143352577741177,0.011143352577741177,
2017-10-17,0.0,0.004309779375926965,-0.004309779375926965,
2017-10-18,0.0,0.00351119352581702,-0.00351119352581702,
2017-10-19,0.0,-0.004577792440806146,0.004577792440806146,
2017-10-20,0.0,-0.013733083648178877,0.013733083648178877,
2017-10-23,0.0,-0.007055312671587307,0.007055312671587307,
2017-10-24,0.0,0.010557473045617329,-0.010557473045617329,
2017-10-25,0.0,0.0022320052677113423,-0.0022320052677113423,
2017-10-26,0.0,0.011292736085042256,-0.011292736085042256,
2017-10-27,0.0,0.009453172655921945,-0.009453172655921945,
2017-10-30,0.0,0.008043217748960592,-0.008043217748960592,
2017-10-31,0.0,0.03465845579646981,-0.03465845579646981,
2017-11-01,0.0,-0.01555497743377425,0.01555497743377425,
2017-11-02,0.0,0.010338292540815872,-0.010338292540815872,
2017-11-03,0.0,0.004790355912252812,-0.004790355912252812,0.1773296172794017
2017-11-06,0.0,-0.01795898068835128,0.01795898068835128,-0.0910232182019615
2017-11-07,0.006597432796757503,0.003000926239595642,0.003596506557161861,0.14060503597520452
2017-11-08,-0.004119805737761151,0.00137575550566815,-0.0054955612434293005,-0.07003576777967262
2017-11-09,0.006559482942666365,-0.002746649256120264,0.009306132198786631,0.07767821077354087
2017-11-10,-0.0037557588000848834,-0.005227693303292822,0.0014719345032079383,-0.14938799356771854
2017-11-13,0.004598448844929584,0.0015719108577314954,0.0030265379871980904,-0.07943904854762901
2017-11-14,-0.008559480528994346,-0.0038263653696387866,-0.004733115159355558,0.026900536890155636
2017-11-15,-0.004495772046385763,-0.000943342586998081,-0.0035524294593876817,-0.04661679843669001
2017-11-16,0.0018943475599265541,-2.0975890472015035e-05,0.001915323450398576,-0.1783324404284659
2017-11-17,-0.003887893947365509,-0.0010818417061686375,-0.0028060522411968714,0.19099588372634624
2017-11-20,-0.012450607282352925,-0.0003436399455155909,-0.012106967336837334,-0.10583548282177979
2017-11-21,0.014692051257984218,0.007388929568290903,0.007303121689693316,0.10177229643003063
2017-11-22,-0.005363113931704737,-3.9827497797483014e-05,-0.005323286433907257,-0.3662193352376209
2017-11-23,0.004813560018281385,0.0046251538089386,0.00018840620934278433,0.03214124999907283
2017-11-24,-0.021429618443472215,-0.005065422084335408,-0.016364196359136808,-0.022444861932101948
2017-11-27,0.0015753621886132672,0.0018703745342733454,-0.00029501234566007683,-0.2323793011171818
2017-11-28,-0.001250102013123055,0.00014130209563638016,-0.001391404108759436,-0.09168062873621634
2017-11-29,-0.016591588490009038,-0.007238022967122681,-0.00935356552288635,-0.07214795097721267
2017-11-30,-0.0054433187807830016,-0.0019133590389422573,-0.003529959741840746,0.10530980473055346
2017-12-01,-0.005337145912789734,0.001216517140324962,-0.0065536630531147,-0.09999663072574903
2017-12-04,0.006901747694031488,-0.002212216841847591,0.009113964535879076,-0.00547463674913097
2017-12-05,-0.006089099753803232,-0.004258178962658829,-0.0018309207911444032,0.14578245805127688
2017-12-06,-0.00034344244129245246,0.002974176421176986,-0.0033176188624694384,0.1644065014666896
2017-12-07,0.008361362626307902,0.0070843738328944875,0.001276988793413411,0.09774054218832914
2017-12-08,0.009699442252372152,0.006067577962072702,0.0036318642902994505,0.09149166374326757
2017-12-11,0.007401319801225291,0.004186563571061303,0.0032147562301639877,-0.034704444064185616
2017-12-12,0.0050188310027638565,0.00829243758085867,-0.00327360657809481,-0.011229496178871184
2017-12-13,-0.002296458809468371,0.0006057121317573832,-0.0029021709412257535,-0.13301694229460606
2017-12-14,-0.0008328136328430334,-0.002882995803997681,0.002050182171154648,-0.19535168071696213
2017-12-15,-0.00832025734608099,-0.006809209185992622,-0.0015110481600883689,0.052609004838838826
2017-12-18,-0.009778718244033422,-0.010013606191222917,0.0002348879471894931,-0.08020662545313718
2017-12-19,0.003117086561022431,0.004539813412797482,-0.0014227268517750507,-0.05851248656920018
2017-12-20,-0.0037973952306900108,-0.0017063813211145393,-0.0020910139095754714,-0.09583094178545688
2017-12-21,-0.004103854818641967,-0.0033923898141694168,-0.0007114650044725522,0.05121362966510198
2017-12-22,-0.006052140128592172,-0.0038226896004560484,-0.0022294505281361225,-0.028359641522421663
2017-12-25,0.0025087832718659027,-0.0012836693672738549,0.0037924526391397576,0.04122036232830686
2017-12-26,-0.0017540041326075066,-0.002870919846205364,0.0011169157135978557,
2017-12-27,0.0023861954227830558,-0.0008931880766641521,0.003279383499447208,
2017-12-28,0.0,0.013667842404820957,-0.013667842404820957,
2017-12-29,0.0,0.0006554595046953688,-0.0006554595046953688,
2018-01-01,0.0,0.015889451950620373,-0.015889451950620373,
2018-01-02,0.0,0.025235029332396717,-0.025235029332396717,
2018-01-03,0.0,0.011280264413578258,-0.011280264413578258,
2018-01-04,0.0,0.019172424705051448,-0.019172424705051448,
2018-01-05,0.0,-0.026894659577396524,0.026894659577396524,
2018-01-08,0.0,0.01695941869037842,-0.01695941869037842,
2018-01-09,0.0,-0.022727906953123943,0.022727906953123943,
2018-01-10,0.0,-0.006575180735228076,0.006575180735228076,
2018-01-11,0.0,-0.005274250347194129,0.005274250347194129,
2018-01-12,0.0,0.0011995133699848417,-0.0011995133699848417,
2018-01-15,0.0,0.01975566171112482,-0.01975566171112482,
2018-01-16,0.0,0.010948255155727147,-0.010948255155727147,
2018-01-17,0.0,0.017863825694049956,-0.017863825694049956,
2018-01-18,0.0,-0.0065483076576980425,0.0065483076576980425,
2018-01-19,0.0,-0.010509137287920689,0.010509137287920689,
2018-01-22,0.0,0.012776873845691126,-0.012776873845691126,
2018-01-23,0.0,-0.00622331035013469,0.00622331035013469,
2018-01-24,0.0,0.0031682297819445853,-0.0031682297819445853,
2018-01-25,0.0,-0.02119240514250233,0.02119240514250233,
2018-01-26,0.0,-0.0016304644571727275,0.0016304644571727275,
2018-01-29,0.0,0.004513777303506513,-0.004513777303506513,0.00469138688510553
2018-01-30,0.0,0.016770043487950522,-0.016770043487950522,-0.0005448267860796898
2018-01-31,0.00017546595367121803,0.0008213106333129529,-0.0006458446796417348,-0.1739072520955671
2018-02-01,-2.8702669354870817e-05,0.0032602868759215686,-0.00328898954527644,0.06597459956711488
2018-02-02,-0.005786246569090901,-0.002414650250166092,-0.003371596318924811,-0.07762011300788031
2018-02-05,0.0036231183938104025,0.0030777060394010045,0.0005454123544093963,-0.22938822008414889
2018-02-06,-0.003766118468196582,0.00031996265969882684,-0.004086081127895409,-0.024151657028148473
2018-02-07,-0.010952303143247532,-0.0015919978958318266,-0.009360305247415705,0.12097957948584986
2018-02-08,-0.0013307493245798834,0.005892472849712192,-0.007223222174292075,0.014874599164889393
2018-02-09,0.006070736475583759,-0.0021474994940821517,0.008218235969665911,0.0016080876939176339
2018-02-12,0.0007136161219157824,0.003661422651207565,-0.0029478065292917817,0.05235161811194155
2018-02-13,8.038363248850672e-05,0.0003515415473224273,-0.000271157914833918,0.07559432012014541
2018-02-14,0.002256322111618204,0.0034395367525109632,-0.0011832146408927574,-0.3517818081324677
2018-02-15,0.003985740151628555,0.005407576058967474,-0.001421835907338919,
2018-02-16,-0.01917519362849479,-0.0030260069243534145,-0.016149186704141377,
2018-02-19,0.0,-0.010986938559102244,0.010986938559102244,
2018-02-20,0.0,0.003971594532747193,-0.003971594532747193,
2018-02-21,0.0,-0.011890425971012258,0.011890425971012258,
2018-02-22,0.0,0.0027949518330303096,-0.0027949518330303096,
2018-02-23,0.0,-0.0031415913478317556,0.0031415913478317556,
2018-02-26,0.0,0.01688951796030993,-0.01688951796030993,
2018-02-27,0.0,-0.009398558372737627,0.009398558372737627,
2018-02-28,0.0,0.03341936035127706,-0.03341936035127706,
2018-03-01,0.0,-0.00225847135647734,0.00225847135647734,
2018-03-02,0.0,-0.001502868866240982,0.001502868866240982,
2018-03-05,0.0,0.07655611190978802,-0.07655611190978802,
2018-03-06,0.0,0.010039864879249566,-0.010039864879249566,
2018-03-07,0.0,0.013666879456213336,-0.013666879456213336,
2018-03-08,0.0,0.02085756559900969,-0.02085756559900969,
2018-03-09,0.0,-0.007744558859941949,0.007744558859941949,
2018-03-12,0.0,0.031765744537397646,-0.031765744537397646,
2018-03-13,0.0,-0.02148990358752351,0.02148990358752351,
2018-03-14,0.0,-0.04874156051139251,0.04874156051139251,
2018-03-15,0.0,0.016042483421253053,-0.016042483421253053,
2018-03-16,0.0,-0.0001538241193574856,0.0001538241193574856,
2018-03-19,0.0,0.007594181394972781,-0.007594181394972781,
2018-03-20,0.0,-0.005223705481772448,0.005223705481772448,
2018-03-21,0.0,0.012642491514849226,-0.012642491514849226,-0.01972811161787533
2018-03-22,0.0,-0.010404455445081085,0.010404455445081085,-0.020792195548500262
2018-03-23,-0.0006433759163025354,-0.0026823470630880225,0.002038971146785487,0.03279707985951656
2018-03-26,-0.0010663871051590727,0.002634607201275549,-0.0037009943064346216,-0.11514901226056048
2018-03-27,0.0016201650960785963,0.00571193549831784,-0.00409177040223925,0.0313843992104284
2018-03-28,-0.006150074538657402,-0.004473013111966075,-0.0016770614266913252,0.03416616820992024
2018-03-29,0.0016949578969792066,-0.004900986219679866,0.006595944116659074,0.004266985045817452
2018-03-30,0.0014331257454424059,0.003077515313269517,-0.0016443895678271115,0.08651357428318708
2018-04-02,0.0001449050942427389,-0.003816954566904197,0.003961859661146935,0.33647512480167463
2018-04-03,0.003279945156148611,0.004691513854780534,-0.0014115686986319233,0.18449037693546438
2018-04-04,0.00908998337045706,0.0023105902595303394,0.006779393110926717,0.0313672989366068
2018-04-05,0.010083242160135529,0.0061679571640363105,0.003915284996099215,
2018-04-06,0.0013865833530210046,0.0009750301688441602,0.0004115531841768444,
2018-04-09,0.0,-0.01978776974338334,0.01978776974338334,
2018-04-10,0.0,-0.012288342059112249,0.012288342059112249,
2018-04-11,0.0,-0.0049811202975838095,0.0049811202975838095,
2018-04-12,0.0,0.026303010944662517,-0.026303010944662517,
2018-04-13,0.0,-0.007865789034037996,0.007865789034037996,
2018-04-16,0.0,-0.0010670396267459827,0.0010670396267459827,
2018-04-17,0.0,0.04450327560576129,-0.04450327560576129,
2018-04-18,0.0,0.001327364004721209,-0.001327364004721209,
2018-04-19,0.0,-0.008596867576988538,0.008596867576988538,
2018-04-20,0.0,-0.012244535254107807,0.012244535254107807,
2018-04-23,0.0,0.02522487070456367,-0.02522487070456367,
2018-04-24,0.0,-0.006250766193628094,0.006250766193628094,
2018-04-25,0.0,-0.0333510441878246,0.0333510441878246,
2018-04-26,0.0,-0.008623480480323487,0.008623480480323487,
2018-04-27,0.0,0.008169587813615431,-0.008169587813615431,
2018-04-30,0.0,0.01757180369584982,-0.01757180369584982,
2018-05-01,0.0,-0.0011915167453279071,0.0011915167453279071,
2018-05-02,0.0,0.012272286250668826,-0.012272286250668826,
2018-05-03,0.0,-0.009023133215538376,0.009023133215538376,
2018-05-04,0.0,0.00015764591299254115,-0.00015764591299254115,
2018-05-07,0.0,-0.009199246856620175,0.009199246856620175,
2018-05-08,0.0,0.02558617605892351,-0.02558617605892351,
2018-05-09,0.0,0.00046044324429546135,-0.00046044324429546135,
2018-05-10,0.0,0.006815636092624126,-0.006815636092624126,
2018-05-11,0.0,0.012293345688600247,-0.012293345688600247,
2018-05-14,0.0,-0.005749404389920351,0.005749404389920351,
2018-05-15,0.0,0.006864461175773519,-0.006864461175773519,
2018-05-16,0.0,-0.009214694365166722,0.009214694365166722,
2018-05-17,0.0,0.010450357907435983,-0.010450357907435983,
2018-05-18,0.0,0.0028877163717433573,-0.0028877163717433573,
2018-05-21,0.0,0.016716496939055966,-0.016716496939055966,
2018-05-22,0.0,-0.0015554751820883036,0.0015554751820883036,
2018-05-23,0.0,0.0024650928297956314,-0.0024650928297956314,
2018-05-24,0.0,0.006572854354252465,-0.006572854354252465,
2018-05-25,0.0,-0.02751582903296022,0.02751582903296022,
2018-05-28,0.0,-0.02275073549280573,0.02275073549280573,
2018-05-29,0.0,0.002082075833892133,-0.002082075833892133,0.3123727289476321
2018-05-30,0.0,-0.0027290461448105335,0.0027290461448105335,0.26559350179878827
2018-05-31,0.007914103932881333,-0.001988114487049572,0.009902218419930907,
2018-06-01,0.012446560931627455,0.008845179450167325,0.0036013814814601286,
2018-06-04,0.0,0.004598217191377484,-0.004598217191377484,0.0841801208643383
2018-06-05,0.0,-0.010311519587677016,0.010311519587677016,-0.021324292326110012
2018-06-06,0.0036335395754542653,0.0015184360341270766,0.002115103541327189,
2018-06-07,-0.00117367913085674,0.008297789613257823,-0.009471468744114562,
2018-06-08,0.0,-0.0059309253214377125,0.0059309253214377125,
2018-06-11,0.0,-0.006248342041209388,0.006248342041209388,
2018-06-12,0.0,0.009590921424892098,-0.009590921424892098,
2018-06-13,0.0,-0.002809266148908573,0.002809266148908573,
2018-06-14,0.0,-0.00490952015433827,0.00490952015433827,
2018-06-15,0.0,0.006734281082684409,-0.006734281082684409,
2018-06-18,0.0,0.00783362726273294,-0.00783362726273294,
2018-06-19,0.0,0.019397989653288063,-0.019397989653288063,
2018-06-20,0.0,0.014923275793067561,-0.014923275793067561,
2018-06-21,0.0,0.01771752287915129,-0.01771752287915129,
2018-06-22,0.0,-0.029033447469141292,0.029033447469141292,
2018-06-25,0.0,-0.029691382064011795,0.029691382064011795,
2018-06-26,0.0,-0.014148448860362931,0.014148448860362931,
2018-06-27,0.0,-0.018474236082410216,0.018474236082410216,
2018-06-28,0.0,-0.004489428605500311,0.004489428605500311,
2018-06-29,0.0,0.0006713488748529901,-0.0006713488748529901,
2018-07-02,0.0,-0.03485475271966284,0.03485475271966284,
2018-07-03,0.0,-0.005340011516342707,0.005340011516342707,
2018-07-04,0.0,-0.00183582753825604,0.00183582753825604,
2018-07-05,0.0,0.003518159221733971,-0.003518159221733971,
2018-07-06,0.0,-0.023058787465928467,0.023058787465928467,
2018-07-09,0.0,-0.05257963682674391,0.05257963682674391,
2018-07-10,0.0,-0.00017396739024314712,0.00017396739024314712,
2018-07-11,0.0,0.000710476392304907,-0.000710476392304907,
2018-07-12,0.0,-0.004943149410029498,0.004943149410029498,
2018-07-13,0.0,-0.0058935533451387806,0.0058935533451387806,
2018-07-16,0.0,-0.02026610483869769,0.02026610483869769,0.09361954693113923
2018-07-17,0.0,-0.030734095660175754,0.030734095660175754,0.29559650121255326
2018-07-18,0.006836496834228578,0.004159176608564876,0.0026773202256637034,-0.2612872598744201
2018-07-19,0.023362000534338487,0.018545244876713197,0.00481675565762529,-0.24768750302127657
2018-07-20,-0.02235677758646932,-0.023705512967004058,0.0013487353805347393,0.32549897486597446
2018-07-23,-0.010735552133859964,0.003645015608852678,-0.014380567742712638,
2018-07-24,0.024816702149701435,0.008451387524986972,0.016365314624714467,
2018-07-25,0.0,0.020534729692183427,-0.020534729692183427,
2018-07-26,0.0,0.02965427981191789,-0.02965427981191789,
2018-07-27,0.0,-0.015808722166027914,0.015808722166027914,
2018-07-30,0.0,-0.024765144477245628,0.024765144477245628,
2018-07-31,0.0,-0.004734888556076733,0.004734888556076733,
2018-08-01,0.0,0.0008611447330619757,-0.0008611447330619757,
2018-08-02,0.0,-0.012139639202316555,0.012139639202316555,
2018-08-03,0.0,-0.004599651070509953,0.004599651070509953,
2018-08-06,0.0,0.007808954753733755,-0.007808954753733755,
2018-08-07,0.0,0.028851824282953808,-0.028851824282953808,
2018-08-08,0.0,-0.007028854191035338,0.007028854191035338,
2018-08-09,0.0,0.01369443917949249,-0.01369443917949249,
2018-08-10,0.0,-0.02860054311847925,0.02860054311847925,
2018-08-13,0.0,-0.038785108121943336,0.038785108121943336,
2018-08-14,0.0,-0.0072920619170826866,0.0072920619170826866,
2018-08-15,0.0,-0.01033799754651569,0.01033799754651569,
2018-08-16,0.0,-0.003935273062594013,0.003935273062594013,
2018-08-17,0.0,0.004388968991138592,-0.004388968991138592,
2018-08-20,0.0,-0.0035868204454731307,0.0035868204454731307,
2018-08-21,0.0,0.0015884036578469368,-0.0015884036578469368,
2018-08-22,0.0,0.01835459107960363,-0.01835459107960363,
2018-08-23,0.0,0.000366705918375968,-0.000366705918375968,
2018-08-24,0.0,0.007391574504649968,-0.007391574504649968,
2018-08-27,0.0,-0.021242087435468095,0.021242087435468095,
2018-08-28,0.0,-0.009198065252944958,0.009198065252944958,
2018-08-29,0.0,0.005233859769127074,-0.005233859769127074,
2018-08-30,0.0,-0.008408224409326726,0.008408224409326726,
2018-08-31,0.0,0.011223896760335418,-0.011223896760335418,
2018-09-03,0.0,0.01770809132442824,-0.01770809132442824,
2018-09-04,0.0,-0.01055257237776647,0.01055257237776647,
2018-09-05,0.0,0.04180784591669473,-0.04180784591669473,
2018-09-06,0.0,0.013194476152678184,-0.013194476152678184,
2018-09-07,0.0,0.0369473293243629,-0.0369473293243629,
2018-09-10,0.0,-0.011644304455497547,0.011644304455497547,
2018-09-11,0.0,0.07708010706971613,-0.07708010706971613,
2018-09-12,0.0,-0.014013629264913306,0.014013629264913306,
2018-09-13,0.0,0.0008898945865970272,-0.0008898945865970272,
2018-09-14,0.0,0.008339907950327739,-0.008339907950327739,
2018-09-17,0.0,-0.03775890308396141,0.03775890308396141,
2018-09-18,0.0,0.006048770191155841,-0.006048770191155841,
2018-09-19,0.0,0.006782684317099956,-0.006782684317099956,
2018-09-20,0.0,-0.02244828828775216,0.02244828828775216,
2018-09-21,0.0,-0.008134054531232305,0.008134054531232305,
2018-09-24,0.0,0.036228644900019424,-0.036228644900019424,
2018-09-25,0.0,0.0017694239863075458,-0.0017694239863075458,
2018-09-26,0.0,-0.019665267652186527,0.019665267652186527,
2018-09-27,0.0,0.005241198931462947,-0.005241198931462947,
2018-09-28,0.0,0.021976230132088638,-0.021976230132088638,
2018-10-01,0.0,0.010391720771715749,-0.010391720771715749,
2018-10-02,0.0,-0.029790850939207837,0.029790850939207837,
2018-10-03,0.0,-0.0006090765176476263,0.0006090765176476263,
2018-10-04,0.0,-0.005085595741162202,0.005085595741162202,
2018-10-05,0.0,0.0057567191478597145,-0.0057567191478597145,
2018-10-08,0.0,-0.000846585860675474,0.000846585860675474,
2018-10-09,0.0,0.015996138481128394,-0.015996138481128394,
2018-10-10,0.0,0.01650447208696057,-0.01650447208696057,
2018-10-11,0.0,0.0005100738973336722,-0.0005100738973336722,
2018-10-12,0.0,0.026329245395710504,-0.026329245395710504,
2018-10-15,0.0,-0.013347955217850864,0.013347955217850864,
2018-10-16,0.0,-0.03835700176488389,0.03835700176488389,
2018-10-17,0.0,0.004897387340230076,-0.004897387340230076,
2018-10-18,0.0,-0.0075194760685934605,0.0075194760685934605,
2018-10-19,0.0,0.02257470774478107,-0.02257470774478107,
2018-10-22,0.0,0.0014747958841064175,-0.0014747958841064175,
2018-10-23,0.0,7.292591127568166e-05,-7.292591127568166e-05,
2018-10-24,0.0,-0.015105868356732942,0.015105868356732942,
2018-10-25,0.0,-0.016468948319589297,0.016468948319589297,
2018-10-26,0.0,-0.017085917474081978,0.017085917474081978,
2018-10-29,0.0,0.001259301381990382,-0.001259301381990382,
2018-10-30,0.0,0.010110865615113105,-0.010110865615113105,
2018-10-31,0.0,-0.0003409773423671687,0.0003409773423671687,
2018-11-01,0.0,-0.006692186456282496,0.006692186456282496,
2018-11-02,0.0,0.01398461386828465,-0.01398461386828465,
2018-11-05,0.0,-0.030825258230542118,0.030825258230542118,
2018-11-06,0.0,-0.0005789347099160551,0.0005789347099160551,
2018-11-07,0.0,0.009965983226365441,-0.009965983226365441,
2018-11-08,0.0,0.0034411291335526475,-0.0034411291335526475,
2018-11-09,0.0,-0.0047829453976045285,0.0047829453976045285,
2018-11-12,0.0,0.03464757162773059,-0.03464757162773059,
2018-11-13,0.0,-0.0038859635451439648,0.0038859635451439648,
2018-11-14,0.0,0.007745269324533226,-0.007745269324533226,
2018-11-15,0.0,0.0012121157011373818,-0.0012121157011373818,
2018-11-16,0.0,-0.0030111949134759932,0.0030111949134759932,
2018-11-19,0.0,-0.010489032857001234,0.010489032857001234,
2018-11-20,0.0,-0.0033520534834573287,0.0033520534834573287,
2018-11-21,0.0,-0.00028745555843388067,0.00028745555843388067,
2018-11-22,0.0,0.018610650396493556,-0.018610650396493556,
2018-11-23,0.0,-0.004639005555500217,0.004639005555500217,
2018-11-26,0.0,0.029941186173484742,-0.029941186173484742,
2018-11-27,0.0,-0.013110653069529141,0.013110653069529141,
2018-11-28,0.0,-0.012813848438094851,0.012813848438094851,
2018-11-29,0.0,-0.0029809191057733947,0.0029809191057733947,
2018-11-30,0.0,-0.0012416768543639476,0.0012416768543639476,
2018-12-03,0.0,-0.0008436828383798004,0.0008436828383798004,
2018-12-04,0.0,-0.004704513029619456,0.004704513029619456,
2018-12-05,0.0,0.006829983286580445,-0.006829983286580445,
2018-12-06,0.0,0.005026135885121061,-0.005026135885121061,
2018-12-07,0.0,0.01700733709880591,-0.01700733709880591,
2018-12-10,0.0,0.011083067159646855,-0.011083067159646855,
2018-12-11,0.0,0.028293426650084375,-0.028293426650084375,
2018-12-12,0.0,0.003506383632010574,-0.003506383632010574,
2018-12-13,0.0,-0.005982596187920382,0.005982596187920382,
2018-12-14,0.0,0.011793143617259532,-0.011793143617259532,
2018-12-17,0.0,-0.017533853473230023,0.017533853473230023,
2018-12-18,0.0,0.0054283824577260106,-0.0054283824577260106,
2018-12-19,0.0,-0.006834815962628514,0.006834815962628514,
2018-12-20,0.0,-0.004632925840286062,0.004632925840286062,
2018-12-21,0.0,-0.004764472758611546,0.004764472758611546,
2018-12-24,0.0,-0.032634780735642833,0.032634780735642833,
2018-12-25,0.0,-0.003433033903976462,0.003433033903976462,
2018-12-26,0.0,-0.0020629697101968297,0.0020629697101968297,
2018-12-27,0.0,-0.00541392820250496,0.00541392820250496,
2018-12-28,0.0,0.0028079734633616477,-0.0028079734633616477,
2018-12-31,0.0,0.006510960621912181,-0.006510960621912181,
2019-01-01,0.0,-0.020763782650313374,0.020763782650313374,
2019-01-02,0.0,-0.0005355538466985452,0.0005355538466985452,
2019-01-03,0.0,2.110743762055023e-05,-2.110743762055023e-05,
2019-01-04,0.0,0.01607844746822841,-0.01607844746822841,
2019-01-07,0.0,-0.026757785906438267,0.026757785906438267,
2019-01-08,0.0,-0.007505379780874105,0.007505379780874105,
2019-01-09,0.0,-0.008419186357060302,0.008419186357060302,
2019-01-10,0.0,-0.010019217193150538,0.010019217193150538,
2019-01-11,0.0,-0.004918532913788597,0.004918532913788597,
2019-01-14,0.0,-0.024380650798914806,0.024380650798914806,
2019-01-15,0.0,-0.003570303617197913,0.003570303617197913,
2019-01-16,0.0,0.007210546948296624,-0.007210546948296624,
2019-01-17,0.0,-0.00617757069301916,0.00617757069301916,
2019-01-18,0.0,-0.00500911928307357,0.00500911928307357,
2019-01-21,0.0,0.02420044795573852,-0.02420044795573852,
2019-01-22,0.0,0.0003687672669230917,-0.0003687672669230917,
2019-01-23,0.0,-0.011326342637702288,0.011326342637702288,
2019-01-24,0.0,-0.0012417231819037092,0.0012417231819037092,
2019-01-25,0.0,0.008856489625344043,-0.008856489625344043,
2019-01-28,0.0,-0.0031914320539774294,0.0031914320539774294,
2019-01-29,0.0,0.019236446536958603,-0.019236446536958603,
2019-01-30,0.0,0.03196161984500243,-0.03196161984500243,
2019-01-31,0.0,-0.009895149350499831,0.009895149350499831,
2019-02-01,0.0,0.011359315380783955,-0.011359315380783955,
2019-02-04,0.0,-0.0010117984395862823,0.0010117984395862823,
2019-02-05,0.0,-0.010096990456129046,0.010096990456129046,
2019-02-06,0.0,-0.013560918128289629,0.013560918128289629,
2019-02-07,0.0,-0.0018265655075620395,0.0018265655075620395,
2019-02-08,0.0,-0.01708157683964439,0.01708157683964439,
2019-02-11,0.0,0.013090004475612822,-0.013090004475612822,
2019-02-12,0.0,0.0051054991233980915,-0.0051054991233980915,
2019-02-13,0.0,0.0011677498342108628,-0.0011677498342108628,
2019-02-14,0.0,0.012365807626992126,-0.012365807626992126,
2019-02-15,0.0,0.006380413544964528,-0.006380413544964528,
2019-02-18,0.0,-0.012548965829053765,0.012548965829053765,
2019-02-19,0.0,0.007204745516794203,-0.007204745516794203,
2019-02-20,0.0,0.0014459333920249877,-0.0014459333920249877,
2019-02-21,0.0,-0.006876335941333133,0.006876335941333133,
2019-02-22,0.0,-0.022675602493088427,0.022675602493088427,
2019-02-25,0.0,0.013509673219056861,-0.013509673219056861,
2019-02-26,0.0,0.01153176444298955,-0.01153176444298955,
2019-02-27,0.0,0.01254721677835853,-0.01254721677835853,
2019-02-28,0.0,-0.009089163620147132,0.009089163620147132,
2019-03-01,0.0,-0.004242928831384454,0.004242928831384454,
2019-03-04,0.0,-0.0017404861225156214,0.0017404861225156214,
2019-03-05,0.0,0.008976234524133408,-0.008976234524133408,
2019-03-06,0.0,-0.006895012101751608,0.006895012101751608,
2019-03-07,0.0,0.0023252178389649193,-0.0023252178389649193,
2019-03-08,0.0,0.02708209338736328,-0.02708209338736328,
2019-03-11,0.0,-0.003351830672909007,0.003351830672909007,
2019-03-12,0.0,0.004803358780089481,-0.004803358780089481,
2019-03-13,0.0,-0.005934872194088612,0.005934872194088612,
2019-03-14,0.0,0.012976334977761909,-0.012976334977761909,
2019-03-15,0.0,-0.0080830288410644,0.0080830288410644,
2019-03-18,0.0,-0.017939629501821527,0.017939629501821527,
2019-03-19,0.0,0.0062113809349426796,-0.0062113809349426796,
2019-03-20,0.0,0.0009386477861632581,-0.0009386477861632581,
2019-03-21,0.0,0.009712586814955296,-0.009712586814955296,
2019-03-22,0.0,0.0039008868721098285,-0.0039008868721098285,
2019-03-25,0.0,0.0015269857975051195,-0.0015269857975051195,
2019-03-26,0.0,0.0008800274593617327,-0.0008800274593617327,
2019-03-27,0.0,0.003525090056860578,-0.003525090056860578,
2019-03-28,0.0,-0.0004261999821438122,0.0004261999821438122,
2019-03-29,0.0,-0.0016568260798409185,0.0016568260798409185,
2019-04-01,0.0,-0.007082183484083552,0.007082183484083552,
2019-04-02,0.0,-0.0010318330526994277,0.0010318330526994277,
2019-04-03,0.0,-0.01084915077846536,0.01084915077846536,
2019-04-04,0.0,-0.0064567698711914135,0.0064567698711914135,
2019-04-05,0.0,-0.004021286301727445,0.004021286301727445,
2019-04-08,0.0,-0.005159455106269906,0.005159455106269906,
2019-04-09,0.0,0.0037172403457669343,-0.0037172403457669343,
2019-04-10,0.0,0.001972573897476762,-0.001972573897476762,
2019-04-11,0.0,-0.012222514058770468,0.012222514058770468,
2019-04-12,0.0,-0.01847542083589729,0.01847542083589729,
2019-04-15,0.0,-0.0131673780924596,0.0131673780924596,
2019-04-16,0.0,-0.0009678423349727523,0.0009678423349727523,
2019-04-17,0.0,-0.006731350556388734,0.006731350556388734,
2019-04-18,0.0,0.01163644839884215,-0.01163644839884215,
2019-04-19,0.0,0.022495592069039536,-0.022495592069039536,
2019-04-22,0.0,-0.016690818811505224,0.016690818811505224,
2019-04-23,0.0,-0.004209165176830497,0.004209165176830497,
2019-04-24,0.0,-0.00824181651614212,0.00824181651614212,
2019-04-25,0.0,0.00631372999682921,-0.00631372999682921,
2019-04-26,0.0,-0.005720130912319584,0.005720130912319584,
2019-04-29,0.0,-0.006526525283314402,0.006526525283314402,
2019-04-30,0.0,-0.019556851192928593,0.019556851192928593,
2019-05-01,0.0,-0.0060549769382479985,0.0060549769382479985,
2019-05-02,0.0,-0.009918221603333829,0.009918221603333829,
2019-05-03,0.0,-0.015607042658534902,0.015607042658534902,
2019-05-06,0.0,0.013409319634320791,-0.013409319634320791,
2019-05-07,0.0,-0.01574022149187112,0.01574022149187112,
2019-05-08,0.0,0.0022920206301689982,-0.0022920206301689982,
2019-05-09,0.0,-0.010554881542287637,0.010554881542287637,
2019-05-10,0.0,0.0005108189302215344,-0.0005108189302215344,
2019-05-13,0.0,0.0019245353872745427,-0.0019245353872745427,
2019-05-14,0.0,0.003223916543045639,-0.003223916543045639,
2019-05-15,0.0,0.004090968742433956,-0.004090968742433956,
2019-05-16,0.0,-0.010079424416731979,0.010079424416731979,
2019-05-17,0.0,0.010234316039989984,-0.010234316039989984,
2019-05-20,0.0,-0.0003081462964751318,0.0003081462964751318,
2019-05-21,0.0,0.03723140984603443,-0.03723140984603443,
2019-05-22,0.0,0.089072132891951,-0.089072132891951,
2019-05-23,0.0,0.006513113074240723,-0.006513113074240723,
2019-05-24,0.0,-0.027242714608950266,0.027242714608950266,
2019-05-27,0.0,-0.028851931734411782,0.028851931734411782,
2019-05-28,0.0,-0.013029278594096173,0.013029278594096173,
2019-05-29,0.0,-0.016709144892451996,0.016709144892451996,
2019-05-30,0.0,0.005788559458061201,-0.005788559458061201,
2019-05-31,0.0,-0.01969515359933459,0.01969515359933459,
2019-06-03,0.0,0.00905709415288006,-0.00905709415288006,
2019-06-04,0.0,-0.002505192948076328,0.002505192948076328,
2019-06-05,0.0,-0.03604048814032329,0.03604048814032329,
2019-06-06,0.0,-0.0207573348778686,0.0207573348778686,
2019-06-07,0.0,0.0069413097780065235,-0.0069413097780065235,
2019-06-10,0.0,-0.018127639550267423,0.018127639550267423,
2019-06-11,0.0,-0.014096071637477522,0.014096071637477522,
2019-06-12,0.0,-0.017488392784178637,0.017488392784178637,
2019-06-13,0.0,0.00011908230495866911,-0.00011908230495866911,
2019-06-14,0.0,0.018454186433246,-0.018454186433246,
2019-06-17,0.0,-0.002921933350338262,0.002921933350338262,
2019-06-18,0.0,0.05692043599705236,-0.05692043599705236,
2019-06-19,0.0,-0.04278428900041285,0.04278428900041285,
2019-06-20,0.0,-0.012936570292432354,0.012936570292432354,
2019-06-21,0.0,-0.009832706116439438,0.009832706116439438,
2019-06-24,0.0,-0.017246572891802123,0.017246572891802123,
2019-06-25,0.0,0.0019283026774649743,-0.0019283026774649743,
2019-06-26,0.0,0.03550467641300626,-0.03550467641300626,
2019-06-27,0.0,-0.023469832627714675,0.023469832627714675,
2019-06-28,0.0,0.010617277275708211,-0.010617277275708211,
2019-07-01,0.0,0.019655100022397957,-0.019655100022397957,
2019-07-02,0.0,0.011833971483509762,-0.011833971483509762,
2019-07-03,0.0,0.04369999475667115,-0.04369999475667115,
2019-07-04,0.0,0.004185732324638663,-0.004185732324638663,
2019-07-05,0.0,0.016074215072025236,-0.016074215072025236,
2019-07-08,0.0,-0.009389199781310406,0.009389199781310406,
2019-07-09,0.0,-0.01280351756073197,0.01280351756073197,
2019-07-10,0.0,0.04050075211796626,-0.04050075211796626,
2019-07-11,0.0,-0.01902755957502673,0.01902755957502673,
2019-07-12,0.0,-0.023607591620514845,0.023607591620514845,
2019-07-15,0.0,0.009495393488810552,-0.009495393488810552,
2019-07-16,0.0,0.005448726949923998,-0.005448726949923998,
2019-07-17,0.0,0.023484653822884647,-0.023484653822884647,
2019-07-18,0.0,-0.001221117230238485,0.001221117230238485,
2019-07-19,0.0,0.005904928642405665,-0.005904928642405665,
2019-07-22,0.0,-0.022725949532565144,0.022725949532565144,
2019-07-23,0.0,0.00538569890366554,-0.00538569890366554,
2019-07-24,0.0,-0.0336585489327949,0.0336585489327949,
2019-07-25,0.0,-0.005075327403831853,0.005075327403831853,
2019-07-26,0.0,-0.011164663855070192,0.011164663855070192,
2019-07-29,0.0,0.025181376882277888,-0.025181376882277888,
2019-07-30,0.0,0.010038416236236792,-0.010038416236236792,
2019-07-31,0.0,-0.018438604858980835,0.018438604858980835,
2019-08-01,0.0,0.006671410177785511,-0.006671410177785511,
2019-08-02,0.0,-0.005805888620520031,0.005805888620520031,
2019-08-05,0.0,-0.0008850281011440059,0.0008850281011440059,
2019-08-06,0.0,-0.014450930521621566,0.014450930521621566,
2019-08-07,0.0,0.004926936816438394,-0.004926936816438394,
2019-08-08,0.0,-0.009392024568072725,0.009392024568072725,
2019-08-09,0.0,0.004695720990615938,-0.004695720990615938,
2019-08-12,0.0,0.01902677853029265,-0.01902677853029265,
2019-08-13,0.0,0.006735405465390274,-0.006735405465390274,
2019-08-14,0.0,0.020643092531752175,-0.020643092531752175,
2019-08-15,0.0,0.0013217008538217426,-0.0013217008538217426,
2019-08-16,0.0,-0.023215062631131957,0.023215062631131957,
2019-08-19,0.0,-0.018318591867385395,0.018318591867385395,
2019-08-20,0.0,0.0020784350710826606,-0.0020784350710826606,
2019-08-21,0.0,-0.01126821756541614,0.01126821756541614,
2019-08-22,0.0,0.0007464031038401497,-0.0007464031038401497,
2019-08-23,0.0,0.0007935876778812144,-0.0007935876778812144,
2019-08-26,0.0,-0.006101072607139767,0.006101072607139767,
2019-08-27,0.0,0.008442858097910925,-0.008442858097910925,
2019-08-28,0.0,-0.0031305905828229587,0.0031305905828229587,
2019-08-29,0.0,0.004766893760437318,-0.004766893760437318,
2019-08-30,0.0,-0.011119983378200662,0.011119983378200662,
2019-09-02,0.0,0.009858044846280162,-0.009858044846280162,
2019-09-03,0.0,0.010585252849996025,-0.010585252849996025,
2019-09-04,0.0,0.01717481700581542,-0.01717481700581542,
2019-09-05,0.0,0.0027795391157476794,-0.0027795391157476794,
2019-09-06,0.0,-0.021874024272668956,0.021874024272668956,
2019-09-09,0.0,0.0026374853370040724,-0.0026374853370040724,
2019-09-10,0.0,0.001745898495075963,-0.001745898495075963,
2019-09-11,0.0,-0.008806795599445067,0.008806795599445067,
2019-09-12,0.0,-0.029329316800536288,0.029329316800536288,
2019-09-13,0.0,-0.004961337180727756,0.004961337180727756,
2019-09-16,0.0,0.0006113428144365259,-0.0006113428144365259,
2019-09-17,0.0,-0.002362736898200991,0.002362736898200991,
2019-09-18,0.0,-0.0006365883452688435,0.0006365883452688435,
2019-09-19,0.0,0.001189200462315746,-0.001189200462315746,
2019-09-20,0.0,-0.005872108926460188,0.005872108926460188,
2019-09-23,0.0,0.0012801920686311217,-0.0012801920686311217,
2019-09-24,0.0,0.003589121388237433,-0.003589121388237433,
2019-09-25,0.0,-0.0003491050516094546,0.0003491050516094546,
2019-09-26,0.0,0.0014021705996291219,-0.0014021705996291219,
2019-09-27,0.0,-0.01751422751894098,0.01751422751894098,
2019-09-30,0.0,-0.0049407687265344055,0.0049407687265344055,
2019-10-01,0.0,0.0023218749608318965,-0.0023218749608318965,
2019-10-02,0.0,-0.004215725348417766,0.004215725348417766,
2019-10-03,0.0,-0.003510487470587784,0.003510487470587784,
2019-10-04,0.0,0.0005806824052166282,-0.0005806824052166282,
2019-10-07,0.0,0.0025714490845024814,-0.0025714490845024814,
2019-10-08,0.0,0.004300738264640324,-0.004300738264640324,
2019-10-09,0.0,-0.016026563145758902,0.016026563145758902,
2019-10-10,0.0,-0.004675664655874524,0.004675664655874524,
2019-10-11,0.0,-0.013824385592263662,0.013824385592263662,
2019-10-14,0.0,-0.011524279849256061,0.011524279849256061,
2019-10-15,0.0,-0.039063737444674715,0.039063737444674715,
2019-10-16,0.0,-0.009326933851611038,0.009326933851611038,
2019-10-17,0.0,-0.022479423588372235,0.022479423588372235,
2019-10-18,0.0,-0.02721148419465768,0.02721148419465768,
2019-10-21,0.0,0.006214037761394916,-0.006214037761394916,
2019-10-22,0.0,-0.035424833048968464,0.035424833048968464,
2019-10-23,0.0,0.00535963061411997,-0.00535963061411997,
2019-10-24,0.0,0.027623548102218565,-0.027623548102218565,
2019-10-25,0.0,0.04661978004240214,-0.04661978004240214,
2019-10-28,0.0,0.0003983279643137604,-0.0003983279643137604,
2019-10-29,0.0,-0.036153504059722646,0.036153504059722646,
2019-10-30,0.0,-0.006166540169980925,0.006166540169980925,
2019-10-31,0.0,-0.005821607413408204,0.005821607413408204,
2019-11-01,0.0,0.003611567365797451,-0.003611567365797451,
2019-11-04,0.0,0.04168457058174576,-0.04168457058174576,
2019-11-05,0.0,-0.0006658776395030381,0.0006658776395030381,
2019-11-06,0.0,-0.010625412479839138,0.010625412479839138,
2019-11-07,0.0,-0.025713106022518854,0.025713106022518854,
2019-11-08,0.0,0.0004257137046501052,-0.0004257137046501052,
2019-11-11,0.0,-0.01192185799830084,0.01192185799830084,
2019-11-12,0.0,-0.031487312852905826,0.031487312852905826,
2019-11-13,0.0,0.00484477288396317,-0.00484477288396317,
2019-11-14,0.0,-0.011439640779581402,0.011439640779581402,
2019-11-15,0.0,-0.0004843810732176539,0.0004843810732176539,
2019-11-18,0.0,0.012383450072894217,-0.012383450072894217,
2019-11-19,0.0,-0.007938132291253413,0.007938132291253413,
2019-11-20,0.0,0.018782145305897623,-0.018782145305897623,
2019-11-21,0.0,0.008887118234046568,-0.008887118234046568,
2019-11-22,0.0,-0.005658084423112076,0.005658084423112076,
2019-11-25,0.0,-0.00849506363229177,0.00849506363229177,
2019-11-26,0.0,-0.021028412446674288,0.021028412446674288,
2019-11-27,0.0,-0.009218074492241851,0.009218074492241851,
2019-11-28,0.0,0.016686589107272033,-0.016686589107272033,
2019-11-29,0.0,0.011985857533210688,-0.011985857533210688,
2019-12-02,0.0,-0.005776995361459694,0.005776995361459694,
2019-12-03,0.0,-0.006469711176808227,0.006469711176808227,
2019-12-04,0.0,0.002088629720211214,-0.002088629720211214,
2019-12-05,0.0,0.021636800568412412,-0.021636800568412412,
2019-12-06,0.0,-0.010908790124418807,0.010908790124418807,
2019-12-09,0.0,-0.00991251449815953,0.00991251449815953,
2019-12-10,0.0,-0.0023556135620363267,0.0023556135620363267,
2019-12-11,0.0,-0.004478639795412398,0.004478639795412398,
2019-12-12,0.0,-0.004411033165317453,0.004411033165317453,
2019-12-13,0.0,0.010575894068134695,-0.010575894068134695,
2019-12-16,0.0,-0.0007580366417476228,0.0007580366417476228,
2019-12-17,0.0,0.011794372199584225,-0.011794372199584225,
2019-12-18,0.0,-0.009981617691585133,0.009981617691585133,
2019-12-19,0.0,0.027977793067252336,-0.027977793067252336,
2019-12-20,0.0,0.03694573500260637,-0.03694573500260637,
2019-12-23,0.0,-0.014203887535936873,0.014203887535936873,
2019-12-24,0.0,-0.015581633825385927,0.015581633825385927,
2019-12-25,0.0,-0.003122201473511412,0.003122201473511412,
2019-12-26,0.0,0.008722832958461279,-0.008722832958461279,
2019-12-27,0.0,-0.0017594231603851442,0.0017594231603851442,
2019-12-30,0.0,-0.014251633887885452,0.014251633887885452,
2019-12-31,0.0,0.0002778200232163923,-0.0002778200232163923,
2020-01-01,0.0,0.01578526982421003,-0.01578526982421003,
2020-01-02,0.0,-0.005644499878522369,0.005644499878522369,
2020-01-03,0.0,0.027591677939630195,-0.027591677939630195,
2020-01-06,0.0,0.006175049692488974,-0.006175049692488974,
2020-01-07,0.0,0.013762810651033035,-0.013762810651033035,
2020-01-08,0.0,-0.00895569542857218,0.00895569542857218,
2020-01-09,0.0,0.0022471569127667183,-0.0022471569127667183,
2020-01-10,0.0,-0.030647843239375992,0.030647843239375992,
2020-01-13,0.0,-0.029826969207570747,0.029826969207570747,
2020-01-14,0.0,-0.002655413986233115,0.002655413986233115,
2020-01-15,0.0,0.008922613075445736,-0.008922613075445736,
2020-01-16,0.0,0.008440259086274172,-0.008440259086274172,
2020-01-17,0.0,0.0012083291238175905,-0.0012083291238175905,
2020-01-20,0.0,0.004770834612548408,-0.004770834612548408,
2020-01-21,0.0,-0.010324469160386516,0.010324469160386516,
2020-01-22,0.0,0.013819403335356292,-0.013819403335356292,
2020-01-23,0.0,0.004471028841783705,-0.004471028841783705,
2020-01-24,0.0,0.015493791969392113,-0.015493791969392113,
2020-01-27,0.0,-0.0008684446049099349,0.0008684446049099349,
2020-01-28,0.0,-0.0012773185568966264,0.0012773185568966264,
2020-01-29,0.0,-0.0004434917679663014,0.0004434917679663014,
2020-01-30,0.0,0.0029240415135829106,-0.0029240415135829106,
2020-01-31,0.0,0.02557163982396463,-0.02557163982396463,
2020-02-03,0.0,0.0008630510846306034,-0.0008630510846306034,
2020-02-04,0.0,-0.020787903241775697,0.020787903241775697,
2020-02-05,0.0,0.0028690625080241257,-0.0028690625080241257,
2020-02-06,0.0,-0.01786472547199133,0.01786472547199133,
2020-02-07,0.0,0.008344028513765126,-0.008344028513765126,
2020-02-10,0.0,-0.022001631757473477,0.022001631757473477,
2020-02-11,0.0,0.008840827379897024,-0.008840827379897024,
2020-02-12,0.0,0.013263162037418707,-0.013263162037418707,
2020-02-13,0.0,-0.002083141936863376,0.002083141936863376,
2020-02-14,0.0,-0.0011301465481253373,0.0011301465481253373,
2020-02-17,0.0,-0.011366051389078024,0.011366051389078024,
2020-02-18,0.0,0.006160145098800126,-0.006160145098800126,
2020-02-19,0.0,-0.002419430309492049,0.002419430309492049,
2020-02-20,0.0,-0.003914736289432854,0.003914736289432854,
2020-02-21,0.0,-0.006274644338381256,0.006274644338381256,
2020-02-24,0.0,-0.006592623405489652,0.006592623405489652,
2020-02-25,0.0,1.2320853259247699e-05,-1.2320853259247699e-05,
2020-02-26,0.0,0.014116762271685436,-0.014116762271685436,
2020-02-27,0.0,0.005893615478907961,-0.005893615478907961,
2020-02-28,0.0,-0.0002703754305571231,0.0002703754305571231,
2020-03-02,0.0,0.002785482657270708,-0.002785482657270708,
2020-03-03,0.0,-0.012673370190186,0.012673370190186,
2020-03-04,0.0,-0.0028309376942776067,0.0028309376942776067,
2020-03-05,0.0,0.00264075401621033,-0.00264075401621033,
2020-03-06,0.0,-0.003461714780258901,0.003461714780258901,
2020-03-09,0.0,0.0033319009482956404,-0.0033319009482956404,
2020-03-10,0.0,0.0013270958381139668,-0.0013270958381139668,
2020-03-11,0.0,0.019749891849524435,-0.019749891849524435,
2020-03-12,0.0,0.0012339855716829921,-0.0012339855716829921,
2020-03-13,0.0,0.01672791804870815,-0.01672791804870815,
2020-03-16,0.0,-0.00776367709829226,0.00776367709829226,
2020-03-17,0.0,0.000377172582847189,-0.000377172582847189,
2020-03-18,0.0,0.009041491708204938,-0.009041491708204938,
2020-03-19,0.0,-0.009277071411665975,0.009277071411665975,
2020-03-20,0.0,0.0027217191219637143,-0.0027217191219637143,
2020-03-23,0.0,-0.012232659134483822,0.012232659134483822,
2020-03-24,0.0,0.020971531981870947,-0.020971531981870947,
2020-03-25,0.0,-0.004853959343046642,0.004853959343046642,
2020-03-26,0.0,0.017187396696337145,-0.017187396696337145,
2020-03-27,0.0,-0.008936195738429874,0.008936195738429874,
2020-03-30,0.0,0.007861737410234586,-0.007861737410234586,
2020-03-31,0.0,0.0016512484620846638,-0.0016512484620846638,
2020-04-01,0.0,-0.004922024618515522,0.004922024618515522,
2020-04-02,0.0,-0.014539872903955352,0.014539872903955352,
2020-04-03,0.0,-0.01726808279886433,0.01726808279886433,
2020-04-06,0.0,0.0022118554753938783,-0.0022118554753938783,
2020-04-07,0.0,0.012870776311364377,-0.012870776311364377,
2020-04-08,0.0,0.024489861232293565,-0.024489861232293565,
2020-04-09,0.0,-7.609497163728328e-05,7.609497163728328e-05,
2020-04-10,0.0,0.020645514865018474,-0.020645514865018474,
2020-04-13,0.0,-0.008868840930200801,0.008868840930200801,
2020-04-14,0.0,0.011406660644485339,-0.011406660644485339,
2020-04-15,0.0,-0.0038434286539131435,0.0038434286539131435,
2020-04-16,0.0,-0.008754239996929921,0.008754239996929921,
2020-04-17,0.0,-0.016877759342418114,0.016877759342418114,
2020-04-20,0.0,-0.0014851546427137844,0.0014851546427137844,
2020-04-21,0.0,-0.002806059796321157,0.002806059796321157,
2020-04-22,0.0,-0.008237186536408406,0.008237186536408406,
2020-04-23,0.0,0.010300461354831458,-0.010300461354831458,
2020-04-24,0.0,0.014581859876762733,-0.014581859876762733,
2020-04-27,0.0,0.011165320389323784,-0.011165320389323784,
2020-04-28,0.0,1.6938085257681116e-05,-1.6938085257681116e-05,
2020-04-29,0.0,0.012516540229088534,-0.012516540229088534,
2020-04-30,0.0,0.015571661153220485,-0.015571661153220485,
2020-05-01,0.0,-0.0025440030132601343,0.0025440030132601343,
2020-05-04,0.0,-0.0068071536933531135,0.0068071536933531135,
2020-05-05,0.0,0.016277674806066907,-0.016277674806066907,
2020-05-06,0.0,0.020656155352217744,-0.020656155352217744,
2020-05-07,0.0,0.013344303739562823,-0.013344303739562823,
2020-05-08,0.0,-0.005323830630181035,0.005323830630181035,
2020-05-11,0.0,-0.020756554790231193,0.020756554790231193,
2020-05-12,0.0,-0.007828159099403686,0.007828159099403686,
2020-05-13,0.0,-0.02674676449647299,0.02674676449647299,
2020-05-14,0.0,-0.0277720636078946,0.0277720636078946,
2020-05-15,0.0,-0.008424751785634232,0.008424751785634232,
2020-05-18,0.0,0.007631703671199204,-0.007631703671199204,
2020-05-19,0.0,0.0008958694858102274,-0.0008958694858102274,
2020-05-20,0.0,0.006467000731183391,-0.006467000731183391,
2020-05-21,0.0,0.006989119834137137,-0.006989119834137137,
2020-05-22,0.0,-0.024085683876566913,0.024085683876566913,
2020-05-25,0.0,0.004327231896400649,-0.004327231896400649,
2020-05-26,0.0,-0.013467839284317095,0.013467839284317095,
2020-05-27,0.0,0.008904446336542993,-0.008904446336542993,
2020-05-28,0.0,-0.0073549660726987525,0.0073549660726987525,
2020-05-29,0.0,0.01380723869549283,-0.01380723869549283,
2020-06-01,0.0,0.02659809550865612,-0.02659809550865612,
2020-06-02,0.0,0.011623061571266476,-0.011623061571266476,
2020-06-03,0.0,-0.0214527222207536,0.0214527222207536,
2020-06-04,0.0,-0.0019072550791780375,0.0019072550791780375,
2020-06-05,0.0,0.0010497090814530115,-0.0010497090814530115,0.15637729332578937
2020-06-08,0.0,-0.012611315248106252,0.012611315248106252,-0.10274689606002513
2020-06-09,0.00859182020916547,0.0012334638234264366,0.007358356385739033,0.06718390436254304
2020-06-10,-0.006354172797963866,-0.004155075864591545,-0.0021990969333723206,0.11704730798687811
2020-06-11,0.0033170383090065604,0.0007052337679090068,0.0026118045410975527,0.0023673189421876905
2020-06-12,0.00733741407402201,0.004843278238104029,0.0024941358359179856,-0.017077578922447916
2020-06-15,0.0001707104534557323,-0.0009498217793919572,0.001120532232847686,-0.028658749293763483
2020-06-16,-0.0010172990830061212,0.00010371993805230982,-0.001121019021058432,-0.018090226681217965
2020-06-17,-0.0019256473698567949,-0.0008885610185338237,-0.001037086351322972,0.0008199153531922398
2020-06-18,-0.0010640923368421158,0.0009275510457061147,-0.0019916433825482305,-0.1033837028953643
2020-06-19,5.161374141715916e-05,-0.00026275491614162526,0.00031436865755878453,0.049256921890673704
2020-06-22,-0.006607633110445767,-0.003148534932664102,-0.003459098177781667,-0.05677246454715873
2020-06-23,0.003057216434858681,-0.0005073500709658965,0.0035645665058245766,-0.07191181792057626
2020-06-24,-0.003350410640364794,-0.0019669043301995598,-0.0013835063101652343,-0.07714508707109684
2020-06-25,-0.004078839863520547,0.0011487064957504075,-0.005227546359270955,
2020-06-26,-0.004397636100692038,-0.0022859176529914614,-0.002111718447700573,
2020-06-29,0.0,-0.0047892233959932005,0.0047892233959932005,
2020-06-30,0.0,0.006296384600781251,-0.006296384600781251,
2020-07-01,0.0,-5.633437468291258e-05,5.633437468291258e-05,
2020-07-02,0.0,0.01434972135662494,-0.01434972135662494,
2020-07-03,0.0,0.006615803389257558,-0.006615803389257558,
2020-07-06,0.0,-0.011633723415101625,0.011633723415101625,
2020-07-07,0.0,0.002718196104383062,-0.002718196104383062,
2020-07-08,0.0,-0.016040751178871184,0.016040751178871184,
2020-07-09,0.0,-0.013524857303729565,0.013524857303729565,
2020-07-10,0.0,0.003567708883772389,-0.003567708883772389,
2020-07-13,0.0,0.0022481925491279814,-0.0022481925491279814,
2020-07-14,0.0,-0.004381352902583447,0.004381352902583447,
2020-07-15,0.0,0.007919199220060864,-0.007919199220060864,
2020-07-16,0.0,0.0029613066207511405,-0.0029613066207511405,
2020-07-17,0.0,0.006314271836175848,-0.006314271836175848,
2020-07-20,0.0,-0.0030053992904913907,0.0030053992904913907,
2020-07-21,0.0,0.0033619910860133067,-0.0033619910860133067,
2020-07-22,0.0,0.006492646868655306,-0.006492646868655306,
2020-07-23,0.0,-0.004691243468282909,0.004691243468282909,
2020-07-24,0.0,0.004006648309203252,-0.004006648309203252,
2020-07-27,0.0,-0.005942397391697347,0.005942397391697347,
2020-07-28,0.0,-0.002833080900826321,0.002833080900826321,
2020-07-29,0.0,-0.010090169365564314,0.010090169365564314,
2020-07-30,0.0,0.0044139450847438646,-0.0044139450847438646,
2020-07-31,0.0,-0.01153198727023456,0.01153198727023456,
2020-08-03,0.0,0.00915264253047362,-0.00915264253047362,
2020-08-04,0.0,-0.004964831408104933,0.004964831408104933,
2020-08-05,0.0,0.001454627938377673,-0.001454627938377673,
2020-08-06,0.0,0.0042397813488493415,-0.0042397813488493415,
2020-08-07,0.0,-0.0014117175207577976,0.0014117175207577976,
2020-08-10,0.0,-0.009004406613953282,0.009004406613953282,
2020-08-11,0.0,-0.0076935416609404715,0.0076935416609404715,
2020-08-12,0.0,-0.005590560087578325,0.005590560087578325,
2020-08-13,0.0,-0.007784609184056222,0.007784609184056222,
2020-08-14,0.0,0.0027177391515691373,-0.0027177391515691373,
2020-08-17,0.0,-0.01166756884331944,0.01166756884331944,
2020-08-18,0.0,-0.007276309575189408,0.007276309575189408,
2020-08-19,0.0,0.009537164518037135,-0.009537164518037135,
2020-08-20,0.0,-0.0013177298300369835,0.0013177298300369835,
2020-08-21,0.0,-0.0008173964583897719,0.0008173964583897719,
2020-08-24,0.0,-0.010733670996780275,0.010733670996780275,
2020-08-25,0.0,0.0005731522087093293,-0.0005731522087093293,
2020-08-26,0.0,-0.003589675237516387,0.003589675237516387,
2020-08-27,0.0,-0.007197116615462429,0.007197116615462429,
2020-08-28,0.0,0.00652404277517048,-0.00652404277517048,
2020-08-31,0.0,0.006512892721247678,-0.006512892721247678,
2020-09-01,0.0,0.012489779642260201,-0.012489779642260201,
2020-09-02,0.0,-0.008475239844568853,0.008475239844568853,0.23080560773308062
2020-09-03,0.0,-0.009006618644672212,0.009006618644672212,-0.09147554165380421
2020-09-04,0.017661654875016565,0.008421182613409444,0.009240472261607124,-0.011464931502802643
2020-09-07,-0.006301567910654509,-0.0031326307363203996,-0.0031689371743341115,-0.13631102979774057
2020-09-08,-0.000659773898617687,0.0005502400294578164,-0.0012100139280755034,-0.12025911462092746
2020-09-09,-0.008488485531275557,-0.007124117775866987,-0.0013643677554085708,0.12970781197549686
2020-09-10,-0.007953616138800015,-0.006941345523870825,-0.001012270614929191,-0.021994135204708092
2020-09-11,0.009671882030606396,0.003961928578359267,0.00570995345224713,0.028180663313798822
2020-09-14,-0.0015366620635737967,-0.0007584885697974417,-0.0007781734937763567,-0.170878805728592
2020-09-15,0.0017088016667469535,-0.00011311273751141594,0.0018219144042583698,0.07034979727760313
2020-09-16,-0.012452130016873777,-0.01001530970813299,-0.002436820308740791,0.04804291894535449
2020-09-17,0.00529396013943504,0.002595961223824491,0.0026979989156105475,-0.033601425946090904
2020-09-18,0.003504520555351617,0.0013539303528414901,0.002150590202510124,0.12490315515696734
2020-09-21,-0.0021320352117789342,0.0002475252917335288,-0.0023795605035124637,-0.11440453057412188
2020-09-22,0.008709532063575769,0.0035658751203276277,0.005143656943248139,0.0809505684108619
2020-09-23,-0.008993256556055283,-0.0036658802841467164,-0.005327376271908568,-0.029764744628478567
2020-09-24,0.006506905918556376,0.003935494067299667,0.0025714118512567066,0.18558651707515028
2020-09-25,-0.002577193956177797,0.007676642546539783,-0.010253836502717578,-0.03168603110931851
2020-09-28,0.014583479668872147,0.0067927719428988505,0.007790707725973299,0.008249738068765555
2020-09-29,-0.0026745943746107103,-0.004963478072837882,0.0022888836982271725,-0.13367648221718173
2020-09-30,0.0007072714489611499,-0.0035580934470958404,0.004265364896056994,-0.04196421026173276
2020-10-01,-0.007875431615585493,-0.007860362271523669,-1.5069344061823453e-05,
2020-10-02,-0.00362107819954837,-0.004738114298394349,0.0011170360988459773,
2020-10-05,0.0,-0.0053915912858541444,0.0053915912858541444,
2020-10-06,0.0,-0.01261028103119508,0.01261028103119508,
2020-10-07,0.0,-0.004307806467502854,0.004307806467502854,
2020-10-08,0.0,0.008246125060468887,-0.008246125060468887,
2020-10-09,0.0,0.014839334631807928,-0.014839334631807928,
2020-10-12,0.0,0.021935518427015195,-0.021935518427015195,
2020-10-13,0.0,0.025241139856736938,-0.025241139856736938,
2020-10-14,0.0,-0.026813205592909346,0.026813205592909346,
2020-10-15,0.0,-0.008627588325171194,0.008627588325171194,
2020-10-16,0.0,-0.02109110768301774,0.02109110768301774,
2020-10-19,0.0,0.004952590179839392,-0.004952590179839392,
2020-10-20,0.0,-0.01305348626105722,0.01305348626105722,
2020-10-21,0.0,0.007954463045062905,-0.007954463045062905,
2020-10-22,0.0,-0.003346307902778677,0.003346307902778677,
2020-10-23,0.0,-0.009342832379925222,0.009342832379925222,
2020-10-26,0.0,-0.008846231945739427,0.008846231945739427,
2020-10-27,0.0,-0.006992308018678185,0.006992308018678185,
2020-10-28,0.0,-0.005129096481977952,0.005129096481977952,
2020-10-29,0.0,-0.0006253895509767054,0.0006253895509767054,
2020-10-30,0.0,0.001892762893384652,-0.001892762893384652,
2020-11-02,0.0,0.025528293241086575,-0.025528293241086575,
2020-11-03,0.0,-0.00858685666606618,0.00858685666606618,
2020-11-04,0.0,-0.00010761906403001675,0.00010761906403001675,
2020-11-05,0.0,0.0028490311807447353,-0.0028490311807447353,
2020-11-06,0.0,-0.02197815777481773,0.02197815777481773,
2020-11-09,0.0,-0.00477789558476052,0.00477789558476052,
2020-11-10,0.0,-0.006550058604176762,0.006550058604176762,
2020-11-11,0.0,0.006841300199806065,-0.006841300199806065,
2020-11-12,0.0,0.0010563618200121585,-0.0010563618200121585,
2020-11-13,0.0,-0.004910861343395105,0.004910861343395105,
2020-11-16,0.0,-0.0006042401039037988,0.0006042401039037988,
2020-11-17,0.0,0.0027081551519583537,-0.0027081551519583537,
2020-11-18,0.0,-0.011493886622519071,0.011493886622519071,
2020-11-19,0.0,-0.0005593340132889912,0.0005593340132889912,
2020-11-20,0.0,-0.010209830929267655,0.010209830929267655,
2020-11-23,0.0,-0.013627379042599065,0.013627379042599065,
2020-11-24,0.0,-0.009354729537396052,0.009354729537396052,
2020-11-25,0.0,-0.0016956463333264711,0.0016956463333264711,
2020-11-26,0.0,0.004491288435012403,-0.004491288435012403,
2020-11-27,0.0,-0.00679275931023581,0.00679275931023581,
2020-11-30,0.0,0.009456813965767506,-0.009456813965767506,
2020-12-01,0.0,-0.006637453860139573,0.006637453860139573,
2020-12-02,0.0,0.01752758256466355,-0.01752758256466355,
2020-12-03,0.0,0.004887817336410831,-0.004887817336410831,
2020-12-04,0.0,-0.005402034953104325,0.005402034953104325,
2020-12-07,0.0,-0.009621290788947153,0.009621290788947153,
2020-12-08,0.0,0.01789303219583291,-0.01789303219583291,
2020-12-09,0.0,0.029543201683348803,-0.029543201683348803,
2020-12-10,0.0,-0.0026388916088522316,0.0026388916088522316,
2020-12-11,0.0,0.032185491269847585,-0.032185491269847585,
2020-12-14,0.0,-0.021664696355165384,0.021664696355165384,
2020-12-15,0.0,-0.013790648885360782,0.013790648885360782,
2020-12-16,0.0,0.002006776469411527,-0.002006776469411527,
2020-12-17,0.0,0.018090940533540645,-0.018090940533540645,
2020-12-18,0.0,-0.0026115295400722855,0.0026115295400722855,0.08862591994601063
2020-12-21,0.0,-0.005656957933851457,0.005656957933851457,0.006090111351014974
2020-12-22,0.00724763900591119,0.0024337018351102578,0.004813937170800932,0.18047692613010144
2020-12-23,0.00045181358476879276,-0.004231408602790102,0.004683222187558895,0.03185064104620821
2020-12-24,0.012202530876914794,0.0023733826833067595,0.009829148193608035,-0.09095617670665718
2020-12-25,0.002119334531960504,0.0012430755833855093,0.0008762589485749933,0.01648901769618655
2020-12-28,-0.00499054119486748,-0.003344265372918059,-0.0016462758219494217,-0.04895227472550087
2020-12-29,0.0012246959048914329,0.005236021791107655,-0.0040113258862162215,-0.06629898775702613
2020-12-30,-0.0034006915349112724,-0.0018749329962677985,-0.0015257585386434748,0.0005001233047978319
2020-12-31,-0.004112775666657657,-0.0018702638613302307,-0.0022425118053274267,-0.1257667369782968
2021-01-01,3.5990624664361754e-05,-0.00035470026634490566,0.0003906908910092672,
2021-01-04,-0.00997643733509421,-0.002302031800603361,-0.00767440553449085,
2021-01-05,0.0,-0.01602599203677727,0.01602599203677727,
2021-01-06,0.0,-0.012597692548155593,0.012597692548155593,
2021-01-07,0.0,0.01256552183890761,-0.01256552183890761,
2021-01-08,0.0,-0.006508637298693709,0.006508637298693709,
2021-01-11,0.0,-0.013777572975717694,0.013777572975717694,
2021-01-12,0.0,0.006506152719100707,-0.006506152719100707,
2021-01-13,0.0,-0.004831271920205563,0.004831271920205563,
2021-01-14,0.0,-0.010328393824407136,0.010328393824407136,
2021-01-15,0.0,-0.006367868356730182,0.006367868356730182,
2021-01-18,0.0,-0.008655309255931798,0.008655309255931798,
2021-01-19,0.0,-0.010407599890892669,0.010407599890892669,
2021-01-20,0.0,-0.00588886448778904,0.00588886448778904,
2021-01-21,0.0,0.007718282883105991,-0.007718282883105991,
2021-01-22,0.0,-0.013665000947728942,0.013665000947728942,
2021-01-25,0.0,0.005192437515172425,-0.005192437515172425,
2021-01-26,0.0,-0.010158171242403397,0.010158171242403397,
2021-01-27,0.0,-0.00903859944296639,0.00903859944296639,
2021-01-28,0.0,-0.0034767492918840247,0.0034767492918840247,
2021-01-29,0.0,-0.001801687183805529,0.001801687183805529,-0.001456587940332748
2021-02-01,0.0,0.0004860577877713461,-0.0004860577877713461,-0.03040009604035855
2021-02-02,-9.076935806520215e-05,-0.0013518351635648583,0.0012610658054996561,-0.053882497160289346
2021-02-03,-0.0022872532913600285,-0.0013136255406052373,-0.0009736277507547911,-0.08000260213255658
2021-02-04,-0.0038542468495875093,-0.005149659693892404,0.0012954128443048944,0.12777555498829382
2021-02-05,-0.004906574937056462,-0.0021746649837882243,-0.0027319099532682363,0.055659380172758066
2021-02-08,0.007968736083519293,0.009837834672283096,-0.001869098588763803,0.05567549895177656
2021-02-09,0.0032331482233508395,0.004536654921916433,-0.0013035066985655937,-0.11205794368414951
2021-02-10,0.0035593832557857296,0.007988307051446736,-0.004428923795661005,0.07040334658562994
2021-02-11,-0.008347190207419015,-0.0034666243929161837,-0.004880565814502831,
2021-02-12,0.004020625963559017,-0.0007994216154307721,0.004820047578989789,
2021-02-15,0.0,-0.003294288889812634,0.003294288889812634,
2021-02-16,0.0,-0.0013501247870475277,0.0013501247870475277,
2021-02-17,0.0,-0.006636041307760091,0.006636041307760091,
2021-02-18,0.0,-0.00488757708988207,0.00488757708988207,
2021-02-19,0.0,-0.002117126968559332,0.002117126968559332,
2021-02-22,0.0,-0.008627673952447864,0.008627673952447864,
2021-02-23,0.0,0.007134233479655941,-0.007134233479655941,
2021-02-24,0.0,0.011359259695704877,-0.011359259695704877,
2021-02-25,0.0,-0.017181643265141718,0.017181643265141718,
2021-02-26,0.0,-0.006095014395357845,0.006095014395357845,
2021-03-01,0.0,0.002069640851698449,-0.002069640851698449,
2021-03-02,0.0,0.015241060409696654,-0.015241060409696654,
2021-03-03,0.0,-0.00349120526548099,0.00349120526548099,
2021-03-04,0.0,-0.0062976261355942,0.0062976261355942,
2021-03-05,0.0,0.0009634770473169668,-0.0009634770473169668,
2021-03-08,0.0,-0.010603012439611797,0.010603012439611797,
2021-03-09,0.0,-0.008036272320411335,0.008036272320411335,
2021-03-10,0.0,-0.010542261271276736,0.010542261271276736,
2021-03-11,0.0,0.015657399981733662,-0.015657399981733662,
2021-03-12,0.0,-0.0076884240374510285,0.0076884240374510285,
2021-03-15,0.0,0.016071961440098533,-0.016071961440098533,
2021-03-16,0.0,-0.008166098482232828,0.008166098482232828,
2021-03-17,0.0,0.006413685855355155,-0.006413685855355155,
2021-03-18,0.0,-0.013897018092358856,0.013897018092358856,
2021-03-19,0.0,0.009867957579777636,-0.009867957579777636,
2021-03-22,0.0,0.0034135219084174264,-0.0034135219084174264,-0.34043305305875676
2021-03-23,0.0,-0.01812855301012779,0.01812855301012779,0.3600974507372436
2021-03-24,-0.03203392061442956,-0.014362084193123582,-0.017671836421305973,0.15137359634109127
2021-03-25,0.022460281979265594,0.01774279055814701,0.004717491421118587,-0.12037677270141413
2021-03-26,0.00963255328597526,0.0014776168026415515,0.008154936483333704,-0.2611822861818611
2021-03-29,-0.008408509415756044,-0.008314866088388159,-9.364332736788716e-05,0.0027322840734616653
2021-03-30,-0.019272881966095348,-0.005999794719933937,-0.013273087246161414,0.09756008470014624
2021-03-31,0.0002000848421750568,-0.0003235533609295266,0.0005236382031045886,-0.004093337215498832
2021-04-01,0.007208712134281539,0.011376311444997194,-0.004167599310715657,0.010899745727630781
2021-04-02,-0.00025972700228540924,-0.004419231840998981,0.004159504838713572,0.13348134522719374
2021-04-05,0.0008262610295661061,0.0022748722382776605,-0.0014486112087115522,
2021-04-06,0.010843175968101245,0.0021211825225524745,0.008721993445548772,
2021-04-07,0.0,-0.014995592235374293,0.014995592235374293,
2021-04-08,0.0,-0.01820925870479453,0.01820925870479453,
2021-04-09,0.0,0.000800871315891444,-0.000800871315891444,
2021-04-12,0.0,0.018718954827191454,-0.018718954827191454,
2021-04-13,0.0,0.0008548711280877585,-0.0008548711280877585,
2021-04-14,0.0,-0.006644888395983289,0.006644888395983289,
2021-04-15,0.0,-0.010479038881436718,0.010479038881436718,
2021-04-16,0.0,0.0023129574376214742,-0.0023129574376214742,
2021-04-19,0.0,-0.008759321823139984,0.008759321823139984,
2021-04-20,0.0,-0.015463831416252124,0.015463831416252124,
2021-04-21,0.0,0.011092837478479722,-0.011092837478479722,
2021-04-22,0.0,-0.01606653961241997,0.01606653961241997,
2021-04-23,0.0,0.02516953827782785,-0.02516953827782785,
2021-04-26,0.0,-0.007409727496560202,0.007409727496560202,
2021-04-27,0.0,-0.0024701908290848695,0.0024701908290848695,
2021-04-28,0.0,-0.008137611108234279,0.008137611108234279,
2021-04-29,0.0,-0.0025569633557628686,0.0025569633557628686,
2021-04-30,0.0,0.003880572026198256,-0.003880572026198256,
2021-05-03,0.0,0.012189862497120042,-0.012189862497120042,
2021-05-04,0.0,0.016625237134110148,-0.016625237134110148,
2021-05-05,0.0,0.029650210834629816,-0.029650210834629816,
2021-05-06,0.0,0.012554274618021022,-0.012554274618021022,
2021-05-07,0.0,-0.019322437258145173,0.019322437258145173,
2021-05-10,0.0,-0.00823145586919936,0.00823145586919936,
2021-05-11,0.0,0.02561872921892442,-0.02561872921892442,
2021-05-12,0.0,0.05272076310803163,-0.05272076310803163,
2021-05-13,0.0,-0.03131615247206898,0.03131615247206898,
2021-05-14,0.0,-0.019193349248858703,0.019193349248858703,
2021-05-17,0.0,-0.013388057166722934,0.013388057166722934,
2021-05-18,0.0,-0.011766322935842012,0.011766322935842012,
2021-05-19,0.0,-0.00037467126360550096,0.00037467126360550096,
2021-05-20,0.0,-0.005047653082470376,0.005047653082470376,
2021-05-21,0.0,0.011593100531204709,-0.011593100531204709,
2021-05-24,0.0,0.004286593092633131,-0.004286593092633131,
2021-05-25,0.0,0.002115159973092714,-0.002115159973092714,
2021-05-26,0.0,0.0071271603921832976,-0.0071271603921832976,
2021-05-27,0.0,-0.017110194622106355,0.017110194622106355,
2021-05-28,0.0,0.004151535075430697,-0.004151535075430697,
2021-05-31,0.0,3.9008195389593654e-05,-3.9008195389593654e-05,
2021-06-01,0.0,-0.009009248145839038,0.009009248145839038,
2021-06-02,0.0,0.023920051186749575,-0.023920051186749575,0.11341129658558453
2021-06-03,0.0,0.005405624809167048,-0.005405624809167048,-0.028805746514220684
2021-06-04,0.008803658037587753,0.008307037028001722,0.0004966210095860291,0.07197323412010348
2021-06-07,-0.0021100512796644296,-0.0029871841616671384,0.0008771328820027097,-0.0017177292845816034
2021-06-08,0.0063054785962488105,0.0038954042446679715,0.0024100743515808355,-0.017038075221008114
2021-06-09,-0.00010382564575480563,0.0011023343632263934,-0.0012061600089811973,-0.10924580519469801
2021-06-10,-0.0011375953308329755,-0.0031783898815039083,0.002040794550670931,0.08735623216913248
2021-06-11,-0.00810572943907277,-0.009226253389427546,0.0011205239503547758,0.037052582614624886
2021-06-14,0.00597704190523037,0.008247657370220506,-0.002270615464990135,
2021-06-15,0.0021393803159318117,0.0009831560906804343,0.0011562242252513774,
2021-06-16,0.0,0.04114425561216771,-0.04114425561216771,
2021-06-17,0.0,0.01295383194408076,-0.01295383194408076,
2021-06-18,0.0,0.07770435854654936,-0.07770435854654936,
2021-06-21,0.0,0.03125365142004066,-0.03125365142004066,
2021-06-22,0.0,-0.037172217833727955,0.037172217833727955,
2021-06-23,0.0,0.014292583531590774,-0.014292583531590774,
2021-06-24,0.0,-0.04260373429704139,0.04260373429704139,
2021-06-25,0.0,-0.01559430100200288,0.01559430100200288,
2021-06-28,0.0,0.011858343058394005,-0.011858343058394005,
2021-06-29,0.0,-0.016000924588894485,0.016000924588894485,
2021-06-30,0.0,-0.014510549324634405,0.014510549324634405,
2021-07-01,0.0,-0.0033756645677523603,0.0033756645677523603,
2021-07-02,0.0,-0.006706278375005043,0.006706278375005043,
2021-07-05,0.0,-0.006597776897188133,0.006597776897188133,
2021-07-06,0.0,-0.004013806448384596,0.004013806448384596,
2021-07-07,0.0,0.0011897215968885346,-0.0011897215968885346,
2021-07-08,0.0,-0.005613515661196839,0.005613515661196839,
2021-07-09,0.0,-0.006878660732422924,0.006878660732422924,
2021-07-12,0.0,-0.012839864032794506,0.012839864032794506,0.04727962138295461
2021-07-13,0.0,-0.012708130438021171,0.012708130438021171,0.022064051533610504
2021-07-14,0.0033298025353792927,0.0011098200018124851,0.002219982533566804,-0.07441672976650864
2021-07-15,0.0014279628920698328,0.002440236389813038,-0.0010122734977432053,0.1414798369888091
2021-07-16,-0.0044599878123848455,-0.0035015973663836348,-0.0009583904460012116,-0.015373238943574492
2021-07-19,0.007575120343206447,0.0013862760722497907,0.006188844270956657,-0.04967742695749508
2021-07-20,-0.0009806284011220408,-0.0027301157401388,0.0017494873390167592,0.000324003360224419
2021-07-21,-0.00281303290911115,0.0010778615187487118,-0.003890894427859861,0.018695213419508385
2021-07-22,2.146848381434207e-05,0.0005951558516967444,-0.0005736873678824032,-0.030141058830352632
2021-07-23,0.0013709651422967781,0.000167647386773352,0.0012033177555234283,0.026692651510324482
2021-07-26,-0.0020088268651679677,-0.00016426782074622712,-0.0018445590444217397,-0.08015283471533059
2021-07-27,0.0017144073534975748,0.0007547256967181365,0.0009596816567794388,0.05854233438825616
2021-07-28,-0.0046119896492874,-0.0026538863104733448,-0.001958103338814055,0.004761786664276773
2021-07-29,0.003635025978214428,0.004517862711914032,-0.000882836733699606,0.0651841564168838
2021-07-30,0.00027520064218557704,-0.00011697812420994116,0.00039217876639551646,0.11800553840612943
2021-08-02,0.004477250039735025,0.00014922220535378613,0.0043280278343812385,-0.03656180750733937
2021-08-03,0.0073842435310839975,0.0034705688570133963,0.0039136746740706,0.005583078896303499
2021-08-04,-0.002420602518269604,-0.0011404678780151572,-0.0012801346402544467,-0.023324780840456964
2021-08-05,0.00036479945379096733,-0.0014343350643560198,0.0017991345181469888,-0.026451121159904972
2021-08-06,-0.0015622387171428456,0.0003646892032188858,-0.0019269279203617306,-0.06893449574690533
2021-08-09,-0.0019075992977732707,0.0015925827397985856,-0.0035001820375718563,0.09184309544912071
2021-08-10,-0.004819301715669777,-0.0032413830554852393,-0.0015779186601845379,-0.029965017648758124
2021-08-11,0.006115444573751622,0.0036552969595072364,0.0024601476142443856,-0.13727252847524232
2021-08-12,-0.0019304341454842331,-0.0022655498456780193,0.00033511570019378184,-0.04812462581705653
2021-08-13,-0.008485888319430875,-0.0028621238943165785,-0.005623764425114293,0.022854179630035314
2021-08-16,-0.0032473163938374415,-0.00023624622203861911,-0.003011070171798823,-0.04099310926656358
2021-08-17,0.0013655658626908309,-0.0033059230820718377,0.004671488944762667,0.057405386949658965
2021-08-18,-0.0033112370996764865,-0.0007208930037125721,-0.0025903440959639153,-0.10452314404381251
2021-08-19,0.0034922425905281455,0.0021076269859568748,0.0013846156045712703,-0.15313418388857636
2021-08-20,-0.006667234602867526,-0.0008339044417543619,-0.005833330161113165,-0.03816284517014147
2021-08-23,-0.011603674014613482,-0.0054497384183483915,-0.006153935596265089,0.08773893396746779
2021-08-24,-0.002824595055481856,0.0021210585464292876,-0.004945653601911144,-0.0831777534348331
2021-08-25,0.0052946757327004875,-0.0007017473124851757,0.0059964230451856615,0.07158087763098989
2021-08-26,-0.005232095093603838,-0.004541532124304467,-0.0006905629692993721,0.016335978528076656
2021-08-27,0.00449235344311939,-0.0002348184418119459,0.004727171884931336,-0.04967169768982181
2021-08-30,0.001037747017751571,0.0004320678025607639,0.0006056792151908075,0.010877618044405226
2021-08-31,-0.0032365985995318623,0.006408528750946227,-0.009645127350478089,-0.03482431040799996
2021-09-01,0.0006542641101537545,0.0010871680029306725,-0.00043290389277691847,-0.030608768041910348
2021-09-02,-0.002477304818471304,-0.003473844095330752,0.0009965392768594484,-0.1444500067604806
2021-09-03,-0.002386586242442014,-0.002895264641342394,0.0005086783989003765,0.0037216925919912186
2021-09-06,-0.009345372786646277,-0.0020678506157222887,-0.007277522170923995,-0.08498432334930565
2021-09-07,0.00023727646570939273,0.003433637776868481,-0.003196361311159088,0.10697896796820633
2021-09-08,-0.004545215396765145,-0.0032162705402632233,-0.0013289448565019218,-0.07354580260023906
2021-09-09,0.006283068279741136,0.0011218373500334056,0.00516123092970773,0.05454535495638504
2021-09-10,-0.0038662729978628575,-0.002565793966528615,-0.0013004790313342416,0.17084221280978662
2021-09-13,0.0035690420593135356,-0.0002679050784600307,0.003836947137773569,0.09678786656158449
2021-09-14,0.009354567450497064,0.008198590967920532,0.0011559764825765286,0.004084647597314694
2021-09-15,0.006074846230035071,0.0021142076087987483,0.0039606386212363235,0.06741331618050558
2021-09-16,0.00024029429414081614,0.0013057649607650604,-0.0010654706666242452,0.03217727371153519
2021-09-17,0.004374555208325343,0.0035139575343624196,0.0008605976739629231,-0.056268760655762265
2021-09-20,0.00221767885123827,0.00500257648815655,-0.00278489763691828,
2021-09-21,-0.004058626308276369,-0.004029469466907631,-2.9156841368734032e-05,
2021-09-22,0.0,0.004404078479178571,-0.004404078479178571,
2021-09-23,0.0,-0.012694320813865801,0.012694320813865801,
2021-09-24,0.0,-0.014087427331121697,0.014087427331121697,
2021-09-27,0.0,-0.0124714932666154,0.0124714932666154,
2021-09-28,0.0,-0.002060835705612823,0.002060835705612823,
2021-09-29,0.0,-0.0011309200381898182,0.0011309200381898182,
2021-09-30,0.0,-0.013554008195932372,0.013554008195932372,
2021-10-01,0.0,0.0016433244418695852,-0.0016433244418695852,
2021-10-04,0.0,-0.004322052284347196,0.004322052284347196,
2021-10-05,0.0,-0.006915192523540971,0.006915192523540971,
2021-10-06,0.0,-0.0030044712751808858,0.0030044712751808858,
2021-10-07,0.0,0.0010294713229170261,-0.0010294713229170261,
2021-10-08,0.0,0.01020505420363994,-0.01020505420363994,
2021-10-11,0.0,-0.007652607470691967,0.007652607470691967,
2021-10-12,0.0,-0.0018522363207500955,0.0018522363207500955,
2021-10-13,0.0,0.030361587543465348,-0.030361587543465348,
2021-10-14,0.0,0.0009173654604771864,-0.0009173654604771864,
2021-10-15,0.0,0.005471847645775283,-0.005471847645775283,
2021-10-18,0.0,-0.005079063255952547,0.005079063255952547,
2021-10-19,0.0,0.0032256494144954706,-0.0032256494144954706,
2021-10-20,0.0,0.025527233235987136,-0.025527233235987136,
2021-10-21,0.0,0.004214758615878361,-0.004214758615878361,
2021-10-22,0.0,-0.012565982181942692,0.012565982181942692,
2021-10-25,0.0,-0.0021525669987305053,0.0021525669987305053,
2021-10-26,0.0,-0.014755359483733856,0.014755359483733856,
2021-10-27,0.0,-0.0007118059990725432,0.0007118059990725432,
2021-10-28,0.0,0.009124612647723688,-0.009124612647723688,
2021-10-29,0.0,-0.0022978834154994275,0.0022978834154994275,
2021-11-01,0.0,0.0005619994930956684,-0.0005619994930956684,
2021-11-02,0.0,0.010269790948715996,-0.010269790948715996,
2021-11-03,0.0,0.02181147613021992,-0.02181147613021992,
2021-11-04,0.0,0.02377471495406751,-0.02377471495406751,-0.02985897657637218
2021-11-05,0.0,0.01168246231243246,-0.01168246231243246,-0.052418439365381854
2021-11-08,-0.001633652003150637,0.0022679760178838278,-0.0039016280210344614,0.1462975494693571
2021-11-09,-0.0023053430867702963,-2.0834600278351288e-05,-0.002284508486491945,-0.05324576448867118
2021-11-10,0.0075766094288392625,0.0029718253351103843,0.0046047840937288795,0.03520733004895046
2021-11-11,-0.0025184391234802338,0.0005444037723840757,-0.0030628428958643077,-0.13736565731047343
2021-11-12,0.002134419613485119,0.0013385027543884147,0.0007959168590967076,0.008855107377004134
2021-11-15,-0.0060877516516069305,-0.0038532105400483803,-0.00223454111155855,0.06667808269493704
2021-11-16,0.00044826843937239083,0.0035353261969951477,-0.0030870577576227604,-0.014282710617221389
2021-11-17,0.00332344886096654,-0.00038984525688052097,0.00371329411784706,-0.002069213311297675
2021-11-18,-0.0007220386913699469,0.002009718645419499,-0.0027317573367894457,-0.027198266366453828
2021-11-19,-0.00011252061736786653,0.0013192609037211821,-0.0014317815210890452,0.043686781232953845
2021-11-22,-0.00115300817783938,-0.003350316615180655,0.002197308437341276,0.018298486679927
2021-11-23,0.0021982555508257102,-0.006055889679296978,0.008254145230122686,0.02247187919937702
2021-11-24,0.000932460165174042,-0.005966825804325861,0.006899285969499903,-0.14850579606933212
2021-11-25,0.0010904185452861592,-0.00301153993161778,0.004101958476903939,-0.011151516347288339
2021-11-26,-0.00737936500919456,-0.00901005943926798,0.001630694430073418,0.08412167219404684
2021-11-29,-0.000521153543042341,-0.0010266470161816002,0.0005054934731392592,-0.10243996203662946
2021-11-30,0.004304888064039643,0.0010746915355871033,0.0032301965284525407,0.003074911075758066
2021-12-01,-0.0043893365799392604,-0.005106099083641274,0.0007167625037020134,0.05494955564821005
2021-12-02,0.00017787118396374579,0.001321510425196667,-0.0011436392412329213,-0.08198217932654273
2021-12-03,0.00271719210337932,-0.0005033747425584427,0.0032205668459377654,0.1812958903850583
2021-12-06,-0.004208605294280859,-0.001091209572885713,-0.003117395721395147,-0.015468838979629074
2021-12-07,0.011308557181418108,0.002615172954955971,0.008693384226462132,-0.04136469241092888
2021-12-08,-0.000885019335182364,0.001217412036619124,-0.002102431371801489,0.2690296465726311
2021-12-09,-0.002307309632160602,0.0002762862130126706,-0.0025835958451732727,-0.07010065254193201
2021-12-10,0.022111018659390788,0.011330556388894622,0.010780462270496168,0.026912663104245324
2021-12-13,-0.003673182620177004,-0.003925048055105063,0.00025186543492805927,-0.05762536988988462
2021-12-14,0.0013271481949110727,-0.0012781793547803743,0.002605327549691448,0.06933446619232597
2021-12-15,-0.0030003654668233023,-0.003560426988700039,0.0005600615218767366,-0.07816873182002135
2021-12-16,0.0035737485951512996,0.002503971265100314,0.001069777330050984,-0.0018454190089574824
2021-12-17,-0.00490305445444411,-0.006035919878450244,0.0011328654240061325,0.02028591233667717
2021-12-20,-8.293529993001151e-05,0.0001287918240459897,-0.0002117271239760011,-0.03390102861051651
2021-12-21,0.000944281899237882,-0.00028186291685581904,0.001226144816093701,0.07074601789517752
2021-12-22,-0.002405781185558405,0.0002521785281816391,-0.0026579597137400446,-0.006878919007989564
2021-12-23,0.004243708312805526,-0.0018211914769748223,0.006064899789780347,-0.08414748286373683
2021-12-24,-0.00048297781831541575,0.0013839020475942955,-0.0018668798659097112,0.00012662322411570074
2021-12-27,-0.005465995494705585,-0.002239237031132272,-0.003226758463573308,-0.052898488267797764
2021-12-28,7.292917413392647e-06,0.0015765368460421755,-0.0015692439286287825,0.02441240801795951
2021-12-29,-0.003063367603010491,0.003445285922235552,-0.0065086535252460425,0.004337166245503824
2021-12-30,0.0014603281789256867,-0.001676476661964998,0.003136804840890687,0.026064707124147525
2021-12-31,0.00026150430760479956,0.0025159652305615887,-0.0022544609229567894,0.05860832343660234
2022-01-03,0.0014840269559117719,-0.004456438628272797,0.0059404655841845695,
2022-01-04,0.0038165906609869886,-0.0009910218924429458,0.004807612553429936,
2022-01-05,0.0,-0.0020242543427202364,0.0020242543427202364,
2022-01-06,0.0,0.006303654322774253,-0.006303654322774253,
2022-01-07,0.0,0.0025418890515957076,-0.0025418890515957076,
2022-01-10,0.0,-0.019210058758166653,0.019210058758166653,
2022-01-11,0.0,0.0008419068250076631,-0.0008419068250076631,
2022-01-12,0.0,-0.009214016327916982,0.009214016327916982,
2022-01-13,0.0,-0.005128464110054311,0.005128464110054311,
2022-01-14,0.0,-0.010513717745068854,0.010513717745068854,
2022-01-17,0.0,0.004269180272128099,-0.004269180272128099,
2022-01-18,0.0,-0.0022390565482789623,0.0022390565482789623,
2022-01-19,0.0,0.005993229071497551,-0.005993229071497551,
2022-01-20,0.0,0.001895907744379786,-0.001895907744379786,
2022-01-21,0.0,0.0037878272543280427,-0.0037878272543280427,
2022-01-24,0.0,0.002935533177543169,-0.002935533177543169,
2022-01-25,0.0,0.002849005682334801,-0.002849005682334801,
2022-01-26,0.0,-0.0029880775944341543,0.0029880775944341543,
2022-01-27,0.0,0.009733730278958035,-0.009733730278958035,
2022-01-28,0.0,0.02062469755427452,-0.02062469755427452,
2022-01-31,0.0,0.006169560357033357,-0.006169560357033357,
2022-02-01,0.0,0.006271439452801513,-0.006271439452801513,
2022-02-02,0.0,0.013122231272403407,-0.013122231272403407,
2022-02-03,0.0,0.0009944420047134465,-0.0009944420047134465,
2022-02-04,0.0,-0.014042525454242082,0.014042525454242082,
2022-02-07,0.0,-0.005631538286818101,0.005631538286818101,
2022-02-08,0.0,0.010319495838720279,-0.010319495838720279,
2022-02-09,0.0,0.002945882522778308,-0.002945882522778308,
2022-02-10,0.0,-0.0072332712399865995,0.0072332712399865995,
2022-02-11,0.0,-0.022109531459300804,0.022109531459300804,
2022-02-14,0.0,-0.00536293653638002,0.00536293653638002,
2022-02-15,0.0,-0.005231041655960249,0.005231041655960249,
2022-02-16,0.0,0.0028362670766998743,-0.0028362670766998743,
2022-02-17,0.0,-0.0047318747060916405,0.0047318747060916405,
2022-02-18,0.0,0.0011971636749138284,-0.0011971636749138284,
2022-02-21,0.0,0.006844027337502646,-0.006844027337502646,
2022-02-22,0.0,-0.00022637505546792603,0.00022637505546792603,
2022-02-23,0.0,-0.0054304076167316145,0.0054304076167316145,
2022-02-24,0.0,-0.010669347166912837,0.010669347166912837,
2022-02-25,0.0,0.0030413973953550217,-0.0030413973953550217,
2022-02-28,0.0,-0.004046140463775134,0.004046140463775134,
2022-03-01,0.0,-0.006480583821203192,0.006480583821203192,
2022-03-02,0.0,-0.009053343328909086,0.009053343328909086,
2022-03-03,0.0,-0.01267874789976598,0.01267874789976598,
2022-03-04,0.0,-0.003735301130439932,0.003735301130439932,0.0604658482800713
2022-03-07,0.0,-0.016144078679683368,0.016144078679683368,0.10071608117481182
2022-03-08,0.0031899470731573364,0.0030571799077928593,0.00013276716536447623,0.1508623777774219
2022-03-09,0.004876719702425231,0.003055433347027175,0.0018212863553980555,0.005609400416610301
2022-03-10,0.0106649883266888,0.006870662161687552,0.003794326165001249,-0.03684723874333709
2022-03-11,0.00035616005682720213,0.0009563538046722065,-0.0006001937478450044,0.18105044034595463
2022-03-14,-0.0023389734647035806,-0.0006875069030517116,-0.001651466561651869,-0.08672799198452895
2022-03-15,0.010949159015548104,0.009841315808729906,0.0011078432068181987,-0.041716504614900875
2022-03-16,-0.0052606644732211705,-0.0015154606407591046,-0.0037452038324620658,-0.18218378258767076
2022-03-17,-0.0023350625869646984,-0.00373539487766115,0.0014003322906964537,0.15273555611235237
2022-03-18,-0.008958445933438579,-0.005310009665432645,-0.003648436268005935,-0.10961168904078218
2022-03-21,0.009991100024155802,0.010016530587967748,-2.543056381194798e-05,0.09011532435924687
2022-03-22,-0.00599814167360129,-0.003629622642964618,-0.0023685190306366732,-0.012825878849071208
2022-03-23,0.0058770228303432264,-0.00020724842738778938,0.006084271257731015,-0.06490589055759426
2022-03-24,-0.0006427655532372785,-0.0027888436904613487,0.00214607813722407,-0.12663318834087023
2022-03-25,-0.0036419175118830183,-0.0032782843939967833,-0.00036363311788623585,0.07217014509974813
2022-03-28,-0.005819079144484456,-0.001711141806005611,-0.004107937338478845,0.09632103431216286
2022-03-29,0.004416339942728825,0.001842688666936591,0.0025736512757922343,0.11565482899815178
2022-03-30,0.004118982394421738,0.0010762694067427512,0.0030427129876789863,-0.18229374561920025
2022-03-31,0.005582630289811075,0.0030736546311496684,0.0025089756586614068,-0.04868532362395368
2022-04-01,-0.006892298963866965,-0.0008241904456181698,-0.0060681085182487954,-0.06775481672327893
2022-04-04,-0.002778259451162418,0.002376994943500542,-0.00515525439466296,
2022-04-05,-0.00431651607889892,-0.0010488661802155815,-0.0032676498986833388,
2022-04-06,0.0,0.000659829241847916,-0.000659829241847916,
2022-04-07,0.0,-0.0006891141251870733,0.0006891141251870733,
2022-04-08,0.0,0.01988808825022825,-0.01988808825022825,
2022-04-11,0.0,-0.008734435369861003,0.008734435369861003,
2022-04-12,0.0,0.0004870067353060106,-0.0004870067353060106,
2022-04-13,0.0,0.013647417096730261,-0.013647417096730261,
2022-04-14,0.0,-0.004727151757086137,0.004727151757086137,
2022-04-15,0.0,0.010798160704721223,-0.010798160704721223,
2022-04-18,0.0,-0.007002089908079555,0.007002089908079555,
2022-04-19,0.0,0.016010937969017012,-0.016010937969017012,
2022-04-20,0.0,-0.00953145542375149,0.00953145542375149,
2022-04-21,0.0,0.004027902786102057,-0.004027902786102057,
2022-04-22,0.0,-0.015075014955236355,0.015075014955236355,
2022-04-25,0.0,-0.007260599792679411,0.007260599792679411,
2022-04-26,0.0,-0.0022989354937336,0.0022989354937336,
2022-04-27,0.0,-0.0008425078664469078,0.0008425078664469078,
2022-04-28,0.0,-0.0017039133911223132,0.0017039133911223132,
2022-04-29,0.0,0.008088660782494702,-0.008088660782494702,
2022-05-02,0.0,0.0049529590710182,-0.0049529590710182,
2022-05-03,0.0,0.004173589616759055,-0.004173589616759055,
2022-05-04,0.0,-0.010493526797380692,0.010493526797380692,
2022-05-05,0.0,-0.011280342689050404,0.011280342689050404,
2022-05-06,0.0,0.00502430576920106,-0.00502430576920106,
2022-05-09,0.0,0.002783824205536961,-0.002783824205536961,
2022-05-10,0.0,-0.009454369477145095,0.009454369477145095,
2022-05-11,0.0,0.013179654561517191,-0.013179654561517191,
2022-05-12,0.0,-0.004873406954112111,0.004873406954112111,
2022-05-13,0.0,-0.008097914616732088,0.008097914616732088,
2022-05-16,0.0,0.004019215022676605,-0.004019215022676605,
2022-05-17,0.0,-0.0024059265186099233,0.0024059265186099233,
2022-05-18,0.0,0.0021290207447329347,-0.0021290207447329347,
2022-05-19,0.0,0.003820371186373938,-0.003820371186373938,
2022-05-20,0.0,0.003989067621469922,-0.003989067621469922,
2022-05-23,0.0,0.003605381158051931,-0.003605381158051931,
2022-05-24,0.0,0.026972873544187908,-0.026972873544187908,
2022-05-25,0.0,0.004131303328553446,-0.004131303328553446,
2022-05-26,0.0,0.020866670983288423,-0.020866670983288423,
2022-05-27,0.0,-0.0054492600886547424,0.0054492600886547424,
2022-05-30,0.0,-0.00039792147556122676,0.00039792147556122676,
2022-05-31,0.0,-0.018615923649210026,0.018615923649210026,
2022-06-01,0.0,-0.006790892891058294,0.006790892891058294,0.18369114649287638
2022-06-02,0.0,0.006210619867636762,-0.006210619867636762,-0.04130252985384074
2022-06-03,0.014068900685925975,0.009014560093784662,0.005054340592141313,
2022-06-06,-0.0024632516334955525,6.987542641485531e-06,-0.002470239176137038,
2022-06-07,0.0,-0.0035883870328344567,0.0035883870328344567,
2022-06-08,0.0,-0.0031047950373083643,0.0031047950373083643,
2022-06-09,0.0,0.01148295825076819,-0.01148295825076819,
2022-06-10,0.0,-0.006208350091077662,0.006208350091077662,
2022-06-13,0.0,0.012237819778767107,-0.012237819778767107,
2022-06-14,0.0,-0.007348504844655244,0.007348504844655244,
2022-06-15,0.0,-0.0042316369814364195,0.0042316369814364195,
2022-06-16,0.0,0.00018616295697233587,-0.00018616295697233587,
2022-06-17,0.0,-0.0006461381805603942,0.0006461381805603942,
2022-06-20,0.0,0.010530238227142387,-0.010530238227142387,
2022-06-21,0.0,0.003173303013564155,-0.003173303013564155,
2022-06-22,0.0,0.003323826942921526,-0.003323826942921526,
2022-06-23,0.0,-0.006375375026105604,0.006375375026105604,
2022-06-24,0.0,0.003514278310255758,-0.003514278310255758,
2022-06-27,0.0,-0.006326138363040525,0.006326138363040525,
2022-06-28,0.0,0.0009418883426717941,-0.0009418883426717941,
2022-06-29,0.0,-0.004149857565128374,0.004149857565128374,
2022-06-30,0.0,-0.00875596310628626,0.00875596310628626,
2022-07-01,0.0,-0.003099625195527215,0.003099625195527215,0.11757867454427649
2022-07-04,0.0,0.018999885662129352,-0.018999885662129352,0.013146561359706951
2022-07-05,0.00635778257982105,0.002952643697660397,0.003405138882160653,0.1492496526594813
2022-07-06,0.0006744192675230871,-0.0016630293563474445,0.0023374486238705297,-0.10218208508663516
2022-07-07,0.007478119428216751,0.0029200136583241686,0.004558105769892583,0.04154460397833147
2022-07-08,-0.006440612220053913,0.0008486745038668655,-0.007289286723920779,-0.011050147116653055
2022-07-11,0.0019162160921176931,0.0022302163054436354,-0.000314000213325942,0.08578047793784277
2022-07-12,-0.000624152428280677,-0.0005260277450975788,-9.812468318309842e-05,-0.0025426574189793927
2022-07-13,0.006245672010327731,-0.00040527444556033533,0.006650946455888066,-0.07062542560988212
2022-07-14,-0.00043224348589208754,0.0035969208755427355,-0.00402916436143482,-0.06887442698173284
2022-07-15,-0.0047403933463965936,0.002418572279653551,-0.007158965626050145,0.1602918769780468
2022-07-18,-0.0036771013480455836,-0.0013025950587304278,-0.0023745062893151562,0.22648610652087872
2022-07-19,0.009849410572552264,0.0012065106996299434,0.00864289987292232,0.06998847957553125
2022-07-20,0.016712462481953867,0.004091435823138558,0.012621026658815305,0.043283962687326635
2022-07-21,0.004077619279461594,0.002346502000237824,0.0017311172792237699,-0.1134393950095452
2022-07-22,0.002832181720785759,0.0011996034254516982,0.0016325782953340601,0.03314303397308877
2022-07-25,-0.005984770307657024,-0.0007803728816264711,-0.005204397426030552,0.04500246406190623
2022-07-26,0.001829052223494121,0.002722854845289757,-0.0008938026217956349,0.061800932323655695
2022-07-27,0.0025186218780339376,0.0011029240144859818,0.0014156978635479558,-0.09222194982925291
2022-07-28,0.0028103187153172443,-0.002009855373756619,0.004820174089073863,0.095810534251741
2022-07-29,-0.0045216813576506995,-0.0014578819484390446,-0.0030637994092116544,-0.12514909317105505
2022-08-01,0.0036363873904224917,0.0011409782122449843,0.002495409178177507,0.10281746057455152
2022-08-02,-0.004761824180872657,-3.608486303453232e-05,-0.0047257393178381235,0.002043741264103537
2022-08-03,0.005161184489683993,-0.00014418981667829777,0.005305374306362291,-0.010802740228307014
2022-08-04,0.00010918828200324679,0.0008274322518192273,-0.0007182439698159805,0.07559355154502403
2022-08-05,-0.00046752956714307854,0.000972288453724034,-0.001439818020867116,-0.05713352094281437
2022-08-08,0.0035010118551830624,-0.0008505862448031157,0.004351598099986179,0.009862385733746691
2022-08-09,-0.0026296496568317842,-0.002562065223357346,-6.758443347443786e-05,-0.0800878068053498
2022-08-10,0.0005314007406495198,0.0012790347525102534,-0.000747634011860734,0.04343454451893838
2022-08-11,-0.004385894346802843,-0.0016534827865405956,-0.0027324115602622486,-0.04182263881792339
2022-08-12,0.001672152189057519,0.00028010390996610884,0.0013920482790914105,0.0244097608164412
2022-08-15,-0.001739924502568273,-0.0007182351512016218,-0.0010216893513666503,0.053707857122341954
2022-08-16,0.0010869293834594907,0.001031224210042918,5.5705173416572114e-05,-0.10095456226148875
2022-08-17,0.002440986851287595,0.0009983745501124144,0.0014426123011751807,0.08977248044125548
2022-08-18,-0.00552417578374869,-0.0017644095739740486,-0.00375976620977464,-0.031774719734230496
2022-08-19,0.004733412122504508,0.007193699883417558,-0.0024602877609130503,-0.014104399723307754
2022-08-22,-0.0013754438686310968,-0.0008123902246437251,-0.0005630536439873712,0.011633640874310895
2022-08-23,-0.0006426226931174964,0.001439138519354597,-0.0020817612124720934,0.0765896298058201
2022-08-24,0.0005889693580736792,0.0006634595406066271,-7.44901825329488e-05,-0.05902838950931227
2022-08-25,0.004133850354976964,0.004454570271648623,-0.0003207199166716586,0.05518497675134474
2022-08-26,-0.002367540693785953,-0.0014607617842344433,-0.0009067789095515099,-0.05698231097953142
2022-08-29,0.002537254353294316,0.0021518672209331997,0.00038538713236111686,-0.01395110482236042
2022-08-30,-0.0030260272894211833,-0.001932470629893227,-0.0010935566595279564,-0.22691970822017607
2022-08-31,-0.0007941464456718158,-0.0014494894568828727,0.0006553430112110565,
2022-09-01,-0.003254246337885928,-0.0026138849011305217,-0.0006403614367554069,
2022-09-02,0.0,0.00768875977512575,-0.00768875977512575,
2022-09-05,0.0,-0.0013758931866097277,0.0013758931866097277,
2022-09-06,0.0,0.017254909421483364,-0.017254909421483364,
2022-09-07,0.0,-0.004312929679623124,0.004312929679623124,
2022-09-08,0.0,0.007559396475821774,-0.007559396475821774,
2022-09-09,0.0,0.008614607215510859,-0.008614607215510859,
2022-09-12,0.0,-0.010627522400059977,0.010627522400059977,
2022-09-13,0.0,0.018755904700897205,-0.018755904700897205,
2022-09-14,0.0,0.007242553672301482,-0.007242553672301482,
2022-09-15,0.0,-0.005196977195870279,0.005196977195870279,
2022-09-16,0.0,0.017101180340238456,-0.017101180340238456,
2022-09-19,0.0,-0.0007770540474567433,0.0007770540474567433,
2022-09-20,0.0,0.01701840529989099,-0.01701840529989099,
2022-09-21,0.0,-0.010785876702232756,0.010785876702232756,
2022-09-22,0.0,-0.028202699930752504,0.028202699930752504,
2022-09-23,0.0,-0.002084321434645851,0.002084321434645851,
2022-09-26,0.0,0.00781313024348766,-0.00781313024348766,
2022-09-27,0.0,-0.0026235046599997957,0.0026235046599997957,
2022-09-28,0.0,-0.01724566110658583,0.01724566110658583,
2022-09-29,0.0,0.006411213980004185,-0.006411213980004185,
2022-09-30,0.0,-0.004067321994949868,0.004067321994949868,
2022-10-03,0.0,0.016099704444417686,-0.016099704444417686,
2022-10-04,0.0,-0.0020077526024453994,0.0020077526024453994,
2022-10-05,0.0,-0.010296174940386753,0.010296174940386753,
2022-10-06,0.0,-0.0004274416405863538,0.0004274416405863538,
2022-10-07,0.0,0.011297599374360076,-0.011297599374360076,
2022-10-10,0.0,0.005068902019201272,-0.005068902019201272,
2022-10-11,0.0,-0.0021963988826108984,0.0021963988826108984,
2022-10-12,0.0,-0.003156386631249136,0.003156386631249136,
2022-10-13,0.0,0.007795115659043933,-0.007795115659043933,
2022-10-14,0.0,0.006849673577891714,-0.006849673577891714,
2022-10-17,0.0,0.005303733683154331,-0.005303733683154331,
2022-10-18,0.0,-0.016610941116328812,0.016610941116328812,
2022-10-19,0.0,0.0059734068649401895,-0.0059734068649401895,
2022-10-20,0.0,0.0047029279312047,-0.0047029279312047,
2022-10-21,0.0,-0.004199733519380571,0.004199733519380571,
2022-10-24,0.0,-0.009193226050054118,0.009193226050054118,
2022-10-25,0.0,0.003255964911953276,-0.003255964911953276,
2022-10-26,0.0,0.0008926918933298142,-0.0008926918933298142,
2022-10-27,0.0,-0.0015536127147302119,0.0015536127147302119,
2022-10-28,0.0,-0.0068706074512043845,0.0068706074512043845,
2022-10-31,0.0,0.005088419782736601,-0.005088419782736601,
2022-11-01,0.0,0.00730391298695606,-0.00730391298695606,
2022-11-02,0.0,0.0016628180567417425,-0.0016628180567417425,
2022-11-03,0.0,0.01817631245053901,-0.01817631245053901,
2022-11-04,0.0,0.01012401376620304,-0.01012401376620304,0.030325320294190473
2022-11-07,0.0,0.00907773071988802,-0.00907773071988802,0.09199332971361425
2022-11-08,0.0016866633540004485,0.00016103466254161272,0.0015256286914588357,-0.145800684451408
2022-11-09,0.005017361042150132,0.004363797258492907,0.0006535637836572253,0.02502099257734743
2022-11-10,-0.006283337359954877,-0.0014430156341132712,-0.004840321725841607,0.15516780474593056
2022-11-11,0.0009620632788988556,-0.0026996876886142135,0.003661750967513069,0.06540937253003071
2022-11-14,0.00810539428652007,0.002585006286395495,0.005520388000124575,0.08584017026838542
2022-11-15,0.00459730722557482,0.00010492510385919432,0.004492382121715625,-0.09697903297422952
2022-11-16,0.006250093227337379,0.003797654901475467,0.0024524383258619116,-0.006906007231753439
2022-11-17,-0.003547498594356568,0.0005324511299891039,-0.004079949724345672,-0.05626768701807759
2022-11-18,-0.0001860528917976168,-0.0013767961984473692,0.0011907433066497518,-0.08395923978157496
2022-11-21,-0.0022968593973559477,-0.0032720913838845305,0.0009752319865285828,0.05629075131842505
2022-11-22,-0.004259072073184487,-0.005638308985882886,0.001379236912698402,-0.08158057958798007
2022-11-23,0.003055248935004875,0.002059187761499501,0.000996061173505375,0.08468808041373856
2022-11-24,-0.00491750809711846,-0.0016609794541714502,-0.0032565286429470097,-0.02239290462238995
2022-11-25,0.004751351789209112,0.0023839249639128,0.002367426825296313,-0.008995792356838145
2022-11-28,-0.0007857181557139028,-0.0010457468499903938,0.0002600286942764907,-0.04291321236457646
2022-11-29,-0.0003834989752040706,-8.986289146638814e-05,-0.00029363608373768335,-0.05519554901078116
2022-11-30,-0.0010877587321643947,-0.0031114895369246795,0.002023730804760284,0.21646047257259948
2022-12-01,-0.0017833058040798914,-0.004654487687876926,0.0028711818837970342,0.004255875188446827
2022-12-02,0.007521301581278957,0.003735469281247175,0.0037858323000317844,-0.0570062776034921
2022-12-05,0.00020838641090576348,-7.156688734631829e-05,0.0002799532982520822,-0.1213265996675499
2022-12-06,-0.001786437888291682,-0.003314216446725661,0.0015277785584339783,-0.051878553135765365
2022-12-07,-0.005444843975199426,-0.0021869933652091263,-0.0032578506099902992,-0.05204180447142066
2022-12-08,-0.0018493088715818371,-0.0015668156498537637,-0.0002824932217280734,-0.13384761751869853
2022-12-09,-0.0025076066558603442,-0.001002258888490275,-0.0015053477673700692,-0.012143711416945644
2022-12-12,-0.006367692280977157,-0.004230179003667213,-0.002137513277309943,0.028240884089240838
2022-12-13,-0.0006745714690825754,0.0018547565462112311,-0.002529328015293806,-0.05685078447877471
2022-12-14,0.0013654635658363853,-0.00043377254966343176,0.0017992361154998172,0.04292120066631758
2022-12-15,-0.002403986462790896,-0.0035874810050392676,0.0011834945422483697,0.05453116569594174
2022-12-16,0.0020663814435902417,0.0002320923350820495,0.0018342891085081931,-0.06030804352996127
2022-12-19,0.003508742174086252,0.003578173446148275,-6.943127206202222e-05,0.0016874600368590306
2022-12-20,-0.0030334826103667455,-0.002115317634178202,-0.0009181649761885442,-0.019082376070312213
2022-12-21,9.492846380534242e-05,-0.000845916130025038,0.0009408445938303804,0.010536627245778847
2022-12-22,-0.0009297102584285193,-0.000558377451499021,-0.0003713328069294992,0.016827748956189312
2022-12-23,0.0005508604388926369,-0.0014441364357202211,0.0019949968746128576,0.002223280110880028
2022-12-26,0.0008468785134987857,0.0019421524757879827,-0.0010952739622891961,0.06112156024568543
2022-12-27,9.521161452078798e-05,-0.002188359373594991,0.0022835709881157806,0.012320904298083392
2022-12-28,0.002614693407488413,-0.0002462484942627333,0.0028609419017511474,-0.02723818066492163
2022-12-29,0.0004959348877734259,0.0009046909191556454,-0.0004087560313822177,0.07990174559083649
2022-12-30,-0.0012214131559311401,-0.0036408635483978742,0.0024194503924667345,0.08144176577805916
2023-01-02,0.0031030162081894424,0.0013649857277372559,0.0017380304804521874,
2023-01-03,0.0034192425043889367,-0.00022456222998759774,0.003643804734376534,
2023-01-04,0.0,0.000559330937435388,-0.000559330937435388,
2023-01-05,0.0,0.015096370676396922,-0.015096370676396922,
2023-01-06,0.0,-0.006122915605420127,0.006122915605420127,
2023-01-09,0.0,0.012888034684368155,-0.012888034684368155,
2023-01-10,0.0,0.0031461898678247224,-0.0031461898678247224,
2023-01-11,0.0,0.013754412855245037,-0.013754412855245037,
2023-01-12,0.0,-0.006918134308216038,0.006918134308216038,
2023-01-13,0.0,-0.01740999197062834,0.01740999197062834,
2023-01-16,0.0,-0.012286200307465737,0.012286200307465737,
2023-01-17,0.0,-0.0003870656479252538,0.0003870656479252538,
2023-01-18,0.0,0.0032648736011821207,-0.0032648736011821207,
2023-01-19,0.0,0.00460602835801989,-0.00460602835801989,
2023-01-20,0.0,0.01703963721428564,-0.01703963721428564,
2023-01-23,0.0,0.02057361289432977,-0.02057361289432977,
2023-01-24,0.0,-0.004253739400927463,0.004253739400927463,
2023-01-25,0.0,0.00754214397917494,-0.00754214397917494,
2023-01-26,0.0,-0.01607860143919789,0.01607860143919789,
2023-01-27,0.0,0.006507363358765678,-0.006507363358765678,
2023-01-30,0.0,0.002721849157246353,-0.002721849157246353,
2023-01-31,0.0,0.005070090025045667,-0.005070090025045667,
2023-02-01,0.0,0.02388647360247262,-0.02388647360247262,
2023-02-02,0.0,0.0056156006800313,-0.0056156006800313,
2023-02-03,0.0,0.011529481657439307,-0.011529481657439307,
2023-02-06,0.0,0.05614775164293466,-0.05614775164293466,
2023-02-07,0.0,-0.00909742069146772,0.00909742069146772,
2023-02-08,0.0,-0.01672252481531403,0.01672252481531403,
2023-02-09,0.0,-0.033442792544812354,0.033442792544812354,
2023-02-10,0.0,0.0014091376235810715,-0.0014091376235810715,
2023-02-13,0.0,0.028495131594003045,-0.028495131594003045,
2023-02-14,0.0,0.029780562843360052,-0.029780562843360052,
2023-02-15,0.0,0.04396174732367187,-0.04396174732367187,
2023-02-16,0.0,0.01416835097703371,-0.01416835097703371,
2023-02-17,0.0,0.040114331741948915,-0.040114331741948915,
2023-02-20,0.0,0.07477229541531462,-0.07477229541531462,
2023-02-21,0.0,-0.03898763194037289,0.03898763194037289,
2023-02-22,0.0,-0.010144086578614781,0.010144086578614781,
2023-02-23,0.0,-0.056514456110275446,0.056514456110275446,
2023-02-24,0.0,-0.024024139218242258,0.024024139218242258,-0.0019073774564150232
2023-02-27,0.0,-0.009330923034812557,0.009330923034812557,-0.029559735625128026
2023-02-28,-9.524965542754161e-05,-0.00035531557536706143,0.0002600659199395207,-0.04635302839287394
2023-03-01,-0.0015571208587813442,-0.003473758209739537,0.0019166373509581919,-0.009243873474394195
2023-03-02,-0.002851640545676397,-0.0077380595539556386,0.004886419008279238,0.09545278930797849
2023-03-03,-0.0005265715109613414,-0.006054671392007181,0.00552809988104584,-0.12062126741609352
2023-03-06,0.005242887558541702,0.0021254568021671187,0.003117430756374582,0.20388100003891227
2023-03-07,-0.009974311474884024,-0.003908712200793717,-0.006065599274090318,0.17673241039693008
2023-03-08,0.01075729123886801,0.007558455208720845,0.003198836030147166,0.16154644874809176
2023-03-09,0.011281411856562661,0.006753531321701959,0.0045278805348607015,0.01938117597189066
2023-03-10,0.011510294955659604,0.009810151902021632,0.0017001430536379733,-0.03640067941977861
2023-03-13,0.0010156522442856548,-0.0005890520935253121,0.001604704337810967,-0.22861584166074014
2023-03-14,-0.0018758259560604051,-0.0023697969542404787,0.000493970998180074,0.1765848554856524
2023-03-15,-0.014791949926030046,-0.0062471098385532674,-0.008544840087476779,0.11858355493923096
2023-03-16,0.00979769483597311,0.004438355860472804,0.005359338975500304,0.17180214322443296
2023-03-17,0.006652682636360105,0.002915085073518172,0.003737597562841935,0.034528022344111946
2023-03-20,0.01040432194032755,0.005143615956382196,0.005260705983945354,-0.054013729688434715
2023-03-21,0.002051720522931345,-0.0010244684532964487,0.003076188976227793,0.04438425121902786
2023-03-22,-0.0026209633972625167,0.00043785965152061835,-0.003058823048783135,0.1290752008186425
2023-03-23,0.002338209519077414,0.000854234432767843,0.0014839750863095708,-0.018829925902819906
2023-03-24,0.006500326646097358,0.004605648019749917,0.0018946786263474395,0.0035716805109800164
2023-03-27,-0.0008764257694927726,-0.001287910823791928,0.0004114850542991555,-0.08983251826356424
2023-03-28,0.0002145689806185248,-8.91295719794398e-06,0.00022348193781646965,-0.023182369758962103
2023-03-29,-0.004505783303758234,-0.005511291281497762,0.0010055079777395275,-0.004466508347349477
2023-03-30,-0.0014714837169303718,-0.003179892772394081,0.0017084090554637093,-0.16086076491457774
2023-03-31,-0.0003030706537604194,-0.004521701412634124,0.004218630758873701,-0.0981802433995869
2023-04-03,-0.010811541505281347,-0.008254159891682137,-0.0025573816135992093,0.055685246794141934
2023-04-04,-0.00746210359764134,-0.004883446905998824,-0.0025786566916425196,-0.17464863986372783
2023-04-05,0.004232957532051973,0.004132478575348545,0.00010047895670342588,
2023-04-06,-0.01267007199236859,-0.007463161498518937,-0.005206910493849651,
2023-04-07,0.0,-0.02109568906464457,0.02109568906464457,
2023-04-10,0.0,0.0019978644433470655,-0.0019978644433470655,
2023-04-11,0.0,0.006745289864110125,-0.006745289864110125,
2023-04-12,0.0,0.020415552701147144,-0.020415552701147144,
2023-04-13,0.0,-0.012685908039442872,0.012685908039442872,
2023-04-14,0.0,0.02064724726309133,-0.02064724726309133,
2023-04-17,0.0,-0.0033177625860921008,0.0033177625860921008,
2023-04-18,0.0,0.009951837901241902,-0.009951837901241902,
2023-04-19,0.0,0.0249473388327285,-0.0249473388327285,
2023-04-20,0.0,0.05592570628238434,-0.05592570628238434,
2023-04-21,0.0,-0.052052406338793676,0.052052406338793676,
2023-04-24,0.0,0.002725055208302864,-0.002725055208302864,
2023-04-25,0.0,0.0047555955388293115,-0.0047555955388293115,
2023-04-26,0.0,0.006412356884592414,-0.006412356884592414,
2023-04-27,0.0,-0.0009985602913868588,0.0009985602913868588,
2023-04-28,0.0,-0.01662213705590184,0.01662213705590184,
2023-05-01,0.0,-0.0021771026858558164,0.0021771026858558164,
2023-05-02,0.0,-0.01565432963183174,0.01565432963183174,
2023-05-03,0.0,-0.02770176086513657,0.02770176086513657,
2023-05-04,0.0,0.00722027182348186,-0.00722027182348186,
2023-05-05,0.0,-0.018550251733945883,0.018550251733945883,
2023-05-08,0.0,-0.004495218297597503,0.004495218297597503,
2023-05-09,0.0,0.014261058739461787,-0.014261058739461787,
2023-05-10,0.0,-0.012706216147319373,0.012706216147319373,
2023-05-11,0.0,0.008744554887749247,-0.008744554887749247,
2023-05-12,0.0,0.0142408013931827,-0.0142408013931827,
2023-05-15,0.0,-0.0072290135988696816,0.0072290135988696816,
2023-05-16,0.0,0.006866680500552096,-0.006866680500552096,
2023-05-17,0.0,-0.003548383752304115,0.003548383752304115,
2023-05-18,0.0,-0.01318156156491217,0.01318156156491217,
2023-05-19,0.0,-0.0022480313448198274,0.0022480313448198274,
2023-05-22,0.0,0.010555612450275762,-0.010555612450275762,
2023-05-23,0.0,-0.002954783963302532,0.002954783963302532,
2023-05-24,0.0,0.02208852121070867,-0.02208852121070867,
2023-05-25,0.0,0.00888474791109271,-0.00888474791109271,
2023-05-26,0.0,-0.005242406943657405,0.005242406943657405,
2023-05-29,0.0,0.01170995644757509,-0.01170995644757509,
2023-05-30,0.0,-0.0003297093664174745,0.0003297093664174745,
2023-05-31,0.0,0.007126498718361423,-0.007126498718361423,
2023-06-01,0.0,-0.005103079421219613,0.005103079421219613,
2023-06-02,0.0,0.019789053132105168,-0.019789053132105168,
2023-06-05,0.0,0.001710644489625959,-0.001710644489625959,
2023-06-06,0.0,0.015023876096337782,-0.015023876096337782,
2023-06-07,0.0,0.03274390714956204,-0.03274390714956204,
2023-06-08,0.0,-0.014303373737113045,0.014303373737113045,
2023-06-09,0.0,-0.0038452220603306204,0.0038452220603306204,
2023-06-12,0.0,-0.01027280232548043,0.01027280232548043,
2023-06-13,0.0,0.009593338935630979,-0.009593338935630979,
2023-06-14,0.0,-0.0029330035512024595,0.0029330035512024595,
2023-06-15,0.0,0.004941138247258903,-0.004941138247258903,
2023-06-16,0.0,-0.01102858632299008,0.01102858632299008,
2023-06-19,0.0,0.008096173801634368,-0.008096173801634368,
2023-06-20,0.0,0.024065329984568014,-0.024065329984568014,
2023-06-21,0.0,0.00073499090839492,-0.00073499090839492,
2023-06-22,0.0,0.03370121259720742,-0.03370121259720742,
2023-06-23,0.0,0.001666692509113784,-0.001666692509113784,
2023-06-26,0.0,-0.02631709488623413,0.02631709488623413,
2023-06-27,0.0,0.019721778627978043,-0.019721778627978043,
2023-06-28,0.0,-0.003987936732711788,0.003987936732711788,
2023-06-29,0.0,-0.012227542887283635,0.012227542887283635,
2023-06-30,0.0,-0.002249380309632489,0.002249380309632489,
2023-07-03,0.0,0.0046384894774237646,-0.0046384894774237646,
2023-07-04,0.0,0.024714148664209196,-0.024714148664209196,
2023-07-05,0.0,-0.01110418790962287,0.01110418790962287,
2023-07-06,0.0,0.026262798909853592,-0.026262798909853592,
2023-07-07,0.0,-0.013858547463770802,0.013858547463770802,
2023-07-10,0.0,0.007467170813062321,-0.007467170813062321,
2023-07-11,0.0,-0.02952552984437944,0.02952552984437944,
2023-07-12,0.0,0.001725055124417317,-0.001725055124417317,
2023-07-13,0.0,0.013317602318798251,-0.013317602318798251,
2023-07-14,0.0,-0.0018638076030735784,0.0018638076030735784,
2023-07-17,0.0,0.007837861510053256,-0.007837861510053256,
2023-07-18,0.0,-0.0008582414217353205,0.0008582414217353205,
2023-07-19,0.0,-0.0026961570175772893,0.0026961570175772893,
2023-07-20,0.0,-0.003473689696049036,0.003473689696049036,
2023-07-21,0.0,0.018262552928249222,-0.018262552928249222,
2023-07-24,0.0,0.014710690442560865,-0.014710690442560865,
2023-07-25,0.0,-0.004464524014673293,0.004464524014673293,
2023-07-26,0.0,-0.016212730039634325,0.016212730039634325,
2023-07-27,0.0,-0.001758498011279369,0.001758498011279369,
2023-07-28,0.0,-0.007268035696556144,0.007268035696556144,
2023-07-31,0.0,-0.03387408399151969,0.03387408399151969,
2023-08-01,0.0,-3.5858307097371554e-05,3.5858307097371554e-05,
2023-08-02,0.0,0.010555564411822841,-0.010555564411822841,
2023-08-03,0.0,0.02208631862622982,-0.02208631862622982,
2023-08-04,0.0,-0.01641484720434906,0.01641484720434906,
2023-08-07,0.0,0.0008618321540162211,-0.0008618321540162211,
2023-08-08,0.0,-0.000259183117641031,0.000259183117641031,
2023-08-09,0.0,0.0076007805850006275,-0.0076007805850006275,
2023-08-10,0.0,0.009225321767110743,-0.009225321767110743,0.12071883536072557
2023-08-11,0.0,-0.0051589457596705815,0.0051589457596705815,-0.0021070282237806875
2023-08-14,0.006400193642509111,-0.0005843549575273452,0.006984548600036457,-0.10069309769173607
2023-08-15,-0.00010153234074761035,-0.0033948810806862344,0.003293348739938624,0.033622278831071745
2023-08-16,-0.005092242861445825,-0.008256363097203236,0.003164120235757413,0.023316823767690578
2023-08-17,0.001978031748771586,0.0037738559709758457,-0.0017958242222042599,0.05960782531276158
2023-08-18,0.0013639945530714223,-0.00046805583466684106,0.0018320503877382668,0.03697646301470514
2023-08-21,0.003121704969881715,0.007109226641447079,-0.003987521671565363,-0.142398832209248
2023-08-22,0.0022961849519557535,0.0044237607497026946,-0.0021275757977469428,-0.08302274437682136
2023-08-23,-0.007876545473945302,-0.006669889441430709,-0.0012066560325145925,-0.0034207792878649403
2023-08-24,-0.0044215048602297136,-0.0025898155127216677,-0.0018316893475080476,0.07347718823891784
2023-08-25,-0.0001971635431626045,0.003177954261174929,-0.0033751178043375345,-0.11960914616062324
2023-08-28,0.004413833677652738,-0.001512200932380183,0.005926034610032922,-0.022949139074489915
2023-08-29,-0.006813768538680471,-0.005742542884056352,-0.0010712256546241208,-0.13900486007992563
2023-08-30,-0.0011955696500653406,-0.0008995554228579741,-0.00029601422720736473,0.04788453036075928
2023-08-31,-0.008281995581245406,-0.009171178862594373,0.0008891832813489702,0.02579207782634197
2023-09-01,0.002616752693999665,0.0045496818828118495,-0.0019329291888121828,0.09947499017992124
2023-09-04,0.0013780481975667496,0.002496950266466144,-0.0011189020688993929,-0.20158820737801808
2023-09-05,0.005205385959320817,0.002472161090764308,0.002733224868556509,0.03285503657841036
2023-09-06,-0.013508768729608177,-0.003925277022807512,-0.00958349170680067,-0.002176897715762989
2023-09-07,0.0020633459087132508,-0.0029435750694185685,0.0050069209781318175,0.06923633999989537
2023-09-08,-0.00017254777936723882,0.0011041785995374981,-0.0012767263789047385,0.07974263757363657
2023-09-11,0.004757954773528984,0.004771626370472194,-1.3671596943209095e-05,-0.033324103848795875
2023-09-12,0.004319937920031225,-0.000511153112376839,0.004831091032408065,0.04981380557775031
2023-09-13,-0.0020554586758072435,-0.0029351526138259986,0.0008796939380187555,-0.029599946099303477
2023-09-14,0.0027649975704575717,-0.0015366352355256135,0.0043016328059831835,
2023-09-15,-0.002151915647336196,0.00042410584016667335,-0.002576021487502869,
2023-09-18,0.0,0.0006328265328274963,-0.0006328265328274963,
2023-09-19,0.0,-0.002278878019518456,0.002278878019518456,
2023-09-20,0.0,-0.03409589339909269,0.03409589339909269,
2023-09-21,0.0,-0.012953631072680471,0.012953631072680471,
2023-09-22,0.0,-0.03601489632113084,0.03601489632113084,
2023-09-25,0.0,-0.0465296460318924,0.0465296460318924,
2023-09-26,0.0,-0.09756194885831425,0.09756194885831425,
2023-09-27,0.0,-0.06607503864398609,0.06607503864398609,
2023-09-28,0.0,0.07786915502762136,-0.07786915502762136,
2023-09-29,0.0,0.002800530232466574,-0.002800530232466574,
2023-10-02,0.0,0.03558027690260796,-0.03558027690260796,
2023-10-03,0.0,-0.030460221000520524,0.030460221000520524,
2023-10-04,0.0,0.014458612742449944,-0.014458612742449944,
2023-10-05,0.0,-0.0052610495817961185,0.0052610495817961185,
2023-10-06,0.0,0.006088655362046486,-0.006088655362046486,
2023-10-09,0.0,-0.028027829315442065,0.028027829315442065,
2023-10-10,0.0,-0.01590053203826606,0.01590053203826606,
2023-10-11,0.0,-0.012950216875640855,0.012950216875640855,
2023-10-12,0.0,-0.0037830050446436576,0.0037830050446436576,
2023-10-13,0.0,0.0031511859417367428,-0.0031511859417367428,
2023-10-16,0.0,-0.02150425276732535,0.02150425276732535,
2023-10-17,0.0,-0.026354003870992876,0.026354003870992876,
2023-10-18,0.0,0.01636786963500739,-0.01636786963500739,
2023-10-19,0.0,-0.0074646353594563595,0.0074646353594563595,
2023-10-20,0.0,-0.016092437765719503,0.016092437765719503,
2023-10-23,0.0,0.027823761653698077,-0.027823761653698077,
2023-10-24,0.0,-0.0161071729930605,0.0161071729930605,
2023-10-25,0.0,-0.031341570635803215,0.031341570635803215,
2023-10-26,0.0,-0.009329290352462619,0.009329290352462619,
2023-10-27,0.0,-0.024585732326862886,0.024585732326862886,
2023-10-30,0.0,0.0008590245726460464,-0.0008590245726460464,
2023-10-31,0.0,-0.017623680331753128,0.017623680331753128,
2023-11-01,0.0,0.009533707174082015,-0.009533707174082015,
2023-11-02,0.0,0.0016115239193731144,-0.0016115239193731144,
2023-11-03,0.0,0.026537774419579885,-0.026537774419579885,
2023-11-06,0.0,0.017588529717407667,-0.017588529717407667,-0.06531988812003965
2023-11-07,0.0,0.02018818542945815,-0.02018818542945815,0.009138533987862378
2023-11-08,-0.004150590328603342,0.0006301679719086309,-0.004780758300511969,-0.03588776060863374
2023-11-09,0.000558585012896583,-0.0029749175178518557,0.003533502530748439,-0.07574163927935973
2023-11-10,-0.0023115634933864185,-0.00010780289192971991,-0.0022037606014566986,-0.057416087826294815
2023-11-13,-0.00613343589419863,-0.003266906967403456,-0.002866528926795179,
2023-11-14,-0.004411641871851077,-0.005447894147901302,0.001036252276050224,
2023-11-15,0.0,0.008890477128623868,-0.008890477128623868,
2023-11-16,0.0,-0.016324545786494858,0.016324545786494858,
2023-11-17,0.0,-0.0009077126921540006,0.0009077126921540006,
2023-11-20,0.0,-0.014549444915993597,0.014549444915993597,
2023-11-21,0.0,-0.022910817269271286,0.022910817269271286,
2023-11-22,0.0,-0.002566830852012223,0.002566830852012223,
2023-11-23,0.0,0.013968176512392821,-0.013968176512392821,
2023-11-24,0.0,-0.013338511890312477,0.013338511890312477,
2023-11-27,0.0,-0.012092748535979985,0.012092748535979985,
2023-11-28,0.0,0.004885296243319456,-0.004885296243319456,
2023-11-29,0.0,-0.006722731303579461,0.006722731303579461,
2023-11-30,0.0,-0.01593377632766889,0.01593377632766889,
2023-12-01,0.0,-0.012369196897533338,0.012369196897533338,
2023-12-04,0.0,0.019252844878204067,-0.019252844878204067,
2023-12-05,0.0,0.007602075403480145,-0.007602075403480145,
2023-12-06,0.0,0.029934476588131267,-0.029934476588131267,
2023-12-07,0.0,-0.004784331905642299,0.004784331905642299,
2023-12-08,0.0,-0.00015396416325871764,0.00015396416325871764,
2023-12-11,0.0,-0.0069770951024209485,0.0069770951024209485,
2023-12-12,0.0,0.03529561356602541,-0.03529561356602541,
2023-12-13,0.0,-0.008303237110760643,0.008303237110760643,
2023-12-14,0.0,0.01651839730977636,-0.01651839730977636,
2023-12-15,0.0,-0.008510665530069406,0.008510665530069406,
2023-12-18,0.0,-0.008117087573711714,0.008117087573711714,
2023-12-19,0.0,0.010213564865858482,-0.010213564865858482,
2023-12-20,0.0,0.025874806304373187,-0.025874806304373187,
2023-12-21,0.0,0.018549133682741883,-0.018549133682741883,
2023-12-22,0.0,0.03383772953596706,-0.03383772953596706,
2023-12-25,0.0,0.004437079691215602,-0.004437079691215602,
2023-12-26,0.0,-0.016676014533899962,0.016676014533899962,
2023-12-27,0.0,0.0019333308824942077,-0.0019333308824942077,
2023-12-28,0.0,-0.0025959240903814106,0.0025959240903814106,
2023-12-29,0.0,0.02523342534839153,-0.02523342534839153,
2024-01-01,0.0,-0.0015103795038547624,0.0015103795038547624,
2024-01-02,0.0,-0.04263464176332867,0.04263464176332867,
2024-01-03,0.0,0.0034078480893673904,-0.0034078480893673904,
2024-01-04,0.0,-0.007433098073074081,0.007433098073074081,
2024-01-05,0.0,-0.00032411171554552374,0.00032411171554552374,
2024-01-08,0.0,-0.007510043730426379,0.007510043730426379,
2024-01-09,0.0,0.0028949219547862583,-0.0028949219547862583,
2024-01-10,0.0,0.010370295728309614,-0.010370295728309614,
2024-01-11,0.0,0.0025080706517124807,-0.0025080706517124807,
2024-01-12,0.0,-0.012404723612178462,0.012404723612178462,
2024-01-15,0.0,0.008326328799010529,-0.008326328799010529,
2024-01-16,0.0,-0.00985644325694111,0.00985644325694111,
2024-01-17,0.0,-0.02066938511625337,0.02066938511625337,
2024-01-18,0.0,-0.015040164530105215,0.015040164530105215,
2024-01-19,0.0,-0.016111264748645906,0.016111264748645906,
2024-01-22,0.0,0.002460926330035199,-0.002460926330035199,
2024-01-23,0.0,-0.010377782430472578,0.010377782430472578,
2024-01-24,0.0,0.006166430822137629,-0.006166430822137629,
2024-01-25,0.0,-0.0029234996848877867,0.0029234996848877867,
2024-01-26,0.0,-0.009659220342836743,0.009659220342836743,
2024-01-29,0.0,0.023483237253945972,-0.023483237253945972,
2024-01-30,0.0,-0.017988716819996763,0.017988716819996763,
2024-01-31,0.0,-0.007409364701462268,0.007409364701462268,
2024-02-01,0.0,-0.00863158049548694,0.00863158049548694,
2024-02-02,0.0,-0.00286870196742514,0.00286870196742514,
2024-02-05,0.0,0.005568182604269235,-0.005568182604269235,
2024-02-06,0.0,-0.013603517568563308,0.013603517568563308,
2024-02-07,0.0,0.002489090993081148,-0.002489090993081148,
2024-02-08,0.0,0.027921875723541763,-0.027921875723541763,
2024-02-09,0.0,-0.0031085093334282297,0.0031085093334282297,
2024-02-12,0.0,-0.011183704524321299,0.011183704524321299,
2024-02-13,0.0,-0.0021602833766544705,0.0021602833766544705,
2024-02-14,0.0,-0.01684695365812729,0.01684695365812729,
2024-02-15,0.0,0.005223094473411264,-0.005223094473411264,
2024-02-16,0.0,-0.004082987663887899,0.004082987663887899,
2024-02-19,0.0,-0.005738179023231581,0.005738179023231581,
2024-02-20,0.0,-0.004755532270105284,0.004755532270105284,
2024-02-21,0.0,0.009458298558658656,-0.009458298558658656,
2024-02-22,0.0,-0.015429156482917955,0.015429156482917955,
2024-02-23,0.0,-0.004481067181859973,0.004481067181859973,
2024-02-26,0.0,-0.0029471990996324695,0.0029471990996324695,
2024-02-27,0.0,0.004882211584794783,-0.004882211584794783,
2024-02-28,0.0,0.0007210960254492237,-0.0007210960254492237,
2024-02-29,0.0,0.013863917100385688,-0.013863917100385688,
2024-03-01,0.0,0.013732977733084883,-0.013732977733084883,
2024-03-04,0.0,0.003685343374034815,-0.003685343374034815,
2024-03-05,0.0,-0.006969509219297085,0.006969509219297085,
2024-03-06,0.0,0.005886162973050892,-0.005886162973050892,
2024-03-07,0.0,0.011383373442747053,-0.011383373442747053,
2024-03-08,0.0,0.010524543085750196,-0.010524543085750196,
2024-03-11,0.0,-0.008484743599600449,0.008484743599600449,
2024-03-12,0.0,-0.0012067897164350998,0.0012067897164350998,
2024-03-13,0.0,0.004592741678984218,-0.004592741678984218,
2024-03-14,0.0,0.09917742283775895,-0.09917742283775895,
2024-03-15,0.0,0.0005953509757082341,-0.0005953509757082341,
2024-03-18,0.0,-0.023026390911063052,0.023026390911063052,
2024-03-19,0.0,-0.023869220707388273,0.023869220707388273,
2024-03-20,0.0,-0.007501025314414184,0.007501025314414184,
2024-03-21,0.0,-0.017217813057690698,0.017217813057690698,
2024-03-22,0.0,0.0006405167386087123,-0.0006405167386087123,
2024-03-25,0.0,0.013597794527759305,-0.013597794527759305,
2024-03-26,0.0,-0.002693658480069492,0.002693658480069492,
2024-03-27,0.0,-0.0007566543902868762,0.0007566543902868762,
2024-03-28,0.0,-0.017593331104141165,0.017593331104141165,-0.05503080856233946
2024-03-29,0.0,-0.0028338294423712047,0.0028338294423712047,0.20207374729094155
2024-04-01,-0.0034860789671312007,-0.0003353996782051571,-0.0031506792889260437,0.12163020490311129
2024-04-02,0.012722352379726506,-0.0010079675022006684,0.013730319881927175,
2024-04-03,0.007800536079356969,-0.0014904652476788196,0.00929100132703579,
2024-04-04,0.0,0.01437647384593497,-0.01437647384593497,
2024-04-05,0.0,-0.0038722663375721903,0.0038722663375721903,
2024-04-08,0.0,-0.00697000302626047,0.00697000302626047,
2024-04-09,0.0,-0.025886960044979958,0.025886960044979958,
2024-04-10,0.0,-0.005501666098846743,0.005501666098846743,
2024-04-11,0.0,-0.009050559175451965,0.009050559175451965,
2024-04-12,0.0,0.010008633225634458,-0.010008633225634458,
2024-04-15,0.0,-0.01205425504823685,0.01205425504823685,
2024-04-16,0.0,0.0007425282001251197,-0.0007425282001251197,
2024-04-17,0.0,-0.00339395711783775,0.00339395711783775,
2024-04-18,0.0,0.012050791044057277,-0.012050791044057277,
2024-04-19,0.0,-0.00329309846729683,0.00329309846729683,
2024-04-22,0.0,-0.009669698224362684,0.009669698224362684,
2024-04-23,0.0,-0.007553044275555722,0.007553044275555722,
2024-04-24,0.0,0.002548256160583183,-0.002548256160583183,
2024-04-25,0.0,0.010464142033211412,-0.010464142033211412,
2024-04-26,0.0,0.01116880735121997,-0.01116880735121997,
2024-04-29,0.0,-0.007988195529145719,0.007988195529145719,
2024-04-30,0.0,-0.0024133226123894988,0.0024133226123894988,
2024-05-01,0.0,0.0024311245631553516,-0.0024311245631553516,
2024-05-02,0.0,-0.01716190016295599,0.01716190016295599,
2024-05-03,0.0,0.009716475286467486,-0.009716475286467486,
2024-05-06,0.0,-0.006851725083497181,0.006851725083497181,
2024-05-07,0.0,-0.00960912480193547,0.00960912480193547,
2024-05-08,0.0,-0.0025308432614304824,0.0025308432614304824,
2024-05-09,0.0,-0.00017327373538342318,0.00017327373538342318,
2024-05-10,0.0,-0.011603871116153217,0.011603871116153217,
2024-05-13,0.0,0.005981641638607951,-0.005981641638607951,
2024-05-14,0.0,-0.00580753212725344,0.00580753212725344,
2024-05-15,0.0,-2.2130659785219704e-05,2.2130659785219704e-05,
2024-05-16,0.0,0.015406047660899262,-0.015406047660899262,
2024-05-17,0.0,-0.007248345644376705,0.007248345644376705,
2024-05-20,0.0,-0.001155290979684816,0.001155290979684816,
2024-05-21,0.0,0.004967768819305791,-0.004967768819305791,
2024-05-22,0.0,0.015259031053162364,-0.015259031053162364,
2024-05-23,0.0,0.007336873899921389,-0.007336873899921389,
2024-05-24,0.0,-0.015040725641955143,0.015040725641955143,
2024-05-27,0.0,-0.01742895339661739,0.01742895339661739,
2024-05-28,0.0,-0.009911417177574504,0.009911417177574504,
2024-05-29,0.0,0.0020340220417196593,-0.0020340220417196593,
2024-05-30,0.0,-0.004022938477599336,0.004022938477599336,
2024-05-31,0.0,-0.011669747098367062,0.011669747098367062,
2024-06-03,0.0,-0.0029520333530788966,0.0029520333530788966,
2024-06-04,0.0,0.00489959672923765,-0.00489959672923765,
2024-06-05,0.0,-0.005600205392742166,0.005600205392742166,
2024-06-06,0.0,0.005722525044979424,-0.005722525044979424,
2024-06-07,0.0,-0.004801010975006859,0.004801010975006859,
2024-06-10,0.0,-0.01223675942029453,0.01223675942029453,
2024-06-11,0.0,0.0007118247913752608,-0.0007118247913752608,
2024-06-12,0.0,-0.004286757509433141,0.004286757509433141,
2024-06-13,0.0,-0.005343882733318697,0.005343882733318697,
2024-06-14,0.0,-0.0010165190790018097,0.0010165190790018097,
2024-06-17,0.0,0.007599101988693179,-0.007599101988693179,
2024-06-18,0.0,-0.003685899553927107,0.003685899553927107,
2024-06-19,0.0,-0.007266493625230962,0.007266493625230962,
2024-06-20,0.0,-0.0016662336067654138,0.0016662336067654138,
2024-06-21,0.0,-0.012630632911034282,0.012630632911034282,
2024-06-24,0.0,-0.004675181852648618,0.004675181852648618,
2024-06-25,0.0,0.006895873631867152,-0.006895873631867152,
2024-06-26,0.0,-0.01301198620301555,0.01301198620301555,
2024-06-27,0.0,0.0004407184769933654,-0.0004407184769933654,
2024-06-28,0.0,-0.0012476322300177768,0.0012476322300177768,
2024-07-01,0.0,-0.0031424614973965567,0.0031424614973965567,
2024-07-02,0.0,0.00507727637830047,-0.00507727637830047,
2024-07-03,0.0,0.01086982394845097,-0.01086982394845097,
2024-07-04,0.0,-0.0031520119298774868,0.0031520119298774868,
2024-07-05,0.0,-0.0074855692230431665,0.0074855692230431665,
2024-07-08,0.0,-0.007428701477581088,0.007428701477581088,
2024-07-09,0.0,-0.006966884310535471,0.006966884310535471,
2024-07-10,0.0,-0.00019748158652874902,0.00019748158652874902,
2024-07-11,0.0,0.00018285354804418208,-0.00018285354804418208,
2024-07-12,0.0,-0.012569380454176462,0.012569380454176462,
2024-07-15,0.0,-0.001041334386672502,0.001041334386672502,
2024-07-16,0.0,-0.00842527030302988,0.00842527030302988,
2024-07-17,0.0,0.014063702458572296,-0.014063702458572296,
2024-07-18,0.0,-0.015354040534644422,0.015354040534644422,
2024-07-19,0.0,-0.012806426632380635,0.012806426632380635,
2024-07-22,0.0,-0.004635697824229789,0.004635697824229789,
2024-07-23,0.0,-0.00675081428711583,0.00675081428711583,
2024-07-24,0.0,0.001491983985474033,-0.001491983985474033,
2024-07-25,0.0,-0.004885277591649096,0.004885277591649096,
2024-07-26,0.0,-0.011950969543210807,0.011950969543210807,
2024-07-29,0.0,-0.004305269435336014,0.004305269435336014,
2024-07-30,0.0,0.022040506971444725,-0.022040506971444725,
2024-07-31,0.0,-0.007091169254938493,0.007091169254938493,
2024-08-01,0.0,0.001685287464619514,-0.001685287464619514,
2024-08-02,0.0,-0.00960323577897591,0.00960323577897591,
2024-08-05,0.0,0.01644039150473037,-0.01644039150473037,
2024-08-06,0.0,0.017579967670074907,-0.017579967670074907,
2024-08-07,0.0,0.0074599583539761705,-0.0074599583539761705,
2024-08-08,0.0,-0.01978342228584595,0.01978342228584595,
2024-08-09,0.0,-0.01151254607820312,0.01151254607820312,
2024-08-12,0.0,0.007557316422602758,-0.007557316422602758,
2024-08-13,0.0,-0.0022425849576923882,0.0022425849576923882,
2024-08-14,0.0,-0.014326279217045062,0.014326279217045062,
2024-08-15,0.0,-0.0017787052514230395,0.0017787052514230395,
2024-08-16,0.0,0.001579365193929695,-0.001579365193929695,
2024-08-19,0.0,-0.008722417831327033,0.008722417831327033,
2024-08-20,0.0,-0.0037915714008277357,0.0037915714008277357,
2024-08-21,0.0,0.014597577538420413,-0.014597577538420413,
2024-08-22,0.0,0.004373944705551036,-0.004373944705551036,
2024-08-23,0.0,0.0003797734995552534,-0.0003797734995552534,
2024-08-26,0.0,0.013794143306697844,-0.013794143306697844,
2024-08-27,0.0,-0.01420962795927428,0.01420962795927428,
2024-08-28,0.0,0.004955493030764601,-0.004955493030764601,
2024-08-29,0.0,0.008727214367540242,-0.008727214367540242,
2024-08-30,0.0,-0.007897997168417123,0.007897997168417123,
2024-09-02,0.0,-0.005199294959541039,0.005199294959541039,
2024-09-03,0.0,-0.009925756112514316,0.009925756112514316,
2024-09-04,0.0,0.0014929357334320609,-0.0014929357334320609,
2024-09-05,0.0,0.0044070398630124364,-0.0044070398630124364,
2024-09-06,0.0,0.008572625552411497,-0.008572625552411497,
2024-09-09,0.0,-0.01301718987843491,0.01301718987843491,
2024-09-10,0.0,0.009692683838068409,-0.009692683838068409,
2024-09-11,0.0,0.021606367279832152,-0.021606367279832152,
2024-09-12,0.0,-0.010771213680714176,0.010771213680714176,
2024-09-13,0.0,-0.014089058192859874,0.014089058192859874,
2024-09-16,0.0,0.0020523922210149946,-0.0020523922210149946,
2024-09-17,0.0,-0.002815579305139425,0.002815579305139425,
2024-09-18,0.0,-0.0030022324417789347,0.0030022324417789347,
2024-09-19,0.0,-0.006577841409821477,0.006577841409821477,
2024-09-20,0.0,-0.0009706197664565882,0.0009706197664565882,
2024-09-23,0.0,-0.005559229386893986,0.005559229386893986,
2024-09-24,0.0,0.010799981873487156,-0.010799981873487156,
2024-09-25,0.0,-0.007847182413410607,0.007847182413410607,
2024-09-26,0.0,-0.009105406146712505,0.009105406146712505,
2024-09-27,0.0,0.006420178501511266,-0.006420178501511266,
2024-09-30,0.0,-0.006742920731881473,0.006742920731881473,
2024-10-01,0.0,-0.0030841409940880796,0.0030841409940880796,
2024-10-02,0.0,-4.324289850133079e-05,4.324289850133079e-05,
2024-10-03,0.0,-0.007718534696335567,0.007718534696335567,
2024-10-04,0.0,-0.002511071846442236,0.002511071846442236,
2024-10-07,0.0,0.005946925823295355,-0.005946925823295355,
2024-10-08,0.0,-0.012432518734267803,0.012432518734267803,
2024-10-09,0.0,0.004987926659156852,-0.004987926659156852,
2024-10-10,0.0,-0.005226546951689464,0.005226546951689464,
2024-10-11,0.0,0.012472698398392589,-0.012472698398392589,
2024-10-14,0.0,0.00986660987519859,-0.00986660987519859,
2024-10-15,0.0,0.006069510440756978,-0.006069510440756978,
2024-10-16,0.0,0.033731474032405284,-0.033731474032405284,
2024-10-17,0.0,-0.012930467931329381,0.012930467931329381,
2024-10-18,0.0,-0.01283783479310403,0.01283783479310403,
2024-10-21,0.0,0.0017560752175221452,-0.0017560752175221452,
2024-10-22,0.0,0.0003678018681274845,-0.0003678018681274845,
2024-10-23,0.0,-0.011637901384952269,0.011637901384952269,
2024-10-24,0.0,-0.007122038248450352,0.007122038248450352,
2024-10-25,0.0,0.003573319617791571,-0.003573319617791571,
2024-10-28,0.0,0.00858565673555572,-0.00858565673555572,
2024-10-29,0.0,0.006592691332210931,-0.006592691332210931,
2024-10-30,0.0,-0.013663081665417628,0.013663081665417628,
2024-10-31,0.0,-0.007301190991442632,0.007301190991442632,
2024-11-01,0.0,0.006059663579272607,-0.006059663579272607,
2024-11-04,0.0,-0.003085834166882284,0.003085834166882284,
2024-11-05,0.0,0.014568932471562532,-0.014568932471562532,
2024-11-06,0.0,-0.0025334093766879295,0.0025334093766879295,
2024-11-07,0.0,0.0017651039775282659,-0.0017651039775282659,
2024-11-08,0.0,0.015356546335422955,-0.015356546335422955,
2024-11-11,0.0,-0.006910287563123068,0.006910287563123068,
2024-11-12,0.0,-0.001283726479488475,0.001283726479488475,
2024-11-13,0.0,-0.014065687522611697,0.014065687522611697,
2024-11-14,0.0,-0.005689363246495592,0.005689363246495592,
2024-11-15,0.0,0.006868982922498014,-0.006868982922498014,
2024-11-18,0.0,-0.011699145549854916,0.011699145549854916,
2024-11-19,0.0,-0.007569718725149927,0.007569718725149927,
2024-11-20,0.0,-0.00214693720636918,0.00214693720636918,
2024-11-21,0.0,0.0035538093079961926,-0.0035538093079961926,
2024-11-22,0.0,0.0018821950085158713,-0.0018821950085158713,
2024-11-25,0.0,-0.0006442131464449443,0.0006442131464449443,
2024-11-26,0.0,-0.014136659163182859,0.014136659163182859,
2024-11-27,0.0,-0.013767751658062936,0.013767751658062936,
2024-11-28,0.0,-0.00036264071077199113,0.00036264071077199113,
2024-11-29,0.0,-0.010954574891919748,0.010954574891919748,
2024-12-02,0.0,-0.013046826941805827,0.013046826941805827,
2024-12-03,0.0,-0.022001505271874354,0.022001505271874354,
2024-12-04,0.0,0.012900519633635843,-0.012900519633635843,
2024-12-05,0.0,-0.005559175090996025,0.005559175090996025,
2024-12-06,0.0,0.00542450594608345,-0.00542450594608345,
2024-12-09,0.0,0.0070167524837315845,-0.0070167524837315845,
2024-12-10,0.0,-0.00890102397726857,0.00890102397726857,
2024-12-11,0.0,0.004602146652150113,-0.004602146652150113,
2024-12-12,0.0,-0.004333608215760284,0.004333608215760284,
2024-12-13,0.0,-0.011014677294918954,0.011014677294918954,
2024-12-16,0.0,-0.015366101185403701,0.015366101185403701,
2024-12-17,0.0,0.0102598824185811,-0.0102598824185811,
2024-12-18,0.0,0.0027112404552406166,-0.0027112404552406166,
2024-12-19,0.0,0.00031079689552993597,-0.00031079689552993597,
2024-12-20,0.0,0.004107396422374286,-0.004107396422374286,
2024-12-23,0.0,0.009067213392444675,-0.009067213392444675,
2024-12-24,0.0,0.02388462686739792,-0.02388462686739792,
2024-12-25,0.0,-0.021645992910487286,0.021645992910487286,
2024-12-26,0.0,-0.007433976596055374,0.007433976596055374,
2024-12-27,0.0,0.00905816541902646,-0.00905816541902646,
2024-12-30,0.0,-0.001368195879621215,0.001368195879621215,
2024-12-31,0.0,-0.017591370814550027,0.017591370814550027,
2025-01-01,0.0,-0.00106656397779458,0.00106656397779458,
2025-01-02,0.0,0.0011521039157081075,-0.0011521039157081075,
2025-01-03,0.0,0.00032120805585057467,-0.00032120805585057467,
2025-01-06,0.0,0.008988489325426294,-0.008988489325426294,
2025-01-07,0.0,-0.012390118374748654,0.012390118374748654,
2025-01-08,0.0,-0.013135208595724077,0.013135208595724077,
2025-01-09,0.0,-0.001433806658764165,0.001433806658764165,
2025-01-10,0.0,-0.00875912410433925,0.00875912410433925,
2025-01-13,0.0,0.015186421446429798,-0.015186421446429798,
2025-01-14,0.0,0.03168860001492437,-0.03168860001492437,
2025-01-15,0.0,0.004844109232081878,-0.004844109232081878,
2025-01-16,0.0,-0.011013723467986826,0.011013723467986826,
2025-01-17,0.0,-0.013651926420931802,0.013651926420931802,
2025-01-20,0.0,0.004881139254741085,-0.004881139254741085,
2025-01-21,0.0,-0.011628913110719924,0.011628913110719924,
2025-01-22,0.0,-0.002430338719527921,0.002430338719527921,
2025-01-23,0.0,0.0038211490405691685,-0.0038211490405691685,
2025-01-24,0.0,0.009679154159580714,-0.009679154159580714,
2025-01-27,0.0,0.0007869783729350115,-0.0007869783729350115,
2025-01-28,0.0,0.015518411199598642,-0.015518411199598642,
2025-01-29,0.0,-0.0060327152491606445,0.0060327152491606445,
2025-01-30,0.0,0.021382322488502203,-0.021382322488502203,
2025-01-31,0.0,0.020209389064861596,-0.020209389064861596,
2025-02-03,0.0,0.04503555628050362,-0.04503555628050362,
