,ls_ret,long_excess_ret,short_excess_ret,ic
2017-01-02,-0.0016151767658779113,-0.0022247672297214735,0.0006095904638435626,0.013893037313561292
2017-01-03,0.0006406157251826721,0.0004396736680690082,0.0002009420571136639,0.05073686983837299
2017-01-04,0.0007042326736628284,0.00014283579186731544,0.0005613968817955134,0.15969104258186673
2017-01-05,0.0024982983389645417,0.0007824912944473144,0.0017158070445172282,0.03226938997000215
2017-01-06,0.012323562464290037,0.004836868222552394,0.007486694241737646,0.1543524730111182
2017-01-09,0.0019180359189115898,0.0015220769666675679,0.00039595895224402156,-0.05089082454448945
2017-01-10,0.008491685289917058,0.005517302087746631,0.002974383202170427,0.06289823224335175
2017-01-11,-0.0027608228074906265,-0.000688189755039861,-0.002072633052450765,-0.06346677776623645
2017-01-12,0.003302431121878588,0.0012773027994578184,0.00202512832242077,-0.025101302073126847
2017-01-13,-0.0033777514568644794,-0.0018288281528008312,-0.0015489233040636473,0.08674891416102556
2017-01-16,-0.0012653484662904272,0.000617164128472807,-0.0018825125947632337,-0.17934047185309343
2017-01-17,0.004730844982407178,0.002573071617097987,0.00215777336530919,0.12931300716096522
2017-01-18,-0.011806369954620189,-0.004252547704328523,-0.007553822250291668,0.08252752658567448
2017-01-19,0.006345836529634944,0.003648835705762594,0.00269700082387235,-0.04902321657084249
2017-01-20,0.004794487432825404,0.003752502143624761,0.001041985289200644,0.043485043118343863
2017-01-23,-0.0026279689942562677,-0.0014070714494199515,-0.0012208975448363166,-0.028004276858569148
2017-01-24,0.0021444776359409983,0.0004163078252472311,0.001728169810693769,-0.020634910897696153
2017-01-25,-0.001354706908987052,-0.0008325191334182143,-0.0005221877755688369,0.09376639406457098
2017-01-26,-0.0011983971737125568,3.3902961143256714e-05,-0.001232300134855814,-0.08095618845854399
2017-01-27,0.004459967008507315,0.00363925354663074,0.0008207134618765724,0.08624730305788965
2017-01-30,-0.0042659190624163065,-0.0008709177705930704,-0.0033950012918232365,0.013775205392971342
2017-01-31,0.004277923348364848,0.0024154001807190637,0.001862523167645784,0.044225357893090546
2017-02-01,0.0006853222818072142,-0.00010892842208962226,0.0007942507038968373,0.028562736190811906
2017-02-02,0.0027959034344406425,0.00042885495951903996,0.0023670484749216056,0.008765721960706468
2017-02-03,0.0013526414213283701,0.0018982569918637136,-0.000545615570535344,0.007218087875088454
2017-02-06,0.00041729208508201396,0.0010116346845823656,-0.0005943425995003516,-0.00726318221604872
2017-02-07,0.0003652735693015195,0.0006170767480499781,-0.00025180317874845884,-0.04013100077940173
2017-02-08,-0.00032563551267264165,0.0002120457354940486,-0.0005376812481666902,-0.007147754585020344
2017-02-09,-0.002065537098420939,-0.0005481766977901564,-0.0015173604006307822,0.006516547172613357
2017-02-10,-0.00032532491594873536,7.364433805862394e-05,-0.0003989692540073593,-0.043708978249676345
2017-02-13,0.00029788031240824287,3.555402030677463e-05,0.00026232629210146737,0.07670442483084351
2017-02-14,-0.0019551865638919945,-0.0016762306162055995,-0.00027895594768639464,-0.002659207653535518
2017-02-15,0.0035907030659885018,0.0011542936907082933,0.0024364093752802084,-0.039968704514549085
2017-02-16,-0.0001001532470323275,-1.3351543754546585e-05,-8.680170327778416e-05,0.034801837214588675
2017-02-17,-0.0016700108841922975,-0.0005398459501152614,-0.0011301649340770374,-0.006177157354128661
2017-02-20,0.0016254934245341947,0.0007131711490010935,0.000912322275533101,-0.019769155104260278
2017-02-21,-0.0003019888800452782,-0.00039368526315760374,9.169638311232534e-05,0.0058284065986598625
2017-02-22,-0.0009697073656562717,-0.0003420205393279514,-0.0006276868263283206,0.10731586358726607
2017-02-23,0.0002981779717119528,0.0006151386860680855,-0.00031696071435613135,0.045113080769228715
2017-02-24,0.006128317603236247,0.003435276504113771,0.0026930410991224756,0.003552157238999578
2017-02-27,0.0022157041205473596,0.000742141927255234,0.0014735621932921259,0.007647241774231563
2017-02-28,0.0001883893073190695,-0.0007081511206240773,0.0008965404279431466,0.036581678717305374
2017-03-01,0.0003813162629975332,-0.0007272419761128897,0.0011085582391104228,0.006165513951873786
2017-03-02,0.0018596973962380168,0.0005343525611877175,0.0013253448350502993,-0.02298251196141071
2017-03-03,0.00032963704351281203,0.0006377016221881006,-0.0003080645786752885,0.06080957469990128
2017-03-06,-0.001302858302019071,-4.8838755408591415e-05,-0.0012540195466104798,-0.04784203852026555
2017-03-07,0.002741321584392784,0.0021994625358448495,0.0005418590485479343,-0.019049627789429778
2017-03-08,-0.002319689776188475,-0.0011907630408628624,-0.0011289267353256117,-0.016898343919307102
2017-03-09,-0.0010235091700422187,-0.00010669267468053478,-0.000916816495361684,-0.025745428141809645
2017-03-10,-0.0008404583899877584,-0.0004559573931404836,-0.0003845009968472743,0.004255977146815128
2017-03-13,-0.0011969220136069723,-0.001188308549050505,-8.613464556468577e-06,0.017519344656832688
2017-03-14,0.00019407896182530753,0.0003364408232152706,-0.0001423618613899634,0.023260030756768683
2017-03-15,0.0009122331076676224,-0.00034460005275409496,0.0012568331604217164,0.004534193319521341
2017-03-16,0.001205932187246704,-0.00026391209900447285,0.0014698442862511765,0.03998761101812383
2017-03-17,0.00023721422452028574,-0.0002770422845721574,0.0005142565090924447,-0.002897385758091884
2017-03-20,0.0020129515594081624,0.001439242519275065,0.0005737090401330972,0.02369327208064492
2017-03-21,-0.00012459992501124683,-0.00023021487014114866,0.00010561494512990183,-0.01354191686411615
2017-03-22,0.0011318878166719402,0.00116466681409919,-3.2778997427248234e-05,-0.04842300269226632
2017-03-23,-0.000602482420914219,-8.678591292734204e-05,-0.0005156965079868778,-0.11203599908216753
2017-03-24,-0.002355339289406969,-0.0007523020672657085,-0.0016030372221412618,0.027370259642464555
2017-03-27,-0.006168129613294885,-0.0024262241758957748,-0.0037419054373991102,-0.023663199298801615
2017-03-28,0.0015447393559920603,0.0012051502929497594,0.00033958906304230006,0.05334719115194422
2017-03-29,-0.0011467691146049164,-0.0005667432771188973,-0.0005800258374860185,0.052823758368675124
2017-03-30,0.0023728233611448567,0.00219727104317263,0.00017555231797222563,0.04886015985243943
2017-03-31,0.0030446558507052205,0.0010421017122604626,0.0020025541384447593,0.040497359593879755
2017-04-03,0.002300763813081445,0.0015070513151638903,0.0007937124979175549,0.043487745843166004
2017-04-04,0.0018701956082952688,0.0004658055935450045,0.0014043900147502637,-0.0358538621764532
2017-04-05,0.0024058409974301335,-8.530098290712024e-05,0.002491141980337253,-0.00879459567892442
2017-04-06,-0.0017181342093723537,0.0006006420134611508,-0.002318776222833503,0.060981258041763645
2017-04-07,-0.00036748822233465136,-0.0003032127478852188,-6.427547444943105e-05,0.023529190388719846
2017-04-10,0.0027180804805063455,0.0008431053090395373,0.0018749751714668096,-0.040894743865663295
2017-04-11,0.0008739952513799506,0.0013079809008301252,-0.0004339856494501755,0.14597205988799514
2017-04-12,-0.001803278532576179,-0.0009175960852641444,-0.0008856824473120343,0.12129632088749044
2017-04-13,0.006537851290371151,0.003990693211933556,0.0025471580784375966,-0.03061776999783656
2017-04-14,0.007770976879526629,0.004387420645037297,0.0033835562344893336,-0.07695560462298781
2017-04-17,-0.0014774386770476894,0.00014631760328032845,-0.0016237562803280182,-0.04576515683382728
2017-04-18,-0.0038232917012149424,-0.002608307830617884,-0.0012149838705970578,0.027384771177463543
2017-04-19,-0.002285907131657599,-0.0017107330906937085,-0.0005751740409638897,-0.057003900436317555
2017-04-20,0.0013997576066822693,-0.00010489559435710068,0.00150465320103937,-0.0033373843619915284
2017-04-21,-0.002760319425295248,-0.0013966256115491536,-0.0013636938137460957,-0.052467373717685416
2017-04-24,-0.00016097242157239137,-0.000226331746312489,6.535932474009774e-05,-0.004979715530383821
2017-04-25,-0.002269074232878689,-0.0013206042221744515,-0.0009484700107042386,0.08225368914955769
2017-04-26,-0.00019842339222644727,-0.0012948108975011806,0.001096387505274733,0.09114843258892623
2017-04-27,0.004177495122577073,0.002612596760162702,0.0015648983624143714,0.053656154213243275
2017-04-28,0.005167043170248373,0.0023164075997008276,0.002850635570547546,-0.04152358170621818
2017-05-01,0.002974506989915102,0.0010690083335022924,0.001905498656412809,0.055224734833248
2017-05-02,-0.002283038515130965,-0.0008353628361257841,-0.0014476756790051826,0.11082088867540096
2017-05-03,0.0027860179061867827,0.002887709254602761,-0.00010169134841597847,0.0723720503929371
2017-05-04,0.007620479830385875,0.0036888773521193685,0.003931602478266502,0.02377713064829238
2017-05-05,0.004530277668333062,0.003038177180468684,0.0014921004878643796,-0.006074391370841999
2017-05-08,0.0012144826042641901,0.00038340722348784227,0.0008310753807763478,-0.08794792608219913
2017-05-09,-0.0003346984461412548,-0.00032099004910273864,-1.3708397038516293e-05,-0.1257326707164149
2017-05-10,-0.004770083217252639,-0.003805207985782693,-0.0009648752314699444,-0.12802673693839778
2017-05-11,-0.006650755933781137,-0.0038291213267266826,-0.0028216346070544544,0.02962940141777422
2017-05-12,-0.007888206881439213,-0.0041797663800102695,-0.0037084405014289447,-0.07342687228832197
2017-05-15,0.0014200775199269028,0.0003874692408480651,0.001032608279078839,0.017813593053794107
2017-05-16,-0.003996998316598567,-0.002046464442986013,-0.0019505338736125538,0.07423124396140307
2017-05-17,0.0007700860454169367,7.191434540638423e-05,0.0006981717000105522,0.09709069891828757
2017-05-18,0.003052331218830612,0.00218707925852972,0.0008652519603008918,0.02594350846311157
2017-05-19,0.0055273760856798535,0.003686043425881356,0.0018413326597984964,-0.06320798339514051
2017-05-22,0.0015178822178150775,0.0005346629392682968,0.0009832192785467798,-0.0038221797651503695
2017-05-23,-0.0033504737167161817,-0.0019208260732523855,-0.001429647643463797,-0.06428439627855004
2017-05-24,-0.00017106254795809636,-0.0010327257299513116,0.0008616631819932155,-0.04832227050765485
2017-05-25,-0.0024316728083131497,-0.0010874837969449512,-0.0013441890113682006,0.08502511398576422
2017-05-26,-0.0021349637181429966,-0.0007061367587195572,-0.0014288269594234394,0.03225985678312906
2017-05-29,0.003601412037227807,0.0023547150433184377,0.0012466969939093683,0.03969297356823833
2017-05-30,0.00118917446866416,0.00081747738141549,0.0003716970872486708,-0.024209019636812348
2017-05-31,0.0016200242198358794,0.0006548861623502267,0.0009651380574856525,-0.01980673563916482
2017-06-01,-0.001178062775837858,-0.00027539949912378306,-0.000902663276714075,-0.03485253489920005
2017-06-02,-0.001120795557897197,-0.00025458868576527967,-0.0008662068721319166,0.07176583713426492
2017-06-05,-0.001475774322686427,-3.961959913724878e-05,-0.0014361547235491783,0.013235155246903638
2017-06-06,0.0030497822150499293,0.001936069909624357,0.001113712305425573,-0.07751394626974334
2017-06-07,0.0005703440992334383,0.00015346306190316549,0.0004168810373302732,0.04242615793377796
2017-06-08,-0.0033559232242295857,-0.0021058425372032672,-0.001250080687026318,-0.11353360542601187
2017-06-09,0.0026259292027478653,0.0018118779012323248,0.0008140513015155414,-0.054968938320700156
2017-06-12,-0.005604702252114142,-0.003163462678496512,-0.0024412395736176295,-0.010844480258179605
2017-06-13,-0.0026787439399612173,-0.001355426524745692,-0.0013233174152155252,0.04433237047913016
2017-06-14,-0.0004971874057958573,-0.0005102305299806093,1.30431241847518e-05,-0.04868675576388321
2017-06-15,0.0020210723133485924,0.0015896052386889965,0.00043146707465959583,-0.07821575820860358
2017-06-16,-0.002068291852057224,-0.0003876258281501777,-0.0016806660239070455,-0.06920123264548869
2017-06-19,-0.0034229715210491126,-0.002082552441605796,-0.0013404190794433172,-0.07188846593379371
2017-06-20,-0.0033075864974834654,-0.001753596151202038,-0.0015539903462814268,0.01207675514186627
2017-06-21,-0.0035550972925690637,-0.001936747083007227,-0.0016183502095618372,-0.051794787508169376
2017-06-22,0.0006313844197362039,0.0008618297279949969,-0.00023044530825879319,0.0865947604743251
2017-06-23,-0.002556200681374736,-0.0015172922948010555,-0.0010389083865736802,-0.03691154145839249
2017-06-26,0.0048570000383039436,0.0014964985671378963,0.0033605014711660473,0.011947290286894953
2017-06-27,-0.001973795358871172,-0.0015000734133040362,-0.00047372194556713574,0.053075494786405386
2017-06-28,0.00064317663149684,0.0001025651049957263,0.0005406115265011134,-0.017541828447548924
2017-06-29,0.0036721404723032546,0.0016049908899444972,0.002067149582358759,0.047465742059441283
2017-06-30,-0.0009747108809981485,0.00016116659752796626,-0.001135877478526115,0.049035354938509246
2017-07-03,0.0027805661161253463,0.0016194870225157744,0.0011610790936095715,-0.016980247581526074
2017-07-04,0.002411404167782695,0.0016755708358898438,0.0007358333318928513,0.05411650683170697
2017-07-05,-0.0008548472504805942,-0.00024199103423256312,-0.0006128562162480309,0.004354405567725615
2017-07-06,0.0031802351864950603,0.0016255311307988383,0.0015547040556962224,-0.09095658257602526
2017-07-07,0.00020911791995200616,-0.0002679980433460498,0.0004771159632980561,-0.062669624230109
2017-07-10,-0.0048934356949531,-0.0022501040402388827,-0.0026433316547142174,0.0009369335720528794
2017-07-11,-0.0028823210793369114,-0.0011592805128457426,-0.001723040566491169,0.044351885674731174
2017-07-12,4.2272987599583484e-05,-5.99250898914239e-05,0.00010219807749100706,-0.03405385381265913
2017-07-13,0.0022205962204936668,0.0005624535296616506,0.0016581426908320162,-0.04143320537403188
2017-07-14,-0.0016842316237586212,-0.0008187138283933296,-0.0008655177953652915,0.014882232529788703
2017-07-17,-0.0031041402857952586,-0.00198594402209705,-0.001118196263698211,-0.025976047615636325
2017-07-18,0.0011775566622583172,-0.0004404103732506062,0.0016179670355089201,0.05388699698802111
2017-07-19,-0.0017885828365845516,-0.0021576358674185976,0.0003690530308340448,0.05070664061576923
2017-07-20,0.003583700306220158,0.001602012062844116,0.001981688243376042,-0.05957942610449339
2017-07-21,0.004206419847174435,0.0004222010668567394,0.0037842187803176913,-0.027687227026429315
2017-07-24,-0.0037856629966092495,-0.002124152360870218,-0.0016615106357390323,-0.04579594991653064
2017-07-25,-0.0014843004910026348,0.0003422942244373471,-0.001826594715439979,0.02859423100644729
2017-07-26,-0.0031820574976012743,-0.0045774221939575005,0.0013953646963562188,0.027799388110355778
2017-07-27,0.0014671440847857401,0.004393955301994892,-0.002926811217209155,-0.04368450470243073
2017-07-28,0.00131786281119327,0.0010138232786105848,0.00030403953258268594,0.008323538088747315
2017-07-31,-0.00199579361082849,-0.0011596710836183038,-0.0008361225272101864,0.011042664411719418
2017-08-01,0.00037183204175061636,0.0013790213278445512,-0.0010071892860939319,-0.02935788461442385
2017-08-02,0.0005077508057939765,-3.4362048584930804e-05,0.0005421128543789079,-0.053328780400868775
2017-08-03,-0.0015509281936128367,0.0011904416735325184,-0.0027413698671453525,0.0794111756506708
2017-08-04,-0.003190261093928636,-0.0012021168219995566,-0.001988144271929079,-0.008844906198746276
2017-08-07,0.004478032610118299,0.0013801081690259249,0.0030979244410923746,-0.014675444080724276
2017-08-08,-0.0005272418235979471,0.0005098626135084314,-0.0010371044371063828,-0.010114465531785874
2017-08-09,-0.0007759697187812997,-0.000433463554263153,-0.0003425061645181476,-0.005214686031476262
2017-08-10,-0.0005815914564075767,0.0005543911658333692,-0.0011359826222409452,-0.021062128089316557
2017-08-11,-0.0002651448448093064,-0.00017444921191452946,-9.069563289477653e-05,-0.09737848147983215
2017-08-14,-0.0009998362305255997,0.00045338926347901834,-0.0014532254940046192,0.0954847068011664
2017-08-15,-0.004965166122440847,-0.001033302798128041,-0.003931863324312808,-0.08232104741869439
2017-08-16,0.005042021263102151,0.0033230449650421302,0.00171897629806002,0.018731755523219797
2017-08-17,-0.004263103862788517,-0.0014397463318536474,-0.0028233575309348675,0.008749905962266494
2017-08-18,0.0009746108548424194,0.00021169285172353402,0.0007629180031188858,0.021611686799410095
2017-08-21,0.00043780221090056355,-0.0012504983181483298,0.0016883005290488952,0.04699571746827291
2017-08-22,0.0012254981587170438,0.001211881428042448,1.3616730674596064e-05,0.05676270105192107
2017-08-23,0.0025380451762023037,0.001677219057924271,0.0008608261182780325,0.05148412718730424
2017-08-24,0.0031746768872333653,0.0017574781365431312,0.001417198750690235,-0.06002694096517373
2017-08-25,0.0028294531956169636,0.0009608184957068749,0.0018686346999100879,-0.018004613920522192
2017-08-28,-0.003249775971529092,-0.002843899446377347,-0.00040587652515174447,0.12533927503588774
2017-08-29,-0.0009852962501938763,-0.0020146015858183174,0.0010293053356244409,0.047943308046686894
2017-08-30,0.011275075096547375,0.003048377572349943,0.008226697524197434,-0.037534581616338526
2017-08-31,0.0032714438619867417,0.0034918118477600957,-0.00022036798577335787,0.10556514479636359
2017-09-01,-0.0021082171645284073,0.001296121630275933,-0.00340433879480434,-0.12684607167416326
2017-09-04,0.006994128403534577,0.0029220649911949476,0.004072063412339629,0.19010157364281213
2017-09-05,-0.0061324522364999,-0.002137128426698407,-0.003995323809801492,0.08590111444384513
2017-09-06,0.011594792872750734,0.006657861056099664,0.004936931816651068,0.025673039623113042
2017-09-07,0.005491729763162657,0.0027608358525311114,0.002730893910631545,-0.01044470749574332
2017-09-08,0.0014740944188073866,-8.009345791329392e-06,0.0014821037645987162,-0.03534795120892218
2017-09-11,-0.0006007955628806699,-0.0007583541973582592,0.00015755863447758887,-0.04331011456137358
2017-09-12,-0.0022304042960953965,-0.0012170375186000607,-0.0010133667774953358,0.006363509781689934
2017-09-13,-0.0029631262339857595,-0.0011631770961209181,-0.001799949137864842,0.11564957570733189
2017-09-14,0.00031914022223994534,-6.581888476948124e-05,0.0003849591070094272,-0.05567270711053496
2017-09-15,0.006319911194576716,0.003421799092130973,0.0028981121024457424,0.10398594556385096
2017-09-18,-0.003005256166100022,-0.0018617729917548146,-0.0011434831743452078,0.06781881910877556
2017-09-19,0.007346673389850741,0.004128957683037469,0.003217715706813273,0.0792542626152557
2017-09-20,0.004382194816188219,0.0010983914259779098,0.0032838033902103103,-0.07088192772313685
2017-09-21,0.005435424350239925,0.004701641521548379,0.0007337828286915499,0.13505291129135225
2017-09-22,-0.0037450262430141048,-0.0018131139618825808,-0.0019319122811315237,-0.15394050638617243
2017-09-25,0.008366922710309633,0.0027307781066791582,0.005636144603630471,0.07117601212393292
2017-09-26,-0.010653315640479706,-0.007121063898889746,-0.003532251741589959,0.07992145002504158
2017-09-27,0.003735731054539459,0.0030781349036942546,0.0006575961508452043,0.12500935495687807
2017-09-28,0.004702045039540937,0.0018422255567471712,0.002859819482793765,0.06073434666633162
2017-09-29,0.007612130176980175,0.002693038189085808,0.004919091987894371,0.03815196864069332
2017-10-02,0.003766810112092516,0.0024551872619587656,0.0013116228501337504,-0.024378785744714804
2017-10-03,0.0028347159958081476,0.003417052754444849,-0.0005823367586367022,0.0009337193965280777
2017-10-04,-0.0012714958837114526,-0.0008860944576958261,-0.0003854014260156243,0.04284920197096263
2017-10-05,4.7358502440703195e-05,0.0003509485683978776,-0.00030359006595717403,-0.10321605353647996
2017-10-06,0.0020334272009749563,0.001873201308103225,0.00016022589287173136,-0.009550755838861355
2017-10-09,-0.0047461285262526305,-0.0027276569832946672,-0.0020184715429579624,-0.06347369103979505
2017-10-10,-0.0003942929282842118,-0.0008282691615463342,0.00043397623326212205,-0.0355805381130805
2017-10-11,-0.0032383851635002098,-0.0018129256007122052,-0.001425459562788005,-0.07354283390630924
2017-10-12,-0.0020302279015485085,-0.001839818873993414,-0.00019040902755509265,-0.0480873026871519
2017-10-13,-0.004149254536086099,-0.0022118749386643224,-0.0019373795974217773,-0.0017133546621023689
2017-10-16,-0.0023628901124158226,-0.0009463136658093459,-0.0014165764466064767,-0.03268479062375888
2017-10-17,-9.664020783075634e-05,4.6969855145009495e-05,-0.00014361006297576584,-0.10363923675800021
2017-10-18,-0.0014995161944337538,-0.0005399029097413514,-0.0009596132846924036,-0.06896858392225877
2017-10-19,-0.00513540250823201,-0.002551506623608803,-0.0025838958846232064,0.04971141909968559
2017-10-20,-0.003517658765014945,-0.0018477852121632481,-0.0016698735528516955,0.015782127321318267
2017-10-23,0.002554185700274613,0.001757456748716594,0.000796728951558019,0.033963961340387185
2017-10-24,0.0007842481792729049,0.0007060807579707448,7.816742130216207e-05,0.04528618784563463
2017-10-25,0.0016676731014309964,0.0003399659000829884,0.0013277072013480082,0.24390543988601476
2017-10-26,0.002488093084545575,0.0018287494454235775,0.0006593436391219981,0.013775281772049999
2017-10-27,0.016299167445221693,0.009897948164132208,0.006401219281089485,0.0919164377728603
2017-10-30,0.0007713328270102763,0.001329845444547952,-0.0005585126175376752,0.009364101425761379
2017-10-31,0.00686912199327971,0.0037526066125724705,0.003116515380707237,-0.04902755693912824
2017-11-01,0.0005330031899522297,0.0018982569443812443,-0.001365253754429016,-0.02087527955792408
2017-11-02,-0.002907152554672515,-0.0009200516199836858,-0.00198710093468883,0.004602982465866324
2017-11-03,-0.0012700272353155105,-0.0006746981079672311,-0.0005953291273482807,-0.02894558931264201
2017-11-06,0.0002210469006602697,0.00030044107311194904,-7.93941724516814e-05,0.021169412319370497
2017-11-07,-0.0013623985407046047,0.0001931942699777327,-0.0015555928106823374,0.04185459391356116
2017-11-08,0.001087400358671829,5.043126776755821e-05,0.0010369690909042715,-0.04949575704222789
2017-11-09,0.0022093071964476908,0.0012646774428328542,0.0009446297536148361,-0.027902427219147728
2017-11-10,-0.0028328962222118064,-0.0025422259937995413,-0.0002906702284122629,0.014321226024292158
2017-11-13,-0.0014281431909827914,-0.0005750596711984824,-0.0008530835197843104,-0.039360994507844596
2017-11-14,0.0008085965947435209,-0.0012929401614527013,0.0021015367561962213,-0.06028398344850509
2017-11-15,-0.0021697353445907504,-0.0014092033049786148,-0.0007605320396121351,0.17956517401385066
2017-11-16,-0.004160651645077152,-0.003916225846224763,-0.00024442579885239,-0.03117491201299861
2017-11-17,0.01305281565518471,0.005232278948045996,0.007820536707138712,0.048586015428897386
2017-11-20,-0.0021598882466757085,-0.0017615626018587013,-0.00039832564481700854,-0.05021245409052395
2017-11-21,0.003723846208099131,0.001979223239156159,0.0017446229689429722,-0.0065730748752812285
2017-11-22,-0.002776738717453533,-0.0020211058530667896,-0.0007556328643867453,0.0013052427986836783
2017-11-23,-0.00033257117098263564,-0.0014501987934753533,0.001117627622492718,-0.07133136631675936
2017-11-24,7.965399739168113e-05,-0.000748047949211168,0.0008277019466028466,0.006311119505744333
2017-11-27,-0.0036543445799910633,-0.0023651428400272593,-0.001289201739963804,-0.001775242086719321
2017-11-28,0.00036501525212297116,-0.0011334664545793165,0.0014984817067022881,0.04094052079614634
2017-11-29,-9.160449390666786e-05,0.0013057914893243004,-0.001397395983230968,-0.022847804613262822
2017-11-30,0.0024314393657201877,0.001116088729206129,0.00131535063651406,-0.03786102511273666
2017-12-01,-0.0012834847564648138,0.00010328204002245031,-0.0013867667964872678,-0.007749982292571201
2017-12-04,-0.0024672656709176866,-0.0013714471498176457,-0.0010958185211000365,-0.03878478685411203
2017-12-05,-0.000449639304669069,-0.0014082665294138375,0.0009586272247447715,-0.10523189461018996
2017-12-06,-0.0021604824632512143,-0.0012147763080411975,-0.0009457061552100177,-0.0503169335886358
2017-12-07,-0.005662505728159101,-0.0013241559054729575,-0.004338349822686143,0.011520478260993847
2017-12-08,-0.0025684398147530645,-0.0005779150197275842,-0.0019905247950254817,-0.037239487346739215
2017-12-11,0.000749721233355212,-0.0002861455206444735,0.0010358667539996855,-0.034399716872195174
2017-12-12,-0.0017621242905817335,-0.0005158300293954289,-0.0012462942611863072,0.03806886776645721
2017-12-13,-0.001884095298071623,-0.0011100644648828293,-0.0007740308331887933,-0.02251368512075988
2017-12-14,0.00235920361541084,0.0015039228129262961,0.0008552808024845433,-0.0007057775879599455
2017-12-15,-0.001178907214473092,-0.0006817473214210338,-0.0004971598930520581,-0.035377138919329754
2017-12-18,-3.905175257947808e-05,-0.00105656416723106,0.001017512414651583,0.03457062863178168
2017-12-19,-0.0017336146575442626,0.00019718801993149314,-0.0019308026774757549,-0.05939338889433423
2017-12-20,0.0015187315427383848,0.0008788913063468868,0.0006398402363914975,-0.09115918632286264
2017-12-21,-0.004124435287478441,-0.0014630196236422657,-0.0026614156638361756,0.0408269486764204
2017-12-22,-0.004949827641334059,-0.002320906507889204,-0.0026289211334448517,-0.06831919224973573
2017-12-25,0.0023204320279397507,0.001443732398169606,0.000876699629770145,0.05832468993601725
2017-12-26,-0.004344338314293844,-0.0019430613959809618,-0.0024012769183128814,0.023364959069940485
2017-12-27,0.0033307408645173197,0.0017344253283627722,0.001596315536154547,0.02314259292918726
2017-12-28,0.0015165474699040072,0.00023595163317527423,0.0012805958367287339,0.0036727312839756085
2017-12-29,0.0011254051604412652,0.0005996696295781704,0.0005257355308630957,0.005693462476043987
2018-01-01,0.00018645545628545368,-0.0007156361418353789,0.0009020915981208348,-0.002538199240958262
2018-01-02,0.0004055246727675205,-0.0005474747041049575,0.0009529993768724772,0.02500207832501945
2018-01-03,-0.00016482544382160442,-6.402071924926228e-05,-0.00010080472457234084,-0.02788724941511826
2018-01-04,0.0017569395053102697,0.00040730114390163247,0.0013496383614086394,0.05487116135996444
2018-01-05,-0.0013415466164453478,1.752281580533893e-05,-0.0013590694322506876,0.007186415609671847
2018-01-08,0.0035440971849200554,0.0013856701191287887,0.0021584270657912692,-0.0924282059479116
2018-01-09,0.0003511529024071108,0.00092711243206791,-0.0005759595296607987,-0.02660273590417664
2018-01-10,-0.004288976924783539,-0.002337552936707776,-0.0019514239880757643,0.02608735855799177
2018-01-11,-0.0014258677564369933,-0.0016552522046238663,0.00022938444818687218,0.04079105486968488
2018-01-12,0.0012254618880994965,-0.00031940683504472233,0.0015448687231442188,0.04841738066685686
2018-01-15,0.0017994475646620387,0.00045504771051613213,0.001344399854145903,0.0896958419480261
2018-01-16,0.002360410143197452,0.0008973428211396465,0.0014630673220578042,-0.01125955966208854
2018-01-17,0.0046316453067769174,0.0029444432853550397,0.001687202021421877,-0.0021531518155166493
2018-01-18,-0.0006650927863524614,0.00034542665053775585,-0.0010105194368902172,-8.755527588057388e-05
2018-01-19,-0.00010117945218997607,0.000513867798841508,-0.0006150472510314843,-0.08001540540938473
2018-01-22,-4.494125018242355e-06,0.0012000953204205581,-0.0012045894454388011,0.047443551745262234
2018-01-23,-0.003651607340927602,-0.0008520325422536577,-0.002799574798673944,-0.05827497054628581
2018-01-24,0.0023065643890978612,0.0022898441018813645,1.6720287216496696e-05,0.025001664887302894
2018-01-25,-0.0024607572203888682,-0.0012440970269140261,-0.0012166601934748417,0.07547853303073773
2018-01-26,0.0011410337254996008,-0.0001959807538619387,0.0013370144793615397,0.005331368322822598
2018-01-29,0.0034378211000795265,0.0019742471767293605,0.0014635739233501664,0.05071507307002072
2018-01-30,0.0002563026310542314,0.0005294484507902542,-0.000273145819736028,0.0068584547740578134
2018-01-31,0.0024641651599736207,0.0013051381644001055,0.0011590269955735182,0.007511068961718418
2018-02-01,0.00040879162271708177,0.0013704646541332836,-0.000961673031416202,-0.01013711813674785
2018-02-02,0.0003307641044548573,0.00047883131374366547,-0.00014806720928880676,-0.0105777501591691
2018-02-05,-0.0004952831228564004,-0.0007141566821682876,0.0002188735593118881,-0.011524242705442951
2018-02-06,-0.0005255218241859449,-4.908795674656149e-05,-0.000476433867439383,0.07255083759787385
2018-02-07,-0.0006121339558707066,-0.0006655143479073991,5.3380392036692396e-05,0.04790758015435648
2018-02-08,0.0039437301847441274,0.0007955209579876346,0.0031482092267564946,-0.10641142746630591
2018-02-09,0.002342219622169738,0.0018383864790689017,0.0005038331431008376,-0.04296312872195538
2018-02-12,-0.004636799791874169,-0.0034101649226073606,-0.0012266348692668086,-0.005429158844353506
2018-02-13,-0.0018953634013041585,-0.001291661437174174,-0.0006037019641299858,0.07366674123001508
2018-02-14,-0.0002880078065029912,-0.001371965501942761,0.0010839576954397717,-0.10562190816852242
2018-02-15,0.004415507723746263,0.0015179950218596697,0.0028975127018865954,-0.02449597052814258
2018-02-16,-0.005224649964142134,-0.002591687425231016,-0.0026329625389111162,-0.06267161173279123
2018-02-19,-0.0010371578495676304,-0.00044970813620330737,-0.0005874497133643245,-0.017943471937556455
2018-02-20,-0.0026662831532347354,-0.0011129463801048374,-0.0015533367731298984,0.0856304277557605
2018-02-21,-0.0006560998302947688,-5.1948661723746556e-05,-0.0006041511685710241,0.04523911551670068
2018-02-22,0.0033479179528232914,0.0011081547579618355,0.002239763194861456,0.10901128404548623
2018-02-23,0.0015804112087977884,0.001118842643828259,0.00046156856496952937,-0.04008842999182349
2018-02-26,0.005690508990085924,0.003017024674703741,0.0026734843153821825,0.052863777882629956
2018-02-27,-0.0017773566060651114,-0.00036644287196573033,-0.0014109137340993817,-0.11706019857530259
2018-02-28,0.0030017968040037197,0.001403664986406053,0.0015981318175976658,-0.09513580256173816
2018-03-01,-0.0061078625612828,-0.002301577913852057,-0.0038062846474307423,0.10842758645197494
2018-03-02,-0.004480597804967033,-0.0018971012819795664,-0.002583496522987467,0.049280897471342774
2018-03-05,0.00753970108010971,0.004888606698428388,0.002651094381681332,0.003911972711296916
2018-03-06,0.00391867118245701,0.001959671697905752,0.001958999484551258,-0.050374565247512174
2018-03-07,0.00023481335386128527,-0.0007170666761334658,0.0009518800299947502,-0.01751750014844355
2018-03-08,-0.0032696548330803364,-0.003131713112534365,-0.00013794172054597265,0.07559792744094167
2018-03-09,-0.001181218668651411,-0.0021007738113349187,0.000919555142683509,-0.06492941301549687
2018-03-12,0.004834648983103414,0.0023991212159563784,0.0024355277671470263,-0.05306655841477925
2018-03-13,-0.00400728146991494,-0.0025398127385176036,-0.0014674687313973346,-0.033719884202854565
2018-03-14,-0.0022770153307550313,-0.0009800556466916036,-0.0012969596840634243,-0.08352974677254285
2018-03-15,-0.0018582708427171497,-0.0014319163009121373,-0.00042635454180501263,-0.013852361893720957
2018-03-16,-0.003769876775886058,-0.0019581657064865303,-0.001811711069399527,-0.045687043908061026
2018-03-19,-0.0008401816894669089,0.0007119396364521184,-0.001552121325919027,-0.09834178817162852
2018-03-20,-0.0025819993398241235,-0.0016034364317238522,-0.0009785629081002717,-0.04919106448862775
2018-03-21,-0.005413326494037315,-0.002266904432259336,-0.0031464220617779797,-0.027344148169622565
2018-03-22,-0.002363065269483638,-0.0017545462573308138,-0.000608519012152824,0.013645934237129308
2018-03-23,-0.0012169129754338902,-0.001174136104934921,-4.277687049897283e-05,-0.07025148017068708
2018-03-26,0.0005925786356051268,0.0006263901042490808,-3.381146864395168e-05,-0.02394374068988911
2018-03-27,-0.003333488329080323,-0.0006164418243282677,-0.0027170465047520534,0.026497505640136833
2018-03-28,-0.0014367571349391396,-0.0006156554633047033,-0.000821101671634435,-0.01962460583190766
2018-03-29,0.0017134202625822212,0.0017455099926284834,-3.208973004626206e-05,-0.09963409675028499
2018-03-30,-0.0010698033934107513,-0.00016940208001479983,-0.000900401313395951,0.02698399345669433
2018-04-02,-0.00468471715982284,-0.0014265510101568188,-0.003258166149666023,0.06906545916021249
2018-04-03,0.001377684874761022,0.00026939040528393444,0.0011082944694770873,0.038117832349884216
2018-04-04,0.00336377802468872,0.001990908763144835,0.001372869261543886,-0.03403979349340266
2018-04-05,0.001939503762446007,0.0009433072880734965,0.0009961964743725078,-0.10643707519069902
2018-04-06,-0.0018936791628763063,-0.0008340377203019181,-0.0010596414425743871,-0.06048552007785667
2018-04-09,-0.005923632741252147,-0.0032455932293877117,-0.0026780395118644364,-0.05365071932628024
2018-04-10,-0.003893508831850877,-0.002287146576087872,-0.0016063622557630063,0.00312843976731757
2018-04-11,-0.0037243966366902904,-0.0025017312302795854,-0.0012226654064107067,0.01436648241886316
2018-04-12,0.00020386142979197139,0.0004727565474012055,-0.0002688951176092365,0.07074645443818263
2018-04-13,0.0008361941429904676,-0.00023753304821285022,0.001073727191203317,0.16634957414200502
2018-04-16,0.0038483560649192365,0.0015786142163417844,0.002269741848577452,-0.058670192782893496
2018-04-17,0.010062875590912042,0.005439259646127147,0.004623615944784894,-0.05068923903246127
2018-04-18,-0.0036917560722493914,-0.0012772162052769067,-0.002414539866972484,0.007178451182813775
2018-04-19,-0.0026137281183332174,-0.0010506756200766654,-0.0015630524982565529,0.1088125577498571
2018-04-20,0.00040272524333198194,-0.0005292573624931223,0.000931982605825105,0.022580853725971656
2018-04-23,0.00615743869670223,0.004511539441461678,0.0016458992552405537,0.009554316972293137
2018-04-24,0.0012407356883838345,0.0004226844400924473,0.0008180512482913876,-0.04338614077597088
2018-04-25,0.0004193751803584205,0.00017207391788651855,0.00024730126247189677,0.08422616525838252
2018-04-26,-0.0020694283729338807,-0.0015092210464091316,-0.00056020732652475,0.041775363877604714
2018-04-27,0.0046878401763525345,0.0017130784862290404,0.002974761690123494,0.05280231362391623
2018-04-30,0.0022730582786798775,0.0011878514332245259,0.0010852068454553498,0.05458242983787743
2018-05-01,0.0027144528102128586,0.0018027054646566495,0.0009117473455562087,-0.07002894866309359
2018-05-02,0.0029889967602870922,0.001911281033338881,0.0010777157269482099,-0.02851999725642472
2018-05-03,-0.0032629286761026665,-0.0018764161274449059,-0.001386512548657761,0.008794776909472822
2018-05-04,-0.0012376149007926143,-0.0007161505193380386,-0.0005214643814545753,-0.035006084598764864
2018-05-07,0.0003730182226621674,1.4435575927531502e-05,0.000358582646734636,-0.09931355430560547
2018-05-08,-0.0017917809384578665,-0.0006623555206353091,-0.0011294254178225542,0.04022825962445089
2018-05-09,-0.005524428311385327,-0.0028909823696196624,-0.002633445941765665,0.049763781474278464
2018-05-10,0.0018258570486691624,0.0014073439187935856,0.00041851312987557787,-0.060720461920804984
2018-05-11,0.0021421119933367865,0.0016317335759925503,0.0005103784173442361,0.04440108758280374
2018-05-14,-0.002509016163299702,-0.0018840367011884688,-0.0006249794621112333,-0.03879152546571165
2018-05-15,0.0019577715530676052,0.0013235331732077962,0.0006342383798598099,0.08552762403877606
2018-05-16,-0.0018283361161964507,-0.001567423551099666,-0.00026091256509678563,0.02580949160498695
2018-05-17,0.004715651919611893,0.0016623829864794784,0.0030532689331324147,0.07165684323417408
2018-05-18,0.0013724573933262003,0.0004452674839211623,0.000927189909405038,-0.043525585815140024
2018-05-21,0.003845964901701696,0.0033923237133397406,0.00045364118836195566,-0.03570288939661863
2018-05-22,-0.0022345702974813403,0.0006678703631811391,-0.0029024406606624805,-0.06659759691879581
2018-05-23,-0.0021097825577614197,-0.0019897835020418566,-0.00011999905571956305,-0.06765185589200463
2018-05-24,-0.004518846662566542,-0.0018696685803910682,-0.0026491780821754725,-0.07213881084627598
2018-05-25,-0.0035428857113441827,-0.002682050928581717,-0.0008608347827624672,0.019320222260416537
2018-05-28,-0.0038813913827904062,-0.0022788408781100646,-0.0016025505046803404,0.00961153408796396
2018-05-29,0.0009622455914256037,0.0008059351806243833,0.00015631041080122138,-0.09747313289069845
2018-05-30,0.0005049519836364351,7.558064108334874e-05,0.00042937134255308616,-0.03830976170988537
2018-05-31,-0.0051315586938376605,-0.003186796908850363,-0.001944761784987298,0.022422281780690508
2018-06-01,-0.002216117847133696,-0.0028967632563067997,0.0006806454091731022,-0.04774360536085213
2018-06-04,0.0012185811783077692,0.0004341506377861584,0.000784430540521611,0.017223826909190557
2018-06-05,-0.0024490623304376886,-0.0017939479312080765,-0.000655114399229613,0.010812559703874517
2018-06-06,0.0008818443908486414,0.00012224265796851458,0.0007596017328801274,-0.04762241702175945
2018-06-07,0.0005859825022196561,0.0009925722782435607,-0.00040658977602390546,-0.039048145985274126
2018-06-08,-0.0026212456998259068,-0.0014946358245971868,-0.0011266098752287191,-0.058031856485982004
2018-06-11,-0.0019543730077331884,-0.0014625021303734482,-0.0004918708773597406,-0.0026664203868107215
2018-06-12,-0.0028254244653975235,-0.0010236987530857864,-0.001801725712311737,-0.005199485222972264
2018-06-13,-0.00014078452938334654,-1.3611564335622248e-05,-0.0001271729650477245,0.09944810046323896
2018-06-14,-0.00026347388376773235,-0.0010946530208917312,0.0008311791371239984,0.08305340528861078
2018-06-15,0.006177592118227047,0.002045621853567497,0.004131970264659551,0.11401765059944721
2018-06-18,0.0049135671696681135,0.0018663305062865156,0.0030472366633815962,0.1141803709571813
2018-06-19,0.007622967305342485,0.0057837442969899955,0.0018392230083524898,0.08828537543417
2018-06-20,0.0073150955686416275,0.005218539733765324,0.0020965558348763087,-0.031724426989399236
2018-06-21,0.006742572966026602,0.005739870305299311,0.00100270266072729,-0.12479454937633284
2018-06-22,-0.0016478330902012356,-0.0017570055820751267,0.00010917249187389344,-0.05659685770961271
2018-06-25,-0.006084485638872018,-0.003417828913717034,-0.0026666567251549846,-0.10747660524275404
2018-06-26,-0.0026009056663931092,-0.001073741729752005,-0.0015271639366411065,-0.017665264324572525
2018-06-27,-0.004955304833154691,-0.0028806412607559166,-0.002074663572398775,-0.07636066236688481
2018-06-28,-0.0008182241462182069,-0.0013090787619607562,0.0004908546157425487,-0.05719116786740833
2018-06-29,-0.004059373131765296,-0.0017343863514958625,-0.002324986780269434,-0.07663463829338638
2018-07-02,-0.0025288344518258196,-0.0013169496457962962,-0.0012118848060295243,-0.03339732846314287
2018-07-03,-0.00473730822700353,-0.0029250499231943364,-0.001812258303809192,0.03309263094223498
2018-07-04,-0.0019267008395720511,-0.0006067464537316031,-0.001319954385840448,-0.02781139962923954
2018-07-05,0.0019011093070004643,0.0004934196938488496,0.0014076896131516143,-0.025594803251116505
2018-07-06,-0.0016792622496985955,-0.0011711175830030895,-0.0005081446666955029,0.05372937448204385
2018-07-09,-0.0013604574784043411,-0.0005230990401276919,-0.0008373584382766544,0.032490089959423187
2018-07-10,0.004381228612907809,0.0015566752576854305,0.0028245533552223793,0.010480950178200357
2018-07-11,0.0024246432513332873,0.0011164345685310564,0.0013082086828022296,-0.08349918616435965
2018-07-12,0.0007528108022057285,0.0011261241001533718,-0.00037331329794764324,-0.01974101184151825
2018-07-13,-0.004592447099764185,-0.0021439165320017153,-0.002448530567762469,-0.026081210533689364
2018-07-16,-0.0012775557252001166,-0.0012924132219643662,1.4857496764244388e-05,0.017428610858838577
2018-07-17,-0.0019013279058029053,-0.00045098689476502987,-0.0014503410110378694,0.049188084820195474
2018-07-18,0.0012858178520323222,0.0010319973073994078,0.0002538205446329135,0.06522916146340782
2018-07-19,0.004074025053558716,0.003076460555286816,0.0009975644982718988,0.05482931261453866
2018-07-20,0.006879688362542623,0.004152936459892384,0.0027267519026502388,-0.015997058307658026
2018-07-23,0.003885966786460318,0.001638557398244922,0.002247409388215396,0.008114863875619065
2018-07-24,-0.0011538480669369745,0.00034189947183238187,-0.0014957475387693576,0.022728245079056613
2018-07-25,0.000710897044236732,0.00015727782819533256,0.0005536192160414018,0.0729913427669782
2018-07-26,0.0018850451581257678,-1.2557200649274819e-05,0.001897602358775046,-0.005133531869189348
2018-07-27,0.0047227262358184325,0.002403181142484563,0.002319545093333871,-0.009185634681309722
2018-07-30,-0.00032767668455677764,0.000172708813505007,-0.0005003854980617853,-0.041083809536407306
2018-07-31,-0.0005906444021919352,-0.002127910644108991,0.001537266241917056,0.002456447118128313
2018-08-01,-0.002721316354363262,-0.002003242572165737,-0.0007180737821975261,-0.0015574402251380191
2018-08-02,0.00014709793323485344,0.0007476251000932098,-0.0006005271668583553,0.04334844596871201
2018-08-03,-0.00011153528044743856,-0.0009578691659399997,0.0008463338854925607,-0.06394608322814446
2018-08-06,0.003414364770339279,0.0006050841488776078,0.002809280621461672,-0.026771761319668175
2018-08-07,-0.004618256513032925,-0.0012325492493549146,-0.003385707263678008,0.011697343784778042
2018-08-08,-0.0019823739734293267,-0.00034292333002454347,-0.0016394506434047832,0.027730607294584552
2018-08-09,0.000838514486770198,0.00042454907228327114,0.0004139654144869262,0.028124034055916992
2018-08-10,0.001595597008310385,0.0008047111105326347,0.0007908858977777565,-0.02234311153090448
2018-08-13,0.0016088631873316197,0.0008635370906316595,0.000745326096699965,-0.0028999156227777967
2018-08-14,-0.0015343550725118783,-0.0010491209568687671,-0.00048523411564311246,0.0401980074158904
2018-08-15,-0.00019465525130028056,0.00010970275572803022,-0.0003043580070283113,0.0849491176809561
2018-08-16,0.002707571279369026,0.00016958676262578132,0.0025379845167432446,0.005184228046224342
2018-08-17,0.007571887185555404,0.003855393403665713,0.003716493781889689,0.052122792334393146
2018-08-20,0.0003738842520409337,0.00034437346012600786,2.9510791914926383e-05,-0.03791732028759221
2018-08-21,0.0037949283489154394,0.0021899638143373272,0.0016049645345781124,0.008277635041179484
2018-08-22,-0.0027927281483163913,-0.00027006500970515324,-0.0025226631386112384,-0.010457002948921698
2018-08-23,0.000573408566700093,-0.0008444437991627999,0.0014178523658628923,-0.03927842096628507
2018-08-24,-0.0006724464164963343,-0.000549255834650631,-0.00012319058184570315,-0.045167461633015035
2018-08-27,-0.0024541192381268015,-0.000929025071813798,-0.0015250941663130062,0.03459156058317739
2018-08-28,-0.002937793595120825,-0.002324968788461908,-0.0006128248066589181,0.005845697994376847
2018-08-29,0.0023846574252881655,-0.00037592361002438887,0.002760581035312554,0.024387520793742058
2018-08-30,0.00036666340178007615,-0.0013548765342992052,0.001721539936079282,0.03988622189838749
2018-08-31,0.001781942487001701,-0.0009144883570622094,0.0026964308440639104,0.05943638210429922
2018-09-03,0.003139866710193958,0.002429368787177349,0.000710497923016612,0.06119786682797325
2018-09-04,0.003971024794003809,0.0009281607138171555,0.0030428640801866535,-0.0511003554884958
2018-09-05,0.004198943085970611,0.0029955196664346873,0.001203423419535922,0.016545256138561087
2018-09-06,-0.004285464429068705,-0.0028341768279801696,-0.0014512876010885373,0.014283746336722301
2018-09-07,0.0015662695561877112,2.125901680238851e-05,0.0015450105393853206,0.048559858808026955
2018-09-10,0.0011258396703932101,0.0008852363424556586,0.00024060332793755107,-0.06850820793107827
2018-09-11,0.0037944523985515913,0.002101121435382408,0.0016933309631691623,-0.01880781215231398
2018-09-12,-0.005070411483077797,-0.0018425263587001778,-0.003227885124377619,0.04196526791789463
2018-09-13,-0.0012842091943394485,-0.0011090958403124625,-0.00017511335402698672,0.12989925652622747
2018-09-14,0.002555450227588628,0.0010573805075703331,0.0014980697200182944,-0.06904945944264625
2018-09-17,0.0064793470819367125,0.0024608499063723463,0.0040184971755643645,0.0029881615446973324
2018-09-18,-0.004367714033540425,-0.00227113699575294,-0.0020965770377874863,0.03957554624237935
2018-09-19,0.00016319729201727117,-0.0011609300665481586,0.0013241273585654321,-0.0400591867474934
2018-09-20,0.001977361888628577,0.00190685240241667,7.050948621190739e-05,-0.020449686511727773
2018-09-21,-0.0024190568227000367,-0.00035771207402077697,-0.0020613447486792624,0.009682215579527954
2018-09-24,-0.0014916520813977204,0.001165494167382139,-0.002657146248779864,0.003597772430475132
2018-09-25,0.0008117942583527747,-0.00042810471001204146,0.0012398989683648162,-0.028535442477281094
2018-09-26,0.00020807613495359405,-0.0003157463322413859,0.0005238224671949843,-0.014228309035184777
2018-09-27,-0.0017088493828317426,-0.00025402046415199785,-0.0014548289186797456,-0.022803913618144624
2018-09-28,-0.0009471118369550567,0.00013015370583556451,-0.0010772655427906258,0.019959939741584023
2018-10-01,-0.0015412813725685088,-0.0012302783878019464,-0.0003110029847665629,-0.05912650361050732
2018-10-02,0.0010597159988976895,0.0006862451467091954,0.00037347085218849066,-0.08838799096428375
2018-10-03,-0.0029741065029980788,-0.0005196749917086575,-0.00245443151128942,-0.012589304253773031
2018-10-04,-0.004599921966689053,-0.0016045576652771749,-0.0029953643014118793,-0.015527581409976603
2018-10-05,-0.0007758167416964587,-0.00044266601461541606,-0.00033315072708104375,0.06726657551799861
2018-10-08,-0.0008902826614870102,-0.000913294836909661,2.3012175422650136e-05,-0.01700066772071817
2018-10-09,0.004569165441466481,0.0027088999634529605,0.001860265478013521,0.029669851364351057
2018-10-10,-0.0010241624558062162,-0.0011926060261079757,0.00016844357030175797,0.08115346653395297
2018-10-11,0.001757551331291306,0.000705720351158708,0.0010518309801325978,-0.02441358997960489
2018-10-12,0.005217513883114551,0.0018555949896072177,0.0033619188935073326,-0.0030566754702118053
2018-10-15,-0.001496489125323307,-5.574623830819497e-05,-0.001440742887015116,0.02648365130880211
2018-10-16,-0.0001403822468652085,-0.0005707008605475294,0.0004303186136823192,-0.012988427708239589
2018-10-17,0.0013529928622136045,0.00044027375032410724,0.0009127191118894979,0.06571883979865903
2018-10-18,-0.0007121139184201523,-0.0001673551504813471,-0.0005447587679388048,0.00454773925566418
2018-10-19,0.003724681466910993,0.002473175389595371,0.0012515060773156186,0.0794269445960194
2018-10-22,0.00025672629584165037,0.000663662635065096,-0.00040693633922344544,-0.04822061406178696
2018-10-23,0.004105210364236065,0.002825422092423782,0.001279788271812283,-0.08972876115604642
2018-10-24,-0.002328234955727884,-0.0013653715123094542,-0.00096286344341843,-0.12485700305645413
2018-10-25,-0.004430233127823237,-0.002013516052267666,-0.0024167170755555745,0.003840912720912359
2018-10-26,-0.006269976386381555,-0.002647945334457485,-0.0036220310519240705,0.02805693556746314
2018-10-29,0.00021133675177661797,0.0007105186888721506,-0.0004991819370955322,0.04736986659271778
2018-10-30,0.0015597049098870696,0.000268441208199641,0.0012912637016874295,-0.07867852820573407
2018-10-31,0.0027038293552999366,0.001360989607287234,0.0013428397480127027,0.04866824086356826
2018-11-01,-0.004161301608883136,-0.0013938889024539929,-0.002767412706429142,-0.06547564161989933
2018-11-02,0.002651396497051416,0.0019490496366209396,0.0007023468604304781,0.05625703876908683
2018-11-05,-0.0033374595474885754,-0.0026903153398904513,-0.000647144207598125,0.064543493903041
2018-11-06,0.003017437031576394,0.0016184942411126676,0.0013989427904637253,0.008632546011580467
2018-11-07,0.003387308909073068,0.0009716499814347388,0.0024156589276383283,-0.015133407271258304
2018-11-08,0.0004443686586352944,0.0008458008682084277,-0.00040143220957313333,0.059347464084887475
2018-11-09,-0.0007730043160555195,-0.0006890826318887962,-8.39216841667231e-05,0.04587512068618724
2018-11-12,0.003492055336476253,0.0021110756596541685,0.0013809796768220889,0.04425301030934052
2018-11-13,0.00254443356456104,0.0007342803388981503,0.0018101532256628895,0.007202385339315889
2018-11-14,0.0021159622609834288,0.0015981546490980627,0.0005178076118853674,-0.025092443825019642
2018-11-15,0.00034491534332862096,7.139729905711496e-05,0.0002735180442715063,-0.020970695374321616
2018-11-16,-0.001301211120378448,-0.000906213012633795,-0.00039499810774465275,-0.05179282881418999
2018-11-19,-0.0012616991484427484,-2.4602201267050205e-05,-0.0012370969471756973,0.024183513257369366
2018-11-20,-0.00246051260110266,-0.002569303304030255,0.00010879070292759557,0.01430084808562079
2018-11-21,0.0011504453370688658,-0.0001128825748422964,0.0012633279119111623,0.05723862822654928
2018-11-22,0.00068977632382716,0.0011311173706269502,-0.0004413410467997876,0.10194849708599137
2018-11-23,0.0024525673179913807,0.0006352963670330555,0.0018172709509583253,0.001958859470090035
2018-11-26,0.006300501432759514,0.0035506384885462747,0.002749862944213248,0.0031902119796209942
2018-11-27,8.505674813734506e-05,0.00020307330246933757,-0.0001180165543319938,-0.003445612967341812
2018-11-28,0.00013243543312433238,-6.0903872906432205e-05,0.00019333930603076394,0.04190589277328426
2018-11-29,-0.00015635407078789826,0.00046148786228974135,-0.0006178419330776386,0.039061432376834744
2018-11-30,0.0018710242782368962,0.0018572363823103316,1.3787895926564405e-05,-0.021577088775149314
2018-12-03,0.0018577290806940918,0.0017697006017288275,8.802847896526326e-05,0.025326467003366326
2018-12-04,-0.000905904711407189,-0.0005319995324706683,-0.00037390517893652175,-0.023769202858562877
2018-12-05,0.0011318446966481466,0.0007427228983948354,0.00038912179825331076,0.07145674874365456
2018-12-06,-0.0010581624614537516,-8.913283028417346e-05,-0.0009690296311695781,0.041451602714528996
2018-12-07,0.0037361788047999694,0.001335209379386134,0.0024009694254138354,0.1414017027792275
2018-12-10,0.0021811465346307873,0.0007048623553712174,0.001476284179259572,-0.015747302767685215
2018-12-11,0.009406279722397073,0.006540497112028216,0.0028657826103688604,0.004369075722498182
2018-12-12,-0.0009627864211674106,-0.00047145691780661313,-0.0004913295033607983,-0.00220290451671288
2018-12-13,0.00023190449005568788,0.0007128980217580372,-0.00048099353170234956,0.07655416141073497
2018-12-14,-0.00011096897519443006,0.0001567752805914733,-0.0002677442557859049,0.012765462635117918
2018-12-17,0.003977638594825874,0.001970709072013733,0.00200692952281214,9.777144344595202e-05
2018-12-18,0.0006178833817412984,0.0007108260425011748,-9.294266075987514e-05,0.04267997463656146
2018-12-19,5.04360592098194e-06,-0.00026543748108684775,0.00027048108700783013,0.02228390704474474
2018-12-20,0.0019787011828241033,7.635638327051913e-05,0.0019023447995535838,-0.0342310131802323
2018-12-21,0.0010675544597677136,0.0006541194244614997,0.000413435035306213,-0.08507778018947551
2018-12-24,-0.0018058617217889148,-0.0009157274187449535,-0.0008901343030439657,-0.06882070094838796
2018-12-25,-0.004389729498642518,-0.003141502772444944,-0.0012482267261975737,-0.05209608671555282
2018-12-26,-0.003816767079375523,-0.0023451037966780285,-0.0014716632826974941,0.025948062943463673
2018-12-27,-0.002688604426943736,-0.0019840678264697706,-0.0007045366004739652,0.06368241355707265
2018-12-28,0.0015549729216682066,0.0003166056487959026,0.0012383672728723044,-0.04637657778269721
2018-12-31,0.003971026973873036,0.0019209012972124743,0.0020501256766605625,0.04347341519960742
2019-01-01,-0.002419716625121239,-0.00149603634476142,-0.0009236802803598183,0.012125993184116118
2019-01-02,0.00282610991409217,0.0001066395453238108,0.002719470368768358,0.058800750524247214
2019-01-03,0.0006626861127853484,0.000843423720063338,-0.00018073760727798976,0.0746187963184539
2019-01-04,0.0036985125031949546,0.0008322317427671214,0.0028662807604278306,0.0060818761032231375
2019-01-07,0.004143918930011351,0.0016661711151810463,0.002477747814830303,-0.05805150466339368
2019-01-08,0.00029792228371456307,-3.2584476110733736e-05,0.0003305067598252968,0.020021167787627876
2019-01-09,-0.003155645677649992,-0.00041270739039231744,-0.0027429382872576746,0.040493728737353706
2019-01-10,0.0010403945916686893,0.000279322892030448,0.0007610716996382418,0.029113098958479168
2019-01-11,0.0023297859527130786,0.0005828647288099609,0.0017469212239031185,-0.0810181516338896
2019-01-14,0.0016840318570335731,-0.001100248368714661,0.002784280225748236,0.021247368027793423
2019-01-15,-0.005005680894199392,-0.0024505783846451856,-0.002555102509554206,-0.01648603165666427
2019-01-16,0.001189860397548362,-0.00021768258023926058,0.001407542977787622,-0.10045923028567363
2019-01-17,-0.0007542808396929191,-0.0003967342440110728,-0.0003575465956818461,-0.09704430489233737
2019-01-18,-0.005091047402667267,-0.0027593469145292043,-0.0023317004881380637,0.06845241154754862
2019-01-21,-0.004856611237132343,-0.0009352156703236782,-0.003921395566808664,0.09534757469664094
2019-01-22,0.003390575570945104,0.001743944664213304,0.0016466309067318,-0.01269518625777109
2019-01-23,0.004851012245381558,0.002822239251712535,0.0020287729936690254,0.1089141406491962
2019-01-24,-0.0006672980041226624,-0.00043136662150596245,-0.00023593138261669938,0.020340628748935146
2019-01-25,0.006165476581979574,0.0031155780027648412,0.0030498985792147305,0.0005228125602499312
2019-01-28,0.001159136001384141,-2.8583542510439777e-06,0.001161994355635184,0.019868013862492765
2019-01-29,3.227892107431898e-05,0.00028964103536180744,-0.00025736211428748976,0.060179855863505334
2019-01-30,0.001419058410249233,0.001539264242996101,-0.00012020583274686969,-0.03368319771937792
2019-01-31,0.003449674515491949,0.0013487428391081632,0.0021009316763837844,0.012426626523725273
2019-02-01,-0.0017227292118526883,-0.00036650304412235053,-0.0013562261677303386,0.025290363834408643
2019-02-04,0.00076223748796665,0.0009484470513744935,-0.0001862095634078435,0.05214412673301423
2019-02-05,0.001269328644933751,-0.00019172747292809864,0.0014610561178618493,-0.0013109426829736245
2019-02-06,0.0025761171024310477,0.0016027574883479608,0.0009733596140830882,0.008708714096608332
2019-02-07,-6.75012612837318e-05,-0.00019211175030037003,0.00012461048901663712,0.012903768823334992
2019-02-08,0.00043603040984858726,-0.0004301326533998513,0.0008661630632484409,0.030088525903310848
2019-02-11,0.0008944281649743445,0.0002849141066900169,0.0006095140582843273,-0.020468919164185452
2019-02-12,0.0016889929411866137,0.0014303862344530248,0.0002586067067335881,0.0040800404840958355
2019-02-13,-0.0009995389427062689,-0.00011967366333608814,-0.0008798652793701807,-0.0032062309630357107
2019-02-14,0.00022870994508732357,0.0016233428254065572,-0.0013946328803192323,0.02309036305638276
2019-02-15,-0.00021049262010252668,-0.0014829843021088966,0.0012724916820063695,-0.03589752044005657
2019-02-18,0.00119266477921333,0.0003323593010753634,0.0008603054781379654,0.027450462149723603
2019-02-19,-0.001658318464807578,-0.0012927408093750502,-0.0003655776554325283,0.0931591486267174
2019-02-20,0.001378950806223223,-0.00031032995136009533,0.001689280757583318,-0.08275442215080706
2019-02-21,0.00465606558772936,0.0020750065638093966,0.0025810590239199625,0.11095643965496382
2019-02-22,-0.006067629346443478,-0.0033323729660037354,-0.0027352563804397406,0.05318717576128126
2019-02-25,0.007151000475172793,0.004680652998607036,0.002470347476565755,0.13908578876080321
2019-02-26,0.00372416108721078,0.0017577129304091003,0.00196644815680168,-0.005985959560492279
2019-02-27,0.00868853519705186,0.0049902935452289755,0.003698241651822882,0.11594000925743259
2019-02-28,-0.0002911422906416233,9.594630160299732e-05,-0.0003870885922446204,0.040566588950388054
2019-03-01,0.00603361262937093,0.0032515267738645725,0.0027820858555063586,0.027900068220860944
2019-03-04,0.0020578609241904324,0.0018549447674453456,0.00020291615674508743,0.06594528675102858
2019-03-05,0.0014780958853008372,0.001365313650406293,0.0001127822348945453,0.022413297639986066
2019-03-06,0.0031155387542686473,0.0021334080519126598,0.000982130702355988,0.1252035728023843
2019-03-07,0.0011264631552871849,0.00025708130614717026,0.0008693818491400142,-0.05003715751401274
2019-03-08,0.0065399483034303445,0.0033132440909271928,0.0032267042125031543,0.0024583793952860154
2019-03-11,-0.00231964336994575,-0.0007221762732867371,-0.0015974670966590137,0.008746535156037736
2019-03-12,0.00011945567508269393,0.0002764810885255327,-0.00015702541344283887,0.00968689180171528
2019-03-13,0.00042775295733206507,-7.376996328703998e-05,0.0005015229206191052,0.019264937428514164
2019-03-14,0.0005275026054820909,0.00016236893611700637,0.0003651336693650878,0.0001041481132574039
2019-03-15,0.0009042670940727255,0.0005781600317582552,0.00032610706231446865,0.009262512952962891
2019-03-18,4.606290727883922e-06,-0.00022661521256300832,0.0002312215032908918,-0.07935613685005584
2019-03-19,0.00044041106906089235,0.0009339473113299185,-0.0004935362422690253,-0.08326157738271808
2019-03-20,-0.003549069021918984,-0.002206313081340987,-0.0013427559405779972,-0.033556104982790415
2019-03-21,-0.004868227168033817,-0.0021573907796085534,-0.0027108363884252636,0.11197828126773425
2019-03-22,-0.0023956875352350803,0.0005668482614433579,-0.0029625357966784373,0.06895887676782711
2019-03-25,0.005329703657975186,0.002646650904093231,0.0026830527538819556,0.014005293789405513
2019-03-26,0.0032439587263290936,0.001990390616590818,0.0012535681097382752,-0.02135886488620427
2019-03-27,0.0005895687145686582,0.0006934475126751743,-0.0001038787981065166,-0.003088035721717163
2019-03-28,-0.0008957912978564467,-0.0004114027724654869,-0.0004843885253909598,-0.01745179467987877
2019-03-29,-0.00014297555622399432,0.00019052080367428664,-0.00033349635989828063,0.010688007425821109
2019-04-01,-0.0008086164568468853,-0.0008524089211420305,4.379246429514483e-05,-0.0197616667462948
2019-04-02,0.0004573070602696247,-0.000778733248011443,0.0012360403082810679,-0.016062288339469523
2019-04-03,-0.0007695370512543827,-0.0007305450316799269,-3.899201957445475e-05,-0.005456838536739521
2019-04-04,-0.0006963842761121845,-0.0004042323591539002,-0.0002921519169582845,-0.059081923015662924
2019-04-05,-0.00023687740878348794,-0.0005885640871867771,0.00035168667840328963,0.023687166815199247
2019-04-08,-0.0028628826955426896,-0.0010486489309664733,-0.0018142337645762167,0.03800529742802712
2019-04-09,0.0010489457244826686,0.0009211692492646396,0.00012777647521802944,-0.04011062636842468
2019-04-10,0.0018467646111648736,0.0003515233883397105,0.0014952412228251633,-0.044560914817929786
2019-04-11,-0.0017221358338467322,-0.0015104125615671895,-0.00021172327227954313,-0.08555788686833038
2019-04-12,-0.0020961031186714353,-0.0003817067870850073,-0.0017143963315864284,-0.053227931784407184
2019-04-15,-0.0043100723165813825,-0.002453214066007181,-0.0018568582505742014,0.012332321067563655
2019-04-16,-0.0025872299789946153,-0.0012692723109855484,-0.0013179576680090676,0.00954312327431518
2019-04-17,0.0006629442521916215,0.0002722384442480595,0.0003907058079435626,0.02130865645601032
2019-04-18,0.0005155432317761639,-0.00030482822940996156,0.0008203714611861226,0.052970163731669455
2019-04-19,0.0011921864856426312,0.0010737097061394273,0.00011847677950320781,0.1054200389946123
2019-04-22,0.002770108472317581,0.0004594857816913045,0.002310622690626275,0.03039832729772917
2019-04-23,0.0052233225255960405,0.002574692031276365,0.0026486304943196754,-0.060572720187919385
2019-04-24,0.0013839655201114058,8.816245966183217e-06,0.001375149274145223,0.06419990829792714
2019-04-25,-0.003359344350449001,-0.002222188678581472,-0.0011371556718675277,-0.0038795803999075455
2019-04-26,0.003606974133406521,0.003266821728068332,0.0003401524053381908,-0.022076607636930937
2019-04-29,-0.00019513089737440738,-0.00035719377924725744,0.00016206288187285006,-0.00727252125868028
2019-04-30,-0.0011238258566195107,-0.0013473553336340802,0.0002235294770145703,-0.012092831175788476
2019-05-01,-0.00039964586578822194,-2.7041426986758668e-05,-0.0003726044388014634,-0.0383958944383892
2019-05-02,-0.0007567903001016063,-0.0007367487771962819,-2.0041522905323364e-05,0.006066723894446825
2019-05-03,-0.002297042486930836,0.000267736775249737,-0.002564779262180572,-0.021291783434183194
2019-05-06,0.0004182029562731081,0.0004208249197011557,-2.6219634280452014e-06,0.03362033298675345
2019-05-07,-0.0012410086152189446,-0.0004911735997027416,-0.0007498350155162037,0.05140816357770478
2019-05-08,0.001991810906092744,0.0010480756634423764,0.0009437352426503679,0.012468854552545226
2019-05-09,0.0026900900486545674,0.0014827907395066117,0.0012072993091479557,0.019849684256097424
2019-05-10,0.0007166569369062839,0.0017591915964666241,-0.0010425346595603398,0.006755656345792107
2019-05-13,0.0011576874885413056,8.245062043593632e-05,0.0010752368681053689,0.06810304323057823
2019-05-14,0.00036982169465918716,0.0005845518947772211,-0.00021473020011803477,0.0035112489455369593
2019-05-15,0.0037024217335481138,0.0020242130660549375,0.0016782086674931767,0.04159405972525828
2019-05-16,0.0002355592101843879,-0.0008029374821242694,0.0010384966923086582,-0.045867235238816695
2019-05-17,0.002986554265207386,0.0007313236901013882,0.002255230575105998,0.059160536902817716
2019-05-20,-0.0031661321887182475,-0.0011303963667552179,-0.002035735821963029,-0.03547767623977431
2019-05-21,0.004229773518903048,0.0030357332842078366,0.001194040234695208,0.06182073861036174
2019-05-22,-0.0033606500495563024,0.0013038125328593414,-0.004664462582415652,-0.05149322403379652
2019-05-23,0.007713736085130485,0.008022985081341274,-0.000309248996210789,0.04481437358451622
2019-05-24,-0.003589928797272092,-0.002185933288237338,-0.001403995509034757,0.040545401564686376
2019-05-27,0.0031818887437960906,0.0018438893823262727,0.0013379993614698153,-0.0567479702188303
2019-05-28,0.0034986149887826687,0.001793453819554508,0.001705161169228163,0.0303427323782222
2019-05-29,-0.00486558785772385,-0.0024049545582169873,-0.0024606332995068605,0.04638097663356999
2019-05-30,0.00216346695358071,0.001479921358437047,0.0006835455951436633,0.04578040951675273
2019-05-31,0.0029978973149753984,0.0015263552577223262,0.001471542057253073,0.061796976397939976
2019-06-03,0.0031491766124558326,0.0019847294672918356,0.0011644471451639962,0.035871763595684315
2019-06-04,0.003725631954563236,0.002497355099345427,0.001228276855217809,0.06905022107616268
2019-06-05,0.002108388387134814,0.00024976519933247315,0.0018586231878023468,0.010112789124906228
2019-06-06,0.004785427741154238,0.003341601701326538,0.001443826039827699,0.002110285289130452
2019-06-07,0.0007973494631010644,-3.062568843900833e-05,0.0008279751515400729,-0.03820964562841115
2019-06-10,0.00012229105670552072,0.00011874598961692656,3.5450670885922575e-06,-0.04750804222767974
2019-06-11,-0.002713586515623461,-0.0007997300618004625,-0.0019138564538230003,-0.07682513866752307
2019-06-12,-0.0038696054589796797,-0.002618454669866611,-0.001251150789113073,0.008311841988506203
2019-06-13,-0.007021711671442627,-0.0023230815768583123,-0.004698630094584312,0.07547623074644705
2019-06-14,0.0008601758449473867,0.0009042309664339492,-4.405512148656504e-05,-0.05858526209030797
2019-06-17,0.006087580085724695,0.002727084210252552,0.0033604958754721425,-0.008929995231515402
2019-06-18,-0.005021691858985675,-0.0008790328449300236,-0.004142659014055652,-0.016858834839900316
2019-06-19,-0.0006085158022594486,-0.0009058861616604852,0.00029737035940104184,-0.09686620369082151
2019-06-20,-0.0010622558551994007,-7.666407997204173e-05,-0.0009855917752273572,-0.02871005323925227
2019-06-21,-0.007126785453448536,-0.004779865227369783,-0.0023469202260787553,-0.03637800797589779
2019-06-24,-0.0020298949680013665,0.00046756260669555266,-0.00249745757469692,-0.07761897729879583
2019-06-25,-0.0026038816247439386,-0.0015714763371532496,-0.0010324052875906888,0.09726166187276437
2019-06-26,-0.007551504365844376,-0.004163229858336524,-0.003388274507507852,-0.030329549429936795
2019-06-27,0.007857852450789758,0.004434624039098854,0.0034232284116909005,-0.034831083702162854
2019-06-28,-0.002073288710085527,-0.0013376331968446894,-0.0007356555132408387,0.028169133142882576
2019-07-01,-0.0023528579728217154,-0.0014722761504881582,-0.0008805818223335572,-0.07179332872483593
2019-07-02,0.0020597526955350074,0.001282003252466862,0.0007777494430681441,0.030276109256605704
2019-07-03,-0.005875734609435543,-0.0032007368830586497,-0.0026749977263768876,0.07568295999866162
2019-07-04,0.002165771036185977,0.0016781842356208753,0.00048758680056510285,0.0015176524474535135
2019-07-05,0.004953268137204353,0.004954995320465344,-1.7271832609896953e-06,0.1223436452537335
2019-07-08,0.00010008876556347407,-0.0008685160225882504,0.0009686047881517258,0.14729757613015895
2019-07-09,0.007696014258209262,0.004379058072590361,0.0033169561856189016,0.019884787985871746
2019-07-10,0.011923107317759302,0.005649821353118534,0.0062732859646407665,0.020695056568943722
2019-07-11,0.0013049078305798463,0.0011318750374550955,0.00017303279312474995,0.11389018213185115
2019-07-12,0.0011138930251558274,0.0009148069244210855,0.00019908610073474456,0.030256184211809346
2019-07-15,0.007493747823293862,0.005113413779581218,0.002380334043712644,-0.047977236192813195
2019-07-16,0.0018982696600695853,0.0011806638000049583,0.0007176058600646268,-0.018541425599843737
2019-07-17,-0.0038977593445432114,-0.00046098264643380793,-0.0034367766981094026,-0.014857389201466908
2019-07-18,-0.0013019272628005036,-0.00028664114562521243,-0.0010152861171752907,0.0020768766156692747
2019-07-19,-0.0008678384180451744,-0.0008407889823826009,-2.704943566257407e-05,0.07381620648198611
2019-07-22,0.00012878912321698526,0.0007165092118132481,-0.0005877200885962622,-0.05466306728158549
2019-07-23,0.004594010968222338,0.003794304598832071,0.0007997063693902674,-0.13398432488294712
2019-07-24,-0.003088895339633759,-0.0021729322527576297,-0.000915963086876137,0.02742828868050565
2019-07-25,-0.008180528711446765,-0.005347523972736449,-0.002833004738710317,-0.007227279411427076
2019-07-26,0.0018567554563543893,0.0008396441120835339,0.001017111344270856,0.09057736215067455
2019-07-29,-0.0004932448871833848,0.0019357259632337177,-0.0024289708504171004,-0.015078510900009523
2019-07-30,0.006159584272179169,0.004149195514311648,0.0020103887578675206,0.03987617325997992
2019-07-31,-0.0007807493840785204,-0.0005879119397114232,-0.0001928374443671034,0.015337482616200587
2019-08-01,0.002353213241923537,0.0019540998560942293,0.0003991133858293073,-0.003886622330574921
2019-08-02,0.0009414517498330926,0.0006433788879281277,0.00029807286190496485,0.06717878476821866
2019-08-05,-0.00024521824206602105,-0.000469430782212375,0.0002242125401463545,0.03147510276941346
2019-08-06,0.004077032616565219,0.0015192358449393206,0.0025577967716258997,0.03292027433621498
2019-08-07,0.001892581874820565,4.8766584098977085e-05,0.0018438152907215878,-0.059173731905364846
2019-08-08,0.002001383889967407,0.0005811409616622125,0.0014202429283051952,0.0668542681502616
2019-08-09,-0.003930864899854132,-0.0009008802655346149,-0.0030299846343195174,0.0733078380448544
2019-08-12,0.004697575395195365,0.002744514541719506,0.001953060853475859,0.09084657713347871
2019-08-13,0.0052119477268159,0.00320544273132836,0.0020065049954875397,0.0208431304792004
2019-08-14,0.007566999053474459,0.005991090343052487,0.0015759087104219721,-0.10653447713666561
2019-08-15,0.0015729705436270964,-0.00022706891557748815,0.001800039459204585,0.01191371276471021
2019-08-16,-0.007662633473393854,-0.005304145869901109,-0.0023584876034927447,-0.013454067888949888
2019-08-19,0.0006848045686463097,1.2131905854112501e-05,0.0006726726627921953,0.0218293568883085
2019-08-20,-0.0007476498953513217,7.122713820049932e-05,-0.0008188770335518208,-0.030739542716191035
2019-08-21,0.0011895022495791024,0.0014995077936666521,-0.00031000554408754967,0.09699250869879672
2019-08-22,-0.0016773118352011612,-0.0007299069341959721,-0.0009474049010051892,0.07382243097406586
2019-08-23,0.005350973865057162,0.002741288551790223,0.0026096853132669393,-0.00515355520432903
2019-08-26,0.004304304198591643,0.0037761722637111627,0.0005281319348804814,-0.07308466724733494
2019-08-27,-0.00029107576873842043,-0.00038990061699915,9.882484826073158e-05,0.1547373884509133
2019-08-28,-0.0042002270041660945,-0.0029132719578978524,-0.0012869550462682416,-0.05619485831901692
2019-08-29,0.011900697257200462,0.006377544536448003,0.0055231527207524585,-0.00042763830173205974
2019-08-30,-0.0034170870718098828,-0.0006581580191949016,-0.0027589290526149803,-0.060761553623153323
2019-09-02,-2.8150786195466158e-05,0.0007243844288794803,-0.0007525352150749461,-0.011918517880618918
2019-09-03,-0.00406111358913877,-0.0024850342935459173,-0.0015760792955928499,0.016821592540095177
2019-09-04,-0.0007334716926282502,-0.0004666817558205069,-0.00026678993680773894,0.024331227836203232
2019-09-05,0.0011118719351200144,0.0007119233292165179,0.000399948605903496,0.009323034765500454
2019-09-06,0.0013307532767083408,0.0003909349818533303,0.0009398182948550104,0.003377468617882236
2019-09-09,0.0006085510273089074,0.00013391191333798598,0.00047463911397092233,0.03842258498008258
2019-09-10,0.00021654955481409085,0.0010458844503651323,-0.0008293348955510419,-0.036330021077551684
2019-09-11,0.0023953639362600245,0.0019001159222633308,0.0004952480139966929,-0.10766409710844708
2019-09-12,-0.002028742671655456,-0.0016096215418800568,-0.00041912112977539676,0.04046972699203189
2019-09-13,-0.006894561127987565,-0.005174409211080413,-0.0017201519169071514,0.0821515788297705
2019-09-16,0.0023514536469927795,0.0010268622805487976,0.001324591366443982,0.005399418594850244
2019-09-17,0.004992958108053783,0.003329849062734193,0.0016631090453195906,-0.029316947267478626
2019-09-18,0.0003175765179815769,0.0009325489133829796,-0.0006149723954014025,0.05148803067749852
2019-09-19,-0.0018462530375397707,-0.0008033460909016815,-0.0010429069466380877,-0.010511596091316276
2019-09-20,0.002892602283908487,0.0016556612028422015,0.0012369410810662866,0.03950184490892556
2019-09-23,-0.0006134193198872051,0.00018857198248604804,-0.0008019913023732529,0.031218826805284004
2019-09-24,0.0023448938216118842,0.0016193827508972892,0.0007255110707145942,0.04949476151394628
2019-09-25,0.001872264467566197,0.00027608834577088183,0.0015961761217953155,0.024956771784930536
2019-09-26,0.0034389027374469522,0.000636799078242927,0.002802103659204026,0.002156255644486444
2019-09-27,0.0014189320972538538,0.002087695246001872,-0.0006687631487480167,0.03969769188610549
2019-09-30,0.00013555875465369894,0.0010689610061894762,-0.0009334022515357773,0.001999122009895579
2019-10-01,0.002442440241867071,0.0008015050671614527,0.0016409351747056185,0.03810839525343773
2019-10-02,0.00010455401520738264,0.0006259008709938374,-0.0005213468557864545,-0.05064996112475205
2019-10-03,0.0022229021071796546,0.0007447249021474696,0.001478177205032185,0.02651889209497836
2019-10-04,-0.0032119487944108774,-0.001159806252803431,-0.0020521425416074467,0.04005356611689821
2019-10-07,0.0015311983001162774,0.0012420872125095187,0.00028911108760675854,0.06315202325525017
2019-10-08,0.002794627843893746,0.0026048702645455283,0.00018975757934821744,-0.048247910351530456
2019-10-09,0.0034767573407061348,0.0019135046122256104,0.0015632527284805253,-0.03806434166622763
2019-10-10,-0.0030721505202886993,-0.0015561060500416902,-0.0015160444702470091,-0.052073794739907496
2019-10-11,-0.002429830937908958,-0.0018608541352243529,-0.0005689768026846034,-0.07313927215272792
2019-10-14,-0.0031845068459130134,-0.0006782640672920847,-0.0025062427786209287,0.01706347693850355
2019-10-15,-0.004696056581442125,-0.0019223381102807247,-0.00277371847116141,-0.015488125547637793
2019-10-16,0.0011901471357057113,0.0003228144156359157,0.0008673327200697956,0.02085122033184023
2019-10-17,-0.0010740171744510509,-0.00043626803981351714,-0.0006377491346375337,-0.01294196854721568
2019-10-18,0.00141094380935191,0.001240578487432198,0.0001703653219197153,0.07327234988407443
2019-10-21,-0.0011102196219084316,-0.0026802307772080085,0.0015700111552995784,-0.060951346244735805
2019-10-22,0.005153437777347629,0.0028175355757346643,0.00233590220161297,-0.05235005492415473
2019-10-23,-0.0054376558133959,-0.0024047110561366434,-0.003032944757259256,-0.04075487963043961
2019-10-24,-0.004921565820834891,-0.0029798038434726247,-0.0019417619773622677,0.05469692602333021
2019-10-25,-0.003056546484946383,-0.0018559974965521864,-0.0012005489883942025,0.05946569308194077
2019-10-28,0.004073635627735463,0.0033100285928664586,0.0007636070348690041,-0.010980960029046083
2019-10-29,0.004248917659886081,0.002809249384508314,0.0014396682753777673,-0.03240424233102876
2019-10-30,-0.0008229002849462375,-0.0009310886693610371,0.00010818838441479899,-0.03245173435220904
2019-10-31,-0.00199748221024459,0.00022860393999430805,-0.002226086150238899,0.05471696629836375
2019-11-01,-0.0022186897517228812,0.0009524569869539855,-0.003171146738676866,0.034370102176111646
2019-11-04,0.004433730467918544,0.0007782059459071067,0.0036555245220114413,0.05222470201630839
2019-11-05,0.002677552849228517,-0.000201592656762597,0.0028791455059911145,0.00014754818316962143
2019-11-06,0.0032787200435068008,0.0028097571081229095,0.00046896293538389,0.009404439875314365
2019-11-07,8.427098367660675e-06,0.0001460096051919095,-0.00013758250682424644,-0.057033932204820045
2019-11-08,0.0006749291566913954,-0.0005677228979113069,0.0012426520546027025,-0.07721186802064628
2019-11-11,-0.0036626815721048796,-0.002397577538066714,-0.0012651040340381642,0.053821366392355074
2019-11-12,-0.005404364373047093,-0.004225805786533865,-0.00117855858651323,-0.009203235865008944
2019-11-13,0.004204615617812477,0.002837405469961159,0.0013672101478513178,0.038082680210006555
2019-11-14,-0.0006531002763976337,0.00028772152295803745,-0.0009408217993556699,0.10796437060074468
2019-11-15,0.0027811165169112527,0.001781655173945979,0.0009994613429652743,-0.00048184616097199395
2019-11-18,0.007995378079385228,0.004399379152591561,0.0035959989267936674,-0.019406078609621808
2019-11-19,-3.8782606555550045e-05,-0.0003412819398657509,0.00030249933331020183,-0.1598297293608264
2019-11-20,-0.0014217732267634202,-0.0024026957211858192,0.000980922494422401,0.00725197699867768
2019-11-21,-0.012297038715278479,-0.0058676771000068465,-0.0064293616152716285,0.03901566670124725
2019-11-22,0.0004842886956416866,0.0005595076264605838,-7.521893081889608e-05,0.0447031265010341
2019-11-25,0.002315153067692519,0.0004854295786715663,0.001829723489020954,0.033114614800236135
2019-11-26,0.0027219348122662964,0.0013531302555360968,0.001368804556730198,0.007838358019475453
2019-11-27,0.0021302615141501856,0.0013053987886841294,0.0008248627254660561,-0.04603815455093011
2019-11-28,0.0005477390884694815,0.0009722071275449114,-0.0004244680390754277,0.004016733974596342
2019-11-29,-0.002867699574086825,-0.0032123673342418467,0.0003446677601550204,0.04118859972239966
2019-12-02,0.00024867663554848035,0.00103896730704847,-0.0007902906714999883,-0.03393505528321227
2019-12-03,0.0026169920231429093,0.0017725625166549411,0.000844429506487966,-0.01715186973303875
2019-12-04,-0.002682553071789655,-0.0008628232895868358,-0.0018197297822028198,-0.018094775344866146
2019-12-05,-0.0012527394661486309,-0.0018188817322568537,0.0005661422661082209,0.057994208662379455
2019-12-06,-0.0011475235867241247,-0.0008307487213193802,-0.00031677486540474323,0.011144891351875182
2019-12-09,0.0037153446470008767,0.001869691840950878,0.001845652806049999,-0.003709647101806254
2019-12-10,0.0006908169434957843,-0.00023485376362904903,0.0009256707071248339,0.015977644260265957
2019-12-11,-0.000179116176317634,-0.00015255223047854795,-2.6563945839086153e-05,-0.00440751052708224
2019-12-12,0.0010998315416364405,-0.00038422889720145584,0.0014840604388378963,-0.06744959538424104
2019-12-13,-0.00029834073535340785,-9.317929302423561e-05,-0.00020516144232917213,-0.11179181126514257
2019-12-16,-0.004263072118844165,-0.0034838821115809795,-0.0007791900072631865,-0.05878985620397765
2019-12-17,-0.009007308766398842,-0.004200279838441148,-0.004807028927957695,-0.09551059068957185
2019-12-18,-0.004582728553949129,-0.002866373720653223,-0.001716354833295906,0.00461359607169859
2019-12-19,-0.00849505855718548,-0.004104870373478155,-0.00439018818370732,0.12949000016103535
2019-12-20,0.0007404722952009627,0.0021087362645467664,-0.0013682639693458065,0.09983011123747311
2019-12-23,0.008002031621873955,0.003797881742504512,0.004204149879369444,0.0047414451814569115
2019-12-24,0.00811357486921418,0.0032710705925605814,0.004842504276653597,-0.08516918293418656
2019-12-25,0.0002967074000493333,0.0003161476118283494,-1.944021177901654e-05,0.06672168814303704
2019-12-26,-0.003992415510073922,-0.0016721344922790253,-0.002320281017794898,-0.035432280721918986
2019-12-27,0.003684799360429666,0.00311464471765276,0.0005701546427769059,-0.028972665440271557
2019-12-30,-0.0020719238073779573,-0.0012155732848926088,-0.0008563505224853489,-0.013846832505162873
2019-12-31,-0.0016136042950481723,-0.001416334300430472,-0.00019726999461770018,0.056057984600821106
2020-01-01,-0.0006940394456540395,-0.0001873226304783121,-0.0005067168151757263,-0.11220956144033972
2020-01-02,0.003102357593325192,0.0016973401736660818,0.0014050174196591101,-0.04603637890776197
2020-01-03,-0.0055893802215787845,-0.002535209224702739,-0.003054170996876049,0.012184932471268532
2020-01-06,-0.002282322388619566,-0.001140985297337002,-0.001141337091282564,-0.02459566944901225
2020-01-07,0.0007462858032616641,0.0005032426574123703,0.00024304314584929106,0.034322197914207285
2020-01-08,-0.0013957428332964645,-0.0007865541995423202,-0.0006091886337541447,0.05595034240372083
2020-01-09,0.0016697411852892017,0.00017674137285455475,0.001492999812434647,0.07397689446718524
2020-01-10,0.0034657265364425698,0.002130733235795247,0.001334993300647326,0.0860218934865453
2020-01-13,0.004295226731892027,0.0012850614624757006,0.0030101652694163247,0.05788752099300376
2020-01-14,0.004493630114447164,0.0025600127956510333,0.00193361731879613,-0.009004024126754948
2020-01-15,0.003212649965660462,0.0022829757110321754,0.0009296742546282891,-0.033734861655113274
2020-01-16,-0.0005112685616339127,-0.0006839406159405252,0.00017267205430661348,0.006080189773512664
2020-01-17,-0.0017385779272867151,-0.0006861244541034946,-0.0010524534731832212,-0.06420075009076215
2020-01-20,0.00033541461962081996,-0.0003562831577032209,0.00069169777732404,-0.023236236976016962
2020-01-21,-0.0034526521101180133,-0.0017215972207438833,-0.0017310548893741291,-0.04491821666743772
2020-01-22,-0.001199307778155846,-0.001150352660221489,-4.895511793435656e-05,-0.07864764863878504
2020-01-23,-0.0022564225238199636,-0.001852375589166855,-0.0004040469346531083,0.035761039269523266
2020-01-24,-0.004018993762508392,-0.0016140343315963115,-0.0024049594309120785,0.0521393711967594
2020-01-27,0.002126705649638543,0.0017634051569493173,0.0003633004926892246,0.005684024941946747
2020-01-28,0.003049644692994972,0.0024674203151646276,0.0005822243778303437,0.08361335804101644
2020-01-29,0.0003627616087210825,0.0017748481931593257,-0.001412086584438243,-0.0023158025872282383
2020-01-30,0.00501271167526186,0.0018145030134166993,0.0031982086618451617,0.15247074642383843
2020-01-31,-0.00015901917411639214,-4.289439379922058e-05,-0.00011612478031717069,-0.1062669080238016
2020-02-03,0.011340689670950938,0.007016604295800814,0.004324085375150125,0.029355853103872166
2020-02-04,-0.006028921721010328,-0.0049221827515429535,-0.001106738969467374,0.017476935247361304
2020-02-05,0.001511183497597925,0.00047521944388030993,0.0010359640537176149,-0.07548168356077005
2020-02-06,0.0010133282678334394,1.5053640700399967e-05,0.0009982746271330369,-0.00019740179235944405
2020-02-07,-0.004565082525073139,-0.0025445236505481344,-0.002020558874525005,-0.03786349413565851
2020-02-10,2.0008044549234705e-05,0.0005889755916218334,-0.0005689675470725956,-0.12480062337998288
2020-02-11,-0.00218371766403171,-0.001308288091494341,-0.0008754295725373687,0.07775150336815306
2020-02-12,-0.00804402774265222,-0.003272685556681138,-0.004771342185971084,0.01857325219225739
2020-02-13,0.004386395492988816,0.002832837202986012,0.0015535582900028035,-0.028052583672193973
2020-02-14,0.0010311643462608579,0.0013608799407818443,-0.0003297155945209862,-0.03894254217451983
2020-02-17,-0.0018434313522465281,-5.09868695631327e-05,-0.0017924444826833957,-0.031481311293550994
2020-02-18,-0.002262128710004566,-0.0010370960368485229,-0.001225032673156043,-0.00270997397024974
2020-02-19,-0.0017504724121166306,-0.0015736753293746236,-0.00017679708274200706,0.04433732278624832
2020-02-20,-0.00016271133958841865,1.9280205995817618e-05,-0.00018199154558423605,0.10221776154776124
2020-02-21,0.002480876319894916,0.0023871637218977858,9.371259799713025e-05,-0.005876941858085366
2020-02-24,0.006168907133733351,0.002706655628238192,0.0034622515054951583,-0.05911684916277312
2020-02-25,-0.0003188145636831499,-0.0006493321453662937,0.0003305175816831436,-0.09196378102706883
2020-02-26,-0.003294516798832026,-0.0022497459498426013,-0.0010447708489894243,-0.05455115951871238
2020-02-27,-0.00500825001956499,-0.0035047671237954893,-0.0015034828957694998,-0.021269745084545957
2020-02-28,-0.0027700887310850666,-0.001848430483423075,-0.0009216582476619915,-0.058077195983750204
2020-03-02,-0.0011029108684829344,-0.0014404206943800868,0.00033750982589715334,0.009881645516804618
2020-03-03,-0.0029029097903420864,-0.0011740250787833865,-0.0017288847115587008,-0.14951085381280996
2020-03-04,0.0005646851484393332,0.0005734474730359923,-8.76232459665928e-06,0.037679545957722445
2020-03-05,-0.008237650744543322,-0.005102411295705291,-0.0031352394488380307,0.04092690294167201
2020-03-06,0.002126277166227095,3.227114655505667e-05,0.0020940060196720377,0.006714854341478225
2020-03-09,0.0023174610138498395,0.0006704619614890427,0.001646999052360796,0.047014372151428355
2020-03-10,0.000395594063808569,-0.0002953400613577783,0.0006909341251663474,0.01423542174522003
2020-03-11,0.002905699977647001,0.001377596688670206,0.0015281032889767933,0.03160447360153975
2020-03-12,0.0008399045564910398,-0.0010323232817309289,0.0018722278382219694,0.0009499553093733649
2020-03-13,0.001930941706315143,0.0004574721262633405,0.0014734695800518033,0.009226583934914845
2020-03-16,6.410736100691662e-05,-0.0005227255838603949,0.0005868329448673118,-0.008694690303750557
2020-03-17,0.0005565415499217885,0.00044505018362151687,0.000111491366300271,-0.04531158600085648
2020-03-18,-0.00056935807148775,-0.00037745275257105096,-0.0001919053189166995,-0.07294386471302594
2020-03-19,-0.0028387768331232903,-0.0016895653509664222,-0.0011492114821568672,0.010999590296743945
2020-03-20,-0.004618595052900843,-0.00271961275554527,-0.0018989822973555733,0.026510993150753708
2020-03-23,0.0006989514049839734,0.00043593718274568573,0.00026301422223828745,0.019444244577164763
2020-03-24,0.0017710166409919427,1.3209737575806124e-05,0.0017578069034161342,0.0795628205876276
2020-03-25,0.0013605595542297154,0.0013571159325953793,3.443621634335696e-06,-0.019455307530085158
2020-03-26,0.0062560591346162335,0.003305063014908063,0.002950996119708168,0.10732218025822587
2020-03-27,-0.0014215014686701738,-0.001989998989311084,0.00056849752064091,-0.16661822424461073
2020-03-30,0.008092937090052914,0.005567752628909578,0.0025251844611433386,0.14727236642769032
2020-03-31,-0.014922770169787429,-0.009582279768669261,-0.005340490401118169,-0.03356401319948283
2020-04-01,0.009368808304741499,0.00531229618437222,0.004056512120369277,0.11464746679798722
2020-04-02,-0.0020356655502080504,-0.0011952164582935184,-0.0008404490919145316,0.02828619362024431
2020-04-03,0.009144102980295324,0.0065423600851189645,0.002601742895176359,0.05516416769335496
2020-04-06,0.0020802383981870765,0.002140374196113917,-6.013579792684158e-05,0.17640166341228658
2020-04-07,0.004045140069487436,0.0005069389929583841,0.0035382010765290534,-0.13280562428704132
2020-04-08,0.014089177250523482,0.008389238865388688,0.005699938385134797,-0.05249651471401848
2020-04-09,-0.010370725055111371,-0.004812677440329481,-0.005558047614781887,0.03403693643467925
2020-04-10,-0.00439636251736868,-0.0019169728082678548,-0.0024793897091008286,0.007824364178834354
2020-04-13,0.0024251479330349474,0.001716991019620081,0.000708156913414866,-0.18965986522790587
2020-04-14,0.0005975770483150291,0.0007120176621806234,-0.00011444061386559415,-0.0661308861682904
2020-04-15,-0.015863418551133674,-0.009502382341111379,-0.006361036210022293,0.018090256374398588
2020-04-16,-0.004652908326523446,-0.0034817827994379612,-0.001171125527085485,-0.1377200136513853
2020-04-17,0.0012711269427813938,0.0007657363633578745,0.0005053905794235175,0.10813230562038968
2020-04-20,-0.010215058535012561,-0.006455890170071884,-0.0037591683649406773,-0.004276097504203314
2020-04-21,0.007492684199150815,0.004771631604378194,0.00272105259477262,0.07411877630292202
2020-04-22,-0.00023588294244729726,0.0006379661632943991,-0.0008738491057416961,0.19280102133748975
2020-04-23,0.005646264416582777,0.0024916995508307803,0.003154564865751998,-0.06776357376308315
2020-04-24,0.0155968010509043,0.010656975096072094,0.004939825954832203,0.02837659456732796
2020-04-27,-0.0056355276071844125,-0.0028300787863266633,-0.0028054488208577467,-0.06388751597046087
2020-04-28,0.002105059280944539,0.0012309242247222972,0.0008741350562222411,0.1106780004202433
2020-04-29,-0.004778921353356502,-0.0027772746866560043,-0.002001646666700498,0.015932508771442987
2020-04-30,0.008962234645963456,0.005414160898950493,0.0035480737470129607,0.11108088764926892
2020-05-01,0.0014686088784598708,0.0023924753639088573,-0.000923866485448985,-0.004982384057734489
2020-05-04,0.008598256857655896,0.004964454031171969,0.003633802826483926,0.06541915146905977
2020-05-05,-0.00038591348311920045,0.0008590734957572115,-0.0012449869788764105,0.0006208395185185068
2020-05-06,0.0047252441419370714,0.0035764231457785546,0.0011488209961585186,0.060012998475111316
2020-05-07,4.9460567959948255e-05,-0.0007800851490573947,0.0008295457170173423,0.019433668634105127
2020-05-08,0.004326085852751295,0.0026592980047266757,0.0016667878480246204,0.04355738595304496
2020-05-11,0.001226820885117196,-0.0010295765701250452,0.0022563974552422435,-0.12544104500713746
2020-05-12,0.0026329774619216735,0.002157524733944779,0.00047545272797689525,-0.16596601296208957
2020-05-13,-0.009871525193789948,-0.0070500924909399736,-0.002821432702849975,-0.09576493156832232
2020-05-14,-0.01248166016009453,-0.008137540431441981,-0.004344119728652545,-0.014006675230787113
2020-05-15,-0.007883707181562186,-0.004569484224349449,-0.0033142229572127348,-0.0892137489943944
2020-05-18,-0.0009523853225086855,-0.002099458312696135,0.0011470729901874484,-0.03691604136790196
2020-05-19,-0.006041007041549293,-0.001914567789928038,-0.004126439251621254,-0.06898845705002107
2020-05-20,-0.002398552835650952,-0.0001559853747938331,-0.002242567460857118,0.02549613444724503
2020-05-21,-0.004524233115269196,-0.001652928644377786,-0.002871304470891409,-0.020131314597999283
2020-05-22,0.0015921310880811133,-0.0003505932201894185,0.001942724308270527,-0.006780915632132432
2020-05-25,-0.0013168585414333554,-0.00018591531212288747,-0.001130943229310467,0.03676711545229007
2020-05-26,-0.00038299370753316,-5.744475646869349e-06,-0.0003772492318862893,0.022356758043087687
2020-05-27,0.0024886899230282906,0.0012833820712843252,0.0012053078517439662,-0.028876482443756048
2020-05-28,0.0015297458411734624,0.0007812922953761309,0.0007484535457973306,0.09409320256503781
2020-05-29,-0.0020687108553357914,4.893962766376256e-05,-0.0021176504829995557,-0.06429530147044059
2020-06-01,0.007223141241120173,0.003845735675998059,0.0033774055651221158,-0.023114038950629075
2020-06-02,-0.004328227188209811,-0.002989418161278885,-0.001338809026930926,-0.050797529418863174
2020-06-03,-0.001378701586102022,-0.0016473129992660047,0.00026861141316398066,0.09234813290142335
2020-06-04,-0.003267967984035824,-0.0013670616121752013,-0.001900906371860623,-0.05998499912405678
2020-06-05,0.006316861815039535,0.002723488332274226,0.003593373482765309,0.034349399993453454
2020-06-08,-0.0038638009846951532,-0.0009518961971592826,-0.0029119047875358697,0.01110127299063689
2020-06-09,0.0021198739259749716,0.0014309866357892919,0.0006888872901856797,0.023921864537519606
2020-06-10,0.0006965310352928706,0.0005293121019604905,0.0001672189333323803,0.06007245401517624
2020-06-11,0.0013347660082015827,2.5274821515475047e-05,0.0013094911866861087,-0.00017425198912448996
2020-06-12,0.00380363399121441,0.0029853522796834467,0.0008182817115309667,-0.020538876152227947
2020-06-15,-1.311468913977958e-05,0.0007278705274070228,-0.0007409852165468026,0.07010011800979903
2020-06-16,-0.001464955052266798,-0.0018177718829663712,0.00035281683069957395,0.02997435046703491
2020-06-17,0.00471975825150424,0.0029457452195169446,0.0017740130319872957,0.10863331009045067
2020-06-18,0.0018059051537469533,0.0009790909119628648,0.0008268142417840862,0.14124524828662544
2020-06-19,0.006884560346155017,0.004128210086244033,0.0027563502599109845,-0.06216962939204805
2020-06-22,0.009039111986994919,0.005511547512752751,0.003527564474242165,0.026031145652438137
2020-06-23,-0.003893452434400512,-0.001034593696298416,-0.002858858738102097,-0.04317485364799853
2020-06-24,0.0015168775185768304,1.3320828146250619e-05,0.0015035566904305802,-0.0016336171294135783
2020-06-25,-0.0025801902482893773,-0.0012685743802509915,-0.0013116158680383859,-0.07237194114457411
2020-06-26,-9.508278371524355e-05,9.781221159721812e-05,-0.00019289499531246167,0.04706212781717371
2020-06-29,-0.004183119631972693,-0.0036112649853741116,-0.0005718546465985803,-0.001471524910345922
2020-06-30,0.00292511870343827,0.002357271725958657,0.0005678469774796141,-0.04512221024704231
2020-07-01,-8.189784580036892e-05,0.001039900878545467,-0.0011217987243458357,0.05053950531589265
2020-07-02,-0.003177656266565915,-0.0031259718760083197,-5.168439055759644e-05,-0.030180230566928586
2020-07-03,0.0032700229862926734,0.001690261074330188,0.0015797619119624845,0.07217243333791125
2020-07-06,-0.0017389767156434695,-0.0006610078893465356,-0.0010779688262969322,-0.07220725536519479
2020-07-07,0.004488261086293093,0.002928334870184286,0.0015599262161088067,0.02820647181690084
2020-07-08,-0.0043535024210673064,-0.0016940447424222595,-0.002659457678645047,0.04284552838308456
2020-07-09,0.0017727057438234803,9.138231318801988e-05,0.0016813234306354615,0.024376382095242493
2020-07-10,0.0023443764683454427,0.0011276836841462834,0.0012166927841991593,0.056509026364297124
2020-07-13,0.0015011319706771508,-0.0003916442158856371,0.0018927761865627892,0.035367679255410095
2020-07-14,0.003094355534584759,0.0020078869208450326,0.0010864686137397276,0.023133050743072914
2020-07-15,0.002180599525318144,0.0005572573871439413,0.0016233421381742046,0.02843285502305596
2020-07-16,0.0015863449891002875,0.0012819824804050752,0.00030436250869521125,-0.01823886270113507
2020-07-17,0.0020284423101503656,0.0013356554133106928,0.0006927868968396728,0.005145295390982451
2020-07-20,-0.0013800806598420054,-0.0005467127887130523,-0.0008333678711289513,0.04889956265339202
2020-07-21,0.000355283755831049,0.0004626788610732455,-0.00010739510524219661,-0.016176027437124315
2020-07-22,0.0037151862901070873,0.0026579041770356387,0.0010572821130714486,-0.055274003340733145
2020-07-23,-0.001162540149230827,0.0008575555851193422,-0.0020200957343501696,0.040767297924402916
2020-07-24,-0.004284494981501458,-0.0030693917617180396,-0.0012151032197834184,-0.06947325969900438
2020-07-27,0.0032519923870017054,0.0019060500127852376,0.0013459423742164679,0.09266418400851054
2020-07-28,-0.005022236082531212,-0.002049066424650483,-0.002973169657880729,-0.01206050095704168
2020-07-29,0.0054375029269081755,0.0035849994123001334,0.001852503514608042,-0.0005302006712428479
2020-07-30,-0.0008151352192097838,-0.0019554405282739456,0.0011403053090641617,0.0876429093835486
2020-07-31,-1.5721641864046296e-05,0.0011500011879366813,-0.0011657228298007274,-0.02638443964225393
2020-08-03,0.005868770761787224,0.004581792807862346,0.0012869779539248765,-0.004149498306123291
2020-08-04,-0.0016433584578432515,-0.0007870585648626308,-0.0008562998929806196,0.005639108554035963
2020-08-05,-0.000256585593162673,0.0003094159324828433,-0.0005660015256455164,0.025560265017861527
2020-08-06,0.00037447063586490577,0.0006556912102955001,-0.0002812205744305938,-0.03665017099704369
2020-08-07,0.0014407490020797347,0.0007135585060358371,0.0007271904960438978,0.03488794605612226
2020-08-10,-0.0024657873184389363,-0.00046465989492822796,-0.0020011274235107075,0.036110424623194234
2020-08-11,0.0019663407269682374,0.00037052420561054563,0.0015958165213576904,0.0027498496329167606
2020-08-12,0.0020112190377544726,0.0018371822426391541,0.00017403679511531715,0.08316151713463098
2020-08-13,0.00016874536698664028,0.0002844823081633715,-0.00011573694117673287,0.05424745029446313
2020-08-14,0.005221641431263293,0.0034938664255443445,0.0017277750057189483,-0.0175822952117934
2020-08-17,0.0035794759965899993,0.002433770591113849,0.0011457054054761513,-0.04422216083721603
2020-08-18,-0.0010521013362559768,-0.0008405084456590082,-0.0002115928905969686,-0.010405608307741624
2020-08-19,-0.0028745230397512565,-0.00041997288565723614,-0.0024545501540940203,0.10965839563712629
2020-08-20,-0.0006923848077608592,-0.000475612088922306,-0.0002167727188385534,0.015371778454977158
2020-08-21,0.007283637305111039,0.0036789516140571937,0.003604685691053845,-0.07227998739359631
2020-08-24,0.0010168425392559776,2.050670058784468e-06,0.0010147918691971944,-0.06084314761299844
2020-08-25,-0.004952056232594197,-0.002833068367952393,-0.002118987864641804,0.02239363879162038
2020-08-26,-0.003867338885329003,-0.00317792297909804,-0.0006894159062309627,-0.004862197830768163
2020-08-27,0.0015966712804600207,-4.563449034505722e-05,0.001642305770805077,0.052088463682515455
2020-08-28,-0.00033500651596207135,-0.0010301939193145026,0.0006951874033524312,-0.10588698191368383
2020-08-31,0.003990561643669001,0.0022821873065299687,0.0017083743371390315,0.15395606500732503
2020-09-01,-0.00767978700369977,-0.005087497373093832,-0.002592289630605942,0.08236955455318652
2020-09-02,0.010578320944826235,0.00545703074427316,0.005121290200553075,0.02987587088360388
2020-09-03,0.005688130197656818,0.00365718518956289,0.0020309450080939267,0.0038449195249122122
2020-09-04,0.0021517704584682754,0.0013052359077021548,0.0008465345507661214,0.0325233742512108
2020-09-07,0.0002618503525640128,0.0007042648149183355,-0.00044241446235432184,-0.01271299014973996
2020-09-08,0.002097916847492476,0.0014393935352805284,0.0006585233122119471,-0.026430989747210844
2020-09-09,-0.0009249069162915674,-0.00015912601308076466,-0.0007657809032108028,0.03787388155104198
2020-09-10,-0.0016791612052602426,0.0004737983799079177,-0.0021529595851681608,-0.0009177544027632907
2020-09-11,0.002788220849911616,0.002221374344661145,0.0005668465052504701,0.059572193857874454
2020-09-14,-5.724561416206326e-05,-0.0007665083757857506,0.0007092627616236864,-0.09811419006080692
2020-09-15,0.0038895851757437244,0.0030414604653925684,0.000848124710351156,-0.009609030239809505
2020-09-16,-0.007301003242008919,-0.002639748502057348,-0.004661254739951571,0.08831944561648979
2020-09-17,-0.0006457456295025583,-0.0011072182122587558,0.00046147258275619843,-0.022522097767495166
2020-09-18,0.0066943174194458235,0.004024767657831368,0.0026695497616144523,0.10919492955620558
2020-09-21,-0.0014435606616386562,-0.0009581505225058102,-0.000485410139132846,0.09400672613372209
2020-09-22,0.007215994329023484,0.0045917948183858345,0.002624199510637649,-0.020000888140270002
2020-09-23,0.007190244287955427,0.004732267286322909,0.002457977001632518,0.01432613258216826
2020-09-24,-0.0014980998443646692,-0.0024299602085479446,0.0009318603641832752,-0.018046284262141384
2020-09-25,0.0011534053699425307,0.0007621942936034062,0.00039121107633912494,-0.003494760524993163
2020-09-28,-0.0012742338109593735,-0.0013008916796251636,2.6657868665789716e-05,0.06420970423158408
2020-09-29,-0.00026847686494916906,0.0008256714602828934,-0.0010941483252320623,-0.04387289528280903
2020-09-30,0.004952588686837615,0.00391094491150634,0.001041643775331274,0.021030565265592584
2020-10-01,-0.0031154694504707276,-0.0016357529531015168,-0.0014797164973692101,-0.006755451594577924
2020-10-02,0.0016634220325138698,0.0018919558284442037,-0.0002285337959303333,0.09943070224281371
2020-10-05,-0.00045288740579652823,0.0002106695665594141,-0.0006635569723559423,0.05284096184360458
2020-10-06,0.006929879635516961,0.003328167945366856,0.003601711690150106,0.062155484991879346
2020-10-07,0.003784916945037041,0.0007798546928713557,0.003005062252165685,0.04988497332830761
2020-10-08,0.004728766706385931,0.0026250669920515066,0.0021036997143344255,-0.11809041954939384
2020-10-09,0.004070998248248317,0.0024051999317666363,0.0016657983164816807,-0.02034360904619527
2020-10-12,-0.009629951275015024,-0.005805599879753272,-0.0038243513952617506,0.23339768033385166
2020-10-13,-0.0018844708524599933,-0.0011620675256850746,-0.0007224033267749196,0.02770048203764915
2020-10-14,0.018470987770331432,0.010057875955243552,0.008413111815087887,0.01721567440238827
2020-10-15,0.0022658993903010784,0.00013526413142855853,0.0021306352588725194,-0.04047907245629737
2020-10-16,0.0013704946755528026,0.0023455667316328553,-0.0009750720560800542,0.16416992401928046
2020-10-19,-0.003580938399196707,-0.001910194503388433,-0.001670743895808274,0.03432303985053672
2020-10-20,0.013053066932656555,0.007281242024122947,0.005771824908533606,0.14350464128098783
2020-10-21,0.00252766135092333,1.5276187917879006e-05,0.002512385163005452,-0.09129182307955166
2020-10-22,0.010692640502159644,0.0045636545712395464,0.006128985930920095,-0.014284583649376006
2020-10-23,-0.006779241469144504,-0.0027853456381493127,-0.00399389583099519,0.06252845004049125
2020-10-26,-0.00094806324327803,-0.0014821009990665657,0.0005340377557885353,0.06680821721151185
2020-10-27,0.004550625760804547,0.0012219209728440948,0.0033287047879604517,0.02069169854073302
2020-10-28,0.004833216327524009,0.003525164227061511,0.0013080521004624986,-0.04823778734401563
2020-10-29,0.0013848604099880443,-0.0006906667737546924,0.002075527183742735,-0.04680618206489751
2020-10-30,-0.003757417617967568,-0.0014367784888459738,-0.0023206391291215943,-0.0028333722878833853
2020-11-02,-0.0031777943052139117,-0.0018238610578733168,-0.001353933247340594,0.09452387272314164
2020-11-03,-0.00026415595404976754,-0.0011401360836851672,0.0008759801296353998,0.01853473491427244
2020-11-04,0.006565323652261359,0.0041294938747266,0.002435829777534759,-0.009670664727719236
2020-11-05,0.0013479461902485368,0.0004923054491720335,0.0008556407410765026,0.0653442740120858
2020-11-06,-0.0007799776566309564,-0.0012831882227719235,0.0005032105661409714,-0.021885593020520684
2020-11-09,0.004480316760305129,0.0037804566606081304,0.0006998600996969999,-0.01073933943988158
2020-11-10,-0.0015762656497948426,0.0002349416927893179,-0.0018112073425841594,-0.0004954436613965065
2020-11-11,-0.0008169614099640342,-0.0021852330329322845,0.0013682716229682515,0.045169574386030954
2020-11-12,-3.63549096769458e-05,0.0007493679848964141,-0.0007857228945733607,0.03876952888898703
2020-11-13,0.0038573897168386693,0.0024452503435705986,0.0014121393732680716,-0.16876099486520546
2020-11-16,0.0033930880867590035,0.0025635779386206196,0.0008295101481383845,0.16401132256696976
2020-11-17,-0.016022475858750468,-0.009238147712477543,-0.006784328146272925,-0.13689864888880943
2020-11-18,0.01333267158152584,0.007099644740294975,0.006233026841230866,-0.015589309428999413
2020-11-19,-0.01141479239403591,-0.0054478653222451365,-0.005966927071790776,0.09674240360217037
2020-11-20,-0.0011852966562857525,0.0003255580469014273,-0.001510854703187181,-0.06794854681608814
2020-11-23,0.006660718566185782,0.0030176527376785008,0.0036430658285072828,0.01014865640038406
2020-11-24,-0.005247133820268448,-0.0030613914046315575,-0.0021857424156368904,0.03897323494474577
2020-11-25,0.0007918227859898815,0.0011214813265243886,-0.00032965854053450673,0.0302806091146548
2020-11-26,0.0026622937118593393,0.0011739716910939197,0.0014883220207654192,-0.014620244918432274
2020-11-27,0.0023629740769235924,0.0015515975535723772,0.0008113765233512139,0.12798265319779667
2020-11-30,-0.001162574894927204,8.184837780447415e-05,-0.0012444232727316755,-0.07832869605800796
2020-12-01,0.008944118528621446,0.004810445833479864,0.004133672695141584,-0.018903587513801532
2020-12-02,-0.00584195372875399,-0.0037788322552691662,-0.002063121473484822,0.027162802303110415
2020-12-03,-0.001402060781704539,-0.0005571476465966504,-0.0008449131351078885,0.039622928981426254
2020-12-04,0.0021080471573980573,0.0019381933523411957,0.00016985380505686164,-0.021583408041067616
2020-12-07,0.003111784432246872,0.002595475638436066,0.0005163087938108053,-0.07320032670174234
2020-12-08,-0.0017441360737863218,-0.0010670820155717076,-0.0006770540582146101,0.039810995991347464
2020-12-09,-0.006897163185132191,-0.003643137696040046,-0.003254025489092146,0.009214104150526507
2020-12-10,0.002896581885870153,0.0016672042021679372,0.0012293776837022166,-0.016790857529556405
2020-12-11,0.0006280729061553356,0.0007533704752778134,-0.0001252975691224817,-0.043104133089587
2020-12-14,-0.0010566028353635713,-4.4321673453490834e-05,-0.0010122811619100829,-0.022663580712230246
2020-12-15,-0.0034888859547098235,-0.0022843409937942146,-0.0012045449609156093,-0.07304060189601284
2020-12-16,-0.0017190846690150635,-0.0006112160531593917,-0.0011078686158556721,-0.0467280179434262
2020-12-17,-0.004941046533218498,-0.0029880875244706027,-0.0019529590087478954,0.048686216701866854
2020-12-18,-0.0033339968266984186,0.0004280751626198681,-0.003762071989318287,0.03180662732743613
2020-12-21,0.003014254620291614,0.0004434218412130448,0.0025708327790785693,0.04599243005313386
2020-12-22,0.0023556228442794492,0.0026499623727645263,-0.00029433952848507885,0.09878909656259763
2020-12-23,0.003290505942897748,0.0002879914125126972,0.0030025145303850505,-0.014428702931083537
2020-12-24,0.0061956067998839084,0.00451263073219797,0.0016829760676859377,-0.007176049654846996
2020-12-25,-0.0009504825861056379,-0.00014684674476444495,-0.000803635841341192,0.051244255861132924
2020-12-28,-0.0004159443171195412,-0.0006525394178432597,0.00023659510072371933,0.05938866315937292
2020-12-29,0.0036499776445458503,0.0011226488312566334,0.002527328813289216,0.039433588603338794
2020-12-30,0.004175624334399315,0.002451441540397126,0.0017241827940021872,0.027272751905447017
2020-12-31,0.002377886428832537,0.0004525156021348842,0.001925370826697653,0.028456017352744663
2021-01-01,0.001906998496326625,4.346104116732634e-05,0.0018635374551592993,0.053323538153490245
2021-01-04,0.002443541187627387,0.0030943954154319005,-0.0006508542278045142,-0.06316308431955421
2021-01-05,0.0037435504059017684,0.0017232929743661862,0.0020202574315355826,0.059286638660634806
2021-01-06,-0.004862370616565946,-0.0019967643910838457,-0.0028656062254820997,-0.014286209311639509
2021-01-07,0.004684321204166149,0.0023865245004860078,0.0022977967036801415,0.06582946094025818
2021-01-08,-0.0008399073361981333,-0.0011108213280843614,0.00027091399188622703,-0.08043955505035391
2021-01-11,0.00449207307700314,0.0027098505450723464,0.0017822225319307963,-0.012373863076565883
2021-01-12,-0.006448099428644136,-0.004036893249571898,-0.0024112061790722387,0.06090357360283119
2021-01-13,-0.0008732547470545148,-0.0001458777746716662,-0.0007273769723828479,-0.0750069074441906
2021-01-14,0.0035799733711458313,0.0025536001515237706,0.0010263732196220624,-0.05884984178044393
2021-01-15,-0.004742032086896662,-0.002313215873319247,-0.0024288162135774147,0.06185813619017133
2021-01-18,-0.003984703508770766,-0.002401396913361313,-0.0015833065954094522,-0.10362107651039273
2021-01-19,0.004377012705510937,0.0022960273964010673,0.00208098530910987,-0.013103905684193999
2021-01-20,-0.008045055458390236,-0.00431467331143755,-0.003730382146952686,-0.0177417076913409
2021-01-21,-0.0008950619260538816,-0.0010393858325198103,0.00014432390646592838,-0.04366515845262038
2021-01-22,-0.001192919550101999,-0.001448697379731646,0.00025577782962964667,0.022747563222963597
2021-01-25,-0.00318470075511823,-0.0004226302351160744,-0.002762070520002155,0.06225122054035749
2021-01-26,0.0014030683232899438,-0.0003339055416447072,0.001736973864934651,-0.06367387074076693
2021-01-27,0.004315558656223525,0.0014010678581339326,0.002914490798089594,-0.02136766574140517
2021-01-28,-0.004074394683123159,-0.0034594617558532355,-0.0006149329272699231,-0.06317386985702964
2021-01-29,-0.0013622005748169757,-0.0007912522981961721,-0.0005709482766208037,-0.02574871113180828
2021-02-01,-0.004280381460797636,-0.00221758343376583,-0.002062798027031806,0.014367881982017843
2021-02-02,-0.0016990681159777014,-0.001479957225992886,-0.00021911088998481524,0.031058129317226672
2021-02-03,0.0010732468068358606,-0.00023331555595142484,0.0013065623627872853,-0.08437763323097747
2021-02-04,0.0022207569492825553,-0.0006406608529735749,0.0028614178022561276,-0.0001396413312614099
2021-02-05,-0.005543088570432151,-0.0044400717463100575,-0.0011030168241220918,-0.011810316411657664
2021-02-08,-1.7615883811954083e-06,0.00018451048962885366,-0.0001862720780100493,-0.03384171035824872
2021-02-09,-0.0007582182570482531,-3.634786621567465e-05,-0.0007218703908325793,-0.09296393967852044
2021-02-10,-0.0023471719002896145,-0.0016756830625762695,-0.0006714888377133445,0.12936398123544646
2021-02-11,-0.0065877511350548555,-0.004504230855849093,-0.002083520279205761,-0.05987899037059215
2021-02-12,0.008255165776242432,0.004614539332852238,0.003640626443390192,0.06244607377087652
2021-02-15,-0.003615736808058969,-0.002974182448032522,-0.0006415543600264474,-0.009914390673564078
2021-02-16,0.003732181317343595,0.0023909832530123174,0.0013411980643312778,-0.029858342014993634
2021-02-17,-0.0006870091203480958,-0.001698105181371725,0.0010110960610236292,0.0272162240031086
2021-02-18,-0.0020306045405168124,-0.0012918159393912167,-0.0007387886011255961,-0.043545551460675236
2021-02-19,0.0017762127601700997,-0.00046599165496912084,0.0022422044151392206,-0.04260431182984519
2021-02-22,-0.0027527274791154274,-0.0025614049968500892,-0.00019132248226533775,-0.044830258422901836
2021-02-23,-0.002661419821474974,-0.0011639631211104893,-0.0014974567003644855,0.00808367792096522
2021-02-24,-0.003409124502358929,-0.0019328592367054177,-0.0014762652656535123,-0.07944202451560828
2021-02-25,0.0005246390408660254,-0.0008264810928928432,0.0013511201337588694,0.0908703373983728
2021-02-26,-0.005446884363644296,-0.0013630937951395776,-0.004083790568504719,-0.01739693157361287
2021-03-01,0.006619933037363492,0.0050900027836550355,0.0015299302537084558,0.017773198939441834
2021-03-02,-0.0013110930297566266,8.878187178707787e-05,-0.0013998749015437049,0.038236490999082814
2021-03-03,0.0012988050863734172,-4.246806172113942e-05,0.001341273148094558,-0.06097879585419543
2021-03-04,0.0027858815354721124,0.0009391666346244276,0.0018467149008476848,0.08749816467368669
2021-03-05,-0.004034900433080118,-0.0017758949653857922,-0.0022590054676943252,0.04515591537891782
2021-03-08,0.005816946511138234,0.004184849568955193,0.001632096942183043,-0.021370301531475996
2021-03-09,0.002934244877357648,0.0020768026951089053,0.0008574421822487438,-0.015494515546046044
2021-03-10,-0.0018612026358380482,-0.0006728751751781618,-0.0011883274606598864,0.043550851428642894
2021-03-11,-0.0010997684228008018,-0.0007394398650989002,-0.00036032855770190206,0.048238468219271476
2021-03-12,0.0028473019964110006,0.0008073849939227015,0.002039917002488299,0.07989208574282554
2021-03-15,0.003316457174454942,0.002392021716920538,0.000924435457534404,-0.044064309212720344
2021-03-16,0.005324879047430418,0.002911491752105746,0.0024133872953246704,-0.053051491064786245
2021-03-17,-0.0028740562601176343,-0.0022557308813235862,-0.0006183253787940476,-0.09360550140216195
2021-03-18,-0.003398742318086693,-0.002542403484802091,-0.0008563388332846027,0.07849089133664001
2021-03-19,-0.006722870831678595,-0.003439717608362987,-0.003283153223315608,-0.031511061999730444
2021-03-22,0.006536057298330741,0.003942675811020669,0.002593381487310072,-0.07165932514801016
2021-03-23,-0.0027176123225989644,-0.0005254137637591104,-0.0021921985588398522,0.09928171323036429
2021-03-24,-0.0057061257310584,-0.003197849274824584,-0.002508276456233813,0.03206897674770197
2021-03-25,0.007555295123143333,0.003159744462918326,0.004395550660225009,-0.04369124372301037
2021-03-26,0.0023565877984185407,0.0017196885061794218,0.0006368992922391181,-0.007489808822692673
2021-03-29,-0.0032750723797732714,-0.0026115103235043284,-0.0006635620562689439,0.02123998626178248
2021-03-30,-0.0005650484920681977,-1.4851154862630502e-05,-0.0005501973372055677,-0.000657095316559266
2021-03-31,0.0014659565877370095,0.0016111535066674967,-0.0001451969189304944,0.17104669704356307
2021-04-01,-5.3583583654826135e-05,-0.0001096078490979216,5.602426544309546e-05,0.01453586834039994
2021-04-02,0.011364640468272602,0.006231794322672287,0.005132846145600313,0.0201463842424626
2021-04-05,0.0010790821388099471,-0.0015345227476736365,0.002613604886483584,-0.1271945112486059
2021-04-06,0.0016997502096228825,0.0010288348773178826,0.0006709153323050006,0.046307990806274776
2021-04-07,-0.008678301223751916,-0.006078122290715719,-0.0026001789330361968,-0.10410991621309314
2021-04-08,0.0029228175931551585,0.0016050589052966878,0.0013177586878584668,-0.06428901906065743
2021-04-09,-0.006286782352879848,-0.0032775932687333946,-0.0030091890841464535,-0.0023288989525055027
2021-04-12,-0.004325307237280828,-0.002855127001202374,-0.0014701802360784534,0.08444495529150181
2021-04-13,-0.0001577625526747524,-0.001441917413687305,0.001284154861012553,0.004469230657617663
2021-04-14,0.005676734231360559,0.002234426078780622,0.0034423081525799377,0.10622972858816201
2021-04-15,0.0002583031340709287,0.0001938044465663244,6.449868750460497e-05,-0.037076365150316135
2021-04-16,0.006611534170392015,0.0035857142279353974,0.0030258199424566183,-0.09971244932323343
2021-04-19,-0.0020604446173124445,-0.0011290044313942435,-0.0009314401859181996,0.0646219242844586
2021-04-20,-0.006350215813600079,-0.003272668192598624,-0.003077547621001455,-0.07559475806967546
2021-04-21,0.004024657207063447,0.002820353286058147,0.0012043039210053019,0.02630561077613402
2021-04-22,-0.00522694810468967,-0.003643896576753203,-0.0015830515279364674,-0.00017903746765879185
2021-04-23,0.0019139209187899243,-0.00019615930735933373,0.002110080226149263,-0.017147335563357256
2021-04-26,1.0340572358823056e-05,0.0002923870553153242,-0.0002820464829565005,0.052290910622773634
2021-04-27,-0.0010186512814143254,-0.0004857597048558331,-0.0005328915765584925,0.028611371012802107
2021-04-28,0.0028144224264048433,0.001761993920166835,0.0010524285062380092,-0.058094210159966284
2021-04-29,0.0014249907056720684,0.0003484465536342119,0.001076544152037856,-0.034000673503714406
2021-04-30,-0.003535551873492665,-0.0017957443614081492,-0.0017398075120845166,-0.043879652254464455
2021-05-03,-0.0021578335966499383,-0.0007318841834468379,-0.0014259494132030995,-0.0064875361343847224
2021-05-04,-0.0028334693291267813,-0.0022169852427228014,-0.0006164840864039782,-0.016326273194175258
2021-05-05,-0.00045130996899002147,0.0004684805183036156,-0.0009197904872936362,0.05338656555241613
2021-05-06,-0.0011677176800086017,-0.0007355818635770821,-0.00043213581643151977,-0.01914794860402578
2021-05-07,0.003727042478164309,0.0017792191648177205,0.0019478233133465896,0.01419306861752219
2021-05-10,-0.001277472842871411,-0.0010483356723681083,-0.00022913717050330323,0.05450793103316372
2021-05-11,0.0009184453684471941,-0.0009779105251800993,0.0018963558936272926,0.027650902170467725
2021-05-12,0.003569196131225972,0.002888642953316742,0.0006805531779092364,0.016815868569783506
2021-05-13,0.001839121254187713,0.0013996882474099498,0.00043943300677775493,0.13550350747586176
2021-05-14,0.0011693181091802238,0.0005993731455230661,0.0005699449636571603,0.03915362803792001
2021-05-17,0.008839412933094131,0.003699676219008083,0.005139736714086048,0.106074487992755
2021-05-18,0.0023814402663045187,0.0016345394506916688,0.0007469008156128498,0.030369800026760804
2021-05-19,0.0070089602829270375,0.002175133271964634,0.004833827010962404,0.11660342448731599
2021-05-20,0.002071273666342818,0.00013697426244591807,0.0019342994038968994,-0.04621781073224005
2021-05-21,0.007811425962405773,0.0041349803555691435,0.00367644560683663,-0.007325859024417449
2021-05-24,-0.003068034824670725,-0.0009629278677935242,-0.0021051069568772,0.08012599938661683
2021-05-25,-0.000498540789108036,0.0006912552381802912,-0.0011897960272883273,0.027588814948062302
2021-05-26,0.005391591219529945,0.0026603331874710595,0.0027312580320588845,-0.12194032557440403
2021-05-27,0.0018095231690877776,0.0013956390472169289,0.00041388412187085,-0.06486543119341448
2021-05-28,-0.008606093733198334,-0.004990114676809974,-0.003615979056388359,-0.10192313484838951
2021-05-31,-0.004349710726501168,-0.0016496760084601639,-0.002700034718041004,-0.05033524129099848
2021-06-01,-0.007583200737914384,-0.004576186808909201,-0.003007013929005183,-0.00802954611113679
2021-06-02,-0.0033911437677982986,-0.00039529269264419395,-0.0029958510751541094,0.014344189372856862
2021-06-03,-0.0006414154380746527,0.0019582931473701532,-0.002599708585444808,0.03412888320570783
2021-06-04,0.0011503171629038264,0.002781206946933387,-0.00163088978402956,0.07774717358664454
2021-06-07,0.0025065063274833013,0.0008883118794259237,0.0016181944480573723,0.034941628443062304
2021-06-08,0.0064563827226319,0.004083494038448196,0.0023728886841837063,0.04454455556585641
2021-06-09,0.0024754436365070883,0.0012346883769961663,0.001240755259510921,0.049794581854566304
2021-06-10,0.0034076679204521182,0.0017367142524740836,0.0016709536679780368,0.0018613302655563705
2021-06-11,0.003755612859107583,0.0026630741701938014,0.0010925386889137807,-0.06183469420404806
2021-06-14,0.00013076818277357868,-0.001079649976308196,0.001210418159081775,0.029119191218958597
2021-06-15,-0.004117787333458883,-0.0013967445783515282,-0.0027210427551073533,0.09470421081977232
2021-06-16,0.0016285686367303787,0.0002475837109459367,0.0013809849257844509,0.05857486426588583
2021-06-17,0.00710754594478987,0.0051341480219902515,0.0019733979227996197,0.015974172322144996
2021-06-18,0.004529094763162621,0.003454570742079971,0.0010745240210826429,-0.06175152697428418
2021-06-21,0.0015852910067958453,0.0012933914630013782,0.00029189954379446603,0.015741676718460232
2021-06-22,-0.0059330294755796705,-0.0029898906049047255,-0.0029431388706749467,-0.0028760755519532002
2021-06-23,0.0013213783068909471,0.0013831579300179996,-6.177962312705135e-05,-0.032525928612675586
2021-06-24,-0.0006276826223885869,-0.0009932326071701789,0.00036554998478158934,-0.17406041616557008
2021-06-25,-0.002303066809948174,-0.0018561372538765334,-0.00044692955607164055,-0.06752732091105303
2021-06-28,-0.012703707997066445,-0.007659080761843226,-0.005044627235223217,0.06236200513919273
2021-06-29,-0.004338738363208638,-0.0018830362730394446,-0.002455702090169192,0.06584028933641468
2021-06-30,0.003876830539630301,0.0044773530351739,-0.0006005224955436001,-0.09156861085694881
2021-07-01,0.004656987857867011,0.0026777878920271206,0.0019791999658398908,0.08947889053671308
2021-07-02,-0.005246770736778738,-0.002009972647200345,-0.0032367980895783932,0.05449294136445953
2021-07-05,0.00590120979893598,0.002283878208806247,0.003617331590129732,0.0977523972870801
2021-07-06,0.003532346132377454,0.0004890856554635699,0.0030432604769138846,0.06422965420593858
2021-07-07,0.00620272750720737,0.004801905507193458,0.0014008220000139124,0.010660504103625408
2021-07-08,0.003885869042573981,0.0018478667431067802,0.0020380022994672007,0.037441533014772516
2021-07-09,0.000609726819404022,0.000426969021689089,0.00018275779771493358,-0.010784369660085287
2021-07-12,0.0022137143012888522,0.0016316712343508056,0.0005820430669380462,0.0020453718940287567
2021-07-13,-0.0006345397213815835,-0.0006598089607174548,2.5269239335870206e-05,-0.04645975369274458
2021-07-14,0.00013104561706543574,-0.0012514626554163688,0.0013825082724818055,-0.005050551226304644
2021-07-15,-0.0026527860293665832,-0.0013407015121191974,-0.0013120845172473854,-0.06306762316695774
2021-07-16,-0.000296254790206516,-4.6461722837590376e-05,-0.00024979306736892543,0.09396985192676921
2021-07-19,-0.0036993962977853686,-0.0004922305377210317,-0.0032071657600643375,0.05866962345348105
2021-07-20,0.006021423228989673,0.004094751249476976,0.001926671979512698,0.024663436690243488
2021-07-21,0.0036785093528530865,0.0030446074355835046,0.0006339019172695807,0.05091432626278353
2021-07-22,0.0014823330391727958,0.0015529487730665372,-7.061573389374135e-05,0.006247395968218391
2021-07-23,0.0034100765273219046,0.0021565806393498404,0.001253495887972065,0.022706336101605575
2021-07-26,0.0003845938284929647,0.00082834622952635,-0.0004437524010333857,0.010943814519320262
2021-07-27,0.0014164641629433056,0.0008085707175126947,0.000607893445430611,-0.023336332220351835
2021-07-28,0.0006118213670408359,0.0006981232595416529,-8.630189250081674e-05,0.07865118471891075
2021-07-29,-0.0014781851549153036,-0.0010077757847343771,-0.0004704093701809256,-0.014120252160560185
2021-07-30,0.004471138571083418,0.003271002175602406,0.001200136395481017,0.038802103321543956
2021-08-02,-0.0009589881039799891,-0.0015705197681286885,0.0006115316641486989,-0.041685015627991574
2021-08-03,0.0024478275923022447,-1.4198911911816447e-05,0.002462026504214061,-0.018708809317464496
2021-08-04,-0.0026776768723805167,-0.0008154057050440498,-0.0018622711673364663,0.028184425206068894
2021-08-05,-0.0012740388983185126,-0.0008593707486247142,-0.000414668149693799,-0.010540736301139216
2021-08-06,0.0017946060059547534,0.0025993312310035504,-0.0008047252250487965,-0.035437159620050396
2021-08-09,-0.0007700860583665162,-4.901597494426542e-05,-0.0007210700834222507,0.024654618835280244
2021-08-10,-0.002281571987753843,-0.002027982004083364,-0.00025358998367047865,0.12910986261505644
2021-08-11,0.0014704563696519488,0.0004201093848592505,0.001050346984792696,0.04031030052473757
2021-08-12,0.008250191659835248,0.0053706500530009416,0.002879541606834308,-0.028900244466847066
2021-08-13,0.0026159409972644626,0.0022510715266678295,0.0003648694705966349,-0.07559576204968933
2021-08-16,-0.0020142384935817248,-0.0009469242032505397,-0.001067314290331186,-0.07362877011442066
2021-08-17,-0.004993904597181791,-0.0025440605906454396,-0.002449844006536351,0.07083173462104182
2021-08-18,-0.005816560019155202,-0.003405193659064422,-0.0024113663600907782,0.019591190159403627
2021-08-19,0.0044045187739045625,0.0027133806685335216,0.0016911381053710426,0.10187424802505836
2021-08-20,0.0012841369048272307,0.000592321922265097,0.0006918149825621337,-0.0532790771346232
2021-08-23,0.007408137986524451,0.004039757277731993,0.003368380708792457,0.012881676313135719
2021-08-24,-0.0036244984274655468,-0.001908853639826751,-0.0017156447876387959,-0.004488592526717976
2021-08-25,0.0007711024988718912,0.0013776337312552227,-0.0006065312323833318,-0.06684586022391148
2021-08-26,-0.0002916660833072705,0.00022190408641048313,-0.0005135701697177517,-0.010728220526092375
2021-08-27,-0.00457842908514104,-0.0014744534406152066,-0.003103975644525834,-0.04887956922508134
2021-08-30,-0.0006502022680129481,7.267024618603721e-05,-0.0007228725141989849,-0.028881623588888686
2021-08-31,-0.003187121944287252,-0.002299339890330203,-0.000887782053957049,0.11628447473469271
2021-09-01,-0.0018397180377999818,-0.0012339941153197264,-0.0006057239224802561,0.13992943719305737
2021-09-02,0.008789165189806776,0.00495186325593299,0.0038373019338737865,-0.06938868928299748
2021-09-03,0.011285536338724245,0.005598058575506375,0.005687477763217871,-0.014398158961194611
2021-09-06,-0.004739222529785887,-0.0026027270295948327,-0.002136495500191054,0.01712408962689135
2021-09-07,-0.0009647476502425039,-0.0010889564756937139,0.00012420882545120977,-0.055759606958583584
2021-09-08,0.0010433019943984602,0.00087586923042377,0.00016743276397469115,-0.02808266726651503
2021-09-09,-0.0035742779951960808,-0.0019447731612679533,-0.001629504833928128,-0.0038503853770207393
2021-09-10,-0.0016135562747850607,-0.0010278499150599245,-0.0005857063597251369,-0.04297977238028218
2021-09-13,-0.0002167545857717344,6.194101269474568e-05,-0.00027869559846647844,0.07923587785019152
2021-09-14,-0.0023529001839530145,-0.0013450049416792852,-0.0010078952422737323,-0.03292357450244893
2021-09-15,0.005018277229697534,0.003226649578059372,0.0017916276516381615,0.15832844086302844
2021-09-16,-0.0019234150127964901,-0.0013619529505971518,-0.000561462062199339,0.11143098753017511
2021-09-17,0.009920453452038291,0.005236436984507438,0.004684016467530852,0.11272097408845755
2021-09-20,0.007113249928047882,0.005005616671956798,0.002107633256091084,-0.03881603435395373
2021-09-21,0.007668456815682803,0.003475203493742425,0.004193253321940385,-0.1399363634138687
2021-09-22,-0.0026574094036569077,-0.001215993235129633,-0.0014414161685272755,-0.016584444031038873
2021-09-23,-0.008790610750834779,-0.00601006412986518,-0.0027805466209695987,0.08646907439155013
2021-09-24,-0.0011632552161856499,0.00017921800270434725,-0.0013424732188900002,0.04879602492144867
2021-09-27,0.005549274891526928,0.0027873751158606457,0.002761899775666283,0.04682067832854951
2021-09-28,0.0028960075366392017,0.0025391621383590605,0.00035684539828014015,-0.06104152690715677
2021-09-29,0.0026424197540700616,0.0014489508478344624,0.0011934689062355983,-0.04921625697391124
2021-09-30,-0.0037353213468831626,-0.0025541249974376564,-0.001181196349445508,0.022719688745395195
2021-10-01,-0.002995248192353213,-0.0014437361906198731,-0.00155151200173334,0.01095856907587654
2021-10-04,0.0013674790968347338,0.0017897350843374066,-0.0004222559875026741,-0.004045582294214118
2021-10-05,0.0006629514830094443,-0.0006275691623143535,0.0012905206453237977,0.16636797913095544
2021-10-06,-0.00022265855286246087,-0.00021143291691945844,-1.1225635943002375e-05,-0.170714307315539
2021-10-07,0.010482509902119758,0.005658324971693355,0.004824184930426402,-0.01117408636694034
2021-10-08,-0.011454393797645901,-0.0054937272369904415,-0.005960666560655457,0.01668155133607229
2021-10-11,-0.0006841592054656306,-0.0015250934010708874,0.0008409341956052557,-0.04439866689330559
2021-10-12,0.0010039508698924116,-0.00018361840236879754,0.001187569272261209,0.057364699677780455
2021-10-13,-0.0027339478964901057,-0.0021962014357484773,-0.000537746460741638,-0.0010014200283530025
2021-10-14,0.00398906262947919,0.0012347250248982075,0.0027543376045809816,0.048148961248216375
2021-10-15,-6.548267199326329e-05,-0.0004017574988804491,0.0003362748268871856,-0.06658191863819939
2021-10-18,0.0028284423900143416,0.001663236677809825,0.0011652057122045166,-0.030052368030967922
2021-10-19,-0.004293147414806247,-0.002217582023926558,-0.002075565390879688,0.04355595210274719
2021-10-20,-0.0019851912533204764,-0.000827506159588938,-0.001157685093731535,-0.12458614226371796
2021-10-21,0.002520156659167844,0.0012237011473323917,0.0012964555118354527,0.12274058002704781
2021-10-22,-0.0077390244667616325,-0.003374372262823567,-0.004364652203938066,0.1602868455135148
2021-10-25,0.007739349477988076,0.004861409422846007,0.0028779400551420687,0.08616106329713831
2021-10-26,0.009086489043248484,0.005058062054834956,0.0040284269884135315,-0.003970219699300964
2021-10-27,0.004893202388613975,0.0028376023588258287,0.0020556000297881467,0.0342501253112043
2021-10-28,-0.00020065119820730554,0.00019341831467090814,-0.0003940695128782142,-0.05339300683724124
2021-10-29,0.0017122874496975772,0.0010714516047880848,0.000640835844909492,-0.03152892958320131
2021-11-01,-0.002744584147044993,-0.0012997848392493098,-0.0014447993077956831,0.011670842540780444
2021-11-02,-0.0014179060298256704,-0.0006022367703039343,-0.0008156692595217355,-0.016613927488979597
2021-11-03,0.0007834605288415783,0.0004611917029741057,0.0003222688258674722,0.041597596498468725
2021-11-04,-0.0009577090430662539,1.1345198379159732e-05,-0.0009690542414454127,-0.018388932056947846
2021-11-05,0.002269282716629386,0.0019193638425810452,0.0003499188740483418,-0.021024393167522866
2021-11-08,-0.0009503487292412413,-0.001657704531553915,0.0007073558023126727,0.0020457642572549047
2021-11-09,-0.0010193255660625347,-0.0011261613901578926,0.00010683582409535836,0.039399719953443164
2021-11-10,0.00010475786276609384,0.0006983293114177307,-0.0005935714486516364,-0.04393797101330541
2021-11-11,0.0019295101960224098,0.0004685640417792687,0.0014609461542431403,-0.1610911903192458
2021-11-12,-0.0027541615084100655,-0.0006123971650582524,-0.002141764343351813,-0.037932231563067145
2021-11-15,-0.008411787305551014,-0.0031343042055907606,-0.005277483099960255,0.0998171246358979
2021-11-16,-0.002086178060622862,-0.0015939044854789662,-0.0004922735751438957,-0.07301187658345439
2021-11-17,0.005616710368210763,0.0040796091881749605,0.0015371011800358004,0.07430284643209399
2021-11-18,-0.0042845359564110405,-0.0026876378024324847,-0.001596898153978555,-0.1135779809644369
2021-11-19,0.005049744661078066,0.002991708508833353,0.0020580361522447143,-0.07465356305151345
2021-11-22,-0.006781987619698358,-0.004988311387916391,-0.001793676231781967,-0.04007952452206763
2021-11-23,-0.004320415993448501,-0.0032853265471042836,-0.0010350894463442145,-0.006157596432067032
2021-11-24,-0.002383800059336673,-0.0017664605894194196,-0.0006173394699172524,-0.03283232379604969
2021-11-25,-0.00034429077852641627,1.5748221202784712e-05,-0.00036003899972919876,0.03407325118702475
2021-11-26,-0.0018743347187458114,-0.001055872949250537,-0.000818461769495276,-0.021088285285908632
2021-11-29,0.001866198835333259,0.0016565994736158149,0.00020959936171744417,0.02370763990034598
2021-11-30,-0.0012077843853160988,-0.0006699169036439301,-0.0005378674816721683,-0.03188291952089817
2021-12-01,0.0013249674781727928,0.0005346629636548373,0.0007903045145179555,-0.05062144628203791
2021-12-02,-0.0018273521153959053,-0.0014563345026224438,-0.0003710176127734617,-0.07008734759392689
2021-12-03,-0.0031470351160798405,-0.0030927577424994523,-5.4277373580387256e-05,0.2185245649676713
2021-12-06,-0.004736045443480391,-0.004549221129917322,-0.00018682431356306867,-0.059898047035928395
2021-12-07,0.015675048579383476,0.010020838827663716,0.00565420975171976,0.06494966302500484
2021-12-08,-0.004070128602234416,-0.002123212950817188,-0.0019469156514172281,0.06643609566135213
2021-12-09,0.004260111980681986,0.002767085073087691,0.0014930269075942998,-0.06180020867327327
2021-12-10,0.005413744080945417,0.005003929723161452,0.0004098143577839653,-0.04443153949754933
2021-12-13,-0.0037462673915004633,-0.0031066925819552733,-0.0006395748095451882,-0.013386614783189055
2021-12-14,-0.0025898603837207217,-0.0020114575716937803,-0.0005784028120269409,-0.1164733661006959
2021-12-15,-0.0007543789898034222,-0.0011019901774786019,0.0003476111876751795,-0.15444619043929736
2021-12-16,-0.006185289714696678,-0.004884512330117951,-0.0013007773845787295,0.049598632686630936
2021-12-17,-0.009355870659799027,-0.006596918744723388,-0.002758951915075636,-0.015710022767034145
2021-12-20,0.0023632212834101994,0.0011719400107194425,0.0011912812726907573,-0.04140996439587393
2021-12-21,-0.0007945168334005441,0.0007039646530273291,-0.001498481486427873,-0.04698468778066998
2021-12-22,-0.002578633091914207,-0.0013720504705062439,-0.0012065826214079623,0.010858169201314626
2021-12-23,-0.0030292765445005636,-0.0019252564353848351,-0.0011040201091157284,0.033126689485764645
2021-12-24,0.0007834502912092271,0.001517453399369949,-0.0007340031081607221,-0.012006024610853882
2021-12-27,0.001980724827949915,0.0011850919351055582,0.0007956328928443619,0.12352357731102737
2021-12-28,-0.0006516565517614789,-0.0016088615296613058,0.0009572049778998268,0.0629223303043189
2021-12-29,0.006638889014148995,0.0041634562685202,0.0024754327456287953,-0.05210834604648538
2021-12-30,0.0033418351222039505,0.0020772119665617922,0.0012646231556421566,0.11473686238574661
2021-12-31,-0.002893188753368682,-0.001276585133956063,-0.0016166036194126196,0.1629633473524659
2022-01-03,0.006396870973174865,0.0025068405439753957,0.003890030429199472,0.05567689219669523
2022-01-04,0.009529549049742894,0.0023900039534270525,0.007139545096315842,0.18102464747716496
2022-01-05,0.0026814124761738193,0.0016106237246224088,0.0010707887515514103,0.05965654864739353
2022-01-06,0.010109708181475233,0.005486220585870523,0.004623487595604708,0.13857434994798778
2022-01-07,0.0030179064250355375,0.002483554449064086,0.0005343519759714505,-0.059579812213681006
2022-01-10,0.008161113581633196,0.004988783350162399,0.0031723302314707984,-0.004814980003714816
2022-01-11,-0.0030662080202929123,-0.0010818701905577484,-0.001984337829735164,-0.0014483705069725438
2022-01-12,-0.00027752531021276204,-0.00017694161551778075,-0.00010058369469498167,0.07842952661519083
2022-01-13,-8.389001605802658e-05,-0.0006360245218289765,0.0005521345057709496,0.06396687351945315
2022-01-14,0.0046919933333787744,0.003676584761494215,0.0010154085718845594,-0.012942651485590689
2022-01-17,0.003831419871349979,0.0010594868252458514,0.002771933046104128,-0.02291510895409397
2022-01-18,-0.0007687926299584498,-0.00044804340230354634,-0.0003207492276549027,-0.028953222685501236
2022-01-19,-0.0011832316235294606,-0.0012686059407371218,8.537431720766122e-05,0.0023006436313318477
2022-01-20,-0.0016061360421154778,-0.000798632874432302,-0.0008075031676831759,0.09351789796651629
2022-01-21,0.00014863360593476245,-0.0011543038493922117,0.0013029374553269746,-0.022010018699121496
2022-01-24,0.006261405501578108,0.003051001748423883,0.0032104037531542244,-0.13371760047091383
2022-01-25,-0.0013021904188340462,1.4973460614006295e-05,-0.0013171638794480522,0.08546332678458168
2022-01-26,-0.007371525844625868,-0.00427010963081909,-0.003101416213806777,-0.046849025931162545
2022-01-27,0.004938956180245898,0.002605554827394871,0.0023334013528510267,-0.10429167160967748
2022-01-28,-0.002699774982103239,-0.0008499692948753731,-0.0018498056872278679,0.03782513166104138
2022-01-31,-0.006192713723316427,-0.0035256023597515073,-0.0026671113635649175,0.11827833757499054
2022-02-01,0.0018093056331311128,0.0013924266543338922,0.0004168789787972211,0.05385989972675136
2022-02-02,0.006432904849548104,0.003737663122549535,0.00269524172699857,-0.10171595764107748
2022-02-03,0.00322350411850372,0.0012104089900294907,0.00201309512847423,0.09538168475753128
2022-02-04,-0.006064470695090717,-0.0033156254170459854,-0.002748845278044733,-0.005923939882961181
2022-02-07,0.004997588695687511,0.0035619627969959433,0.0014356258986915667,0.11329163257359728
2022-02-08,-0.0002753494075404989,0.00015112993937328734,-0.00042647934691378633,0.0003141648017015218
2022-02-09,0.0062723051970312044,0.003748910851387696,0.0025233943456435077,-0.1110989217208483
2022-02-10,1.4615720623939368e-05,0.0003294563606038581,-0.0003148406399799183,0.013620796304570948
2022-02-11,-0.007730658629113366,-0.004920327304998862,-0.002810331324114502,0.0021504759764383726
2022-02-14,0.0007734502910036391,-6.837971555833169e-07,0.0007741340881592231,0.028646582719320416
2022-02-15,0.00011796164823381393,0.0008322547390014886,-0.000714293090767675,-0.004940138817340933
2022-02-16,0.001705184480503404,0.0025277636451617224,-0.000822579164658319,0.039028558180915794
2022-02-17,-0.0002523983419088999,-0.0002647083752020298,1.2310033293130157e-05,-0.09476949211387573
2022-02-18,0.0017581893754444705,0.0015042604059290086,0.00025392896951546167,0.0016090327884434484
2022-02-21,-0.004717036497039976,-0.002762190525504294,-0.0019548459715356802,-0.009447941295869063
2022-02-22,6.872903777740405e-05,0.00010081386648203377,-3.208482870462951e-05,-0.0046428468694396
2022-02-23,-0.00048152845049818883,-3.1650788922301006e-05,-0.00044987766157588826,0.1051202287367195
2022-02-24,-0.00023245788408098782,-0.0008616706275689605,0.0006292127434879731,0.03320338438357781
2022-02-25,0.005067881707270293,0.0026285861882339666,0.002439295519036327,0.13208376758895574
2022-02-28,0.0015344640053447875,0.0002551128737020734,0.0012793511316427138,-0.0426350072619824
2022-03-01,0.0067903317747860376,0.004042142711498456,0.002748189063287582,-0.01150227763008777
2022-03-02,-0.00181291146509834,-0.000885352824685999,-0.0009275586404123397,-0.04437987469486787
2022-03-03,-0.0007211449405499632,-0.0010616895120317046,0.00034054457148174205,0.09447423349634224
2022-03-04,-0.0024311891933502753,-0.0008319700087537265,-0.0015992191845965497,0.0011546432636435119
2022-03-07,0.00479828324958298,0.002568799303928681,0.002229483945654297,-0.12451247512151481
2022-03-08,6.116031073826909e-05,-8.037614372894048e-05,0.00014153645446720914,-0.09256452992713361
2022-03-09,-0.006722830013261984,-0.0031221273415226905,-0.0036007026717392947,0.03282550971222312
2022-03-10,-0.005181603916151321,-0.0022688642906652516,-0.00291273962548607,0.06145115057852648
2022-03-11,0.0016655632014446167,0.0002911702274377625,0.0013743929740068538,0.01555539376755765
2022-03-14,0.0032315447361933617,0.0009262634955669834,0.0023052812406263775,0.02750901089515577
2022-03-15,0.0008067995450654255,0.0006436055992181076,0.0001631939458473161,-0.0075775823713017994
2022-03-16,0.0013095411444392498,0.0010127100435189068,0.00029683110092034327,-0.020091713092420794
2022-03-17,-0.0004289827020259034,0.0007144651217816395,-0.0011434478238075436,-0.005648466389449529
2022-03-18,-0.0009765475582265508,-0.000693655729823354,-0.0002828918284031967,0.021997693672683512
2022-03-21,-0.0003340940268252196,0.00027487378158138915,-0.0006089678084066088,0.035227136708882695
2022-03-22,0.001150371740377266,0.0007207848881773081,0.00042958685219995907,0.07202662599468593
2022-03-23,0.0021332426006739156,-0.00017141522923269214,0.0023046578299066077,0.057685213549086234
2022-03-24,0.003761139022545668,0.0025257361064879094,0.0012354029160577575,0.016049811305733828
2022-03-25,0.0027162299162757295,0.000780495745269066,0.0019357341710066625,-0.06019765152729626
2022-03-28,0.0006877026146651547,0.0005750061583810698,0.00011269645628408497,0.038381034130197236
2022-03-29,-0.0028351218517382983,-0.001215263910334029,-0.0016198579414042694,-0.012374513035774536
2022-03-30,0.0016208581632799273,0.0004429299436098981,0.0011779282196700282,-0.09835836023105184
2022-03-31,-0.0005748347803953982,-0.00027065289744832716,-0.0003041818829470702,0.0016035295303190424
2022-04-01,-0.004291122363422849,-0.0019141285478118317,-0.002376993815611017,0.011233921056833815
2022-04-04,8.408705258128161e-05,-0.00023150700750138205,0.00031559406008266344,0.03626432570205681
2022-04-05,0.0005931050427780581,0.0007150522738717532,-0.00012194723109369503,0.010585257350836073
2022-04-06,0.0015732324314903646,0.0008095191195065598,0.0007637133119838053,0.02432184164541997
2022-04-07,0.0005576900966170618,0.0012149264046830382,-0.0006572363080659757,0.07443044154288114
2022-04-08,0.0011324588600991046,0.0008150775520868771,0.00031738130801222883,0.024137586877976343
2022-04-11,0.003664957563519811,0.0015021515340679498,0.0021628060294518617,-0.025322075596016985
2022-04-12,0.0011462267159093897,-2.7475291470984667e-05,0.0011737020073803743,0.08550396988188579
2022-04-13,-0.0012231817178369494,-0.0013851508143181545,0.00016196909648120636,-0.03431524895616002
2022-04-14,0.004865284567071679,0.002494941146359118,0.0023703434207125607,0.07802277703813496
2022-04-15,-0.0017007112958256866,-0.00161083338469388,-8.987791113180578e-05,0.027668230232383018
2022-04-18,0.0040744094450168005,0.0013033363909020377,0.0027710730541147645,0.06624837818511015
2022-04-19,0.0012713979892496016,0.0005024901989361535,0.0007689077903134493,-0.0681211422989601
2022-04-20,0.004004301582312613,0.0020578713463441575,0.0019464302359684573,-0.05240260841134999
2022-04-21,-0.003914694795697395,-0.003183542532183732,-0.0007311522635136624,0.12229321778348057
2022-04-22,-0.0029022375923157405,-0.001076244788100181,-0.001825992804215559,0.0021711922810093405
2022-04-25,0.006611243185954888,0.0038525741834396325,0.0027586690025152554,-0.05125190835150785
2022-04-26,0.00012139501949055983,-0.00042726748170852685,0.0005486625011990869,0.017959041101900462
2022-04-27,-0.0029268188222562807,-0.0012101976588232007,-0.0017166211634330802,-0.01925604980639358
2022-04-28,0.001181504791256764,-0.0001009753724845418,0.0012824801637413056,0.0019719223712961536
2022-04-29,-0.0012434219976426414,-0.0008141861033093747,-0.0004292358943332672,-0.18099055355676075
2022-05-02,0.00010578316162849821,0.0008543257504398521,-0.0007485425888113535,0.09849687584543892
2022-05-03,-0.009373855771543593,-0.004836843106071071,-0.004537012665472521,0.05293760382381656
2022-05-04,0.0052948171170210685,0.0030641920016273253,0.002230625115393743,0.14036080479354193
2022-05-05,0.0033982184921085693,0.0013679938176493576,0.0020302246744592096,-0.007226573340264934
2022-05-06,0.009665403354979911,0.004632232218784684,0.0050331711361952264,0.058996741732893127
2022-05-09,-0.0005085648620205829,-0.0008038713279664347,0.00029530646594585217,-0.09327774144700685
2022-05-10,0.0035190560883110508,0.0032578052325856702,0.0002612508557253805,0.12307359952101528
2022-05-11,-0.006441476472392335,-0.003545886633809914,-0.002895589838582421,0.1543417083626132
2022-05-12,0.007809766437066624,0.0048055843331864054,0.00300418210388022,-0.1158137012142699
2022-05-13,0.01031768543834528,0.005855263748987651,0.004462421689357629,-0.02520199724395365
2022-05-16,-0.007037761888444847,-0.004582792556690774,-0.0024549693317540747,-0.12279754062661982
2022-05-17,-0.0014632988936460042,-0.00024285051088932842,-0.0012204483827566756,-0.0375767830443419
2022-05-18,-0.008108775910144424,-0.003325854905107053,-0.0047829210050373714,0.0004334996453814228
2022-05-19,-0.002192448941089819,-0.001190594862620215,-0.0010018540784696045,0.11455432296635704
2022-05-20,2.5730569063364206e-05,0.0003557788501317937,-0.00033004828106843057,-0.030536015711423246
2022-05-23,0.007256028408212918,0.003321385664287611,0.003934642743925307,0.02706951693435275
2022-05-24,-0.0023949027010268086,-0.0016448536984761016,-0.0007500490025507088,0.04114870015920553
2022-05-25,0.0019696067683101595,0.00087371328817835,0.001095893480131809,-0.1206478578520441
2022-05-26,0.0032985264180497523,0.002278308361830926,0.0010202180562188246,0.043565699234803565
2022-05-27,-0.01071384924016685,-0.005877961041681777,-0.004835888198485074,0.025909865703643065
2022-05-30,0.0034238416877897305,0.002583252801610333,0.0008405888861793983,0.016460159289835612
2022-05-31,0.0021225376353727716,0.0009332208576366893,0.0011893167777360797,-0.004800126105752204
2022-06-01,0.0013511516168256568,0.0010351266193947212,0.0003160249974309354,0.04951973696483606
2022-06-02,-0.000350220166578217,-0.0007924673149809682,0.00044224714840275167,-0.021843427034435193
2022-06-03,0.0030090962181481733,0.0022679664234173573,0.0007411297947308151,-0.031235054075147085
2022-06-06,-0.0012400351490296781,-0.0011085536577344797,-0.0001314814912951965,-0.02684302095155513
2022-06-07,-0.0017592195255595727,-9.063001639606199e-05,-0.0016685895091635107,0.032023376528037426
2022-06-08,-0.0015177794079378106,-0.00036116437512156855,-0.0011566150328162416,-0.017787474047258563
2022-06-09,0.0017161241953811703,0.001650327449895293,6.579674548587953e-05,0.018348660985573112
2022-06-10,-0.0010681122897686175,0.0017546032300335863,-0.002822715519802203,-0.0700052405687263
2022-06-13,0.0010414066848296807,0.0010753949883973418,-3.398830356766101e-05,-0.04228367814396576
2022-06-14,-0.003921905542122411,-0.0013767780399617999,-0.0025451275021606094,0.026435223482225798
2022-06-15,-0.0026821183147301645,-0.001083302163840851,-0.0015988161508893135,0.03516147603732944
2022-06-16,0.0015114553610882573,0.0013125334913246297,0.0001989218697636274,0.018816761699450586
2022-06-17,0.001946925338501915,0.0003444190749238383,0.0016025062635780776,-0.060847294582490455
2022-06-20,0.0008870622536908295,-0.00012216650256171267,0.0010092287562525424,0.07085989651298889
2022-06-21,-0.0026657631841483305,-0.0013252908378266928,-0.0013404723463216384,0.03657021972054131
2022-06-22,0.0034164657488003395,0.0015320330279407746,0.0018844327208595649,-0.0064508977420444594
2022-06-23,0.002236545306888366,0.002416309733450416,-0.00017976442656204936,-0.03477447403045348
2022-06-24,-0.0004134710158636727,0.00021727925356388898,-0.0006307502694275617,-0.0040604631541592134
2022-06-27,-0.0020468627225483822,-0.0019839077847867183,-6.295493776166568e-05,-0.06719049618838627
2022-06-28,-0.00024756512439680443,-0.0011171209116774654,0.0008695557872806606,-0.06577850681126779
2022-06-29,-0.004071866600872066,-0.0022153267748247344,-0.0018565398260473312,0.05823216242191482
2022-06-30,-0.004195886331612868,-0.0019690782435290042,-0.0022268080880838634,-0.016840165485760793
2022-07-01,0.003120232654834402,0.0011519836745666747,0.0019682489802677282,0.07356679873988423
2022-07-04,-0.0009365882282780483,-0.0018468529780899315,0.0009102647498118802,-0.09644398066613213
2022-07-05,0.003963144535080164,0.0015410540418660584,0.002422090493214106,0.07691331007856983
2022-07-06,-0.005335281318579715,-0.0034117008947080595,-0.001923580423871656,0.1001903115068147
2022-07-07,0.004298118392813206,0.0027478493240049463,0.0015502690688082585,0.0635949900086267
2022-07-08,0.006277317538246351,0.00463842068464911,0.0016388968535972423,0.07264846588312343
2022-07-11,0.003091719792970982,0.002431293317548429,0.0006604264754225529,-0.035889774755571535
2022-07-12,0.0040910213712376155,0.0020422467682960264,0.0020487746029415896,0.08893426630890101
2022-07-13,-0.0021519208358529314,-0.00209671156135541,-5.520927449752201e-05,0.12608067004425247
2022-07-14,0.0044695924968193475,0.0032623988619307417,0.0012071936348886057,0.02347137540662276
2022-07-15,0.008021493716424962,0.004494988800417697,0.0035265049160072667,-0.1319498631053905
2022-07-18,0.0013198689427771104,0.0006000639377324569,0.0007198050050446535,-0.13644751965144725
2022-07-19,-0.008493944596599658,-0.005898928397953199,-0.0025950161986464625,0.015321873617167405
2022-07-20,-0.00936260574997563,-0.005519433969528573,-0.003843171780447057,-0.012419336919685504
2022-07-21,0.000833884971225736,9.74646571339291e-05,0.0007364203140918027,-0.010288845255676195
2022-07-22,-0.0007085174768892712,-0.0009463052994672866,0.00023778782257801627,-0.06071805953092066
2022-07-25,-0.0005694001800741189,0.0004936007818200309,-0.00106300096189415,0.0021105878150657524
2022-07-26,-0.0032748584606315813,-0.0006656339268490095,-0.0026092245337825722,0.11429713744661613
2022-07-27,0.00012359545998006315,0.0013516706421922361,-0.0012280751822121736,-0.06905895172480836
2022-07-28,0.005784888316338669,0.0036933981901347956,0.002091490126203873,0.06449796615689793
2022-07-29,-0.003407308570766463,-0.0016078697334267651,-0.0017994388373396989,-0.04374526652181423
2022-08-01,0.002797489381557627,0.0012516074618139526,0.0015458819197436743,0.0409585922095705
2022-08-02,-0.0019740858647771713,-0.0008376647319847412,-0.0011364211327924301,0.0288002811752701
2022-08-03,0.0020078266309290385,0.0012618156387549692,0.0007460109921740695,-0.05376113365488933
2022-08-04,0.0013963920481953544,0.001372705851974655,2.368619622070047e-05,-0.059932512914497756
2022-08-05,-0.0028345830630378665,-0.0014422225242713312,-0.001392360538766537,-0.051552956164882494
2022-08-08,-0.0029910112694419306,-0.0022271334576969785,-0.0007638778117449521,0.03623480690821198
2022-08-09,-0.0029320123538946192,-0.002149890231987507,-0.0007821221219071121,0.22889918321463087
2022-08-10,0.0020292648891528787,0.00048810141925289315,0.0015411634698999856,-0.0021604123699797565
2022-08-11,0.01176094064460238,0.006173676971452972,0.005587263673149409,0.02766450446401129
2022-08-12,-9.028651940619294e-05,0.00044378069988446555,-0.0005340672192906583,0.040088566134862356
2022-08-15,0.0014116726701970139,0.0007524840751305991,0.0006591885950664143,-0.032388290198262115
2022-08-16,0.0019049097489069972,0.0011346144131303628,0.0007702953357766342,-0.026768768429512566
2022-08-17,-0.0015085877995104201,-0.0005595170719959912,-0.0009490707275144287,0.04612578964875935
2022-08-18,-0.0014434192575167382,-0.00039417012548090963,-0.0010492491320358288,0.05503839888467292
2022-08-19,0.0026286416340244693,0.002030097385396297,0.0005985442486281713,-0.02856389661984219
2022-08-22,0.002844474020815628,0.001611185610391047,0.0012332884104245805,-0.04073139279395854
2022-08-23,-0.0015093837398865622,-0.00029551749248676526,-0.0012138662473997995,0.05044467320897019
2022-08-24,-0.002102318238256901,-0.0009717888235117791,-0.00113052941474512,0.05248783013207867
2022-08-25,0.002608936296649636,0.001431890330956452,0.0011770459656931845,-0.007864599825225492
2022-08-26,0.0021569719731501665,0.0011255789627795901,0.0010313930103705764,0.005394162975796803
2022-08-29,-0.00039019332840057924,0.00017649652861600443,-0.0005666898570165835,-0.011796966589746912
2022-08-30,0.0002905976158259396,-0.0008804997140538545,0.0011710973298797943,0.0369524424044877
2022-08-31,-0.0006252334582561513,-0.0009405681149556033,0.00031533465669945134,0.02243345809065611
2022-09-01,0.0017571442549885355,0.0005355408120081393,0.0012216034429803966,0.012702450346611096
2022-09-02,0.0010361747946680154,-0.00012103677544539684,0.001157211570113413,-0.0021456741069369807
2022-09-05,0.00048545741134273874,0.0008699709122159415,-0.0003845135008732031,-0.0936555525999399
2022-09-06,-8.94115513399127e-05,0.0003358339468255839,-0.00042524549816549614,0.0023877300936656245
2022-09-07,-0.0044836439248583625,-0.0028212027512032585,-0.001662441173655104,0.11473074859746621
2022-09-08,9.978269245162791e-05,-0.00027726563653189887,0.0003770483289835293,-0.07097633545943251
2022-09-09,0.005612027120465304,0.0034794256709848852,0.0021326014494804195,0.04148295627347282
2022-09-12,-0.0031141400357175258,-0.0018377355465555665,-0.001276404489161961,-0.011556189703093382
2022-09-13,0.0018912170034348795,8.865250630223781e-05,0.0018025644971326402,0.03892702585322568
2022-09-14,-0.0005134228088566349,-0.0009108114448154545,0.0003973886359588206,0.013189273580699655
2022-09-15,0.0024623163683377236,0.0014422640115599522,0.0010200523567777718,0.06257654724059955
2022-09-16,0.0006387407572858269,-0.000218235615904179,0.0008569763731900056,-0.17186928465182152
2022-09-19,0.003421218448582145,0.001789746909207516,0.0016314715393746285,-0.023849887108521216
2022-09-20,-0.010840861289666746,-0.007319138449328331,-0.0035217228403384097,0.03592408745392102
2022-09-21,-0.0014201989195836806,-0.0012443154901828016,-0.00017588342940087938,0.0157138912156841
2022-09-22,0.002236982115266054,0.002461856736569422,-0.00022487462130336977,0.028928638038644542
2022-09-23,0.0009334615485058042,0.0002260427407574945,0.0007074188077483097,-0.0032806781522904307
2022-09-26,0.001429288360895844,0.0004672836081384699,0.0009620047527573745,-0.066066426880624
2022-09-27,-0.00016667507052333633,-1.865518576208867e-05,-0.00014801988476124787,-0.10203794723844525
2022-09-28,-0.003498189314081572,-0.001367127373105962,-0.00213106194097561,0.03346619508137806
2022-09-29,-0.0049130708318133876,-0.0015079112354187017,-0.003405159596394685,-0.014609030199106596
2022-09-30,0.0017867678216720822,0.0011297266539048844,0.0006570411677671974,0.10338171117762691
2022-10-03,-0.0005594956013518487,-0.0008952245659261289,0.0003357289645742785,0.06879428621790581
2022-10-04,0.005381734220401071,0.0029930120569262374,0.0023887221634748333,0.0018729965934655404
2022-10-05,0.0035700533940686164,0.0017632706853654007,0.001806782708703214,-0.02516534253842789
2022-10-06,8.525652748822099e-05,-0.00035040867575995165,0.00043566520324817275,0.046945528778308196
2022-10-07,-0.0010863288574641567,-0.0007007000828692742,-0.00038562877459488026,-0.027593771103444065
2022-10-10,0.002054669745270906,0.0017293717225673562,0.0003252980227035499,0.0538413305561326
2022-10-11,-0.0012564815035888753,-0.0004639778458344127,-0.0007925036577544624,-0.08599556427661019
2022-10-12,0.0024253845613010517,0.0016736746430375225,0.0007517099182635292,0.0041875583752633795
2022-10-13,-0.0038198370463199387,-0.0011041038525467914,-0.0027157331937731483,0.0068107073905867965
2022-10-14,0.0001662421861239127,-4.960145559599217e-05,0.00021584364171990406,-0.153253505113454
2022-10-17,0.00027770891728692685,-0.00042888196625513395,0.0007065908835420598,-0.012727966140662884
2022-10-18,-0.007735571209636246,-0.004722540604785939,-0.003013030604850305,-0.036145917329144996
2022-10-19,-0.0005904458970171961,0.00046009276924089543,-0.0010505386662580905,-0.042560283574945616
2022-10-20,-0.0016491212514828098,-0.0014719925189820883,-0.00017712873250072102,0.06581571779748079
2022-10-21,-0.0020270995870605886,-0.000959420886736128,-0.0010676787003244597,0.024662030156465963
2022-10-24,0.0031545677412801016,0.0017676210224217004,0.0013869467188584008,-0.13258262015713648
2022-10-25,0.0014114218312072657,0.0010616562932744956,0.00034976553793277096,0.010736419712820086
2022-10-26,-0.007573743781425135,-0.004872859692480231,-0.0027008840889449033,0.010587309524983823
2022-10-27,0.0005762161579706861,0.0012418509409073508,-0.0006656347829366652,0.06599330332881287
2022-10-28,0.0004917959625633726,0.00029017866092672946,0.00020161730163664304,0.03169317619274988
2022-10-31,0.0032474230450251418,0.002811432521910741,0.00043599052311440057,0.01492989904604101
2022-11-01,0.0018195374586021057,0.0013162567994275598,0.0005032806591745457,0.05900881023110526
2022-11-02,0.0006830146480719451,0.00068656686166851,-3.55221359656468e-06,0.023513712770911358
2022-11-03,0.002856569157529989,0.0015023970498646774,0.0013541721076653114,-0.1434171408437126
2022-11-04,0.0011743290756368705,0.000609247875021814,0.0005650812006150561,-0.06056646378591437
2022-11-07,-0.007997224377230364,-0.004723331495350126,-0.0032738928818802377,-0.020105714508601585
2022-11-08,-0.003364550004414909,-0.0024439868830930175,-0.0009205631213218893,-0.01911930397280059
2022-11-09,-0.0011551560300838565,0.0006854334893537997,-0.0018405895194376597,0.09631716339042627
2022-11-10,-0.0010798125875613137,-0.001180358045588371,0.00010054545802705948,-0.053874845093821684
2022-11-11,0.005372337641419178,0.003202907734618967,0.0021694299068002105,0.07968836485108463
2022-11-14,-0.0040395619728242245,-0.0025603673909724116,-0.0014791945818518164,0.0007271400095492386
2022-11-15,0.005644996804930085,0.003024011754850219,0.002620985050079865,-0.06718375367977213
2022-11-16,4.201213027088703e-05,8.198563532721718e-05,-3.99735050563314e-05,-0.029153792856570247
2022-11-17,-0.0029535796632388636,-0.002371829769650463,-0.000581749893588401,-0.07555903788267461
2022-11-18,-0.0015123631717227893,-0.0014855837693206024,-2.6779402402187305e-05,-0.04014152330511814
2022-11-21,-0.00378559141544729,-0.001299289726838234,-0.002486301688609055,0.04072379478185739
2022-11-22,-0.0021127039285351265,-0.00123461261756614,-0.0008780913109689877,0.0007626337486736121
2022-11-23,0.00208577275362231,0.0006951632855932222,0.0013906094680290878,-0.0644418572369547
2022-11-24,4.346669413309099e-05,0.00021402828565466984,-0.00017056159152157874,-0.021642563877367942
2022-11-25,-0.0033539812074038474,-0.0020511263128475347,-0.0013028548945563136,-0.00044884440092065865
2022-11-28,-0.000999688451143779,-0.00047796109781109543,-0.0005217273533326835,-0.09291800217694829
2022-11-29,-2.25152038788864e-05,-0.001052015500064802,0.0010295002961859152,-0.027183186199283883
2022-11-30,-0.0041094497605016446,-0.002656529355668967,-0.0014529204048326786,-0.0446129687225409
2022-12-01,-0.0013280311039251616,-0.0007130976494119853,-0.000614933454513176,0.07108877513864338
2022-12-02,-0.0020663259334192325,-0.001684531483337289,-0.0003817944500819435,-0.014418558804392023
2022-12-05,0.0033324696844433226,0.0021078395546255645,0.001224630129817759,0.0030611807228915896
2022-12-06,-0.0007118097688171999,0.00023280135993334478,-0.0009446111287505429,0.05664852725944467
2022-12-07,0.00015826521918740726,-0.0002314727195787871,0.00038973793876619436,-0.03328664842421606
2022-12-08,0.00288496188724891,0.0013159647570815097,0.001568997130167402,-0.08503896587365734
2022-12-09,-0.0016296846219182259,-0.0014174023152561284,-0.0002122823066620979,-0.017094610175385785
2022-12-12,-0.004015661421330963,-0.0018438013089218525,-0.002171860112409111,0.010178486786945167
2022-12-13,-0.0010189705216185978,-1.822325749045099e-05,-0.0010007472641281468,0.05113224312001729
2022-12-14,0.0004589231483451886,0.0005625699013228572,-0.0001036467529776687,0.042789485668822486
2022-12-15,0.0022571323574940563,0.0012081536861395722,0.001048978671354484,-0.015383600524455242
2022-12-16,0.00201794205565405,0.0007540168922883367,0.0012639251633657133,0.1629413537648071
2022-12-19,-0.0008965931277954791,0.0005764741487298518,-0.001473067276525332,-0.050663417125221745
2022-12-20,0.008540733495830172,0.005061115546092272,0.003479617949737899,0.02904480585416962
2022-12-21,-0.002584303749552475,-0.0011028181780621885,-0.0014814855714902868,-0.0016392328538861228
2022-12-22,0.0014660793486271596,0.0008015717843155154,0.0006645075643116442,-0.05089028403998953
2022-12-23,-8.495896032366412e-05,0.0013379935735704626,-0.0014229525338941265,0.013114072700330442
2022-12-26,-0.002841386892644263,-0.0020682121561857586,-0.0007731747364585033,0.03969567829127679
2022-12-27,0.0006097734522382313,0.0007627537795252878,-0.00015298032728705557,0.044786854460807594
2022-12-28,0.0017598962133237076,0.0011410265669521196,0.0006188696463715875,0.0771665267382819
2022-12-29,0.0019829628444977755,0.0012110242777025873,0.0007719385667951887,0.006061711388988529
2022-12-30,0.0034847101409366324,0.001953512884636295,0.0015311972563003384,0.19496767415271482
2023-01-02,0.0002556577942936394,-0.0004999528935500383,0.0007556106878436773,-0.022005957730434872
2023-01-03,0.00823505604670807,0.003654057923504957,0.004580998123203115,0.05788046877272285
2023-01-04,-0.0008691962381006757,-0.0003864751122429212,-0.00048272112585775464,0.012179411297740457
2023-01-05,0.002359279354298432,0.0007569313265909441,0.0016023480277074856,-0.13380056397962528
2023-01-06,0.0004773135897421722,-0.0007108585927470632,0.001188172182489235,-0.13298188525847554
2023-01-09,-0.008445383218339143,-0.0050183321484078385,-0.0034270510699313025,-0.007787192825509783
2023-01-10,-0.006662057426559393,-0.002802907740106531,-0.0038591496864528625,0.06420033692121911
2023-01-11,-0.0003493288914772437,-0.00034310374803646695,-6.225143440776945e-06,-0.11767438323270216
2023-01-12,0.002799710585463523,0.0020951860339824485,0.000704524551481075,0.005737733231328191
2023-01-13,-0.006536319022715897,-0.003788207961431554,-0.002748111061284343,0.09139354326417627
2023-01-16,0.000271823242567956,0.0007018626542650008,-0.0004300394116970446,0.002387009970107371
2023-01-17,0.004580553202272996,0.0022617803775854695,0.002318772824687527,0.04449195645072952
2023-01-18,9.733797104788486e-05,-0.0011014826785046747,0.0011988206495525595,0.07520555686509166
2023-01-19,0.0015393905160965217,0.0008739053067252094,0.0006654852093713123,0.10395306555597973
2023-01-20,0.0030508154744087685,0.0009892631479234588,0.0020615523264853053,0.0364057067112226
2023-01-23,0.004307297823754424,0.0019602993350471276,0.0023469984887072963,0.06468919980705427
2023-01-24,0.0014756972956871384,0.00046557394117517897,0.0010101233545119592,-0.1024507233576718
2023-01-25,0.0031439271601006067,0.0014760666335084018,0.001667860526592204,0.17993349284897991
2023-01-26,-0.004444369552264687,-0.0015534918794526953,-0.0028908776728119936,-0.0356307761916029
2023-01-27,0.007055573071861688,0.00410501684932855,0.0029505562225331386,0.06046642779272616
2023-01-30,-0.0014755864142270707,-0.0017042676959285346,0.00022868128170146348,0.055907144789668205
2023-01-31,0.00238373115950374,0.0021195020291234308,0.0002642291303803102,-0.023371249658774625
2023-02-01,0.0023248640163588204,0.00012259866801934277,0.002202265348339477,-0.006804426548136433
2023-02-02,-0.0011511203090352842,-0.0005636757466802025,-0.0005874445623550812,-0.06553140019683154
2023-02-03,-0.0003149638149075134,-0.0007612254987230012,0.00044626168381548675,-0.008286495845945901
2023-02-06,-0.0031735824218449863,-0.0028402251730095113,-0.0003333572488354794,0.06622949129932457
2023-02-07,-0.00042152034241413295,-0.0004844695178682235,6.294917545409014e-05,-0.039276660993636005
2023-02-08,0.0035824007427997582,0.0020764413648279682,0.0015059593779717904,-0.03766600501963657
2023-02-09,-0.0019330570934819402,-0.0010678941865776767,-0.0008651629069042627,0.001063317042572455
2023-02-10,-0.002247925523829473,-0.0016379789644805829,-0.0006099465593488903,0.004781438857967038
2023-02-13,3.5723563054294145e-05,-0.0005644697491836402,0.0006001933122379358,-0.02868662310360022
2023-02-14,0.00023750972649053375,2.5731024256549218e-05,0.00021177870223398204,0.048803300468464976
2023-02-15,-0.0021536944870458965,-0.0008740454788203275,-0.0012796490082255599,0.07249491520322505
2023-02-16,0.0029951732097961313,-4.8742053306953526e-05,0.0030439152631030857,0.13529786997752477
2023-02-17,0.004267576322519387,0.0006448170388648408,0.0036227592836545475,0.03294090858365544
2023-02-20,0.013527049239132331,0.007708100839860121,0.005818948399272203,0.044220097401426864
2023-02-21,0.004033995428811603,0.0028817335719559314,0.0011522618568556645,0.04134698506972294
2023-02-22,0.00591250274146641,0.0024430003176695407,0.0034695024237968684,0.013612292992271784
2023-02-23,0.0038173425784058467,0.0023948022500272087,0.0014225403283786367,-0.03731890231677502
2023-02-24,0.0012187330429374965,0.0010547058824472919,0.0001640271604902016,0.025435566105607908
2023-02-27,-0.002182147169207873,-0.0012289701863630424,-0.0009531769828448316,0.010964211650724861
2023-02-28,0.0014712971391392122,0.000456354680346209,0.0010149424587930014,-0.10015828834167961
2023-03-01,0.0006976730160143485,-0.0005179025824887488,0.0012155755985030943,-0.10203091951619568
2023-03-02,-0.006422363662113524,-0.004646563718356696,-0.0017757999437568277,-0.017621538889657038
2023-03-03,-0.005993150672666972,-0.005022671299911768,-0.0009704793727552032,0.009239568048982025
2023-03-06,-0.0009724494438981667,0.0001279892031914552,-0.0011004386470896202,-0.05109538404460558
2023-03-07,0.0007447807986386721,-0.00040165233627686286,0.0011464331349155324,-0.04301728436477777
2023-03-08,-0.0029647137891756414,-0.001776158202256635,-0.0011885555869190004,-0.04652158247416985
2023-03-09,-0.002490463638699434,-0.00281407893704598,0.0003236152983465447,0.053886309192584324
2023-03-10,-0.002970108831062815,-0.0012966344873319292,-0.0016734743437308857,-0.050269596878257064
2023-03-13,0.0031564167013275494,0.002248279057264633,0.0009081376440629174,0.056568394871784944
2023-03-14,-0.0026934364669397473,-0.0004985895843731807,-0.0021948468825665653,-0.13150025495177742
2023-03-15,0.0037375233798916377,0.002088709944579199,0.0016488134353124396,-0.1193489001895528
2023-03-16,-0.007484950669612949,-0.0021915826152674907,-0.005293368054345458,-0.03624544183977002
2023-03-17,-0.006883594836928589,-0.004320380794726207,-0.0025632140422023816,0.04120235453538086
2023-03-20,-0.002246268073983725,-0.0021865023819719765,-5.976569201174807e-05,0.06013079703182567
2023-03-21,0.002252174583938838,0.0004207245447163839,0.001831450039222454,0.06746930016034897
2023-03-22,0.003160959114191673,0.002066496847521653,0.0010944622666700194,-0.044268622385599116
2023-03-23,0.0032629808984902175,0.0012085072036643694,0.002054473694825849,-0.04446671595961807
2023-03-24,-0.002187819026408812,-0.000864117485152676,-0.0013237015412561372,-0.048880956069526485
2023-03-27,-0.0021585961069727775,-0.001853615204122166,-0.0003049809028506114,-0.05665255483822124
2023-03-28,-0.0028596461251418404,-0.0024967163177510906,-0.00036292980739075116,0.05012570829974317
2023-03-29,-0.0033014960681150424,-0.002356112156789122,-0.0009453839113259207,0.08109067783974469
2023-03-30,0.0032434581089712854,0.0009622483801313541,0.002281209728839932,0.10432655019677273
2023-03-31,0.005419394661503919,0.0033539760665748167,0.002065418594929102,0.09911860720776784
2023-04-03,0.006765155056670193,0.0028006596660602808,0.003964495390609913,-0.13182391697286946
2023-04-04,0.006818635698649786,0.002440627584403717,0.004378008114246074,0.038347594262370034
2023-04-05,-0.008513844934876145,-0.004181821290370931,-0.004332023644505214,0.07472645710898572
2023-04-06,0.002424122048200518,0.0016979881389011,0.0007261339092994191,0.10830400400804797
2023-04-07,0.00496540759579029,0.003507840681795809,0.0014575669139944812,0.08593084728219007
2023-04-10,0.0069434212385769516,0.003996366399618076,0.002947054838958877,0.15222447201480407
2023-04-11,0.005822923204188889,0.004171748959499672,0.0016511742446892168,-0.014606577356723341
2023-04-12,0.010605717629750908,0.005118186062090527,0.005487531567660384,0.03261117474501914
2023-04-13,-0.0008455478849126829,-0.00019737101232880118,-0.0006481768725838822,0.05874222599415621
2023-04-14,0.0019852993195489093,0.0005070094480975097,0.0014782898714513978,-0.046792666287905266
2023-04-17,0.0036055228300685993,0.00251770834892508,0.001087814481143519,-0.007949723215326334
2023-04-18,-0.0029119238472581424,-0.002208151574250552,-0.0007037722730075923,0.07890922068350592
2023-04-19,-0.0007553318280814025,-0.00033570689563413095,-0.0004196249324472691,-0.07699429949465282
2023-04-20,0.007196095732002555,0.0024791029272895823,0.004716992804712973,0.07489647602790003
2023-04-21,-0.006460646408726011,-0.003065483904433265,-0.0033951625042927536,0.12246061733457281
2023-04-24,0.004873682062613287,0.0032983114740606305,0.0015753705885526567,-0.05390735864862251
2023-04-25,0.00835899481691016,0.004493967404040039,0.003865027412870121,-0.11519415724405005
2023-04-26,-0.004268022581478535,-0.0038904890853802172,-0.000377533496098318,-0.2063289134562614
2023-04-27,-0.007689407634555883,-0.006080077037299812,-0.0016093305972560707,0.07634599346957956
2023-04-28,-0.013551260963602842,-0.006175165447926283,-0.00737609551567656,-0.11605232433294115
2023-05-01,0.004827855331761584,0.0013606707140518888,0.0034671846177096962,-0.11597116994728848
2023-05-02,-0.008484000615095084,-0.004376389033290021,-0.0041076115818050665,0.04275452260834065
2023-05-03,-0.009120527902078068,-0.004739433968722857,-0.004381093933355212,0.155789782297617
2023-05-04,0.002995349280000227,0.0019456830349658108,0.0010496662450344167,-0.06757733051849495
2023-05-05,0.00995940739586558,0.005757885370328616,0.004201522025536961,0.12247894654029833
2023-05-08,-0.0038281489695328056,-0.0007010443227407123,-0.0031271046467920933,-0.08189660737115066
2023-05-09,0.007583619498666939,0.0044630307949619745,0.0031205887037049664,-0.027551590772324334
2023-05-10,-0.0038916997514783164,-0.0007552897846834199,-0.0031364099667948956,0.017969495135941926
2023-05-11,-0.0015918552167377325,-3.831793034420397e-05,-0.0015535372863935294,0.08490271955517184
2023-05-12,0.0012116075145073746,0.0008084210712240563,0.0004031864432833196,0.06393674027168747
2023-05-15,0.004631692544803667,0.0016118316936749979,0.0030198608511286702,0.037299791898899766
2023-05-16,0.0032842251128558297,0.0020752963289178347,0.0012089287839379959,0.059180613738977185
2023-05-17,0.002039909134118109,0.0001787296340343505,0.0018611795000837584,-0.06655759644458502
2023-05-18,0.003532068066190796,0.0030610245919894113,0.00047104347420138734,-0.04425787991532353
2023-05-19,-0.004159830786778031,-0.0010930377392358807,-0.0030667930475421507,-0.012740783643561534
2023-05-22,-0.0021876111377049584,0.0007702121553180511,-0.0029578232930230087,-0.009675403861679385
2023-05-23,-0.0006668949612858984,-0.002259778158159801,0.0015928831968739028,0.08555438810391801
2023-05-24,-0.0004958382202771259,-1.1649557519956277e-05,-0.00048418866275716857,0.059314376383944364
2023-05-25,0.005131475296272274,0.0020248324224472402,0.003106642873825033,-0.013183266434067127
2023-05-26,0.0035085842371731795,0.003493186526471229,1.5397710701949875e-05,-0.04259595062327205
2023-05-29,-0.0007215967064240498,-0.0017873460033986256,0.0010657492969745764,-0.06802903958365422
2023-05-30,-0.0022272819477285716,-0.002244406985803183,1.712503807461171e-05,-0.10863158561033953
2023-05-31,-0.0035597314740159376,-0.002259073346852044,-0.0013006581271638937,-0.03146506420558493
2023-06-01,-0.0060496027218009275,-0.004669992679836241,-0.0013796100419646868,-0.06371371518210499
2023-06-02,-0.0019158718994760368,-0.0013060410652649748,-0.00060983083421106,0.02202904769836761
2023-06-05,-0.004220058259864376,-0.001656381220234576,-0.0025636770396298006,-0.042573511089766224
2023-06-06,0.0013096382759359424,0.0009413475652928528,0.00036829071064309153,-0.03479557472222269
2023-06-07,-0.00295886829037566,-0.002079974939670201,-0.0008788933507054633,-0.04158825717782999
2023-06-08,-0.0021722434727678044,-0.001733886644429295,-0.00043835682833850975,-0.04734495800715389
2023-06-09,-0.0023529197947517264,-0.0023055091775928387,-4.741061715888726e-05,0.0056019041695797534
2023-06-12,-0.0024146288803903754,-0.0021278057824267397,-0.00028682309796363575,0.02371706207021004
2023-06-13,0.00025690535009363635,-0.0001475218035697258,0.00040442715366336215,0.009809238131144392
2023-06-14,0.0010452712018232289,0.0006072240738118641,0.00043804712801136497,-0.07390396982049664
2023-06-15,0.00050461505727094,-0.0005689531575928291,0.0010735682148637687,-0.01831480453408549
2023-06-16,-0.0039058360841074174,-0.002108050856655075,-0.001797785227452343,0.01375506950080548
2023-06-19,-0.0009362610502086242,-0.00015577029375335796,-0.0007804907564552656,-0.1097193508347088
2023-06-20,0.0006971017187920605,0.0004459910845676894,0.00025111063422437324,0.13551756904953577
2023-06-21,-0.0052852285225089765,-0.0032666156134105125,-0.002018612909098464,-0.1070678123347496
2023-06-22,0.007946653043050249,0.002607483930639847,0.005339169112410398,-0.07434131953562276
2023-06-23,-0.006603996861329611,-0.003866104681475865,-0.0027378921798537456,-0.019414908999504266
2023-06-26,-0.004479167379653245,-0.001486875723362719,-0.0029922916562905265,0.019776356789664457
2023-06-27,-0.0008764443727196803,-0.0008885532583370083,1.210888561732626e-05,-0.11255117421280604
2023-06-28,0.0010946012499722434,-0.0003474529689203613,0.0014420542188926036,0.09045468311895764
2023-06-29,-0.006114072317807403,-0.003240672000457535,-0.002873400317349865,-0.044571558580898084
2023-06-30,0.005949079754798083,0.0027697770265507726,0.0031793027282473107,0.07475024254306623
2023-07-03,-0.0027541957262386214,-0.002131127811469611,-0.0006230679147690094,-0.14256572983526336
2023-07-04,0.003446387590915599,0.0019465829063034616,0.0014998046846121382,0.028857298843347107
2023-07-05,-0.007157191003792959,-0.003526584298869424,-0.0036306067049235342,0.22326519104654863
2023-07-06,0.0016165143557247165,0.0007538514136022703,0.0008626629421224427,0.00877205637640127
2023-07-07,0.013501318126353856,0.008734535663841577,0.004766782462512279,0.028916715601628732
2023-07-10,0.0005891918733032528,0.0016312617606037017,-0.001042069887300448,-0.008352597057465758
2023-07-11,0.0015309307165054051,0.001630174064163669,-9.924334765826562e-05,0.060197626704536475
2023-07-12,-0.0004343367522551023,-0.00023766558717921668,-0.00019667116507588595,-0.012312612916108374
2023-07-13,0.0031373506460851954,0.0010955680168656754,0.0020417826292195226,0.027520238431248973
2023-07-14,-0.0006442890068402891,0.001474463644142907,-0.002118752650983197,-0.047805802637894225
2023-07-17,0.0015588100924949892,0.00021687166690847158,0.0013419384255865183,-0.13713695023431383
2023-07-18,-0.0025110482927148212,-0.0008672985476648909,-0.0016437497450499312,-0.04081983610086548
2023-07-19,-0.006707611890169375,-0.0030475975838394464,-0.0036600143063299285,0.04598857367356426
2023-07-20,-0.0021644975131529477,-0.0008293452858547609,-0.001335152227298186,0.07158285090480226
2023-07-21,0.0029651540168024073,3.8483482727922486e-05,0.0029266705340744853,-0.1274998807193542
2023-07-24,0.004106710198012297,0.0011648241587237911,0.002941886039288504,-0.05495983253012343
2023-07-25,-0.0068580787218969035,-0.004792272266130707,-0.0020658064557661972,-0.054851170125371544
2023-07-26,-0.0029483223545674897,-0.0002408827454346736,-0.002707439609132816,-0.02464360875376301
2023-07-27,-0.003344792522179568,-0.0006656996317226972,-0.0026790928904568707,-0.03441423540886307
2023-07-28,-0.0014027269556707131,0.0012784123905998897,-0.0026811393462706024,0.019197771366709953
2023-07-31,-0.0020260193142029354,-0.00018223564044373558,-0.0018437836737591959,0.1026080746724027
2023-08-01,0.000993049599856046,0.00036658672042768074,0.0006264628794283652,0.02424782837969224
2023-08-02,0.006523711064268243,0.0016649827615854706,0.004858728302682773,0.012046484546424357
2023-08-03,0.001695411738173633,-0.0001777214816618619,0.001873133219835496,-0.012566338747269121
2023-08-04,0.0006777737150557986,0.0003239696990207583,0.0003538040160350406,-0.04507939160735509
2023-08-07,-0.0007320387147587878,-0.0007395817752096569,7.543060450869617e-06,-0.03651408263176694
2023-08-08,-0.002687684546867469,-0.0013460365446804987,-0.0013416480021869698,-0.004870966281039704
2023-08-09,-0.001940725789155381,-0.001967042941125775,2.631715197039513e-05,0.05377785393677385
2023-08-10,-0.00029825320807703147,-0.00019294795535158317,-0.00010530525272544819,-0.11354237846225221
2023-08-11,0.002225231574161083,0.001146904314353936,0.0010783272598071467,-0.030841849160063682
2023-08-14,-0.005973807770974672,-0.0030937082378265012,-0.0028800995331481707,-0.004992369609567193
2023-08-15,-0.0014477746648017711,-4.405759183998513e-05,-0.0014037170729617882,0.08634873718515804
2023-08-16,-0.0003244891678051363,-0.0011014787304842923,0.0007769895626791555,0.002680303531834006
2023-08-17,0.0057712655002037745,0.002919031571341154,0.002852233928862621,-0.011571773279745987
2023-08-18,-1.5621483030563415e-07,-0.0005340169730513357,0.0005338607582210282,0.006448251474076084
2023-08-21,-0.0006349027554820169,-0.0008230676869470091,0.00018816493146499216,-0.013752488311487742
2023-08-22,0.0003914256400137021,7.657654299296317e-05,0.00031484909702073766,-0.0274641477027555
2023-08-23,-0.0008405869965148208,-0.0009438837452059275,0.00010329674869110641,0.1202463072625158
2023-08-24,-0.0016675345080634906,-0.0009760617079689329,-0.0006914728000945586,0.03730961574261701
2023-08-25,0.0074845014321112254,0.003760686763274809,0.003723814668836421,-0.11581772522695677
2023-08-28,0.0021607703160080854,0.0019004931963262353,0.0002602771196818501,-0.06480713361209298
2023-08-29,-0.006886632605212693,-0.0036630066048630953,-0.0032236260003495974,0.0797259223262096
2023-08-30,-0.0030381490076586016,-0.001087179233850863,-0.001950969773807737,-0.08698753501576086
2023-08-31,0.00478764214862608,0.0019320989894614261,0.0028555431591646557,-0.05814083090444145
2023-09-01,-0.004428717882153545,-0.001169015584180694,-0.0032597022979728493,0.015756170714451897
2023-09-04,-0.002979337261763082,-0.001888237985790438,-0.0010910992759726457,0.028145524348643817
2023-09-05,0.0007331262860902164,0.0008715794987071424,-0.00013845321261692772,0.03098640513169275
2023-09-06,0.0015456199514930224,-0.0001010960731008554,0.0016467160245938767,-0.016036879960620046
2023-09-07,0.001694644454301425,0.0002442709906749609,0.001450373463626465,0.08192728559039981
2023-09-08,-0.0009929158958330829,-7.383144956586794e-06,-0.0009855327508764959,-0.016673445713054746
2023-09-11,0.004759224862925602,0.0012649270833255902,0.0034942977796000125,-0.05225967583002418
2023-09-12,-0.0008717878308316461,-0.0003490260683987743,-0.000522761762432871,-0.046308922474876904
2023-09-13,-0.002897674954144424,-0.0015980795773971584,-0.0012995953767472642,0.00589458161280711
2023-09-14,-0.0026773571873045772,-0.0005200195436231526,-0.0021573376436814255,-0.015064116575987418
2023-09-15,0.00032374661249005474,0.0005996033588509878,-0.0002758567463609328,-0.07424400141885124
2023-09-18,-0.0009463155786647852,-0.00016092740950218027,-0.0007853881691626056,0.10226886438448667
2023-09-19,-0.003764185848585632,-0.0016234645197099784,-0.002140721328875653,-0.015813060467992596
2023-09-20,0.005929582720297159,0.0028014733656050936,0.0031281093546920644,0.00018750139295568833
2023-09-21,-0.0008868276119504092,0.0005751171160624149,-0.0014619447280128251,0.0534850321830574
2023-09-22,8.836072742411118e-05,0.0020964727890292884,-0.0020081120616051717,0.004141447464035117
2023-09-25,0.0037347450265748632,0.0024986476445496564,0.0012360973820252086,-0.07140990021104977
2023-09-26,0.0003924111346191618,0.0006693134563051373,-0.00027690232168596507,0.011462548498030627
2023-09-27,-0.010056218426425236,-0.0044199584700697625,-0.0056362599563554855,0.0023394535168385533
2023-09-28,0.0012265239242098208,-0.0036332112921634713,0.004859735216373298,-0.01688412795534248
2023-09-29,0.00022916717931792526,0.0010882810540875656,-0.0008591138747696399,0.018220820369760075
2023-10-02,-0.0013814585437100602,-0.004962117181255103,0.003580658637545052,-0.02811308120860311
2023-10-03,0.00131188519328913,0.0029915309730695755,-0.001679645779780442,0.06090713682117827
2023-10-04,-0.0017584999149920064,-0.0017535615419223861,-4.9383730696215405e-06,-0.12892950919176666
2023-10-05,0.004277575157467132,0.001783347630843212,0.0024942275266239193,0.010699884213933577
2023-10-06,-0.009074190823815125,-0.0039488062122450636,-0.005125384611570063,-0.03390448949766827
2023-10-09,0.0006994860236117649,0.0022494181282787518,-0.0015499321046669873,0.05448937090599042
2023-10-10,-0.0030131188583434974,-0.0015817962714554362,-0.0014313225868880612,0.019601353466327617
2023-10-11,0.004771969917631383,0.0016465157226208046,0.003125454195010577,-0.05120069553326301
2023-10-12,0.0014652581773220209,0.0001563866037479246,0.0013088715735740967,0.013031014024899533
2023-10-13,-0.0037315969341524162,-0.0018103400916195315,-0.0019212568425328851,-0.18488550240335544
2023-10-16,0.0008068901008418173,0.00011338258035708051,0.0006935075204847381,-0.060017557538674375
2023-10-17,-0.014426569300998926,-0.00856325544523576,-0.005863313855763164,0.01331108236404148
2023-10-18,-0.005533867205233658,-0.0032229985586736433,-0.002310868646560018,-0.021741338378240355
2023-10-19,0.0011192296460653547,-0.0006015487488736457,0.001720778394939,-0.157321084972812
2023-10-20,-0.0018122533250442916,0.0004560869605029008,-0.0022683402855471907,0.0331088943934371
2023-10-23,-0.018607127067655355,-0.00776377243037054,-0.010843354637284815,0.08841632236878048
2023-10-24,0.002720778585701826,0.003709734242429659,-0.000988955656727835,0.024182682391353655
2023-10-25,0.006421481219579556,0.0047405098549786265,0.0016809713646009326,-0.0579589539258546
2023-10-26,0.0019252522504090198,0.0005179382613746536,0.0014073139890343669,0.04220491935228325
2023-10-27,-0.004853079966184993,-0.0033352451843396587,-0.0015178347818453376,0.09858475808947122
2023-10-30,0.0034126791115381377,0.0018469941539594231,0.001565684957578715,0.016574883263953576
2023-10-31,0.008550991986694281,0.003954356481119973,0.004596635505574308,-0.008637794791313724
2023-11-01,0.0012130398346458077,0.0004084417951267759,0.0008045980395190323,0.05741206428140364
2023-11-02,-0.0005724264704354623,-0.0007739970050088558,0.00020157053457339237,0.03776875785479301
2023-11-03,0.003999835224800055,0.0006190852791449764,0.003380749945655074,0.09201849573143582
2023-11-06,0.0028761590749282677,0.0004680117669588271,0.002408147307969441,-0.060066449267147166
2023-11-07,0.009786766400919257,0.0013147679726644955,0.008471998428254763,-0.13698481819922953
2023-11-08,-0.004248148835234072,-0.0013702201191344403,-0.002877928716099633,-0.05307265932788943
2023-11-09,-0.008771495172016808,-0.004261447164186343,-0.004510048007830465,-0.04455929923374424
2023-11-10,-0.0035162802076189837,-0.001096329260869473,-0.002419950946749511,0.0827279906275131
2023-11-13,-0.003648512861571142,-0.002759624693144107,-0.0008888881684270336,-0.0037453773665485045
2023-11-14,0.006244507318336175,0.003324204156486602,0.002920303161849571,0.08814334589045385
2023-11-15,-0.00029432821847473196,0.00018377760403214156,-0.0004781058225068746,0.04672915841919772
2023-11-16,0.006117098496837654,0.0031636435769266044,0.0029534549199110513,-0.011239806798440975
2023-11-17,0.0031967875118751165,2.8435556235282275e-05,0.0031683519556398344,-0.03252046693547496
2023-11-20,-0.0007132459358535698,0.0006118037372484283,-0.0013250496731019978,0.027678035468801886
2023-11-21,-0.002184210008104533,-4.2457438398264824e-05,-0.002141752569706272,0.06874205275611253
2023-11-22,0.001904480471327538,0.0006628850251487461,0.0012415954461787917,0.1346942606207165
2023-11-23,0.004830896115695143,0.0024544546766854802,0.002376441439009662,0.05202784528923491
2023-11-24,0.009002186990373863,0.0054722946176759026,0.003529892372697959,0.011045479483415086
2023-11-27,0.003456292872040246,0.0018222848935968393,0.001634007978443406,-0.04170456442468917
2023-11-28,0.0007053005554528923,-0.0009013826342242522,0.001606683189677145,-0.01684080447960979
2023-11-29,-0.0028621094817193565,-0.0010706372564092577,-0.0017914722253100975,0.007169288398402538
2023-11-30,-0.0011905984772831203,-0.0002232841085681135,-0.0009673143687150103,0.02757702311131435
2023-12-01,0.0004888475786749473,0.0005291106550037034,-4.026307632875453e-05,0.043508568112119374
2023-12-04,0.002048559569431717,-0.00010000349436862024,0.0021485630638003426,0.00852256266425457
2023-12-05,0.00325832736889193,0.0008518237989907137,0.0024065035699012156,-0.02223772620716541
2023-12-06,0.0006590558896891938,-0.0021986854562129204,0.0028577413459021095,0.024163640832036384
2023-12-07,-0.001474649022557798,-0.0009173059327369504,-0.0005573430898208479,-0.055589156312614844
2023-12-08,0.00163609145076008,-0.0008276216066157767,0.0024637130573758573,0.0729409145771606
2023-12-11,-0.0033898232365674923,-0.0015644794471680957,-0.0018253437893993975,0.043959605920816394
2023-12-12,0.006423938186960972,0.0013150217659899446,0.005108916420971027,0.06193260460781428
2023-12-13,0.002950478700084444,0.003104184986272662,-0.0001537062861882172,-0.07046946889218074
2023-12-14,0.004377452459661847,0.0015067071591255542,0.0028707453005362947,0.009379306159640463
2023-12-15,-0.004366454491076598,-0.0023689249222347527,-0.0019975295688418448,0.060482933249463904
2023-12-18,0.0005727205944493828,-0.000613309264310859,0.0011860298587602408,0.06783451056573093
2023-12-19,0.0037348907789762523,0.002035529839664393,0.001699360939311858,0.0031803308216039965
2023-12-20,0.004730052321710557,0.0008688243791725031,0.003861227942538053,0.07235096985219136
2023-12-21,0.00022418929702396583,-0.0007775967703251806,0.0010017860673491481,0.028194678519848648
2023-12-22,0.0058391161101445255,0.001236197685229215,0.004602918424915309,0.000782466164961362
2023-12-25,0.0021852039362838115,0.0005171450108138586,0.0016680589254699524,-0.04022581067208649
2023-12-26,5.3310100336428825e-05,0.0008149109471855473,-0.0007616008468491198,0.024101502863260224
2023-12-27,-0.002407155715207717,-0.0009080879358557314,-0.001499067779351985,0.05696168555008402
2023-12-28,0.0013695284299518485,0.0008173946041626643,0.0005521338257891838,0.033388528304193955
2023-12-29,0.0040022518465037335,0.0006432365088448223,0.0033590153376589146,-0.12226277350590482
2024-01-01,0.00208560078545239,-0.00047139778476432376,0.0025569985702167146,-0.04565764799863412
2024-01-02,-0.00713820275427772,-0.002472300233998713,-0.004665902520279007,-0.035816960050478845
2024-01-03,-0.0024654647678654276,-0.0014906815594309653,-0.0009747832084344627,0.0882611079234027
2024-01-04,-0.0018092550200650898,-0.0013176265054219132,-0.0004916285146431762,0.025709552642566882
2024-01-05,0.005056601887973057,0.00224398357241746,0.0028126183155555953,-0.012695902804503952
2024-01-08,0.0014308084503016469,0.0014696721340471753,-3.886368374552904e-05,0.043486423924982975
2024-01-09,-0.0007638060415414185,-0.0007983459805143002,3.453993897288262e-05,0.013920828376367895
2024-01-10,0.002436654001497171,0.0020056703166411727,0.0004309836848559994,0.0011857022788916306
2024-01-11,0.0007626166537612133,3.36309261668691e-05,0.0007289857275943439,-0.04443409520897897
2024-01-12,7.881450735872184e-05,0.0009226804846436138,-0.0008438659772848928,-0.009946290227007482
2024-01-15,-0.0034318231170940407,-0.0024847782981614885,-0.0009470448189325513,-0.001495560171768233
2024-01-16,-0.0008970436244415639,-0.0009281158887770417,3.107226433547716e-05,-0.0300862856471083
2024-01-17,-9.606680504320735e-05,-0.0001296951136549561,3.362830861174809e-05,-0.18445504012372013
2024-01-18,-0.0016961749683943362,7.207246073362081e-05,-0.0017682474291279594,0.008027763304464324
2024-01-19,-0.012367764309206788,-0.005802516499632312,-0.006565247809574477,-0.031125392541349738
2024-01-22,0.0005045139862587249,0.0005405119523345487,-3.599796607582336e-05,-0.07020143265626
2024-01-23,-0.0018627920268523923,-0.0013925026056749081,-0.000470289421177484,-0.01586345550972801
2024-01-24,-0.004406175650186486,-0.0034884644545444474,-0.0009177111956420406,-0.14087261486476046
2024-01-25,-0.0011770971586334603,4.135244384356057e-05,-0.0012184496024770213,0.07630225082334219
2024-01-26,-0.010231707116288373,-0.004819134877807949,-0.0054125722384804256,-0.00549304759417953
2024-01-29,0.0055694019132556775,0.0020522491668172674,0.00351715274643841,0.019072582937109544
2024-01-30,-0.00031751652827280777,-0.0004748215564794843,0.00015730502820667652,0.03436356869541987
2024-01-31,0.0012364921438477983,0.0011066827256021837,0.00012980941824561505,-0.024528768406459293
2024-02-01,0.0024303741203644622,0.0020954342551586062,0.00033493986520585425,0.04236470691153265
2024-02-02,-0.0016922551323016442,-0.001902396573886279,0.00021014144158463437,0.014637055236453112
2024-02-05,0.0025983115037705317,6.112046940934084e-05,0.0025371910343611904,-0.033971504578755335
2024-02-06,0.0008416286802851667,0.001810669092218744,-0.0009690404119335749,-0.15609464640750426
2024-02-07,-0.0023780141215637178,-0.002167503084341801,-0.00021051103722191699,0.007991127809593029
2024-02-08,-0.012790317001496226,-0.007135729148019011,-0.005654587853477212,0.0429422316593364
2024-02-09,0.0005712618355812509,0.0004559064475761123,0.00011535538800513815,-0.021473486035568055
2024-02-12,0.0030227939392009,0.0022087343122712197,0.000814059626929679,0.06302914915798569
2024-02-13,-0.001334423691095476,-0.000779863660745559,-0.0005545600303499183,0.005004105737798856
2024-02-14,0.00430763776652815,0.004089737762497169,0.00021790000403098045,-0.033323994188613495
2024-02-15,0.00031544774431330744,-0.00012752908275119514,0.00044297682706450313,-0.007130705445702644
2024-02-16,-0.0020024506354965233,-0.0010843466197450777,-0.0009181040157514465,-0.07268165183551067
2024-02-19,-0.00035755837831694906,0.00017167042108612654,-0.0005292287994030746,-0.08589820140627359
2024-02-20,-0.00455199860964449,-0.0031058993879714363,-0.0014460992216730533,-0.03818691355865062
2024-02-21,-0.005665534508674236,-0.003314652247150194,-0.002350882261524039,0.04669965678693905
2024-02-22,-0.0022874729458681776,-0.0019185205635426465,-0.0003689523823255311,0.033184254652532046
2024-02-23,0.0026984574034737557,0.0012644163868625689,0.0014340410166111869,0.08914969582864378
2024-02-26,0.0016558878721099892,0.0001771689732550123,0.0014787188988549767,-0.03346501245068309
2024-02-27,0.004721510702252461,0.002938324905115036,0.0017831857971374251,-0.003928578256668372
2024-02-28,-0.0021128647330280743,-0.0002360550518058892,-0.0018768096812221847,0.012351401993333098
2024-02-29,-0.00025948966244646065,-0.0011200174829476047,0.0008605278205011443,0.054903476649380674
2024-03-01,0.0008766685154011395,-0.00031528409882087063,0.0011919526142220114,-0.09376249152090742
2024-03-04,0.003848423813546572,0.002554408636794904,0.0012940151767516688,0.05888033511491892
2024-03-05,-0.004825993635089043,-0.0034528019890352223,-0.00137319164605382,0.10323989104522091
2024-03-06,0.003449184574536057,0.0014760790476377296,0.0019731055268983264,-0.0772619854086645
2024-03-07,0.00580445748917589,0.002378595004146219,0.003425862485029671,0.05433366672487903
2024-03-08,-0.0044859951368793095,-0.002307771971186194,-0.0021782231656931154,-0.007638814789130199
2024-03-11,0.0029327044264261986,0.0022048185078239538,0.0007278859186022448,0.06338427495667757
2024-03-12,-0.0003670312482407804,4.8853761977205685e-05,-0.00041588501021798613,0.03220484002397542
2024-03-13,0.0036809837761678076,0.0023197168305184503,0.0013612669456493573,0.18736019288835767
2024-03-14,0.0001804430283659699,0.0010900070532419565,-0.0009095640248759779,-0.02418756870340146
2024-03-15,0.022659524916805403,0.015494480347590947,0.007165044569214457,-0.050127354724969195
2024-03-18,-0.001768216585550608,6.297009658045444e-05,-0.0018311866821310654,-0.03310848181823698
2024-03-19,-0.0029704757814875476,-0.0012331479874472737,-0.0017373277940402714,-0.002391175246100184
2024-03-20,-0.002233642761587003,-0.000994146411706782,-0.0012394963498802217,0.07931151721213364
2024-03-21,-0.00012967103636581502,0.00032833688054105525,-0.0004580079169068732,0.07479652336344338
2024-03-22,0.0046787996699051825,0.0016237449130464153,0.003055054756858767,0.02496313556990822
2024-03-25,0.0039920380060186385,0.0008363625843554566,0.0031556754216631837,-0.023452689811854072
2024-03-26,0.001339920432375789,0.0004101009631504791,0.0009298194692253096,-0.02357224774309474
2024-03-27,-0.0014103983974392631,-0.00031652971037560455,-0.0010938686870636588,-0.02488422364727959
2024-03-28,-0.001496433695018629,0.0006928644299744914,-0.0021892981249931193,-0.04645605000930857
2024-03-29,-0.0016381383682305434,-0.0010106679827511249,-0.0006274703854794185,0.0841800265876987
2024-04-01,-0.003131629565571302,-0.002097722069393347,-0.0010339074961779543,-0.01985468320211647
2024-04-02,0.00530574479063012,0.002269977322768104,0.0030357674678620165,0.045384474742282147
2024-04-03,-0.0012209655731099897,-0.0012400691683414965,1.910359523150636e-05,-0.029436216076838537
2024-04-04,0.003440671270606051,0.00134874679730153,0.002091924473304521,-0.01544347279495326
2024-04-05,-0.002048547740910099,-0.0016811549243010483,-0.000367392816609051,-0.050302562629165604
2024-04-08,-0.0010829246570737343,-0.002018948867732729,0.0009360242106589952,-0.022198710136950496
2024-04-09,-0.0030269699911616354,-0.0013229329992077155,-0.001704036991953914,-0.00847574144474074
2024-04-10,-0.0011434112262544232,-0.001129804668779961,-1.36065574744609e-05,0.0279306477787784
2024-04-11,-0.00046282036516754927,-0.0010233703140145219,0.0005605499488469737,0.02164941654731174
2024-04-12,0.0014080689678790798,0.0012499498095671184,0.000158119158311959,-0.03832499140222753
2024-04-15,0.0010756026600525115,0.0007782732508716719,0.0002973294091808392,-0.05577838374343673
2024-04-16,-0.0020049610815448824,-0.0007151196122201372,-0.0012898414693247441,-0.051166286424980514
2024-04-17,-0.0025594971128542424,-0.001271604411608019,-0.0012878927012462235,-0.002094479487916071
2024-04-18,-0.0027276944366240287,-0.0005203034940420102,-0.002207390942582016,-0.032397426078424135
2024-04-19,-0.00010766495279338823,0.0009442117395729492,-0.0010518766923663372,0.00860327127185192
2024-04-22,-0.001868479581302971,-0.0016577863074432788,-0.0002106932738596915,0.009629118645170243
2024-04-23,0.0004884508676944524,-0.0008464243886536129,0.0013348752563480653,-0.019128935805908107
2024-04-24,0.000501047992401823,0.0008473985369510989,-0.0003463505445492764,-0.00057186740326579
2024-04-25,-0.0010012691358433881,0.0002783071132843977,-0.0012795762491277854,0.08151598462300814
2024-04-26,-3.2265754430176713e-05,0.0009993649459648403,-0.0010316307003950167,0.02666595476881091
2024-04-29,0.004388344426097291,0.0008749865091297482,0.0035133579169675418,0.010907676163950924
2024-04-30,0.0015227451217486826,0.0007784957241618686,0.0007442493975868144,-0.024617913552898
2024-05-01,0.0005947361662303117,-0.00036842156000896006,0.0009631577262392715,0.04038436597295039
2024-05-02,-0.0014346473465953766,-0.0010526722777755501,-0.0003819750688198245,0.023281494077777534
2024-05-03,0.0024131673161202375,0.0018701268083713158,0.0005430405077489209,-0.02257985662455884
2024-05-06,0.001399156850716697,0.0012212382587365699,0.00017791859198012724,-0.11045125137773719
2024-05-07,-0.0012037278142078309,0.0005230586329989725,-0.0017267864472068038,0.012062282643747715
2024-05-08,-0.0063703560301294265,-0.004436726536863422,-0.0019336294932660058,-0.03832679645312366
2024-05-09,0.0006876289092848086,0.00019691128290551455,0.0004907176263792941,0.06628879643861652
2024-05-10,-0.0020838344172690293,-0.0005009216634342256,-0.0015829127538348042,0.020586354255119663
2024-05-13,0.0036977802285715487,0.0012736821171249885,0.00242409811144656,0.0260603152443254
2024-05-14,0.0009379411042032295,0.0016446623952491458,-0.0007067212910459161,0.06409033237165376
2024-05-15,0.0013571699040015271,0.0013511752238770521,5.994680124474796e-06,0.000484869474946377
2024-05-16,0.004071347736849261,0.001510431408703562,0.002560916328145698,-0.016366308097662492
2024-05-17,2.6123256886377262e-05,0.0005473636559766033,-0.0005212403990902245,0.012037310492751896
2024-05-20,-0.0008573011099437741,-0.00010205194304520652,-0.0007552491668985672,-0.06045938266493654
2024-05-21,0.0006254287879637491,-0.00012576517799983526,0.000751193965963585,0.023698898332931234
2024-05-22,-0.0033789638058763275,-0.0016663931485786567,-0.0017125706572976712,0.09456411209013645
2024-05-23,0.0013847497310692403,0.000454461916512096,0.0009302878145571432,-0.020312016898698052
2024-05-24,0.005378503898700037,0.003440874067542423,0.0019376298311576147,-0.024203523578529545
2024-05-27,-0.0012564029969308005,-0.0005002945140138125,-0.0007561084829169895,-0.010213250052634992
2024-05-28,-0.0012912301344624594,0.0002481469755504003,-0.0015393771100128597,0.05820260844431341
2024-05-29,-0.0005098423281803474,0.0005602392628317528,-0.0010700815910121004,-0.005414775697685721
2024-05-30,0.0027849805373226172,0.0017933816850345457,0.000991598852288072,0.024431551764617962
2024-05-31,-0.0002793186859665069,0.0003402055715529505,-0.0006195242575194569,0.05853833915317916
2024-06-03,0.0013286747077296138,0.00044931576578395496,0.0008793589419456588,-0.032242729923956784
2024-06-04,0.0033455648924177843,0.001108118790603187,0.0022374461018145964,0.03568159442635999
2024-06-05,-0.0016071059530687014,-0.0005847424803233081,-0.0010223634727453933,0.037480843574722
2024-06-06,0.0018056377924049682,0.0007183247910030784,0.0010873130014018885,0.05743656151428834
2024-06-07,0.0019091746848377787,8.290855080961279e-05,0.0018262661340281662,-0.05431775678942894
2024-06-10,0.002953825501863858,0.0028593984384595855,9.442706340427424e-05,0.060768177520863303
2024-06-11,-0.002617469378166852,-0.0017768453723299563,-0.0008406240058368965,0.040193497325162045
2024-06-12,0.003194590179124386,0.0018538809926316978,0.0013407091864926887,-0.050152531180390494
2024-06-13,0.0023214473892080823,0.0020681789051409175,0.00025326848406716576,0.010256141155546145
2024-06-14,-0.0030007658533341593,-0.0019246622248800275,-0.0010761036284541315,-0.03833988957590855
2024-06-17,0.0006868232995266465,0.0005777771830532009,0.0001090461164734444,0.07036194326043596
2024-06-18,-0.002055882505608572,-0.001534455919582971,-0.0005214265860256011,-0.0030745158510697666
2024-06-19,0.0033708611298146644,0.0034105799553736426,-3.97188255589799e-05,0.029191917857190115
2024-06-20,-0.000143722691327832,0.0007732244940595742,-0.0009169471853874062,0.07781151652624062
2024-06-21,0.0017651470091686963,0.0020817858440125465,-0.00031663883484385133,0.013593743371038202
2024-06-24,0.005201974257632667,0.003757720636376434,0.0014442536212562317,0.04149407217577206
2024-06-25,0.0007840238208505462,0.0007405793085412306,4.344451230931575e-05,0.013171426935762254
2024-06-26,0.0021630303879008423,0.001491453579604984,0.0006715768082958574,-0.054503839186722775
2024-06-27,0.0006901505524333717,0.0006650731080532944,2.5077444380076767e-05,0.017399670630309984
2024-06-28,-0.0032559565577920694,-0.0009406029882322536,-0.002315353569559815,-0.03763969330864165
2024-07-01,0.0010738258443815322,0.0012607894836165414,-0.00018696363923500787,-0.046012626536524895
2024-07-02,-0.002116952750851992,-0.0006436032629951452,-0.0014733494878568475,0.021871501992920366
2024-07-03,-0.002561734406513875,-0.0017779487285637125,-0.0007837856779501617,0.021761580466917164
2024-07-04,0.001214359884991419,4.295467012607485e-06,0.0012100644179788118,-0.04848843693672819
2024-07-05,0.0011061970590325082,0.00027257760826487985,0.0008336194507676288,-0.03163873273863456
2024-07-08,-0.0023396953418184548,-0.001466592081945317,-0.0008731032598731378,-0.016302840724104307
2024-07-09,-0.0016695753539576986,-0.0018706435218740006,0.00020106816791630282,-0.022072042946732272
2024-07-10,-0.0009068390762981229,-0.0001876928684924913,-0.0007191462078056318,-0.0699648343401522
2024-07-11,-0.001229916545866237,0.000369563522985386,-0.0015994800688516233,-0.007284757122375856
2024-07-12,-0.00416511027966366,-0.002394133094970394,-0.0017709771846932659,-0.0020286520527313025
2024-07-15,-0.00040326457060620564,5.203924623891341e-05,-0.0004553038168451187,-0.06239780556089622
2024-07-16,-0.00013428195062956897,0.0018158712477807926,-0.0019501531984103624,0.050775204967706294
2024-07-17,-0.003920144556836329,-0.0030258338048723896,-0.0008943107519639379,0.1045242806647252
2024-07-18,0.00280275507483004,0.0032561097892263996,-0.0004533547143963611,0.0184525103123042
2024-07-19,0.006734199864066022,0.004677403602387777,0.0020567962616782464,-0.07745954835194496
2024-07-22,0.0012380679145935253,0.0015339205309356594,-0.0002958526163421354,-0.06494895415346338
2024-07-23,-0.0047687639119881895,-0.002484682356509938,-0.0022840815554782522,0.06840465260608672
2024-07-24,-0.003976449552268448,-0.0022728072370632275,-0.0017036423152052209,-0.016918164487648532
2024-07-25,0.003737293147777096,0.0016998624760426236,0.0020374306717344725,-0.04519782775136914
2024-07-26,-0.0010692991260528519,0.00022053882146388752,-0.0012898379475167372,0.01750042210390821
2024-07-29,-0.0028653899827005497,-0.0009674753267829989,-0.0018979146559175517,0.02478650283112845
2024-07-30,0.001173701745152569,-0.00021180001185015784,0.0013855017570027252,-0.0245060342037049
2024-07-31,0.0016880028753525917,0.00033011950858356006,0.0013578833667690308,0.007768843993256697
2024-08-01,-0.0016661656706016344,-0.00028382521916660427,-0.0013823404514350308,-0.11278678953248207
2024-08-02,0.0005541694841324964,0.0005991124291619878,-4.4942945029491366e-05,0.011446154780858472
2024-08-05,-0.008518326392794318,-0.005291495782575085,-0.0032268306102192362,-0.08409216135402892
2024-08-06,0.000764388706487529,0.0002339988645829877,0.0005303898419045418,0.08868537958970045
2024-08-07,-0.006073931853605054,-0.005016440162197974,-0.0010574916914070816,-0.06366292791058685
2024-08-08,0.005328683472676498,0.0038942249900885233,0.001434458482587976,-0.005015407957305875
2024-08-09,-0.004015680800834523,-0.001401280622407932,-0.0026144001784265906,0.05490285743862927
2024-08-12,-0.0003221152436193986,-0.0011448149897549942,0.0008226997461355957,0.0680279209704985
2024-08-13,0.0030240483299506394,0.00046341383601892225,0.002560634493931717,0.01114390342844531
2024-08-14,0.004170092092693652,0.0023390486234922837,0.001831043469201368,-0.02023499177365867
2024-08-15,0.000688745227116703,-9.373087052940224e-05,0.0007824760976461059,-0.0303105033404204
2024-08-16,-0.0011842897954312441,-0.0012844461078684206,0.00010015631243717694,0.004765530338710955
2024-08-19,-0.001966187386863923,-0.00013581687169834933,-0.001830370515165573,-0.03212871808697399
2024-08-20,0.00032758880321897264,0.0019096781120044128,-0.0015820893087854404,0.008309149657284241
2024-08-21,-0.0020714117659148493,-0.0021367420891503022,6.533032323545636e-05,0.029497709642916304
2024-08-22,0.0005720312188509573,-0.0006456416310946242,0.0012176728499455813,0.011880676008298828
2024-08-23,0.0019008502810379784,0.0007075168205041805,0.0011933334605337973,-0.03999590291410172
2024-08-26,0.0008353375658890434,0.00036208287279560804,0.0004732546930934327,-0.0018860616689965557
2024-08-27,-0.002383515502209385,0.0009622171761217713,-0.003345732678331159,0.07829715294306336
2024-08-28,-0.00011097785359909088,-5.799202420152076e-05,-5.298582939757164e-05,0.10156910032453978
2024-08-29,0.005245657116010138,0.0018527052702833188,0.00339295184572682,-0.015685049683440692
2024-08-30,0.005994003969550962,0.0034358300772030313,0.0025581738923479303,-0.00745816575554334
2024-09-02,-0.0009271407079624373,-0.00038790469183509584,-0.000539236016127341,-0.07384112823604531
2024-09-03,-0.0005479886652976016,0.001355474238908836,-0.0019034629042064388,0.04730756078188009
2024-09-04,-0.005512116168807683,-0.002981985276050189,-0.002530130892757493,-0.10620897537146155
2024-09-05,0.003222010075598608,0.0008739921239758778,0.0023480179516227303,0.039332470297096196
2024-09-06,-0.00771242812038604,-0.004714241122246858,-0.0029981869981391806,-0.020413865248394246
2024-09-09,0.002175244433626918,0.0018280359009919308,0.00034720853263498636,-0.10843309309426277
2024-09-10,-0.0010795136290509422,-0.0019851671896438227,0.0009056535605928805,0.04150101016156024
2024-09-11,-0.007345410012007584,-0.005488202466446372,-0.0018572075455612139,-0.08390422303781937
2024-09-12,0.0024168960770946865,0.0021987662680632084,0.00021812980903147816,-0.06028360760363805
2024-09-13,-0.004254080293971289,-0.0016413630056125745,-0.002612717288358714,0.07326036360720055
2024-09-16,-0.0034779116661768123,-0.0021276494242582888,-0.0013502622419185233,0.03886941369034774
2024-09-17,0.004425311395812574,0.0024301552733683248,0.00199515612244425,0.04155424128197889
2024-09-18,0.002537856875983833,0.0006275138268910089,0.0019103430490928228,-0.06614132308521133
2024-09-19,0.0025424515416456375,0.0024289271238769504,0.0001135244177686871,0.12312184194714498
2024-09-20,-0.004019041296610048,-0.0026442122493183303,-0.0013748290472917184,0.05197538055129788
2024-09-23,0.007448610518123374,0.0038234371711214302,0.003625173347001945,-0.13532697877513516
2024-09-24,0.003407182134083216,0.0017122664344549655,0.0016949156996282511,-0.006632345451332417
2024-09-25,-0.00908267963637603,-0.005116006104382386,-0.003966673531993644,0.005639801092496324
2024-09-26,-0.0004097479504918608,0.0010402645123688565,-0.0014500124628607173,0.009519025380385454
2024-09-27,0.000347894167553052,-3.442368361426633e-06,0.00035133653591447843,-0.029791469804224244
2024-09-30,0.0005409092652790741,0.00015728591062843644,0.0003836233546506366,-0.005028327123218491
2024-10-01,-0.0018754242066309872,-0.00012050478822783544,-0.0017549194184031509,0.00011669846312710782
2024-10-02,-0.00031785141278075106,0.00018029644439880504,-0.0004981478571795564,0.026002970817267754
2024-10-03,7.191591479893417e-06,0.0005212614191947912,-0.0005140698277148964,0.032398805432610124
2024-10-04,0.001498689489998782,0.0009931271544269208,0.0005055623355718613,0.049993978073385355
2024-10-07,0.0018746077735682706,0.0017347554958353,0.0001398522777329705,-0.07918523811754592
2024-10-08,0.0030371238168377377,0.001214484924381011,0.001822638892456728,0.016302803107518686
2024-10-09,-0.004904330564639697,-0.002538714410503657,-0.0023656161541360386,0.03344098533689647
2024-10-10,0.001117167562333955,-1.17245477609558e-05,0.00112889211009491,0.05360009919249686
2024-10-11,0.002249787910392443,9.193877703095148e-05,0.00215784913336149,0.06076808501366986
2024-10-14,0.0036850402465679892,0.0024188918809225565,0.0012661483656454323,0.0762209882374291
2024-10-15,0.0036482171429625745,0.0007930642663660278,0.0028551528765965468,0.01246810333891509
2024-10-16,0.005439085696294857,0.0016305306550476045,0.0038085550412472607,-0.004715465083883878
2024-10-17,0.000874230166921129,0.0016496356414742019,-0.000775405474553072,0.050582704398270464
2024-10-18,-0.00025667053776479913,9.899259784906973e-05,-0.0003556631356138665,0.1097358329645964
2024-10-21,0.0032357035540859806,0.0009439774388039643,0.0022917261152820157,0.031692924954251155
2024-10-22,0.005909590319708846,0.002659959982531003,0.0032496303371778433,-0.007829556108776135
2024-10-23,0.001700173222243914,0.0005786992819902456,0.0011214739402536662,0.010406098618844789
2024-10-24,-0.00044614685239373504,0.0002232899822072242,-0.0006694368346009585,0.032714019736154135
2024-10-25,0.0005430736308849439,0.0003194283150077912,0.00022364531587715274,-0.023452953210386804
2024-10-28,0.0020437210713066126,0.001268164801096084,0.0007755562702105295,-0.07035975024269432
2024-10-29,-0.0013166586258189386,0.0004468034163953895,-0.0017634620422143279,0.05202333905488777
2024-10-30,-0.00416871257886272,-0.0016732142206720632,-0.002495498358190653,0.03747926503353603
2024-10-31,0.0031393691595945944,0.001472937299239821,0.0016664318603547747,0.0963826687323273
2024-11-01,0.0022569633704940337,8.715887130413512e-05,0.0021698044991898986,-0.06598604291734297
2024-11-04,0.00527790922163445,0.0023392676700889773,0.0029386415515454726,0.043239509368053465
2024-11-05,-0.0042527443504413315,-0.0027443846560618254,-0.0015083596943795095,-0.11699834627273349
2024-11-06,0.0028146465262047313,0.0017957918167548857,0.001018854709449845,0.028563343170934112
2024-11-07,-0.007478728861493501,-0.003592504982500307,-0.0038862238789931923,0.14286391406149374
2024-11-08,0.0018831333414115244,-0.00021192231130338912,0.002095055652714912,-0.04063854618172322
2024-11-11,0.009265020127654516,0.006127358654778148,0.0031376614728763673,-0.028879245102048923
2024-11-12,-0.002316822711884984,-0.0008422653664331688,-0.001474557345451815,0.12975178314025082
2024-11-13,-0.0014586863708048316,-0.0005712527646938356,-0.0008874336061109947,0.07782569026003157
2024-11-14,0.007774960513278535,0.0061499846785055354,0.0016249758347729997,0.07280687785228758
2024-11-15,0.0045234578268610725,0.0016784199068765422,0.0028450379199845303,0.06109402648095063
2024-11-18,0.0038843322106931087,0.002559224641267935,0.0013251075694251727,0.031101183868321586
2024-11-19,0.0031111103101198164,0.0020302384526939546,0.0010808718574258627,0.04558193122724245
2024-11-20,0.0017014344906642978,0.0011754041379196146,0.0005260303527446825,0.0008024949537946013
2024-11-21,0.002836353445398952,0.001784876787283941,0.0010514766581150121,0.05411692724030988
2024-11-22,4.554762948768106e-05,-9.10764353341002e-05,0.0001366240648217813,0.01011089326436951
2024-11-25,0.0031631287033365737,0.001832490571924567,0.0013306381314120075,-0.024347761258988073
2024-11-26,0.0007104778942789011,0.0005398197807625175,0.00017065811351638267,0.05764909865051424
2024-11-27,-0.001470631251641138,0.00018229466972946758,-0.0016529259213706078,-0.04088076447316664
2024-11-28,0.0036937761201424647,0.0018452836628862967,0.0018484924572561674,-0.0014001676514091225
2024-11-29,-0.0027511846767455583,-0.0017575513422610697,-0.0009936333344844894,-0.08178117625740386
2024-12-02,-0.0001271362147663381,0.00037095352517100937,-0.0004980897399373494,0.08700796821441786
2024-12-03,-0.007079417927322609,-0.002257953029666561,-0.004821464897656051,-0.0581701932107762
2024-12-04,0.007334921057777277,0.0020664325951589065,0.005268488462618371,0.11898268841286841
2024-12-05,-0.004458181558899332,-0.0009628227982616698,-0.0034953587606376636,0.10895421848074496
2024-12-06,0.009268453203998266,0.005081228171195463,0.0041872250328028006,0.0060242164139905985
2024-12-09,0.008186148896112466,0.003192926124830045,0.004993222771282423,-0.07241661095319095
2024-12-10,0.00043747767638987523,-0.00014370837897377184,0.0005811860553636469,0.05950796002127092
2024-12-11,-0.004743588814947617,-0.0023427920055285566,-0.0024007968094190615,-0.07137866371562927
2024-12-12,0.003884778495752396,0.0019222745333617001,0.0019625039623906958,0.05945340314333409
2024-12-13,-0.004537371930212699,-0.002561546242244618,-0.0019758256879680806,0.024013979609839697
2024-12-16,0.003908070909377556,0.0030016464726075037,0.0009064244367700518,0.03289624827198372
2024-12-17,0.0020357075737733243,-5.8205736069594574e-05,0.0020939133098429197,0.06959224605807442
2024-12-18,0.0021621405945144597,0.000867443836663435,0.0012946967578510243,0.05914649497671552
2024-12-19,0.005178727368550463,0.002347241891919206,0.0028314854766312587,-0.05346293439039095
2024-12-20,0.0046975667997263566,0.0012644834019856872,0.0034330833977406702,0.012404496716399902
2024-12-23,-0.003992341045423878,-0.0030561471647004967,-0.000936193880723378,0.021285705624526714
2024-12-24,0.000993038187965663,-0.0009434280889514222,0.0019364662769170878,-0.02558563720692971
2024-12-25,0.0013844837724307567,0.002126181054134979,-0.0007416972817042219,-0.06903045332314603
2024-12-26,-0.0017541699072133885,-0.001033860878945898,-0.0007203090282674914,-0.006177520388620371
2024-12-27,-0.0046807093342939535,-0.002418255931671486,-0.0022624534026224677,-0.04713142888829245
2024-12-30,-0.0003665060407803259,-0.00023670568773780554,-0.00012980035304252144,-0.09395018367355966
2024-12-31,-0.002898684440520182,-0.0011003767331420125,-0.001798307707378169,0.08997264535587399
2025-01-01,-0.0055601348241369735,-0.003483566992849365,-0.0020765678312876096,0.017296736222941235
2025-01-02,0.005125635602532434,0.0036646540553272834,0.00146098154720515,0.010084749419518734
2025-01-03,0.0011408409686837163,-4.8483714400975703e-05,0.001189324683084692,0.059721003824426175
2025-01-06,0.0005538062573102909,-0.0008691583466315482,0.001422964603941838,0.003922720868156468
2025-01-07,0.004571972078757591,0.0035899559554543325,0.0009820161233032604,-0.016999544251306665
2025-01-08,0.00024823263538430846,0.0009744570839213783,-0.0007262244485370696,0.03844793903702718
2025-01-09,-0.001129395172668285,-0.0016931506961374962,0.00056375552346921,0.02966423502990615
2025-01-10,0.002273431922091732,0.0008420707447475556,0.0014313611773441775,-0.07738488501651179
2025-01-13,0.0024420105500284344,0.0023138613836966027,0.000128149166331833,-0.042446166154203824
2025-01-14,-0.006477504828891991,-0.00434293884590721,-0.0021345659829847784,0.009920376194785994
2025-01-15,-0.002595732902050237,-0.0012617150851361785,-0.0013340178169140588,-0.009706364008757639
2025-01-16,0.0006098335431767787,-0.00044306942448040995,0.0010529029676571884,0.03685704737401563
2025-01-17,-0.0006423914967469283,0.0008775340464641269,-0.0015199255432110544,0.03588427454378251
2025-01-20,0.00241113093324245,7.85959521049772e-05,0.002332534981137473,-0.05170400923924676
2025-01-21,0.0021263196622522003,0.002223150421249539,-9.683075899733981e-05,-0.0756273475396119
2025-01-22,-0.0031303882607855234,-0.0006942749496859806,-0.0024361133110995434,-0.05663805831739372
2025-01-23,-0.004857123674190821,-0.003655148086158798,-0.001201975588032022,-0.09275549789123214
2025-01-24,-0.003818629995079666,-0.0029356405490725355,-0.0008829894460071312,-0.04673617500911754
2025-01-27,-0.005734713061584823,-0.003730239694724925,-0.0020044733668598963,-0.01716345462520998
2025-01-28,-0.0028922318817678795,-0.0029546274834788867,6.239560171101069e-05,-0.024421538708667374
2025-01-29,-0.001045612261979243,-0.00032466110560792124,-0.0007209511563713213,0.0944507546180675
2025-01-30,-0.0015587708644145921,-0.002795273747107304,0.0012365028826927145,0.07979658753033139
2025-01-31,0.006271124986452979,0.003259789122934016,0.0030113358635189616,
2025-02-03,0.006290634925661618,0.0022031896300824735,0.00408744529557914,
