,ls_ret,long_excess_ret,short_excess_ret,ic
2017-01-02,0.001299519577416829,0.0019838794588793087,-0.0006843598814624784,0.03587321710787612
2017-01-03,-0.004178478224467321,-0.00273152721328988,-0.001446951011177441,0.055286253717816564
2017-01-04,0.0016785857531100182,0.0004944984020002766,0.0011840873511097417,0.024293749268919453
2017-01-05,0.002716994337103695,0.001913959444257015,0.0008030348928466796,-0.06951075082045666
2017-01-06,0.0022669402064761143,0.006442990697977546,-0.004176050491501437,-0.03541974865519581
2017-01-09,-0.004241645863984117,-0.004189533656169446,-5.211220781467345e-05,0.008330439206985946
2017-01-10,-0.002017072793090405,-0.00230251465465622,0.00028544186156581434,0.0002249786577553755
2017-01-11,0.0004354510078441033,0.0002930552505097184,0.00014239575733438446,0.0026843408421687873
2017-01-12,6.910065462502877e-06,0.0003725471308922137,-0.00036563706542971073,-0.05085828581709791
2017-01-13,0.00010133349306686154,-0.0007773907269838483,0.0008787242200507103,0.04109634671997738
2017-01-16,-0.0025443570492083203,-0.001679951253963362,-0.0008644057952449589,0.005839225972862125
2017-01-17,0.0021164363584384705,0.0006462851806414455,0.0014701511777970252,0.03657611384423833
2017-01-18,0.0002481443568927472,-0.0008721696875047466,0.0011203140443974934,0.002845756811979344
2017-01-19,0.0016918957924551732,0.0004727538692871751,0.0012191419231679982,0.0815503225669647
2017-01-20,8.32437087794236e-05,-0.0015854609890980954,0.0016687046978775197,-0.026750379087247866
2017-01-23,0.004270396444073341,0.003155899005195122,0.0011144974388782188,-0.011395103513409584
2017-01-24,-0.00134647344081677,-7.031663959951133e-05,-0.0012761568012172597,0.018760953576414316
2017-01-25,-0.0005407911586498752,-0.0004900729707422178,-5.071818790765813e-05,0.04280202786609085
2017-01-26,0.0010967530820091438,0.0017454854052029907,-0.0006487323231938475,0.038625122024472956
2017-01-27,0.0020171958636809573,0.00030771106447489895,0.0017094847992060562,-0.038861510015036356
2017-01-30,0.0020052102983670714,0.0021609070943392032,-0.0001556967959721314,-0.03520805548024165
2017-01-31,-0.0019471481025953713,-0.001675871662078764,-0.0002712764405166071,0.034923392295540735
2017-02-01,-0.0017585614426811032,-0.001100008769798347,-0.0006585526728827553,-0.05501541963284449
2017-02-02,0.0022499220124399338,0.003222756527049165,-0.000972834514609229,-0.031266821026147334
2017-02-03,-0.0026645513842270827,-0.0024180662464042928,-0.0002464851378227925,-0.023328433548272416
2017-02-06,-0.0014698116151362968,-0.0013636192530330658,-0.00010619236210323256,0.01884424342076113
2017-02-07,-0.0011461054528803024,-0.0007326907929380887,-0.0004134146599422137,0.029453054162184276
2017-02-08,0.0008140209980266112,7.891943172288508e-05,0.0007351015663037263,0.012993074841857667
2017-02-09,0.0015089740997929675,0.0007602702020714984,0.00074870389772147,0.022366699900439
2017-02-10,0.0005727825361454135,-0.0007365263679486624,0.001309308904094076,0.019652649620198588
2017-02-13,0.001005945861825571,0.0006896743471386446,0.0003162715146869258,0.02465041753343821
2017-02-14,0.0008795840652690886,0.000694409546787433,0.00018517451848165667,-0.009943404855741671
2017-02-15,0.0011407959145966562,0.0011469111157773621,-6.115201180705021e-06,-0.0720204606515653
2017-02-16,-0.00037597760905367956,-0.0020969067634349064,0.001720929154381226,-0.02055299416323016
2017-02-17,-0.0029082553197099727,-0.0021087653171127894,-0.0007994900025971845,-0.0007234556024243
2017-02-20,-0.0009633924706687337,-0.00033374061795882746,-0.0006296518527099063,-0.08036640497134567
2017-02-21,-4.37538103301328e-05,-0.0005133090619489108,0.0004695552516187783,-0.08436063661617259
2017-02-22,-0.0035276569451133176,-0.00301693196332639,-0.0005107249817869284,0.007479173216062914
2017-02-23,-0.004123874956778965,-0.0023986779316020525,-0.0017251970251769121,0.002591920129924959
2017-02-24,0.00041185824739253547,0.0018558984607811146,-0.0014440402133885774,0.005190759975229435
2017-02-27,0.00012732313239196798,0.00041589987217094393,-0.00028857673977897573,-0.008408587721939798
2017-02-28,0.00026998969969014956,0.00045351952638977063,-0.00018352982669962107,0.026368921239976938
2017-03-01,-0.00039713538479975257,-9.479595184307263e-05,-0.0003023394329566792,-0.027326951710406767
2017-03-02,0.0012409421493447177,0.0005920798755683133,0.0006488622737764042,-0.02363450749496586
2017-03-03,-0.0014155039130367276,-0.0009170417574519436,-0.0004984621555847862,-0.05369879751852915
2017-03-06,-0.0013485219383727977,-0.000437145143395711,-0.0009113767949770861,-0.014636382772405226
2017-03-07,-0.0024131775142287103,-0.0012852020121508628,-0.0011279755020778461,0.12442723027807422
2017-03-08,-0.0007093118134101113,-0.0009228394068332632,0.000213527593423152,0.02626353449499467
2017-03-09,0.006634474300545201,0.0042328867601141955,0.0024015875404310065,-0.03227547026775159
2017-03-10,0.0012547586297962064,0.0009547720797330548,0.00029998655006315336,-0.03200739945552037
2017-03-13,-0.0014494234137828466,-0.000500127400671672,-0.0009492960131111741,0.04521639408851107
2017-03-14,-0.0014471282006289043,-0.001635930862880961,0.00018880266225205708,0.076115946297002
2017-03-15,0.002244386431694355,0.0012441067336733096,0.0010002796980210435,0.0911193266849385
2017-03-16,0.003883094513183437,0.0011022698729710179,0.0027808246402124194,-0.08287227578998321
2017-03-17,0.004803092584649695,0.0023275631287543053,0.0024755294558953898,-0.018896733076861637
2017-03-20,-0.003982274668775128,-0.0006287609060496706,-0.0033535137627254577,0.025258996651415875
2017-03-21,-0.0008590261538274501,-0.0011523049993150524,0.0002932788454876028,0.010560134101038733
2017-03-22,0.0011637038052295001,0.0003320298291961945,0.000831673976033306,0.037201573823200954
2017-03-23,0.0004435172603968234,0.0003184280073630051,0.00012508925303381623,0.11285933278215196
2017-03-24,0.0018815617997006966,-9.836329774807681e-05,0.001979925097448775,0.13627439970625205
2017-03-27,0.005987876968558511,0.0018736784685192236,0.0041141985000392855,-0.0021232973051992583
2017-03-28,0.007613355686762019,0.005444991979097684,0.0021683637076643364,0.020780997815542056
2017-03-29,-9.174099793998747e-05,0.0006707183260727658,-0.0007624593240127531,0.11487170974744776
2017-03-30,0.0009317205484461616,0.00013816576821861718,0.0007935547802275442,-0.027612128743568547
2017-03-31,0.0066298086396575,0.004613778328796135,0.0020160303108613664,0.05335168399988446
2017-04-03,-0.0012825416430371412,-0.0007917826846395816,-0.0004907589583975606,-0.011819418287037456
2017-04-04,0.0023991871972941442,0.0017671812112101271,0.000632005986084018,-0.009742192028084433
2017-04-05,-0.0005740280236826677,0.00031264095223216583,-0.0008866689759148335,0.05716151142308684
2017-04-06,-0.0005089202746075326,-0.0018488554017175585,0.0013399351271100278,0.06989477431194706
2017-04-07,0.0022495601245616607,-0.0002363666378706001,0.00248592676243226,0.0559331339579344
2017-04-10,0.0030390270154185563,0.002011546022007235,0.0010274809934113218,0.028815038981420595
2017-04-11,0.0019006138532913375,-4.6728342475356455e-05,0.0019473421957666931,0.047598487546746865
2017-04-12,0.0012611507720484026,0.0007531307280119722,0.0005080200440364295,-0.002929473480400527
2017-04-13,0.0020863430977165523,0.0015279528825372585,0.0005583902151792943,-0.06366044939904456
2017-04-14,-0.00013996332377814438,0.0009173314993453953,-0.0010572948231235384,-0.0240355005388219
2017-04-17,-0.002967217475733885,-0.0019549257618980513,-0.0010122917138358344,-0.0017456554742310063
2017-04-18,-0.0011983561327448848,-0.002092502598481995,0.0008941464657371107,-0.052228090390319976
2017-04-19,-3.645885187846627e-05,0.00038529920021312947,-0.0004217580520915979,0.07644651456288672
2017-04-20,-0.0026717144698508687,-0.0010382625888065546,-0.001633451881044314,-0.07528957587744246
2017-04-21,0.003588631214735472,0.0003340022493708659,0.0032546289653646067,0.04047874227128442
2017-04-24,-0.003538129464048994,-0.0025379946037535593,-0.0010001348602954353,-0.01962640060094009
2017-04-25,0.0017786903769999142,0.000753974761458877,0.0010247156155410377,-0.057602769269154766
2017-04-26,-0.0008135762535849192,-0.0002457654093401488,-0.0005678108442447706,-0.05215455204482712
2017-04-27,-0.002990079575842744,-0.0026045298773909814,-0.000385549698451763,0.1221612693118154
2017-04-28,-0.002861722014275772,-0.0024756535833192184,-0.0003860684309565541,0.0057873654303802905
2017-05-01,0.006694098246207092,0.0032368870957625376,0.0034572111504445535,0.01236611588519869
2017-05-02,0.00030831216284328555,0.000483593735739047,-0.00017528157289576143,0.025458849698740214
2017-05-03,0.0006265747510447697,0.0014169888771646153,-0.0007904141261198456,-0.06991388789135548
2017-05-04,0.0015460270373236647,0.003633364166800511,-0.0020873371294768406,-0.028918489441351856
2017-05-05,-0.0044781153988625675,-0.002788336648572855,-0.0016897787502897135,0.013711191927948622
2017-05-08,-0.0014438413907534107,0.0005128405862289432,-0.001956681976982354,0.11774508778745855
2017-05-09,0.0007680924806062867,0.0010122570548660446,-0.00024416457425975797,-0.0104786482782477
2017-05-10,0.006570989365746805,0.005191114549966857,0.0013798748157799537,0.1899195788384343
2017-05-11,-0.0005483872492325294,0.0006985776386763615,-0.00124696488790889,-0.028818600560920737
2017-05-12,0.011544099973554855,0.007466495590652063,0.004077604382902795,0.027674974865241033
2017-05-15,-0.0014797148898143399,-0.0022364060376636324,0.0007566911478492921,0.05015630256728616
2017-05-16,0.001505106681833378,0.0012857732882913448,0.0002193333935420331,0.015214506537253265
2017-05-17,0.00217577289918164,0.0015725717740185038,0.0006032011251631371,-0.04339480348312384
2017-05-18,0.0006345711389428564,0.0005539978047733214,8.057333416953451e-05,0.011268106095572869
2017-05-19,-0.0022365765397911476,0.0011680896870811825,-0.0034046662268723323,-0.012365574650266033
2017-05-22,0.0007094534310240204,0.001959425128379235,-0.0012499716973552143,0.055239905078263075
2017-05-23,-0.0006454537277736946,-0.0008848765812610373,0.00023942285348734112,0.034624972323034846
2017-05-24,0.002390999964597458,0.0007792559542673374,0.0016117440103301205,0.003463770398340721
2017-05-25,0.0012876475592631118,-3.835425977255502e-05,0.0013260018190356642,-0.03702849457960317
2017-05-26,0.00014250423970074927,-0.00030804059930522945,0.0004505448390059799,-0.008913996172843164
2017-05-29,-0.0015189328337519728,-0.00064582986576712,-0.0008731029679848526,-0.06084175117791742
2017-05-30,-0.00032522802982913493,-0.0007831160551436912,0.00045788802531455605,0.1854610732513329
2017-05-31,-0.002462291908523783,-0.0014111111185125306,-0.0010511807900112525,0.032085027520654445
2017-06-01,0.00895444224647362,0.00426783955246858,0.004686602694005041,0.10097928826988427
2017-06-02,0.0017693908927304061,0.000694429586913646,0.00107496130581676,-0.03365580594827383
2017-06-05,0.004302249078650492,0.002085356889619738,0.0022168921890307535,0.0016962673212320698
2017-06-06,-0.001430957160939016,-0.0008222326698021833,-0.0006087244911368323,-0.033199317592256465
2017-06-07,7.800661485304146e-05,5.344508173214563e-05,2.4561533120895937e-05,0.0076434249310280465
2017-06-08,-0.0014063961714687483,-0.001267208082434974,-0.00013918808903377465,0.125035835524514
2017-06-09,0.000461958018209498,0.0002061074676148484,0.0002558505505946482,0.09396902142157501
2017-06-12,0.005554789799570808,0.00261703669407064,0.002937753105500168,0.03438702934211255
2017-06-13,0.004327230904659478,0.002519875243371955,0.001807355661287523,0.02611610205427535
2017-06-14,0.0014510422121661185,0.00042842533063807645,0.0010226168815280416,0.010700627460323747
2017-06-15,0.0010893948107015996,0.0008502166463890248,0.0002391781643125753,-0.01783657811236729
2017-06-16,0.0004447500659360311,0.0003743183892916946,7.043167664433705e-05,-0.0993465571580653
2017-06-19,-0.0007632937551934174,-0.00034889368586201765,-0.0004144000693313988,0.006857402964702138
2017-06-20,-0.004449053042073804,-0.00226969457372789,-0.0021793584683459143,-0.05138010680046465
2017-06-21,0.0003139762658544218,-3.7023874834614975e-05,0.0003510001406890365,0.0395224849362216
2017-06-22,-0.002576838639676843,-0.0027296019599134776,0.0001527633202366343,-0.07812136897424571
2017-06-23,0.00168044153284155,0.00019828266731051813,0.0014821588655310324,0.09596609495969886
2017-06-26,-0.004233048988426396,-0.002204627826148107,-0.0020284211622782888,0.005970924640848507
2017-06-27,0.004971274056087466,0.0024160842104371865,0.0025551898456502805,0.027419671366797987
2017-06-28,0.0003435480635869696,0.0010621901598607533,-0.0007186420962737843,-0.04967625214811459
2017-06-29,0.0018208750897914718,0.0013682874314112324,0.00045258765838024004,0.030322560868074926
2017-06-30,-0.0026981882042122736,-0.001994443853282261,-0.00070374435093001,0.004070562628147565
2017-07-03,0.0017021063713624253,0.0007667470381743579,0.0009353593331880674,0.04223826289502443
2017-07-04,0.0002068054104478426,0.0005860996367371336,-0.00037929422628929163,0.08872039777936118
2017-07-05,0.0020038241320299134,0.0007868320303447468,0.0012169921016851667,-0.015465480728059052
2017-07-06,0.004966331874018163,0.003135286663210184,0.0018310452108079777,0.014267147567982898
2017-07-07,-0.0007217325271701724,-2.76655794674873e-05,-0.0006940669477026851,0.06628546249470854
2017-07-10,0.0007475689096075868,-0.00047424131910994184,0.0012218102287175278,-0.014495633437488947
2017-07-11,0.003010797554479603,0.0023002537327238095,0.0007105438217557931,0.037126640750967124
2017-07-12,-0.0006263141270674576,-8.62024608073201e-05,-0.0005401116662601367,0.07281970252232561
2017-07-13,0.0018745844516058795,0.0007900593203948522,0.0010845251312110275,0.039858465606119324
2017-07-14,0.0034544273394768676,0.001515265674926461,0.0019391616645504065,0.005510747449758702
2017-07-17,0.002963697111000785,0.002188509885876516,0.00077518722512427,-0.027780366314349422
2017-07-18,0.0004357299553513609,-0.00028696686662382787,0.0007226968219751911,-0.002351738472312489
2017-07-19,-0.0019088636244005844,0.0005710254669032966,-0.002479889091303882,-0.04480570713991709
2017-07-20,-0.0001363010199207156,0.0014023159113880266,-0.001538616931308742,0.033203033214167975
2017-07-21,-0.003883527307049133,0.0003648171565450442,-0.004248344463594178,0.13535580628862343
2017-07-24,0.002138013590941686,0.00046039107792526703,0.001677622513016419,0.1572786863736586
2017-07-25,0.007405993186372156,0.003568428490477591,0.003837564695894566,0.03792118661461028
2017-07-26,0.011163839475823324,0.00642074642192143,0.004743093053901894,0.03710178495868063
2017-07-27,0.0021845160549466957,0.0002642933867920867,0.0019202226681546107,0.08417230891610529
2017-07-28,0.0017846825680999992,0.0013375360644649844,0.0004471465036350146,-0.03572638574580739
2017-07-31,0.003883140997310338,0.0028490493163470226,0.0010340916809633144,-0.08602192282450848
2017-08-01,-0.0017779668038929025,-0.001561104326455294,-0.0002168624774376085,0.08617402397900398
2017-08-02,-0.003839951472379049,-0.002161451004783504,-0.001678500467595545,0.11164639386997482
2017-08-03,0.004860302859624079,0.0015743645505489935,0.0032859383090750836,0.016074593465015472
2017-08-04,0.006564942535687134,0.00383909682586224,0.0027258457098248965,0.11559702871661132
2017-08-07,0.0008619884539364078,0.0014246960217846457,-0.0005627075678482389,0.029667594143609994
2017-08-08,0.006784172962707142,0.002796734357692076,0.003987438605015065,0.05963271307677064
2017-08-09,0.001550566076537901,0.000907045985380937,0.0006435200911569646,-0.016069165408479896
2017-08-10,0.003232152315092251,-1.954412094025068e-05,0.003251696436032502,0.003039026598188851
2017-08-11,-0.0008072027347832689,-0.000516177152141549,-0.0002910255826417199,0.015401566087621154
2017-08-14,0.00011833128334138275,-0.0011612803193918834,0.0012796116027332643,0.11370547270849034
2017-08-15,0.0007070986909920122,-0.0015949831578421997,0.0023020818488342113,0.0660590468956891
2017-08-16,0.006001818120389342,0.0015021004745471751,0.0044997176458421665,0.00607239391227563
2017-08-17,0.0034551315961133446,0.001523558638875603,0.0019315729572377434,-0.11340335676312135
2017-08-18,0.00032376617576634545,0.0009798314698101522,-0.0006560652940438075,0.04404127573221652
2017-08-21,-0.005428139359998054,-0.0019837866454884504,-0.0034443527145096037,0.060682877839017324
2017-08-22,0.0023720693494817214,0.0027283725592113883,-0.0003563032097296673,0.12516044439199614
2017-08-23,0.0032365785088800986,0.001611185971021794,0.0016253925378583054,0.0762791623427101
2017-08-24,0.006600931208333305,0.0011227865033265811,0.005478144705006722,0.07022878449234213
2017-08-25,0.004041391503739316,0.0007013313935751767,0.003340060110164138,0.051923510826247264
2017-08-28,0.0037841679497777597,0.0023805172330471115,0.0014036507167306481,0.02147237359989193
2017-08-29,0.002874003703589681,0.0014578470568144975,0.0014161566467751842,0.0757179870725108
2017-08-30,0.00205385445653526,0.0015438406146208797,0.0005100138419143821,0.16256844421529135
2017-08-31,0.005037710583520035,0.0008428596563411009,0.004194850927178934,0.1064032476719971
2017-09-01,0.009500216082531007,0.0038568088243187346,0.005643407258212274,-0.04709568065890506
2017-09-04,0.006812767046292106,0.0033557607310565002,0.0034570063152356044,0.11519371047536814
2017-09-05,-0.0022975245584613314,-0.0012869867346575392,-0.0010105378238037931,0.014036268999402302
2017-09-06,0.006781268224705589,0.001811132477106122,0.004970135747599469,0.06626688289469077
2017-09-07,0.0008320224860212202,-0.0006631945944316989,0.0014952170804529204,-0.010432249895326361
2017-09-08,0.0037345984972281553,0.002385145608625327,0.0013494528886028277,0.03152217153417783
2017-09-11,-0.0005207391419946539,0.0011196973790146784,-0.0016404365210093324,0.022818102702365384
2017-09-12,0.001874419264455596,-0.0014887317859616782,0.0033631510504172736,-0.0008433262304964352
2017-09-13,0.001546218301945376,0.002644064097874049,-0.001097845795928674,0.07499509981351747
2017-09-14,-5.2119483751310704e-05,-0.000687601472763511,0.0006354819890121996,0.058562930439006254
2017-09-15,0.0039373419622886294,0.001864166772362107,0.0020731751899265224,-0.026752156931481252
2017-09-18,0.003115889464497722,0.0005849870620288175,0.0025309024024689052,-0.02159367905048094
2017-09-19,-0.0018498700285592617,-0.0016185637408733156,-0.00023130628768594595,0.006754205577796145
2017-09-20,-0.0013452538197733163,0.0011503958653383342,-0.0024956496851116505,0.0057009791775822225
2017-09-21,0.0004137407455410822,-0.0011095167126628173,0.0015232574582039003,-0.042400862544082846
2017-09-22,0.0002766550119573158,2.8135727690516447e-05,0.00024851928426679955,-0.02850767321519464
2017-09-25,-0.00257842994432213,0.000590815557320979,-0.0031692455016431066,0.06405902942654736
2017-09-26,-0.0019201065605029724,-0.0010120136785272543,-0.0009080928819757191,0.032239102314568197
2017-09-27,0.003364380482362202,-0.0002505381870447805,0.0036149186694069864,0.011391529613183562
2017-09-28,0.0018669312195324582,-0.00024111045744006857,0.0021080416769725264,0.036204731477069436
2017-09-29,0.0006939010502689979,0.0010457206121336736,-0.00035181956186467606,0.012541824321878952
2017-10-02,0.002168737159642134,0.0009857731846277344,0.0011829639750144001,0.08426859558838246
2017-10-03,0.000908471085461053,5.301158391863604e-05,0.0008554595015424172,0.01924014154107585
2017-10-04,0.0044684289221880915,0.0012151800237301877,0.003253248898457904,0.05454794576906837
2017-10-05,0.0009623617354304792,0.0008323308356689672,0.000130030899761512,-0.0010049109363680889
2017-10-06,0.002659485182899303,-3.753264534302539e-05,0.0026970178282423284,0.049193686861359755
2017-10-09,-4.9071497336022007e-05,-0.00024384631579136857,0.0001947748184553469,0.0115904934189708
2017-10-10,0.001962332051568975,0.0002848874056226693,0.001677444645946306,-0.022743307576270255
2017-10-11,0.0005737033067997149,0.000538395614316135,3.5307692483580073e-05,-0.0274325235918914
2017-10-12,-0.0012148063861217452,0.00019970242116944953,-0.001414508807291194,0.015773037603200552
2017-10-13,-0.0014438919771157287,-0.0008815421619096549,-0.0005623498152060738,0.05930683126761687
2017-10-16,0.0007616175360247769,-0.00012269833424769297,0.0008843158702724705,0.02369946024603248
2017-10-17,0.003218282563462475,0.0019791400222715573,0.0012391425411909188,0.035634861482059084
2017-10-18,0.0010892902426263267,0.0007119147638225778,0.0003773754788037489,-0.038569070271946566
2017-10-19,0.0017489717427468874,0.000805128751962223,0.0009438429907846642,-0.02584028350204605
2017-10-20,-0.0018680750777573844,-0.0017828555097863814,-8.521956797100279e-05,-0.09313232437353892
2017-10-23,-0.0012963622388285005,-0.002023979833185114,0.0007276175943566133,-0.023742307731557246
2017-10-24,-0.004510749089729168,-0.0010897566185227425,-0.0034209924712064275,0.06701665349506272
2017-10-25,-0.0011285554750139599,-0.00040284734505901176,-0.0007257081299549479,0.10619099090022936
2017-10-26,0.0036374969346962974,0.0025401376072581097,0.0010973593274381868,0.017202569566960327
2017-10-27,0.007211867002934051,0.0029558346777606116,0.00425603232517344,0.024337344914685047
2017-10-30,0.0009978505399396305,0.0008919227728157644,0.00010592776712386835,0.04593470542005863
2017-10-31,0.0018726794106074648,0.002974342893791934,-0.0011016634831844674,0.01729140283950027
2017-11-01,0.0025120186656878113,-0.0013296978077944506,0.0038417164734822623,0.045885435869965414
2017-11-02,0.000981674312387269,0.0007290208399901889,0.00025265347239708004,0.01260366092070627
2017-11-03,0.0027777557469953144,0.0013073111300491306,0.0014704446169461838,-0.008430092349109224
2017-11-06,0.0006051077255371739,-0.001093141636417716,0.001698249361954892,-0.039232500991840495
2017-11-07,-0.0003902352360535019,0.00025969966975213825,-0.0006499349058056393,-0.026179093419790755
2017-11-08,-0.0019943387742689346,-0.0003013416506586564,-0.0016929971236102782,-0.030209333156993385
2017-11-09,-0.0013496635665940578,3.2008503573960345e-05,-0.0013816720701680177,0.03701437589952886
2017-11-10,-0.0016852973117620982,-0.0005722425527767139,-0.0011130547589853837,-0.04883862395580732
2017-11-13,0.0017821158271755762,0.0007722897530582579,0.0010098260741173183,-0.04354221590643091
2017-11-14,-0.002647026639272275,0.0009237492505914206,-0.0035707758898636983,-0.024474408911332013
2017-11-15,-0.002314371592038109,-0.0003551531249873039,-0.001959218467050805,-0.08072035131966374
2017-11-16,-0.0017042045903210021,0.0004027996724128187,-0.00210700426273382,-0.08212489471855319
2017-11-17,-0.006707738111445052,-0.00030310597419414,-0.006404632137250912,-0.044298467573300616
2017-11-20,-0.005711156382104581,-0.0027865430019347968,-0.0029246133801697823,0.032420890207358374
2017-11-21,-0.0033891442014371163,-0.0012713450971285171,-0.0021177991043085966,-0.030991866896868288
2017-11-22,0.0017344685814190811,0.0013209151411205967,0.0004135534402984857,0.03284348565310294
2017-11-23,-0.0015728595375554505,-0.0007052238031992615,-0.0008676357343561894,0.06473736190261263
2017-11-24,0.002078701535021302,0.001897523683664552,0.00018117785135674837,0.0862011808688152
2017-11-27,0.0032692444468249665,0.0009920847684392808,0.002277159678385686,0.016663873218836778
2017-11-28,0.004938379870722841,0.002815661723578033,0.0021227181471448076,0.05366107525509452
2017-11-29,0.0009603402891213567,-0.00020244738021521838,0.0011627876693365742,0.13218674243547093
2017-11-30,0.0032837754019535417,0.0019890204645927976,0.001294754937360745,0.006153285779956147
2017-12-01,0.00789270613852898,0.0032277683653828045,0.0046649377731461765,0.06332903063779606
2017-12-04,0.00040657012471108595,0.0013768579541663627,-0.0009702878294552755,0.07853039219807986
2017-12-05,0.0038679095234715704,0.0019452873957774737,0.0019226221276940972,0.011915293081167618
2017-12-06,0.004511518653778198,0.0015798142888694402,0.002931704364908758,0.056484945557176834
2017-12-07,0.0005419290494951849,-0.0007756995213159396,0.0013176285708111218,-0.05448071410555469
2017-12-08,0.0029459470069388973,0.0007895841639866345,0.0021563628429522638,0.01000443027808904
2017-12-11,-0.0035797459227710523,-0.001527881133979652,-0.0020518647887914007,-0.0004983098054016649
2017-12-12,0.000497257354409707,0.0001734436301979135,0.0003238137242117904,0.060479394502545705
2017-12-13,-1.2415947260029092e-05,0.000977067929966608,-0.000989483877226637,0.06185203811201153
2017-12-14,0.0037630545346598663,0.0015197601789506297,0.0022432943557092353,0.05030961113305737
2017-12-15,0.003356228859777271,0.0011527702497804663,0.0022034586099968054,0.035004606182232605
2017-12-18,0.0028250972795804356,0.0018258345163653668,0.0009992627632150692,0.06409282264893677
2017-12-19,0.0018074567904853556,-0.00011868813013481139,0.0019261449206201663,0.03925675226911116
2017-12-20,0.0030983801142620017,0.002323442451311759,0.0007749376629502449,0.05884924611914278
2017-12-21,0.0027207937901622854,0.0006611289289279836,0.002059664861234301,0.010117889353671914
2017-12-22,0.003180153354107219,0.0014553037207357088,0.001724849633371512,0.01919506972183469
2017-12-25,0.0005633557506840477,0.0006853901451351,-0.00012203439445105323,0.04011120115546816
2017-12-26,0.0011697824648214657,0.0005190842621887303,0.000650698202632736,0.07897781102220122
2017-12-27,0.0022448738085998317,0.0013329430230310411,0.0009119307855687897,0.009494206822603156
2017-12-28,0.004973526296349167,0.0009782704518363217,0.003995255844512845,-0.023891571638205475
2017-12-29,0.00044020959056648005,-7.292173954961023e-05,0.0005131313301160905,-0.013553583671156035
2018-01-01,-0.0011400323385506034,-0.0003979056190175148,-0.0007421267195330886,0.030522446021533162
2018-01-02,-0.0009699338444178012,-0.0006809250718406087,-0.0002890087725771935,-0.0007937623566066186
2018-01-03,0.0019376500517064431,0.00013820150191015505,0.0017994485497962905,0.01424075875590531
2018-01-04,-5.318313747486802e-05,0.0007612948787637588,-0.0008144780162386255,0.004482583186554401
2018-01-05,0.0007703894013617709,7.069951661406795e-05,0.0006996898847477055,0.046948710800446894
2018-01-08,0.0002766997355124236,0.00023889218178478958,3.780755372763747e-05,0.08385452774290258
2018-01-09,0.0024084963431424333,0.001529813800392972,0.0008786825427494656,0.05666225556329488
2018-01-10,0.003927188562185622,0.0021322951505384664,0.0017948934116471544,-0.03825406424964573
2018-01-11,0.0029971694848093776,0.0017051269052647776,0.0012920425795446,-0.02516485836232112
2018-01-12,-0.001763682021505765,-0.0011317311664852732,-0.000631950855020492,0.10325445225048807
2018-01-15,-0.0011142900502624541,-0.00010730320204620919,-0.0010069868482162452,0.009796795618429822
2018-01-16,0.004932880085371301,0.0026435319996574932,0.0022893480857138077,0.005106007077492392
2018-01-17,0.0005243858717152628,0.0009714949897440123,-0.00044710911802875106,0.08047786759276716
2018-01-18,0.00030693792898813855,0.0003385221144799619,-3.158418549182446e-05,-0.042385902840389386
2018-01-19,0.003912959974553855,0.0021372619436670244,0.0017756980308868305,0.06578698302997242
2018-01-22,-0.002199233175557641,-0.00032885899098005975,-0.0018703741845775817,0.0511255705707542
2018-01-23,0.0030031128337684107,0.0007269292437870039,0.002276183589981407,0.04014063850153435
2018-01-24,0.0025261409537826055,0.0016741237731890228,0.0008520171805935818,-0.038270930001726
2018-01-25,0.001761845178607635,-0.0004920130929896502,0.002253858271597284,0.08590751026571508
2018-01-26,-0.0018017328993065584,-0.0008624174234763589,-0.0009393154758301995,-0.011861456590927029
2018-01-29,0.003943458663599622,0.0015289415989123015,0.002414517064687321,0.019279208608137133
2018-01-30,-0.0005689975985438299,-0.0004175184341630826,-0.00015147916438074463,-0.05123074562513249
2018-01-31,0.0009357270038918889,0.0008438176562294876,9.190934766240173e-05,-0.04553894048154863
2018-02-01,-0.003017582117433468,-0.0018984205277045663,-0.0011191615897289022,-0.04211357804496783
2018-02-02,-0.0019815902832367996,-0.0009776188731306507,-0.0010039714101061498,0.05839533680859707
2018-02-05,-0.001975191252395618,-7.689427167357349e-05,-0.001898296980722046,-0.103427583744439
2018-02-06,0.002776216769643622,0.00023028999182584092,0.0025459267778177794,-0.06352158666152889
2018-02-07,-0.005392414455484686,-0.00024292400892386473,-0.005149490446560822,0.027811278326422696
2018-02-08,-0.0035300962261726296,-0.0012680377528089537,-0.0022620584733636755,0.060844534801546536
2018-02-09,0.0013593316853745267,0.000167262711586319,0.0011920689737882075,0.02262813017922106
2018-02-12,0.0026125738867243675,0.0018247976018675761,0.0007877762848567912,0.06112430832852374
2018-02-13,0.0009618809936714685,0.00015943707922901756,0.0008024439144424522,-0.00062975130457032
2018-02-14,0.0031551899276669694,0.002670518813680949,0.00048467111398601756,-0.14565610631403486
2018-02-15,-3.90977255343419e-05,-0.00042195193766204203,0.00038285421212769927,0.00689964573588165
2018-02-16,-0.00734575285961022,-0.003144838293694727,-0.004200914565915492,-0.06542478884294735
2018-02-19,0.00029846162601322116,-0.00040932077127316287,0.0007077823972863832,0.028391857350131333
2018-02-20,-0.0028629009004494587,6.328382102547409e-05,-0.0029261847214749337,0.007105925088807321
2018-02-21,0.0010755633319054227,0.00010274163233395424,0.0009728216995714672,-0.0030936428636872044
2018-02-22,0.00027728466335019426,-0.0007453636874424001,0.0010226483507925935,0.02372518564166209
2018-02-23,-0.0001092800682579529,-0.00023973055835257214,0.0001304504900946188,-0.03989628203014423
2018-02-26,0.0012136211996523652,0.0019331177325398533,-0.0007194965328874911,0.08099213014206333
2018-02-27,-0.0018006908509268535,-0.001799453114360327,-1.2377365665259404e-06,-0.053415147368854006
2018-02-28,0.004609586060067937,0.002258451866614143,0.0023511341934537994,-0.06294029048640898
2018-03-01,-0.002823132844530575,-0.001023038177981306,-0.0018000946665492697,-0.041940965405384056
2018-03-02,-0.003022507482785772,-0.0019576221528981906,-0.001064885329887582,-0.07537305836069723
2018-03-05,-0.0031160800067078142,-0.0010524078730407282,-0.00206367213366708,0.008469038201340854
2018-03-06,-0.006020196822620262,-0.004378534857318513,-0.0016416619653017491,0.009227477946855312
2018-03-07,0.0005188175809068244,0.000400428230082496,0.00011838935082432965,0.06055322579898196
2018-03-08,0.0005948974424103705,0.0010321944612249404,-0.00043729701881456765,0.16255665164089309
2018-03-09,0.004084341606061837,0.0015238889706307652,0.00256045263543107,0.031542194520746365
2018-03-12,0.010456720979204914,0.004517631759672524,0.005939089219532394,-0.013093940579777339
2018-03-13,0.001998263318504528,-0.000557410808379108,0.002555674126883633,-0.001682510265223905
2018-03-14,-0.0002491087827547183,-0.0008532213767458788,0.0006041125939911657,0.05313156092298725
2018-03-15,-9.330345911779205e-05,0.000701001952451024,-0.0007943054115688158,0.06814620019864803
2018-03-16,0.002474110116956989,0.0015141259005987673,0.0009599842163582214,0.03222609972382309
2018-03-19,0.0041371963818965345,0.002361961818036944,0.0017752345638595906,0.09751008268599484
2018-03-20,0.0018123666238820547,0.0013935070620313883,0.0004188595618506664,-0.041438582188563604
2018-03-21,0.005474647410587577,0.0027112107456599716,0.0027634366649276054,0.06508953530099781
2018-03-22,-0.00197259275309271,-0.0005407295839435135,-0.0014318631691491949,0.07579482519488964
2018-03-23,0.003026115008986213,0.00010037023872887935,0.0029257447702573346,0.012273397151826956
2018-03-26,0.0034339946596992485,0.0010614152717077444,0.002372579387991503,0.001530362119320409
2018-03-27,0.0006425815616954618,-4.9597264946826813e-05,0.0006921788266422875,0.05591977055864664
2018-03-28,9.39106560894987e-05,0.00018104457144819605,-8.713391535869648e-05,-0.014969175815537555
2018-03-29,0.0035845115910568947,0.0024598197038510094,0.0011246918872058844,-0.026451568207659655
2018-03-30,-0.0007893691904737111,0.00035498626387199745,-0.0011443554543457083,0.05878355412825039
2018-04-02,-0.0012532426998578708,-0.000611378466193622,-0.0006418642336642492,0.014250018546593317
2018-04-03,0.0030263976651115788,0.0027397958967208084,0.00028660176839077076,-0.03839254750260553
2018-04-04,0.0007212804013421209,-0.0003955321986299602,0.0011168125999720772,0.028265223204872496
2018-04-05,-0.0018521254851562104,-0.0001899720026863061,-0.0016621534824699004,-0.017778615853387178
2018-04-06,0.0015894610399014198,-0.00047539904089030464,0.002064860080791725,0.011758805580544457
2018-04-09,-0.0009970053860938652,0.00027330563271859773,-0.0012703110188124617,0.085574616369807
2018-04-10,0.0007689339122168739,0.0022279997456229206,-0.0014590658334060463,0.004577810546831488
2018-04-11,0.006107602259865905,0.0030605628285675585,0.0030470394312983456,-0.04112154584083295
2018-04-12,0.0003105499041112115,-0.001427121187749375,0.0017376710918605848,0.07835826117089015
2018-04-13,-0.0024149196443594696,-0.001081089981654567,-0.001333829662704903,0.06430959970478153
2018-04-16,0.00431548828709776,0.003121888068358665,0.0011936002187390947,0.06256932913754303
2018-04-17,0.003958743573758848,0.0017518604225809573,0.0022068831511778894,-0.006948373331452027
2018-04-18,0.004001779441779871,0.002464749235241313,0.0015370302065385586,0.08808707659483017
2018-04-19,-0.0003665265364344501,0.00033725992128347954,-0.0007037864577179292,0.08671904601393009
2018-04-20,0.00501738075310628,0.0027615233032847394,0.002255857449821541,0.07802760589831885
2018-04-23,0.0048976029883134225,0.002509622472988346,0.0023879805153250756,0.04383316351079542
2018-04-24,0.0043119974245343015,0.001713650988439742,0.0025983464360945594,-0.06632734675381761
2018-04-25,0.0016803389162764982,0.0007537802677336156,0.0009265586485428801,0.09849085325678396
2018-04-26,-0.0031933782861238488,-0.0017178177915353953,-0.0014755604945884526,-0.0051738946022547765
2018-04-27,0.005514255576105834,0.002376914358893963,0.003137341217211872,-0.023154850902499694
2018-04-30,-0.00028385632026412476,-0.00013089032927298544,-0.00015296599099114128,-0.0034491780151328644
2018-05-01,-0.0012029959465419944,-0.0018447803808876694,0.0006417844343456743,-0.04832322660058501
2018-05-02,-0.0001932213415180165,-0.00018337724313398363,-9.844098384033731e-06,0.030930636189266895
2018-05-03,-0.0022779641605221224,-0.001961753094363081,-0.00031621106615904206,0.011459606694509643
2018-05-04,0.0013601783221634512,0.0008811208111631333,0.0004790575110003182,0.04877524434673493
2018-05-07,0.0004967322733919755,0.00035629993595958157,0.00014043233743239042,-0.083002776443745
2018-05-08,0.002518241607592639,0.000918987062626879,0.0015992545449657614,-0.004267810752577283
2018-05-09,-0.004653946786205827,-0.0029513036871414984,-0.001702643099064329,-0.035342659680472996
2018-05-10,-0.00019337190681347708,0.0010083067880137736,-0.0012016786948272499,-0.022104107130887
2018-05-11,-0.0015535300992419246,-0.0001857926831828026,-0.001367737416059122,0.027600806181589835
2018-05-14,-0.0008993574961188724,-0.001020872644300683,0.00012151514818181056,0.05516902290198331
2018-05-15,0.0012185857107482032,0.0010105106639949,0.00020807504675330463,0.058437704794239154
2018-05-16,0.0025668351059123795,0.0007947660296385092,0.0017720690762738703,0.023818953344349858
2018-05-17,0.0032216042843705365,0.0005091253344828746,0.0027124789498876607,0.1405884254753373
2018-05-18,0.0012493547448531885,0.001766028472856924,-0.0005166737280037346,-0.016927525089522652
2018-05-21,0.007641140922755398,0.004743794277980818,0.0028973466447745795,-0.06866948373428292
2018-05-22,-0.0008513106370219771,0.0001350418794047461,-0.0009863525164267226,0.08588599220368627
2018-05-23,-0.0040846613308806005,-0.0017565149363064207,-0.0023281463945741786,-0.061326096412889206
2018-05-24,0.005809511812661066,0.004283600640075013,0.0015259111725860527,-0.0020136259848801434
2018-05-25,-0.0032873540658185443,-0.0015086957972639536,-0.0017786582685545872,-0.03568489782245451
2018-05-28,-0.00010798572464373228,-0.0005496615134175896,0.00044167578877385774,-0.03494983372409214
2018-05-29,-0.0017767714146143922,-0.0007685501635015224,-0.0010082212511128691,0.028043040107941394
2018-05-30,-0.0018056603934042577,-0.0013698512493254451,-0.0004358091440788128,-0.03254790250347346
2018-05-31,0.0014537714236420572,8.156743116844128e-05,0.0013722039924736165,-0.0076334046595259025
2018-06-01,-0.0018296964955481702,-0.0006839152552665147,-0.001145781240281656,0.029611813742054377
2018-06-04,-0.0004067880392450926,0.00034856085920651186,-0.0007553488984516033,0.051791520020334825
2018-06-05,0.0014919701032668803,0.0011006113030602171,0.0003913588002066662,-0.08331390865980005
2018-06-06,0.002617118965400849,0.0020368619648179196,0.00058025700058293,-0.015458120856277673
2018-06-07,-0.0044364650182844665,-0.001079006825592874,-0.0033574581926915916,0.04332728137477
2018-06-08,-0.0008425252450782287,3.819374044350225e-05,-0.000880718985521731,-0.038394692510642155
2018-06-11,0.0021637924581366184,0.0007779597460791801,0.0013858327120574382,-0.0617154520576618
2018-06-12,-0.0017925266016680845,-0.002007773408933577,0.00021524680726549283,0.07779652632240586
2018-06-13,-0.0032207060529244476,-0.0013890610332077053,-0.0018316450197167424,0.0744342599805372
2018-06-14,0.0039170529499978745,0.0015165966927177662,0.002400456257280108,0.07582900659580338
2018-06-15,0.0045666125889161175,0.0015454106384204542,0.0030212019504956633,0.05971950702240899
2018-06-18,0.004434403069830381,0.0038285420168654317,0.0006058610529649493,0.11833188607994824
2018-06-19,0.003976570338350873,0.0016139242162336934,0.0023626461221171804,0.09827766594316208
2018-06-20,0.007388637969321124,0.003881126001269679,0.003507511968051444,-0.027547037468169187
2018-06-21,0.007488599739316783,0.002465334762394177,0.005023264976922605,-0.013724969805484034
2018-06-22,-0.0014196545402330321,-0.0004667497947174609,-0.0009529047455155704,-0.07849042528027245
2018-06-25,-0.0006626652297401386,-0.0012480253754305719,0.0005853601456904355,0.02868611745739743
2018-06-26,-0.0036064835970645074,-0.000978723304754979,-0.002627760292309527,-0.037172042352931214
2018-06-27,0.0013190311866424693,0.00028187242217178263,0.001037158764470688,-0.00844077441406845
2018-06-28,-0.0017155471376818208,-0.0004355732363210225,-0.0012799739013607979,-0.049441899175301424
2018-06-29,-0.00045411282532163786,-0.00033525190031091117,-0.0001188609250107268,-0.08901207588538829
2018-07-02,-0.002209283630669126,-0.0012489938774854423,-0.0009602897531836782,0.016665355519746444
2018-07-03,-0.005547328654114551,-0.0032632298195444686,-0.0022840988345700823,0.035252214434672795
2018-07-04,0.0009669512702352431,6.0673166888032494e-05,0.000906278103347211,0.027382264929894668
2018-07-05,0.0020401115304904066,-0.0001422605618222046,0.0021823720923126104,-0.00042467665917068334
2018-07-06,0.0016841295701603568,0.0009232647207485373,0.0007608648494118221,0.029265406929278794
2018-07-09,-2.280990465937773e-05,0.001128853484958954,-0.0011516633896183348,0.04699039583189256
2018-07-10,0.0023784592854082446,0.002005543756919583,0.00037291552848866286,-0.016775847212631794
2018-07-11,0.0035316388196140252,0.0026411490370750012,0.0008904897825390243,-0.04122722288817079
2018-07-12,-0.001211487854169373,-0.00042125992629400266,-0.0007902279278753704,0.026336692370822503
2018-07-13,-0.002326793558541077,-0.002420111889375362,9.331833083428553e-05,-0.04178565804819729
2018-07-16,0.001720738428016502,0.0005605337843142856,0.001160204643702218,-0.08866828770548174
2018-07-17,-0.003054061168019742,0.0007113106711585347,-0.0037653718391782685,-0.047674931843349914
2018-07-18,-0.006557763913141305,-0.003649304529846315,-0.0029084593832949916,0.02633804069806525
2018-07-19,-0.003926302316649548,-0.0033615589945765988,-0.0005647433220729477,0.03597611915259742
2018-07-20,0.0027886122363917232,0.0007143460048030376,0.002074266231588684,0.03907431763294877
2018-07-23,0.002552576336212032,0.0023560946881238665,0.00019648164808816482,0.006618905397225655
2018-07-24,0.002818644121319102,0.0023930445586579883,0.00042559956266111434,-0.020963816358152816
2018-07-25,0.0005799827597796686,0.00033917116009919007,0.0002408115996804759,-0.018514133932596998
2018-07-26,-0.0017335311686297017,-0.0020117624013900014,0.00027823123276029746,-0.03608158023451811
2018-07-27,-0.0011895564225672406,-0.00033341235262884274,-0.0008561440699383985,-0.018447998116527344
2018-07-30,-0.0023073175199524853,-0.001469183103096225,-0.0008381344168562621,-0.044066368171592325
2018-07-31,-0.0011907291029846947,-4.675097520124259e-05,-0.0011439781277834517,0.028137593424682028
2018-08-01,-0.002944876355930004,-0.001385920539395275,-0.0015589558165347295,0.010902314238718349
2018-08-02,0.00170272170281199,0.001447543235769986,0.0002551784670420023,0.0359906840346059
2018-08-03,0.000782001689400966,0.0013468517355828893,-0.0005648500461819242,-0.026642062779855293
2018-08-06,0.0028380843468520326,0.0010135770399209041,0.0018245073069311302,-0.015570591546124059
2018-08-07,-0.001909890224733498,-0.001400309603671327,-0.0005095806210621695,0.03795071105838298
2018-08-08,-0.0011440049815781797,-0.0004110732754526152,-0.0007329317061255652,0.025173786028747158
2018-08-09,0.0027075697052818654,0.0016066136733140814,0.001100956031967788,0.07042250870745559
2018-08-10,0.001454075423740733,0.0009152604837801732,0.0005388149399605559,0.04186302127076315
2018-08-13,0.004172203484047792,0.001955951876399069,0.0022162516076487185,0.08477644400021103
2018-08-14,0.0029489851020877613,0.0018528279484824033,0.001096157153605358,0.12365059008307892
2018-08-15,0.005761085582142143,0.0036376257693152125,0.00212345981282693,-0.015768969481116973
2018-08-16,0.00835499542960258,0.004420658555921818,0.003934336873680761,0.030375796289538598
2018-08-17,-0.001419097878330327,-0.0004887337886698628,-0.0009303640896604643,0.02339108596021353
2018-08-20,0.0022493706975252065,0.0020706337059172098,0.00017873699160799762,0.026377872492186392
2018-08-21,0.0017505845262470333,0.0006867245777824879,0.001063859948464544,0.05767836373726642
2018-08-22,0.0019951376168397122,0.00010743476305423785,0.0018877028537854744,0.003983924429262019
2018-08-23,0.00416367064524479,0.001926063580607552,0.002237607064637239,-0.048263764052781565
2018-08-24,0.0002613217004583451,0.00021897010071751655,4.235159974082855e-05,0.032437621778769875
2018-08-27,-0.003071540108165651,-0.001724399867593488,-0.001347140240572163,-0.0028796965897341462
2018-08-28,0.002171695692502058,0.0010657314390732121,0.0011059642534288448,-0.06852732669831846
2018-08-29,-0.0002035847595066217,-0.0004469318772785981,0.00024334711777197673,0.06386127567995369
2018-08-30,-0.0043411720692598296,-0.0012951261998950794,-0.0030460458693647493,0.031040605355267845
2018-08-31,0.004702121708280202,0.0024675287643689085,0.0022345929439112934,-0.00425572008997244
2018-09-03,0.0024536111209271095,0.0007874524654511404,0.0016661586554759696,0.09348503243283021
2018-09-04,-0.00028076113420903606,-0.00011624363959487904,-0.0001645174946141581,0.02430119181478518
2018-09-05,0.006387958313867999,0.003797158685642968,0.0025907996282250323,0.1326055305095927
2018-09-06,0.00202265789109394,0.0013364280444287894,0.0006862298466651495,0.021084086756259942
2018-09-07,0.012573722241453979,0.006404892989926105,0.006168829251527869,0.030739997313533808
2018-09-10,0.0016770869869578181,0.0006458121463600829,0.001031274840597736,0.026137681311483245
2018-09-11,0.002459851326827962,0.00036877329294371375,0.0020910780338842527,-0.035655328942897954
2018-09-12,0.001943002672908339,0.0005746875230389185,0.0013683151498694174,0.0035776544050615043
2018-09-13,-0.0024471536420140982,-0.00048698938675578024,-0.0019601642552583174,0.0075722765143491745
2018-09-14,0.00022093745383509628,-1.6418173628320737e-06,0.00022257927119793096,-0.04097208868894324
2018-09-17,0.0003809464089920048,-5.3495676307864504e-05,0.00043444208529986456,-0.02893583454304223
2018-09-18,-0.0025900129314522843,-0.001632583739505501,-0.0009574291919467832,-0.05165256115670654
2018-09-19,-0.0015576407662217036,-0.0003979510844580505,-0.0011596896817636544,-0.05508921317142958
2018-09-20,-0.002583541194866291,-0.0010725189327669069,-0.0015110222620993811,-0.006399763172208565
2018-09-21,-0.0033148795699826667,-0.0005981927696265665,-0.0027166868003561002,0.04266885606478995
2018-09-24,-0.0004694097659211742,-0.0004908979502166039,2.1488184295426205e-05,0.044535466703972966
2018-09-25,0.003585954962314155,0.00017257034440289198,0.003413384617911265,0.05111251562091566
2018-09-26,0.0025477701677410957,0.001165038907791148,0.0013827312599499486,0.007610092721395705
2018-09-27,0.003091528868727928,0.000891704147971616,0.002199824720756312,0.07776284825203389
2018-09-28,0.0005005537489718146,-4.738143250324761e-05,0.0005479351814750601,0.003307442228491531
2018-10-01,0.005184181836778618,0.002405688725865265,0.002778493110913353,0.008662600430588512
2018-10-02,0.00017624961262910875,-0.00040902198331456766,0.0005852715959436747,-0.03098417056432309
2018-10-03,0.0004363232600481269,0.0008393847761226397,-0.0004030615160745128,0.0480382319211633
2018-10-04,-0.001585622629923593,-0.0007060741304682388,-0.0008795484994553538,0.08371014761017619
2018-10-05,0.002935309761371141,0.0017982350671024421,0.0011370746942687,-0.0036932167127302546
2018-10-08,0.004628016821285784,0.001130302027066643,0.003497714794219141,0.0711415787465726
2018-10-09,-0.00024262624081436077,0.00026614539680269375,-0.0005087716376170545,-0.002916725978620481
2018-10-10,0.004204107215469821,0.0010078992503881543,0.003196207965081667,0.016360498241845975
2018-10-11,-0.0001703305240718984,-0.00035706694815388436,0.0001867364240819864,-0.02631960994621266
2018-10-12,0.0010381575944001782,0.0010317873605838676,6.3702338163086625e-06,-0.09967732777046567
2018-10-15,-0.0016094508690178157,-0.0010067841757502374,-0.0006026666932675787,-0.047827475991719395
2018-10-16,-0.004606925279645707,-0.0014527902088091946,-0.0031541350708365126,0.035496338871508465
2018-10-17,-0.002442866056837663,-0.0007852749419119546,-0.0016575911149257086,0.03076294132633912
2018-10-18,0.001940948892604407,0.0008155673735932472,0.0011253815190111595,0.0007765074771671003
2018-10-19,0.001734137525886104,0.0010313480154295306,0.0007027895104565716,0.09520182673556142
2018-10-22,4.356493533793184e-05,-0.000300713769075759,0.0003442787044136905,0.004756553956069482
2018-10-23,0.004774497068619052,0.003290614185573175,0.0014838828830458764,0.08094895817760034
2018-10-24,0.00022706613898949108,-0.0005751068176781723,0.0008021729566676638,0.0328263230136409
2018-10-25,0.003977991288633378,0.0016897225640390007,0.0022882687245943806,-0.05062910969050744
2018-10-26,0.0016254843888276725,0.00011897508696166736,0.001506509301866004,-0.032362264256082934
2018-10-29,-0.002762643653261837,-0.0008154163457448449,-0.0019472273075169918,0.07572517117237215
2018-10-30,-0.0017741872785117577,-0.001177385711440597,-0.0005968015670711601,-0.044113893493389345
2018-10-31,0.004265772858544367,0.002520781773400927,0.0017449910851434405,-0.0007614977878862281
2018-11-01,-0.002314519208187779,-0.0001886700180654616,-0.002125849190122317,0.05126292333694703
2018-11-02,-4.107318270510406e-05,0.0001978864119270892,-0.00023895959463219457,0.06068940971877421
2018-11-05,0.002591110592494367,0.0015961769418820666,0.0009949336506122966,0.06606469012768754
2018-11-06,0.003240745728065803,0.0019298286933933531,0.00131091703467245,0.18181548080697457
2018-11-07,0.003411047759230702,0.001749990668006969,0.0016610570912237322,8.436020609845914e-05
2018-11-08,0.00916409387751349,0.004127446255736047,0.0050366476217774455,0.06271406371145297
2018-11-09,4.118660944005693e-06,0.0006491785641714641,-0.0006450599032274589,-0.1004736172966322
2018-11-12,0.0036524786134238202,0.0011474444881631324,0.002505034125260687,0.0007200740928789622
2018-11-13,-0.005398941899328955,-0.002248883448669725,-0.0031500584506592303,0.06241612979631958
2018-11-14,3.4599311991509625e-05,-0.0008052581890251181,0.0008398575010166286,0.06672608852093713
2018-11-15,0.0030251469671786044,0.00171483620286923,0.0013103107643093743,0.017672194268874886
2018-11-16,0.003444933390820576,0.001704236693505615,0.0017406966973149596,-0.034602318195089334
2018-11-19,0.0010409472749779154,-0.0005036439783571,0.001544591253335014,0.0035744773615875108
2018-11-20,-0.0016279836559013848,-0.001743709745363671,0.00011572608946228569,-0.00014514945064392183
2018-11-21,0.0001688096203589075,0.0004797351865280271,-0.0003109255661691199,0.032213040731874164
2018-11-22,-7.026486450574521e-06,-0.0003369951315564876,0.00032996864510591653,0.10138031331620118
2018-11-23,0.001365609006649914,0.001261669040953409,0.00010393996569650621,-0.052897689406475906
2018-11-26,0.0061646468884228416,0.0037773087355733106,0.0023873381528495344,-0.01467699546429579
2018-11-27,-0.0022885158691905833,-0.000960898493114504,-0.001327617376076078,-0.02904609392129834
2018-11-28,-0.0005902098819813241,-0.0007166156087848475,0.0001264057268035232,0.03477718289419517
2018-11-29,-0.0012907161369702523,-0.0007148848740427339,-0.000575831262927518,-0.06276027002700084
2018-11-30,0.0015547744402640154,0.0011420504057626875,0.0004127240345013274,0.0793808611787488
2018-12-03,-0.00295215908113528,-0.00147143088375779,-0.0014807281973774902,0.07130898314636826
2018-12-04,0.0033438303095620144,0.0021078391969367397,0.0012359911126252755,-0.006677399579810412
2018-12-05,0.003292381961141801,0.0024780201873917575,0.0008143617737500436,-0.029481579334854246
2018-12-06,-0.00030197083552621477,-0.0003478800267437878,4.590919121757325e-05,-0.07612357773815212
2018-12-07,-0.0015297625625915507,-0.00034502497092003814,-0.001184737591671512,-0.0631656197572864
2018-12-10,-0.0038778180535376915,-0.0019889498014546043,-0.0018888682520830872,0.031006824005740393
2018-12-11,-0.004177836106808113,-0.0033350984052133263,-0.0008427377015947889,0.01547134357581021
2018-12-12,0.0018825868147032039,0.001489237813861793,0.00039334900084141014,0.05099252434123606
2018-12-13,0.000799183794212191,0.00027982590415155835,0.0005193578900606309,-0.008970007462318049
2018-12-14,0.0025457242913847202,0.0013899623365435394,0.0011557619548411818,-0.005052416086741539
2018-12-17,-0.0004578527652233373,-0.0013226618816076507,0.000864809116384313,-0.04095137525512513
2018-12-18,-0.0002432842829230837,-0.0006606198667006916,0.0004173355837776083,0.04026195771635526
2018-12-19,-0.00208991755355592,-0.0006820967098787592,-0.0014078208436771617,-0.024171681214511083
2018-12-20,0.0018598256077306985,-0.0007819287058988319,0.00264175431362953,0.0031826184271304637
2018-12-21,-0.001137871662860473,-0.0002811911454221605,-0.000856680517438313,0.015129373638790609
2018-12-24,0.00016900668065017964,0.0007757933332504033,-0.0006067866526002288,-0.013784199763648544
2018-12-25,0.0007842328422493745,0.001047063113136962,-0.00026283027088758746,0.0012164533077258907
2018-12-26,-0.0007610303792589343,0.000262193606683136,-0.00102322398594207,-0.0260706348339538
2018-12-27,6.213786250085533e-05,0.0002729774430764685,-0.00021083958057561362,0.03240367295525048
2018-12-28,-0.001557891329338728,-0.0003739300110087809,-0.0011839613183299471,-0.02959421754861578
2018-12-31,0.0020207012811229606,0.0012465633892857937,0.0007741378918371677,0.07955202043507718
2019-01-01,-0.0015366188761786592,-0.0005730039148012928,-0.0009636149613773612,0.015414657500585913
2019-01-02,0.004990362671226528,0.001332057610379213,0.003658305060847315,0.03778599142174311
2019-01-03,0.0008284585013420176,0.000622999053289686,0.0002054594480523318,0.023349668232545646
2019-01-04,0.002384604334814154,0.00038004886578787284,0.0020045554690262812,-0.10476622788985626
2019-01-07,0.0012914711546456073,0.00018841915631029674,0.0011030519983353075,-0.0269621328597458
2019-01-08,-0.0051004717049094525,-0.0024511811971658377,-0.0026492905077436157,0.04172577149495609
2019-01-09,-0.0014333776451150727,-0.0007611107865184595,-0.0006722668585966134,0.030354763129378036
2019-01-10,0.0021529733373773785,0.0012701972759573445,0.000882776061420034,-0.049568873632831904
2019-01-11,0.001730010627659242,0.0013283563138314254,0.0004016543138278157,0.013046852283807945
2019-01-14,-0.0028512680468112403,-0.0012084258019289598,-0.0016428422448822831,0.032574521227437654
2019-01-15,0.000795349843270961,0.0007938317555321282,1.5180877388333916e-06,-0.025797019656565664
2019-01-16,0.0018393446945503147,0.0008472082807865549,0.0009921364137637596,-0.05608823143164636
2019-01-17,-0.0011774591205692291,-0.00028674724850875303,-0.0008907118720604765,0.031047975632977048
2019-01-18,-0.0028383394857777024,-0.0004624316431527378,-0.0023759078426249655,0.009398039138118566
2019-01-21,0.0015418189198391481,0.0001685095412191362,0.0013733093786200135,-0.012736199583718794
2019-01-22,0.00046326019429080887,-0.0008983342840847096,0.0013615944783755187,0.016062114712205772
2019-01-23,-0.0006268628176368312,-0.0003115012106515661,-0.000315361606985266,-0.0030693064817147687
2019-01-24,0.0008350266210552463,0.0004947888990202622,0.00034023772203498385,-0.000452014240105566
2019-01-25,-0.0001695063860227856,-0.0008669943326333508,0.0006974879466105643,0.06169662508699453
2019-01-28,-2.518947554139251e-05,-0.0004723050838060074,0.00044711560826461456,0.09028342067610351
2019-01-29,0.0037633721166646606,0.0011579225419384304,0.002605449574726231,0.04397067838204324
2019-01-30,0.006349252011820201,0.004353213721115523,0.001996038290704681,0.04040112113711498
2019-01-31,0.002476571622087899,0.0012014695723439241,0.001275102049743973,-0.009521718773006931
2019-02-01,0.0020582044005670124,0.00021473117946909683,0.001843473221097916,0.008147749105235358
2019-02-04,-0.0005718135770974018,0.0002629105310899497,-0.0008347241081873515,0.0407001925845413
2019-02-05,0.00040411950783818674,-5.791999749607882e-05,0.0004620395053342649,0.0220840664409148
2019-02-06,0.0019515260201497244,0.001646210121692469,0.00030531589845725175,-0.08331528454255928
2019-02-07,0.0011471748749579081,0.0013565031491609995,-0.00020932827420309138,0.07409666239087306
2019-02-08,-0.004215501047215545,-0.0016813631125815794,-0.0025341379346339662,0.0612174167402484
2019-02-11,0.00511630431374514,0.001893023746752636,0.0032232805669925035,0.053864260006922224
2019-02-12,0.003411017175006704,0.0018713643650779218,0.0015396528099287828,0.0695937195370493
2019-02-13,0.00259522571913998,0.0017966426657135893,0.0007985830534263912,0.06076589321449956
2019-02-14,0.0038874141544939437,0.0015120440326138705,0.002375370121880072,-0.012751829424582669
2019-02-15,0.003921012405041309,0.002043620991478549,0.0018773914135627612,0.037146430874398916
2019-02-18,-0.0006504073826869445,0.00024883319802555814,-0.0008992405807125032,0.0028521082739913087
2019-02-19,0.001725422763741831,0.0013015858530157128,0.00042383691072611814,0.004752680072474835
2019-02-20,0.0001428419808374064,-4.965218698827476e-05,0.00019249416782568052,-0.09495860813448072
2019-02-21,0.00023748250477900843,-0.00043268727129562156,0.000670169776074629,0.029822374131292826
2019-02-22,-0.007015123903313746,-0.0027752162623877266,-0.004239907640926018,0.07113828420818524
2019-02-25,0.0019222184851333357,0.00047089084537749355,0.0014513276397558426,0.09242888214876382
2019-02-26,0.0049402192054764215,0.0028376410838253513,0.00210257812165107,-0.010432629747397807
2019-02-27,0.005703897813742042,0.002932188164039248,0.002771709649702794,0.08350235635396881
2019-02-28,-0.000502679021683874,0.00034766540125178574,-0.0008503444229356616,0.02454261927676451
2019-03-01,0.00435819352050834,0.0020525715311562,0.0023056219893521405,0.094233934757294
2019-03-04,0.0012311669908847604,0.0003587691931855985,0.000872397797699162,0.005254684657136513
2019-03-05,0.004976249064274891,0.0022088248497121937,0.0027674242145626967,0.06114938001816273
2019-03-06,0.0002486493503375128,-3.0541134119294044e-05,0.0002791904844568066,0.025055397606626787
2019-03-07,0.0030589398512383776,0.0013329964100440835,0.0017259434411942944,-0.07068350821023973
2019-03-08,0.0013139972770238534,0.00015498355949947543,0.0011590137175243771,-0.03143083167228446
2019-03-11,-0.003322577580545274,-0.0013589566799441857,-0.0019636209006010873,-0.04777243553589836
2019-03-12,-0.001514485710482131,-0.0009634616933062298,-0.0005510240171759002,-0.011322146791804582
2019-03-13,-0.002352839521148207,-0.0018014393904849935,-0.0005514001306632143,-0.005919195020442563
2019-03-14,-0.0006207645506048926,-0.00027381920342854117,-0.0003469453471763532,-0.009990412029915326
2019-03-15,-0.00028041952975999744,0.0003751968116888233,-0.0006556163414488201,-0.04611873877414081
2019-03-18,-0.00044131995577032976,0.0002688450389713437,-0.0007101649947416737,-0.0922610259966135
2019-03-19,-0.0021881183665330393,-0.0005079853069738568,-0.0016801330595591817,0.09653764320310605
2019-03-20,-0.004098999191910652,-0.00139258523354918,-0.0027064139583614726,0.08213662612130505
2019-03-21,0.005621883405060824,0.0030857128183514396,0.002536170586709385,0.07943121299621875
2019-03-22,0.0058644646651498985,0.004828482806813842,0.0010359818583360564,0.013806758880776522
2019-03-25,0.00378345325067082,0.0019800872806420714,0.0018033659700287482,0.053158916198815166
2019-03-26,0.0006639146898164989,-6.729360110616935e-05,0.000731208290922668,-0.015799891641475387
2019-03-27,0.0022470692397525117,0.0008654764297468128,0.0013815928100056976,0.013334584977041406
2019-03-28,-0.0006494746956094578,0.0006424900715717118,-0.00129196476718117,0.012247242135640598
2019-03-29,0.0006143127036377856,0.001207431766809382,-0.0005931190631715958,0.008293852630044339
2019-04-01,0.0005699120439410256,0.000911969796640837,-0.0003420577526998111,0.00977648715303808
2019-04-02,0.0003532836670502911,-0.0008796578042970604,0.0012329414713473518,-0.0572890228475365
2019-04-03,0.00037797675613923556,-0.0008158142603175642,0.0011937910164568008,-0.05256776583600994
2019-04-04,-0.0025145396034942495,-0.0008267788812419503,-0.0016877607222522996,-0.0929298584686108
2019-04-05,-0.0022830334301164323,-0.000546231533074806,-0.0017368018970416255,0.04589974556733497
2019-04-08,-0.004495108656003336,-0.002475218999992336,-0.002019889656011001,-0.023509265076098528
2019-04-09,0.00203702717729187,0.0011769364637259096,0.0008600907135659606,0.05591661493110171
2019-04-10,-0.001140257091515909,-0.0007065743497390612,-0.00043368274177684797,-0.04060774293054936
2019-04-11,0.0023919262387091266,0.0010240346929236907,0.0013678915457854355,0.008673605305134727
2019-04-12,-0.0019363600958368578,-0.0008844034433560244,-0.001051956652480833,-0.08870822882279057
2019-04-15,0.0004410723817235883,0.0007916043651572929,-0.0003505319834337037,0.00971611757335762
2019-04-16,-0.004355500265297959,-0.0017277895479774871,-0.002627710717320472,0.02756159316226365
2019-04-17,0.0005246346577709707,-0.0003071012813567926,0.0008317359391277635,0.10538884953460315
2019-04-18,0.0014873177483526907,0.00039021671574139376,0.001097101032611297,-0.09436401967959321
2019-04-19,0.006006836339767062,0.002189204762865986,0.0038176315769010774,-0.02791161265622466
2019-04-22,-0.005041518900608854,-0.0031194542761512085,-0.0019220646244576464,-0.04324492529443176
2019-04-23,-0.0013937554742020088,-0.00031389881198208526,-0.0010798566622199236,-0.04073514066627569
2019-04-24,-0.001991468329659441,-0.0008078155802158839,-0.0011836527494435579,-0.008250320072289524
2019-04-25,-0.002318102133399823,-0.000762014113285735,-0.001556088020114088,0.02955124247822424
2019-04-26,-0.00046393694466290527,8.085043483643719e-05,-0.0005447873794993414,-0.09420563157920009
2019-04-29,0.0015080079493784361,0.0007526131087141315,0.0007553948406643042,0.013929257956385752
2019-04-30,-0.004821917534719773,-0.0019657408709885006,-0.00285617666373127,-0.02920651433665063
2019-05-01,0.0007753729644336376,9.49938218425643e-05,0.0006803791425910744,-0.04651550055660561
2019-05-02,-0.00183974210325609,-0.00022565038261006948,-0.00161409172064602,0.16025495183438512
2019-05-03,-0.0027807068158860766,-0.0007009673123761235,-0.0020797395035099565,-0.08379971819781024
2019-05-06,0.011036669413002978,0.0059342993503083055,0.0051023700626946725,0.02364073021409554
2019-05-07,-0.004870547331408905,-0.0031676771850897532,-0.0017028701463191534,-0.011218359812546047
2019-05-08,0.0014002421970419647,0.00023814779719598693,0.0011620943998459769,0.023770190665711954
2019-05-09,-0.0005876206230462143,-0.0005690744874584496,-1.8546135587764467e-05,-0.041453604608312995
2019-05-10,0.0013722351986828762,0.0004506591849838946,0.0009215760136989821,0.08208125641307361
2019-05-13,-0.0024350187000296555,-0.001426805650908241,-0.001008213049121414,0.05056577001496078
2019-05-14,0.004498544242426937,0.0014422367684085312,0.0030563074740184056,0.013519274830257751
2019-05-15,0.002783888619226193,0.0007411910292790076,0.002042697589947186,-0.014617365520200995
2019-05-16,0.0009101108119207349,-0.00011208333998374842,0.0010221941519044826,-0.002418931991497806
2019-05-17,-0.0010488394287078303,-0.00028706701280032873,-0.000761772415907502,0.02582736222367894
2019-05-20,-0.00016748135890688753,-5.3774470662415214e-05,-0.00011370688824447134,-0.025410096867173226
2019-05-21,0.0018442946734097514,-0.00012909238940332635,0.001973387062813081,0.03111757167958504
2019-05-22,-0.0024081849174199506,-0.0011145393512044799,-0.0012936455662154872,-0.06847265019441844
2019-05-23,0.003879215596639745,0.0027719383142596494,0.0011072772823800944,-0.06676512195313011
2019-05-24,-0.004789723804427255,-0.0032196586340159164,-0.0015700651704113402,0.00793773833367441
2019-05-27,-0.004763284409268103,-0.0021837117003485444,-0.0025795727089195607,0.09366388811916476
2019-05-28,0.0006856871296373211,0.001363094796544062,-0.0006774076669067396,0.08598282491853404
2019-05-29,0.00804636032923492,0.0037038978289997623,0.004342462500235157,-0.07258078813033084
2019-05-30,0.006139380650354151,0.004029512305368613,0.0021098683449855367,-0.024969911274289512
2019-05-31,-0.004700111372380581,-0.0025571325649948635,-0.0021429788073857176,0.00910528341338989
2019-06-03,-0.0017192927173900513,-9.849201945857748e-05,-0.0016208006979314725,-0.020023144689358358
2019-06-04,0.000550573049676435,-0.001232179621499754,0.001782752671176189,-0.014215272035825755
2019-06-05,-0.0011898861464112646,-0.0023718025186983543,0.0011819163722870882,0.12737237267411927
2019-06-06,-0.0009846800161037693,-0.0009777729040056013,-6.9071120981679945e-06,-0.02853410103976733
2019-06-07,0.01003119000989095,0.006051801506312676,0.003979388503578273,-0.11501871671093404
2019-06-10,-0.0016547008520517703,-0.0008628528074632984,-0.0007918480445884765,-0.06388791962670347
2019-06-11,-0.008174674200964079,-0.004839666992238163,-0.0033350072087259142,-0.07948860200582913
2019-06-12,-0.005200070093949459,-0.00308619110564373,-0.0021138789883057285,0.08203745434674706
2019-06-13,-0.007252720621800347,-0.003350005794134171,-0.003902714827666175,0.03772839842218612
2019-06-14,0.008477742661195959,0.0032583915833355598,0.005219351077860403,-0.11719719045302072
2019-06-17,0.0030394175957332175,0.0017634240974672018,0.0012759934982660155,0.10188902255867024
2019-06-18,-0.010042960690282047,-0.006020757761059606,-0.004022202929222438,0.0175139144393406
2019-06-19,0.006939432109830705,0.0023383246129287175,0.004601107496901985,0.08315608930082358
2019-06-20,0.0011053338512612004,-4.6813929913243346e-05,0.0011521477811744438,0.01883987443394069
2019-06-21,0.00610465012562461,0.0016940088686382866,0.004410641256986324,0.06271643332622294
2019-06-24,0.0013299701039062302,-0.0005932794060616274,0.001923249509967858,-0.05469811894222921
2019-06-25,0.004485623213096371,0.0023314215686825327,0.002154201644413838,0.10271363273026901
2019-06-26,-0.005315256177079333,-0.0034615816528702423,-0.0018536745242090855,0.025803244535878043
2019-06-27,0.008287581847874962,0.004451106573779291,0.003836475274095672,-0.026878746470650944
2019-06-28,0.0017601450970692852,5.9491536150660385e-05,0.0017006535609186257,0.08553803842360978
2019-07-01,-0.0018141042552155156,-0.0007228342369731515,-0.0010912700182423643,-0.12841741466001755
2019-07-02,0.006246621773973112,0.004578934103892226,0.0016676876700808876,0.06692613861004394
2019-07-03,-0.010521154840518085,-0.006485714103135552,-0.004035440737382531,0.03578896431957237
2019-07-04,0.004781091662380897,0.00250611573547464,0.002274975926906257,0.07270941451858128
2019-07-05,0.00233828060889342,0.001328535881078053,0.0010097447278153704,-0.02635685985185372
2019-07-08,0.004785461454967181,0.002893383151061678,0.0018920783039055016,-0.09913453513500775
2019-07-09,-0.0016684588550396398,-0.0012122702756228194,-0.0004561885794168181,0.05723551566699906
2019-07-10,-0.008172114742591698,-0.00391886203730854,-0.00425325270528315,0.04077566698522868
2019-07-11,0.0038018845793896293,0.0019339605326178892,0.0018679240467717427,-0.07473081911818495
2019-07-12,0.002222944934345679,0.0018539568694553657,0.0003689880648903125,0.03517790795386545
2019-07-15,-0.004950408208572055,-0.0030148478142027063,-0.001935560394369349,-0.0735072491599033
2019-07-16,0.002207070093873529,0.0002458436479146203,0.0019612264459589078,0.06696818091619723
2019-07-17,-0.005979613181364361,-0.0035760635923815197,-0.002403549588982843,0.10702057886959367
2019-07-18,0.004707235470937511,0.0020205364981418584,0.0026866989727956526,0.09374830756988123
2019-07-19,0.006237460108376225,0.0028073867935139237,0.0034300733148623,-0.0891752865172568
2019-07-22,0.005800846583217192,0.003979990050499201,0.0018208565327179904,0.004279861502259735
2019-07-23,-0.005551806534013165,-0.0033962439855575828,-0.0021555625484555824,0.04593457424112742
2019-07-24,0.00024133690178090297,0.0013109874579608355,-0.0010696505561799338,-0.036115371552207925
2019-07-25,0.002817923173151127,0.0017596650245318025,0.0010582581486193263,-0.07690078898890768
2019-07-26,-0.0024457538928543336,-0.0011791310670734353,-0.001266622825780897,-0.016658935701560608
2019-07-29,-0.00529262986666897,-0.0027809518309020384,-0.0025116780357669274,0.10631952422246288
2019-07-30,-0.0011318612181522372,-0.002468352871396469,0.0013364916532442317,-0.0034657825127609987
2019-07-31,0.005528652029953483,0.003865674098162235,0.0016629779317912444,0.04464346600544296
2019-08-01,-0.00020452944458573428,0.0003721996677207972,-0.0005767291123065302,0.09379088625266933
2019-08-02,0.0027449654826293005,0.0018463997768792756,0.000898565705750024,0.0483432412424926
2019-08-05,0.005943645977861313,0.0035222917449608242,0.0024213542329004894,-0.09706298925980125
2019-08-06,0.0029571951363632073,0.0017818845975401572,0.0011753105388230493,-0.004347730862224205
2019-08-07,-0.00588554605259657,-0.002774934932966827,-0.0031106111196297433,-0.06173349387018789
2019-08-08,-0.0002653306147891364,0.0005696618964572443,-0.00083499251124638,0.05190918262328734
2019-08-09,-0.004100544309372392,-0.002693302870715995,-0.0014072414386563968,0.017520592203973912
2019-08-12,0.0036439438451706793,0.0012904344996122821,0.002353509345558398,0.024433860013238943
2019-08-13,0.0012557720368903894,0.0005074630769713465,0.0007483089599190423,0.05498782778188301
2019-08-14,0.0020339848347235194,0.00048634553006635453,0.0015476393046571675,-0.007061645491947726
2019-08-15,0.004159133617067419,0.002465711986064717,0.001693421631002701,-0.020541160227360817
2019-08-16,-0.0005102622000137998,0.00024918597241311777,-0.0007594481724269159,0.046004810404867716
2019-08-19,-0.001200049237102329,0.00022924147489401803,-0.0014292907119963436,0.03129387738874652
2019-08-20,0.002584398610651319,0.001352544726254892,0.001231853884396427,0.0655169325175743
2019-08-21,0.0017579810673244887,0.0012927487876086483,0.00046523227971584195,0.03300291629414889
2019-08-22,0.0036361814832247125,0.0017935821220138389,0.0018425993612108732,-0.012075517133360417
2019-08-23,0.0018416155194735328,0.0004962136103451021,0.0013454019091284305,0.0009021594196159159
2019-08-26,-0.0007136797922614366,0.0005643656332046205,-0.0012780454254660558,-0.06477525937109248
2019-08-27,5.176472704635383e-05,0.000309357416202383,-0.00025759268915603005,0.09904877507551786
2019-08-28,-0.0037774661218141245,-0.0016402430740057293,-0.0021372230478083954,0.023244037561795345
2019-08-29,0.007700878269889452,0.0027288712228480047,0.0049720070470414485,0.06975040436749594
2019-08-30,0.0014405450390639245,0.0008990077490684499,0.0005415372899954772,0.08187360669738668
2019-09-02,0.004634832413188041,0.0006378065404825505,0.003997025872705494,-0.04903303458105941
2019-09-03,0.0055566209223542025,0.0021145169557614113,0.0034421039665927904,0.02917435290823382
2019-09-04,-0.0030535279870743193,-0.0013923295080068634,-0.001661198479067455,-0.05496171553110128
2019-09-05,0.0019497731502339669,0.0025462169225829922,-0.0005964437723490249,0.0569169034114543
2019-09-06,-0.0030550540641703433,-0.0009538643678001779,-0.0021011896963701662,0.08543140946029339
2019-09-09,0.0037581818581155376,0.0011117468178500154,0.0026464350402655218,0.01594114362173117
2019-09-10,0.005524950383193508,0.003293631130188935,0.002231319253004572,-0.01941180929455922
2019-09-11,0.0010095466426486227,0.0014768487376707658,-0.00046730209502214223,0.07393368128032288
2019-09-12,-0.0010905617034234318,-0.000860221765704574,-0.00023033993771886044,-0.017345295305008987
2019-09-13,0.004753730823169631,0.002761238852997918,0.0019924919701717132,-0.006223239101311466
2019-09-16,-0.0010244529807994524,-0.0007574738089767763,-0.0002669791718226761,-0.08960707587925827
2019-09-17,-0.00037935643328494413,0.0003043060894490643,-0.0006836625227340087,0.09016125096559642
2019-09-18,-0.005250269707733538,-0.0010282063838531646,-0.004222063323880373,-0.05160337833130194
2019-09-19,0.005713159600496242,0.002810251659654511,0.0029029079408417306,-0.0248278560218741
2019-09-20,-0.0028960562070037173,-0.0015889100241290996,-0.0013071461828746177,-0.06627625093465633
2019-09-23,-0.0014477420203745004,-0.0013920456477475704,-5.569637262693001e-05,0.0057915667214256715
2019-09-24,-0.0039242568109761275,-0.0016353667880465313,-0.0022888900229295953,-0.006281134321877153
2019-09-25,0.0003453981254139518,0.0006924372759754936,-0.00034703915056154245,0.07581113480248282
2019-09-26,-0.000434189933735265,-0.0012350465583377702,0.0008008566246025051,0.017072890264372788
2019-09-27,0.0043125893358152085,0.0022997843040551275,0.00201280503176008,0.04684290758688432
2019-09-30,0.0010740576827965274,0.00032383852527155966,0.0007502191575249678,-0.004659223362374604
2019-10-01,0.002882376599354498,0.001955190097886931,0.0009271865014675671,-0.021515645960436595
2019-10-02,-0.0002464437675608683,-0.0007142367910530703,0.00046779302349220274,-0.011835569253796661
2019-10-03,-0.0012796938724767358,-0.0006884171354638812,-0.0005912767370128539,0.0049467990937001344
2019-10-04,-0.0007576292071119236,-0.0003224830044979951,-0.0004351462026139293,0.029409270021286824
2019-10-07,0.00029231327988035304,0.0013481695593415628,-0.0010558562794612094,0.008969116393967677
2019-10-08,0.002079646041528968,-0.00011639843193188455,0.0021960444734608533,0.06266123167713586
2019-10-09,0.0005125140039801793,0.0005967158898386345,-8.420188585845853e-05,0.052428566145676245
2019-10-10,0.004057130225801759,0.001141328850797924,0.002915801375003835,0.036989756538565
2019-10-11,0.0034422860839331514,0.0009828092626619263,0.002459476821271225,0.05152622485533396
2019-10-14,0.002332532282487847,0.0004028962248483741,0.0019296360576394733,-0.01078798931152455
2019-10-15,0.0034675205961860306,0.0006453526283761515,0.0028221679678098813,0.005013959814366794
2019-10-16,-0.0007623046556896045,-0.0003649409483373559,-0.0003973637073522492,-0.030507802692676774
2019-10-17,0.0003523536353641589,-0.0003086887702212389,0.0006610424055854026,-0.01787895527860826
2019-10-18,-0.002107520544628241,-0.0016118228960122355,-0.0004956976486160045,-0.002379247214567805
2019-10-21,-0.0015460642869371312,-0.0011167610092355264,-0.00042930327770160717,-0.012266118036739278
2019-10-22,-0.0001720029648874411,-0.000868764602748956,0.0006967616378615246,0.014787402073965476
2019-10-23,-0.0011010872275004587,-0.0011904450013489037,8.935777384844364e-05,0.026649587408263998
2019-10-24,0.0013883886790415374,-0.00017268014621147493,0.001561068825253014,0.05791934221995428
2019-10-25,0.001999407508171169,-0.0005197284540828725,0.002519135962254039,0.12904411164874702
2019-10-28,0.004342784223618423,0.0019024986861882675,0.0024402855374301554,0.035576465425830775
2019-10-29,0.009467855073896452,0.004274486737616809,0.00519336833627964,0.0742658616780995
2019-10-30,0.0026786927767797532,0.0012993588505136704,0.0013793339262660829,0.011811902866051695
2019-10-31,0.004608294670324914,0.0023513477283871103,0.002256946941937804,-0.03066688592919878
2019-11-01,0.0008177375441492007,-0.0008821727018313236,0.0016999102459805248,-0.008615956401733628
2019-11-04,-0.0024877243382803783,-0.00370498336009821,0.0012172590218178306,0.07645045439496778
2019-11-05,-0.0006762182441890978,-0.0012292747043391337,0.0005530564601500356,0.08012965673632846
2019-11-06,0.004857531634539903,0.0033635016988742064,0.0014940299356656986,0.018741808323849883
2019-11-07,0.00462564907555286,0.002782221602478027,0.001843427473074831,-0.03805055358258358
2019-11-08,0.0013505633538172818,-1.7752735175938575e-05,0.0013683160889932195,0.07254058630891826
2019-11-11,-0.0024444006741042926,-0.0013025366872038962,-0.0011418639869003964,0.0479863769928126
2019-11-12,0.0050725013153694685,0.0017778371743312066,0.00329466414103826,0.01793343728040704
2019-11-13,0.003757379719541643,0.002623483287540916,0.0011338964320007283,-0.008751732246119477
2019-11-14,0.001270159799199325,-0.000899642014623888,0.0021698018138232127,0.014337684153716317
2019-11-15,-0.0006383257838396554,-0.0018646638823630723,0.001226338098523417,-0.06961924525238465
2019-11-18,0.0010597426078484357,9.902517910691765e-05,0.0009607174287415161,0.0026234476632001932
2019-11-19,-0.005630846994416808,-0.0021877229066433555,-0.0034431240877734522,-0.018256232470317737
2019-11-20,0.00019492368414007744,-0.0002450560928947028,0.00043997977703478033,-0.003783806356529312
2019-11-21,-0.0014173890370264449,-0.00119089505876579,-0.00022649397826065426,0.045851824679050024
2019-11-22,-0.0002536342982500888,-0.0007664770941876011,0.0005128427959375133,0.10640032849810033
2019-11-25,0.002729988831731214,0.0013404098086997659,0.0013895790230314484,0.02142050459924674
2019-11-26,0.0064805009558906584,0.004247268973411936,0.002233231982478722,0.03653069373150871
2019-11-27,0.0013769632373485542,0.0006479862820646387,0.0007289769552839154,-0.02810669401810811
2019-11-28,0.0025528305671876214,0.0013594335151512343,0.001193397052036388,0.018690993915654156
2019-11-29,-0.0017562338015348644,-0.0008086320898454628,-0.0009476017116893994,0.058450888165130686
2019-12-02,0.0011570141713010892,0.0019356102355782305,-0.0007785960642771412,0.036441990591983844
2019-12-03,0.003710287159312818,0.0025248940240358148,0.0011853931352770047,-0.02068316850506124
2019-12-04,0.0028702011867395684,0.0014034821186890457,0.0014667190680505231,-0.061927602135286565
2019-12-05,-0.0015087213620037635,-0.00046561186634706125,-0.0010431094956567036,0.05701624721465786
2019-12-06,-0.003935439268535218,-0.0022114642324323093,-0.0017239750361029097,0.0021131649654619476
2019-12-09,0.0036342373149871043,0.0019233366048045791,0.0017109007101825235,-0.03454070235521407
2019-12-10,0.00012967791179578373,-0.0004729676779763204,0.0006026455897721042,-0.03762320120321473
2019-12-11,-0.0019582378137668888,-0.0027037095381714812,0.0007454717244045925,0.05156256352067476
2019-12-12,-0.002593359566594482,-0.001037289287484016,-0.0015560702791104662,-0.04505206435690595
2019-12-13,0.0032612100691326246,0.0017893889399699173,0.0014718211291627082,-0.058794776634330664
2019-12-16,-0.002838133318265112,-0.0010193807050635326,-0.001818752613201579,-0.14330768971228666
2019-12-17,-0.0047864146124051415,-0.0022424230130176116,-0.002543991599387528,-0.006576969543031263
2019-12-18,-0.011195601218281148,-0.005462115089671607,-0.005733486128609541,0.07076320279112519
2019-12-19,-0.0005828142376518991,-0.000520205886745638,-6.26083509062611e-05,0.031605864362245405
2019-12-20,0.006863857169345646,0.004089861793148061,0.0027739953761975744,-0.035130400528650504
2019-12-23,0.001961605849748432,0.000511137310186812,0.001450468539561621,0.046196481216524955
2019-12-24,-0.0028525608652634035,-0.0029592053743119906,0.0001066445090485875,0.008015127139778047
2019-12-25,0.002876609932410919,0.0008730456854773071,0.002003564246933612,0.011597053560890698
2019-12-26,0.00038217383394752137,0.0004900354231702868,-0.00010786158922276509,0.03261771680861152
2019-12-27,0.0006487621340271802,-0.00029208465429508335,0.0009408467883222635,0.001991154040979206
2019-12-30,0.001954896906991778,0.0012204791964530587,0.0007344177105387192,0.02481315745111316
2019-12-31,0.00011218966060426417,0.0004753498217308103,-0.00036316016112654647,0.0008760657434696405
2020-01-01,0.001266255783426823,0.00022840191230439656,0.001037853871122426,0.08473424174688438
2020-01-02,4.0044759981844313e-05,-0.00031499347466017267,0.0003550382346420161,0.10682742809600838
2020-01-03,0.004386358699316318,0.0023112299621205756,0.0020751287371957375,-0.017155652438228218
2020-01-06,0.005474715447868505,0.002732808657415966,0.002741906790452539,0.013351892961629669
2020-01-07,-0.0010574828000514706,-6.501296486124963e-05,-0.0009924698351902236,0.005172461653308312
2020-01-08,0.0007679222384794776,-8.069126132729046e-05,0.0008486134998067704,-0.04181805737158669
2020-01-09,0.00026493225112236786,0.0008194912425409768,-0.0005545589914186088,-0.0629290103251374
2020-01-10,-0.002715937443307441,-0.002160564711700598,-0.000555372731606843,-0.009694456727789248
2020-01-13,-0.0038246207487613493,-0.00308311677343321,-0.0007415039753281352,0.009089727865890235
2020-01-14,-0.0005219785959666083,-0.0016875419527714527,0.0011655633568048442,0.01560910949478899
2020-01-15,0.0005044143238564258,-0.0006492512129837105,0.0011536655368401365,-0.06428407109334641
2020-01-16,0.0008937842431438064,0.001127637064093771,-0.00023385282094996393,-0.004023384394925562
2020-01-17,-0.003297962883304184,-0.0017802486758207183,-0.0015177142074834658,-0.022113275484816605
2020-01-20,-0.00022400810034714697,-0.0008171149152264457,0.000593106814879299,-0.0035288527685527157
2020-01-21,-0.0012531473101406497,-0.0009779260835527,-0.00027522122658794716,0.01467874682604501
2020-01-22,-0.00018482846569937977,-0.00029082752738061705,0.00010599906168123722,0.051772049375009885
2020-01-23,0.0007438582869765053,6.324777864384276e-05,0.0006806105083326632,-0.04375363008591868
2020-01-24,0.0027135862296587127,0.0023005285640150686,0.00041305766564364403,0.02045842816411281
2020-01-27,-0.0026129312424080097,-0.0014845601111689258,-0.0011283711312390847,0.002602646595358011
2020-01-28,0.0011939428067932814,0.001252939079299107,-5.8996272505824725e-05,0.06511450437335736
2020-01-29,0.00016673920787564655,0.0005709305809868914,-0.0004041913731112453,0.009996373439136778
2020-01-30,0.003929006122718065,0.002011457049052356,0.0019175490736657104,-0.06855158385868548
2020-01-31,0.0006849681151861627,0.0010009214587116712,-0.0003159533435255109,0.034044796374797376
2020-02-03,-0.0051152765080834765,-0.0032795952119573537,-0.0018356812961261234,0.03506256154966365
2020-02-04,0.0019553594992667714,0.0009686193887518298,0.0009867401105149443,-0.029283034669022098
2020-02-05,0.001801355899867075,0.001685429791398769,0.00011592610846830565,0.12372154838234654
2020-02-06,-0.0017049387300371406,-0.000694561076577966,-0.0010103776534591755,-0.045155013915640356
2020-02-07,0.007485235618837214,0.0037986589012386513,0.0036865767175985626,0.1056234070554016
2020-02-10,-0.002615069247946073,-0.000434802086272109,-0.002180267161673962,0.0834737559148992
2020-02-11,0.006075662265176286,0.0027847402565482062,0.003290922008628079,-0.054670019138456726
2020-02-12,0.00539023124474843,0.0014766231782763033,0.003913608066472124,0.04159191500133307
2020-02-13,-0.0030879667011727632,-0.00149849007427309,-0.001589476626899673,0.05805578368557651
2020-02-14,0.0023105238213826473,0.002171863585059319,0.00013866023632332883,0.02781425413127762
2020-02-17,0.003820348576212968,0.0019366919315016873,0.00188365664471128,0.06785691503321231
2020-02-18,0.0016747493760394232,0.0011429127036815317,0.0005318366723578915,0.07159350448064015
2020-02-19,0.003911325999768421,0.0020528787146708856,0.0018584472850975372,-0.03727335652678348
2020-02-20,0.004295149724356417,0.002810882031460164,0.0014842676928962526,-0.070024193575289
2020-02-21,-0.0020942062734500277,-0.000551955623159967,-0.0015422506502900599,-0.015050210230310255
2020-02-24,-0.004219482691065514,-0.00271019220901569,-0.0015092904820498262,0.051353835153994276
2020-02-25,-0.0008226110385168039,-0.00108032952557423,0.0002577184870574266,0.14570339345905084
2020-02-26,0.0028581421363014247,0.0013856087732697399,0.0014725333630316861,0.07503174238123535
2020-02-27,0.008011449305231951,0.0053909331843930925,0.0026205161208388587,-0.07543994003137404
2020-02-28,0.0038460971512519018,0.002424070207489189,0.0014220269437627137,0.03905007627555697
2020-03-02,-0.003950130622256234,-0.001942551894602471,-0.002007578727653763,0.027218217875645847
2020-03-03,0.0019667001160458024,-0.0007218537866256099,0.0026885539026714114,0.08579181053169958
2020-03-04,0.001564959580513422,0.0011753398632759807,0.00038961971723744165,0.03891307177884391
2020-03-05,0.00475871494067684,0.003654960964818312,0.0011037539758585275,0.016781745600761754
2020-03-06,0.002211105067309675,0.000636258623930539,0.0015748464433791361,0.0029907041405768066
2020-03-09,0.0009562916553265841,0.0010803370528383541,-0.00012404539751177017,-0.004230321554149442
2020-03-10,0.00017600114245046403,-0.0006088911651115617,0.0007848923075620261,-0.050251026304665755
2020-03-11,-0.0002609769619396811,0.00010932283595483511,-0.00037029979789451536,-0.0360584734454573
2020-03-12,-0.0029460805702690353,-0.001687429595076794,-0.0012586509751922412,0.016549551230292968
2020-03-13,-0.002203251837625382,-0.0011061039297446534,-0.0010971479078807286,0.03795267465043516
2020-03-16,0.0011136076897383393,-0.0006705353810531958,0.001784143070791536,0.010901739284534027
2020-03-17,0.002283793530345125,0.00047773440587400997,0.001806059124471116,-0.1312542924208388
2020-03-18,0.0007135009350104347,0.001068194650316599,-0.00035469371530616293,-0.09829983037445271
2020-03-19,-0.008268597402576528,-0.0028415029038416396,-0.005427094498734889,-0.044213618614157534
2020-03-20,-0.006261741504027003,-0.0028132691485014526,-0.0034484723555255497,0.0414741392316181
2020-03-23,-0.0028123550840544807,-0.0017319762165285656,-0.0010803788675259138,-0.06149374479868263
2020-03-24,0.002764223787501817,0.001344387034830155,0.0014198367526716618,-0.01953008813951824
2020-03-25,-0.004329471248717087,-0.0021675041239983856,-0.0021619671247187023,-0.04563484357495736
2020-03-26,-0.0014650240091133547,0.00021567800196087283,-0.0016807020110742275,0.008063443458372824
2020-03-27,-0.0033201571978905566,-0.0007401664660425418,-0.0025799907318480152,0.03530917488432733
2020-03-30,0.0006050570849229838,0.0007296469234219834,-0.000124589838498999,-0.027083520841169065
2020-03-31,0.003179827933706946,0.0012972057489065957,0.0018826221848003502,0.04273202108543029
2020-04-01,-0.001733828679865762,-0.0011786437961989991,-0.0005551848836667633,-0.009641051839757662
2020-04-02,0.00260339290497048,0.001999850157437791,0.0006035427475326906,0.003899092646575832
2020-04-03,-0.0008270928569624437,-0.0002665809594292502,-0.0005605118975331898,0.010001480938715277
2020-04-06,0.0002919842077740429,-0.000704687043452736,0.0009966712512267792,-0.036712698472182954
2020-04-07,0.0007426519020400568,0.00024507842422839647,0.0004975734778116612,0.034791190947878685
2020-04-08,-0.0029731749979745453,-0.0008514674246572138,-0.002121707573317328,-0.0396094102303415
2020-04-09,0.0027258885203113067,0.0009723298832252283,0.001753558637086078,-0.010787036370547527
2020-04-10,-0.003389159779039124,-0.0031828600386165397,-0.00020629974042258442,-0.05407111499459574
2020-04-13,-0.0007691674007204547,2.4674546835563513e-05,-0.0007938419475560198,0.0440799514261606
2020-04-14,-0.004137165133382023,-0.0015565858199935133,-0.002580579313388509,0.05541229535942314
2020-04-15,0.0036786915365429372,0.0023697802188163836,0.0013089113177265524,-0.05248583018921389
2020-04-16,0.0038897506641139825,0.002260988088905364,0.0016287625752086175,0.08329968969313561
2020-04-17,-0.003583049017163195,-0.0021717369182281763,-0.0014113120989350178,-0.08484370191291413
2020-04-20,0.006169185696112835,0.0046208253451213675,0.001548360350991468,0.019592116389882477
2020-04-21,-0.005904930634965741,-0.003935753815789708,-0.001969176819176033,0.04720819549503767
2020-04-22,0.0012585282286628329,0.00011956360005866383,0.0011389646286041697,-0.03353616196719667
2020-04-23,0.0035842054130173287,0.0015487181383126367,0.002035487274704692,0.015314055641899922
2020-04-24,-0.002727588433291863,-0.0013434550241843129,-0.0013841334091075509,0.030866044822123524
2020-04-27,0.001263713984941062,5.538141393450838e-05,0.0012083325710065557,0.005986316740938814
2020-04-28,0.0022854739325307138,0.0019313525504831921,0.00035412138204752143,0.05994093539770041
2020-04-29,0.0004570074995902738,0.0011026079517118485,-0.0006456004521215742,0.02973796035672284
2020-04-30,0.004862397389512534,0.0023428286495820877,0.0025195687399304466,0.023883603619346577
2020-05-01,0.0027349514276649423,-3.352096403042232e-05,0.0027684723916953646,0.03287730444491525
2020-05-04,0.0018665402779404982,0.001958779769335654,-9.223949139515637e-05,0.0031138149869876395
2020-05-05,0.0025576658217047765,0.0017886105611952547,0.0007690552605095213,0.05158559250723906
2020-05-06,0.00022720769519354715,-1.4951720206764912e-05,0.0002421594154003101,-0.07770377631129698
2020-05-07,0.004125166238193166,0.0029972755390990074,0.0011278906990941605,0.0042846719791019335
2020-05-08,-0.005617817454936442,-0.004439764588210243,-0.0011780528667261975,0.06625225978177904
2020-05-11,0.0002649415842211193,-0.0005897060911786607,0.0008546476753997813,0.05207709193687737
2020-05-12,0.004023195837062458,0.00183969050236262,0.002183505334699838,0.07831030231128715
2020-05-13,0.004090594891400226,0.001563455484810742,0.0025271394065894855,0.07148589848120859
2020-05-14,0.005869454270936858,0.004290950486698957,0.0015785037842379057,-0.02651914539146454
2020-05-15,0.005845788884571571,0.0027302067724753708,0.003115582112096199,0.024306547862446484
2020-05-18,-0.0017855443495212698,-0.0007645370400552326,-0.001021007309466037,-0.0006542981554644335
2020-05-19,0.001642538098749115,0.0010890631842496623,0.0005534749144994521,0.10651212671026448
2020-05-20,-3.6650059008109756e-05,0.0006785999325996904,-0.0007152499916078005,-0.050199516755566484
2020-05-21,0.006996795942350625,0.004417561023245872,0.0025792349191047547,0.0517311660176045
2020-05-22,-0.0031787553188834783,-0.002960917340132506,-0.0002178379787509746,-0.12396763508510816
2020-05-25,0.0033795600989525564,0.00044251350029025265,0.0029370465986623025,0.04668034469400799
2020-05-26,-0.007062675862622212,-0.0032838295099777808,-0.003778846352644428,0.038608354913682044
2020-05-27,0.003180186588735829,0.0021882449119524578,0.0009919416767833703,0.025158956655467257
2020-05-28,0.0026584786167819173,0.002310444455958318,0.0003480341608235989,0.0750441403165997
2020-05-29,0.0018441197290072397,0.0016738583602539173,0.00017026136875332096,-0.046568937612058825
2020-06-01,0.005769077419956232,0.003754433063022665,0.002014644356933569,-0.1265564853886044
2020-06-02,-0.003125526650455265,-0.0013111509399197883,-0.0018143757105354794,-0.02168166952317284
2020-06-03,-0.007583560214643104,-0.004400102768397581,-0.003183457446245524,0.033401240258966486
2020-06-04,-0.0014090424264981449,-0.0010790204787276107,-0.0003300219477705346,0.027135005156348636
2020-06-05,0.002268967274153779,0.0002889056610385656,0.001980061613115214,0.010025383722494105
2020-06-08,0.001758232455498346,0.0011031473157173104,0.0006550851397810371,0.006938466255605088
2020-06-09,0.0006281820725847517,0.0009416162008229535,-0.00031343412823820263,0.030588237829038318
2020-06-10,0.00043282726364267713,-0.0002828099523824774,0.000715637216025154,0.02945541064352573
2020-06-11,0.001725819987471724,0.0012419022515498214,0.00048391773592190365,0.10788783112185338
2020-06-12,0.0018842567177246394,0.0002182072909520591,0.0016660494267725819,-0.0008285673096894491
2020-06-15,0.008147503923920241,0.004010958912810339,0.004136545011109901,0.059537791077419605
2020-06-16,-5.396652568507134e-05,0.0006085780259749273,-0.0006625445516599982,-0.06647312501832958
2020-06-17,0.00403444664926002,0.0024554157266167553,0.0015790309226432642,-0.07804634518462912
2020-06-18,-0.004018515297249193,-0.0021133181898820123,-0.001905197107367182,-0.0572398480032376
2020-06-19,-0.0049415819304362806,-0.002645707532042958,-0.002295874398393324,0.06893773507361267
2020-06-22,-0.0036678988953969165,-0.0020382416833013544,-0.0016296572120955612,-0.053183948290499036
2020-06-23,0.004340540481329615,0.001690269228397372,0.002650271252932242,-0.030390398019617848
2020-06-24,-0.0031013247963585996,-0.0008337813054989161,-0.002267543490859684,-0.0413685492067588
2020-06-25,-0.0018215327519562048,-0.0017010233865460838,-0.00012050936541012098,-0.07694142117290399
2020-06-26,-0.0024908736209574805,-0.0016119110479599751,-0.0008789625729975041,-0.049988705764182344
2020-06-29,-0.004480032880754788,-0.00242565949837149,-0.0020543733823832977,0.06905370678914599
2020-06-30,-0.0030916986956826204,-0.0008356963553866675,-0.0022560023402959537,-0.05178580654649347
2020-07-01,0.003851040090305914,0.0014624071044888431,0.0023886329858170702,0.02496441268125318
2020-07-02,-0.003667944241054128,-0.0015346659996894642,-0.0021332782413646615,0.0011437169989097936
2020-07-03,0.0016286204543739784,0.0005291721814893917,0.0010994482728845876,0.048084017532468035
2020-07-06,6.448277332040233e-05,-0.00032999840035703373,0.0003944811736774356,0.05959560504657249
2020-07-07,0.002998549719053241,0.0007651286627327635,0.002233421056320478,0.00326760293905255
2020-07-08,0.0036237528923851407,0.0013047372915105729,0.002319015600874566,0.022043106621347452
2020-07-09,0.0002093609697696408,0.0005895759360736112,-0.0003802149663039711,0.037320794159650325
2020-07-10,0.001204546555168298,0.0003162214765561923,0.0008883250786121048,0.06139768936703868
2020-07-13,0.00228808013952965,0.0005080121995486673,0.0017800679399809826,-0.045722130728284696
2020-07-14,0.0033457254186011025,0.0012537509479523205,0.0020919744706487825,0.05528386309840382
2020-07-15,-0.002835572525326686,-0.0006877989689666516,-0.002147773556360035,-0.006925605443045213
2020-07-16,0.003804778905547553,0.002382593596597012,0.0014221853089505412,-0.01828637050494769
2020-07-17,-0.0004932273604899783,-0.00030985860251414067,-0.00018336875797583807,0.023047425981341352
2020-07-20,-0.0013796281813170431,2.8123692953122524e-06,-0.0013824405506123543,0.00258869638470525
2020-07-21,0.0015923526493555004,0.0011951814343622255,0.00039717121499327577,-0.028939004779245003
2020-07-22,0.00015351629295480129,-0.00106245757981415,0.0012159738727689504,0.006210228268914892
2020-07-23,-0.0022089256856455113,-0.0027430488375806313,0.0005341231519351208,-0.10804548448196227
2020-07-24,0.0004761740825510461,0.00078799245454814,-0.0003118183719970939,0.00011525933301119128
2020-07-27,-0.008887339626499412,-0.004672974611774324,-0.004214365014725089,-0.06882434021215696
2020-07-28,1.889715706375212e-05,0.0009109638137472214,-0.0008920666566834684,0.00567151061580435
2020-07-29,-0.004157458567769581,-0.0024017110765899834,-0.0017557474911795955,0.03121718298565309
2020-07-30,0.00039731144597374016,0.0010847931964117381,-0.0006874817504379975,-0.050219360315884976
2020-07-31,0.001906786156826407,0.0013906506377024275,0.0005161355191239791,-0.020817052467849786
2020-08-03,-0.0036641518911613717,-0.0031230163489359888,-0.0005411355422253825,-0.020668870342649866
2020-08-04,-0.001314165520064855,-0.0012489902411124375,-6.517527895241737e-05,0.011221084903031118
2020-08-05,-0.0012812727592462114,-0.0005822804401830874,-0.0006989923190631241,-0.03805755923757937
2020-08-06,0.0007588924279943825,0.0010337311815791271,-0.0002748387535847444,-0.016147141167060976
2020-08-07,-0.002140614356893125,-0.000223425446657729,-0.0019171889102353962,-0.07070719951169441
2020-08-10,-0.0010907376505430002,-0.000852585200264341,-0.00023815245027865826,-0.024131640084965038
2020-08-11,-0.003987433039285009,-0.0014970511469635196,-0.0024903818923214865,0.034392823650126546
2020-08-12,-0.001333383539025872,-0.0006376347823715484,-0.0006957487566543229,-0.03233685569124311
2020-08-13,0.002090395667528374,0.00041732376653859805,0.0016730719009897758,-0.1076198458667568
2020-08-14,-0.0020225748336031813,-0.0011673058084450158,-0.0008552690251581653,0.03590858147583641
2020-08-17,-0.007204817454100892,-0.004440678418116953,-0.0027641390359839403,0.03333086939480389
2020-08-18,0.00215835106793904,0.000644380155356011,0.0015139709125830299,0.09381258456867275
2020-08-19,0.002200107145910968,0.003140492829884856,-0.0009403856839738881,0.012581352759243276
2020-08-20,0.0062016547802110095,0.0031469065757057796,0.003054748204505231,0.06102725149062329
2020-08-21,0.0008403664196353694,0.0006493042441116318,0.00019106217552373734,0.027903767205321468
2020-08-24,0.004182608463340461,0.002308267918142622,0.0018743405451978386,0.015227266557299158
2020-08-25,0.0019262585258802973,0.0023613969790641327,-0.0004351384531838349,-0.048119173104167155
2020-08-26,0.0009763359854559101,0.0016132598322527321,-0.0006369238467968225,-0.03315413418649258
2020-08-27,-0.003473574514176938,-0.0024050666555831372,-0.0010685078585938017,0.002915280010945661
2020-08-28,-0.0023647555794772865,-0.0006491191651971356,-0.0017156364142801505,-0.017896896665566757
2020-08-31,0.00022397778343187513,0.00014156022998654347,8.241755344533166e-05,-0.05160777141885258
2020-09-01,-0.0013139540348700873,0.0003875821759483627,-0.0017015362108184495,-0.010621399257934466
2020-09-02,-0.0035484757389704145,-0.0034570202718006374,-9.145546716977752e-05,-0.007925970102725277
2020-09-03,-0.0007317300728386713,-0.0005663637999551267,-0.000165366272883544,0.04108032292867288
2020-09-04,-0.0006509190560728445,-0.0009132033795432974,0.00026228432347045333,-0.036993167318677314
2020-09-07,0.002785244987898471,0.0015633823718209927,0.0012218626160774779,0.09499818696728869
2020-09-08,-0.002377360007774118,-0.0016941597160019862,-0.0006832002917721322,-0.015616236022094004
2020-09-09,0.006886802786570246,0.005159594576112613,0.0017272082104576323,0.05324336169972803
2020-09-10,-0.0009641651131364849,0.0008144184760399313,-0.0017785835891764154,0.00597947268167087
2020-09-11,0.003898017218237796,0.001376879808513122,0.002521137409724673,-0.08280099812585184
2020-09-14,0.0004119515422263992,0.0015319430372974004,-0.0011199914950710006,0.06602660765542753
2020-09-15,-0.005396061567398484,-0.0036336817716196654,-0.0017623797957788201,0.06591560182923724
2020-09-16,0.005034588022281154,0.003905016282885157,0.0011295717393959986,-0.05204629365769716
2020-09-17,0.004433357953120179,0.001398125365275219,0.0030352325878449608,0.04317959879478001
2020-09-18,-0.003943280490842003,-0.00332127332159389,-0.0006220071692481163,0.026409945749889672
2020-09-21,0.002775811497690322,0.001335925126099184,0.001439886371591138,-0.023555533417552784
2020-09-22,0.0017659015191997056,0.0009948482643050115,0.0007710532548946946,0.007404278803454979
2020-09-23,-0.0018038435732926324,-0.002078189422876282,0.00027434584958364806,-0.005208011667160363
2020-09-24,0.0005609411679399221,0.001042885808774532,-0.0004819446408346091,-0.028700666552260782
2020-09-25,-0.0004145682808200951,-0.0008077855038635708,0.0003932172230434773,0.05062869957030506
2020-09-28,-0.0021171921889532822,0.00030104659214664,-0.0024182387810999222,-0.014489843641245278
2020-09-29,0.003917391521828966,0.0036394213748035947,0.0002779701470253717,0.07347001364682465
2020-09-30,-0.0011168656728437636,-0.0005826773419296228,-0.0005341883309141395,-0.010988591109600796
2020-10-01,0.005186414488107776,0.001464126188534679,0.003722288299573096,-0.04558952279064773
2020-10-02,-0.0008627276801123555,0.0002031332669304815,-0.001065860947042836,0.012327514670616374
2020-10-05,-0.002994449294058477,-0.0023261552320563376,-0.0006682940620021402,0.022242791515388802
2020-10-06,0.000858616093914712,-0.0011252104810735193,0.0019838265749882317,0.016069331269009435
2020-10-07,0.0015879934822713565,0.00012236376225113928,0.0014656297200202175,-0.01255312646930381
2020-10-08,0.001208381515425737,0.0007212384941593401,0.0004871430212663973,-0.006951393618443506
2020-10-09,-0.0010236913801858483,-0.00029894865012219766,-0.0007247427300636489,-0.006629784389660666
2020-10-12,-0.0005556520146706751,0.0006724397965645647,-0.0012280918112352393,-0.10064458788135557
2020-10-13,-0.0005650074536964293,0.000571703295594448,-0.001136710749290875,-0.024193293291819518
2020-10-14,-0.008102341411130809,-0.006621825177921762,-0.001480516233209047,0.0029596018071244897
2020-10-15,-0.0019543900807657832,-0.001705590474059774,-0.00024879960670600755,0.06928923514416141
2020-10-16,0.0002319681652758396,0.0006901818469069489,-0.00045821368163111165,-0.09736013151030903
2020-10-19,0.006103668889091269,0.004918602147554749,0.0011850667415365217,-0.030363833748236854
2020-10-20,-0.007774985439873208,-0.004862134680423307,-0.002912850759449904,0.03557692332904249
2020-10-21,-0.0022300103479184577,-0.0009947148379884467,-0.0012352955099300096,0.050709442619912934
2020-10-22,0.002646372296220339,0.00044129587657491635,0.0022050764196454237,0.04992444416186149
2020-10-23,0.0037607926331055526,0.0010346576137507564,0.0027261350193547957,-0.011400126352223162
2020-10-26,0.003304766376982235,0.0006084266112029134,0.0026963397657793218,0.019175717333448944
2020-10-27,-0.0008390722882622038,-0.0009849962830445983,0.00014592399478239454,0.06967896745632415
2020-10-28,0.0013950707239133934,0.0011328170767182944,0.0002622536471950992,0.03530011350593691
2020-10-29,0.00467669508794474,0.0015758823683891146,0.0031008127195556253,0.0063741273085008475
2020-10-30,0.002762506060452127,0.0031070828144098674,-0.00034457675395773964,0.009904728678825116
2020-11-02,0.00045600973566433983,0.0020915264692229485,-0.0016355167335586063,-0.005599642813477698
2020-11-03,0.0006564949039518795,4.954703689207668e-05,0.0006069478670598025,-0.022334630079764408
2020-11-04,-0.0003894074942199355,-0.00028009003104204744,-0.00010931746317788833,0.001728879076171345
2020-11-05,-0.0016203685731052803,-0.0009167590692808147,-0.0007036095038244657,0.022152367177069004
2020-11-06,0.0001090180583772464,0.00020461768054524238,-9.55996221679925e-05,0.031090987917587794
2020-11-09,0.0015266325987908268,0.0016414549887955416,-0.00011482239000471482,-0.0008602096589681496
2020-11-10,0.002277181577079585,0.0012851028529590677,0.0009920787241205174,-0.014585393429553048
2020-11-11,-6.757799630957399e-05,-0.000226841824806011,0.0001592638284964379,-0.06329959890329946
2020-11-12,-0.0011639847575867696,-0.0018057855894453045,0.0006418008318585348,0.010836825430244371
2020-11-13,-0.005391175698195927,-0.0032288022723190347,-0.0021623734258768923,0.04731179099574393
2020-11-16,0.0009366799991357752,-8.00656882367298e-05,0.0010167456873725054,0.009307165125307118
2020-11-17,0.004472999485475608,0.0022396510876536344,0.0022333483978219724,0.056341231046150304
2020-11-18,0.0007616556459455396,0.000719048627068548,4.2607018876992045e-05,0.0010661463567392848
2020-11-19,0.004693502915797253,0.002732071791595839,0.001961431124201413,0.011749615900319407
2020-11-20,8.28307832436004e-05,0.00017344488226083386,-9.061409901723293e-05,0.08661806518745371
2020-11-23,0.0008992676689799453,0.00030381000618572365,0.0005954576627942229,0.0019944300466929504
2020-11-24,0.006658580490550418,0.003033916587096473,0.0036246639034539464,-0.07246014417966484
2020-11-25,0.00014578469771562728,-0.0004985079796956918,0.0006442926774113181,0.09232025514722965
2020-11-26,-0.005021183488323602,-0.0021240321132371563,-0.0028971513750864443,0.0006845820232873008
2020-11-27,0.007159379282047844,0.0031122776767393157,0.004047101605308529,0.0026463978573050446
2020-11-30,7.174003964229719e-05,0.0011249452087096282,-0.0010532051690673328,0.014487290165298762
2020-12-01,0.00017436976884242805,-0.0005450181705995627,0.0007193879394419905,-0.0786888014783371
2020-12-02,0.0010782428455397915,0.000560910120165705,0.000517332725374086,0.05272738768570057
2020-12-03,-0.005806957773226548,-0.00247999247846747,-0.0033269652947590786,0.016348972447709012
2020-12-04,0.004067092924677518,0.0018216851734665866,0.0022454077512109325,-0.08986791180919976
2020-12-07,0.0012992066282331723,0.0019285297645128003,-0.0006293231362796258,-0.09339063991931627
2020-12-08,-0.007216724832758124,-0.0024160608865801125,-0.004800663946178011,0.054811663092171996
2020-12-09,-0.008626648462095887,-0.0017484528323793887,-0.006878195629716501,-0.046818208203842464
2020-12-10,0.00395273135701835,0.000654259877574232,0.003298471479444118,0.03786507744351207
2020-12-11,-0.0031439538392370914,0.0011531320003307158,-0.00429708583956781,0.0895583968136442
2020-12-14,0.0023682640027083263,0.00014448113145447763,0.002223782871253851,0.07289520361499129
2020-12-15,0.007150303557444365,0.004191427039798924,0.002958876517645443,-0.04199806865383831
2020-12-16,0.005538241121109012,0.0023243481642532754,0.0032138929568557364,-0.006928277729504471
2020-12-17,-0.002825562522720684,-0.00030828629680132447,-0.0025172762259193585,0.07166881520791331
2020-12-18,-0.0004726495083983407,0.0012761050007982304,-0.0017487545091965716,-0.02187169201768456
2020-12-21,0.004425594259590522,0.0010630534499048924,0.0033625408096856304,0.11015727034106258
2020-12-22,-0.0016160499041408666,-0.0013020319558238362,-0.0003140179483170297,-0.008537644845867406
2020-12-23,0.007932784412811046,0.0031672756894195204,0.004765508723391525,0.03168833963746744
2020-12-24,-0.0005257950659220115,0.00032827918234772276,-0.0008540742482697353,0.06396325392821854
2020-12-25,0.0021143955205816223,0.0019576051555222863,0.00015679036505933646,-0.05263895949346678
2020-12-28,0.003735236117426711,0.0008719058442688069,0.0028633302731579033,0.029314431455830285
2020-12-29,-0.003765356148180289,-0.002377914552588463,-0.0013874415955918273,0.03927234523553278
2020-12-30,0.0020634196881362714,0.001444385742800606,0.0006190339453356654,0.031954997407474074
2020-12-31,0.0023694811095295813,0.0007782471735238387,0.0015912339360057417,-0.054610466422443035
2021-01-01,0.0022786440947998,0.002480308134667847,-0.00020166403986804707,0.008892380902928756
2021-01-04,-0.004682828471268639,-0.001098208533005355,-0.0035846199382632803,0.05090074247969077
2021-01-05,0.0006537534569288968,0.0010648550524305217,-0.00041110159550162423,-0.09370309354121759
2021-01-06,0.003955498338371287,0.0013933221357827815,0.0025621762025885026,-0.024177104117205906
2021-01-07,-0.007390918023105225,-0.004488180063380153,-0.0029027379597250692,-0.006223111240409361
2021-01-08,-0.0014292025066187306,-0.0008367154468147979,-0.0005924870598039327,-0.09907861924481741
2021-01-11,-0.000430710627631275,-0.0006988466586115242,0.00026813603098025003,0.07000228240017532
2021-01-12,-0.007884179417887853,-0.0027363777941313474,-0.005147801623756506,-0.03231483698968779
2021-01-13,0.005063852529606144,0.0029944966767833717,0.0020693558528227735,0.021061851298640407
2021-01-14,-0.0019019692163125845,-0.001064930519471546,-0.0008370386968410398,0.04975362548402752
2021-01-15,0.0013285403589074533,0.0004150418772876016,0.0009134984816198503,-0.015186038493684599
2021-01-18,0.0033189090968146783,0.0012858821591200543,0.0020330269376946227,0.07014441145511305
2021-01-19,-0.0011069570563442236,-0.0022628159343788447,0.0011558588780346216,0.005688281067495167
2021-01-20,0.005395839330408705,0.001393990437542023,0.004001848892866683,0.09459921874719594
2021-01-21,0.0003859838006486033,0.00015270691626542536,0.0002332768843831788,-0.0043204250983449695
2021-01-22,0.006371487662184697,0.0034255904172163145,0.00294589724496838,0.024304224591469636
2021-01-25,-0.00035685370883572153,0.0002727630554363557,-0.0006296167642720774,-0.11220030791558155
2021-01-26,0.0014796705357365842,-0.00015268890286295259,0.001632359438599535,-0.03574739733353758
2021-01-27,-0.007748535096801853,-0.0037983273127095993,-0.003950207784092255,-0.029834643438188684
2021-01-28,-0.002293817727919337,-0.0008028464665893638,-0.0014909712613299726,-0.02658831239855774
2021-01-29,-0.0019039616158979262,-0.0013998438295288835,-0.0005041177863690423,0.031651366199418815
2021-02-01,-0.001824887048767002,-0.0018388312916607975,1.3944242893796006e-05,-0.03330557998884897
2021-02-02,0.002095336156216664,0.0009522214044243719,0.0011431147517922927,0.0980862533092919
2021-02-03,-0.002497428315893901,-0.0016008112170982542,-0.0008966170987956467,0.059211490813715344
2021-02-04,0.00702086905624556,0.0032271650067182463,0.003793704049527312,0.005404166559270446
2021-02-05,0.0038369036751060804,0.0021328731858044243,0.001704030489301657,-0.008634851624371791
2021-02-08,0.00035183495529916733,-0.0010905360140969593,0.001442370969396126,-0.026859161131615638
2021-02-09,-0.0005507260800745858,0.00010322282775597144,-0.0006539489078305569,-0.04111446726440254
2021-02-10,-0.0018336545859019482,-0.001053251713913331,-0.0007804028719886162,-0.0018995119321685088
2021-02-11,-0.0029387794337155486,-0.0021488982748527133,-0.000789881158862837,-0.0360408802642331
2021-02-12,-0.0001020785248292595,0.0011210316708767602,-0.0012231101957060186,-0.013585263522818287
2021-02-15,-0.002181884400531121,-0.0014992490363489968,-0.0006826353641821241,-0.06595473110292278
2021-02-16,-0.000810055423801904,-0.0004769675539103911,-0.00033308786989151226,0.01574438736487227
2021-02-17,-0.004386833336282566,-0.0027282817229150698,-0.0016585516133674942,-0.08581074296615855
2021-02-18,0.0010634434418118409,0.00025605635795258267,0.0008073870838592569,-0.0001447018154338869
2021-02-19,-0.005601586361109135,-0.0019622121308497395,-0.003639374230259394,-0.07336296326746915
2021-02-22,-2.8468763097358333e-05,-0.0012229023344209073,0.001194433571323551,-0.10924823074092023
2021-02-23,-0.0045768014869062195,-0.0028664007489127763,-0.0017104007379934432,-0.03816725302126964
2021-02-24,-0.008323152889880605,-0.006745892978834553,-0.0015772599110460504,0.10126466077149902
2021-02-25,-0.00253229741838956,-0.0014345735823430503,-0.0010977238360465116,0.030601900196539213
2021-02-26,0.0069142518595255355,0.0026790540392631294,0.004235197820262404,-0.0104106669849574
2021-03-01,0.002228712691665822,0.001609940997527529,0.000618771694138293,0.034413681713979405
2021-03-02,-0.0007871286913319906,-0.0006984677137448197,-8.866097758717349e-05,0.008244239214839064
2021-03-03,0.002489251257799433,0.00019354607399977002,0.0022957051837996633,0.02240080335507149
2021-03-04,0.0005973299401550612,-0.00030080313620688484,0.0008981330763619452,-0.052776490605480626
2021-03-05,0.0014721056573574547,0.0004258085320324362,0.0010462971253250193,0.08034904631296949
2021-03-08,-0.0034844771931640773,-0.0024369690544177314,-0.001047508138746345,-0.03931162372512324
2021-03-09,0.00522463969125269,0.003690934950917846,0.001533704740334844,-0.0012641646613811375
2021-03-10,-0.00342854378919651,-0.001308609146625771,-0.00211993464257074,0.011156682210458388
2021-03-11,-9.824191940322456e-05,0.0013739834400598762,-0.0014722253594631005,-0.03380004716531024
2021-03-12,0.0007355209463515754,0.0008129542926917669,-7.743334634019092e-05,0.021892651892715515
2021-03-15,-0.0022950615861901304,0.0006983576453189356,-0.002993419231509066,0.010886287067006603
2021-03-16,0.001443206143598269,-0.0005637226140666144,0.002006928757664884,-0.0014464431963619835
2021-03-17,0.0007218417151670345,0.0012807994343801005,-0.0005589577192130647,-0.0730074535693837
2021-03-18,-0.00011926353582120564,-0.00174328027921309,0.0016240167433918852,0.031934347925928384
2021-03-19,-0.005261056977032046,-0.00227509224432567,-0.0029859647327063763,0.03781763915252446
2021-03-22,0.00261673846396447,-0.0013345044844319297,0.0039512429483963985,0.02780081721464885
2021-03-23,0.003224510356575458,-5.830083510026049e-05,0.0032828111916757188,0.04718187656894184
2021-03-24,0.002270269735813745,0.0034767551847148187,-0.0012064854489010745,-0.1008436303942611
2021-03-25,0.0035851833408745617,0.0022119161441188657,0.0013732671967556962,0.052033975101081834
2021-03-26,-0.007272941715326016,-0.0031077175791299205,-0.004165224136196098,0.02530424132942633
2021-03-29,0.003930144180614055,0.004178017854132988,-0.0002478736735189342,-0.0068674245691567135
2021-03-30,0.0018875694648657275,8.725966891158293e-05,0.0018003097959541437,0.05519623435315141
2021-03-31,-0.00046512010425087905,0.00042057411120077076,-0.000885694215451649,0.06040089854700727
2021-04-01,0.003841922739536604,0.0035113660594721288,0.0003305566800644753,0.04556879477504153
2021-04-02,0.004035889634825152,0.0034515699252681067,0.0005843197095570449,0.019949457760615255
2021-04-05,0.0033728852910709876,0.0018993355321741748,0.0014735497588968128,-0.05020917697186179
2021-04-06,0.0016764734196566939,0.0008147273859447964,0.0008617460337118962,-0.04225817499760832
2021-04-07,-0.0034233485118978215,-0.0022334544126621694,-0.0011898940992356565,-0.028949852789966996
2021-04-08,-0.0028300509444310765,-0.003834208140845511,0.001004157196414432,-0.07729468399906138
2021-04-09,-0.0017439532017126738,-0.0009548817822781783,-0.0007890714194344956,-0.04638349826727359
2021-04-12,-0.0051884906081406945,-0.0023874751650323246,-0.0028010154431083734,0.03622372308902674
2021-04-13,-0.0031566811480600743,-0.0018492559726768377,-0.0013074251753832369,0.007461338004099886
2021-04-14,0.002446420763281133,0.0024464260924338937,-5.3291527614407475e-09,0.025748547213107965
2021-04-15,0.0004474497384586134,0.0010934729253800398,-0.0006460231869214253,-0.040070403857805116
2021-04-16,0.001613897667981209,0.0014764324138862085,0.0001374652540950005,-0.04429619298843778
2021-04-19,-0.0022360920738619143,-0.0015316878987876054,-0.000704404175074308,-0.0442430619411221
2021-04-20,-0.002897426488168284,-0.0021943089147269477,-0.0007031175734413357,0.14706211763372856
2021-04-21,-0.0027672014566869525,-0.002207252157371803,-0.0005599492993151479,0.05607662956770061
2021-04-22,0.010255881304155999,0.005970366011257597,0.004285515292898404,0.007971559493344868
2021-04-23,0.004108102431642758,0.003450810706009406,0.0006572917256333528,-0.015057216220530299
2021-04-26,0.0004801815140769517,0.0007080657353778826,-0.00022788422130093182,-0.08224205525855244
2021-04-27,-0.0009015456207307608,-0.0010162040636344583,0.00011465844290369735,-0.08294732543271205
2021-04-28,-0.004430783939498872,-0.0029610812046207396,-0.0014697027348781321,-0.1249106112490378
2021-04-29,-0.004136996210811001,-0.00266577818177894,-0.0014712180290320613,0.02612158028375961
2021-04-30,-0.007601461512102175,-0.004685823650258075,-0.0029156378618440996,-0.14283131385977235
2021-05-03,0.001670779816357677,0.0006866916808980703,0.0009840881354596046,-0.06142099540199712
2021-05-04,-0.00920001128350657,-0.004992835144142227,-0.004207176139364343,-0.07526741296228855
2021-05-05,-0.004253345098247329,-0.001150192722101897,-0.003103152376145432,-0.007535210092403392
2021-05-06,-0.00535520846178153,-0.001991133643139747,-0.003364074818641781,0.005448375379831279
2021-05-07,-0.0005185117377669278,0.00011579722873088574,-0.0006343089664978159,-0.04791105589564118
2021-05-10,0.0003628836450507504,-0.0003841544112413546,0.0007470380562921049,-0.04959630261281334
2021-05-11,-0.0031092244663465333,-0.0016067505099494478,-0.0015024739563970872,-0.020874647925593674
2021-05-12,-0.003287170212115934,-0.0009569040057602896,-0.0023302662063556454,0.05546012455616671
2021-05-13,-0.0013990549506142894,-0.001371867370735018,-2.7187579879267565e-05,-0.06292845971949243
2021-05-14,0.003511145513572653,0.002865979071145018,0.0006451664424276388,-0.08837001301164457
2021-05-17,-0.004110101511794266,-0.0027074071591273886,-0.0014026943526668778,-0.00740203224521032
2021-05-18,-0.005392995082719431,-0.002634462971175979,-0.0027585321115434526,0.0463601697691322
2021-05-19,-0.0004901650217145595,-0.00022970151604810634,-0.00026046350566645365,-0.07982991857262217
2021-05-20,0.003183663492022517,0.002529881199147879,0.0006537822928746389,-0.027843480014882127
2021-05-21,-0.005361864397627097,-0.0017866871983091195,-0.0035751771993179776,-0.08336791481922676
2021-05-24,-0.0018649313191086447,-0.001311612181746213,-0.0005533191373624318,-0.04315032004996978
2021-05-25,-0.0056914528930157166,-0.0024471903198694626,-0.0032442625731462548,0.025468266178061437
2021-05-26,-0.002917638316398164,-0.0021384712810315664,-0.0007791670353665984,0.0024794315045150906
2021-05-27,0.0016812099318510984,0.001734776620224275,-5.356668837317932e-05,0.03485234328429432
2021-05-28,0.00018232275015321532,-0.00042353317524826666,0.0006058559254014826,-0.012236500743507104
2021-05-31,0.002336664186164899,0.0011987347850555686,0.001137929401109331,0.03349503751302558
2021-06-01,-0.000901138889394039,8.44971231649793e-05,-0.0009856360125590179,-0.04111496483978675
2021-06-02,0.0022568076517665557,0.0008759716579046471,0.0013808359938619064,0.0024163301316355353
2021-06-03,-0.003272359726756979,-0.001526157671578686,-0.0017462020551782926,0.036643959035329694
2021-06-04,0.00018512248769469173,-0.000605698314814003,0.000790820802508696,0.10326957743272175
2021-06-07,0.0026189765706517865,0.0014193895968243261,0.0011995869738274587,-0.03923320724025699
2021-06-08,0.008538043829336203,0.0038056643123053277,0.004732379517030871,0.07282319767089432
2021-06-09,-0.0027630832690621913,-0.0008737641242417046,-0.0018893191448204876,0.07708175429257062
2021-06-10,0.0055653988786746305,0.003149803656164997,0.002415595222509632,0.00944860489375818
2021-06-11,0.005830721718011456,0.002710132828267823,0.003120588889743634,0.11158508685383565
2021-06-14,0.0006062692366540807,0.00010620599812067536,0.0005000632385334051,0.03931432877955117
2021-06-15,0.007459311601807969,0.002881465069319805,0.004577846532488163,0.02940175431541498
2021-06-16,0.0026032977314760335,0.001867835077817001,0.0007354626536590358,-0.06399518992339014
2021-06-17,0.0022135004954787147,0.0018361113454046889,0.0003773891500740284,-0.0690417916914693
2021-06-18,-0.005088495386416448,-0.001276485786386991,-0.0038120096000294618,-0.019791362611927463
2021-06-21,-0.006599314968914711,-0.0030158726184698753,-0.003583442350444839,-0.04598372433273438
2021-06-22,-0.001828532551394076,-0.0014167314040717527,-0.0004118011473223174,0.06511349144674276
2021-06-23,-0.0039006951296300164,-0.0013571541516644112,-0.0025435409779656065,-0.02659666848794994
2021-06-24,0.0049649317567117155,0.0016702972811898364,0.0032946344755218765,0.14905905096456842
2021-06-25,-0.0019391354091881745,-0.0013118289947085266,-0.0006273064144796479,-0.020184004146147558
2021-06-28,0.010807136867296202,0.005318519892845703,0.005488616974450501,-0.08809922196883342
2021-06-29,-0.0013410639113318878,-0.0014203367841271464,7.92728727952545e-05,-0.10512797330343532
2021-06-30,-0.005629247484736476,-0.0020465968554484407,-0.0035826506292880363,0.07344999192665588
2021-07-01,-0.007453538751486015,-0.002954534156761404,-0.00449900459472461,0.000305953523084456
2021-07-02,0.004328677452888447,0.0013204778657235254,0.0030081995871649196,-0.026886904339239525
2021-07-05,1.4435466751570912e-05,-0.0004889269592071996,0.0005033624259587711,0.04672110366299527
2021-07-06,-0.0017786042526025025,-0.0014305988579993972,-0.0003480053946031056,0.10253994859762285
2021-07-07,0.0029881834774891556,0.0020454703491700845,0.0009427131283190715,-0.13352633970654426
2021-07-08,0.006236415238271205,0.002588686120756815,0.003647729117514391,0.06131634909144257
2021-07-09,-0.007843594090243386,-0.0038487089907600957,-0.00399488509948329,0.1221229246102656
2021-07-12,0.0036113143630018187,0.0010511483377839935,0.0025601660252178235,-0.006878632571633444
2021-07-13,0.007533199374477557,0.0037512576861541084,0.003781941688323449,0.025343722466828575
2021-07-14,-0.0004622493813907702,-0.0005202193366044411,5.7969955213670044e-05,0.06936745600017542
2021-07-15,0.001521728670873297,0.0004609184569146149,0.001060810213958683,-0.09629546557839395
2021-07-16,0.004059829082621015,0.0009208310011000788,0.0031389980815209363,0.03722780932517581
2021-07-19,-0.00577216103960676,-0.003465936212718116,-0.002306224826888644,0.06218916530469867
2021-07-20,0.002392546510487688,9.847154303968021e-05,0.00229407496744801,0.08903414567291014
2021-07-21,0.003915477007386781,0.0026337105028182446,0.0012817665045685347,0.025818520692720958
2021-07-22,0.005429389217112484,0.0026151632486981985,0.0028142259684142868,-0.041743529738625544
2021-07-23,0.0017300564220812074,0.001028706233289981,0.0007013501887912265,-0.10264144868086102
2021-07-26,-0.0027472839960367675,-0.0011613656095244129,-0.0015859183865123555,-0.012854706598993022
2021-07-27,-0.00643866727949527,-0.0025037573639433695,-0.0039349099155519,-0.05304647310384235
2021-07-28,-0.0007349672550860217,-0.0005721596133266811,-0.00016280764175934087,0.06672084678541886
2021-07-29,-0.0035279943442150514,-0.0016275289106017499,-0.0019004654336133003,0.10448937068012135
2021-07-30,0.003981538547217712,0.0012425097420231124,0.002739028805194603,-0.05382291267099549
2021-08-02,0.007251839610021562,0.0036049281916893322,0.00364691141833223,0.06988172809500623
2021-08-03,-0.0035558159616367233,-0.0013682848762011498,-0.002187531085435573,0.04848752485828361
2021-08-04,0.0045482087088962505,0.002274624915348739,0.002273583793547511,0.03837045275367431
2021-08-05,0.0033354484865666936,0.002666704878538647,0.0006687436080280475,0.13349781930549126
2021-08-06,0.0024845654657313296,0.0018610773619645799,0.0006234881037667493,-0.009600882396279967
2021-08-09,0.009943819716432059,0.005931651477529555,0.004012168238902501,-0.02911859428900313
2021-08-10,-0.000624784250272416,0.000907821624418134,-0.0015326058746905503,0.10522359494420572
2021-08-11,-0.0018017982512388002,-0.0016268822996882877,-0.0001749159515505097,0.031900470531761205
2021-08-12,0.006797374709987673,0.0026795433088931675,0.0041178314010945054,-0.01676576888035141
2021-08-13,0.0023329623176947976,0.0005465636510829583,0.0017863986666118385,0.11814851044248224
2021-08-16,-0.0011339159858584093,-0.0005324654201110867,-0.0006014505657473239,-0.03593024796755293
2021-08-17,0.007778507242776617,0.004780584356697853,0.002997922886078766,0.01267873789365244
2021-08-18,-0.0028506626907134356,9.12044906517806e-05,-0.0029418671813652188,0.02366102644729373
2021-08-19,0.0007812153652977656,0.000286853182579639,0.000494362182718127,-0.01137514420665338
2021-08-20,0.001552513088850719,-2.588130204657081e-05,0.00157839439089729,-0.08803601895800622
2021-08-23,-0.0008281453670117759,-0.0009580811482756534,0.00012993578126387854,0.002013806491714842
2021-08-24,-0.005975307188778874,-0.0023116856867567877,-0.0036636215020220855,0.024699759231892254
2021-08-25,0.00012772167194366935,0.0010835998821676594,-0.0009558782102239913,-0.03659408201142779
2021-08-26,0.0016220308428045987,0.0003468757711925022,0.0012751550716120948,-0.05623865326549192
2021-08-27,-0.0025094509017513206,-0.0004490012135946366,-0.0020604496881566838,-0.04600184320399407
2021-08-30,-0.0036047681399621464,-0.0014289248616395772,-0.00217584327832257,0.0650741710346928
2021-08-31,-0.0029883141302157776,-0.0004895716375646949,-0.002498742492651083,0.10583532794114149
2021-09-01,0.004125022285704447,0.0017968715129004827,0.0023281507728039625,0.14182698692729645
2021-09-02,0.007953186755315249,0.0037564207772610115,0.004196765978054236,0.08171738022235366
2021-09-03,0.011325132056269047,0.007646519493930467,0.0036786125623385763,0.09519813837038817
2021-09-06,0.005566624792001764,0.003058943839399284,0.0025076809526024813,0.0043350066262826245
2021-09-07,0.006377563727636331,0.0029339868246923955,0.003443576902943935,-0.029955923146307673
2021-09-08,0.00026618527238767974,0.00037382554121732567,-0.00010764026882964517,0.03880225783981223
2021-09-09,-0.0019123837330908393,0.000328178188741376,-0.0022405619218322155,-0.06638411184139115
2021-09-10,0.002214217271120856,0.0017298806675956145,0.0004843366035252412,0.03741511403685724
2021-09-13,-0.004417924329989192,-0.002337790797186016,-0.002080133532803179,0.1526877902563331
2021-09-14,0.0020543968350445084,0.000624003081554924,0.001430393753489587,8.552832757853144e-05
2021-09-15,0.009648740502000982,0.003759647271356889,0.005889093230644093,0.08823667218666743
2021-09-16,1.5585684330503323e-06,-0.0008076483018164566,0.0008092068702495068,0.09238535902320133
2021-09-17,0.005479929797803346,0.0024218300927282806,0.003058099705075066,-0.023744621418770297
2021-09-20,0.005910443897961684,0.0027978937296132874,0.0031125501683483964,0.035893534822322486
2021-09-21,-0.001621752233098699,0.0011383021673801036,-0.002760054400478801,-0.011889480252374046
2021-09-22,0.002457058587273485,0.0025372820391041345,-8.022345183064921e-05,0.017290912019725223
2021-09-23,-0.0007459387033192416,9.497074178639944e-05,-0.0008409094451056424,0.10947443733617962
2021-09-24,0.001215581983040195,0.000814520572756371,0.00040106141028382544,0.01886964645599687
2021-09-27,0.006975501658186695,0.0029023193729877488,0.004073182285198946,0.03970309588729996
2021-09-28,0.0011120449850963575,5.444468927040622e-05,0.001057600295825951,-0.03258730528177525
2021-09-29,0.0022231474685270756,0.00023903816209018764,0.0019841093064368875,-0.07253480759823079
2021-09-30,-0.0020633763331049026,-0.00174994776239327,-0.0003134285707116335,-0.04383636213748922
2021-10-01,-0.0043822986535891045,-0.002203876557725388,-0.0021784220958637173,-0.02668585787171355
2021-10-04,-0.002635512935464926,-0.002529533758915497,-0.00010597917654942782,-0.02641488718214261
2021-10-05,-0.0016013094059447145,-0.000797448352530033,-0.0008038610534146801,0.08014564707081759
2021-10-06,-0.00143623971695136,-6.683506449712022e-05,-0.0013694046524542394,-0.020264123171304032
2021-10-07,0.0049933454373297555,0.0011466551988690145,0.0038466902384607414,0.07338119445961393
2021-10-08,-0.001328060121949083,0.0011142392415216633,-0.0024422993634707468,-0.01887491606676468
2021-10-11,0.004449772771930651,0.00209845466586946,0.0023513181060611926,-0.0018122112714578536
2021-10-12,-0.0011388786375676697,-0.0013280769078024117,0.00018919827023474237,0.008244963171222398
2021-10-13,-7.891754647450689e-05,0.0020324281491444426,-0.0021113456956189484,0.08633215575307705
2021-10-14,0.0005574280610010183,-0.0003963302956177313,0.0009537583566187505,0.015403970032562999
2021-10-15,0.005619634943708516,0.0016715583754371099,0.0039480765682714065,0.06087897682659395
2021-10-18,0.0008937646135183142,0.00020903453472921867,0.0006847300787890965,0.013417759739427302
2021-10-19,0.003915055422568854,0.0028124165553893975,0.0011026388671794554,0.007649000936989847
2021-10-20,0.0011193573407667582,0.0014319950605343294,-0.0003126377197675695,0.02508592900830428
2021-10-21,0.00042519791271743005,-0.0005116059560564684,0.0009368038687738982,-0.08433106597549118
2021-10-22,0.001553691046579488,0.001088906668317232,0.0004647843782622559,0.009440957898503901
2021-10-25,-0.005257074594831454,-0.001765505521065,-0.003491569073766454,0.02570532970837235
2021-10-26,0.0008332351224879361,-0.00012576883722842207,0.0009590039597163567,0.03652547230908844
2021-10-27,0.0014463843127178562,0.0007816701335335612,0.0006647141791842956,0.016869873837524887
2021-10-28,0.001833857573491027,0.0012214897732950106,0.0006123678001960179,0.1543611616366598
2021-10-29,0.0008291243497274445,-0.00039526298739527813,0.0012243873371227225,-0.03176389822632819
2021-11-01,0.007853222304455043,0.0030572991066845846,0.00479592319777046,-0.08635614084790486
2021-11-02,-0.0014234660465542346,-0.0009396610163803863,-0.0004838050301738499,0.07659328178219363
2021-11-03,-0.005762052608612052,-0.0012281593519116417,-0.004533893256700412,-0.07041919872587038
2021-11-04,0.004414707565215753,0.002317490880518216,0.0020972166846975372,0.050105263581326616
2021-11-05,-0.0038072968071351373,-0.0008576620127026258,-0.0029496347944325124,-0.03478343285918477
2021-11-08,0.0025836492047647056,0.0013142675874833615,0.0012693816172813423,0.018263873664142907
2021-11-09,-0.0016653041589478263,-0.00010466920942253568,-0.0015606349495252908,-0.09045039808578266
2021-11-10,0.0009295188152973791,0.00015304377419911308,0.0007764750410982654,0.18686600819954355
2021-11-11,-0.0045015001417914625,-0.002101589708594715,-0.0023999104331967475,0.04701605661941612
2021-11-12,0.011699014779823089,0.005505884977112255,0.006193129802710837,0.03256100488419428
2021-11-15,0.00244560218042582,-0.000125185767331195,0.0025707879477570167,0.1386407813413765
2021-11-16,0.0018000391166078686,0.0009527488876695453,0.0008472902289383237,-0.04441774835365672
2021-11-17,0.007763555781919965,0.0030196594335867273,0.004743896348333236,-0.02473191932952426
2021-11-18,-0.0025967599934727877,-0.0006254702638038151,-0.001971289729668973,0.05703909355064213
2021-11-19,-0.001668269412048136,4.371102702818187e-05,-0.001711980439076317,0.11011030222322969
2021-11-22,0.0033724632441961846,0.0016028613041935832,0.0017696019400026018,0.1700171960084518
2021-11-23,0.006415297235355416,0.0024201120503361886,0.003995185185019227,0.1078984526560195
2021-11-24,0.010075567963270353,0.003513433365260197,0.006562134598010155,0.01667131978637736
2021-11-25,0.006350494216080514,0.002336394130279456,0.00401410008580106,0.12131948504304131
2021-11-26,0.0009433579308716399,0.0003331345981818865,0.0006102233326897473,0.022955511486250944
2021-11-29,0.0065763127880074344,0.0021639196585626855,0.004412393129444748,-0.04936008624315587
2021-11-30,0.0013342729773699832,0.001234788241865654,9.948473550433056e-05,0.04743726035752979
2021-12-01,-0.002747203635326872,-0.0023577352596360675,-0.0003894683756908062,0.005668331846351802
2021-12-02,0.0026915438574617104,0.00040843871526191676,0.0022831051421997933,0.02258901785251977
2021-12-03,0.0003327304099625091,-0.0019096368257114742,0.002242367235673986,0.0630976878939333
2021-12-06,0.0015156907734750762,0.001244012261985236,0.0002716785114898401,0.08240848517275416
2021-12-07,0.004483909076077117,0.00032380945645879913,0.004160099619618319,0.03230043841023817
2021-12-08,0.005542399089479301,0.0028641361407476754,0.002678262948731626,0.01173166456429263
2021-12-09,0.002138097878682581,0.0008469528035402601,0.0012911450751423165,0.029731437851502035
2021-12-10,0.0009548584150463326,-0.0007690590136478631,0.0017239174286941949,0.03824122290256399
2021-12-13,0.0018104643624536434,0.000264456979846988,0.0015460073826066532,0.012585470340939289
2021-12-14,0.0022212626874488547,0.002082632680284793,0.00013863000716405997,0.02464225064451237
2021-12-15,0.0007006758517967718,0.00031849778062570996,0.0003821780711710616,-0.027311484130667196
2021-12-16,0.0013163939875259806,0.0010126753534102952,0.000303718634115685,0.017442709765578778
2021-12-17,-0.0016532413398013851,-0.000479967222788146,-0.0011732741170132378,0.053427842225362655
2021-12-20,0.0008400496425289133,0.0009971125303027324,-0.00015706288777381997,-0.035513700529953875
2021-12-21,0.002682283961836674,0.001660735103420507,0.0010215488584161677,-0.04241033837381373
2021-12-22,-0.00219752432033849,-0.0005928260830746065,-0.0016046982372638838,0.010276968405171961
2021-12-23,-0.0027155685441786785,-0.0016585944816788533,-0.0010569740624998252,-0.004780172647602427
2021-12-24,0.0007186503275294662,-0.00043098269362022864,0.0011496330211496948,0.027066199432183895
2021-12-27,-0.00031924726916304595,-0.0009281866046678341,0.0006089393355047865,-0.05578929603504085
2021-12-28,0.001523280439507481,0.0018148273102060433,-0.00029154687069856203,0.06512794836291137
2021-12-29,-0.0030202131232828114,-0.0018853957081709552,-0.0011348174151118561,0.024158214827699205
2021-12-30,0.003453922138896519,0.0013275949819218464,0.002126327156974672,0.0486766953754375
2021-12-31,0.0012318247954453928,-0.0009811457318718252,0.0022129705273172175,0.015072304692144092
2022-01-03,0.0027741994407971494,0.0023685534926865624,0.00040564594811058445,-0.040037356685738025
2022-01-04,0.0009004050980574936,0.0008733719268389705,2.7033171218523826e-05,0.03606806661317823
2022-01-05,-0.0019533721644210376,-0.0018087468676297397,-0.00014462529679129792,-0.05577266502905351
2022-01-06,0.002101447707100899,0.002886282242768091,-0.0007848345356671919,0.032713836867126006
2022-01-07,-0.002770945114884993,-0.0008625406947230158,-0.001908404420161977,-0.0020486825337823027
2022-01-10,0.001957149589485906,0.0015678592349678104,0.0003892903545180994,0.026321626780750555
2022-01-11,-7.593546981205413e-05,0.00047813021762430975,-0.000554065687436364,0.05940230935529823
2022-01-12,0.0014166843528523399,-0.0007616692514332418,0.002178353604285581,0.010726687628670326
2022-01-13,0.003437751279865763,0.0017154973399045028,0.0017222539399612598,0.06522312483909604
2022-01-14,0.0005605782860842708,-0.001055558629096445,0.0016161369151807183,-0.03954950990053767
2022-01-17,0.003873526150749295,0.0020795163229452842,0.0017940098278040103,0.06255600803926376
2022-01-18,-0.0023346910047096422,-0.0013877476989129624,-0.0009469433057966792,-0.0069161687391307335
2022-01-19,0.003195762764199024,0.0015847221124050742,0.0016110406517939498,-0.0365012266638454
2022-01-20,-0.00037144351730758777,6.447362356762809e-05,-0.0004359171408752161,0.02839963376900168
2022-01-21,-0.0023738645191058085,-0.0016536013312627605,-0.0007202631878430476,0.03467967616944883
2022-01-24,0.0019675322674382414,0.0024996677297707617,-0.0005321354623325208,-0.05313632611181735
2022-01-25,0.0020284083477021073,0.0006057483889822042,0.0014226599587199022,-0.04278410154184198
2022-01-26,-0.002922654830261626,-0.00135985932547081,-0.0015627955047908164,-0.07831329882259958
2022-01-27,-0.002507879873792011,-0.0019509405931630135,-0.0005569392806289986,0.08262886986410169
2022-01-28,-0.00449324827359676,-0.0009841624223284329,-0.0035090858512683287,-0.012566894465964908
2022-01-31,0.004936790777668914,0.0038777234640082975,0.001059067313660617,-0.041667449626965634
2022-02-01,-0.0006186955815379962,-0.0007807157888662488,0.00016202020732825236,-0.06596203626851992
2022-02-02,-0.0022726105019038618,-0.0006688472075251969,-0.0016037632943786666,0.05965396298700899
2022-02-03,-0.00389092399104588,-0.0007514488630285957,-0.003139475128017284,0.08087090193414422
2022-02-04,0.003518514917658976,0.001002421545721683,0.002516093371937294,-0.02252481364253133
2022-02-07,0.004277329106133996,0.0021055416177262797,0.002171787488407716,-0.03779116292915502
2022-02-08,-0.0010476333980760908,-0.0004957589775720847,-0.0005518744205040074,0.021672599720137204
2022-02-09,-0.0021050260982165957,-0.0013334799868096143,-0.000771546111406981,-0.03235669505878696
2022-02-10,0.0010166104863186447,0.000795748877033927,0.00022086160928471658,-0.03911622899539885
2022-02-11,-0.002229491943600702,-0.0008790933484182396,-0.001350398595182465,0.05108943495024592
2022-02-14,-0.002191174546286361,-0.0002914826068209789,-0.0018996919394653825,0.06807621253178266
2022-02-15,0.0027389533338153193,0.0007506220598443416,0.001988331273970979,-0.0020678385110159078
2022-02-16,0.004035532157125805,0.0026056255297426337,0.0014299066273831718,-0.01496781275828974
2022-02-17,-0.00015214030098829596,-0.0010822975455828366,0.00093015724459454,-0.001214086386192327
2022-02-18,-0.0006680434875024352,-0.0003678417027995187,-0.0003002017847029166,0.01377930240133176
2022-02-21,-0.00011150045656219869,-0.0011428283480788368,0.0010313278915166386,0.04317268991067281
2022-02-22,0.0005814830721576005,0.000307980383278347,0.00027350268887925346,-0.06061994175514847
2022-02-23,0.0021850261542105697,0.0010431159469214248,0.0011419102072891462,0.08482520122152956
2022-02-24,-0.003088438569639635,-0.0026548450963623967,-0.0004335934732772363,0.024985803887303346
2022-02-25,0.004066295852054189,0.0024250188732738015,0.001641276978780388,0.02093540174133299
2022-02-28,0.0011529432933383085,0.0004923592423530998,0.0006605840509852088,-0.03281682143617061
2022-03-01,0.00103779313122193,-0.00032453683067052916,0.0013623299618924587,-0.022770081682033087
2022-03-02,-0.00137801779927307,-0.000589927875844774,-0.0007880899234282961,0.012309212795661145
2022-03-03,-0.0013507287568874577,-0.000627366223534322,-0.0007233625333531342,0.03786225704921147
2022-03-04,0.0006917218427671045,0.000856518054795286,-0.00016479621202818194,0.003817482586980574
2022-03-07,0.0018964042665444384,-0.000409359041984924,0.002305763308529364,0.0034348003447449006
2022-03-08,0.00016962805454107306,-0.0005670770121932952,0.0007367050667343679,-0.009692845019542007
2022-03-09,0.00015537504281124107,-0.00040599363005169875,0.00056136867286294,0.047762259629568836
2022-03-10,-0.0005237669963013102,-8.075975463508328e-05,-0.00044300724166622656,0.05590389799265533
2022-03-11,0.0023326218691088673,0.0006612735928240515,0.001671348276284815,0.0710987993931201
2022-03-14,0.002967237760158211,0.002246164648775431,0.0007210731113827789,0.029696758093959077
2022-03-15,0.0034235434047499833,0.0010800849804441306,0.0023434584243058505,0.05463697208316216
2022-03-16,0.0014828155662231985,0.0005623794553456504,0.0009204361108775478,0.0514050926439691
2022-03-17,0.0030403354666262645,0.0011005508559469145,0.001939784610679349,-0.02114142884770602
2022-03-18,0.0025114847694624794,0.0008619323502915091,0.00164955241917097,-0.018670547746837605
2022-03-21,-0.0012669923692669336,-0.0009492959112369246,-0.000317696458030009,0.07376739070696049
2022-03-22,-0.0014245690637072128,6.149411994703369e-05,-0.0014860631836542473,-0.006124285410456488
2022-03-23,0.0044743648122858495,0.00254001648422287,0.0019343483280629794,0.05581081931720697
2022-03-24,-0.0003853318013818474,-0.0016185729779230676,0.0012332411765412186,0.11369426555644951
2022-03-25,0.002611480738868035,0.0012735664607313527,0.001337914278136683,0.07217752955955667
2022-03-28,0.004808700629579343,0.0022907990302829216,0.0025179015992964214,0.005592264230374862
2022-03-29,0.0033272663770275678,0.0005962454017595558,0.002731020975268013,0.029837501442314184
2022-03-30,0.0002705811075975166,0.0009135961727760851,-0.0006430150651785686,7.674587894852239e-05
2022-03-31,0.001375770718312335,0.0007425520270785647,0.0006332186912337695,-0.060380125793437746
2022-04-01,2.8250111977843727e-05,0.0005403133472871198,-0.0005120632353092756,0.01254465659267801
2022-04-04,-0.0030580525330774935,0.00013268232876565388,-0.003190734861843146,-0.013387411547523324
2022-04-05,0.0006432088423015416,7.194708953733777e-05,0.0005712617527642043,0.13351146838691147
2022-04-06,-0.0005843705641627375,-0.0004960584962588644,-8.831206790387328e-05,0.021367271941751153
2022-04-07,0.006947052382272324,0.0031727976108775805,0.0037742547713947427,0.0013006852296588373
2022-04-08,0.0010235232836589194,0.0011276276667806888,-0.00010410438312176765,0.02811297549113945
2022-04-11,8.386494403195667e-05,0.00047236084242592916,-0.0003884958983939729,0.04200768425385499
2022-04-12,0.0013062450724639824,0.00033503670390916087,0.0009712083685548213,-0.006990432107395477
2022-04-13,0.0020562450030028444,0.001852471347674382,0.0002037736553284642,0.0010902388010149654
2022-04-14,-0.0004147747707277593,-0.0007404374798507026,0.00032566270912294266,0.041221908236807665
2022-04-15,5.4679580914716907e-05,4.9719920060512304e-05,4.959660854205253e-06,-0.0023984920852524816
2022-04-18,0.002112293497484683,0.0006261761109145093,0.001486117386570173,-0.144009874783063
2022-04-19,0.00018655044695322124,-0.00011369851041422019,0.00030024895736744175,-0.0063149215880680355
2022-04-20,-0.008627413492220433,-0.0043224630520998595,-0.004304950440120574,0.08597081926349241
2022-04-21,-0.00033424930634668517,0.00036101255543419817,-0.0006952618617808827,-0.04544292626198078
2022-04-22,0.0047208425282441804,0.0021303464042282862,0.002590496124015894,-0.059954384947369405
2022-04-25,-0.0024420216727787402,-0.0013928076380557326,-0.001049214034723009,-0.027772182562449472
2022-04-26,-0.0033293867484721334,-0.0016761781158839383,-0.0016532086325881947,-0.07214989263974526
2022-04-27,-0.0015353768055313874,2.6573456228048834e-05,-0.001561950261759437,0.10977615593351209
2022-04-28,-0.004801330919804166,-0.0026178788467951133,-0.0021834520730090517,0.033263038195768375
2022-04-29,0.007040342793761265,0.0035882633544792398,0.003452079439282024,0.04699325384566632
2022-05-02,0.0017874135102674137,0.0012198819722561505,0.0005675315380112636,0.02876691144534031
2022-05-03,0.002443835732729052,0.0015592485781257587,0.0008845871546032929,-0.0553636878033638
2022-05-04,0.0014989663011137355,-9.913636700028053e-06,0.0015088799378137653,-0.02046719156798967
2022-05-05,-0.0035868169799606144,-0.0032530229087312287,-0.00033379407122938534,-0.028454266777523187
2022-05-06,-0.0014432181370401655,-0.0015571418776559676,0.00011392374061580147,0.06335043734929476
2022-05-09,-0.001945830048535894,-0.001811201023545227,-0.00013462902499066778,-0.009962627909851444
2022-05-10,0.0037413619686461805,0.001959903493707192,0.0017814584749389888,0.028479560505959175
2022-05-11,-0.0006651469324085234,1.9173216869410384e-05,-0.0006843201492779342,-0.04835270950423034
2022-05-12,0.0017594462602888944,0.00019727204784535275,0.0015621742124435414,0.07321156985091283
2022-05-13,-0.0032501944580901935,-0.002103073178605634,-0.001147121279484558,-0.02185722532635561
2022-05-16,0.004435513121672107,0.003056862886669831,0.001378650235002275,0.026329003163792327
2022-05-17,-0.0012892173243912077,-0.001395578754501133,0.00010636143010992524,0.03663434927524973
2022-05-18,0.0017484962197875805,0.0015305403511067565,0.00021795586868082403,-0.012412189688799891
2022-05-19,0.0021343370481551587,0.0013769982370641647,0.000757338811090994,-0.018079236867572544
2022-05-20,-0.0007596415227049959,-0.000992629677062983,0.00023298815435798727,0.024732006952474375
2022-05-23,-0.0011949180201493471,-0.0019989852773377947,0.0008040672571884458,-0.00991686357336993
2022-05-24,0.0020510806332534755,0.0035695889059116047,-0.001518508272658127,-0.008435030662092924
2022-05-25,-0.0007060760677272434,-0.0003244250256622949,-0.0003816510420649498,0.056643991879554434
2022-05-26,-0.0006126243403366369,0.001067158835919648,-0.001679783176256281,0.08861024424528036
2022-05-27,0.0048553686909594595,0.003863225994562335,0.0009921426963971237,-0.017661585173633722
2022-05-30,0.006958027173154097,0.004955006062265255,0.0020030211108888426,-0.003964508734357647
2022-05-31,-0.001886702635965961,-0.002076238127533117,0.00018953549156715266,0.023551909782244848
2022-06-01,-0.0004892848123866076,-0.0010274034595284176,0.0005381186471418104,-0.036880072093643385
2022-06-02,0.001721017981241722,0.001076968866014787,0.0006440491152269363,0.0009338668446786194
2022-06-03,-0.0024062495773253738,-0.0016888535215750693,-0.0007173960557503032,0.057420023082993266
2022-06-06,6.656844185811415e-05,0.0010994187970147593,-0.0010328503551566455,0.009200248308498468
2022-06-07,0.003298520509168116,0.0022655979774934693,0.0010329225316746465,0.044930406137026487
2022-06-08,0.0005541701976451269,0.0007325930422470983,-0.00017842284460197182,0.0098174476452755
2022-06-09,0.002452583451902112,0.0012480887917610903,0.0012044946601410238,0.04325998394021145
2022-06-10,0.0006073973559952841,0.0005551610385376516,5.2236317457632006e-05,0.05093984813316893
2022-06-13,0.002518373836673003,0.002529307683703968,-1.0933847030967364e-05,0.05350315655546766
2022-06-14,0.0028947678956688714,0.0016532405583126707,0.0012415273373562012,0.12304880022975555
2022-06-15,0.0033667070263913813,0.0012268630556496792,0.0021398439707417016,0.1117176680891547
2022-06-16,0.007046821134358833,0.0033284001452223667,0.0037184209891364655,0.07874361781241594
2022-06-17,0.006231839158941774,0.002879807936824864,0.003352031222116911,0.03406895503800049
2022-06-20,0.0038990370992937748,0.00305946040329193,0.0008395766960018463,-0.03261330299069828
2022-06-21,0.0015231661591925709,0.0009332909235115917,0.0005898752356809792,0.053773014808435146
2022-06-22,-0.00157284535733254,-0.00038813692427140147,-0.0011847084330611386,-0.0341529269064359
2022-06-23,0.003261322594534276,0.0006851462472856106,0.002576176347248665,0.04136791130204418
2022-06-24,-0.002151559772090238,-0.0009545238141836173,-0.0011970359579066207,0.019728824866330305
2022-06-27,0.002355151345982576,0.0001815632902767237,0.002173588055705852,-0.021156744439173605
2022-06-28,0.0011347026485527523,-0.0005424031925904289,0.001677105841143181,0.06879674380070278
2022-06-29,-0.0012615882329764844,-0.000539778558833034,-0.0007218096741434506,-0.01904988158762212
2022-06-30,0.0044001862840195435,0.00296171472605382,0.0014384715579657216,-0.03987863521578782
2022-07-01,-0.001055625908863259,-0.0015836798602872138,0.0005280539514239545,-0.006129442887104625
2022-07-04,-0.002167216978545439,-0.000179051807298259,-0.0019881651712471797,0.028708027043089758
2022-07-05,-0.00042900683032474283,-0.002428952916856488,0.001999946086531745,-0.04530091916040881
2022-07-06,0.0015781077900643265,0.0009801599469221058,0.0005979478431422211,0.1244196532103723
2022-07-07,-0.0025066633943879035,-0.0014668122895523453,-0.0010398511048355583,-0.024868470563702987
2022-07-08,0.007776770282480926,0.0050870501131359,0.002689720169345028,0.025873602356062397
2022-07-11,-0.0011723155990921099,-9.673006202083872e-05,-0.001075585537071272,-0.031870983465512606
2022-07-12,0.001442264597741058,0.0005243853472441319,0.0009178792504969263,-0.01480374642007247
2022-07-13,-0.0018706105622153316,-1.0973739797722707e-05,-0.0018596368224176089,-0.06875369019984331
2022-07-14,-0.000780087788891508,-0.0014635547398759328,0.0006834669509844246,-0.04878090032743371
2022-07-15,-0.004356706014949199,-0.003457579328360633,-0.0008991266865885654,0.1062074998779325
2022-07-18,-0.002716258689106537,-0.0014610663680036315,-0.0012551923211029056,0.013662157376257526
2022-07-19,0.0069041744578484604,0.004696428683487096,0.0022077457743613638,0.12721700913396153
2022-07-20,0.0010889602366135633,0.003800184884002432,-0.00271122464738887,0.05516631697594797
2022-07-21,0.00701097697635489,0.003700608816978812,0.0033103681593760776,0.0400419727541105
2022-07-22,0.0031963100687516085,0.0025749577919442286,0.0006213522768073803,0.023165602097420763
2022-07-25,0.0021503877099237675,0.0001322545666791186,0.002018133143244648,-0.01973819517183635
2022-07-26,0.0012125738983036368,-6.565992652883719e-05,0.001278233824832475,0.024928793989361545
2022-07-27,-0.0011274742244546776,-1.3692198374192117e-05,-0.0011137820260804857,0.046801150003072126
2022-07-28,0.00128304718110629,0.00121687683476373,6.617034634256004e-05,0.0488400620189983
2022-07-29,0.002301808203066621,0.0013002970286769876,0.0010015111743896339,0.015731007249508704
2022-08-01,0.002110384901077557,0.0005322541965319264,0.0015781307045456311,-0.05617582314981293
2022-08-02,0.0007370763718431495,0.0009425418359229141,-0.00020546546407976436,0.04076657589365453
2022-08-03,-0.0027337305565453317,-0.0010033150200136546,-0.0017304155365316768,-0.016721066454030587
2022-08-04,0.0019694038094571187,-0.00012821143060648844,0.0020976152400636076,-0.024435218364339952
2022-08-05,-0.0008452346150716623,0.000349506701688913,-0.0011947413167605753,0.07639730131043856
2022-08-08,-0.0012326570797096359,-0.0011039369157754726,-0.0001287201639341637,0.024878839511804522
2022-08-09,0.004317475902756474,0.0024876945127739656,0.001829781389982508,0.026117809389115097
2022-08-10,0.0014091541515526853,0.0013448495311099008,6.430462044278379e-05,0.03978892585534978
2022-08-11,0.0013222486359666114,0.0005142704817780517,0.0008079781541885595,0.025752481423150037
2022-08-12,0.001667639834309982,0.0012290451850664654,0.00043859464924351685,0.020968325481587936
2022-08-15,0.0013484678101540427,0.0016851211785324626,-0.0003366533683784208,0.0218817241040913
2022-08-16,0.0010048038607725336,0.000957577033135946,4.72268276365878e-05,-0.013162569126152436
2022-08-17,0.001010248167980929,0.0005474575734638006,0.0004627905945171287,0.05275183857372273
2022-08-18,-0.00074747116734373,-0.0012404302034340307,0.000492959036090302,0.03934857708136132
2022-08-19,0.0030393700486955107,0.0030547994222601886,-1.5429373564678286e-05,0.05129295908007226
2022-08-22,0.0020430484717437122,0.0018669814704404932,0.00017606700130321992,-0.04253342794555289
2022-08-23,0.002500278498710578,0.0015874957964784088,0.0009127827022321691,-0.016505819728363326
2022-08-24,-0.0021668966945812803,-0.0010628421363705082,-0.0011040545582107712,-0.027949727854850233
2022-08-25,-0.0008152628593304789,0.00012601580203697583,-0.0009412786613674548,-0.004510331296874267
2022-08-26,-0.0011331815325691537,-0.0006126547135330356,-0.0005205268190361185,-0.06040046699418457
2022-08-29,-0.000197847132591745,0.00037386579557695986,-0.0005717129281687054,-0.03647916582474647
2022-08-30,-0.0032783825613872906,-0.003192742762731647,-8.563979865564356e-05,0.0662706378450275
2022-08-31,-0.0019473661470032623,-0.0018562941233699988,-9.107202363326395e-05,0.0383019321014666
2022-09-01,0.0030924519329984957,0.0012982023802937744,0.0017942495527047222,0.09439036043877133
2022-09-02,0.0018021750016508802,0.0020824864650482696,-0.00028031146339739,0.014997797408697855
2022-09-05,0.003573871091656738,0.0021981712696121634,0.0013756998220445745,0.03009368011999474
2022-09-06,0.0006994447733468323,0.001926643782675706,-0.0012271990093288727,0.14401088393125724
2022-09-07,0.0013978110727426636,0.00022278199813501823,0.001175029074607645,0.027302281423006537
2022-09-08,0.0060019948768874586,0.00418734952131763,0.0018146453555698307,-0.03929853430932538
2022-09-09,0.0014172794643230796,0.002778242590291186,-0.0013609631259681055,0.12640557413848771
2022-09-12,-0.0017861581005634954,-0.002330262424966263,0.0005441043244027669,0.04911209189330417
2022-09-13,0.005878335934756382,0.0054443370679966435,0.0004339988667597383,-0.11823946394304256
2022-09-14,0.0021659893760822523,0.0013236063504632831,0.0008423830256189691,0.029372257051926556
2022-09-15,-0.007463546785545676,-0.005647256385342432,-0.0018162904002032429,0.0039460863502195735
2022-09-16,0.0014446818735468824,0.0013226358923619855,0.0001220459811848984,-0.009094062441973335
2022-09-19,0.00016902047428184945,-0.0008320500695645524,0.001001070543846402,-0.04167477155670377
2022-09-20,-0.0004515821145033637,0.0022422027030842666,-0.0026937848175876324,-0.013503470983894785
2022-09-21,-0.002413566442874487,-5.516115443041612e-05,-0.00235840528844407,0.08840191498792363
2022-09-22,-0.0009073416141513468,-0.002487025876000238,0.0015796842618488911,0.11159313652673483
2022-09-23,0.005179884011246994,0.0014672139514028222,0.003712670059844172,0.07630739520413936
2022-09-26,0.005381769574179656,0.002966630212909242,0.002415139361270415,0.0005104710249426966
2022-09-27,0.0038102097761077004,0.0017416986336508383,0.0020685111424568626,0.08966431399118328
2022-09-28,5.613559364586198e-05,-0.000506515755503676,0.00056265134914954,0.031396057369658746
2022-09-29,0.004264145883673794,0.0023084105901953903,0.001955735293478404,0.01719586712872802
2022-09-30,0.0016429295207153606,0.0006364997144534673,0.0010064298062618941,0.061261087903053686
2022-10-03,0.0006794354478453908,0.001001688823998436,-0.00032225337615304425,0.058725846016083515
2022-10-04,0.003144530185313958,0.0012893675284310698,0.0018551626568828888,0.009457073248954185
2022-10-05,0.003004656471836209,0.0003256958294264034,0.002678960642409807,-0.12322703368384799
2022-10-06,0.0004038452655059979,-0.00019220683804269242,0.0005960521035486908,0.029144504743188124
2022-10-07,-0.005369896689498472,-0.0016936672260812278,-0.0036762294634172443,0.0193164373593533
2022-10-10,0.0012373745399081695,7.422706377674393e-05,0.0011631474761314249,0.04030417914752609
2022-10-11,0.0008555588818724132,-0.00011323292419130422,0.0009687918060637167,-0.025698217776422002
2022-10-12,0.0017373354090010002,0.0007048005587299106,0.00103253485027109,0.07620340065669139
2022-10-13,-0.0011277702308010273,-0.0005502787359752065,-0.0005774914948258204,-0.07952207049205592
2022-10-14,0.003029240897382138,0.0016802052717971765,0.0013490356255849607,0.07654295720845118
2022-10-17,-0.0031907496340558865,-0.0012914754285999752,-0.0018992742054559112,-0.05996426802366026
2022-10-18,0.0038192596110770537,0.0014792960272889157,0.00233996358378814,0.043116896058869564
2022-10-19,-0.002761821700509687,-0.0017827790776345906,-0.0009790426228750964,0.020304694052182323
2022-10-20,0.0019615350584979226,0.0012153926928803595,0.0007461423656175631,-0.003034588637826147
2022-10-21,0.0009496829010036146,0.00023268946654280385,0.000716993434460811,5.345444355648329e-05
2022-10-24,-0.00016554951507965045,-0.0005154030954069178,0.00034985358032726954,-0.07666942027104569
2022-10-25,6.437422251207936e-06,0.00022248921751989986,-0.00021605179526869127,0.04703369101572442
2022-10-26,-0.00426454629168303,-0.0011739493666728796,-0.0030905969250101498,-0.05037307346040968
2022-10-27,0.0024931156959658806,0.001058993070767384,0.001434122625198497,-0.013393275314731164
2022-10-28,-0.002330206783251285,-0.001599053965967179,-0.0007311528172841064,-0.06218392753177949
2022-10-31,-0.0006755818313982945,-0.0006867307264917235,1.1148895093428951e-05,-0.0034845605239955057
2022-11-01,-0.003496251306538467,-0.0013276398213466012,-0.002168611485191866,-0.031097036823565658
2022-11-02,-0.00017610646945390791,-0.0004441916389522759,0.00026808516949836775,-0.01818080377687062
2022-11-03,-0.0014567346288431194,3.356108196433949e-05,-0.0014902957108074606,-0.022259784382285857
2022-11-04,-0.0008235173548409606,0.0005669230611233533,-0.0013904404159643148,-0.06948321720690036
2022-11-07,-0.0010921383719857672,0.0013087223966928392,-0.0024008607686786063,-0.006372478281834806
2022-11-08,-0.003840248898375277,-0.001569810322224443,-0.002270438576150835,0.018726711008332276
2022-11-09,-0.0004416876125874446,-0.0014134469566671297,0.0009717593440796875,0.040374222485451756
2022-11-10,0.0011145956602349122,0.0006658969663069,0.0004486986939280131,0.04126115753243499
2022-11-11,0.0021834771965490653,0.000407086252913246,0.0017763909436358197,-0.013831524549475102
2022-11-14,0.00296105714193339,0.0003015507342126085,0.002659506407720783,-0.03662036896784337
2022-11-15,-0.0010599376089877241,-0.0023188677999160644,0.0012589301909283427,0.09579623283479703
2022-11-16,-0.0021032820820931306,-0.0010322568611581175,-0.0010710252209350127,0.046052845008683556
2022-11-17,0.004264304228192515,0.0026938885009856087,0.001570415727206906,0.014880006091220161
2022-11-18,0.0023891994876004503,0.0016245685556402368,0.0007646309319602144,-0.09208703555189977
2022-11-21,0.0006918443718548192,-0.00040253565731574424,0.0010943800291705642,-0.0779391884915321
2022-11-22,-0.004859401484992329,-0.0033100788120923007,-0.0015493226729000296,-0.07537527950207694
2022-11-23,-0.0039893715691956344,-0.0021401810109178626,-0.001849190558277771,0.03406699001442604
2022-11-24,-0.004317221066367555,-0.0032285872568580307,-0.001088633809509524,0.032610105631077635
2022-11-25,0.001780168319451261,0.00142617119577751,0.0003539971236737509,-0.07445086197565826
2022-11-28,0.00150537735996658,0.0011202829353238468,0.0003850944246427336,-0.04029142572557446
2022-11-29,-0.003687212104161502,-0.0018709305613870877,-0.0018162815427744151,0.05957038778355178
2022-11-30,-0.0017886005572124105,-0.0014186644214789958,-0.0003699361357334145,-0.00401328688948637
2022-12-01,0.0028687468389037405,0.0015321248795367708,0.0013366219593669696,0.0854810955951135
2022-12-02,-0.00011009322018005991,0.001098137711294904,-0.0012082309314749634,-0.0039373745018920865
2022-12-05,0.003941666357365409,0.001908145822469478,0.002033520534895932,-0.019774169272127506
2022-12-06,-0.0002621999449983381,-0.0011875884777927878,0.0009253885327944493,0.05355832928916571
2022-12-07,-0.0009226081720533481,0.0008302912569289377,-0.001752899428982286,0.056242015169290664
2022-12-08,0.0027380246809759158,0.002154438579163645,0.0005835861018122727,0.07175373925082518
2022-12-09,0.002684768330903813,0.0009413014705148704,0.0017434668603889406,-0.04117949668088666
2022-12-12,0.0033704768602828236,0.002045093056412501,0.0013253838038703222,0.12664226206314946
2022-12-13,-0.002381174831660831,-0.0007103305588809377,-0.001670844272779894,0.02560476666726964
2022-12-14,0.00564815029614882,0.0029385635672848735,0.0027095867288639483,0.02021051702856288
2022-12-15,0.0011212030967194028,0.0006444566483969905,0.00047674644832241143,-0.10582903251538159
2022-12-16,0.000961456681408824,0.0007648623129764926,0.00019659436843233197,0.006975947622811337
2022-12-19,-0.0060687566369633655,-0.0027987311574646737,-0.0032700254794986935,0.04874048763514542
2022-12-20,0.00033180799307037283,-0.0002029604685782826,0.0005347684616486554,0.02062106444050661
2022-12-21,0.002567141648922683,0.0025162183669214973,5.092328200118762e-05,-0.006516997600303126
2022-12-22,0.0010440604897641263,0.0005740991816665635,0.00046996130809756273,-0.05607731341988743
2022-12-23,-0.0003509322332344457,-0.00036767860862659023,1.6746375392144594e-05,-0.005856093246440996
2022-12-26,-0.0030922550232505234,-0.0013117143313743883,-0.001780540691876135,0.015937708116006515
2022-12-27,-0.0003440585638473752,-0.001131041577183297,0.0007869830133359224,0.03434797053027818
2022-12-28,0.0006825595350390293,6.177915418221439e-05,0.0006207803808568136,0.04536780661491861
2022-12-29,0.0015886890315916233,0.0019076128616954107,-0.0003189238301037865,-0.017919732567935772
2022-12-30,0.0020993564393018,0.0020795973286615553,1.97591106402455e-05,0.010867582559178308
2023-01-02,-0.0007028920962224131,0.00024267114534720201,-0.0009455632415696141,-0.00037475449128361506
2023-01-03,0.0005241481283705366,0.001049918156663946,-0.0005257700282934093,0.06579129518525012
2023-01-04,-4.03142747704468e-05,-0.0003219118649962331,0.0002815975902257863,-0.01531783834218602
2023-01-05,0.0027956896516341334,0.002705150617299319,9.05390343348151e-05,0.07275711529239914
2023-01-06,-0.0006028567268104158,-0.0003838661501458177,-0.00021899057666459765,-0.03288435640499326
2023-01-09,0.004618537511785084,0.003490162787129804,0.00112837472465528,0.017790054912896456
2023-01-10,-0.0017007072784756753,-0.001789083023963264,8.837574548758824e-05,0.05985473862210218
2023-01-11,0.0009110784246474633,0.002019862669575394,-0.001108784244927932,-0.025855943356247513
2023-01-12,0.0025086220547126,0.0002014902380253784,0.002307131816687221,0.014894556121074725
2023-01-13,-0.0015022814847411668,-0.0017926221487612956,0.0002903406640201306,0.08405674297039609
2023-01-16,0.00063294341468647,-0.0005154620660490564,0.001148405480735526,0.021891785268576595
2023-01-17,0.0042266667660662074,0.003187575989365752,0.0010390907767004551,0.09133923266445926
2023-01-18,0.0009938526092144277,0.001238397010351403,-0.0002445444011369758,0.021151305014234872
2023-01-19,0.0031851137080905734,0.0022632517805427155,0.0009218619275478592,-0.17620338723706297
2023-01-20,0.0009436437492150408,0.0015005280812152456,-0.0005568843320002057,-0.015752498206526976
2023-01-23,-0.007288897118969917,-0.002488769747207808,-0.004800127371762112,0.02298913251083003
2023-01-24,-0.000645126864132395,-0.0005516232555631303,-9.350360856926528e-05,-0.0665601268249174
2023-01-25,0.001189512510652867,0.0015102945158007933,-0.00032078200514792585,0.07281159971876609
2023-01-26,-0.00301896081641326,-0.0033757024534565687,0.00035674163704331116,0.029569438000361343
2023-01-27,0.0028407701009502562,0.0015494031517405285,0.0012913669492097277,-0.08428856026104956
2023-01-30,0.0012337669435614684,0.0008672898592435091,0.00036647708431795847,-0.07464916194509685
2023-01-31,-0.003308968683486917,-0.0021864627367667927,-0.0011225059467201244,-0.11950050321805254
2023-02-01,-0.003090533190940047,-0.0005149004344217195,-0.0025756327565183285,0.04261719599128632
2023-02-02,-0.005897033285028214,-0.003655442741901876,-0.002241590543126338,-0.1903134598445752
2023-02-03,0.0019595520830469225,0.0011134433078726427,0.0008461087751742806,0.013903961920446116
2023-02-06,-0.009959812031868975,-0.001382999564410195,-0.008576812467458783,-0.037524521165893394
2023-02-07,0.0006185145175911199,-0.0007239627250438859,0.0013424772426350057,0.13227602950261774
2023-02-08,-0.0020738644497594115,-0.0019670508492994655,-0.0001068136004599464,-0.0229608088165066
2023-02-09,0.0069306458343524995,0.001608602230210636,0.005322043604141867,0.03152276548641602
2023-02-10,-0.001345669475796932,-0.0006840422056471273,-0.0006616272701498046,-0.0711003902790046
2023-02-13,0.0021049199317750306,0.0023440335610759,-0.0002391136293008675,-0.13883244400467037
2023-02-14,-0.003620882886018717,-0.0009709452511003878,-0.0026499376349183278,-0.024846357919150467
2023-02-15,-0.010075917409735513,-0.0037594520343308888,-0.006316465375404624,-0.23389618797196293
2023-02-16,-0.0013408541421026142,0.0004710342071383919,-0.0018118883492410053,-0.1994070432367316
2023-02-17,-0.014062717927007161,-0.006233823295519109,-0.007828894631488052,0.0966753080063218
2023-02-20,-0.020610091066088104,-0.009214004358731376,-0.011396086707356715,0.05193792083329699
2023-02-21,0.011603803644167767,0.0019278112686868243,0.009675992375480946,0.288825764464938
2023-02-22,0.0065876928521996685,0.00036407702432846543,0.006223615827871203,0.030766283638080403
2023-02-23,0.028229248169800766,0.011334803391177761,0.016894444778622994,0.02828150379368772
2023-02-24,0.0026273447266314948,0.0008849332804854865,0.0017424114461460083,0.12175864575743663
2023-02-27,0.0016491247037595128,0.0004952808527305709,0.00115384385102894,0.11022879917289923
2023-02-28,0.006960234731265146,0.003684474682426501,0.0032757600488386475,0.15151608081978454
2023-03-01,0.005992806134116886,0.002681239607386695,0.0033115665267301926,0.12151575180277853
2023-03-02,0.009694503848345791,0.004948022172187091,0.004746481676158699,0.11702971163595424
2023-03-03,0.007011846604449199,0.00341793682654872,0.003593909777900481,-0.2510391947170989
2023-03-06,0.006388627095236356,0.0022754721057716733,0.004113154989464685,0.11483653271592184
2023-03-07,-0.02040913265694832,-0.008414161556719264,-0.011994971100229047,0.04625518758074726
2023-03-08,0.006687279314101318,0.0018026284040660936,0.004884650910035218,-0.030051193762473886
2023-03-09,0.0025262422594202767,2.339222176690227e-05,0.0025028500376533752,-0.0827674107341726
2023-03-10,-0.001983632025524846,-0.0021430688057861133,0.00015943678026126749,0.02735598177884755
2023-03-13,-0.004812244878453723,-0.0026681699567997832,-0.00214407492165394,0.023233168774002614
2023-03-14,0.001422734080610184,0.0004928658005975313,0.0009298682800126523,0.0334260085874242
2023-03-15,0.0015815334756284624,0.0015603095537499601,2.122392187850139e-05,0.07761968601495332
2023-03-16,0.0017688640536975917,-0.00031648358221436634,0.002085347635911958,0.06277307170541103
2023-03-17,0.004319980659977341,0.000984426463919566,0.003335554196057775,0.00746942382265911
2023-03-20,0.003805638424412377,0.00208890618762427,0.0017167322367881085,0.019448881215092955
2023-03-21,0.00029612726208202305,-0.0010295978806016597,0.0013257251426836826,0.06784085407879395
2023-03-22,0.0010541143273161274,0.0010650832616025067,-1.0968934286380988e-05,0.05249675384948404
2023-03-23,0.0031653335110802517,0.0006632104916687778,0.0025021230194114744,0.016781702823634396
2023-03-24,0.002507788624143878,0.0005253098593933254,0.001982478764750552,0.05203143569018466
2023-03-27,0.0008930390417574308,0.001356727179660374,-0.00046368813790294327,0.030052155066057774
2023-03-28,0.0029799568959452544,0.0010631720999401285,0.0019167847960051242,-0.057520482855676444
2023-03-29,0.0017483368687949519,0.0011883434822125218,0.0005599933865824299,0.015091274900025835
2023-03-30,-0.0036287702235859812,-0.001449676853108716,-0.002179093370477265,0.017640449676023982
2023-03-31,0.0010864615426878941,0.0015318227699493148,-0.0004453612272614198,-0.07929813425290982
2023-04-03,0.0011778311166107999,0.0012358031230694897,-5.797200645869002e-05,0.13425716133463275
2023-04-04,-0.005391384948957087,-0.00020235980208203885,-0.005189025146875047,0.10017703921638321
2023-04-05,0.008447474152495398,0.0016372151610426836,0.006810258991452715,0.026495415492364633
2023-04-06,0.006198811362218412,0.0022306359761110634,0.003968175386107347,0.0501634030920934
2023-04-07,0.001602305022934428,-0.0010716025824083625,0.002673907605342793,-0.00017882146615543843
2023-04-10,0.0032052248955086703,0.0021119397581974278,0.0010932851373112425,-0.022810770022195365
2023-04-11,4.074262855913624e-05,0.000617075981530258,-0.0005763333529711229,0.00024427075933851653
2023-04-12,-0.0012886107116465905,0.001785792389679821,-0.003074403101326409,-0.03353111389889987
2023-04-13,-0.0001326597957355452,-0.0017268646303777203,0.001594204834642175,0.032763083474934666
2023-04-14,-0.0019348453660699683,4.7774492025351445e-05,-0.0019826198580953185,0.027484562344937295
2023-04-17,0.0019723166774982467,0.0009219875342928378,0.0010503291432054085,-0.04255395107653838
2023-04-18,0.0017936951153867198,0.0021624805021689866,-0.0003687853867822659,-0.08730974173185212
2023-04-19,-0.003432628688465336,0.0015838625864636642,-0.005016491274928998,0.06839099824817765
2023-04-20,-0.0070451654836450875,0.0018793885474892372,-0.008924554031134325,0.006179654452848459
2023-04-21,0.005460750376062047,-0.0016972610308243347,0.0071580114068863845,0.02288528506358434
2023-04-24,0.0004892818828432778,0.0013064557705416923,-0.0008171738876984157,0.047090156234511696
2023-04-25,0.001655900391437513,0.0021055618638108654,-0.0004496614723733519,0.05543841840012642
2023-04-26,0.0036967662720042063,0.002237194711363407,0.0014595715606407992,0.003149834494325505
2023-04-27,0.003699600199592805,0.002620635775190969,0.0010789644244018361,0.05051617855103403
2023-04-28,7.201568919292922e-05,-0.002003374694465883,0.002075390383658813,-0.08925014190583508
2023-05-01,0.0030736644944018075,0.0008605953502767009,0.0022130691441251066,-0.008216346260983476
2023-05-02,-0.006558876588095867,-0.004725483749571244,-0.001833392838524621,0.059518513967190594
2023-05-03,-0.0008690274173963229,-0.0020157950795766898,0.0011467676621803695,0.048133273098729376
2023-05-04,0.004196068422867819,0.002817580576525888,0.0013784878463419309,0.03151755971999612
2023-05-05,0.002905945971589804,-0.0004507680682820231,0.00335671403987183,0.04915566117075871
2023-05-08,0.0017519945030517728,-0.0005770819271302121,0.002329076430181985,0.022703966717129008
2023-05-09,0.003151211856614539,0.002192683341206392,0.0009585285154081451,-0.04053098940704569
2023-05-10,0.0011635907931336388,-0.00010920842323538724,0.001272799216369025,0.0062636256144503735
2023-05-11,-0.002302594581213493,-2.2281462418297093e-05,-0.0022803131187951976,0.05765307348716622
2023-05-12,0.00043512904702322063,0.00032775854774630235,0.00010737049927691568,-0.049829378912333626
2023-05-15,0.003184212419853791,0.0009265545949911991,0.0022576578248625937,0.009381600484138997
2023-05-16,-0.0027135414304893402,-0.0010575371097618688,-0.0016560043207274715,0.07060085850446272
2023-05-17,0.0005840053539543788,0.0008289520572888286,-0.0002449467033344508,-0.06729564744122471
2023-05-18,0.004449666871962575,0.0023301229004150242,0.0021195439715475523,0.0016547790427598452
2023-05-19,-0.004384721288690525,-0.003232103921012648,-0.0011526173676778767,0.06422749491177346
2023-05-22,0.00013898944091588383,0.000699798866772872,-0.0005608094258569857,-0.030035566859700522
2023-05-23,0.0034847761834372213,0.0017933357525925131,0.0016914404308447087,0.051731914296100044
2023-05-24,-0.0015029783394892424,0.000263693959695787,-0.0017666722991850278,-0.0062893468842962486
2023-05-25,0.0033242608723366377,0.0027346706962359775,0.0005895901761006593,-0.005490487901348804
2023-05-26,-0.0004820140628596357,-0.0013360464717554208,0.0008540324088957855,-0.016276744131981765
2023-05-29,-0.00019980936264852233,0.0009582587046332008,-0.0011580680672817253,0.06767378722235746
2023-05-30,-0.0007732036502797967,0.0002495715131633765,-0.001022775163443173,0.13850494531442917
2023-05-31,0.0035548981297500028,0.0021370848572238536,0.0014178132725261496,-0.1520390238536239
2023-06-01,0.007530748960761561,0.0036877095293936357,0.0038430394313679252,-0.16617901620816336
2023-06-02,-0.00964953863755356,-0.004628324181090895,-0.005021214456462666,-0.07217041683077112
2023-06-05,-0.01094201775740172,-0.00656873377524959,-0.004373283982152131,-0.2571483930847611
2023-06-06,-0.004168686143541993,-0.0018715188931945504,-0.0022971672503474417,0.2755858925005873
2023-06-07,-0.01804773520494992,-0.008214711780617369,-0.009833023424332545,-0.05054293383610137
2023-06-08,0.01739455726929158,0.010156128763546171,0.007238428505745411,0.06320506788741886
2023-06-09,-0.0029260450952105664,-0.00292325706160022,-2.788033610346373e-06,-0.09000448106543829
2023-06-12,0.003070827470310965,0.00048329478403453564,0.00258753268627643,-0.027970770564755214
2023-06-13,-0.0040538862550507275,-0.0018323641657130279,-0.0022215220893376988,-0.11177753827983228
2023-06-14,-0.0012069788627049505,-0.0005006263924492273,-0.0007063524702557236,0.10147266424930668
2023-06-15,-0.005863491349985985,-0.0034256948547526514,-0.0024377964952333334,0.0069858875594520035
2023-06-16,0.005375446358393494,0.0026071273093380472,0.002768319049055447,-0.08039976952616072
2023-06-19,0.0003678132619577114,0.00037754248759000984,-9.729225632297556e-06,0.037872948419432305
2023-06-20,-0.0040125265944602,-0.0006026332946386034,-0.0034098932998215953,-0.1943740906655321
2023-06-21,0.0018743375738945619,0.0019192325785468423,-4.489500465228028e-05,0.07010049319684573
2023-06-22,-0.01159591663089616,-0.0036046355525014423,-0.00799128107839471,0.21894774785680313
2023-06-23,0.004282163540316361,0.0022239802675899506,0.00205818327272641,-0.007568845253156651
2023-06-26,0.013323632873128035,0.005611446463900698,0.007712186409227339,-0.02245660269895933
2023-06-27,-0.00025746586747283935,0.0008642320748560584,-0.0011216979423288968,-0.027361982851734162
2023-06-28,-0.00127748126973686,-0.0013867629039692872,0.0001092816342324267,0.17458462516654416
2023-06-29,-0.001516047722037852,-0.00134461204098185,-0.00017143568105600256,0.00484849307967076
2023-06-30,0.011311521596919737,0.006828200028640503,0.004483321568279236,-0.20202564109366253
2023-07-03,0.00039056748144424816,0.0013404385945084826,-0.0009498711130642339,0.15989909659925977
2023-07-04,-0.00944068376332318,-0.0037570225207994544,-0.005683661242523726,-0.1129487617555538
2023-07-05,0.007743690831815565,0.00253865836957551,0.005205032462240056,-0.06911607580574262
2023-07-06,-0.006389553798194062,-0.0009054559152209818,-0.005484097882973084,-0.04872273399053705
2023-07-07,-0.004437881473090238,-0.003765200400046763,-0.0006726810730434754,0.22909714245459337
2023-07-10,-0.003089107271693595,-0.00013262716028864408,-0.0029564801114049504,0.0009284911442740929
2023-07-11,0.012608478010460321,0.005389490486000719,0.0072189875244596,-0.04452354864719948
2023-07-12,0.00013156172387187204,0.0010514284427246036,-0.0009198667188527316,-0.12553527453912494
2023-07-13,-0.002280182624289147,-0.0007489796617567348,-0.001531202962532412,0.056056817957041115
2023-07-14,-0.006579952448616983,-0.0044206686917179225,-0.0021592837568990596,-0.026995158665112796
2023-07-17,0.0033424347852127737,0.0034145996216353785,-7.216483642260435e-05,-0.03318078311457072
2023-07-18,-0.001347923351449002,-6.711259682588865e-05,-0.0012808107546231132,-0.08178202373908111
2023-07-19,-0.0016848343639741623,-0.0017743607394415358,8.95263754673737e-05,0.0036759241968197074
2023-07-20,-0.0042585010249352375,-0.001971113557115778,-0.002287387467819459,-0.03524300519334927
2023-07-21,0.00033814811942121177,0.0017955067025467487,-0.0014573585831255363,0.03972324589367034
2023-07-24,-0.0018831154406581294,0.00037276200365502117,-0.002255877444313152,0.05322022278381018
2023-07-25,0.0020324316694844214,0.00022923584134707051,0.0018031958281373509,-0.05346658573598273
2023-07-26,0.002668051736789553,-0.0002507465160189737,0.0029187982528085243,-0.033856704043302314
2023-07-27,-0.003312782180322439,-0.0029827564301010694,-0.00033002575022136904,0.09663604301911681
2023-07-28,-0.001915307773934925,-0.001192576425815964,-0.0007227313481189624,0.005031291003437955
2023-07-31,0.005613850085551335,0.0006975269746242324,0.004916323110927108,0.06987984096803036
2023-08-01,0.00017048973505859788,-0.0008604541732059102,0.0010309439082645082,0.010553533964645171
2023-08-02,0.004425606175673974,0.002865190397360085,0.0015604157783138863,0.08450289179669776
2023-08-03,0.0009503286350166788,0.0033374677767167016,-0.002387139141700023,-0.03125907254352264
2023-08-04,0.00468192921646428,0.0019950576054150425,0.0026868716110492394,0.11338031874786149
2023-08-07,-0.0017232315610856684,-0.00030006046605153503,-0.0014231710950341329,0.00772905041434217
2023-08-08,0.006674388314987085,0.004283567948365785,0.0023908203666213003,0.06684558502891534
2023-08-09,0.0004818614488444708,0.0012554655291859007,-0.0007736040803414286,-0.01626974449737646
2023-08-10,0.0041469667480515966,0.0034924406282565703,0.0006545261197950254,-0.09065182370022914
2023-08-11,-0.0007160119602339172,-0.0009764422438350902,0.0002604302836011728,-0.029089719038668548
2023-08-14,-0.004700259928297885,-0.0030079644050298717,-0.001692295523268014,-0.05673989441660047
2023-08-15,-0.0014503783274860264,-0.001902710469745864,0.00045233214225983906,-0.058796786865038184
2023-08-16,-0.00351071422761847,-0.0019913013570399696,-0.0015194128705785011,-0.07215615055893192
2023-08-17,-0.003909378490256639,-0.0027933028748395768,-0.0011160756154170613,0.06728271358572069
2023-08-18,-0.0037589025945181822,-0.0003842257577512595,-0.003374676836766923,0.04096848663724109
2023-08-21,0.003710512328607086,0.0028181107696825984,0.0008924015589244884,-0.06015414200351816
2023-08-22,0.0024623880862714755,0.0026112137919250336,-0.00014882570565355815,0.10034218871741572
2023-08-23,-0.0035910697035678946,-0.0018402819064201176,-0.0017507877971477777,0.1137935691184868
2023-08-24,0.005926838800640518,0.0026484042880064486,0.003278434512634071,0.002632382906847189
2023-08-25,0.007199208102099914,0.006205974231562624,0.0009932338705372894,0.04821584284801077
2023-08-28,5.8587936386160966e-05,-0.0008963006910929399,0.0009548886274791005,-0.09580276882839461
2023-08-29,0.0026758192714712347,-0.00014480324139994928,0.0028206225128711866,0.06881252348576673
2023-08-30,-0.004730900210500559,-0.0038279773997891894,-0.00090292281071137,0.0014503107914277075
2023-08-31,0.004345161687021941,0.004213099160709928,0.00013206252631201357,-0.0038536513003830713
2023-09-01,6.658840638701e-06,-0.0004875841880244598,0.0004942430286631622,0.03671400884576336
2023-09-04,-0.0002636749040316965,-0.0008606121665620109,0.000596937262530314,-0.018511341016751073
2023-09-05,0.0017237171052691324,-0.00018131289527827804,0.0019050300005474113,0.013509944916943276
2023-09-06,-0.0007326774940801871,0.0023248345889279685,-0.003057512083008156,-0.0011057123637160735
2023-09-07,0.0007861165166408172,0.001001914013103328,-0.0002157974964625102,-0.046356088977493645
2023-09-08,-7.632317173342164e-05,-0.00013447557785434576,5.81524061209226e-05,0.15443829434818615
2023-09-11,-0.002633964402397012,-0.0013902446155567676,-0.0012437197868402452,0.06789084785118012
2023-09-12,0.0079021667656742,0.004352640257231816,0.003549526508442383,-0.07517820948248063
2023-09-13,0.0038188910690100638,0.0032695521493316497,0.0005493389196784149,0.13666703201318017
2023-09-14,-0.004237412682209247,-0.0020460738477882136,-0.002191338834421033,-0.00834807243384234
2023-09-15,0.006933173940514448,0.0013198866653565504,0.005613287275157898,-0.03309264577575702
2023-09-18,-0.0005190582811571318,-0.0003238408802733099,-0.0001952174008838221,0.020204833452917126
2023-09-19,-0.0017424632801215495,-0.0020074091395753477,0.000264945859453798,0.0830701413212673
2023-09-20,0.00092913610162285,-0.002339807392834105,0.003268943494456958,0.048655474658271185
2023-09-21,0.004604536217506607,0.0020692361912438857,0.00253530002626272,-0.16527753484939486
2023-09-22,0.003028239582760867,-0.0015041684907533617,0.004532408073514231,-0.0914563488041346
2023-09-25,-0.012447455202403809,-0.010714771950598265,-0.0017326832518055474,-0.16413340027555084
2023-09-26,-0.009860148313706924,-0.014411848335210545,0.004551700021503624,-0.1389127060840672
2023-09-27,-0.01964083062259283,-0.0185697950817272,-0.001071035540865628,0.06885821643206919
2023-09-28,-0.01626784937982449,-0.0021019859792966306,-0.014165863400527848,-0.07692372193745103
2023-09-29,0.006276551862800963,0.0022828648624418375,0.003993687000359125,0.03103474002857732
2023-10-02,-0.006212626364727537,-0.0021426536352117595,-0.004069972729515772,-0.05849364895317995
2023-10-03,0.002240181116204553,-0.000294133238041807,0.0025343143542463607,0.0573432157617466
2023-10-04,-0.0038265725208809723,-0.0015906079902803308,-0.002235964530600645,-0.0318340538739368
2023-10-05,0.003796104477997809,0.0008351774581062451,0.0029609270198915653,0.04167623145111804
2023-10-06,-0.0021175208943712736,-0.0002546968359469562,-0.0018628240584243174,0.08381773259100316
2023-10-09,0.002816681475967621,0.0023999314961209786,0.0004167499798466458,0.005384057963702275
2023-10-10,0.006958799058340495,0.0036562713457224255,0.0033025277126180683,-0.03798502722882671
2023-10-11,0.00035379670246613905,-0.001007724773216527,0.0013615214756826644,-0.038229839568441566
2023-10-12,-0.0028815936114554817,-0.0030340996141439243,0.00015250600268844295,0.18809851806107278
2023-10-13,-0.00282912293537251,-0.002433243612107896,-0.00039587932326461345,0.13234250817933052
2023-10-16,0.013730394239227287,0.00553941372154796,0.008190980517679324,0.0067713192309967135
2023-10-17,0.009906927154615042,0.001890008274328319,0.008016918880286723,0.08653526863044181
2023-10-18,0.0009909164866704107,0.004257611373555039,-0.0032666948868846288,0.08110947552999909
2023-10-19,0.0070527446393291535,0.0026663469411743364,0.004386397698154817,-0.2097851458473721
2023-10-20,0.0064216135785831185,0.0006018009329532698,0.0058198126456298505,0.084493414590075
2023-10-23,-0.02426512857137536,-0.01148214408123096,-0.012782984490144403,0.15566299899148617
2023-10-24,0.006847241024905386,0.0032312903460948623,0.0036159506788105266,0.0578231260824321
2023-10-25,0.011249571388634942,0.004692892129690901,0.006556679258944036,0.06923318446937435
2023-10-26,0.00436999208577559,0.000429317581331733,0.003940674504443858,0.07647521309639853
2023-10-27,0.005421029826656246,-0.0001797270337272651,0.005600756860383509,0.10267004379853464
2023-10-30,0.00606134343357188,0.003480642853781303,0.002580700579790578,-0.026146333016658932
2023-10-31,0.008885197629572048,0.005847704987758523,0.0030374926418135217,-0.04347960167767375
2023-11-01,-0.0017505695960014795,0.00035925322218039596,-0.002109822818181877,-0.09890013491994713
2023-11-02,-0.0027513675793997563,-0.0007846822277096548,-0.0019666853516901012,-0.021529338272147713
2023-11-03,-0.0066180901370375845,-0.0005992064246775966,-0.006018883712359986,-0.2519526394960778
2023-11-06,-0.0015132722032066884,0.0003630242142804718,-0.0018762964174871624,0.1708164132277927
2023-11-07,-0.026752032785278074,-0.016426197343123238,-0.010325835442154837,0.2118779989876767
2023-11-08,0.011940239380306878,0.005880175320570762,0.006060064059736112,0.08318902658414515
2023-11-09,0.013514504514739038,0.004259179637185393,0.009255324877553643,-0.09027108895085031
2023-11-10,0.005406085748590858,0.00277402052506106,0.0026320652235297982,0.0312765415389848
2023-11-13,-0.007133329266172047,-0.0014835890094848161,-0.005649740256687231,-0.08059192591785933
2023-11-14,0.0020141901808966496,-0.0015837311829341658,0.003597921363830815,0.03475264657647166
2023-11-15,-0.006113814058367599,-0.002383000155367302,-0.0037308139030002964,0.06788386036179576
2023-11-16,0.002282999455333316,0.0003212558843873857,0.0019617435709459313,0.04419235374730959
2023-11-17,0.004381159431370462,0.0011550372024418721,0.003226122228928591,0.16020925930199026
2023-11-20,0.002893360904505344,0.0008271765964744295,0.0020661843080309137,0.04453963145364376
2023-11-21,0.010799916449661101,0.00329266850672693,0.00750724794293417,-0.08233956723192838
2023-11-22,0.002941326900539461,0.0012105935802503688,0.0017307333202890912,0.08975648227207274
2023-11-23,-0.005578025415249653,-0.0018561033045856878,-0.003721922110663965,0.012059858490713112
2023-11-24,0.005843949213726337,0.0026775568899626047,0.0031663923237637316,0.02858448568080248
2023-11-27,0.0007140312063819395,-0.00018155942004102234,0.000895590626422962,0.022034664801915585
2023-11-28,0.0018102067272834637,0.0012378372226597482,0.0005723695046237157,0.07891283706273598
2023-11-29,0.001401369490675666,0.00016535368232473147,0.0012360158083509348,0.1048508225174196
2023-11-30,0.005166962301369668,6.617812900788778e-05,0.00510078417236178,-0.06720254352419182
2023-12-01,0.006956208029500794,0.0030964259542746522,0.003859782075226142,0.008971229375111455
2023-12-04,-0.004831772191883212,-0.0012456793611602228,-0.003586092830722993,-0.21993256598484298
2023-12-05,0.0005410393088394943,-0.0006607217108185841,0.0012017610196580764,-0.033031107900817494
2023-12-06,-0.016605101288896768,-0.004621753147486626,-0.011983348141410142,-0.035626662354017964
2023-12-07,-0.0021595864153181434,-0.0011581586725435944,-0.0010014277427745494,0.031020308343216944
2023-12-08,-0.002398065968185598,-0.001493414527332136,-0.0009046514408534625,-0.14522870835253263
2023-12-11,0.0019571102724345894,0.0018472596314562271,0.00010985064097836054,0.007127999544174453
2023-12-12,-0.0122800791205004,-0.0026801452473871057,-0.009599933873113288,-0.06108744632772827
2023-12-13,0.00028274341530429574,-0.0013118716641651968,0.0015946150794694924,-0.0676589596098806
2023-12-14,-0.004081364411671248,-0.0008823356202905669,-0.003199028791380683,0.10758588794583106
2023-12-15,-0.004062038365920468,-0.00207788537892906,-0.001984152986991408,-0.06750002914598818
2023-12-18,0.006404559060622745,0.00322032031229638,0.003184238748326367,0.046425494573140796
2023-12-19,-0.003916443341998253,-0.000551173669367808,-0.003365269672630445,0.03025441909279297
2023-12-20,0.003471075603323201,0.0037732181720262006,-0.00030214256870299966,-0.05848915578058453
2023-12-21,0.002280353743378544,0.00243624071891475,-0.00015588697553620481,0.054570429365956144
2023-12-22,-0.0044804711491714605,-0.00041306372624223126,-0.004067407422929228,-0.06942826056703798
2023-12-25,0.0041864969999035875,0.0025194628388587287,0.0016670341610448593,-0.10079591991209402
2023-12-26,-0.004651178778227377,-0.0020852817459266863,-0.002565897032300691,-0.10985039393130212
2023-12-27,-0.005845261633543583,-0.0028550262462148845,-0.0029902353873286973,-0.06761472226996854
2023-12-28,-0.006297013389915565,-0.0029087852720782194,-0.0033882281178373454,0.20579367624381936
2023-12-29,-0.0046773315341178045,-0.0018327732680936265,-0.0028445582660241754,0.0631471187119884
2024-01-01,0.012399076326332139,0.005328951366915507,0.007070124959416632,0.012566532162484986
2024-01-02,0.00370627348958918,-0.0004356539417569652,0.00414192743134615,-0.018749917526639834
2024-01-03,0.0007193406623735812,0.0007370697507714978,-1.7729088397915906e-05,0.009252263381519596
2024-01-04,-0.0009099971923055917,-8.578489806425858e-05,-0.0008242122942413339,0.01212281338918411
2024-01-05,0.0004970770727062747,3.688555126013683e-05,0.0004601915214461383,-0.12245744870654683
2024-01-08,0.0007467616094586519,0.0012278640419906848,-0.0004811024325320325,-0.09862717306093166
2024-01-09,-0.007209158221237588,-0.00341512623172708,-0.0037940319895105085,0.056992952127216785
2024-01-10,-0.005273722883290271,-0.0012153286995948576,-0.004058394183695411,-0.01821007529167998
2024-01-11,0.002929996025863619,0.00031325294657896146,0.0026167430792846578,0.1315306767651744
2024-01-12,-0.00135141784483475,-0.0018225784022648257,0.00047116055743007604,0.04421679865129631
2024-01-15,0.009860224629734415,0.004911137825833295,0.004949086803901121,-0.04659844494914243
2024-01-16,0.0035843814308894237,0.00027771804734645286,0.0033066633835429713,0.09369224294569639
2024-01-17,-0.0032676233837192997,-0.0035142885719396007,0.00024666518822029707,0.10882556465804062
2024-01-18,0.005129681222083757,0.0017330628535584189,0.0033966183685253393,-0.14049271989463183
2024-01-19,0.007152773360420867,0.003097093609351037,0.004055679751069831,-0.04078853151006057
2024-01-22,-0.008592098564421898,-0.0038462414884781223,-0.004745857075943773,0.008931083804578403
2024-01-23,-0.0024981999107822695,-0.002000366447100343,-0.0004978334636819275,0.06120955602065058
2024-01-24,0.0005971811884287139,0.0006590763332227339,-6.189514479401984e-05,-0.01762202112030008
2024-01-25,0.0043880680737071395,0.0015973779063394294,0.002790690167367709,-0.058475573313729184
2024-01-26,-0.0011423175294792975,0.0005348549118409911,-0.001677172441320287,-0.0647306858398499
2024-01-29,-0.00385251985822417,0.0009290500271251223,-0.004781569885349293,0.012797781659435552
2024-01-30,-0.004459837073052664,-0.003094473168419303,-0.0013653639046333627,-0.10350153160848063
2024-01-31,0.0006333054524395117,-0.001108557450035452,0.001741862902474963,0.08557789284409219
2024-02-01,-0.007270411633849604,-0.004720116831827157,-0.0025502948020224465,0.033425596877382474
2024-02-02,0.005622809925237835,0.0019043204092387025,0.0037184895159991307,0.032399031288550185
2024-02-05,0.0020028932376162083,0.0018939417203513746,0.00010895151726483376,0.03275481590332416
2024-02-06,0.001648916104245718,-0.0009649116121908403,0.0026138277164365568,0.08958626524693264
2024-02-07,0.0022267538115090632,0.0011084949937783888,0.0011182588177306736,0.05826298730528557
2024-02-08,0.007579977279739911,0.0066908838846713795,0.0008890933950685305,-0.01826659233048025
2024-02-09,0.004137205045800561,0.0028032686119829875,0.001333936433817574,-0.10396970410506412
2024-02-12,-0.0013881473975122522,-0.001782251939384449,0.00039410454187219744,-0.015134121945888385
2024-02-13,-0.006388208288221309,-0.004147876039306728,-0.0022403322489145793,-0.016543592998219645
2024-02-14,-0.0012200506691984446,-0.0025455256866769166,0.001325475017478473,0.08661648233883149
2024-02-15,-0.001068342434651838,-0.0009641119243645408,-0.00010423051028729709,0.04695340269941229
2024-02-16,0.005122185467635767,0.0031392404823019845,0.0019829449853337833,0.026762848355506064
2024-02-19,0.0024321854081370757,0.0007921057068804218,0.0016400797012566535,-0.005405266512075442
2024-02-20,0.0016520746165974974,0.0010107495816837593,0.0006413250349137376,0.056998315164452674
2024-02-21,-0.00032360006498469433,3.728031227743546e-05,-0.0003608803772621287,0.03665497116122657
2024-02-22,0.003251112229175424,0.0006776078791707572,0.002573504350004665,-0.007142489180185569
2024-02-23,0.002061522919928117,0.0010031293429457067,0.0010583935769824097,0.05768479448222822
2024-02-26,-0.0003982718348065897,-0.0005730453684456211,0.00017477353363903143,0.044450109601763425
2024-02-27,0.0031110557908749295,0.0026235478990980924,0.0004875078917768363,0.04029101948554196
2024-02-28,0.002692626727313922,0.0008963956217979271,0.0017962311055159947,-0.18115666065117142
2024-02-29,0.002708862742583533,0.0021145711900518276,0.0005942915525317064,0.09230471894330106
2024-03-01,-0.01253876151151808,-0.006136834471386824,-0.006401927040131255,0.1380218938551686
2024-03-04,0.006335768381603608,0.0036238326084928225,0.0027119357731107867,0.008351171837759718
2024-03-05,0.007331252608103463,0.0043538995313614015,0.0029773530767420635,-0.08204300812580635
2024-03-06,0.0005942391834918696,0.00044428493011210504,0.00014995425337976584,-0.07693445650823594
2024-03-07,-0.0044655088853137286,-0.0018777968449252176,-0.002587712040388511,0.08370111216133577
2024-03-08,-0.0042581530098014155,-0.0009224205345281771,-0.0033357324752732384,-0.00944147300053905
2024-03-11,0.004324130760138393,0.0012540359172048855,0.0030700948429335066,0.10278082715245815
2024-03-12,-0.000422744653283929,-4.970409265016686e-05,-0.00037304056063376255,-0.17906963895592223
2024-03-13,0.005862831082517604,0.0034603162334463527,0.0024025148490712514,-0.06697020937139067
2024-03-14,-0.021470785060650442,0.0005540846038779718,-0.022024869664528393,0.031734189299587406
2024-03-15,-0.008133037290737846,-0.006182712240441957,-0.0019503250502958878,0.14150868372125505
2024-03-18,0.0020778343108566106,-0.0007014075813625356,0.0027792418922191475,0.05145179485324695
2024-03-19,0.008248192898359014,0.003012740421538908,0.005235452476820106,0.13476141380966605
2024-03-20,0.003388619487192203,0.0016791124730126082,0.0017095070141795957,0.07783964023750757
2024-03-21,0.00725476803289731,0.003547433823216019,0.003707334209681293,-0.05184650546595307
2024-03-22,0.004489710480875092,0.0025128647461322433,0.0019768457347428482,0.09220322569550278
2024-03-25,-0.002715523008553947,-0.0009960464017995073,-0.0017194766067544377,0.021891995682377128
2024-03-26,0.00481992461618262,0.002772308979461181,0.0020476156367214395,0.013753045827123845
2024-03-27,0.001270227656205927,0.0004925803056859822,0.0007776473505199451,0.030920501909062138
2024-03-28,0.0006510759124736202,-0.0013580681978819752,0.0020091441103555936,-0.029676518732251463
2024-03-29,0.0019421410084220542,0.0002977996679536859,0.001644341340468368,-0.0009395471884176892
2024-04-01,-0.002029779564679289,-0.0015279799049242792,-0.0005017996597550091,0.04294208981645082
2024-04-02,0.00012515737873485867,0.0015535965268049902,-0.001428439148070131,-0.05668114715809294
2024-04-03,0.0026255713245468557,0.0015666255863583923,0.0010589457381884634,0.047422806607374454
2024-04-04,-0.004157541300167088,-0.0008380863823662186,-0.0033194549178008695,0.06055830938424346
2024-04-05,0.0031849043103747993,0.0005397041738691116,0.002645200136505689,0.05726725039911161
2024-04-08,0.004069627559258436,0.0011688531450841835,0.0029007744141742522,0.019040050938466436
2024-04-09,0.0034219109475588064,0.0007219265826238878,0.0026999843649349216,0.10021045271667589
2024-04-10,0.0010071618645237845,0.0008233698331376977,0.00018379203138608764,0.08322391811974741
2024-04-11,0.005601728137278498,0.002786837669339879,0.0028148904679386206,0.031516812304082834
2024-04-12,0.004469565819249153,0.00399080027500688,0.00047876554424227183,0.01677532869240972
2024-04-15,0.0015446948971464397,-0.0001561896385205621,0.0017008845356670035,-0.012138985444101741
2024-04-16,0.0009492411883586212,0.0009990609996924514,-4.981981133382997e-05,0.04522849298235294
2024-04-17,-0.0005261039741869854,8.409142853579247e-06,-0.0005345131170405638,0.017820555078390293
2024-04-18,0.002602427912857226,0.002873445129648801,-0.00027101721679157614,0.08504659703608253
2024-04-19,0.0009383271213776012,0.0007981231349570156,0.00014020398642058604,0.11345612631776361
2024-04-22,0.004804264319840639,0.0016590860189967475,0.0031451783008438925,0.05762920840521225
2024-04-23,0.006204338256301661,0.0021985093200761665,0.004005828936225496,-0.006653328658648585
2024-04-24,0.0028979093473077092,0.0008812195960697404,0.0020166897512379693,-0.04340452466850583
2024-04-25,-0.00012596724795168994,0.0015902525642957476,-0.0017162198122474374,0.0075952020960544445
2024-04-26,-0.002275629388265991,-9.205747268442761e-05,-0.002183571915581564,0.029038309905339274
2024-04-29,0.0003625356286502887,-5.815558009787669e-05,0.0004206912087481654,-0.033187124389150904
2024-04-30,0.0015615609866775626,0.00047490979951484704,0.0010866511871627158,0.032613211022795636
2024-05-01,-0.0017764539786302223,-0.0004450799018893706,-0.0013313740767408517,0.013317032611837296
2024-05-02,0.0020678072026859575,0.0002609379530698827,0.0018068692496160752,0.017953151045528838
2024-05-03,0.0009406741254293469,0.001814063323214309,-0.0008733891977849625,0.10793874476209359
2024-05-06,0.0009333679134319415,-0.0005059009952879372,0.0014392689087198794,0.08460181083231821
2024-05-07,0.005549742851393657,0.0020243224744024187,0.00352542037699124,0.0622730895231539
2024-05-08,0.0049728376793076986,0.0037176769002514325,0.0012551607790562663,0.028689231771992747
2024-05-09,0.0035683480686991794,0.002118698544494404,0.0014496495242047745,-0.03346987781685233
2024-05-10,0.0014752279894896874,0.00011851574364041273,0.0013567122458492745,0.06264353512409412
2024-05-13,-0.0017498164266193795,-4.564437685026547e-05,-0.0017041720497691145,-0.007315042286294764
2024-05-14,0.0030985364033789694,0.0022166704661022987,0.0008818659372766694,-0.08689661668292203
2024-05-15,-0.00047766532711188906,-0.0010680020134072336,0.0005903366862953441,0.05758651544903254
2024-05-16,-0.005372945341968711,-0.001915980401253476,-0.0034569649407152347,0.051777489931615225
2024-05-17,0.003007454463008411,0.0011403464297105393,0.0018671080332978724,0.024049846844925626
2024-05-20,0.0027111784477412276,0.0015340371757226812,0.0011771412720185457,-0.00586994151039663
2024-05-21,0.001258796014367841,0.0008911262477706312,0.00036766976659721035,-0.013646368189902535
2024-05-22,-0.000250995643516157,0.000556043322909117,-0.0008070389664252744,-0.0005602786125188935
2024-05-23,-0.0007474126345416634,0.0002253146137066375,-0.0009727272482483009,0.1453726940283357
2024-05-24,-0.00023781778160930547,-0.0017910582122078744,0.0015532404305985698,0.05383277049946945
2024-05-27,0.008845873876454271,0.004249397404842502,0.004596476471611766,-0.037844668772859906
2024-05-28,0.002736040273917575,0.0006692363909363477,0.002066803882981227,0.039702619813576395
2024-05-29,-0.0018450670844521251,-0.000863041178762858,-0.0009820259056892676,-0.00823632526013847
2024-05-30,0.0018609442200407693,0.0008094581148571549,0.0010514861051836148,0.051878247296872536
2024-05-31,-0.0005595095455455711,-0.0018515758799960268,0.0012920663344504549,0.004877196193871833
2024-06-03,0.002805479165925374,0.001869278381505783,0.0009362007844195912,-0.018250514688627952
2024-06-04,0.00045786398033581044,0.0017331203001305462,-0.0012752563197947356,0.00808855365546975
2024-06-05,-0.0010191491899649548,-0.0014415744370602813,0.0004224252470953257,0.004587249197304104
2024-06-06,0.0005139792539876604,0.0011564199139751747,-0.0006424406599875136,0.05359361088138976
2024-06-07,0.00017988506847141763,-0.00030564367101100585,0.0004855287394824239,0.04159233370162648
2024-06-10,0.002505680299603132,-0.0003371466199043379,0.002842826919507468,-0.006327179666167611
2024-06-11,0.0019351923455247035,0.0007239121379727835,0.0012112802075519204,-0.03680314385378339
2024-06-12,-0.00039901134333507446,-0.0007402506245925127,0.00034123928125743847,0.035019364465817805
2024-06-13,-0.002166918157184708,-0.0017509205511810504,-0.0004159976060036565,0.008049560314187522
2024-06-14,0.0020691341216123238,0.0011809845885502508,0.0008881495330620723,-0.001774812776685983
2024-06-17,0.0004987317772383855,4.24658970338233e-05,0.0004562658802045637,-0.033477407321191144
2024-06-18,-0.00019884927408865885,-0.0009404052634589505,0.0007415559893702919,0.022626785646244336
2024-06-19,-0.001767074839101562,-0.002307895205499742,0.00054082036639818,0.10328644876919553
2024-06-20,0.001145259678024457,0.00128605736772422,-0.00014079768969976303,0.04901174150571026
2024-06-21,0.005962548890097459,0.0018689185316956066,0.004093630358401854,-0.005266377800501161
2024-06-24,0.0031115673156730224,0.001040929290556155,0.0020706380251168683,-0.01293898767213352
2024-06-25,-0.00014227628707549076,0.0005084128233699857,-0.000650689110445476,0.05355750032257374
2024-06-26,-0.0008111116505939081,-0.0016056598191329218,0.0007945481685390134,0.03584648636314137
2024-06-27,0.0027680766554321824,0.0017816102309189809,0.0009864664245132016,0.007145558864824108
2024-06-28,0.0019999445732464764,0.0004059026384244026,0.0015940419348220737,-0.016538608742677298
2024-07-01,0.0002584010123023473,-0.0012556465961497771,0.0015140476084521243,-0.04089311730876284
2024-07-02,-0.00073940748902753,0.0009288421352678404,-0.0016682496242953703,0.0875535714147855
2024-07-03,-0.002248611734243511,-0.0013257215997448373,-0.0009228901344986735,0.07357797246986977
2024-07-04,0.004863942227762659,0.003545782551339215,0.0013181596764234443,0.0977321540807371
2024-07-05,0.0035490721709441776,0.0009198773832798535,0.002629194787664324,0.07739412620430228
2024-07-08,0.004582834138739156,0.0020965077479422585,0.0024863263907968945,0.006051744116349597
2024-07-09,0.004038027686349881,0.0011986399218566974,0.0028393877644931854,0.013972610514946868
2024-07-10,0.00035117248773672543,0.0003582294727478813,-7.05698501115605e-06,-0.01937269564801676
2024-07-11,0.0007989340167250279,0.0007196111864276723,7.932283029735466e-05,-0.016531363995946822
2024-07-12,-0.0013570510677673323,-0.0025036389904853316,0.0011465879227180002,-0.06842570796567657
2024-07-15,-0.0007891409649132755,0.00038491669799821794,-0.0011740576629114933,-0.0729291061497102
2024-07-16,-0.004586371261086642,-0.0037037734973541497,-0.000882597763732491,0.00992315051545016
2024-07-17,-0.004390151208848156,-0.0014319353479302424,-0.0029582158609179118,-0.09636467287032063
2024-07-18,0.0003771156380776254,-0.0011880975021791081,0.0015652131402567326,0.07107719769967258
2024-07-19,-0.006411834771330915,-0.005884947354066899,-0.0005268874172640135,0.10387726914167254
2024-07-22,0.0045842352813404,0.001963342490450758,0.002620892790889641,0.025891716818555524
2024-07-23,0.006197110675842218,0.0029844062077318528,0.0032127044681103645,-0.03754329093029594
2024-07-24,0.001677007098560855,0.0019086252404798495,-0.00023161814191899506,-0.004631595341648906
2024-07-25,-0.0021651565362182505,-0.002453682317249109,0.00028852578103085846,0.10517389347746005
2024-07-26,-0.00048251368143892434,-0.0017566150621632168,0.001274101380724292,-0.08502442021009791
2024-07-29,0.006560263990650567,0.003937178068717528,0.0026230859219330376,-0.06734623091813574
2024-07-30,-0.0055010197379425085,-0.0018694692667916499,-0.0036315504711508587,-0.03474171221788129
2024-07-31,-0.004605775992220916,-0.003130965183104405,-0.001474810809116509,0.04543761398596437
2024-08-01,-0.0022553578252374655,-0.0006884117179883189,-0.0015669461072491471,0.016712094625380484
2024-08-02,0.0031162269845048606,0.001429669543425648,0.0016865574410792148,-0.08199421447222023
2024-08-05,0.001577449804966591,0.003412325598317053,-0.001834875793350458,0.04778979564700222
2024-08-06,-0.005138270817285402,-0.0009037817331932693,-0.004234489084092132,0.006655650704015926
2024-08-07,0.0034871423223664295,0.0027010707369328063,0.0007860715854336245,0.08458394618680978
2024-08-08,0.00019831196429311222,-0.0020882132606429224,0.0022865252249360327,0.05601494485536677
2024-08-09,0.005000923382054417,0.0007219020879093725,0.004279021294145044,-0.033981347316350725
2024-08-12,0.003689377813831262,0.0033058326476829696,0.00038354516614829207,-0.061724778101369386
2024-08-13,-0.0018729025215454323,-0.0010827481473348606,-0.0007901543742105713,-0.061040848234590946
2024-08-14,-0.003947392184014352,-0.0036537944044255765,-0.0002935977795887751,-0.010183305569126902
2024-08-15,-0.0036490050814196266,-0.0013467630494769023,-0.002302242031942724,0.034419861352937606
2024-08-16,-0.0005219218724352636,0.00014916459277968517,-0.000671086465214949,0.012990007167034513
2024-08-19,0.002092581031884923,0.00043291545798760864,0.0016596655738973145,-0.10192750974246514
2024-08-20,0.0008071640670932074,-3.597088422164401e-05,0.0008431349513148517,-0.01700903689733417
2024-08-21,-0.006457905602151828,-0.0029887617983531366,-0.0034691438037986883,-0.024920922316216707
2024-08-22,-0.0011496424373942003,-0.0006732586588615785,-0.0004763837785326211,-0.05981918771886238
2024-08-23,-0.0016041406974726755,-0.0011404333972580014,-0.00046370730021467414,-0.024256006514225423
2024-08-26,-0.0038627389972550495,-0.00022888253947460184,-0.0036338564577804485,-0.08543630937413095
2024-08-27,-0.0015532465819845583,-0.0017333946034765839,0.00018014802149202494,0.03400880013677407
2024-08-28,-0.004863235042305344,-0.002231692894715695,-0.0026315421475896494,0.0033419138489209155
2024-08-29,0.0024916983317862474,0.003238887839933093,-0.0007471895081468463,-0.045214412271897986
2024-08-30,0.00010986348964877029,-0.0005421380642049185,0.0006520015538536896,-0.0665262228396846
2024-09-02,-0.0027067860872340196,-0.002049279535839104,-0.0006575065513949145,0.1067128381316572
2024-09-03,-0.004968666936141362,-0.0036312635518791422,-0.0013374033842622184,-0.03379210305790472
2024-09-04,0.007630555958657677,0.0032683061591419725,0.004362249799515705,0.11067247752510442
2024-09-05,-0.0022228365381178903,-0.0010369803582219233,-0.001185856179895967,0.049215320534216206
2024-09-06,0.008041994814949334,0.005451769268838155,0.002590225546111177,-0.014215028695914225
2024-09-09,0.002551931359635082,0.00039339619547159796,0.0021585351641634845,0.08248116649719461
2024-09-10,-0.0005569092383669344,0.0011403207189115208,-0.0016972299572784542,0.046960813713909116
2024-09-11,0.00579300685573231,0.004397759427513061,0.001395247428219247,0.05835070624923111
2024-09-12,0.0027314240698521827,0.0017873223942641205,0.0009441016755880605,0.0999591751797346
2024-09-13,0.0028902832432969156,0.0012495404938418098,0.0016407427494551045,0.018267285836219668
2024-09-16,0.005851333264540133,0.004370539791993549,0.001480793472546584,-0.09671296259899387
2024-09-17,0.0010020148907441827,-2.7326045802718215e-05,0.0010293409365469003,-0.04325794695127516
2024-09-18,-0.006058147878297294,-0.002671975951665714,-0.0033861719266315804,-0.0016970594092108639
2024-09-19,-0.0026242648446375225,-0.0018011287945039573,-0.0008231360501335643,-0.05651075534801434
2024-09-20,-0.00011176470744382909,-0.00013902100741557892,2.7256299971750047e-05,0.022905262315682715
2024-09-23,-0.0033061067833855705,-0.0016019939348576838,-0.0017041128485278858,0.16162156101250935
2024-09-24,0.0015728813550545946,0.0016790369693862831,-0.00010615561433168809,0.0630837682141368
2024-09-25,0.010424674542021872,0.0037819819020114467,0.0066426926400104235,0.03214055935602801
2024-09-26,0.0037670398311715077,0.0014794352496905697,0.002287604581480936,0.11620837679821819
2024-09-27,0.0020047342069605834,0.0013305308726983909,0.0006742033342621934,0.014094733352903939
2024-09-30,0.00641797708669716,0.0029252920545309886,0.0034926850321661713,0.11042119471281087
2024-10-01,0.0010069024683217107,0.001572514763827844,-0.0005656122955061331,0.06015911059250265
2024-10-02,0.0068669571810405314,0.004171377012419631,0.002695580168620902,0.06904671750444034
2024-10-03,0.0035962585664608233,0.0009377171919975726,0.0026585413744632507,0.08424094745609538
2024-10-04,0.003850508408109075,0.0017562436102683543,0.0020942647978407208,0.037297786615147724
2024-10-07,0.005023747565476185,0.004454213723417605,0.0005695338420585814,0.041670140884909945
2024-10-08,0.0019348411257826333,-0.0009109802599635859,0.00284582138574622,-0.06129175172287639
2024-10-09,0.0026308627586181304,0.0021558638366081834,0.00047499892200994747,0.0055729515456244775
2024-10-10,-0.004283193034623107,-0.0037739770472940345,-0.0005092159873290722,-0.061658324505142685
2024-10-11,0.0004661105153650675,0.0009715264671817433,-0.0005054159518166779,0.034665005380781204
2024-10-14,-0.00405107388048213,-0.0014584253520951284,-0.0025926485283870003,-0.09290089052368411
2024-10-15,0.0021314944855991076,0.0018957058791201579,0.0002357886064789502,0.06261292842330182
2024-10-16,-0.0060617587906519384,0.000970723707306137,-0.00703248249795807,0.02975904072420958
2024-10-17,0.004359942755412785,0.0020036019605160597,0.002356340794896725,-0.0004564634753663101
2024-10-18,0.0014247061829444892,-0.0005254470524209548,0.0019501532353654438,0.07681241189245346
2024-10-21,-5.393920869413687e-05,-0.00021697461416584642,0.00016303540547170955,-0.006063971249804076
2024-10-22,0.004144075229785994,0.0025321263092471518,0.001611948920538842,0.00865791721197413
2024-10-23,-0.0003582012204595977,-0.0008552367110786323,0.0004970354906190366,-0.03675983093075984
2024-10-24,0.00048413770360674724,0.00016557735171467743,0.00031856035189207,0.024148150667711032
2024-10-25,-0.0017591590329232903,0.0003029997982922079,-0.0020621588312154985,-0.009666506390065648
2024-10-28,0.0015618877710565316,0.001211810652840201,0.00035007711821633154,0.04298223975901558
2024-10-29,-0.0004534274888614656,0.00030663910602750106,-0.0007600665948889656,-0.0363773502701209
2024-10-30,0.0024296146157821714,0.0005646351162138727,0.0018649794995682992,-0.01648330526256853
2024-10-31,-0.002312292485419553,-0.0023310296295170306,1.8737144097477447e-05,-0.008620743607249525
2024-11-01,-0.0008611116035062074,3.420661766961094e-05,-0.0008953182211758181,0.004101252229698521
2024-11-04,-0.0005635868273300596,-0.0009680928828891848,0.0004045060555591248,-0.03413631144515502
2024-11-05,0.0005437541777153598,0.002289060976633943,-0.0017453067989185844,0.03711466549930004
2024-11-06,-0.002370911835812096,-0.0024958245745281427,0.00012491273871604626,0.03396789720996829
2024-11-07,0.0023267941941144633,0.0012765303054165413,0.0010502638886979222,-0.028531669035810274
2024-11-08,0.0023128863005769627,0.0019570844061155054,0.00035580189446145563,0.07044180483202449
2024-11-11,-0.0018278288668182954,-0.0010487345284762879,-0.0007790943383420065,0.06769773151697181
2024-11-12,0.004005125043783128,0.0026038342479465463,0.0014012907958365806,0.02149822761289078
2024-11-13,0.003343615243537948,0.0008897545709776623,0.0024538606725602857,-0.05340972831588019
2024-11-14,0.0012231148529962695,0.0002454650869642564,0.0009776497660320136,0.046438731516602015
2024-11-15,-0.003034945453039576,-0.001033575116099827,-0.002001370336939751,0.031611885259783555
2024-11-18,0.0023239669059909912,-0.00017244530614951223,0.002496412212140503,-0.052844187844328434
2024-11-19,0.0014394510614675767,-0.00046781065537827675,0.0019072617168458539,-0.0068586414696527095
2024-11-20,-0.003043083369637636,-0.0028312534985827737,-0.00021182987105486167,0.0015597184830338868
2024-11-21,-0.0003938981120443107,-4.490041473001168e-05,-0.0003489976973142994,-0.006252749231137201
2024-11-22,0.0002264006005263386,0.0010771332267743782,-0.0008507326262480392,-0.041082097030436124
2024-11-25,-0.00033602207039599904,-4.37433138024936e-05,-0.0002922787565935055,0.0367109481138343
2024-11-26,-0.002837236512511197,-0.0017276965100258158,-0.0011095400024853826,-0.05425383232845764
2024-11-27,0.0019449269758950393,-0.000787599623582106,0.002732526599477144,0.023359451665186666
2024-11-28,-0.003638049309997466,-0.003315989670962274,-0.00032205963903519176,-0.05217532691648007
2024-11-29,0.0013297216081272632,-0.0006619898053018339,0.0019917114134290967,-0.026689701118871915
2024-12-02,-0.00367021086640335,-0.0040163292498764745,0.0003461183834731242,0.00919507442572642
2024-12-03,-0.0025370459619647474,-0.0038298123993221363,0.0012927664373573872,0.03704954688369753
2024-12-04,0.0010497327972016591,0.0028135135018524365,-0.00176378070465078,-0.11949749210854105
2024-12-05,0.0027681203959127663,0.0014057211425158199,0.001362399253396946,-0.10695633194968604
2024-12-06,-0.00889559976254616,-0.0035375714304688366,-0.005358028332077323,0.0020913259335824863
2024-12-09,-0.007684711389655224,-0.00292652979718734,-0.004758181592467883,-0.007237431850641212
2024-12-10,2.37419508028236e-05,-0.0008418727287412067,0.0008656146795440311,0.020782379252663224
2024-12-11,-0.0004217124852311672,5.245659215512635e-05,-0.00047416907738629267,0.04398947362104887
2024-12-12,0.001386265503416637,0.0010755865173527682,0.0003106789860638686,0.1183159036162287
2024-12-13,0.002579800883586335,0.00021489798282233082,0.002364902900764002,-0.06354107301158485
2024-12-16,0.0076324204824768935,0.0032515134080380818,0.004380907074438813,-0.014146462690409343
2024-12-17,-0.005325249695415476,-0.0037816021497964064,-0.0015436475456190712,-0.04609760553972881
2024-12-18,-0.0006300861490152344,0.001554331752384894,-0.002184417901400129,-0.04013938290649844
2024-12-19,-0.0035058390686049734,-0.003055834026227828,-0.0004500050423771456,0.009456875198869234
2024-12-20,-0.003215962784197227,-0.002503062464869081,-0.0007129003193281453,-0.059717896046135775
2024-12-23,0.0010658741173907743,0.0031467336346216995,-0.0020808595172309248,0.11385668347926095
2024-12-24,-0.004262725042914282,0.0009247014559277643,-0.005187426498842046,0.02234416762378908
2024-12-25,0.007199925771365293,0.00289237735119088,0.004307548420174414,0.020218354537542324
2024-12-26,0.0012091789565900752,-0.0012783207908351572,0.0024874997474252326,0.11063228038201962
2024-12-27,0.0015442470075602587,0.0022443480449965206,-0.000700101037436264,0.08082852233127266
2024-12-30,0.006370778444871559,0.003102040922756709,0.0032687375221148495,0.046833356837166724
2024-12-31,0.004774934369908954,0.0014861163832021393,0.003288817986706813,0.0030671222902288048
2025-01-01,0.002634306082977946,0.0007825386573059555,0.0018517674256719905,-0.06040326778801597
2025-01-02,6.11504340485155e-05,-0.0007183206322795988,0.0007794710663281139,0.035057020147606255
2025-01-03,-0.003976658019523637,-0.002660720724140376,-0.001315937295383261,0.10113126708779158
2025-01-06,0.0020461913543497515,0.0019718987565745145,7.429259777523567e-05,0.11523929264322014
2025-01-07,0.007612111385432616,0.003151236404630513,0.004460874980802103,-0.02159266755995521
2025-01-08,0.007214994388208993,0.003941512038533716,0.003273482349675276,0.040807013977402155
2025-01-09,-0.0015150635203041922,-0.001642458386601116,0.00012739486629692403,-0.03766801201079604
2025-01-10,0.0021470768015335786,-0.0002556109357444627,0.0024026877372780413,-0.11835826574663419
2025-01-13,-0.002886215767566104,-0.0006099768591174767,-0.0022762389084486287,0.026728162485319583
2025-01-14,-0.009538524049225307,-0.002453158677356418,-0.007085365371868886,0.09936924160314052
2025-01-15,0.0016764533895302141,0.001440671774333416,0.00023578161519679803,0.08734124239439103
2025-01-16,0.006033181409399684,0.0018817673741502207,0.004151414035249465,-0.01040625914283113
2025-01-17,0.005391318974882859,0.0010189810333184092,0.00437233794156445,0.0177402636587217
2025-01-20,-0.0005548713132400007,0.00041953642623803,-0.0009744077394780301,0.028923487652926645
2025-01-21,0.0009565945649361004,1.8537146367373844e-05,0.0009380574185687274,0.004422302282902704
2025-01-22,0.001530534447661319,-0.0003386704731903091,0.0018692049208516282,0.023169760456755683
2025-01-23,0.0003325366341123317,0.0005510288640292235,-0.0002184922299168909,-0.08321886148622605
2025-01-24,0.0017505140843537214,0.002466956181694487,-0.0007164420973407668,-0.032866559307817164
2025-01-27,-0.004913742755750954,-0.0020384509870794883,-0.0028752917686714653,0.0034077974653442824
2025-01-28,-0.0018381909563473947,8.330675247087901e-05,-0.0019214977088182726,-0.15240358983907826
2025-01-29,0.0002232159866877902,0.00022902301730487983,-5.807030617089627e-06,-0.12103738766067826
2025-01-30,-0.009454748436135137,-0.003643491893060676,-0.005811256543074465,-0.15073077329870818
2025-01-31,-0.007707210235785629,-0.0024610936161997693,-0.00524611661958586,
2025-02-03,-0.01154320349144522,-0.0018716424080218244,-0.009671561083423395,
