,ls_ret,long_excess_ret,short_excess_ret,ic
2017-01-02,0.00025644176541800344,-0.002221077908115569,0.002477519673533572,0.08352909104384375
2017-01-03,0.002446158505843336,0.0032415670287896997,-0.0007954085229463641,0.07654957355972677
2017-01-04,0.004258363909560867,0.0011301095730949836,0.003128254336465882,0.36122147874407107
2017-01-05,0.0037922854674264893,0.001702604896018151,0.0020896805714083373,0.05406800607534233
2017-01-06,0.02791280539046357,0.010410676961351617,0.01750212842911196,0.20935513234573602
2017-01-09,0.0031963541928979955,0.004089780122314196,-0.0008934259294161983,0.01496105291808218
2017-01-10,0.011134737410968844,0.009522802502135223,0.0016119349088336218,0.04947553025190542
2017-01-11,0.0007956266341352582,0.0006350376327380952,0.0001605890013971628,-0.12772739416668163
2017-01-12,0.0025697563826772526,0.001190293204305839,0.001379463178371414,-0.07111561747537337
2017-01-13,-0.00661507512972444,-0.003285675768230076,-0.003329399361494365,0.12699430517876636
2017-01-16,-0.0034807345906034412,-0.0022382349257906702,-0.0012424996648127708,-0.3015922599384168
2017-01-17,0.006878256120624963,0.004211396102623628,0.002666860018001335,0.2119984785339665
2017-01-18,-0.019750787092754442,-0.011275866684883593,-0.008474920407870845,0.1524033781224802
2017-01-19,0.010260683530754194,0.0061508890218148395,0.004109794508939353,-0.16350943100512874
2017-01-20,0.008836868572085738,0.007529853972876461,0.0013070145992092781,-0.010866975707779133
2017-01-23,-0.008832524417262,-0.0049323579225562676,-0.0039001664947057317,-0.015818589279953728
2017-01-24,-0.0005307032263159933,0.0006367160883913262,-0.0011674193147073204,0.02589741006236631
2017-01-25,-0.000759060185434474,-5.246647552617067e-05,-0.0007065937099083033,0.10806524185685372
2017-01-26,0.0015110290191313897,-0.001492951404858128,0.003003980423989516,-0.11675870652290474
2017-01-27,0.005173868348629681,0.005527704826968702,-0.0003538364783390235,0.03089417721743897
2017-01-30,-0.006199133107319777,-0.003218208298873285,-0.0029809248084464914,-0.02180447843226556
2017-01-31,0.0015408310676123017,0.0021370821932916355,-0.000596251125679334,-0.0812389727310156
2017-02-01,-0.001085476124832065,-0.0008023524283100021,-0.0002831236965220637,-0.09653574531029263
2017-02-02,-0.005162562418862507,-0.009378175045535592,0.004215612626673082,-0.13016479449305599
2017-02-03,-0.004545065830526909,-0.0009726370672515812,-0.003572428763275324,-0.03912747969105678
2017-02-06,-0.006181864086371192,-0.0021119433875282072,-0.004069920698842986,-0.03815209153598771
2017-02-07,-0.001991705263445599,-0.0036300685256562193,0.0016383632622106207,0.011251213408747488
2017-02-08,-0.0017114516916563595,-0.0007041189869377296,-0.0010073327047186303,-0.023892625028780597
2017-02-09,0.0005665481417520516,-0.00025599479641658963,0.0008225429381686425,-0.006238509909160392
2017-02-10,-0.0010629316237405198,0.00038740387813235994,-0.0014503355018728806,0.09519120963747396
2017-02-13,-0.00028235146213454116,-0.0008079810821229353,0.0005256296199883928,0.045737063279872495
2017-02-14,0.0042957887951148984,0.00015361373390811953,0.004142175061206782,-0.04767215394790441
2017-02-15,0.002096781496763512,9.410930460088118e-05,0.0020026721921626318,-0.014843785857971472
2017-02-16,-0.0016897433183643562,-4.105182825037482e-05,-0.0016486914901139814,-0.03281846403696231
2017-02-17,-0.000603585061401436,0.0002942274514987388,-0.0008978125129001733,-0.10372537050466911
2017-02-20,-0.00154127751589522,-0.0006619799871310993,-0.0008792975287641202,-0.025126475860567505
2017-02-21,-0.005074852926898715,0.0003227383977383886,-0.005397591324637104,-0.08618254360408001
2017-02-22,-0.001144666351476775,-0.00026851389518530843,-0.0008761524562914663,0.025499962728574722
2017-02-23,-0.004267310159969797,0.0002654936301848664,-0.004532803790154662,0.06549876136919328
2017-02-24,0.0013869925605645588,-4.189666917668502e-05,0.0014288892297412443,-0.0014273928653606783
2017-02-27,0.0031877790717907686,0.00045432663934613085,0.0027334524324446373,0.0038185360614290797
2017-02-28,-7.319322376011584e-05,-0.00035319329078523694,0.00028000006702512056,-0.03425987901072359
2017-03-01,0.00018854172242068314,-0.0017392676110887912,0.0019278093335094739,-0.011221066386538994
2017-03-02,-0.0016654627079472244,-0.001000286309466071,-0.0006651763984811534,-0.028244462700502786
2017-03-03,-0.000596549078195322,0.00071122996088086,-0.0013077790390761818,-0.03521218490034146
2017-03-06,-0.0015919707782428598,0.000289061781650207,-0.0018810325598930676,0.0444055844672337
2017-03-07,-0.001586695412985022,0.0003920513473610861,-0.001978746760346108,0.06216078946285221
2017-03-08,0.002157768799945588,0.00044041880688201534,0.0017173499930635734,0.013774472508293369
2017-03-09,0.003334626732291979,0.00010034367910634594,0.003234283053185635,0.0023690339225846775
2017-03-10,0.0006827882058344412,0.0006772221971322774,5.566008702164241e-06,-0.06993205778543311
2017-03-13,0.00011062112974539876,-0.0013689207218365094,0.0014795418515819096,0.0971003096570684
2017-03-14,-0.0031920335750722202,-0.0006236515489017429,-0.0025683820261704765,0.07474628402479992
2017-03-15,0.005066430338029204,0.0006970482741198523,0.0043693820639093515,0.050698685503968444
2017-03-16,0.003878804999412643,0.00011915462816926899,0.003759650371243373,-0.047300046260933995
2017-03-17,0.0026593188008753868,-0.0014568875320025536,0.004116206332877943,-0.005181716985189501
2017-03-20,-0.0023443924428224725,0.0008243463489725424,-0.0031687387917950153,0.10569870705882568
2017-03-21,-0.0002192299460659654,-0.0009104113477256155,0.0006911814016596499,0.015765159589100634
2017-03-22,0.005055611218535974,0.0013678494399325292,0.003687761778603446,-0.09847028882600385
2017-03-23,0.0006871820651675625,0.0003182342111830352,0.00036894785398452513,-0.01349752034664595
2017-03-24,-0.004690451354695839,-0.001498463057315401,-0.003191988297380436,0.14250810877024983
2017-03-27,-0.0007400041308182599,-0.003043316089218413,0.0023033119584001532,0.09092204047459745
2017-03-28,0.007977076041384408,0.00222113244510907,0.005755943596275338,0.018766954580228153
2017-03-29,0.004301313437565947,0.00025469793007006536,0.004046615507495882,0.14173678106829765
2017-03-30,0.0008383071423309096,0.0012707906967510873,-0.00043248355442017817,0.14425028222163053
2017-03-31,0.00810903800303358,0.003950025096883473,0.0041590129061501065,0.2383155241634154
2017-04-03,0.006697461565433061,0.001759205035464366,0.004938256529968694,0.13086789617039285
2017-04-04,0.01098202620729595,0.0040507938660108884,0.006931232341285063,-0.1309318866364018
2017-04-05,0.007184028138912767,0.0033878936707952747,0.0037961344681174923,0.09907111069268712
2017-04-06,-0.006009354660833577,-0.00292313479319857,-0.003086219867635003,0.04094867117572598
2017-04-07,0.004087439121654883,0.0013420889818913989,0.002745350139763485,0.05369088528885996
2017-04-10,0.0018107696283832858,0.0006647968631208409,0.0011459727652624449,-0.14592794927591057
2017-04-11,0.0019256803890745366,0.001802190962096095,0.00012348942697844398,0.2505933077698138
2017-04-12,-0.00643975655787956,-0.0024707068274102207,-0.003969049730469339,0.3408080493545825
2017-04-13,0.010863198178441984,0.0041077939295875165,0.0067554042488544705,-0.06507159685020515
2017-04-14,0.021127957645140808,0.009899233946855778,0.011228723698285033,-0.07655042340737425
2017-04-17,-0.003095796895355705,-0.00048271945082865343,-0.0026130774445270524,0.004387095236277104
2017-04-18,-0.003769994768659882,-0.0021171202773466826,-0.0016528744913132001,0.08881910786267348
2017-04-19,0.0002082242713492944,-0.0015578570249069126,0.0017660812962562063,-0.06455823031837263
2017-04-20,0.004516687618269188,0.0013710197999136147,0.003145667818355573,-0.10480899309443888
2017-04-21,-0.0030965864092574987,0.0006227495080443415,-0.003719335917301843,-0.04123167868769442
2017-04-24,-0.004922905984825102,-0.0023655316743146915,-0.00255737431051041,0.006302233525388314
2017-04-25,-0.001744740905581403,-0.0010212378923440601,-0.0007235030132373439,0.11017340079098527
2017-04-26,0.00024954395355618775,-0.00018740161527950466,0.00043694556883569144,0.027416091580626162
2017-04-27,0.005575133381201627,0.003445353000629239,0.0021297803805723882,-0.016340955310541225
2017-04-28,0.0015549486903990973,0.003901729002562055,-0.0023467803121629584,-0.0065513857169326156
2017-05-01,-0.0009092849072164402,0.00029219060483515625,-0.0012014755120515978,0.14454792397093824
2017-05-02,-0.0003584957528089041,-0.0010822609685402652,0.0007237652157313611,0.23055568797323897
2017-05-03,0.007099408648721062,0.003264551146490202,0.0038348575022308607,0.11152801665236978
2017-05-04,0.01587435672098262,0.007125402124783069,0.008748954596199551,0.18313397645054874
2017-05-05,0.006997825375108937,0.006397298479557258,0.0006005268955516794,-0.07897773861620275
2017-05-08,0.009410435070147284,0.005447550145633281,0.003962884924514001,-0.024692698777793017
2017-05-09,-0.004339099670659025,-0.0020884219292826014,-0.002250677741376423,-0.16455817190293215
2017-05-10,-0.0013524710836014776,-0.0029036179673673918,0.001551146883765911,-0.07813211488296806
2017-05-11,-0.008674716925171983,-0.003928658249659506,-0.004746058675512476,-0.06748928226640542
2017-05-12,-0.0047400940965144755,-0.004106775440427944,-0.0006333186560865296,-0.0881548748282494
2017-05-15,-0.003191064093877926,0.0008155574975463736,-0.004006621591424297,0.050450393265164914
2017-05-16,-0.0047776647106883025,-0.00030480303113575974,-0.0044728616795525426,0.01477192681821455
2017-05-17,0.0021772917973972815,-0.000226318160827888,0.0024036099582251686,0.18579829392375777
2017-05-18,0.0006063884378311431,0.0007517444275461881,-0.00014535598971504408,0.15821926049148055
2017-05-19,0.010340853066378051,0.006667915316660929,0.003672937749717121,-0.11354648035393479
2017-05-22,0.009200786463684267,0.003239125359840632,0.005961661103843639,0.01567395206125722
2017-05-23,-0.00591902261138647,-0.001901858813478428,-0.004017163797908042,-0.20540821541761306
2017-05-24,0.0006851813297504433,-0.0009321750348381966,0.00161735636458864,-0.04854286309683738
2017-05-25,-0.007642767983233956,-0.0032932776538206025,-0.004349490329413355,0.0974215792485279
2017-05-26,-0.0021256657030213405,-0.0008025974698599621,-0.0013230682331613758,0.019685059016827246
2017-05-29,0.0040814373154120995,0.002491330467847594,0.0015901068475645073,0.03349863457950254
2017-05-30,0.0007263808072048842,0.00157741873324759,-0.0008510379260427059,0.0012081760375397385
2017-05-31,0.001350660970832878,0.0002956174310821194,0.0010550435397507591,-0.029374507008670708
2017-06-01,5.861723795257774e-05,-0.002210138614574664,0.0022687558525272414,-0.047628505523447585
2017-06-02,-0.0016161041793496828,-0.0010203427200432009,-0.0005957614593064802,0.14359690594884786
2017-06-05,-0.002013171153718416,-0.0014915487213541063,-0.0005216224323643095,-0.05338610187891399
2017-06-06,0.00609363572877194,0.0026590437865964683,0.003434591942175474,-0.03188226992217419
2017-06-07,-0.0022571954508580805,-0.00027368682248840874,-0.0019835086283696707,0.0925509578891765
2017-06-08,-0.0013644348227873895,-0.0007575097027780016,-0.0006069251200093886,-0.1550689496984764
2017-06-09,0.005657941828365084,0.0027367671668912952,0.0029211746614737875,-0.021669470067182107
2017-06-12,-0.007447148958646957,-0.005554759624176569,-0.0018923893344703893,-0.04503307347580845
2017-06-13,-0.0010434773899482995,-0.0006415597736670912,-0.00040191761628120826,0.025913492732715836
2017-06-14,-0.0019969654221135176,-0.0007698341724782652,-0.0012271312496352515,-0.1784014181130971
2017-06-15,0.0011316849218835194,0.001152881032630157,-2.1196110746636923e-05,-0.17364590655630172
2017-06-16,-0.007535586357450627,-0.0028137732425110498,-0.004721813114939577,-0.10737674182022076
2017-06-19,-0.007524889382976773,-0.0033125504210923026,-0.004212338961884469,0.02834253337743995
2017-06-20,-0.005052586125825235,-0.0017991350986758107,-0.0032534510271494243,-0.040138179668756886
2017-06-21,0.0013823488417772619,-0.001464126253371219,0.00284647509514848,-0.0015916254141226758
2017-06-22,-0.002103568339454822,-9.236217133543707e-06,-0.002094332122321278,-0.03615627870888739
2017-06-23,-7.726849352924267e-05,-0.0013963751707967023,0.0013191066772674594,-0.09112987257448753
2017-06-26,-0.002005569309104994,-0.000708170307743017,-0.0012973990013619768,0.15776838073816002
2017-06-27,-0.004878401761011916,-0.003781646906304492,-0.0010967548547074239,0.23338162118272343
2017-06-28,0.008495073294749734,0.0020259774405493643,0.006469095854200368,0.033717706452959656
2017-06-29,0.016140489933050423,0.006164397184494342,0.009976092748556074,-0.054130539229300244
2017-06-30,0.0018511960510388665,0.0007224754548163176,0.0011287205962225476,0.08514901081049105
2017-07-03,-0.003160725806656799,-0.002592181491888792,-0.000568544314768007,0.036155038339417155
2017-07-04,0.004207817224313189,0.0024168117872202734,0.001791005437092916,0.052723556522873576
2017-07-05,0.0018131626466588299,0.0008869733630196767,0.0009261892836391534,0.0772554175295667
2017-07-06,0.0030786493698847766,0.0015895738545018256,0.0014890755153829519,-0.09502166544158851
2017-07-07,0.003608789328953033,0.0018388139685102723,0.0017699753604427605,-0.018155025890591307
2017-07-10,-0.0051247984288184684,-0.001901673335845986,-0.0032231250929724824,0.08738002923435491
2017-07-11,-0.0008293450881206061,-0.0010729148995612797,0.00024356981144067345,0.08620161953305863
2017-07-12,0.0038841844893746065,0.00076371903997364,0.0031204654494009654,0.08172849322928259
2017-07-13,0.004306777879734512,0.0017041380605669204,0.00260263981916759,0.16497245357851625
2017-07-14,0.00401247802225008,0.0016472743653244831,0.0023652036569255966,0.07781723901821244
2017-07-17,0.01227382583617665,0.005749847985750824,0.006523977850425824,-0.043584345202812104
2017-07-18,0.00616412774640375,0.004052336387525328,0.002111791358878422,0.03280884042752361
2017-07-19,-0.0029725040945678613,0.0007394661336068823,-0.003711970228174743,0.262287556075073
2017-07-20,0.002158234633550609,0.0006131498738315708,0.001545084759719038,-0.05127803932870416
2017-07-21,0.021496956640854763,0.00946504744678621,0.01203190919406856,-0.026308028627570233
2017-07-24,-0.0032323272709508556,-0.001705904328761281,-0.0015264229421895733,0.17315705270867507
2017-07-25,-0.0014097541514698332,0.0005970718342062382,-0.0020068259856760758,-0.1564470740095148
2017-07-26,0.011960602912214267,0.003129072318260328,0.008831530593953939,0.05178453002343129
2017-07-27,-0.008011120719266506,-0.0005857375045077128,-0.007425383214758798,0.10370738485193289
2017-07-28,0.0024051386385868,0.0015140163060542795,0.0008911223325325199,-0.24313243367440782
2017-07-31,0.004569858900659791,0.0027478136745155545,0.001822045226144237,-0.22526218080331958
2017-08-01,-0.010662381216975648,-0.0018787639149914145,-0.008783617301984233,-0.12418125818908357
2017-08-02,-0.010139019172976878,-0.004858513530893742,-0.005280505642083138,0.05662315575514968
2017-08-03,-0.006495842400316298,-0.0007773118514263697,-0.0057185305488899295,0.027777010037225974
2017-08-04,0.0033173244988388244,0.0008924366723764669,0.0024248878264623566,0.023343157098845366
2017-08-07,0.0015488688809676553,0.0012166508481919677,0.000332218032775688,0.11327096021640214
2017-08-08,0.0013761815606928465,0.0007174449684863894,0.0006587365922064575,0.05843600921032285
2017-08-09,0.005805727231543216,0.0015204121068658045,0.0042853151246774095,-0.1329105511479934
2017-08-10,0.003312537397058531,0.0017856263504970327,0.0015269110465614966,0.030628240341158935
2017-08-11,-0.00667692487846838,-0.0017245465107706484,-0.004952378367697734,-0.019372929899923827
2017-08-14,0.001404399644375181,0.0005254003983167187,0.0008789992460584636,0.18381089381749421
2017-08-15,-0.0009926748119680577,-0.0005258161933950267,-0.0004668586185730319,-0.01591111867279907
2017-08-16,0.009704259379158503,0.006075706441774804,0.0036285529373837003,0.07886257589502722
2017-08-17,-0.0008265759290624424,0.00033354777662895907,-0.0011601237056914002,-0.14630059208310364
2017-08-18,0.004095413045612603,0.0003645198358892864,0.0037308932097233167,0.12228287742107923
2017-08-21,-0.007144148081814327,-0.0038691766262129255,-0.0032749714556014,0.06904828929950889
2017-08-22,0.00685836605976118,0.0032754510493998292,0.0035829150103613506,0.12897345746995423
2017-08-23,0.0037762467829574133,-0.0006521695327922735,0.004428416315749686,0.0264268296805811
2017-08-24,0.007023668130555162,0.002747515507400097,0.004276152623155064,-0.00165643798464103
2017-08-25,0.001448914242585511,0.0006261619707695226,0.0008227522718159885,0.027904864564013223
2017-08-28,-8.969889697192017e-05,-0.0026295992455450928,0.0025399003485731732,0.269888312328287
2017-08-29,0.0015262908758503653,-0.0010466395773556815,0.0025729304532060467,0.03332075333171487
2017-08-30,0.0242132980272105,0.006209382775138057,0.01800391525207245,0.034765824358400074
2017-08-31,0.0022835700507664383,0.005343761689216464,-0.003060191638450026,0.047643390745459056
2017-09-01,0.0019438718367324793,0.004051044580567084,-0.0021071727438346025,-0.24505104940900074
2017-09-04,0.0031872691104323195,0.00018134447748428557,0.0030059246329480352,0.12039169625272049
2017-09-05,-0.011897489198533551,-0.003997737046677588,-0.007899752151855963,0.0743862609435009
2017-09-06,0.0073854738059957546,0.007315736199305711,6.973760669004223e-05,0.05626872158850148
2017-09-07,0.004735197885562548,0.0033824792050044378,0.0013527186805581091,-0.07178165270236495
2017-09-08,0.003236336921315817,5.464405625483712e-05,0.0031816928650609793,-0.02440538530248023
2017-09-11,-0.004113591536088477,-0.004399037293277591,0.000285445757189114,-0.09983986416245594
2017-09-12,-0.0015524844968239626,-0.0002576214651543625,-0.0012948630316696,0.007522702384745848
2017-09-13,-0.0067639512004503966,-0.0027179207936251773,-0.00404603040682522,0.1904225282137243
2017-09-14,0.00037627822955297403,0.00029924799349808403,7.703023605489055e-05,0.09033603525127318
2017-09-15,0.010354500553506549,0.004332466469950208,0.00602203408355634,0.12410428702345798
2017-09-18,0.004921427799265994,0.0017184555093292672,0.0032029722899367275,0.08632501955610893
2017-09-19,0.008719639305061746,0.006959021744408542,0.0017606175606532045,0.006138770423244663
2017-09-20,0.005605955289688859,0.001181811544668239,0.00442414374502062,-0.07737660852753055
2017-09-21,0.0004169689581223665,0.00205220017563342,-0.00163523121751105,0.2035750612993455
2017-09-22,-0.004007703125314548,-0.0033679881577138426,-0.0006397149676007059,-0.09644138824046189
2017-09-25,0.012487321852229775,0.004512585114385466,0.007974736737844306,-0.026646366229523523
2017-09-26,-0.006686178509063853,-0.0046976078930036965,-0.0019885706160601545,0.06840745410420575
2017-09-27,-0.0014019113621778357,0.0031942242273920105,-0.0045961355895698455,0.25999970729729666
2017-09-28,0.003994258980671796,0.0017895683941764927,0.002204690586495304,0.012815220815217285
2017-09-29,0.015668057448724865,0.0052585125133158064,0.010409544935409056,0.06920814958037746
2017-10-02,0.0007924026775938176,0.00024270009359112806,0.0005497025840026894,-0.059903567571388074
2017-10-03,0.005108629885270117,0.0017131649335236747,0.0033954649517464403,0.03411815198295367
2017-10-04,-0.003097163925063209,-0.0012528730300976326,-0.0018442908949655758,-0.02056589971156079
2017-10-05,0.00171063006559016,0.0012371891205219905,0.0004734409450681699,-0.15630494699707398
2017-10-06,-0.0009683579164430311,0.0015476057008920983,-0.002515963617335127,-0.004656941518241838
2017-10-09,-0.00718140635170233,-0.003335232805410311,-0.003846173546292018,0.0007174268326731449
2017-10-10,-0.00018880225614312457,-0.000876496444568738,0.0006876941884256134,0.0002458865904796426
2017-10-11,3.551305946444556e-05,-0.0009135288780725711,0.0009490419375370166,0.08254433800032866
2017-10-12,1.319039098146655e-05,-0.002549503667744906,0.0025626940587263718,-0.02690960597806359
2017-10-13,0.004496564029779801,0.0019472176890471832,0.0025493463407326184,0.07195217482800996
2017-10-16,-0.0013144825939997555,0.0003607031769104242,-0.0016751857709101786,-0.031236499093714593
2017-10-17,0.004008458443117961,0.0026082829788100733,0.0014001754643078873,-0.07422447031510238
2017-10-18,-0.0014252845922129395,-0.0012493406050812787,-0.00017594398713166029,-0.15876897621118516
2017-10-19,-0.0036460397424793677,-0.0024397178924033115,-0.0012063218500760562,0.06601599120663679
2017-10-20,-0.007987322606787618,-0.002362753558035547,-0.0056245690487520695,-0.0031114232625884504
2017-10-23,0.0032730703188790134,0.001980087243729751,0.001292983075149262,0.04323094681520709
2017-10-24,-0.00015420176644263665,0.0011719103890415056,-0.001326112155484142,0.18804516995709766
2017-10-25,0.002114481032204028,0.0013921164095674452,0.000722364622636583,0.3003395536141846
2017-10-26,0.01028508357009842,0.003390407289115837,0.00689467628098258,0.0402855586604089
2017-10-27,0.019814530226866953,0.009791202245404133,0.01002332798146282,0.24228234816831581
2017-10-30,0.002272364621745495,0.0007512739009218243,0.0015210907208236708,0.0763890571629643
2017-10-31,0.01808179771630925,0.01015971421958211,0.007922083496727149,-0.003461323056000647
2017-11-01,0.004248126348482251,0.003148396510972526,0.0010997298375097254,-0.05671888170483626
2017-11-02,-0.00019895779482580634,-0.002482267252821706,0.0022833094579959006,-0.17143699614407426
2017-11-03,-0.003449240165126647,-0.002328329307688389,-0.0011209108574382572,0.03129176289364624
2017-11-06,-0.008135673242243194,-0.0010768554410378155,-0.007058817801205378,0.059509191119674704
2017-11-07,0.0014755178652899703,0.0014551147200842973,2.040314520567344e-05,0.05142412595019875
2017-11-08,0.0029119624426559836,0.00015676631972736613,0.0027551961229286175,-0.0653955670374985
2017-11-09,0.0026897488530771307,0.0018530912627277227,0.0008366575903494093,-0.030575018368285602
2017-11-10,-0.003690548357468971,-0.003103009194455976,-0.0005875391630129961,0.09836289071012178
2017-11-13,-0.001501763872425369,-0.0004908502408135411,-0.0010109136316118266,-0.17210936272540667
2017-11-14,0.005397084046884662,0.0011460950950492564,0.004250988951835406,0.04598045100360921
2017-11-15,-0.009241217173953965,-0.004541923850861598,-0.004699293323092368,0.2618713619037466
2017-11-16,0.003161664063143326,-0.0010438026495696376,0.0042054667127129665,-0.09063746980605807
2017-11-17,0.019058798383991236,0.00961705103122916,0.00944174735276207,0.12603880165296366
2017-11-20,-0.006208364605872967,-0.001373518291857178,-0.004834846314015788,-0.18071625572005243
2017-11-21,0.009672655061280278,0.0038851563898253984,0.005787498671454876,-0.046745281368066854
2017-11-22,-0.009999247695336558,-0.003680522871086861,-0.0063187248242496975,-0.24895135969353177
2017-11-23,-0.002327518178049669,-0.0015856331506872725,-0.0007418850273623961,-0.08392755089428326
2017-11-24,-0.015185414986291322,-0.008167815256467278,-0.007017599729824043,0.12225201645405923
2017-11-27,-0.004300059439828566,-0.004408931588608272,0.00010887214877970588,-0.21200438998772558
2017-11-28,0.006962282112986459,0.001555527800827218,0.005406754312159241,0.054218242767431854
2017-11-29,-0.010904616904077154,-0.0021265519912946167,-0.008778064912782543,-0.16438661006891855
2017-11-30,0.0031875398219884388,0.0030254984537658684,0.00016204136822256868,0.09513332899136184
2017-12-01,-0.009235449115024351,-0.004217495637852972,-0.005017953477171383,0.12160951694364124
2017-12-04,0.00617190196698087,0.001187730070195167,0.0049841718967857,-0.1180221777340428
2017-12-05,0.0070663562773890815,0.001697930634550853,0.005368425642838234,-0.20894473745029776
2017-12-06,-0.0065893045631459524,-0.0033800042992084642,-0.0032093002639374873,-0.19632534148616607
2017-12-07,-0.01115455778971609,-0.004833084390539574,-0.006321473399176519,0.017632920717524713
2017-12-08,-0.010011390076382578,-0.002820729447893673,-0.007190660628488908,-0.05115366548508526
2017-12-11,0.0011517361656914614,0.0013356037189936956,-0.00018386755330223464,-0.058280252481336316
2017-12-12,-0.0023855197555125184,-0.0008772951137123487,-0.0015082246418001675,0.107941160574326
2017-12-13,-0.0031418592620068154,-0.0017349956827819877,-0.001406863579224829,0.059612327886353136
2017-12-14,0.006719187683602224,0.0022779090974826693,0.004441278586119555,0.10948281834094763
2017-12-15,0.0030752303845749457,0.000308682242462954,0.002766548142111991,0.049569673775873846
2017-12-18,0.0060257783965009006,0.0007502548329169261,0.0052755235635839745,-0.048312367529748726
2017-12-19,0.002420423508766558,0.0012103905739241916,0.0012100329348423682,-0.06894850961333604
2017-12-20,-0.002088198017753261,-0.0013477669110852335,-0.0007404311066680266,-0.05782892847880538
2017-12-21,-0.004767208627916932,-0.003635918023270365,-0.0011312906046465673,0.0061013080592894845
2017-12-22,-0.003107423221437458,-0.00245171075073565,-0.0006557124707018101,0.12458067687794966
2017-12-25,0.00033353276949752504,4.352627919763344e-05,0.0002900064902998918,0.04246475721672497
2017-12-26,0.007751015627787685,-0.0007984482475289385,0.008549463875316625,0.03332470757319308
2017-12-27,0.002392816218667892,0.002324263384599297,6.855283406859494e-05,0.07328101183762296
2017-12-28,0.0021503913326253623,-0.00014432241189192216,0.0022947137445172884,0.08246455133282961
2017-12-29,0.00355786376618336,0.0006528635779705093,0.0029050001882128503,0.04444209624927723
2018-01-01,0.00419214664578983,0.0012385499688978754,0.002953596676891955,0.11893042116604377
2018-01-02,0.0031195713573622164,0.002161157006279453,0.0009584143510827613,0.16618610693033545
2018-01-03,0.0076120844706085,0.002151925134737059,0.005460159335871443,-0.13412578248388896
2018-01-04,0.011576100575387945,0.0038749063029947586,0.007701194272393186,0.1930590887047797
2018-01-05,-0.006432811553046442,-0.0022226318970784316,-0.004210179655968007,-0.2287058219102394
2018-01-08,0.012442300706247598,0.0032730158359045754,0.009169284870343023,-0.10994990183583042
2018-01-09,-0.011118406219676722,-0.0035849096651392083,-0.007533496554537514,-0.2283279618502356
2018-01-10,-0.00511247578558026,-0.0026056883148985067,-0.002506787470681754,0.04731418500621243
2018-01-11,-0.011841725289676402,-0.005010516654815326,-0.006831208634861075,0.12315599347173202
2018-01-12,0.002224733366268989,5.2517607309360325e-05,0.0021722157589596286,0.16479200553184617
2018-01-15,0.00544146978112843,0.0014797535381666435,0.003961716242961787,0.2529652792865026
2018-01-16,0.007958388328653029,0.002662349171746783,0.005296039156906244,-0.10653511101866585
2018-01-17,0.012948373790626782,0.006928687668529401,0.006019686122097377,-0.07150767089870265
2018-01-18,-0.006246390229464797,-0.0016727614065793388,-0.00457362882288546,0.14702347956879697
2018-01-19,-0.0033790886230297594,-0.0012938481086347247,-0.0020852405143950356,-0.1809002455483796
2018-01-22,0.007487268249325304,0.003806383311651269,0.0036808849376740345,0.08364672372783555
2018-01-23,-0.008148067140452159,-0.00395490098320554,-0.004193166157246618,-0.15736875504978115
2018-01-24,0.004017247489559735,0.0023130814250373983,0.0017041660645223354,-0.01958830420576278
2018-01-25,-0.006644577945192562,-0.0032563576044590016,-0.0033882203407335602,0.17671325492896328
2018-01-26,-0.0008924495269485223,-0.0008641123499166977,-2.8337177031825204e-05,0.11887311484797938
2018-01-29,0.007852743664342954,0.0028254152978523395,0.005027328366490615,0.1965253707674531
2018-01-30,0.005604493381074638,0.002922409129092172,0.0026820842519824674,0.051757705579606184
2018-01-31,0.009443458513179574,0.004633464543650197,0.004809993969529377,-0.11565655158563608
2018-02-01,0.003062834161264772,0.002598061481597231,0.00046477267966754123,0.0664517422323124
2018-02-02,-0.005030330407196696,-0.0023186406257934295,-0.0027116897814032648,-0.0387741167294527
2018-02-05,0.003252182054450356,0.000303405956575787,0.0029487760978745697,-0.0983074048392605
2018-02-06,-0.0019290269961355281,-0.0005514238441347362,-0.0013776031520007924,0.11699043919436516
2018-02-07,-0.005234031852314426,-0.003278523985975247,-0.0019555078663391788,0.11260186121529299
2018-02-08,0.006324262778376742,0.0024760719748201515,0.0038481908035565907,-0.07104970443832292
2018-02-09,0.005522723391678206,0.0035439476143266065,0.0019787757773515996,-0.04635795448040786
2018-02-12,-0.003104396545008446,-0.003218842369778959,0.00011444582477051221,0.025438346801187645
2018-02-13,-0.0019996660302093257,-0.0016296377804760802,-0.0003700282497332459,0.13062716285754078
2018-02-14,0.0013369746127130356,-0.0016735959234594998,0.003010570536172536,-0.251094094030862
2018-02-15,0.007765809927181322,0.0022353191149528245,0.005530490812228499,0.014348810072209782
2018-02-16,-0.012439009100857776,-0.0048141267377395935,-0.007624882363118184,-0.08105753372897409
2018-02-19,0.0006087643887160494,0.0008874440344282079,-0.0002786796457121595,-0.039887798577151905
2018-02-20,-0.003359696986331511,-0.0021215188231439976,-0.001238178163187513,0.016105434411415747
2018-02-21,-0.0014510928694966006,-0.00039414233185923984,-0.001056950537637361,0.06445499997804661
2018-02-22,0.0006316856170812463,0.0009203678365546062,-0.00028868221947335937,0.1635699446133623
2018-02-23,0.002252377465745131,0.0020785641017750482,0.00017381336397008333,-0.014818233777356462
2018-02-26,0.008473705541789577,0.003975275436288117,0.0044984301055014594,0.24323772213181313
2018-02-27,-0.0006596772038726794,0.0005624584804971508,-0.0012221356843698308,-0.12300299031066012
2018-02-28,0.013650313459450093,0.00614026409945586,0.007510049359994234,-0.10429880068350461
2018-03-01,-0.006426613002743364,-0.0024686857343215727,-0.003957927268421792,0.26375206871805235
2018-03-02,-0.004932544278923038,-0.0017752528878991602,-0.0031572913910238786,0.046954517002664266
2018-03-05,0.018281048299331235,0.011654790208507945,0.006626258090823289,0.006167171980756852
2018-03-06,0.0037314132961488045,0.004945072187670342,-0.0012136588915215366,-0.10299677511564906
2018-03-07,0.0003707716311247124,-1.6333538289827962e-05,0.00038710516941454186,-0.12279871529283741
2018-03-08,-0.006685752488071698,-0.004121134404253251,-0.0025646180838184464,0.15060915038618308
2018-03-09,-0.008302891050511586,-0.005528992253985529,-0.0027738987965260547,-0.20494641765942007
2018-03-12,0.009661502794592899,0.003848037198350432,0.005813465596242469,-0.21915481652245214
2018-03-13,-0.012662541053862431,-0.006174333351508455,-0.006488207702353976,0.02456422730956737
2018-03-14,-0.009409193570357683,-0.003867203738229401,-0.005541989832128287,0.02375345736882131
2018-03-15,0.0013569261124430142,0.0008632930713572476,0.000493633041085767,0.07572957506483284
2018-03-16,0.0010741909243855508,-0.0012314935811514097,0.002305684505536961,0.06731117894952228
2018-03-19,0.004607080407853941,0.0011515524249605573,0.0034555279828933855,0.04749676001051365
2018-03-20,0.0038193853450850515,0.000724249692761819,0.003095135652323233,0.04981697941673015
2018-03-21,0.0026190947360825202,0.00022763827891984084,0.0023914564571626794,-0.09267830077228818
2018-03-22,0.0023978161786858453,0.0001222019540829209,0.0022756142246029235,-0.02082362568802121
2018-03-23,-0.004094803706258928,-0.0019046565820382052,-0.002190147124220724,-0.17914256141845838
2018-03-26,-0.0008931646923489653,0.0005196765148695881,-0.0014128412072185528,0.004448540608777501
2018-03-27,-0.008471044001098335,-0.002095385819632669,-0.006375658181465661,0.10058244351251894
2018-03-28,0.0002646389229292651,-0.0017100715724987893,0.001974710495428054,0.039025298326197354
2018-03-29,0.006357760752466067,0.0024244924029604158,0.00393326834950565,0.0005559475378990279
2018-03-30,0.002094174034822968,0.0017686447843720979,0.00032552925045086943,0.10059618935382104
2018-04-02,2.6094668742593255e-05,-0.0005393918724430806,0.000565486541185674,-0.05798464133234924
2018-04-03,0.0051558030188692955,0.001820560904432937,0.0033352421144363584,0.02364216382487965
2018-04-04,-0.00281822890013842,-0.002257399965618103,-0.0005608289345203112,-0.04224568142149725
2018-04-05,0.001194016309630455,-0.0008655435243019975,0.0020595598339324533,-0.07773730336838969
2018-04-06,-0.002349143709096554,-0.0002606258730884195,-0.002088517836008135,-0.01643252615146892
2018-04-09,-0.004309818199825037,-0.0035600373287076395,-0.0007497808711173955,-0.10705160146188543
2018-04-10,-0.0010550813352874114,-0.002924353251619681,0.0018692719163322692,-0.016730828230009428
2018-04-11,-0.007464431200319413,-0.004748326919306113,-0.002716104281013299,0.035751808610790574
2018-04-12,-0.001088879726327752,-0.0007577562676544386,-0.0003311234586733103,0.07430005284800983
2018-04-13,0.002061721482743856,0.0007525506226745728,0.0013091708600692841,0.1922841215235073
2018-04-16,0.004023671507208005,0.0016319679566238773,0.002391703550584127,0.007053988994257401
2018-04-17,0.011563871907389289,0.006843787454199099,0.004720084453190186,0.004321994072877518
2018-04-18,0.0004438786527973457,-0.0003454043927861945,0.0007892830455835398,0.11392744266151936
2018-04-19,0.00022285846818783902,0.00026499341486972347,-4.2134946681883154e-05,0.19572929740515482
2018-04-20,0.006423433590666723,0.0018513099562219425,0.004572123634444781,0.008136279276849095
2018-04-23,0.011122988937176356,0.0049872220891349,0.006135766848041461,-0.04854550705496987
2018-04-24,0.00044339774645645676,-0.0008469413488314771,0.0012903390952879335,-0.1247634207663358
2018-04-25,-0.002113752054206567,-0.0017439277874956444,-0.0003698242667109289,0.2103921708368972
2018-04-26,-0.0059383582495012004,-0.0024155204868666295,-0.003522837762634571,0.002407377275045802
2018-04-27,0.011589508462093723,0.0028555461838423377,0.008733962278251385,0.046809837409518676
2018-04-30,0.00012949979527533554,-0.00015526919660881558,0.0002847689918841524,0.08276244667489795
2018-05-01,0.002404197041114053,0.0003459226939020678,0.0020582743472119854,-0.11110669272407736
2018-05-02,0.0045159277071983445,0.004048651596976028,0.0004672761102223165,-0.018178127377004805
2018-05-03,-0.005116570683513375,-0.002493478477023369,-0.002623092206490008,0.11696050410266262
2018-05-04,-0.0007871801262731904,-0.00022641111614767637,-0.000560769010125514,0.18277316389117335
2018-05-07,0.004861683078485606,0.0025625472697523768,0.0022991358087332296,-0.1828051388567003
2018-05-08,0.009294424701384203,0.004635238559945701,0.0046591861414385025,-0.032160577488271336
2018-05-09,-0.009992243563451794,-0.003937827588670481,-0.006054415974781312,-0.01028385344522414
2018-05-10,-0.0014119533173440378,0.0004991602724876117,-0.0019111135898316504,-0.1994235228297378
2018-05-11,-0.00044057283445088466,0.0008158772860782613,-0.0012564501205291484,0.04695175962453082
2018-05-14,-0.008195799298521041,-0.003919164145061639,-0.0042766351534594006,0.03960192138273705
2018-05-15,0.0020624743227839427,0.0008590262720585915,0.001203448050725353,0.09859110987450499
2018-05-16,0.0018218131087112666,-0.00023596506286596708,0.0020577781715772347,-0.0761432352228058
2018-05-17,0.005356770119319574,0.003999328211587544,0.001357441907732031,0.3176212243590232
2018-05-18,-0.004032210344184816,6.585736182537208e-05,-0.004098067706010187,0.01331483452769475
2018-05-21,0.01696635287932579,0.007299419227387242,0.009666933651938544,-0.12064761707477173
2018-05-22,0.0006801647509580553,0.0013313665992097715,-0.0006512018482517157,-0.02820989786967159
2018-05-23,-0.007123612590079065,-0.003979254317727722,-0.0031443582723513414,-0.15744714248029354
2018-05-24,-0.0019100822268359426,-0.0036355224875539733,0.0017254402607180322,-0.07589302397325454
2018-05-25,-0.008241957099178424,-0.004068867700022009,-0.004173089399156418,0.016055445037969265
2018-05-28,-0.004099738623432587,-0.0037510754261375276,-0.0003486631972950578,-0.03356566754499665
2018-05-29,0.0007914707362433475,0.0006224405167684823,0.00016903021947486463,-0.05532736197999805
2018-05-30,-0.0017478575637379487,-0.00029592930221876076,-0.0014519282615191886,-0.10982999921871316
2018-05-31,-0.0029179340101374296,-0.0016995030202394449,-0.0012184309898979838,0.07582435004657628
2018-06-01,-0.006361446818443762,-0.004202390854985193,-0.00215905596345857,-0.06516675793146337
2018-06-04,0.004079411533545032,0.0015239953958377521,0.002555416137707279,0.009648576183780401
2018-06-05,-0.003348402247481449,-0.0033229956151812927,-2.5406632300157064e-05,0.017174882225340273
2018-06-06,0.0004951563486994427,-0.00039590801491844294,0.0008910643636178865,0.012208653696723842
2018-06-07,0.0009309279335119377,0.0011776555883596662,-0.00024672765484772853,-0.08780457223537122
2018-06-08,0.0006648261507853311,-0.0016935171378970916,0.002358343288682422,-0.06069227056904971
2018-06-11,-0.004337512316052561,-0.002287876407437903,-0.0020496359086146576,-0.022925340373615093
2018-06-12,-0.002960102422899318,-0.000665786612455475,-0.0022943158104438413,0.007386996013965715
2018-06-13,-0.0012100058622935529,-0.0011248099865154284,-8.519587577812422e-05,0.2570449371981486
2018-06-14,0.0003747257730661155,-0.0007871986195248822,0.0011619243925909978,0.13787573241818116
2018-06-15,0.016008588170368765,0.005758122207230112,0.010250465963138652,0.1895338886711546
2018-06-18,0.008172470810331713,0.0035884722025614647,0.004583998607770248,0.21195099796805486
2018-06-19,0.01263765599824676,0.007223325796369461,0.0054143302018773015,0.2096969836433666
2018-06-20,0.013595224334769635,0.005119721963828646,0.00847550237094099,-0.11497059469842237
2018-06-21,0.016029481006618752,0.007922609073119997,0.008106871933498756,-0.25355704229375287
2018-06-22,-0.005960438379011968,-0.0047464714909843456,-0.001213966888027624,-0.11348742990601798
2018-06-25,-0.012289012294955774,-0.004854603863213628,-0.007434408431742149,-0.16394991997728098
2018-06-26,-0.0052166061085382005,-0.0029865970266686297,-0.0022300090818695682,-0.11399189483925055
2018-06-27,-0.007563942555264171,-0.004017011171102657,-0.003546931384161515,-0.08797373539250937
2018-06-28,-0.005285699372631805,-0.0022704053081279737,-0.00301529406450383,-0.09716065241879103
2018-06-29,-0.004644207841381911,-0.0023729514066619713,-0.00227125643471994,-0.09868161385386082
2018-07-02,-0.004274797954670278,-0.0016822533696165404,-0.002592544585053737,-0.047404853089519076
2018-07-03,-0.006078264993616724,-0.0028783491304190355,-0.003199915863197688,-0.05985894912930128
2018-07-04,-0.0027329107017784755,-0.0014551992243984498,-0.0012777114773800265,-0.15292845792174617
2018-07-05,-0.0034383974597909763,-0.00038654519074018305,-0.0030518522690507937,-0.14777110374046518
2018-07-06,-0.009242816349456586,-0.004419733793631683,-0.004823082555824899,0.0725215728221312
2018-07-09,-0.007863363421850086,-0.0035658065544681775,-0.004297556867381903,-0.07539617362894126
2018-07-10,0.005916605659304077,-0.0007545138674558804,0.0066711195267599565,0.018451890455734078
2018-07-11,-0.005620435252409054,-0.005053913077608338,-0.0005665221748007147,0.009265331630685695
2018-07-12,0.00131889748435771,-6.345959016031567e-05,0.001382357074518027,-0.0241677482721514
2018-07-13,0.0005096014877427537,0.00046505663750759027,4.4544850235163184e-05,-0.12720090529930084
2018-07-16,-0.0015679195312957215,0.0005576106886248516,-0.002125530219920572,-0.028219175816992913
2018-07-17,-0.009278495304298657,-0.0036417031359826275,-0.005636792168316033,0.007312072414339907
2018-07-18,-0.0020787476665102816,-0.0014023575641700058,-0.0006763901023402775,0.10358509272773107
2018-07-19,0.0006027697413030194,0.0009545854942604251,-0.00035181575295740314,0.02242874049711637
2018-07-20,0.010889552065436426,0.006417691134911183,0.004471860930525248,0.015807742301917845
2018-07-23,0.0015909541465109391,-0.0009254165124850111,0.002516370658995945,8.141095393372504e-05
2018-07-24,0.0011390778345861628,0.0008494633167869213,0.000289614517799245,0.032986748680899895
2018-07-25,7.109094175273417e-06,-0.0027382157176769305,0.002745324811852204,0.10748161068515188
2018-07-26,0.0027364056779575563,-0.0010860680745287121,0.003822473752486271,-0.05623785803924678
2018-07-27,0.006900684987896196,0.002683865006560919,0.004216819981335277,-0.016530414536176357
2018-07-30,-0.0035944242214829563,-0.0034431721828587017,-0.00015125203862425066,0.011162056846972697
2018-07-31,-0.0010635908455408137,-0.0006994077185333864,-0.0003641831270074286,0.005206805243336566
2018-08-01,0.0007398929029057292,-0.00017597125351950132,0.0009158641564252305,0.03293824827440305
2018-08-02,0.00031012520959183647,0.001461205441204672,-0.001151080231612837,0.042256226284413945
2018-08-03,0.0023532506322718845,0.00026013005160467964,0.002093120580667204,0.03664479027004707
2018-08-06,0.0033285107510275364,0.0004976645484232175,0.0028308462026043176,0.09603978146813949
2018-08-07,0.0026139247908482204,0.0004588443323943654,0.0021550804584538584,0.03357009826409727
2018-08-08,0.007078157297239593,0.001149996168097132,0.005928161129142462,-0.03259886277955585
2018-08-09,0.0024105390240848493,0.0006023624325864688,0.0018081765914983831,-0.0672620494804575
2018-08-10,-0.0018796996752550915,-0.0005665525733585045,-0.0013131471018965855,-0.051969259790676535
2018-08-13,-0.0038512212335374265,6.727394213008886e-05,-0.003918495175667516,0.07816076441216797
2018-08-14,-0.003556677667608287,-0.0024597069361004375,-0.00109697073150785,0.10104388613835047
2018-08-15,0.0052296919074420085,0.0007248444893473167,0.004504847418094693,0.06668010971794736
2018-08-16,0.00676893898116848,0.0029470190119800996,0.0038219199691883815,-0.06172976534142812
2018-08-17,0.005933978131393128,0.0019315907245480782,0.0040023874068450494,0.17334879540379775
2018-08-20,-0.004427119291851085,-0.0018148338199447424,-0.0026122854719063445,-0.015255966276097982
2018-08-21,0.0125661572945523,0.006328898914754202,0.006237258379798098,-0.07819086592007722
2018-08-22,-0.0011230486654484999,-0.002868927472617022,0.0017458788071685258,0.03148941536141776
2018-08-23,-0.005414289414469225,-0.003901775990053587,-0.001512513424415638,-0.12561601053855487
2018-08-24,0.0020291066053490067,7.734703006887379e-05,0.0019517595752801343,-0.006647614486450249
2018-08-27,-0.007862549458502443,-0.00407061562825577,-0.003791933830246671,-0.022172446215807273
2018-08-28,-0.000433532409444689,-3.288010428018941e-05,-0.0004006523051644992,-0.011180442663844025
2018-08-29,-0.0015210450646900087,-0.0026172706682273316,0.0010962256035373218,-0.012283414826275237
2018-08-30,-0.000700602841562018,-0.0016935126957030502,0.0009929098541410324,-0.03696129492941535
2018-08-31,-0.0008983319748093545,0.0001697875820340384,-0.0010681195568433954,0.0875437855589326
2018-09-03,-0.0028997868262387195,0.002073431020869824,-0.0049732178471085416,0.08970961732063498
2018-09-04,0.005780338874314489,0.0017875285826485128,0.003992810291665977,0.0055328315847650395
2018-09-05,0.006150543844192489,0.0038432001770202368,0.0023073436671722514,0.20143669768831254
2018-09-06,0.0004623710266524995,-0.00011287938081620992,0.0005752504074687109,-0.00029983442737261897
2018-09-07,0.01908063289655501,0.007315428625714611,0.0117652042708404,0.1917293860403492
2018-09-10,-2.3640003864937786e-05,-0.00019654289893624236,0.0001729028950713061,0.00993251889738661
2018-09-11,0.014987180761058636,0.007359939398842746,0.007627241362215903,-0.08487425857268391
2018-09-12,0.0007349342542939238,0.0008339499155664322,-9.901566127250988e-05,-0.02083570926828053
2018-09-13,-0.005780806948688768,-0.0036796168943780097,-0.0021011900543107588,-0.15369758202410216
2018-09-14,-0.0012626403890226667,-0.002383998729956179,0.0011213583409335117,0.014792101097313038
2018-09-17,-0.007682702690516699,-0.0017681172144651189,-0.005914585476051587,-0.16338275129560573
2018-09-18,0.000936569952111657,0.0007195258239007908,0.00021704412821086597,-0.045696337952245474
2018-09-19,-0.008808361782641631,-0.0022309895719165133,-0.006577372210725117,0.002156341693735381
2018-09-20,-0.0022961855855072023,0.00015326248976107668,-0.0024494480752682776,0.14729299283534456
2018-09-21,0.00013034802995749153,-0.0009769056981807807,0.0011072537281382718,-0.041516948207791796
2018-09-24,0.010723744395736055,0.0044141881523179285,0.006309556243418127,-0.08921527038414541
2018-09-25,-0.0034695637640977934,-0.0034969977885066393,2.7434024408845613e-05,-0.02938351638707168
2018-09-26,-0.005027007606564728,-0.0014848979088886716,-0.0035421096976760574,0.08471365920946629
2018-09-27,-0.0017539180299696274,-0.0008790291301154201,-0.0008748888998542075,0.0690167147764503
2018-09-28,0.005622101761597424,0.0007297261594238214,0.0048923756021736035,-0.08899247318503015
2018-10-01,0.0046025882862672455,0.001805373367825094,0.002797214918442153,-0.01582342436425727
2018-10-02,-0.00467299039291889,-0.001732469098196042,-0.002940521294722852,-0.001714495142124611
2018-10-03,-0.000799388143904005,-0.0002969486047985395,-0.0005024395391054658,0.020643856423151734
2018-10-04,-8.823636016970591e-05,-7.13662332275846e-05,-1.687012694212217e-05,0.09855299511010784
2018-10-05,0.0012745633740378248,0.0006230136524717784,0.0006515497215660478,0.0824506039295476
2018-10-08,0.00562516758307938,0.0011354539503511396,0.0044897136327282415,0.03793334764912584
2018-10-09,0.005563213898337948,0.0033059967777485273,0.0022572171205894193,0.04563370837619647
2018-10-10,0.0022810562323496986,-0.00029148964408338973,0.0025725458764330883,0.11798124842577427
2018-10-11,0.0027115959028735682,0.0007261677835154217,0.0019854281193581466,-0.09453629653365006
2018-10-12,0.007605790077663646,0.003446892564883782,0.004158897512779862,-0.2196166736928751
2018-10-15,-0.0058036633846923116,-0.0030620453448219984,-0.002741618039870313,0.08809887177377682
2018-10-16,-0.010109415049566464,-0.003484355058493739,-0.0066250599910727195,-0.0204777735062893
2018-10-17,0.004449440785992237,0.0027201563422987237,0.0017292844436935136,0.2797796805990015
2018-10-18,-0.0011233015465393304,-0.001270987741892206,0.0001476861953528764,0.008314924961624106
2018-10-19,0.01588331585418554,0.006334050298026795,0.009549265556158745,0.06645784174415431
2018-10-22,0.0004701112852892779,0.00014551999168077026,0.0003245912936085077,-0.12731394055952788
2018-10-23,0.003387832030360602,0.0006989193868628654,0.0026889126434977363,-0.023271720750642794
2018-10-24,-0.006085098682972269,-0.003397925001267456,-0.0026871736817048134,-0.08581270925575173
2018-10-25,-0.0011404753943971694,-0.0025414730141412774,0.0014009976197441078,0.0058696470827818824
2018-10-26,-0.004240606723852502,-0.0027986953945714037,-0.001441911329281096,0.0793317574558704
2018-10-29,0.00031741421431961156,0.00182023519715929,-0.0015028209828396788,0.12955778063721315
2018-10-30,0.004325742507612835,0.001159771264554646,0.00316597124305819,-0.08943649287442941
2018-10-31,0.007396115998155007,0.002850877580516676,0.004545238417638333,0.13596000681465042
2018-11-01,-0.004724069276751586,-0.0018378515261292588,-0.002886217750622329,-0.12648194250435435
2018-11-02,0.007401836193158139,0.0033670170343820995,0.004034819158776038,0.04699782372155715
2018-11-05,-0.006443466490777393,-0.004564543712863557,-0.0018789227779138322,0.07898530461913678
2018-11-06,0.002511829129783972,0.0006075734806349005,0.001904255649149072,0.0689453134439826
2018-11-07,0.004140395666765412,0.0005630028602355355,0.003577392806529878,-0.05990046573218872
2018-11-08,0.0035529780429238793,0.0007468341698530336,0.0028061438730708453,0.16713883327600176
2018-11-09,-0.0030544079970281158,-0.0009667437168661011,-0.0020876642801620155,0.058457942351728694
2018-11-12,0.009842395284921904,0.006262449220831225,0.0035799460640906777,0.11911942164590895
2018-11-13,0.0032438146247903473,0.0007979666517964204,0.0024458479729939273,0.06746867340501081
2018-11-14,0.005700518819307011,0.0028768053575371766,0.0028237134617698327,0.05414832662233085
2018-11-15,0.0032245952681328846,0.00012963386550359575,0.00309496140262929,-0.14147197263610967
2018-11-16,0.002810381856834607,-0.0008859465029267054,0.0036963283597613123,-0.09213825230678033
2018-11-19,-0.00851964288008409,-0.0036273093078920465,-0.0048923335721920425,-0.07867669841410693
2018-11-20,-0.004380840953753505,-0.0031973269659492437,-0.0011835139878042618,0.07176464287057904
2018-11-21,-0.003743436896437063,-0.002117880401449288,-0.0016255564949877754,0.05502157493908655
2018-11-22,0.0034663577173425844,0.002565869539402424,0.000900488177940157,0.36147756833865535
2018-11-23,0.0023554279050756756,0.000467106027090311,0.001888321877985365,-0.09635681194357186
2018-11-26,0.022256436033283318,0.009132821871169625,0.013123614162113696,-0.08004556471576213
2018-11-27,-0.004163343855715322,-0.001000932769308096,-0.0031624110864072238,-0.022329698850471962
2018-11-28,-0.003288488186714412,-0.0008968178541569876,-0.0023916703325574246,0.08243415136262022
2018-11-29,-0.0010112292338888733,0.00037744356942588913,-0.0013886728033147616,0.02138456730876742
2018-11-30,0.0036843143901373254,0.0018905458237419412,0.0017937685663953838,-0.038107372333109284
2018-12-03,0.0010199514951027223,0.0013132893071940743,-0.0002933378120913517,0.04850826958236152
2018-12-04,-0.0016032038691052401,-0.00221113382810133,0.0006079299589960901,0.0827636039537607
2018-12-05,0.0021721320737856696,0.0009755048488107815,0.0011966272249748881,0.053594623636935325
2018-12-06,0.0036913449226725656,0.000897656656354856,0.00279368826631771,-0.1778730851292942
2018-12-07,0.0027939546071389628,0.003279006098997086,-0.0004850514918581239,0.12959055731444016
2018-12-10,-0.009371702759575003,-0.002170485760117512,-0.0072012169994574915,0.01767280020829787
2018-12-11,0.008612107966947296,0.008112613796626651,0.0004994941703206461,-0.03418513704740392
2018-12-12,0.0010747889759304872,-0.0003786552581519784,0.0014534442340824651,0.15241444291030717
2018-12-13,-0.001808069277848657,-0.0005780023019575035,-0.0012300669758911528,-0.02677260902176054
2018-12-14,0.007689672782584915,0.0035887486705847467,0.004100924112000167,0.03960485259275061
2018-12-17,-0.0013880372367654319,0.0007018978585124243,-0.0020899350952778527,-0.06171841551411139
2018-12-18,0.0019095877507609087,0.0016777592115957396,0.00023182853916516987,0.023076243110034433
2018-12-19,-0.003178091285515804,-0.001843645033699993,-0.001334446251815809,-0.04003731329719313
2018-12-20,0.0010683261415742385,0.00026118981472734136,0.0008071363268468976,-0.06380077790170742
2018-12-21,-0.0019214490495552648,-0.0006867870377598555,-0.0012346620117954102,-0.0822289602438785
2018-12-24,-0.0033714785461643896,-0.002358334448611943,-0.0010131440975524458,-0.021336286890403896
2018-12-25,-0.00422224150009742,-0.003352670167477291,-0.0008695713326201285,-0.07005561585121925
2018-12-26,-0.0011827012237593856,-0.0010211422007073627,-0.00016155902305202332,0.0306723040797007
2018-12-27,-0.003597813968507662,-0.003830674397386903,0.00023286042887924168,0.013824975547022361
2018-12-28,0.0018380506318739277,-9.052551400942285e-05,0.00192857614588335,-0.13488522207761672
2018-12-31,0.0008632744706127547,0.00040394190294591563,0.0004593325676668404,-0.10450314155595954
2019-01-01,-0.007047271500486293,-0.004379917456685152,-0.00266735404380114,-0.017655509662032155
2019-01-02,-0.006793064635052182,-0.0031996512578925987,-0.0035934133771595854,0.02215248770394071
2019-01-03,-0.0009634147914742542,-0.00012492238632898223,-0.0008384924051452721,-0.01820726342386653
2019-01-04,0.001392349565686094,0.00014482118252790582,0.0012475283831581904,-0.1585731624953064
2019-01-07,-0.0010080182198813016,-0.0007071548020969563,-0.00030086341778434375,-0.040178545846784444
2019-01-08,-0.007686333199030912,-0.0029477610273426465,-0.004738572171688263,-0.08377616753844457
2019-01-09,-0.002170216466589972,-0.001923274328628084,-0.00024694213796188844,0.0039200428080914925
2019-01-10,-0.004360486222869143,-0.0018209943368057892,-0.0025394918860633543,-0.0398437116686074
2019-01-11,0.00022559194516358943,-0.0010410387291809211,0.0012666306743445111,-0.14480257750099032
2019-01-14,-0.0023040493968729766,-0.00015793530683835821,-0.0021461140900346162,0.07320959498894226
2019-01-15,-0.008930692114684067,-0.004906378595127309,-0.004024313519556759,0.01983116737555841
2019-01-16,0.004104575582563374,0.0005529112619013501,0.0035516643206620234,-0.04029811485621211
2019-01-17,0.0009085399601878459,-0.0013475932615298423,0.002256133221717688,-0.061085040194317694
2019-01-18,-0.0020433494209920354,0.00020495324085847196,-0.0022483026618505065,0.05016060295506312
2019-01-21,-0.0030565839491083187,-0.0006120703376931644,-0.0024445136114151535,0.0591726079664153
2019-01-22,0.002483687495138667,0.00012262413178408066,0.0023610633633545865,0.07235823072297846
2019-01-23,0.003011322841436949,0.0026747347691503318,0.0003365880722866182,0.12884743843887844
2019-01-24,0.003797719227787681,0.0011787722699694294,0.002618946957818251,0.04637343392487722
2019-01-25,0.007293629317104314,0.0032570658326583875,0.004036563484445926,0.08512411749242568
2019-01-28,0.002642880225109788,0.0020049419767283333,0.0006379382483814554,0.25098115983717095
2019-01-29,0.005260983129869687,0.0012450403073927911,0.004015942822476894,0.03354261201711104
2019-01-30,0.017919147760223766,0.0040801551560011515,0.013838992604222618,0.027000855454788964
2019-01-31,0.0019244255366831537,0.00036632843696490953,0.0015580970997182437,-0.07135063691443323
2019-02-01,0.0013805200693535807,0.001118319581261875,0.0002622004880917031,-0.027271558270600495
2019-02-04,-0.004380705749659293,-0.001496572462085336,-0.002884133287573956,0.07658597850941516
2019-02-05,-0.0013706775384144951,0.0004482526793583696,-0.0018189302177728638,0.0587811509825901
2019-02-06,0.003788394222463307,0.0025990781207398447,0.001189316101723464,-0.05593900558165536
2019-02-07,0.003031679894596115,0.0008055125682049282,0.002226167326391186,0.231406428509802
2019-02-08,-0.002798184200034223,-0.0008128828611567197,-0.0019853013388775043,0.03908207843735599
2019-02-11,0.0160705175142596,0.005353789196091624,0.010716728318167973,0.021686052737175707
2019-02-12,0.0021983772286638314,0.0014039550859983561,0.0007944221426654753,0.15275766150236422
2019-02-13,0.0010606036391821651,0.0006948080454306084,0.0003657955937515565,-0.06878301044238633
2019-02-14,0.008557964642804762,0.004273733996681165,0.004284230646123597,-0.01720518378015598
2019-02-15,-0.004524450503692717,-0.0034036841110199768,-0.0011207663926727403,-0.00010808718642381035
2019-02-18,-0.0008896782292459088,0.0013617505790137104,-0.0022514288082596187,0.035561526072631314
2019-02-19,-5.004258626401838e-06,-0.0011961585885997047,0.0011911543299733054,0.04640427781169875
2019-02-20,0.0017894998378855992,-0.0006577509541090055,0.0024472507919946042,-0.22767330268579403
2019-02-21,0.00232301678462036,0.0005459589861921341,0.0017770577984282257,0.1955339242947549
2019-02-22,-0.016684353893023134,-0.007054707525957859,-0.009629646367065273,0.10940004782926756
2019-02-25,0.01262779431061085,0.006620245769170769,0.0060075485414400834,0.14028623035517543
2019-02-26,0.00765480110332986,0.005896309085227112,0.0017584920181027506,-0.031784777361665045
2019-02-27,0.008779806787515342,0.0044622397349577195,0.004317567052557623,0.08542701050503165
2019-02-28,-0.001548783886109967,-0.0004928230071030472,-0.001055960879006921,0.013546094832597845
2019-03-01,0.004460381832057134,0.004288381350415323,0.00017200048164181178,0.1054374366882857
2019-03-04,0.0006891525523408484,0.0017052924889271249,-0.0010161399365862759,-0.04297291234502636
2019-03-05,0.005588430516462452,0.0012387339083684817,0.004349696608093969,0.033129183010283024
2019-03-06,-0.002036271200126232,-0.00020235111591859235,-0.0018339200842076402,0.09410811511768664
2019-03-07,0.0016687639336710786,-0.0015162592406675526,0.0031850231743386307,-0.12163346529521307
2019-03-08,0.00492578722285888,0.0034407660589631413,0.0014850211638957368,0.08424794244313766
2019-03-11,-0.0056430898200139365,-0.0023363082107530284,-0.0033067816092609086,-0.054137035712747576
2019-03-12,0.004045584754295563,0.002267858490899061,0.0017777262633965028,0.04837330818005442
2019-03-13,-0.0026550698186052425,0.00027440063466267935,-0.0029294704532679215,-0.03487862530579091
2019-03-14,0.0026406657796472317,0.0012540888610786428,0.0013865769185685915,-0.08568426015033484
2019-03-15,-0.0016399881644622383,0.0012519640773786238,-0.0028919522418408613,0.025945200508636572
2019-03-18,-0.003784964261933283,-0.0015742589525393827,-0.002210705309393903,-0.04328148445306289
2019-03-19,0.0012260790159931922,0.00023954350007088232,0.0009865355159223094,0.08378894733357621
2019-03-20,-0.0019046531149448007,-0.002239131104205447,0.0003344779892606466,0.15324879551560522
2019-03-21,0.004848777372931409,-0.0012604422171101151,0.006109219590041522,0.06889750072730906
2019-03-22,0.010932463709564678,0.0003382961648987176,0.01059416754466596,0.07554606979889529
2019-03-25,0.003280168706458088,0.0030395432724841433,0.00024062543397394506,0.01385305928955503
2019-03-26,0.0035050435641417353,0.0024688239618925033,0.0010362196022492317,-0.09170099240234694
2019-03-27,0.0005830777949233806,0.0019813921101008076,-0.0013983143151774275,-0.04522674781093218
2019-03-28,-0.0038295420968531414,-0.0030103868085218297,-0.0008191552883313115,-0.05905730718669005
2019-03-29,-0.002094095043038363,-0.0004992457163635583,-0.0015948493266748048,-0.03106013045024059
2019-04-01,-0.002729147738012805,-0.0017816627862616286,-0.000947484951751178,-0.13897120260188858
2019-04-02,-0.0013245165273371058,-0.00209913742289198,0.0007746208955548744,-0.11904304441975216
2019-04-03,-0.0054005340353412,-0.0014828149229322851,-0.003917719112408916,-0.09366059304992579
2019-04-04,-0.005172666481956071,-0.0029407417844336224,-0.0022319246975224475,-0.0062902980978260595
2019-04-05,-0.004076505010184121,-0.0010297120412639514,-0.003046792968920171,-0.000630153875493767
2019-04-08,-0.0003031750994798658,0.0008150096333738345,-0.0011181847328537008,0.0517965790133165
2019-04-09,-2.7851240413741176e-05,-0.0008621431870422872,0.0008342919466285455,-0.051129266610860744
2019-04-10,0.0024930637682266292,0.002194245684730149,0.00029881808349648117,-0.06919114544798166
2019-04-11,-0.0021953692366297067,-0.0006656874473675127,-0.0015296817892621935,-0.10959031656437683
2019-04-12,-0.0032229294590126797,-0.0006306067206827241,-0.0025923227383299573,-0.020192530372780352
2019-04-15,-0.005493376318252655,-0.0021929018579578893,-0.0033004744602947653,0.004066290969963201
2019-04-16,-0.0009616155449614838,-0.00040601342262641703,-0.0005556021223350668,0.11170909390464359
2019-04-17,0.00021715891011438388,-0.001153635631669309,0.0013707945417836924,0.17911049899765952
2019-04-18,0.0060536110820010244,0.002163939798348979,0.0038896712836520454,0.01840704365123666
2019-04-19,0.010044498810793792,0.0052420685835913965,0.004802430227202396,0.03391145707715772
2019-04-22,0.000962144092255823,0.0006377832572618328,0.00032436083499398985,0.025221307672393087
2019-04-23,0.0016778952393560324,0.002936489714325456,-0.0012585944749694232,0.0890733823103196
2019-04-24,0.0011495777750095285,-1.4728809897916403e-05,0.0011643065849074458,0.14234153133561991
2019-04-25,0.004941519309424793,0.0007958455106009989,0.004145673798823794,-0.0726221756904998
2019-04-26,0.007940343855909738,0.0032656385577925955,0.004674705298117143,-0.12603101914885237
2019-04-29,-0.0036261797784823764,-0.0017033669650591892,-0.0019228128134231885,-0.05436610598164223
2019-04-30,-0.006430752158588181,-0.0016655827150271266,-0.004765169443561052,0.009477830309981724
2019-05-01,-0.0029696717302212924,-0.0023151059415841466,-0.0006545657886371462,-0.06528109227081208
2019-05-02,0.0005899573422296224,0.0004179190939760588,0.00017203824825356463,0.06242551166557631
2019-05-03,-0.00391074464462938,-0.0020013680202272816,-0.0019093766244021003,-0.06330728445985599
2019-05-06,0.004314632936257287,0.0010956158530895151,0.0032190170831677706,0.022265726262308945
2019-05-07,-0.0036817367392351173,9.386529397088783e-06,-0.0036911232686322043,-0.02801930060580194
2019-05-08,0.0013073055428559277,0.0002606869492773507,0.0010466185935785778,0.11174277378481724
2019-05-09,-0.001469599057747917,0.0012935819508566558,-0.002763181008604572,-0.04396168483725631
2019-05-10,0.006429897886627492,0.0033875032227687223,0.0030423946638587695,-0.06654396294349853
2019-05-13,-0.0025713735706285766,0.0005591307465398921,-0.0031305043171684682,0.10408728080687074
2019-05-14,-0.0036461449508632445,-0.0002213980916651861,-0.0034247468591980575,-0.04396587177501617
2019-05-15,0.0056606971343744795,0.002353041146381738,0.003307655987992742,0.04520428871310253
2019-05-16,-0.0029574485946231863,-0.0016246005747723013,-0.0013328480198508841,-0.004197305713607078
2019-05-17,0.0032580735725923583,0.0015311271584760137,0.0017269464141163437,0.10678610170164425
2019-05-20,-0.00029052163512368126,0.0028085608698254845,-0.0030990825049491658,0.0642379339448273
2019-05-21,0.007653874314087613,0.003012561309573364,0.004641313004514251,0.21750753785449098
2019-05-22,0.006107375250821167,0.0032118535080502275,0.002895521742770954,-0.1051003981714747
2019-05-23,0.027189405072185258,0.018729435780358614,0.008459969291826644,-0.040030930640372275
2019-05-24,-0.007294323745559457,-0.0030822611056904106,-0.004212062639869049,-0.05713574112732652
2019-05-27,-0.0028505799588517196,2.162769188774824e-05,-0.0028722076507394674,-0.13247724180997586
2019-05-28,-0.004943660781717396,-0.0019659127156607566,-0.0029777480660566347,0.08750619532409663
2019-05-29,-0.01137191071485662,-0.0053124917355101674,-0.006059418979346452,-0.04728743991207673
2019-05-30,0.006234285440679829,0.0017654929819901086,0.004468792458689722,0.027736060941495784
2019-05-31,-0.0030586719029837197,0.0025304732437278106,-0.005589145146711529,0.04562061986709546
2019-06-03,0.001910602938278667,0.0013400151989673668,0.0005705877393112988,-0.009361161548722763
2019-06-04,0.0027525090049419308,0.0009620407090429215,0.0017904682958990092,-0.04151190416215607
2019-06-05,-0.0005514345229410481,-0.00014390875923339652,-0.00040752576370765153,0.09516104707675625
2019-06-06,-0.0028846382858860493,0.0014319048295246412,-0.004316543115410687,-0.034021743044212016
2019-06-07,0.007500004879434893,0.0005908500085411387,0.006909154870893755,-0.06761632982733248
2019-06-10,-0.001974479790442451,-0.0007371731220387097,-0.0012373066684037426,0.020112193179346302
2019-06-11,-0.00480181326237436,0.0015416368942339897,-0.00634345015660835,-0.004785266875391391
2019-06-12,0.001640610256522834,0.004615092184159092,-0.002974481927636257,-0.033411149004553255
2019-06-13,-0.0004374381811508227,0.003852610713991026,-0.004290048895141848,0.0658260038145785
2019-06-14,-0.0034597452342617356,-0.012313266787783533,0.008853521553521801,-0.09391730111178856
2019-06-17,0.0053190532984062535,0.00018469732559157123,0.005134355972814683,0.037792656535512184
2019-06-18,-0.008064831970916399,-0.004890181721194528,-0.0031746502497218693,-0.011835102555434162
2019-06-19,0.0025704114325146837,-0.0014812988631168617,0.004051710295631547,0.0722303255220077
2019-06-20,-0.0007459019103187703,0.00010765385035723003,-0.0008535557606760003,-0.00819986473466927
2019-06-21,0.005318964811417534,-0.002787273102695149,0.008106237914112682,-0.06602151688416384
2019-06-24,-0.0005798095930675908,-0.0023996437584385983,0.001819834165371008,-0.024952606476216017
2019-06-25,-0.004701718227735725,-0.003128384052274443,-0.00157333417546128,0.0335771184629886
2019-06-26,-0.0024299578928876474,-0.004648772550941836,0.002218814658054187,0.07963436049457376
2019-06-27,0.002716955680764798,0.0042089363801537175,-0.0014919806993889187,-0.05493373788702619
2019-06-28,0.005437957460865513,0.0003943491014871906,0.00504360835937832,0.051787047508955644
2019-07-01,-0.0036798804564079877,-0.0017135636914128137,-0.0019663167649951706,0.0726276904477401
2019-07-02,0.003783297021426371,0.0038967116901830762,-0.00011341466875670198,-0.018125001753602103
2019-07-03,0.005947173455383563,-0.001282558562020919,0.007229732017404483,0.06898708097152662
2019-07-04,-0.0012930152613952577,0.0010929489922062948,-0.002385964253601551,-0.22211094533803216
2019-07-05,0.004519751670574567,0.004141977747019665,0.0003777739235549006,0.14803759055521848
2019-07-08,-0.01466200668322365,-0.004721320509979574,-0.009940686173244076,0.19415378356327992
2019-07-09,0.009325118451797645,0.0025514313157104593,0.006773687136087185,-0.060829562823466785
2019-07-10,0.015733421012352602,0.0048237340795242445,0.010909686932828365,0.028910077349497052
2019-07-11,-0.003954262256462436,-0.0009154714746239488,-0.003038790781838486,0.16230599317781383
2019-07-12,0.0015574955373475912,0.0005942400289471461,0.0009632555084004429,0.23991334979940304
2019-07-15,0.010686504709187061,0.005013256985785273,0.005673247723401789,0.16458120266438825
2019-07-16,0.015046800412916922,0.0064626432827967,0.00858415713012022,0.21335787437225173
2019-07-17,0.013386427833816121,0.005104431068138026,0.008281996765678094,-0.20669030028654406
2019-07-18,0.015003086291641517,0.007617162658380427,0.007385923633261091,-0.3417749036579389
2019-07-19,-0.012078758826440664,-0.005135108118896701,-0.006943650707543965,0.2262555912406004
2019-07-22,-0.021204225163278596,-0.008888037150708395,-0.012316188012570197,-0.1797516404844923
2019-07-23,0.01408469036991911,0.006382743624062463,0.007701946745856646,-0.09011883813108319
2019-07-24,-0.010160038695126699,-0.005131364099744212,-0.005028674595382483,-0.03933476180266919
2019-07-25,-0.005504957172296447,-0.003966991237670336,-0.0015379659346261088,0.17584805094636322
2019-07-26,-0.002663867844775047,-0.00033102789743912064,-0.0023328399473359247,0.20337662833772194
2019-07-29,0.012007089700072967,0.004888242812854132,0.007118846887218838,-0.12216978213939544
2019-07-30,0.013836910498802943,0.006829700588089086,0.007007209910713855,0.03021111232626863
2019-07-31,-0.006333864290294851,-0.0018610165638178085,-0.00447284772647704,-0.0543331126952645
2019-08-01,0.0017843647206616043,0.0002593005280802311,0.001525064192581374,-0.036125198564075825
2019-08-02,-0.003340324319347467,-0.0013917187827378998,-0.0019486055366095666,-0.04619120832691515
2019-08-05,-0.0022650762355767295,-0.001591262890193576,-0.000673813345383154,-0.018180938935044542
2019-08-06,-0.002803062633862285,-0.00011374208489803479,-0.002689320548964251,-0.01966005569150618
2019-08-07,-0.001088837088802864,0.0004795864464092487,-0.0015684235352121127,0.1326152926222747
2019-08-08,-0.0011952772570713944,-0.0008178324467969927,-0.0003774448102744025,0.20227289252638717
2019-08-09,0.008824307983322259,0.003043745201511538,0.005780562781810721,0.20467807015654174
2019-08-12,0.014243488627263164,0.005223024180847181,0.009020464446415983,0.21853249965346924
2019-08-13,0.01457458104993483,0.00811455175393876,0.006460029295996075,0.04344509099498486
2019-08-14,0.01821830959510355,0.011615681009636857,0.006602628585466692,-0.31134687618837
2019-08-15,0.0032828022333815992,-0.0008630366847217363,0.004145838918103337,-0.12030312002809496
2019-08-16,-0.022431975968698694,-0.012695536005802834,-0.009736439962895863,0.04233464717899834
2019-08-19,-0.00693371749280036,-0.001643500186670012,-0.00529021730613035,-0.037930278432975396
2019-08-20,0.0023492337601633776,0.00309407815081455,-0.0007448443906511719,0.016368401417898613
2019-08-21,-0.002069537548215242,-0.0012921471360678605,-0.0007773904121473798,0.06692099773030173
2019-08-22,0.0008938278566417474,0.0006972601914097736,0.00019656766523197435,0.009957450768697123
2019-08-23,0.003697152881282047,0.004747508854605717,-0.0010503559733236706,0.0062320973332856185
2019-08-26,0.0005820808935834683,0.0028177238126851157,-0.002235642919101646,-0.0758607085632252
2019-08-27,0.00035268233237420476,-0.0005848538998837385,0.000937536232257943,0.14089632305120325
2019-08-28,-0.004366424718925761,-0.001210775961953286,-0.003155648756972475,0.0566006430631462
2019-08-29,0.01085619838879583,0.004390872588758682,0.006465325800037146,-0.06191382292532791
2019-08-30,0.0034167772145505377,0.002729150353674402,0.000687626860876138,0.08749021983481943
2019-09-02,-0.004029595337665379,-0.0036728252871080936,-0.00035677005055728857,0.018333661413744224
2019-09-03,0.0058120923608780024,0.002446304417396381,0.0033657879434816212,0.12773291487168478
2019-09-04,0.0011238299958731901,-0.0009106156820892046,0.002034445677962394,-0.06886789098534027
2019-09-05,0.008358113177804568,0.0052493579215012786,0.0031087552563032893,0.09056668997262471
2019-09-06,-0.003723297928677955,-0.00038827422075416937,-0.0033350237079237885,0.07607433901263028
2019-09-09,0.005919213308153866,0.000510410537109208,0.005408802771044659,0.17198851304918444
2019-09-10,0.004860078382799951,0.0014435725130439014,0.0034165058697560487,-0.18962594464771707
2019-09-11,0.010722607594239777,0.006792618335450846,0.003929989258788931,-0.109034158091374
2019-09-12,-0.010537097216510985,-0.004527289497549353,-0.006009807718961629,-0.010131430216014056
2019-09-13,-0.006948837627292921,-0.00641518728801141,-0.0005336503392815092,0.12128284643497138
2019-09-16,-0.0005861048829227788,4.283553361429974e-05,-0.0006289404165370785,0.013728112802173849
2019-09-17,0.007319308603551319,0.0025712177980076693,0.00474809080554365,-0.08050644862551132
2019-09-18,0.0008022985280327733,0.0007242274313072716,7.807109672550118e-05,0.04607625302174476
2019-09-19,-0.0050618437667670135,-0.004607826285567662,-0.0004540174811993533,0.1233469416920518
2019-09-20,0.002583193993767805,0.0029215031013261035,-0.0003383091075582984,0.006721996236882136
2019-09-23,0.007165670742483503,0.005594525207299904,0.0015711455351835985,0.13333600266968498
2019-09-24,0.0004001508153487184,-0.0005617911085058591,0.0009619419238545766,0.012834134677808171
2019-09-25,0.00799244179056999,0.004874586789641185,0.003117855000928807,-0.0020812315218184784
2019-09-26,0.0008927718192428731,-0.00012932773453287966,0.0010220995537757543,-0.021799879136164067
2019-09-27,-0.00011777444471333318,0.0006210585039316437,-0.0007388329486449768,-0.0818235429619298
2019-09-30,-0.0013695099046417032,-0.00033873851651959,-0.0010307713881221123,0.05996547587798662
2019-10-01,-0.004986200147817565,-0.004133902912721112,-0.0008522972350964524,-0.12314432447915322
2019-10-02,0.0031342124829103913,0.002444499708396018,0.0006897127745143731,0.12805508106150232
2019-10-03,-0.00717866608376241,-0.002630102496350273,-0.004548563587412138,0.011350066607154407
2019-10-04,0.008087186609678722,0.006198122182984883,0.0018890644266938404,0.12751479802473936
2019-10-07,0.0006550276661155163,0.0003717167252178309,0.00028331094089768544,0.01626057922000737
2019-10-08,0.008916975994112295,0.004778941696448085,0.00413803429766421,-0.09087975638346371
2019-10-09,0.0008960272641712385,0.002369516548077235,-0.0014734892839059974,-0.07847058256773402
2019-10-10,-0.005741038830038887,-0.0028578194322790846,-0.002883219397759802,-0.0031933985969996885
2019-10-11,-0.004970853333559344,-0.00365818029755848,-0.0013126730360008658,-0.17221034841870414
2019-10-14,-0.0001950819430843781,-0.0009704199507198693,0.0007753380076354916,-0.06321142125959735
2019-10-15,-0.01101522898830276,-0.006535057731867591,-0.004480171256435163,-0.057337448305721773
2019-10-16,-0.004410396393434389,0.0010344600785870718,-0.0054448564720214615,-0.07578643289864567
2019-10-17,-0.003975759451722864,-0.0014995592074124528,-0.0024762002443104135,0.059526100756497474
2019-10-18,-0.005126846003674866,-0.001955594187683849,-0.0031712518159910177,-0.05213254763659495
2019-10-21,0.005112812464733358,0.004003426384491483,0.001109386080241876,0.03641470441476396
2019-10-22,-0.0036715790076205777,0.0005697030231421943,-0.004241282030762773,0.051732589394539986
2019-10-23,0.0032476224012532215,0.0004926029529170638,0.0027550194483361564,0.07321947706499814
2019-10-24,0.004862494341080173,0.0005023015194770622,0.004360192821603111,0.08671206695244348
2019-10-25,0.005488977478300431,-0.002530571498844114,0.008019548977144547,0.061577035766682574
2019-10-28,0.006457431757598058,0.00416766328377677,0.0022897684738212875,0.045049263182171194
2019-10-29,0.0043897186924815946,0.0015591756202743973,0.0028305430722072034,-0.038912297277277665
2019-10-30,0.003384763896964584,0.0016800591589318063,0.0017047047380327777,0.09205657151117189
2019-10-31,-0.0023900277974001293,0.001291970862344523,-0.0036819986597446527,0.13649675458864546
2019-11-01,0.006271426793283986,0.004261442421225575,0.002009984372058413,0.09969320322174517
2019-11-04,0.010929940079747904,0.0012511855026733285,0.009678754577074573,-0.029055424939568215
2019-11-05,0.007688405451845951,0.004585836789977241,0.0031025686618687113,-0.07172538482949598
2019-11-06,-0.001803550467285331,-0.0010304916252379566,-0.0007730588420473729,0.1110538390439875
2019-11-07,-0.004084274666661012,0.0005966267349402539,-0.004680901401601267,-0.10298122827000487
2019-11-08,0.007993854635975748,0.003238664661618996,0.004755189974356751,-0.04841301039052262
2019-11-11,-0.006560005151130571,-0.001948959156228074,-0.004611045994902497,0.08590575786155269
2019-11-12,-0.0034007522680573783,-0.0008638386154796902,-0.002536913652577695,0.10575173215680365
2019-11-13,0.006727891156567764,0.0031461132472056334,0.0035817779093621294,0.05846716698875139
2019-11-14,0.0075254830563773,0.004802809124837265,0.0027226739315400327,0.15168963060599527
2019-11-15,0.004274284023778383,0.0028047331263684524,0.00146955089740993,0.0074095480926113675
2019-11-18,0.011243051662672903,0.0036255109817358005,0.007617540680937103,-0.016051231269624957
2019-11-19,0.0005957803429766243,-0.003526627175994881,0.004122407518971506,-0.04191589980083508
2019-11-20,-0.0011772407880042042,-0.002064367270337316,0.0008871264823331095,0.015265604880850834
2019-11-21,-0.0032269598310072437,-0.006115750768250156,0.002888790937242912,0.008957636073542477
2019-11-22,0.0010196746594915208,-0.0014825810195260893,0.0025022556790176105,-0.07295073204533147
2019-11-25,0.0005315874043088358,0.0005095599887954914,2.202741551334507e-05,0.042350495292505536
2019-11-26,-0.004406788027868931,-0.00027952049250768926,-0.004127267535361242,0.200927438512503
2019-11-27,0.002715147226204572,0.00254731254931289,0.00016783467689168198,-0.0738917048379002
2019-11-28,0.014039798101232223,0.002762208949591968,0.011277589151640257,0.06614619552090421
2019-11-29,-0.004601592239879803,-0.0038312207816894196,-0.0007703714581903838,-0.05845396078041051
2019-12-02,0.004102829912810581,0.00236104647127419,0.0017417834415363901,0.0014100027433852959
2019-12-03,-0.0037214989970390322,-0.0015421950552235407,-0.0021793039418154907,0.053605495456368744
2019-12-04,0.0001116177690909585,-0.000986216417468435,0.0010978341865593932,-0.01799602304856906
2019-12-05,0.003900577641453417,0.000397507622909736,0.0035030700185436844,-0.05299939745621438
2019-12-06,-0.0011908808836532106,-0.00011807041789678452,-0.001072810465756427,-0.031152426956334238
2019-12-09,-0.003394368264956333,-0.00031530124785925616,-0.0030790670170970785,0.04160645725531091
2019-12-10,-0.0018951157117776095,-0.0009475301737351988,-0.0009475855380424105,0.12436077309510625
2019-12-11,0.002363951768199671,0.000861079453111588,0.0015028723150880834,0.08271848559887901
2019-12-12,0.008623544233437105,0.0025804993125097654,0.0060430449209273405,-0.06140810602714425
2019-12-13,0.005296204385254412,0.0007828038984493326,0.00451340048680508,0.02536171139369034
2019-12-16,-0.003891202042772078,-0.0027124330197440816,-0.0011787690230279965,0.07728760222613278
2019-12-17,0.002066327003308599,-0.001094011593119816,0.0031603385964284157,-0.08992460252331583
2019-12-18,0.006066157356382371,0.0006180848090682808,0.005448072547314091,-0.03950837769382071
2019-12-19,-0.008010896500231655,-0.008937745584018851,0.0009268490837871998,0.05642083294045662
2019-12-20,-0.003915654454005278,-0.0008275545949898433,-0.003088099859015432,0.07471100754559047
2019-12-23,0.003469430468945502,0.0032008049732119813,0.00026862549573352344,0.009673954419058772
2019-12-24,0.006003493895336744,0.00423687543101493,0.0017666184643218147,-0.018321506318679584
2019-12-25,0.0006069495136484219,0.002352295911459386,-0.001745346397810963,0.048865456475083204
2019-12-26,-0.0008620535960419826,-0.0008974583545030539,3.540475846107102e-05,-0.16215695399559715
2019-12-27,0.0027072912891025155,0.0016561307871801694,0.0010511605019223474,-0.11567759550443812
2019-12-30,-0.009321229892458222,-0.0051018126983551695,-0.004219417194103053,0.04667163821127164
2019-12-31,-0.00643818196113701,-0.002952504073904439,-0.003485677887232571,0.11675675476994507
2020-01-01,0.0023452380303286076,0.0003090523577988086,0.002036185672529802,0.0158619455117289
2020-01-02,0.006441126116296356,0.004371381024031809,0.0020697450922645467,-0.010016169326152097
2020-01-03,0.0007888606311779664,0.00010989463749527806,0.0006789659936826883,0.03518461524710858
2020-01-06,-0.00048298085228704914,-0.0006325930613650874,0.00014961220907803996,-0.03732859796281567
2020-01-07,0.002158838773311372,0.00023253031423446473,0.0019263084590769083,-0.055890935895658744
2020-01-08,-0.0021223792832939818,-8.764417825409161e-05,-0.0020347351050398893,-0.09074907223289073
2020-01-09,-0.0027342628943939308,-0.0014018951894784336,-0.0013323677049154972,-0.1671783278766232
2020-01-10,-0.005599123933428688,-0.0014948679316953081,-0.004104256001733371,-0.016600733985923686
2020-01-13,-0.010028346369805737,-0.0044259921801420715,-0.005602354189663664,0.1374091283342088
2020-01-14,-0.0008681229241405532,0.0009054800584226423,-0.0017736029825631957,0.08539459402243857
2020-01-15,0.00754333698933862,0.0037346347168612792,0.00380870227247734,-0.018297401336818262
2020-01-16,0.004853298188473696,0.00033560269317102487,0.004517695495302671,-0.05744027964619444
2020-01-17,-0.0009373983464810188,-0.0004213698703816656,-0.0005160284760993537,-0.10961192228216497
2020-01-20,-0.003165780051675793,-0.0017142700921911076,-0.001451509959484685,0.12121640018951095
2020-01-21,-0.005903173254867405,-0.0017806134066687199,-0.004122559848198683,-0.08706322028314308
2020-01-22,0.006242448747224267,0.0016890581886055897,0.0045533905586186765,0.06790633764862998
2020-01-23,-0.004377684901515234,-0.002308281532942472,-0.002069403368572762,0.04338709496129957
2020-01-24,0.003430977894919601,-0.0005371861899260717,0.003968164084845677,0.11456018336785596
2020-01-27,0.0025739972261892056,0.004607587143338596,-0.0020335899171493904,0.08455469560924127
2020-01-28,0.006684541813126901,0.003746385723776221,0.0029381560893506804,0.09662311058499058
2020-01-29,0.0052971763228662466,0.0022978149104698237,0.002999361412396423,0.12524256278517892
2020-01-30,0.005802540211347821,0.0028461958476747908,0.002956344363673031,0.1497940749236705
2020-01-31,0.008543137171691677,0.004884351384770582,0.0036587857869211024,-0.2495470237713129
2020-02-03,0.011129980594407748,0.008383468849170647,0.0027465117452371,0.03379417348608976
2020-02-04,-0.014189218021895692,-0.008097098047559799,-0.006092119974335893,0.05235127794994303
2020-02-05,0.0017347336520443014,0.0015298840105187482,0.00020484964152555317,0.06580603999018551
2020-02-06,0.0030474124814886894,0.0021501585829987284,0.0008972538984899601,-0.15714466968320373
2020-02-07,0.00398782752015731,0.00011513343675007698,0.0038726940834072337,0.04968786347332861
2020-02-10,-0.009068889911941505,-0.002656108776935156,-0.006412781135006346,0.08339742754394376
2020-02-11,0.0028301736897406358,-0.0003259372261422474,0.0031561109158828836,0.09784955501842663
2020-02-12,0.005327694220230545,-0.0010334647087681132,0.00636115892899866,0.09562730055525569
2020-02-13,0.005406274631331437,0.0029759029048580824,0.0024303717264733543,0.14651149645912534
2020-02-14,0.005269767414371439,0.003192155681592302,0.0020776117327791378,0.1311001044245915
2020-02-17,0.009615191465380642,0.0037320504061152775,0.005883141059265365,0.005492847166987626
2020-02-18,0.007616761676478458,0.0022964015020317096,0.005320360174446749,-0.13296196721907935
2020-02-19,0.0003027428934628633,-0.000544719423587801,0.000847462317050665,0.11837774007050696
2020-02-20,-0.007990145703602018,-0.0036276570394213666,-0.004362488664180652,0.18146381510651094
2020-02-21,0.006629089212913794,0.0033348148594470085,0.0032942743534667834,-0.012735079202616982
2020-02-24,0.01096395309465289,0.006556869072428243,0.004407084022224648,-0.09650132988605953
2020-02-25,-0.0006874686605142007,-0.0008917857507899649,0.0002043170902757644,-0.0005155575846448696
2020-02-26,-0.005378126377283191,-0.0055051363779740625,0.0001270100006908713,-0.10505464972927135
2020-02-27,-2.8103744321035875e-05,-0.0022237734298939478,0.0021956696855729126,-0.05856183665370224
2020-02-28,-0.005327663618710155,-0.004666356026150242,-0.0006613075925599133,-0.1605876670846718
2020-03-02,-0.0030208730206723613,-0.002336316999682917,-0.0006845560209894439,-0.030081298809624193
2020-03-03,-0.00802816850323532,-0.003572102844696926,-0.004456065658538394,-0.19750533695041306
2020-03-04,-0.0017167218410625365,-0.0030602487330227924,0.0013435268919602555,0.09773592578788075
2020-03-05,-0.010871867007334973,-0.007324981501902392,-0.0035468855054325804,0.10626595231940722
2020-03-06,0.0054887461416557376,0.00294736716522155,0.002541378976434188,-0.030126136704272475
2020-03-09,0.006018360885724323,0.0028902160398805265,0.003128144845843797,0.08897097773220108
2020-03-10,-0.001708869300783652,1.6262878366546775e-05,-0.001725132179150198,0.02017709457454415
2020-03-11,0.005461960466868627,0.0016219459292083592,0.0038400145376602662,-0.013531716482900514
2020-03-12,0.001183673983215725,0.001737761733122809,-0.0005540877499070836,-0.05242933435216889
2020-03-13,-0.0008201039786000155,-0.00010757790229819902,-0.0007125260763018171,-0.010669815357344844
2020-03-16,-0.0035388630809113177,0.0001465683888489666,-0.003685431469760284,0.13342853988489878
2020-03-17,-0.0006326086705827896,1.6737595947238294e-05,-0.0006493462665300273,-0.12194815027099859
2020-03-18,0.00874058002361351,0.003782499032681101,0.004958080990932411,-0.004272804649608715
2020-03-19,-0.0076438885774045544,-0.003189296264404985,-0.004454592312999571,-0.036224366647052024
2020-03-20,-0.00027078184904289404,-0.0002202548061044263,-5.052704293846775e-05,0.11017244592784489
2020-03-23,-0.002303478969419897,0.00220729138681504,-0.004510770356234936,0.03598649882227991
2020-03-24,0.00735461580682327,0.002642961876885938,0.004711653929937332,0.1051997652193448
2020-03-25,0.002520222421687126,0.004710145712648806,-0.0021899232909616817,0.08751480553275959
2020-03-26,0.008181769854549641,0.0060296161517978675,0.002152153702751774,0.10825383988868391
2020-03-27,0.006400104762338574,0.00299692131729316,0.0034031834450454117,-0.1803447489760609
2020-03-30,0.008169207654471029,0.0061688388248370835,0.0020003688296339438,0.11801703708015415
2020-03-31,-0.016147342362875933,-0.012706466788601004,-0.003440875574274932,-0.0039002338604578186
2020-04-01,0.007505107508865581,0.006536414837373477,0.0009686926714921043,-0.006638105395403405
2020-04-02,-0.00023667256728030785,-5.3204927018581094e-05,-0.00018346764026172697,-0.02021007067973556
2020-04-03,-0.00047568562984737824,0.0043687424838769855,-0.004844428113724365,0.1021370218038912
2020-04-06,-0.0014895742148293989,0.001997207184952573,-0.0034867813997819723,0.18798685391906383
2020-04-07,0.007494560928094137,0.0029989018850868163,0.004495659043007321,-0.16790925240467233
2020-04-08,0.015025079419602367,0.012391463090386742,0.002633616329215622,-0.01983515355867361
2020-04-09,-0.013116536978819435,-0.008686052709682987,-0.004430484269136447,0.05087261595192014
2020-04-10,-0.0017243820467725223,-0.00032264548946888544,-0.001401736557303638,-0.05642247485904728
2020-04-13,0.0036139915032163956,0.003133324746046653,0.0004806667571697447,-0.08924482767205853
2020-04-14,-0.004309947781369161,-0.001010671158282522,-0.003299276623086638,0.03658555766568714
2020-04-15,-0.007464743091623198,-0.010160009422294326,0.0026952663306711263,0.02349091666942032
2020-04-16,0.0025774545459426403,-0.0013491984850801733,0.003926653031022814,-0.0704232217141938
2020-04-17,0.0016765777529094148,0.0030715476863251504,-0.0013949699334157364,0.11712223072996862
2020-04-20,-0.0052288920530685285,-0.007681489046130722,0.0024525969930621946,0.040414786121644834
2020-04-21,0.008109966439373034,0.007606051379851298,0.0005039150595217362,0.10835100406898135
2020-04-22,0.0026706421119687368,0.0038170707585489603,-0.001146428646580223,0.11867264643587712
2020-04-23,0.0082439189257286,0.006346942678328531,0.0018969762474000725,-0.0010199058858430963
2020-04-24,0.009618342314573668,0.009990058757294494,-0.00037171644272082464,0.019062418923826877
2020-04-27,-8.505065782503103e-05,-0.0037305900012473067,0.003645539343422273,0.0973541007904763
2020-04-28,0.001409872311318732,0.0007316020133239199,0.0006782702979948115,0.14276205417754634
2020-04-29,0.007303166435679614,-0.001680379741687955,0.008983546177367569,0.0406221973224939
2020-04-30,0.01158233775608591,0.006270157731527316,0.005312180024558598,0.07263104668159451
2020-05-01,0.0037392033263027253,0.003055256885812222,0.0006839464404905038,0.09882613772698057
2020-05-04,0.005631812598695671,0.005832691214816517,-0.0002008786161208486,0.10203427203167052
2020-05-05,0.007654908478276611,0.004668921165747214,0.0029859873125294006,0.12869497325727697
2020-05-06,0.007350234201227204,0.00464232331574136,0.0027079108854858383,0.05487304211739248
2020-05-07,0.010214967611603575,0.0021221855942936563,0.008092782017309917,-0.12284489514841386
2020-05-08,0.003946684903866633,0.004099100044392808,-0.0001524151405261744,0.06296853909694788
2020-05-11,-0.007775470009755854,-0.0014740807881528165,-0.006301389221603039,-0.22871396527216792
2020-05-12,0.003812135366866846,0.0022803080430644548,0.0015318273238023898,-0.20595870203765962
2020-05-13,-0.018020308840602302,-0.012986748077071772,-0.005033560763530526,-0.1504611373332215
2020-05-14,-0.015366647329399574,-0.012313482853790636,-0.0030531644756089348,0.01676940694860448
2020-05-15,-0.012396311949009989,-0.01160747501534919,-0.0007888369336607991,-0.08923968260168758
2020-05-18,0.0011480005523730157,0.0025650526963111086,-0.0014170521439380926,0.10694467580262428
2020-05-19,-0.006024379748802163,-0.0063393938722103495,0.0003150141234081875,0.017507768652076008
2020-05-20,0.006948604099906785,0.004160712039896812,0.0027878920600099737,-0.10451211818213026
2020-05-21,0.0011498346912204574,-0.0018475648445613621,0.0029973995357818186,-0.011632059867876793
2020-05-22,-0.006525903266655048,-0.0009611655909087108,-0.005564737675746334,-0.07207755695983287
2020-05-25,-0.0007553808514440465,-0.0017774342670200203,0.001022053415575974,0.019737284083745678
2020-05-26,-0.004078017599569099,-0.0009393135234384824,-0.0031387040761306165,0.03209234237782862
2020-05-27,0.0013359714879160644,-0.003143107911149497,0.0044790793990655605,0.03261260956080366
2020-05-28,0.0021935735594734267,-0.001391354725378116,0.0035849282848515423,0.11293940872026699
2020-05-29,0.002404126794810702,-0.0034408101072168004,0.005844936902027503,-0.04948607491616749
2020-06-01,0.008631336398616015,0.0012010359232799833,0.007430300475336035,-0.05288771827064204
2020-06-02,-0.003319926008931306,0.001828355391882093,-0.0051482814008134,0.09983864901561218
2020-06-03,-0.0031614286993351657,0.00056726950962116,-0.0037286982089563235,0.1474093128218649
2020-06-04,0.006369993580542272,0.003442344507438972,0.002927649073103301,0.04703187719772228
2020-06-05,0.010100987134410596,0.0032422125041921095,0.006858774630218486,-0.1250091346902985
2020-06-08,0.003030998934412735,-0.0013681493593900584,0.004399148293802795,-0.026586820984207286
2020-06-09,-0.007662977838112503,-0.0031917714971070126,-0.004471206341005488,0.036668021732478503
2020-06-10,-0.0016651631238071521,0.0014056329228736835,-0.003070796046680836,0.06201108670176202
2020-06-11,0.002036687939228231,-0.0016623319738499412,0.0036990199130781717,-0.03631412973894428
2020-06-12,0.003928053446205332,0.0029148017338207766,0.0010132517123845539,0.009026851547928576
2020-06-15,-0.0027294605063764295,-0.005160152175697909,0.002430691669321479,-0.04081831992478523
2020-06-16,0.0006445194966053784,-0.0025020999247313495,0.0031466194213367275,-0.039085990795247445
2020-06-17,-0.0027310540627810418,-0.0014640627736062892,-0.001266991289174752,0.012399609413707572
2020-06-18,-0.0023403843227289955,0.0013718022342532887,-0.0037121865569822894,-0.029146280932949516
2020-06-19,0.000785531611040897,0.002161672610633898,-0.0013761409995930005,0.12083031724153076
2020-06-22,-0.0018674482847208264,0.0011188491153905893,-0.002986297400111415,-0.03159028603198842
2020-06-23,0.007600730957481977,0.003179857771221929,0.004420873186260048,-0.0911870075488113
2020-06-24,-0.001839616677415104,0.0001322517920565587,-0.001971868469471663,0.002402329398003523
2020-06-25,-0.005418343995558169,-0.0034973664663821057,-0.0019209775291760627,-0.11076983764151122
2020-06-26,0.00016101618200686037,6.297399730893077e-05,9.804218469793013e-05,0.10073023147959952
2020-06-29,-0.006352079577861368,-0.0035075727813006882,-0.0028445067965606804,0.029053772526143426
2020-06-30,0.00627580797617126,0.003931979314304379,0.002343828661866881,0.06867584612932526
2020-07-01,0.0015884928956438804,-0.00016374739921153975,0.0017522402948554204,0.05874512492252315
2020-07-02,0.0048002588603960035,-0.0003080050484663907,0.00510826390886239,-0.021597919788676777
2020-07-03,0.0037846452355184707,0.0007588909624394744,0.003025754273078998,0.09783367123924205
2020-07-06,-0.0012269821626856741,0.00019238616234706733,-0.001419368325032741,-0.11904214470405343
2020-07-07,0.006070441874566226,0.00100380207427411,0.005066639800292117,-0.07294538330594463
2020-07-08,-0.007094061625849631,-0.005955672948986367,-0.001138388676863264,0.012769351892484336
2020-07-09,-0.004567138676131198,-0.0005577280700630686,-0.004009410606068129,0.13339788631258667
2020-07-10,0.0006984614540750495,0.00039378637216753694,0.0003046750819075128,0.055970111679200844
2020-07-13,0.008234347062758628,0.003487487066320621,0.004746859996438006,-0.021327554152476138
2020-07-14,0.0030144318079257234,0.001207094478264512,0.0018073373296612115,0.021986380210207043
2020-07-15,-0.0013017433456450653,0.001262816780248496,-0.0025645601258935617,0.16759791248980546
2020-07-16,0.0015072234826519959,-0.0007968495533910713,0.0023040730360430676,0.08482886191609659
2020-07-17,0.01195170366081481,0.006298190107353167,0.005653513553461644,-0.005681270791715675
2020-07-20,0.006422392988969909,0.0050914788911108795,0.001330914097859032,0.1136530707615064
2020-07-21,-0.0003928212761759374,-0.0005766294610328139,0.00018380818485687648,-0.1040545216786321
2020-07-22,0.008670727962194504,0.006044999659864332,0.0026257283023301712,-0.15920064517915586
2020-07-23,-0.007471030354182939,-0.0019259172507785447,-0.005545113103404393,0.02601971004032889
2020-07-24,-0.01235928417764793,-0.008274810887381696,-0.004084473290266233,-0.03900037312048797
2020-07-27,0.002069849596449102,0.002423687428632061,-0.0003538378321829589,0.04259466895165193
2020-07-28,-0.002819888166190449,-0.002087575716420444,-0.0007323124497700044,-0.014694977188886826
2020-07-29,0.0024935777396891427,0.003018343764775791,-0.0005247660250866509,-0.08031891362663682
2020-07-30,-0.00101136832264034,-0.0027577937720346174,0.001746425449394279,0.022532157645941936
2020-07-31,-0.004812417685135302,-0.0016667061127964705,-0.0031457115723388333,0.058515341910400524
2020-08-03,0.0015014519948680022,0.0033734180207677855,-0.0018719660258997841,-0.058782306351536986
2020-08-04,0.0036422159482766567,0.003083121145202889,0.0005590948030737685,0.03962242277277135
2020-08-05,-0.003634293712197187,0.00024706303542700514,-0.0038813567476241925,-0.04289342985208992
2020-08-06,0.002611851498521693,0.001464743732374739,0.0011471077661469554,0.009680836545019682
2020-08-07,-0.0024161670292588665,-0.0003167351712582199,-0.002099431858000645,-0.011026192114755815
2020-08-10,0.0006516984131892246,-0.0010255548034470863,0.0016772532166363097,0.01915122060834504
2020-08-11,-0.000631608963197269,0.0006210427501743649,-0.0012526517133716357,-0.003268557240352059
2020-08-12,0.0010680938151840884,0.00014601577353142922,0.0009220780416526594,0.0276347016938562
2020-08-13,-0.0002005627314058669,0.0005160947853394019,-0.000716657516745268,-0.022365233567909096
2020-08-14,0.0017261926109202346,0.0014292230004634928,0.00029696961045674224,-0.08155109977086479
2020-08-17,-0.0014697979166995022,0.001979322461581957,-0.00344912037828146,0.04455009366846202
2020-08-18,-0.004861454115100498,-0.0033280080436277762,-0.0015334460714727244,0.06165177676620356
2020-08-19,0.0029063575689600475,-0.0013686313512709103,0.004274988920230958,0.14436138089687123
2020-08-20,0.004088751473274211,-0.0003260827034156572,0.004414834176689869,0.04600409599884358
2020-08-21,0.009620686277440609,0.005296863509565023,0.004323822767875585,-0.030428796172623937
2020-08-24,0.003048257317237217,0.001039728954028027,0.002008528363209189,0.01948346620570194
2020-08-25,-0.002048784760836874,-0.005048646797658901,0.0029998620368220266,0.003146267660513688
2020-08-26,0.001186150275373043,-0.0005967447895225924,0.0017828950648956362,0.05114646302608855
2020-08-27,0.0001263624447829226,0.0010085512940960894,-0.0008821888493131657,0.10161185139461133
2020-08-28,0.0036230513817497013,0.0021393759014770516,0.001483675480272651,-0.0831175800667944
2020-08-31,0.0077450446597469805,0.0034991375233436248,0.004245907136403355,0.13090315265775518
2020-09-01,-0.006085224175239602,-0.009024350226450638,0.002939126051211039,0.02429995708779224
2020-09-02,0.008954347990487119,0.00849909066932549,0.00045525732116163085,0.018914753612663853
2020-09-03,0.0016731129069300055,0.0027109683128415385,-0.0010378554059115325,-0.03368089733386882
2020-09-04,0.0013389251576463859,0.003400265343843325,-0.002061340186196938,-0.013339146891642126
2020-09-07,-0.0022927028679652025,-0.001152955463095932,-0.001139747404869271,-0.06987996840030265
2020-09-08,-0.0008569986718011565,0.0006480941875694588,-0.0015050928593706146,-0.09191490161507603
2020-09-09,-0.005079185575823975,-0.006607889200070878,0.0015287036242469035,0.03986845150031794
2020-09-10,-0.0058147635888071755,-0.0013261677237028473,-0.004488595865104327,0.034020410178990004
2020-09-11,0.002903129324011643,0.0027661327900953226,0.00013699653391632035,0.07787138992309998
2020-09-14,0.0022354960312439124,-4.087389254812078e-05,0.0022763699237920345,-0.026750668483236064
2020-09-15,0.005083625669457591,0.005028918232518691,5.4707436938900185e-05,-0.004303012093393521
2020-09-16,-0.0019598411913166586,-0.0010432167719330934,-0.0009166244193835639,0.009796896839645682
2020-09-17,-0.0002876466571624977,-0.0011379810393580322,0.0008503343821955351,-0.08512721361342586
2020-09-18,0.0007718841947706753,0.0019573915986858363,-0.0011855074039151623,0.12811014555840938
2020-09-21,-0.005464707807589659,-0.003915226607831282,-0.0015494811997583784,0.01872777191801408
2020-09-22,0.008492129135890475,0.006729926505184586,0.0017622026307058903,-0.07831968315802144
2020-09-23,0.0014357922883400122,0.00315136279649652,-0.001715570508156507,-0.0073980458618913445
2020-09-24,-0.0058710954496394106,-0.004318051128569825,-0.001553044321069584,-0.03934327088414747
2020-09-25,-0.0005310614636334069,0.0032129044685274867,-0.0037439659321608955,-0.0064512461368934045
2020-09-28,-0.002886163712452796,-0.002347383563137676,-0.0005387801493151184,0.1242323725065436
2020-09-29,-0.0004956071145075223,0.0008986121795759514,-0.001394219294083475,-0.07085368008799944
2020-09-30,0.009597385037810345,0.007716440364883643,0.001880944672926702,0.006371987877167469
2020-10-01,-0.005038178134879492,-0.0034414228073353925,-0.0015967553275440989,0.005362700440331674
2020-10-02,0.0004998749843407044,-0.0005590935886407393,0.0010589685729814442,0.09875590294337153
2020-10-05,0.00033059635988030487,0.0025032428543131464,-0.0021726464944328396,-0.00511900231809244
2020-10-06,0.006922990635397185,0.00826315875217806,-0.0013401681167808776,0.05776913792703389
2020-10-07,-0.0003847507487960869,4.151957618597508e-05,-0.0004262703249820624,0.13860386247527431
2020-10-08,0.004426694350388845,0.00185132712860545,0.0025753672217833957,-0.14415702309716674
2020-10-09,0.011287508942048292,0.005879436150227908,0.0054080727918203834,0.1133040214988292
2020-10-12,-0.011761458800791571,-0.007963905928379488,-0.0037975528724120827,0.12253611617226282
2020-10-13,0.009808764999367182,0.005829359538896652,0.003979405460470525,-0.029411445806684165
2020-10-14,0.009735690362375732,0.011266416221534382,-0.0015307258591586471,-0.07865055508592321
2020-10-15,-0.0023598428539069825,-0.002925114165731234,0.000565271311824253,-0.1223159439078768
2020-10-16,-0.006632490146213029,-0.0033356273999531894,-0.0032968627462598397,0.1881802052057328
2020-10-19,-0.010838537853853749,-0.010941609411661325,0.00010307155780757502,0.11462626692041651
2020-10-20,0.015002533179202113,0.012950813271581076,0.0020517199076210343,0.015783900818613812
2020-10-21,0.008377429614343639,0.004142732907605895,0.004234696706737744,-0.15061879326457292
2020-10-22,0.001173929815173391,0.0025885211788245167,-0.0014145913636511255,-0.031408430898396636
2020-10-23,-0.011196835054592952,-0.007263982317400617,-0.0039328527371923355,0.04233991748712704
2020-10-26,-0.0020860082583122495,-0.002533628205011528,0.00044761994669927953,-0.0062435325485083
2020-10-27,0.0030692325730392587,0.002695692914327927,0.00037353965871133286,0.030162761474737506
2020-10-28,-0.0004518916140368425,0.0010908110283936925,-0.0015427026424305358,-0.050767685985204716
2020-10-29,0.002024602143407501,-0.00022101225504012533,0.002245614398447627,-0.011358803681165769
2020-10-30,-0.003956779094858909,-0.005600583317189848,0.0016438042223309397,0.009712772837651412
2020-11-02,-0.0007715445369290853,-0.003230293963926968,0.0024587494269978777,0.024813365925390365
2020-11-03,0.0006639181200320816,-0.0013843886827415016,0.0020483068027735835,-0.015911243571309505
2020-11-04,0.0017270148622738528,0.00420080701745986,-0.0024737921551860067,-0.062148282237215025
2020-11-05,-0.0011586357985855908,0.0004729910045728233,-0.0016316268031584134,0.1250768165993148
2020-11-06,-0.004713807854980623,0.0006962020828854207,-0.005410009937866046,0.04913492927257919
2020-11-09,0.008584089624177373,0.007218978352404759,0.0013651112717726118,-0.010052381023286115
2020-11-10,0.003542449180755555,0.003332549181871893,0.00020989999888366105,0.04555485718792919
2020-11-11,-0.0007582068321418081,-0.0033395853906913525,0.0025813785585495448,-0.007201965428696075
2020-11-12,0.0035953191513165292,0.0037068532957585222,-0.00011153414444199368,0.11162907659989987
2020-11-13,-0.0005984569498248163,0.002320019682590572,-0.002918476632415389,-0.0627276332360048
2020-11-16,0.009783369206311343,0.003961951349129372,0.005821417857181971,0.08510837134199564
2020-11-17,-0.005953161338453715,-0.01111090099754559,0.0051577396590918746,-0.08729909417309906
2020-11-18,0.006921796079675134,0.005938787110171645,0.0009830089695034867,0.014703697267324704
2020-11-19,-0.0073001712850866984,-0.008968518777238713,0.001668347492152015,0.17845643614386875
2020-11-20,0.0011174496567883207,0.0010894418354861941,2.8007821302127034e-05,0.03516608013172164
2020-11-23,0.012146379355872709,0.010354421456884443,0.0017919578989882695,0.1917113529037217
2020-11-24,0.0027367746792277556,-0.0009993478405410025,0.00373612251976876,-0.05312842073294507
2020-11-25,0.014946049238559442,0.008982809628216041,0.005963239610343402,0.17222931653202914
2020-11-26,-0.003563296232052049,0.0029342072475098185,-0.006497503479561868,-0.16818521010276982
2020-11-27,0.013428011099683248,0.006129484845677203,0.007298526254006043,0.0968744821995728
2020-11-30,-0.013362707418493307,-0.003990282785299504,-0.0093724246331938,0.059016816641008656
2020-12-01,0.0067370481493561835,0.004258412543093461,0.0024786356062627213,-0.021087219259062796
2020-12-02,0.004392929767937778,-0.00280772607889054,0.007200655846828313,0.045486390494966264
2020-12-03,-0.0015557790233505318,-0.0008574327019989034,-0.0006983463213516283,-0.046094921626649035
2020-12-04,0.0035162221641444067,0.0032168152771986994,0.00029940688694570644,-0.08976185761097619
2020-12-07,-0.003614800513945534,-0.003531345133091404,-8.345538085412912e-05,-0.13452450364450422
2020-12-08,-0.007212005441591602,-0.005357052022844418,-0.0018549534187471822,0.11721555319686054
2020-12-09,-0.01267704514629641,-0.011230518083499435,-0.001446527062796979,-0.03284783970852781
2020-12-10,0.008530556985326608,0.005203631040281332,0.003326925945045277,-0.006852041675333172
2020-12-11,-0.0022341540850319298,-0.0054640321123117855,0.0032298780272798505,-0.011845508572484552
2020-12-14,-0.00042972946740103845,0.003002718587593437,-0.0034324480549944754,-0.02592240076789093
2020-12-15,-0.0009607216656800852,-0.0066513243124516515,0.005690602646771566,0.0194606207739503
2020-12-16,-0.0019610488711464297,-0.004110597644775213,0.002149548773628782,-0.09674425766617667
2020-12-17,0.00131734078576895,-0.00388758951560109,0.00520493030137004,-0.13229572002355244
2020-12-18,-0.006909249562064101,-0.0030331974271668788,-0.003876052134897223,-0.02131443183621987
2020-12-21,-0.008198082263381007,-0.0037484604391190193,-0.004449621824261988,-0.06696748767205896
2020-12-22,-0.001579961794194651,0.0021439921432342924,-0.0037239539374289434,-0.027488276165256235
2020-12-23,-0.004795284828415444,-0.000282181298566362,-0.004513103529849084,-0.01948814943730679
2020-12-24,-0.0017252458518948167,0.0023933061002550217,-0.004118551952149837,0.009714908113673872
2020-12-25,-0.0012843933566458643,0.0015501507993969307,-0.0028345441560427955,0.08644610094090924
2020-12-28,0.0005633568883294494,0.0011602428460535516,-0.0005968859577241015,-0.012119251503071799
2020-12-29,0.006159994322754346,0.0005664255356132002,0.005593568787141146,-0.05287528886483576
2020-12-30,-0.0008523103979364995,0.002956867370549469,-0.0038091777684859706,0.09653510298125899
2020-12-31,-0.0031977798416912423,-0.0019100551387276161,-0.0012877247029636262,0.12522122385254997
2021-01-01,0.00674649183201226,0.00633931287271821,0.0004071789592940498,-0.0026459728489105186
2021-01-04,0.010775038956008776,0.0019689660790417236,0.008806072876967053,-0.12255268263770562
2021-01-05,-0.0001897170674158284,-0.0006059101295207391,0.0004161930621049102,0.15485737762831056
2021-01-06,-0.009422366888441022,-0.005631126659540089,-0.0037912402289009325,-0.07584399090128867
2021-01-07,0.012179218481151232,0.0053151065523207985,0.006864111928830432,0.06454572549297978
2021-01-08,-0.004450962440671507,-0.003123769306000019,-0.0013271931346714892,0.07885894210032222
2021-01-11,0.004414755581595683,0.0020508732140376313,0.0023638823675580546,-0.06977753201704877
2021-01-12,0.006276794777734142,-0.0018774301666490707,0.008154224944383216,0.06315683469703938
2021-01-13,-0.005050779029481821,-0.001251873968234507,-0.0037989050612473128,0.03633101911737795
2021-01-14,0.0037313349069857116,0.0034816528658238744,0.0002496820411618389,-0.02479693784745452
2021-01-15,0.0023191369485672172,-0.0007438402502873377,0.003062977198854555,0.15740726775036293
2021-01-18,-0.0017248876646503704,-0.00121426601105506,-0.0005106216535953109,-0.12188991860456852
2021-01-19,0.011140611426972273,0.006579918350168943,0.004560693076803329,0.028501113281795675
2021-01-20,-0.009455944133240307,-0.010306732532143615,0.000850788398903307,-0.024637035525085615
2021-01-21,0.001946282086426778,-0.0019463384679338346,0.0038926205543606106,-0.057990676828811254
2021-01-22,-0.0016595732490133335,0.000764330225076968,-0.0024239034740903016,0.004349204350528613
2021-01-25,-0.004177830462207233,0.0008334364314709648,-0.005011266893678197,-0.00547614147921046
2021-01-26,0.0002675766541701519,0.0015545317388482582,-0.0012869550846781042,-0.0996810206766108
2021-01-27,-0.00038003775932477966,0.004022889269963553,-0.00440292702928833,-0.05810836542315155
2021-01-28,-0.006388824040972148,-0.004136588710679532,-0.0022522353302926157,-0.04708083556828448
2021-01-29,-0.0037045604772153237,-0.0016331081169011611,-0.0020714523603141627,-0.0606663828703432
2021-02-01,-0.003190915301026531,-0.002458381077549205,-0.0007325342234773268,0.10761419602180651
2021-02-02,-0.003994074508940201,-0.0007168277252079052,-0.003277246783732295,0.005369027037711884
2021-02-03,0.00786379683673713,0.007197567443143616,0.0006662293935935158,-0.139424306489879
2021-02-04,0.00038427386147395107,-0.0030140379774043213,0.0033983118388782735,-0.023859107557640227
2021-02-05,-0.009117945409572531,-0.00846588227390732,-0.0006520631356652096,-0.049712922991245946
2021-02-08,-0.0016349159826633682,-0.003576954075655151,0.0019420380929917828,-0.054283057754988207
2021-02-09,-0.0031889059719908113,-0.00040696509836684984,-0.0027819408736239615,-0.16454497568385398
2021-02-10,-0.003744796820506852,-0.003185851790331772,-0.0005589450301750776,0.11404596365607282
2021-02-11,-0.011673280830653764,-0.010711357746216683,-0.0009619230844370771,-0.05680360344292268
2021-02-12,0.0072786522550658895,0.006763385865159807,0.0005152663899060834,0.032534305055387576
2021-02-15,-0.0034300324459016034,-0.004031306320934835,0.0006012738750332323,-0.082125466183011
2021-02-16,0.001944460526789825,0.002825728579375883,-0.0008812680525860589,-0.013188118971610955
2021-02-17,-0.00540414152413554,-0.0011775640374225979,-0.004226577486712942,0.026389690942907194
2021-02-18,-0.0008825862658057258,-0.0003501075800794928,-0.000532478685726233,-0.046095024097350126
2021-02-19,0.001723129861189059,-0.0006046808260064119,0.0023278106871954703,0.038654032182647756
2021-02-22,-0.002915330886028575,-0.0028026531897207656,-0.00011267769630781029,0.12153855249936218
2021-02-23,0.002417672972969477,-0.003408048454875472,0.0058257214278449486,0.034126858360565886
2021-02-24,0.009248961307901201,0.0008680950831197656,0.008380866224781435,-0.0439821877576106
2021-02-25,0.0023607992801234325,-0.0005322851807740663,0.002893084460897498,0.028658127414870616
2021-02-26,-0.0030061018381462162,-0.00027912972770028233,-0.0027269721104459348,0.11611531565766751
2021-03-01,0.0020838298751676538,0.003482453649890187,-0.0013986237747225336,0.02592046622028383
2021-03-02,0.008759301285189008,0.00077720545552128,0.007982095829667727,-0.07560949797181163
2021-03-03,0.001896203298134665,-0.0015162726090478767,0.003412475907182542,-0.051173023073224105
2021-03-04,-0.005500010788142599,-0.0014827813432002762,-0.004017229444942323,0.09832535749319239
2021-03-05,-0.0033915860859245967,-0.002362763272181984,-0.0010288228137426128,0.07169140629305597
2021-03-08,0.006517930976763033,0.0028239464438603173,0.003693984532902716,0.03532825021724521
2021-03-09,0.004651433288128219,0.00314946861841686,0.001501964669711359,0.008640799937967233
2021-03-10,0.003082911032271846,-0.003743635290955837,0.006826546323227684,0.05147003262539132
2021-03-11,0.0007025276815087512,-0.0034119139844153955,0.004114441665924146,-0.020156292790308266
2021-03-12,0.003369535958540604,0.001775887485528707,0.0015936484730118957,0.05929369445848137
2021-03-15,-0.001386026103950714,-0.002950584256459658,0.0015645581525089436,-0.05849978031405719
2021-03-16,0.003952864797700768,0.0011253011438379333,0.0028275636538628336,-0.09989299330250075
2021-03-17,-0.003815360951960539,-0.003870237736206374,5.487678424583725e-05,0.0003949002702471752
2021-03-18,-0.0064018996805427775,-0.0020818008854456803,-0.004320098795097099,0.030261423226185975
2021-03-19,2.837055638509403e-05,-0.004090343163034558,0.004118713719419652,-0.040367223844488424
2021-03-22,0.002520048145925139,0.003219566023590031,-0.0006995178776648915,-0.02286990866528302
2021-03-23,-0.0034813953572821817,-0.0019063286542130818,-0.0015750667030690994,0.13552347059262923
2021-03-24,-0.0018067941175928868,0.00022691449507460278,-0.00203370861266749,0.09776334496885807
2021-03-25,0.01032640241317508,0.0010648380189523605,0.009261564394222719,-0.07048673515472748
2021-03-26,0.007092034599691609,0.004117201835565961,0.0029748327641256483,-0.0652050832540225
2021-03-29,-0.0052863200980925,-0.004564981976547675,-0.0007213381215448247,0.07240974612468931
2021-03-30,-0.004921173720508072,0.000556905880037204,-0.005478079600545274,0.03087240997437748
2021-03-31,0.005002661988941908,0.0021669233847396788,0.0028357386042022273,0.06587859107029759
2021-04-01,0.0021325552998200815,-0.0005981393998619232,0.0027306946996820056,0.10801379317560797
2021-04-02,0.004382683620630681,0.0011680820716598594,0.0032146015489708246,-0.021695821599232994
2021-04-05,0.008027248773236068,0.00015937031785683703,0.007867878455379231,-0.036663989269892214
2021-04-06,-0.001829300193631918,0.0001153622033665102,-0.0019446623969984287,-0.09760098291182327
2021-04-07,-0.0025046726430473856,-0.0030625130050514673,0.0005578403620040816,0.024137878995078087
2021-04-08,-0.006407631232476715,0.0005183379187106499,-0.006925969151187365,0.08769204201217226
2021-04-09,0.0014598285807519416,0.0019148815860380495,-0.0004550530052861083,-0.06437001881370498
2021-04-12,0.005910117306133869,0.0035304345972195818,0.002379682708914286,0.019297851134555337
2021-04-13,-0.004366697831625586,-0.0032502080408926695,-0.0011164897907329173,-0.04603367393945978
2021-04-14,0.0012985278729596343,0.0022479256908713857,-0.0009493978179117516,0.06450711797825921
2021-04-15,-0.002661194131898185,-0.0014941093342869735,-0.0011670847976112102,0.12572801921408192
2021-04-16,0.004026049626888754,0.0028446786025355967,0.0011813710243531571,-0.14035280656286345
2021-04-19,0.006992446031265378,0.0037461652266428808,0.003246280804622497,0.10269711271048632
2021-04-20,-0.00897417940474613,-0.004773640996014083,-0.004200538408732048,-0.08785986893802043
2021-04-21,0.006397144894346615,0.003859521022578076,0.0025376238717685386,0.123026239137293
2021-04-22,-0.006156676609593513,-0.0028224746696947044,-0.00333420193989881,-0.04577865302555485
2021-04-23,0.008950010590000395,0.0033590412045350383,0.005590969385465355,0.01688435829329535
2021-04-26,-0.002611433413204387,-0.001485317915654428,-0.0011261154975499583,-0.024781542620479404
2021-04-27,0.0010039198572196024,0.002717181834432964,-0.0017132619772133617,0.05895816760854982
2021-04-28,-0.0013332396634905196,-0.0009194633264662634,-0.00041377633702425684,0.06286115946522464
2021-04-29,0.002937098126593482,0.001093933550879023,0.0018431645757144585,-0.00155672304536437
2021-04-30,0.0038255068251764348,0.0007578241074329669,0.0030676827177434675,0.0388832952594347
2021-05-03,-0.00011962858678651335,-0.0008853919346354655,0.0007657633478489519,-0.0031034756889471563
2021-05-04,0.002510836318712611,0.0018236488922932937,0.0006871874264193188,-0.07694130892689802
2021-05-05,-0.00021596284790597556,0.0008993008815972071,-0.0011152637295031818,0.04575535836865765
2021-05-06,-0.005505128669181478,0.0006506689346233666,-0.006155797603804844,-0.0727377382354951
2021-05-07,0.0031958852588023054,0.0016280802231695216,0.0015678050356327834,-0.035335163997923066
2021-05-10,-0.004755738428349436,-0.002876872698477085,-0.0018788657298723505,-0.08411456234817753
2021-05-11,-0.0022888422601379317,-0.0037151470631579323,0.001426304803019994,-0.10827473202805697
2021-05-12,-0.005512773651838776,-0.0013726213547305965,-0.0041401522971081794,-0.1338823372404445
2021-05-13,-0.00720846317968608,-0.0015451930100429216,-0.005663270169643159,0.11434977473979925
2021-05-14,-0.008519369227414864,-0.003887687172262148,-0.004631682055152714,0.03006968901172793
2021-05-17,0.007459053101414337,0.0022567834347333674,0.00520226966668097,0.0024940112516489837
2021-05-18,0.0018307517923060127,0.0020508624044842556,-0.00022011061217824292,0.09864526805694356
2021-05-19,0.00016493043636384196,-0.0006983302168443963,0.0008632606532082388,0.21493381197294578
2021-05-20,0.0067335861504522546,0.0014606305012161104,0.005272955649236145,0.10744895135025656
2021-05-21,0.014413880779725795,0.008343281417248362,0.006070599362477435,-0.006113466818683471
2021-05-24,0.00713882191013226,0.0012739018100206868,0.005864920100111572,0.14697585086304937
2021-05-25,-0.0004164235573111835,-0.0008641871406655215,0.0004477635833543391,-0.09021136444129706
2021-05-26,0.009898191783717938,0.005951007846526702,0.003947183937191235,0.04897854105149905
2021-05-27,-0.005922593863484929,-0.0026576911130551956,-0.0032649027504297323,0.10351555864777474
2021-05-28,0.0034851782342992417,0.0030037516143194875,0.00048142661997975424,0.0746054474896501
2021-05-31,0.0069470256163476195,0.0013747769788879283,0.005572248637459693,0.12633368372326867
2021-06-01,0.005553022013035794,0.0012640928399698641,0.004288929173065931,0.07448086357892687
2021-06-02,0.008515496409793622,0.0030344356413006673,0.005481060768492956,0.21673825028260188
2021-06-03,0.005952480584918381,0.0033356346585566906,0.002616845926361689,0.034546559317638066
2021-06-04,0.017389780571805957,0.008702832671808304,0.00868694789999766,0.17951762280180522
2021-06-07,0.002524144651991184,-0.0007816603278639027,0.0033058049798550867,0.043466451686183426
2021-06-08,0.014915248474563705,0.005296437398473845,0.009618811076089862,0.0732689810800936
2021-06-09,0.003080563689174182,0.0023088495675452035,0.0007717141216289757,0.025901709157630837
2021-06-10,0.00560127778264486,0.0013830343396613112,0.004218243442983549,0.0296090094455499
2021-06-11,0.0019543361941538897,0.001036849826544865,0.0009174863676090243,0.02700705740806743
2021-06-14,0.0019513896143804376,0.0009565582801752889,0.0009948313342051486,0.16618505848260187
2021-06-15,0.0017950930333808341,-0.0028763625327221844,0.004671455566103018,0.1759775082025582
2021-06-16,0.010358353718828388,0.00248650192386346,0.007871851794964933,0.11459246792836787
2021-06-17,0.013194916788016762,0.006049023188833352,0.007145893599183408,-0.033021071524492566
2021-06-18,0.008966039184707744,0.005772575442995531,0.003193463741712213,-0.17942055223271405
2021-06-21,-0.0032892121734294025,0.0005591406018057056,-0.0038483527752351115,0.052256116570025934
2021-06-22,-0.017158022420787962,-0.008052439187084863,-0.009105583233703099,-0.07433929251247541
2021-06-23,0.0044738924884326296,0.0025304112785405272,0.0019434812098921023,-0.05133002928073392
2021-06-24,-0.005577597999904446,-0.005207952076940886,-0.0003696459229635615,-0.025831334783967732
2021-06-25,-0.0036376048113515584,-0.0020347403474775295,-0.0016028644638740267,-0.14802506128428738
2021-06-28,-0.0018855559916205263,-0.0037250008827749356,0.0018394448911544098,-0.11002511285262913
2021-06-29,-0.009512931642977299,-0.003337557298630644,-0.006175374344346656,0.035339296864294836
2021-06-30,-0.0068081517100722745,-0.0014963839850311075,-0.00531176772504117,0.008436936147188765
2021-07-01,0.002502136928000921,0.002400847489040363,0.00010128943896055807,0.05215116827179715
2021-07-02,0.0004841340486988169,-0.0013200127846496193,0.0018041468333484358,-0.09849583567993536
2021-07-05,0.003444962283330651,-0.0005843014249727737,0.0040292637083034245,0.18023230613577823
2021-07-06,-0.006390695165990239,-0.0031794738726429097,-0.0032112212933473284,0.03505717657868058
2021-07-07,0.011449630040006693,0.004098317117611821,0.007351312922394869,0.01596467932668355
2021-07-08,0.0021171257029934,-0.0014839428366697415,0.0036010685396631412,-0.044259775906080996
2021-07-09,0.0009146158288432244,0.0018017157761597968,-0.0008870999473165738,-0.028757159635484492
2021-07-12,-0.0026176646714150577,-0.002873052157286249,0.00025538748587119325,0.1387487688038136
2021-07-13,-0.001694410008014653,-0.0023479070196607537,0.0006534970116461019,-0.16618689092492522
2021-07-14,0.008908938531028265,0.0028922818069120615,0.006016656724116207,0.015533077384275822
2021-07-15,-0.009489043807014439,-0.005326290531210986,-0.004162753275803451,-0.1486967063667833
2021-07-16,0.000912636981825834,0.00011696542798670696,0.0007956715538391269,0.18446540986519788
2021-07-19,-0.008648921121821813,-0.002010957731286708,-0.006637963390535106,0.13852153924043542
2021-07-20,0.011776470645717806,0.005643960310871804,0.0061325103348460015,0.05962463832372697
2021-07-21,0.008684179668400994,0.004119230516479066,0.004564949151921929,0.14920632963898575
2021-07-22,0.0035704142737229454,-0.0006739922423479655,0.004244406516070911,0.04069650831961272
2021-07-23,0.009896910683843697,0.0038592663281702124,0.006037644355673484,-0.07418196269198492
2021-07-26,0.0025065659785359316,0.004901195343248184,-0.0023946293647122523,0.01945080158819134
2021-07-27,-0.004599237343471247,-8.849306594545264e-05,-0.004510744277525795,-0.11444571256191481
2021-07-28,0.0010575988493548032,6.92230067479243e-05,0.0009883758426068791,0.1988562562197907
2021-07-29,-0.007233222925933115,-0.0017987540138614012,-0.005434468912071713,0.07278740812634646
2021-07-30,0.011192253501050548,0.007046758440666306,0.00414549506038424,-0.05925326740304276
2021-08-02,0.004915663406549107,0.001104208334967961,0.003811455071581145,-0.11588261929222991
2021-08-03,-0.0037169867300764006,-0.0029390232639357073,-0.0007779634661406933,-0.04447116479788626
2021-08-04,-0.0074234954377319015,-0.005523054565114169,-0.0019004408726177304,0.2268646780929346
2021-08-05,-0.003040286703851644,-0.0020091240763137593,-0.001031162627537885,-0.05758372211308444
2021-08-06,0.014331758564391946,0.009228095851925812,0.0051036627124661366,-0.1029967303619378
2021-08-09,-0.004204663839624114,-0.00452962265896797,0.0003249588193438551,0.09691263485026726
2021-08-10,-0.006565522809873708,-0.005709369117400171,-0.0008561536924735361,0.09847729135074247
2021-08-11,0.005700577802005399,0.00276246569510988,0.00293811210689552,0.0627750732666534
2021-08-12,0.006307564258671892,0.004773151735669622,0.0015344125230022723,-0.03203828136927957
2021-08-13,0.0040814719510715546,0.0026465463010020077,0.0014349256500695452,-0.02870620446300918
2021-08-16,-0.0022312772611409286,-0.00014212423876363775,-0.002089153022377289,-0.19627925754688944
2021-08-17,-0.0018963095157595654,-0.003315175107241306,0.0014188655914817404,0.1581264242581138
2021-08-18,-0.015484791104471065,-0.008529487500575372,-0.006955303603895697,0.014431376053069564
2021-08-19,0.009763507985214375,0.006687455564290824,0.003076052420923552,0.1268796252916331
2021-08-20,0.0009488855939793344,0.000616279036660896,0.0003326065573184377,-0.01453046352612596
2021-08-23,0.009218373273868256,0.006693977521349257,0.0025243957525189972,0.15121615541927855
2021-08-24,-0.0009886821344174362,0.0013496932572638586,-0.0023383753916812943,0.01225317826895811
2021-08-25,0.009087084455460527,0.003986879546288348,0.005100204909172176,-0.10675344279537409
2021-08-26,0.0007926241902939096,0.0013639973376649468,-0.000571373147371039,-0.021264586070554627
2021-08-27,-0.00731629252569327,-0.005670315834215303,-0.0016459766914779664,-0.13770884126654376
2021-08-30,-0.0013557997571554204,-0.0041037499765305685,0.0027479502193751455,0.0074472097841916515
2021-08-31,-0.008991185804776917,-0.003921323739716506,-0.0050698620650604116,0.1481024286245355
2021-09-01,0.00047490818072590344,-0.0019488299323438974,0.0024237381130698017,0.18448211353113583
2021-09-02,0.011206022039154523,0.00918127924474062,0.002024742794413899,-0.17225963669740663
2021-09-03,0.014875158423292942,0.011201659100438046,0.0036734993228548993,-0.11869795394727368
2021-09-06,-0.011771984045909704,-0.008357089608052978,-0.0034148944378567282,0.02677317345634792
2021-09-07,-0.007971486853815298,-0.005433407686208756,-0.002538079167606542,0.01041249998279614
2021-09-08,0.0016215923935116614,0.0006802807263726098,0.0009413116671390526,0.10671145187866549
2021-09-09,0.0006664153761267845,3.664931794104126e-07,0.0006660488829473739,-0.006646216282223476
2021-09-10,0.006117506581160927,0.0026827264734679166,0.00343478010769301,-0.030945824055949686
2021-09-13,-0.0004462307049091636,-0.00243457373593672,0.0019883430310275573,0.13055431616084912
2021-09-14,-0.0016983411892025633,-0.00042500440321266604,-0.0012733367859898946,-0.1126455827563145
2021-09-15,0.008281333542334075,0.005066760109185635,0.0032145734331484404,0.1712798348194166
2021-09-16,-0.006585271909716982,-0.004694151095443056,-0.0018911208142739265,0.09210656765635147
2021-09-17,0.010762199097733361,0.005627918994432928,0.0051342801033004305,0.2097577918055196
2021-09-20,0.0058247256259573,0.004934610089820116,0.0008901155361371832,-0.11313233179468705
2021-09-21,0.014242788463180492,0.0084882497861541,0.005754538677026397,-0.11354928209738602
2021-09-22,-0.00772963479556523,-0.006291775265585643,-0.0014378595299795868,-0.09103601100882061
2021-09-23,-0.007118401503937822,-0.006145248100555915,-0.0009731534033819069,0.1284128804532673
2021-09-24,-0.00637279618669581,-0.0046182234982879555,-0.0017545726884078561,0.03868554260833847
2021-09-27,0.008264818793306176,0.0066551770503525814,0.0016096417429535947,0.10284919774095796
2021-09-28,0.00228518160529305,0.003476695767968308,-0.0011915141626752585,-0.15122525256283703
2021-09-29,0.005806419884156635,0.0027789258424179312,0.003027494041738704,-0.20200809976799441
2021-09-30,-0.0091708824326388,-0.005777580907930122,-0.0033933015247086754,0.07323036610248743
2021-10-01,-0.012307007845135824,-0.008782528034038685,-0.0035244798110971413,-0.05577210928729411
2021-10-04,0.00440037252688422,0.0057331180779302835,-0.0013327455510460636,-0.04570307446159318
2021-10-05,-0.0033727695378232376,-0.0016008380245332412,-0.0017719315132899956,0.17360323384750415
2021-10-06,-0.0025102853301488806,-0.003144846516439542,0.0006345611862906613,-0.12003912696213549
2021-10-07,0.010948582853135866,0.006497810456967075,0.004450772396168792,-0.025645983171307344
2021-10-08,-0.00805432714873149,-0.00904607447429133,0.000991747325559839,0.05637794966719498
2021-10-11,-0.001571320661048912,0.00014568240761199305,-0.001717003068660905,-0.06453358766714976
2021-10-12,0.003365102047361144,0.0025529563710715345,0.0008121456762896094,0.025055575780835802
2021-10-13,-0.003970996483228595,-0.005548351432269467,0.0015773549490408663,-0.0016833671044314687
2021-10-14,0.0017430451931046394,-0.001726861895992612,0.0034699070890972517,0.10113116072901536
2021-10-15,-0.00011001253359897017,-0.0018861712680019,0.0017761587344029307,0.007148493153828648
2021-10-18,0.005916481393552333,0.003851655604191791,0.0020648257893605415,-0.11279388001526927
2021-10-19,0.0004646599345015141,-0.0030145938329824836,0.0034792537674839972,0.08143541129289689
2021-10-20,-0.00804614387525388,-0.008807300015819162,0.0007611561405652875,-0.08618063673630585
2021-10-21,0.004714850768814258,0.001045721622530086,0.0036691291462841724,0.14607172911447402
2021-10-22,-0.0053437356266096475,-0.002289958571471148,-0.0030537770551384985,-0.05415911364963639
2021-10-25,0.009220218499421725,0.004942815363079221,0.004277403136342502,-0.0738433581400855
2021-10-26,-0.003051305043201959,0.001334535731161787,-0.004385840774363747,0.08435814583746754
2021-10-27,-0.004182884170198521,0.0005175488516332283,-0.0047004330218317495,0.05622052473240622
2021-10-28,0.0042667762636480165,0.0005896345355964044,0.003677141728051612,-0.057951553361637084
2021-10-29,0.0028018027956489594,0.0008836772497037245,0.0019181255459452353,0.12060926645517404
2021-11-01,-0.0029665493012280314,-0.0032737970096798443,0.00030724770845181313,0.19921694680183225
2021-11-02,0.0054264757924510805,0.0012349459364875276,0.004191529855963555,-0.05739933429044706
2021-11-03,0.013374367474425134,0.003540718560954871,0.009833648913470265,-0.022001178363459918
2021-11-04,-0.0033083969538130024,-0.000908654418572602,-0.002399742535240404,-0.13873086567026413
2021-11-05,-0.001198289278728421,0.0015539520781982785,-0.002752241356926699,0.02479756534204803
2021-11-08,-0.0071596228888211955,-0.0024120279298189672,-0.004747594959002224,-0.05580700806946638
2021-11-09,0.0011977054503854476,-3.130384695751876e-05,0.0012290092973429659,0.16415275639502147
2021-11-10,-0.0028598755905156425,-0.0003825906207509328,-0.0024772849697647092,0.010744132980532638
2021-11-11,0.008045199954847735,0.004362442149483484,0.0036827578053642493,0.03715119894785714
2021-11-12,0.0006735349497462564,0.0031600456179428603,-0.002486510668196603,0.26941668096476873
2021-11-15,0.0019410496401879242,9.605510499374054e-05,0.0018449945351941832,0.012746760538155369
2021-11-16,0.01483164122297563,0.004889040626458445,0.009942600596517193,0.05101205728015792
2021-11-17,0.0007175739131975368,0.002198937073754116,-0.0014813631605565779,0.0747131646711384
2021-11-18,0.00299421023015012,-0.002095179625607048,0.005089389855757168,-0.1622996445327268
2021-11-19,0.005081930123467086,0.0015596610903900483,0.003522269033077041,-0.10400917907817496
2021-11-22,-0.009697360894986684,-0.0046018112773584755,-0.005095549617628209,0.07252668523918661
2021-11-23,-0.006024024903661545,-0.0024913839983261993,-0.003532640905335345,0.026051517184492577
2021-11-24,0.004317603608695142,-0.0005083438021763632,0.004825947410871504,-0.04582005021372032
2021-11-25,0.0016057190238709107,0.002074036646061421,-0.00046831762219051373,0.13114252991592987
2021-11-26,-0.0026170088179231685,-0.004253816226563815,0.0016368074086406462,0.011564543751556706
2021-11-29,0.0071857155005254835,0.0058609358975278475,0.0013247796029976357,0.06294547374232658
2021-11-30,0.00066264423173203,0.0005368878378877598,0.00012575639384427,0.1422935492109647
2021-12-01,0.003519630737047452,-0.0002821421726959643,0.003801772909743418,0.03827738700377114
2021-12-02,0.008159532128926112,0.0036593176471747986,0.004500214481751312,-0.0501410144120011
2021-12-03,0.0023772682966811502,0.0029714131394079114,-0.0005941448427267612,0.23438996308144602
2021-12-06,-0.0033890511041129684,-0.0016183598012219289,-0.00177069130289104,0.02390366463418723
2021-12-07,0.016826570609947057,0.009953049814319642,0.006873520795627412,0.17804850109504472
2021-12-08,0.0016244496057627534,-0.0021813419865782772,0.0038057915923410306,0.08585817074379735
2021-12-09,0.011688078504889931,0.0069583425643618,0.004729735940528133,-0.08949060276163605
2021-12-10,0.007039565022431827,0.0030550796137372195,0.0039844854086946045,-0.10256890105593522
2021-12-13,-0.005434816188288078,-0.0024978748109756067,-0.0029369413773124714,0.0026901129056194598
2021-12-14,-0.005986876904975109,-0.0035129196347357845,-0.0024739572702393263,-0.30321121206291385
2021-12-15,0.0001519293578358114,0.0005282666147472044,-0.0003763372569113932,-0.2600508752945325
2021-12-16,-0.016127652968081864,-0.006756200242353787,-0.009371452725728074,-0.013643530855766762
2021-12-17,-0.015736278990588336,-0.010372506295252623,-0.005363772695335714,0.061599470246968484
2021-12-20,-0.0006490869539462522,-0.00031833467393097665,-0.00033075228001527564,0.007838185431449148
2021-12-21,0.003106899976243259,0.0006311950074224344,0.0024757049688208252,-0.14707704143296849
2021-12-22,0.0004886870736019564,-0.0023877359698964836,0.0028764230434984396,0.06638640969370692
2021-12-23,-0.009497038938069576,-0.005364067808459124,-0.004132971129610454,-0.019017744429161966
2021-12-24,0.00479293287844444,0.002181297753137413,0.002611635125307028,0.040054093223018436
2021-12-27,-0.0011372058504936014,0.0029113597296964062,-0.004048565580190008,0.10141515900606503
2021-12-28,0.0021606078274375266,-0.00125483209459716,0.0034154399220346866,0.02308409231018417
2021-12-29,0.005443364861676295,0.004689461481558285,0.0007539033801180102,-0.056695660774959036
2021-12-30,0.0012269792154443794,-0.000571210821913179,0.0017981900373575579,0.06274948794906823
2021-12-31,-0.0031503594363515245,0.0010947375314306323,-0.004245096967782157,-0.04383304559699437
2022-01-03,0.003501971041502282,-0.003210211620152425,0.006712182661654709,-0.028759891502694663
2022-01-04,-0.0025653670448627045,-0.00226116269507719,-0.0003042043497855154,0.11200900569121984
2022-01-05,-0.0013850290717715677,-9.734580351517669e-06,-0.00137529449142005,0.08515773692460583
2022-01-06,0.0062550003230401885,0.0005843613360216665,0.005670638987018522,0.0449897042159797
2022-01-07,0.004315151324653959,0.0024205697153381065,0.001894581609315852,-0.02734794261034549
2022-01-10,0.002653415713410305,0.001290865082384112,0.0013625506310261937,-0.015075970227812473
2022-01-11,-0.0014076483003978451,-0.0007020039441203008,-0.0007056443562775446,0.01272463499697739
2022-01-12,-0.0008692499790582685,0.0014404234889957741,-0.0023096734680540434,0.12811514374671085
2022-01-13,0.0007381687402998497,-0.000561106665645841,0.001299275405945691,-0.030889048480370905
2022-01-14,0.007682329786172517,0.002604000962244687,0.00507832882392783,0.050190233769711406
2022-01-17,-0.0018420379336045378,-0.0004560707969513463,-0.0013859671366531923,0.1721061662527718
2022-01-18,0.0029835486173342093,0.002365187555287067,0.0006183610620471413,0.1076401550987128
2022-01-19,0.008843853427277367,0.0036352252145788006,0.005208628212698566,-0.04669330810305016
2022-01-20,0.0059785498509192835,0.00459186292256371,0.0013866869283555743,0.2349303390437923
2022-01-21,-0.003017743901773851,-0.0007911278902710461,-0.002226616011502805,-0.04052289206074839
2022-01-24,0.015758782765220695,0.005412697256927551,0.010346085508293142,-0.2686772133453936
2022-01-25,-0.0024031086019880303,-0.0014451999228786518,-0.0009579086791093789,0.20606590806124736
2022-01-26,-0.01484532256027601,-0.006784505869621291,-0.00806081669065472,-0.1293752867008237
2022-01-27,0.011891236489379843,0.00564502125811287,0.0062462152312669755,-0.13555793594096946
2022-01-28,-0.007363217083313797,-0.0020620731871788672,-0.005301143896134931,0.22777422516230583
2022-01-31,-0.008015599157184052,-0.006170548094898582,-0.0018450510622854696,0.1647823437987603
2022-02-01,0.010857160439593857,0.00545074329349874,0.005406417146095118,-0.02079422070221967
2022-02-02,0.008949717962423736,0.004346481107390797,0.00460323685503294,-0.17450576923646882
2022-02-03,-0.0012423426204290992,-0.0016533595917994155,0.0004110169713703164,0.0850497341217112
2022-02-04,-0.010413969761412428,-0.0030759955541286386,-0.007337974207283788,0.007294076288503768
2022-02-07,0.004460450532083939,0.0026692079907045477,0.0017912425413793912,0.019573367514305003
2022-02-08,0.00033926038553391347,-0.00043275667241460605,0.0007720170579485174,0.0359284322125016
2022-02-09,0.001084585061753498,0.0006749480411707759,0.00040963702058272175,-0.2258302479097114
2022-02-10,0.0016730679015820227,0.00026481501414801507,0.0014082528874340078,0.03684285251523357
2022-02-11,-0.015728607765747755,-0.007984760418698979,-0.007743847347048777,0.024130461206119443
2022-02-14,0.0021232236886100145,-0.000362372836012286,0.0024855965246223,0.029676629020690716
2022-02-15,0.0013254703009235361,0.0022779744888815007,-0.0009525041879579641,0.024559310714092286
2022-02-16,0.0017673082346000165,0.0019954687184332988,-0.00022816048383328272,0.04270662471653339
2022-02-17,0.0012565214248254374,0.0019426188008718776,-0.0006860973760464406,-0.06435978097950901
2022-02-18,0.0019253346824874428,0.0019354913054107415,-1.0156622923298978e-05,0.026241394091877722
2022-02-21,-0.0032066044398036684,-0.0016917448076689736,-0.001514859632134693,0.03925548934034885
2022-02-22,0.0011192420279756245,-0.00031807285382321946,0.001437314881798844,-0.025863637890436473
2022-02-23,0.0020014667279336725,0.0005685314373125696,0.0014329352906211025,0.11011937614531533
2022-02-24,-0.0012944949803377587,-3.9056308160957676e-06,-0.0012905893495216616,0.014930809146278704
2022-02-25,0.005304482110005934,0.001833006133085593,0.0034714759769203423,0.08161510635973633
2022-02-28,0.0006909257702105225,-0.00164257601881197,0.002333501789022492,-0.14959330597190085
2022-03-01,0.004183233565115626,0.000768358036399918,0.0034148755287157083,-0.09771720027157567
2022-03-02,-0.006370855624624765,-0.0031474908518685004,-0.003223364772756263,-0.056080897398474126
2022-03-03,-0.0057772001690766725,-0.0026811814699115952,-0.0030960186991650807,-0.034160880392000076
2022-03-04,-0.003036210461772837,-0.0024308476932279064,-0.0006053627685449307,0.0016819817377877694
2022-03-07,-0.00171781922861559,-0.0011672581123004528,-0.0005505611163151396,-0.038026938339192955
2022-03-08,8.909528011694643e-05,0.0002454228302004762,-0.0001563275500835301,0.05242375641104343
2022-03-09,-0.0020560271726068865,-0.002410609393450103,0.0003545822208432171,-0.01395328567640249
2022-03-10,0.00293762080931347,-0.0008170238348133413,0.003754644644126811,-0.025984909124348823
2022-03-11,-0.000689870843048157,-0.0014827215532629912,0.0007928507102148352,0.12440587473501528
2022-03-14,-0.0013646182700362524,-0.0015151442107854806,0.00015052594074923143,-0.08132699083475449
2022-03-15,0.00602934752114502,0.003267539839602443,0.0027618076815425774,-0.06298249606004161
2022-03-16,-0.0038768413327318913,-0.004332432889576635,0.0004555915568447441,0.005533540134624233
2022-03-17,-0.003540101440358373,-0.0013375004687505177,-0.002202600971607852,0.06731574633890776
2022-03-18,0.0002655785487920945,-0.001281516243743671,0.0015470947925357655,-0.01798335256526395
2022-03-21,0.003951167852393501,0.003521949965862112,0.0004292178865313895,-0.038512329036463955
2022-03-22,-0.0010179009787109504,-0.001475626321489218,0.00045772534277827015,0.17109689089595712
2022-03-23,-0.0023332969334543957,-0.00494381677007768,0.0026105198366232823,-0.05853498392273984
2022-03-24,0.008938621772986046,0.005779935294584603,0.0031586864784014443,0.04802410659868114
2022-03-25,-0.002757185758641324,-0.0018064193816410001,-0.0009507663770003229,-0.07032460718899158
2022-03-28,0.0020580325269616193,0.00034252222856824685,0.001715510298393372,0.07954829801340924
2022-03-29,-0.0033130617544914814,-0.0034272758671745583,0.00011421411268307605,-0.024981537576546087
2022-03-30,0.003361344261556577,0.0017996487549839005,0.0015616955065726758,0.0013366850782190593
2022-03-31,-0.0011612818429985385,-0.0009859939901769778,-0.0001752878528215613,0.0659651752698206
2022-04-01,5.8265291128566186e-05,-0.0002328670335701149,0.0002911323246986824,0.1004290648840782
2022-04-04,0.0034633904840171894,0.0029136709747657266,0.0005497195092514628,-0.013041762766081776
2022-04-05,0.005298306936177178,0.002104085871497433,0.0031942210646797443,-0.005817616288356973
2022-04-06,-0.0005653749933232626,-0.001460524896946137,0.0008951499036228741,-0.0034861138132337957
2022-04-07,-0.0002993767358853385,-0.0002644176651482717,-3.495907073706626e-05,0.03977549543637917
2022-04-08,-0.00016251518303797867,-0.0005407068735735661,0.00037819169053559046,0.1426694579154753
2022-04-11,0.0019532327026824644,0.0008019327648170586,0.0011512999378654031,0.032818891336112106
2022-04-12,0.006773812615359419,0.001785405520279824,0.0049884070950795955,0.14707812430259107
2022-04-13,0.0015474106977613694,-0.0009085020722412497,0.0024559127700026183,-0.008775217136422485
2022-04-14,0.008359732407432678,0.006547294572119863,0.0018124378353128142,0.0832708074498417
2022-04-15,-0.0004353223540826522,-0.001396393904135285,0.0009610715500526328,0.18453902889339494
2022-04-18,0.004357312986097432,0.0003671948612165984,0.003990118124880833,0.018089424504058066
2022-04-19,0.008477985899764104,0.0034413551253276668,0.005036630774436435,-0.07619834288334071
2022-04-20,0.0010944949448051812,0.0016542371624008768,-0.0005597422175956969,-0.10507554039971465
2022-04-21,-0.004379268117383647,-0.002159468551579705,-0.0022197995658039425,-0.0013921988791253158
2022-04-22,-0.005820631616041854,-0.002333839813352929,-0.0034867918026889235,-0.0419756471257497
2022-04-25,-7.527429471744593e-05,0.00023536094398161553,-0.0003106352386990606,-0.0697406988281652
2022-04-26,-0.002346981533712995,0.000308840085415782,-0.0026558216191287765,-0.04787626416886391
2022-04-27,-0.0039846576101840725,-0.0007923258128353978,-0.003192331797348674,0.031437099063704725
2022-04-28,-0.0032116125045338244,0.00034376592572794005,-0.003555378430261765,0.0761966299458636
2022-04-29,0.002030519526256475,-0.0010917325692503775,0.0031222520955068497,-0.10301353420390613
2022-05-02,0.0040875444887884015,0.0020886885200650978,0.0019988559687233037,0.18176312206376455
2022-05-03,-0.005326183603121707,-0.003243836448311393,-0.002082347154810312,0.12778798004780087
2022-05-04,0.00977089356069131,0.006980617174671293,0.0027902763860200184,0.1777507765594019
2022-05-05,0.007994289796691634,0.008264109755549318,-0.0002698199588576835,0.015305875934518105
2022-05-06,0.012240118989304733,0.006950913765201587,0.005289205224103146,0.14980701100045293
2022-05-09,0.0010771399273527596,0.0015158046286922145,-0.00043866470133945403,-0.1741978766311763
2022-05-10,0.008906208582953802,0.004955928525181657,0.003950280057772147,0.18457310835030133
2022-05-11,-0.012029574327739372,-0.007877506778795807,-0.004152067548943565,0.17584677813728658
2022-05-12,0.011712283319812285,0.008336583201112123,0.0033757001187001623,-0.00881120015308641
2022-05-13,0.011731624476902121,0.008150876057429724,0.0035807484194723977,-0.10431187706371861
2022-05-16,-0.0005354386223623267,-0.0026112572803730534,0.002075818658010724,-0.17014567510720954
2022-05-17,-0.006056641179027907,-0.001941283977192721,-0.004115357201835186,0.012086103877860762
2022-05-18,-0.011218467468021376,-0.008642539896697585,-0.002575927571323791,0.15233699413953078
2022-05-19,0.0007054713427670041,0.002340426326853169,-0.0016349549840861646,0.2251445348474541
2022-05-20,0.009042917607854747,0.006081259718373511,0.0029616578894812355,-0.07746086336468246
2022-05-23,0.014263422030146123,0.010524319052181381,0.003739102977964743,0.07076837147999578
2022-05-24,-0.006077138426669873,-0.007375576749562438,0.0012984383228925728,0.1058548792961613
2022-05-25,0.005135156742316502,0.002901103402183412,0.0022340533401330916,-0.09512852175683595
2022-05-26,0.008364854863428178,0.0030799809183567686,0.005284873945071409,0.044790115044268254
2022-05-27,-0.008464044975059629,-0.006461361160862774,-0.002002683814196853,0.03242427610880356
2022-05-30,0.0035222447225182678,-0.0019084224401497913,0.00543066716266806,0.13133199438163173
2022-05-31,0.0026889182121942815,0.0026004819672515514,8.843624494273353e-05,-0.031941972440476175
2022-06-01,0.010766582057379293,0.002718099046541499,0.008048483010837793,-0.08906228324334432
2022-06-02,-0.0023330227656718047,-0.0034484957543488917,0.0011154729886770857,0.06902809273786223
2022-06-03,-0.005348618603798909,-0.001963366446300207,-0.0033852521574987008,-0.12605666284046985
2022-06-06,0.003918999310745982,0.00046984072613342337,0.003449158584612557,0.045487787995532755
2022-06-07,-0.007097041412943853,-0.003933458600651263,-0.0031635828122925907,0.07600945758038835
2022-06-08,0.0025735534810437254,-0.000597477503433736,0.003171030984477461,-0.10896580493954158
2022-06-09,0.004077552164674333,0.0017016031064213902,0.0023759490582529463,0.04627394409127575
2022-06-10,-0.006544539330130231,-0.0026583215408950557,-0.0038862177892351746,-0.11358994057122425
2022-06-13,0.002622445743260134,-0.0006226548107572255,0.0032451005540173605,-0.1454717635883542
2022-06-14,-0.006328339881282432,-0.0035364355651985643,-0.002791904316083867,-0.1286915820615233
2022-06-15,-0.009226474975513241,-0.0019378663764929348,-0.007288608599020307,0.03271197199884091
2022-06-16,-0.007360389140645242,-0.004629111423402633,-0.0027312777172426085,0.039332108559794576
2022-06-17,0.001811572918968025,-0.0013485058547623233,0.003160078773730348,-0.16075034988176606
2022-06-20,0.0018477472160693426,-0.0012459386624897473,0.0030936858785590906,0.0718274648172141
2022-06-21,-0.00699803223047346,-0.00216363819625113,-0.0048343940342223295,-0.01535827414823594
2022-06-22,0.003440487593921337,0.002494246068039844,0.0009462415258814933,-0.06538184322712903
2022-06-23,-0.0009669272644743196,0.0025623954560596044,-0.0035293227205339247,-0.052974061530699876
2022-06-24,-0.00412909596416031,0.00020701247301846545,-0.004336108437178776,-0.12862453968091173
2022-06-27,-0.0030593900356624894,0.0007567538838411415,-0.0038161439195036305,-0.13520675136761323
2022-06-28,-0.007786447582748465,-0.003107428280043408,-0.004679019302705058,-0.1231998287871505
2022-06-29,-0.008102759399835726,-0.0025889344866651676,-0.005513824913170558,-0.03504346238834824
2022-06-30,-0.007857924566998733,-0.005259080776923175,-0.0025988437900755605,-0.019888384685572337
2022-07-01,-0.001827797590327104,-0.0006283592415827124,-0.0011994383487443916,-0.02713200308458407
2022-07-04,-0.0010805881599423909,-0.0012291293109897225,0.00014854115104732946,-0.04595899018734386
2022-07-05,-0.0014505263178536125,-0.00014936240670606997,-0.0013011639111475421,-0.0416489635285272
2022-07-06,-0.0024965101344188883,-0.003280416466604136,0.0007839063321852472,0.06986860299173196
2022-07-07,-0.0023012682064341527,0.0019261900110370952,-0.0042274582174712475,0.06416381978988227
2022-07-08,0.004350096950503522,0.0035041727184876694,0.0008459242320158523,0.02952047048532962
2022-07-11,0.0031197305838956647,0.00296507038695863,0.00015466019693703443,-0.16217286149151525
2022-07-12,0.001661537644811057,0.0005002610222370313,0.0011612766225740248,-0.00652690868776503
2022-07-13,-0.00972613279697028,-0.004387473318508742,-0.0053386594784615386,0.058916422201476505
2022-07-14,-0.00035618821655871574,0.002751781955292198,-0.0031079701718509135,0.02188855203270603
2022-07-15,0.0037551714540305383,0.0067767387670324575,-0.003021567313001919,-0.05176703058589066
2022-07-18,0.001231849623494135,0.0037476871152295867,-0.0025158374917354526,-0.16418044334973014
2022-07-19,-0.0033310172591389593,-0.007081585520803624,0.003750568261664665,-0.10405127394234351
2022-07-20,-0.011279512954109238,-0.010647328239731507,-0.000632184714377728,-0.09516388365114464
2022-07-21,-0.0056670573821290945,-0.004985268499443453,-0.0006817888826856425,0.07549855088137304
2022-07-22,-0.005487481480810368,-0.005912202131409118,0.0004247206505987502,-0.028662063085563936
2022-07-25,0.004103064863763564,0.0033291034530936944,0.000773961410669868,-0.040079401416032424
2022-07-26,-0.0015476933522352166,-0.00011215379279395747,-0.001435539559441262,0.07477783103514614
2022-07-27,-0.002348783375378781,-0.0025621091125681682,0.0002133257371893871,0.045170654572586025
2022-07-28,0.0037884203512449843,0.0030092268651538247,0.0007791934860911611,0.0032214331348576737
2022-07-29,0.00222399905392724,-0.001283666311676898,0.003507665365604138,0.11746979366865172
2022-08-01,0.00013986496330915257,0.0011806313091336377,-0.0010407663458244852,-0.05106909492405005
2022-08-02,0.005303304402713795,-0.00032547585246472683,0.005628780255178522,0.09624289434292162
2022-08-03,-0.002501395493414479,-0.00233322336670871,-0.00016817212670577008,0.11098064230979304
2022-08-04,0.004710677113081362,0.003020040142486199,0.001690636970595162,-0.17163176970759186
2022-08-05,0.005858792334684386,-0.0005315788682899569,0.0063903712029743445,-0.08506139326011812
2022-08-08,-0.008477884066889199,-0.0020729692687220854,-0.006404914798167113,0.06607890829170007
2022-08-09,-0.004838189771290089,-0.0011282280775328788,-0.00370996169375721,0.2253928728989391
2022-08-10,0.003699479117128244,0.0018728197549067044,0.0018266593622215392,-0.0762920890308859
2022-08-11,0.011589756174901336,0.0038428764755983717,0.007746879699302965,0.009553267716723244
2022-08-12,-0.003190471773567971,-0.00247254031726108,-0.0007179314563068908,0.024203217247114453
2022-08-15,0.0004882131778323681,-0.0028437180417954094,0.0033319312196277793,0.0013595219897326047
2022-08-16,0.0011516718513226915,-0.0024270568155274155,0.003578728666850108,-0.1142193485150772
2022-08-17,6.307331981371671e-05,0.0005215413949670578,-0.000458468075153341,0.2430204390962221
2022-08-18,-0.0061705683858392065,-0.002641950251456157,-0.0035286181343830506,0.09744856847531634
2022-08-19,0.013874427343938133,0.003420023703763277,0.010454403640174855,0.02661181206548842
2022-08-22,0.005014626475143052,0.0015537507247922926,0.0034608757503507594,-0.075596368059999
2022-08-23,0.0014087903557288889,-0.0010352281581030654,0.0024440185138319545,0.0996018096372672
2022-08-24,-0.003905823705698245,-0.0015648167644097405,-0.0023410069412885034,0.0004307766302757505
2022-08-25,0.005153880180770634,0.0031118737056419848,0.002042006475128649,0.06859879499329634
2022-08-26,1.771784337594915e-05,0.00140583713077113,-0.0013881192873951807,-0.230001846736809
2022-08-29,0.003398061032642546,0.0001157490947276673,0.003282311937914879,-0.17164437716160225
2022-08-30,-0.012392319057770891,-0.00426848153300669,-0.008123837524764201,0.10266856769147883
2022-08-31,-0.009068901686575826,-0.0021318135279006986,-0.006937088158675128,0.08047949525013355
2022-09-01,0.004875156217765816,0.00019397314534988887,0.004681183072415928,0.13321343785813883
2022-09-02,0.0037062920007938085,-0.0006737752802035424,0.0043800672809973535,-0.006815570064688902
2022-09-05,0.005072578213593121,0.0013066714562259183,0.0037659067573672022,-0.1052989615972432
2022-09-06,-0.00028424148641342144,-0.0015453626235011862,0.0012611211370877652,0.11557180725606377
2022-09-07,-0.0050472335787805234,-0.001962875785012838,-0.0030843577937676855,0.16721765065466423
2022-09-08,0.004829622502171246,0.0012675908239352792,0.0035620316782359676,-0.14519476366489395
2022-09-09,0.008190172188731023,0.003590812457095748,0.0045993597316352774,0.04492978040925411
2022-09-12,-0.006388262529271899,-0.0024876569928647587,-0.003900605536407139,-0.050080858146706764
2022-09-13,0.002048986842973829,-0.0016096268171151389,0.0036586136600889677,-0.1696122325733535
2022-09-14,-0.002227199501568687,-0.001113700759556498,-0.001113498742012188,0.145740665221055
2022-09-15,-0.010735582767548654,-0.002254509622142284,-0.00848107314540637,-0.0036794765286385727
2022-09-16,0.007062057668337448,0.001167395752116565,0.005894661916220883,0.22507041231654024
2022-09-19,-0.00020116299664121775,0.00013857091708164735,-0.000339733913722865,0.037595040063629834
2022-09-20,0.014203437303600724,0.005275628196015474,0.008927809107585252,-0.16173094149864775
2022-09-21,0.0022395895583763935,0.0013905890614206405,0.0008490004969557534,-0.10373472717978251
2022-09-22,-0.0100194055151131,-0.002580265778531026,-0.007439139736582074,-0.014391576825273474
2022-09-23,-0.006170778554176344,-0.003107158198597114,-0.0030636203555792284,0.0014354340308275117
2022-09-26,-0.0007003249245575974,-0.0008945779495386982,0.00019425302498110066,-0.11516290167575118
2022-09-27,7.292732088112297e-05,0.00014896100606328526,-7.603368518216327e-05,0.01600836106153173
2022-09-28,-0.006107800996975018,-0.0030296850981308757,-0.003078115898844141,-0.04041912099202269
2022-09-29,0.000770793748062734,-0.0010710804350906452,0.0018418741831533808,0.11009221170246325
2022-09-30,-0.002157986128784703,-0.001606618651253073,-0.0005513674775316302,0.05502505155074413
2022-10-03,0.004216303707441961,0.0016673694625683085,0.002548934244873652,-0.07838735938234602
2022-10-04,0.0028644351069133686,0.0002525036112835965,0.002611931495629772,-0.036121829018039515
2022-10-05,-0.004073973294569203,-0.002255610241281507,-0.001818363053287697,0.05986487162360854
2022-10-06,-0.001640236012053046,-0.0017894067122391946,0.00014917070018614952,0.1555055935986816
2022-10-07,0.002649385305047835,0.0005270710958478579,0.0021223142091999787,-0.022391110207353626
2022-10-10,0.006806029172585211,0.003381898304743054,0.003424130867842156,-0.043600642618817256
2022-10-11,-0.0010224847011677143,-0.0015164435564220904,0.0004939588552543763,0.07688508013902468
2022-10-12,-0.001964073405656933,-0.0015643856888799663,-0.00039968771677696604,0.07508736528581732
2022-10-13,0.0034061511153881422,0.0008427133024295754,0.002563437812958566,0.07484952914922165
2022-10-14,0.0029707216142783764,0.00031695948883561816,0.002653762125442759,-0.21474980546276803
2022-10-17,0.0030527955322708924,0.002375834131032503,0.00067696140123839,0.17312254312337572
2022-10-18,-0.010832245234609739,-0.0038736406102779612,-0.006958604624331774,-0.08377906175764015
2022-10-19,0.008024439655098567,0.004141570656481278,0.003882868998617289,-0.030132621256566353
2022-10-20,-0.0038163129661204,-0.003067349671649816,-0.0007489632944705843,0.04030762756078914
2022-10-21,-0.0014518550701537371,-0.001907239756909697,0.0004553846867559599,0.029472044806696553
2022-10-24,0.0019234915133646596,0.002296151459439783,-0.00037265994607512364,-0.10918866214869997
2022-10-25,0.001705399075353021,0.0028931014069241675,-0.001187702331571146,0.049171038674629
2022-10-26,-0.006221977454497898,-0.0018758762347439559,-0.004346101219753943,-0.005169567876864665
2022-10-27,0.0026318739280918914,0.0018268159431242192,0.0008050579849676732,0.23236152100890292
2022-10-28,-0.00024037587974024357,-0.0002125490082663722,-2.7826871473871258e-05,0.08217897193723687
2022-10-31,0.011482429161452472,0.007008083912657205,0.004474345248795268,-0.012470703303042214
2022-11-01,0.004721564683318429,0.0018986044535367497,0.00282296022978168,0.02340857755227939
2022-11-02,-0.0005703417405161196,-0.0014744880756374726,0.000904146335121353,-0.006395587262630124
2022-11-03,0.0011339368901800769,0.0006001907209928561,0.0005337461691872214,-0.013222376460446682
2022-11-04,-0.00023856482677253648,-0.0026258733078025117,0.0023873084810299757,0.02347243957416675
2022-11-07,-0.0007381482819822773,-0.003596419849887591,0.0028582715679053156,-0.020998377453348083
2022-11-08,0.001304009214450099,0.0025211698347691533,-0.001217160620319055,-0.017823700397169517
2022-11-09,-0.0012075916053489008,-0.0019236606853964625,0.0007160690800475655,0.041616892528248586
2022-11-10,-0.001015480660458842,-0.00019589576165443545,-0.0008195848988044093,-0.005171457980052585
2022-11-11,0.002332983658761891,0.002255869391618641,7.711426714324988e-05,0.008660556616645058
2022-11-14,-0.00037804787204796515,-0.0002642150058753123,-0.00011383286617265218,0.06507158040887792
2022-11-15,0.0005553915915680343,0.003018556214084341,-0.002463164622516308,0.055983364569877674
2022-11-16,0.0037611700500062243,0.0002626301867575988,0.0034985398632486247,0.02399389525376544
2022-11-17,0.002462318436862495,-0.0013946107154737,0.003856929152336196,-0.1162581415037291
2022-11-18,0.0012452436486400749,-0.0017640324691903676,0.0030092761178304415,-0.1573886932074453
2022-11-21,-0.005825196410566905,-0.0011436511976553078,-0.004681545212911597,-0.10566221078164857
2022-11-22,-0.00823347750580291,-0.0019375015714071173,-0.006295975934395789,-0.05203727307955391
2022-11-23,-0.005411758936425136,-0.0006633228060487933,-0.004748436130376342,-0.0036936733529831026
2022-11-24,-0.0029658905554638994,4.7009021228505265e-05,-0.003012899576692404,0.067924777369143
2022-11-25,-0.00019224323356542517,-0.002047541170040218,0.0018552979364747924,-0.1889228283934366
2022-11-28,0.0031372340102659444,0.0008069774930692811,0.0023302565171966637,-0.11818542481501974
2022-11-29,-0.009469559395847277,-0.0033358527729521244,-0.006133706622895151,-0.12792302088395638
2022-11-30,-0.0052294459976812546,-0.0006185830202525442,-0.00461086297742871,0.06462679518535094
2022-12-01,-0.006174614727861318,-0.003547146095738923,-0.002627468632122396,0.06042307222269793
2022-12-02,0.0029695428689629245,0.0009865820870719891,0.0019829607818909337,-0.044630433613230304
2022-12-05,0.002833946418603739,0.0016407162138223005,0.0011932302047814383,0.0571222290220537
2022-12-06,-0.002204323935075157,4.369466974737078e-05,-0.002248018604822528,0.1655497980196879
2022-12-07,0.0029680486450381753,-1.622532585426016e-05,0.0029842739708924363,-0.023566830824886663
2022-12-08,0.0084388940219895,0.0035618508105080037,0.004877043211481495,0.18091961789431385
2022-12-09,-0.0011555216957374558,-0.000991026399663618,-0.00016449529607383793,-0.010879308601793463
2022-12-12,0.008551309178105171,0.0024183517918292506,0.006132957386275919,0.06860637893710206
2022-12-13,-0.0006496452329377398,-0.0007835604187854744,0.00013391518584773463,0.017894660928853626
2022-12-14,0.0030961877535469187,0.0002134162465625986,0.00288277150698432,0.11978916699563338
2022-12-15,0.0007900108748102912,0.0019651455894299052,-0.001175134714619614,-0.138057536502687
2022-12-16,0.005561316318801195,0.00245252837315194,0.0031087879456492542,0.1071932803399452
2022-12-19,-0.007997886173782248,-0.0011508346558977804,-0.006847051517884468,0.12495005286564188
2022-12-20,0.005561969881299049,0.0031627876641710695,0.00239918221712798,0.030224875598318945
2022-12-21,0.006325670301772038,0.0009040072894893995,0.005421663012282637,0.045990455750338735
2022-12-22,0.001507901049405103,0.0012834577946096107,0.00022444325479549151,-0.08647234344413442
2022-12-23,0.0023566780402570577,0.0009697831843892203,0.0013868948558678378,0.07026516984590593
2022-12-26,-0.0048188837552800914,-0.0006921131994033491,-0.004126770555876743,0.017561780011028056
2022-12-27,0.0032741446357852652,0.004088638262059137,-0.0008144936262738708,0.16623217190946754
2022-12-28,0.0007676731767527181,-0.0004985565875040765,0.0012662297642567957,0.13989069075908322
2022-12-29,0.007223377974475732,0.0017322448228095158,0.0054911331516662165,0.045459221215328624
2022-12-30,0.0062055877074255585,0.0014280635849323149,0.004777524122493244,0.19032194625185578
2023-01-02,0.0019177284006886386,0.0006685921851731494,0.0012491362155154897,-0.051340821905637955
2023-01-03,0.008030058932965557,0.004552240730794639,0.0034778182021709177,0.19035799350016558
2023-01-04,-0.0020007120027477837,-0.0007078726273548309,-0.0012928393753929538,-0.006365851809465011
2023-01-05,0.007758329622415197,0.001715647035391045,0.006042682587024152,0.061343228993891726
2023-01-06,-0.00024839000341350973,-0.00046084814019893214,0.00021245813678542284,-0.0697395396363218
2023-01-09,0.0038721301933053527,-0.00013303009785536717,0.004005160291160718,0.11080973639507871
2023-01-10,-0.0034857180781805294,-0.0008582626858377601,-0.0026274553923427693,0.035060953828723214
2023-01-11,0.0049751068386287775,0.001015992591632979,0.003959114246995797,-0.25573606072691624
2023-01-12,0.0015262548721090446,0.0020613115306598014,-0.0005350566585507564,-0.08726585921329914
2023-01-13,-0.01422206567863207,-0.009648051372644517,-0.004574014305987556,0.2593946807298063
2023-01-16,-0.004137809469579241,-0.00071008073932745,-0.003427728730251791,0.09007524027512247
2023-01-17,0.013014001641883563,0.005157815760061553,0.00785618588182201,0.11451331684014196
2023-01-18,0.003674609297064445,0.0010440380977890244,0.002630571199275421,0.2221932566787827
2023-01-19,0.003960814466856043,0.001895183150605306,0.0020656313162507375,0.08239288685794922
2023-01-20,0.009020128013004731,0.002378478585950349,0.006641649427054381,0.06642154937697706
2023-01-23,0.0034170877604884293,0.0022925449354324993,0.0011245428250559325,0.21459660449720191
2023-01-24,0.0026937807838517125,0.0009296871797324783,0.0017640936041192342,-0.37986221796763664
2023-01-25,0.010440598652916577,0.0019405752248973507,0.008500023428019227,0.33856952045806443
2023-01-26,-0.01647991093594523,-0.0065513805930632035,-0.009928530342882026,0.06359967359093764
2023-01-27,0.013297803787059692,0.005478198396247648,0.007819605390812046,0.11597981040613045
2023-01-30,0.002636917490080986,0.0009507748701186195,0.0016861426199623664,0.1471672613614634
2023-01-31,0.004583587116283007,0.0025857699636115763,0.001997817152671431,-0.21021707708186094
2023-02-01,0.006132649852756234,0.002814380737711862,0.003318269115044372,0.07134881325532383
2023-02-02,-0.010513694871056686,-0.0026766184300948273,-0.007837076440961857,0.07647360248783029
2023-02-03,0.003298523464792543,-0.00010109847702924508,0.003399621941821789,-0.12726153771668441
2023-02-06,0.0036990133530676412,0.00010070878569779645,0.003598304567369842,0.06679402534751001
2023-02-07,-0.00648043114942694,-0.0009558830017401439,-0.005524548147686796,-0.0826493409309267
2023-02-08,0.0036083002613131344,0.0008716786440049404,0.0027366216173081923,0.21238921171701378
2023-02-09,-0.004268911051134192,-0.0019095848171703789,-0.0023593262339638085,0.15176655157738475
2023-02-10,0.012686493595604921,0.003927510413740686,0.008758983181864233,0.18024243060565945
2023-02-13,0.009242332610027382,0.0026209755479174625,0.006621357062109912,0.15780545039207383
2023-02-14,0.008863264980309019,0.003678023594065525,0.005185241386243496,-0.13972247436356106
2023-02-15,0.011550964506754063,0.007765382819826326,0.00378558168692774,0.12902800278232637
2023-02-16,-0.008547141685448673,-0.002314768415656362,-0.006232373269792315,0.17662268625601785
2023-02-17,0.00761035690636768,0.00562845073322886,0.0019819061731388213,-0.20792623772724037
2023-02-20,0.01806443200657592,0.012014712529220026,0.006049719477355872,-0.13843151912042717
2023-02-21,-0.025866016074451936,-0.010230129839625738,-0.015635886234826195,-0.06914847929311199
2023-02-22,-0.018517545269246975,-0.006153943072240671,-0.012363602197006305,-0.06767505167679627
2023-02-23,-0.006936646630514277,-0.007666634898700328,0.0007299882681860576,-0.021384409756142655
2023-02-24,-0.00617165801494921,-0.0022382927195583324,-0.00393336529539088,0.108117357373689
2023-02-27,-0.0012286386981696256,0.0002943570984643949,-0.0015229957966340218,-0.14021884007794935
2023-02-28,0.006263045627270927,0.0019175514139699625,0.004345494213300966,-0.14154951800416124
2023-03-01,-0.007871794455721282,-0.0035382178295433,-0.004333576626177987,-0.06356967862334774
2023-03-02,-0.009227552885364575,-0.0058121566769216045,-0.003415396208442969,-0.14757925743534123
2023-03-03,-0.003733561653364735,-0.002820317547574702,-0.0009132441057900318,0.14590860346288362
2023-03-06,-0.008136583462071061,-0.0027066807775403406,-0.005429902684530721,-0.2237347696183851
2023-03-07,0.011777093315145912,0.006646676534910488,0.005130416780235424,-0.043620792278497474
2023-03-08,-0.012989125382974528,-0.004784757009918213,-0.008204368373056312,-0.04156417438668213
2023-03-09,-0.0025259570520824804,-0.0007446329266147418,-0.0017813241254677377,0.053556975788227545
2023-03-10,-0.002647663001344482,0.001689396281237725,-0.004337059282582207,-0.029825342434509607
2023-03-13,0.003138655590875665,0.001570503226870355,0.00156815236400531,0.0979551504632583
2023-03-14,-0.0015995902131045918,-0.0006591877830392032,-0.0009404024300653886,-0.05526851173340873
2023-03-15,0.006428683433832198,0.0007442033573863815,0.005684480076445815,-0.11479207975442624
2023-03-16,-0.003143995197255769,0.0008390715159000382,-0.003983066713155806,-0.16564627415943303
2023-03-17,-0.006704362181642987,-0.005357626795550968,-0.0013467353860920177,0.06231195654814565
2023-03-20,-0.010220786768228556,-0.007825553711627922,-0.0023952330566006323,0.09114490087098769
2023-03-21,0.0034038611179958034,0.0024595796386031295,0.0009442814793926736,0.017289658879103543
2023-03-22,0.00478855388132953,0.0014068188040543862,0.003381735077275145,-0.13966588451378564
2023-03-23,0.0008123879370945696,-0.000630801937971966,0.0014431898750665358,0.00512780173471944
2023-03-24,-0.0069021681054699194,-0.002132763397720488,-0.00476940470774943,-0.0751984968498999
2023-03-27,0.0002489244510870941,-0.0008619428609903559,0.00111086731207745,0.006645096613127212
2023-03-28,-0.0044000154763668056,-0.0028913356999174713,-0.0015086797764493325,0.0393186388336547
2023-03-29,0.00038667282519676315,-0.0002294580707348907,0.0006161308959316538,0.16555792574538308
2023-03-30,0.0025433941964758122,0.00295447126412471,-0.0004110770676488979,0.10595626154158215
2023-03-31,0.011063295488032795,0.00357561300114035,0.007487682486892442,0.153119264389158
2023-04-03,0.006862397031297946,0.001274164987567377,0.005588232043730569,-0.14833518473038568
2023-04-04,0.01053718948104319,0.002124845267360901,0.00841234421368229,0.0907321105586353
2023-04-05,-0.009620311797212342,-0.002378810266987958,-0.007241501530224383,-0.025815662520293815
2023-04-06,0.00578996745127085,0.002744229557425709,0.00304573789384514,0.20209701199331404
2023-04-07,-0.0017153438007377862,-0.00038888434459910526,-0.001326459456138681,0.18553411562098007
2023-04-10,0.01295936010007622,0.003521598257754658,0.00943776184232156,0.14258139829595495
2023-04-11,0.012563881015925864,0.004758102620755617,0.0078057783951702465,-0.005690375880722154
2023-04-12,0.009964013083228408,0.005122577639180304,0.004841435444048102,0.17961077503470216
2023-04-13,-0.00032957541667089497,-0.0008107936167623918,0.000481218200091494,0.08412558795131973
2023-04-14,0.01093323665562159,0.005091209317534859,0.005842027338086732,0.15342495154929933
2023-04-17,0.005163521177791282,0.0022371722904721025,0.0029263488873191787,0.07112433958983926
2023-04-18,0.009550769384568138,0.0054919575822562116,0.004058811802311926,0.21323453470800402
2023-04-19,0.0065497386268670585,0.005523163257403742,0.001026575369463316,-0.19589119772629368
2023-04-20,0.018830045064997077,0.010015610329337905,0.008814434735659175,0.009435978755782413
2023-04-21,-0.016443354023569882,-0.00807828031300873,-0.008365073710561152,0.1701612800431338
2023-04-24,0.00061422832192988,0.0025211134320472905,-0.0019068851101174105,-0.03478856511308124
2023-04-25,0.011620794012993221,0.006865665651208534,0.004755128361784687,-0.2045248017313992
2023-04-26,-0.002757092905272641,-0.004913478120385834,0.0021563852151131914,-0.2728062105297736
2023-04-27,-0.013651781560594885,-0.01031848024629594,-0.0033333013142989414,0.033693805634520194
2023-04-28,-0.017921646056039325,-0.007322738047131872,-0.010598908008907448,-0.24774034983690416
2023-05-01,0.0021327395996506185,-0.00046287434657368647,0.0025956139462243047,-0.2092481399643626
2023-05-02,-0.01812838561298325,-0.008060911500366433,-0.010067474112616812,0.17550264707854812
2023-05-03,-0.01620406709748582,-0.011697046373433499,-0.004507020724052322,0.12570481424990498
2023-05-04,0.012261144457862048,0.004976095798378391,0.00728504865948366,-0.11160512534155537
2023-05-05,0.008067287730102632,0.005478371003495151,0.0025889167266074826,0.18925087229941231
2023-05-08,-0.006288072890580086,-0.0023043499606917204,-0.0039837229298883645,-0.021571523546642393
2023-05-09,0.01171097705050293,0.005916152472580219,0.00579482457792271,0.19885356550269032
2023-05-10,-0.0009716253118575474,0.0005843570098402109,-0.0015559823216977579,0.240445588012141
2023-05-11,0.0116986023999568,0.0049912937312234125,0.006707308668733387,-0.046790169262909416
2023-05-12,0.01621935714816075,0.009549745351889356,0.006669611796271393,0.08289902914944489
2023-05-15,-0.0025911523876598888,-0.002851162991762455,0.00026001060410256547,-0.049032957638245486
2023-05-16,0.0042604777820783625,0.0023328083821290476,0.001927669399949315,-0.09160227353587726
2023-05-17,-0.0026827866033964126,-0.0029988657339671252,0.00031607913057071215,-0.07605363830172196
2023-05-18,-0.005527360996429968,-0.002003519766477793,-0.003523841229952175,0.06776899795966551
2023-05-19,-0.004753330693324986,0.0011058896632167997,-0.005859220356541785,-0.14261687742310517
2023-05-22,0.003349736024665275,0.0016554161398634835,0.0016943198848017923,0.07364867878470836
2023-05-23,-0.007478328149422262,-0.005374337872239779,-0.002103990277182484,0.12807164854198091
2023-05-24,0.003772722793030557,0.0012932840647727345,0.0024794387282578226,-0.0750503556458702
2023-05-25,0.007561108840398603,0.00041089591693427643,0.007150212923464325,-0.007582633234639411
2023-05-26,-0.004412400110780314,0.0006998517376712466,-0.0051122518484515616,0.034025889695070505
2023-05-29,-0.0004020999382781155,-0.001550668660457357,0.0011485687221792409,0.002077433394527031
2023-05-30,0.0016843705078790389,0.0021976572547445223,-0.0005132867468654835,-0.0621936595213465
2023-05-31,0.00010567595369824923,-0.0005351964431527792,0.0006408723968510284,-0.06265549622700187
2023-06-01,-0.0032260650898995103,-0.0026645078030071,-0.0005615572868924099,-0.00031895743471196974
2023-06-02,-0.0035733545835252268,0.0023512226458406726,-0.005924577229365902,-0.05062530225981184
2023-06-05,-2.1510942666604256e-05,0.0033781320955441506,-0.003399643038210755,0.05074055685671688
2023-06-06,-0.0026768281380817995,-0.002437839570683319,-0.00023898856739847964,0.13710323019076784
2023-06-07,0.003488859342687169,0.004273875420895325,-0.0007850160782081547,-0.16508465659727506
2023-06-08,0.008000664992495524,0.001919721297075131,0.006080943695420393,-0.08760712818831282
2023-06-09,-0.008860171378092375,-0.004674067916484532,-0.004186103461607843,-0.06665566557809975
2023-06-12,-0.004307055775317561,-0.0011965994911703089,-0.0031104562841472536,0.024486183777273497
2023-06-13,-0.0029373468974720203,-0.0014932035124904687,-0.001444143384981552,-0.041397141094887645
2023-06-14,0.0010599217091311255,0.0006773918689396128,0.0003825298401915122,-0.11340819814810535
2023-06-15,-0.001976749464142518,-0.0014770833191086663,-0.0004996661450338514,0.0015744968514332016
2023-06-16,-0.006017517830093326,-0.002157612479790183,-0.003859905350303141,0.12629820593430663
2023-06-19,8.039101803165242e-05,-0.00018791173250759866,0.00026830275053925205,-0.03057556505642656
2023-06-20,0.006358242078179384,0.0032821000105702977,0.0030761420676090855,0.048326513439747414
2023-06-21,-0.0014716749856598333,-0.0019917912833679187,0.0005201162977080863,0.06333448397426808
2023-06-22,0.002838832828531215,0.0008962914634582514,0.001942541365072957,-0.053684733815691076
2023-06-23,0.0039085826009493735,-0.0010206710989990226,0.004929253699948397,0.12336078875750996
2023-06-26,-0.0034436421314018827,-0.0022773156426780447,-0.001166326488723838,-0.09863084829029434
2023-06-27,0.005574013157575861,0.00023906369291135446,0.005334949464664507,-0.06736004917389368
2023-06-28,-0.005461392267626946,-0.0007777645859596478,-0.004683627681667298,0.15406889754257322
2023-06-29,-0.003661259900817863,-0.0010401113762966898,-0.002621148524521175,0.11015186945000013
2023-06-30,0.010133412759313221,0.0017396223222431984,0.00839379043707002,0.027777906779791244
2023-07-03,0.0068098737420290035,0.0014049831005561965,0.005404890641472808,0.09691087686314069
2023-07-04,0.0012820430835398554,0.0014148998756865587,-0.0001328567921467065,0.07478893365672191
2023-07-05,0.0048534529489249545,0.0016822685997200468,0.0031711843492049085,-0.15684532642294888
2023-07-06,0.004188880636763521,0.0029709827179432366,0.0012178979188202863,-0.09189372832675233
2023-07-07,-0.009486206213579087,-0.0008415754197453051,-0.00864463079383378,0.04085163705349765
2023-07-10,-0.0061741273026697996,-0.0022924443528418645,-0.003881682949827936,0.05105360103512476
2023-07-11,0.0021526763348243376,0.0005364167829316688,0.0016162595518926688,0.039474356805720194
2023-07-12,0.0026565630914675903,1.6958416496071433e-05,0.002639604674971519,-0.12111150517483472
2023-07-13,0.0020587657438382177,0.002199268061160633,-0.00014050231732241555,0.07551107963826206
2023-07-14,-0.006341141663252,-0.0007790969711922433,-0.005562044692059757,0.02417290960746888
2023-07-17,0.004356113553632839,-0.00038020139708188315,0.004736314950714722,-0.13206277534677868
2023-07-18,0.0012573628211796984,0.002044991564484057,-0.0007876287433043576,-0.09609177174731298
2023-07-19,-0.006468953112971673,-0.0032860923917643636,-0.0031828607212073105,0.14171133607171416
2023-07-20,-0.005104226270853431,-0.0018749593132925892,-0.0032292669575608416,0.042275382897394354
2023-07-21,0.008917092701141513,0.003032465180827103,0.0058846275203144095,0.005851821244978041
2023-07-24,0.002421494133824192,0.0012205704438046708,0.0012009236900195203,-0.128751379424883
2023-07-25,0.00031325904232458793,-0.0004296849453434299,0.0007429439876680197,-0.048675991420076635
2023-07-26,-0.006698633157235781,-0.002531376232637418,-0.004167256924598364,0.013889002984446853
2023-07-27,-0.0029776005649521414,0.00040165981199114333,-0.003379260376943285,-0.1813362545389196
2023-07-28,0.0008075182826680302,0.0007981474903828332,9.370792285196515e-06,0.010130746367969696
2023-07-31,-0.010632956547310933,-0.003701450590361241,-0.006931505956949698,0.12625238795721047
2023-08-01,0.0005208888103397618,-0.0005556702878432283,0.0010765590981829899,0.15338230974896117
2023-08-02,0.007778474278219874,0.0021467179972872123,0.0056317562809326625,0.07791653181627059
2023-08-03,0.010275289804856924,0.0006546485922440323,0.009620641212612892,-0.005626991287983472
2023-08-04,0.004320337147699312,0.00034711053259088576,0.003973226615108426,0.13999015328329362
2023-08-07,-0.0003265279838020436,-0.00013504039616266898,-0.0001914875876393745,0.011706108129421482
2023-08-08,0.008309890744505423,0.0005284491298567971,0.007781441614648625,0.11375599679839497
2023-08-09,0.0006237554597001353,0.00037798716837376956,0.0002457682913263662,-0.08724493202552061
2023-08-10,0.006945819768281866,0.0030452150127892354,0.0039006047554926305,-0.07730661409481852
2023-08-11,-0.0035591483306048662,-0.0007141413553888934,-0.002845006975215973,-0.10687059914244947
2023-08-14,-0.004061282535521907,-0.0025268678602875993,-0.0015344146752343081,0.004537626826082675
2023-08-15,-0.0050494662337307655,-0.0021285356027911043,-0.0029209306309396603,0.06377643828064138
2023-08-16,0.0002595255670993185,-0.00138252926620769,0.001642054833307009,-0.0032094381807867807
2023-08-17,0.00424708335756812,0.0019156362407371265,0.002331447116830993,-0.04393453550365721
2023-08-18,-0.00029400722794931816,-0.0009335415237424934,0.0006395342957931753,0.1384327661740732
2023-08-21,-0.0024105344079733606,-0.0016836025645253399,-0.0007269318434480207,-0.004366135310265563
2023-08-22,0.007883924143479309,0.003476115572772911,0.0044078085707064014,0.04352190212414968
2023-08-23,-0.00026695228191036223,0.00032932084006009107,-0.0005962731219704535,0.12583474343328427
2023-08-24,0.0026434811224759023,-0.0006873332334840117,0.003330814355959914,0.07372677759198706
2023-08-25,0.007840233999775759,0.001205892192062772,0.006634341807712987,-0.17498729998953488
2023-08-28,0.004274006699922698,0.002675669317877092,0.0015983373820456052,-0.26353943363403853
2023-08-29,-0.010405094795799423,-0.007255101798268604,-0.0031499929975308174,0.2853191890229038
2023-08-30,-0.013512871171326588,-0.006399745343877744,-0.0071131258274488435,-0.13069306054101182
2023-08-31,0.017089559273901784,0.007661514631161178,0.009428044642740607,0.028908123941029942
2023-09-01,-0.006611561245411936,-0.0033658185896123533,-0.0032457426557995824,-0.08810499350881813
2023-09-04,0.0014816037204349484,-0.00021994374681455313,0.0017015474672495024,0.04555135508780741
2023-09-05,-0.00432382682247792,-0.0018216892041673788,-0.0025021376183105397,0.07061391329072783
2023-09-06,0.0025049736322520252,0.002237253152450729,0.0002677204798012967,0.005141955881715739
2023-09-07,0.0038735942767597,0.0001318631106284867,0.003741731166131212,0.051292930936638004
2023-09-08,0.0003186385968748293,-0.0006094952869686097,0.0009281338838434397,0.08752285841584334
2023-09-11,0.0029785839634757,0.0006897159632434195,0.0022888680002322807,0.08275140337517789
2023-09-12,0.004563636908386259,0.0006464021720277785,0.003917234736358481,-0.026541000149870573
2023-09-13,0.004590372991356608,0.000537459003754466,0.004052913987602139,-0.02254721853707678
2023-09-14,-0.0015352257239462535,-0.0007404192736878232,-0.000794806450258429,-0.08863774777337542
2023-09-15,-0.0010641957807236884,-0.001665108057154023,0.0006009122764303355,-0.11640084005423906
2023-09-18,-0.0055696957830451985,-0.0021772233961039316,-0.003392472386941267,-0.0008359959572478013
2023-09-19,-0.005901341865040023,-0.002371948551027779,-0.0035293933140122446,-0.032630535700802384
2023-09-20,-2.950198491580725e-05,0.0007316210940827086,-0.0007611230789985116,0.05766339146565895
2023-09-21,-0.0018308983689070025,-0.0016624670751454133,-0.00016843129376158637,-0.08609291191174921
2023-09-22,0.003851462961217955,0.0035175422506352264,0.00033392071058272604,-0.1901390347588288
2023-09-25,-0.005689076954480798,0.0016115277696960445,-0.007300604724176846,-0.2374729502036177
2023-09-26,-0.016291840422622186,-0.003490584437130087,-0.012801255985492088,-0.04013797456261467
2023-09-27,-0.029091199098230942,-0.011302365592803093,-0.017788833505427856,0.11258748432335398
2023-09-28,-0.0042923014547640356,-0.00038046441168280987,-0.0039118370430812205,-0.026197233715647503
2023-09-29,0.010655965244073813,-0.0014282697271853699,0.012084234971259185,-0.13039921519401415
2023-10-02,-0.0021436169883874657,-0.006203774656386822,0.004060157667999366,-0.06896545832056322
2023-10-03,-0.009523439620675497,0.0023914538570224825,-0.011914893477697988,0.03286038739056706
2023-10-04,-0.0044883046209430125,-0.0033716656967432077,-0.0011166389241998032,-0.05949889093827556
2023-10-05,0.002333514761882267,-0.0004827324473403137,0.002816247209222582,-0.029075046439904717
2023-10-06,-0.004191041738472068,0.00027401634474873756,-0.004465058083220806,-0.11517570914518825
2023-10-09,-0.0019020140403794006,0.005832043242200893,-0.007734057282580295,0.03581112306513486
2023-10-10,-0.009798291753644895,0.00033764797617137285,-0.01013593972981627,-0.013330708735820545
2023-10-11,0.0031421929042611124,-0.0015299316362612017,0.004672124540522312,0.02326701359390419
2023-10-12,-0.0009724309548550285,-0.0020256358811005983,0.0010532049262455697,0.039860605873468034
2023-10-13,0.001697056941470419,-0.0018254282300820663,0.003522485171552484,-0.15673333838932443
2023-10-16,0.0028740163340588757,0.0015983143692419703,0.0012757019648169075,-0.10625554595082744
2023-10-17,-0.012192919974178318,-0.0071543763615038655,-0.005038543612674459,-0.030759380179023858
2023-10-18,-0.009640731892705768,-0.004511376801069621,-0.005129355091636149,-0.10453710855871585
2023-10-19,-0.0024812697376857796,-0.0014600820499555012,-0.0010211876877302805,0.06229063248960004
2023-10-20,-0.008726871826218272,-0.002041940574034739,-0.006684931252183529,0.031815123049529805
2023-10-23,0.00741284280576051,-0.0005699361586275487,0.007982778964388058,-0.05956583332099808
2023-10-24,0.002618157125081045,0.001430714396780046,0.0011874427283009997,0.05848754587188472
2023-10-25,-0.004334051990886639,0.0032878706904685417,-0.007621922681355184,0.04252603802079838
2023-10-26,0.004661127015822745,0.001251666863154012,0.003409460152668733,-0.05688236381087585
2023-10-27,0.0035349650257062108,0.000504264045484662,0.0030307009802215505,-0.10929470767061958
2023-10-30,-0.00459555534857417,-0.0028082253605795113,-0.0017873299879946592,0.03508061606321503
2023-10-31,-0.009486952378423364,-0.004355905308863478,-0.005131047069559885,0.03270831586862373
2023-11-01,0.0025681936560543192,-0.001007962769269264,0.0035761564253235824,0.10585429348946626
2023-11-02,0.0021644199759193123,0.001251337066153054,0.0009130829097662573,0.1989984952201513
2023-11-03,0.007351445510213869,0.0009914092348677107,0.006360036275346162,0.1932832616256834
2023-11-06,0.015109863859058504,0.0029131619624714004,0.012196701896587107,-0.0929684175992768
2023-11-07,0.02057368288290123,0.0028933511677684508,0.017680331715132783,-0.06346483920810977
2023-11-08,-0.006639892339603565,-0.0005337816018017999,-0.0061061107378017655,0.03397525494287362
2023-11-09,-0.004238829471989462,-0.0005210525396455758,-0.003717776932343892,0.08173109872503906
2023-11-10,0.002253297446264035,0.0009420087792214333,0.0013112886670426024,0.19004353837234728
2023-11-13,0.00669415110919928,0.0020659568433236304,0.00462819426587565,0.11683609934425664
2023-11-14,0.01430805722305277,0.005422136125068795,0.008885921097983975,-9.814809933049512e-05
2023-11-15,0.00919013099806085,0.0029138489830220467,0.006276282015038801,0.07026657039896458
2023-11-16,-6.800104867850463e-06,0.002819628502205667,-0.0028264286070735153,-0.10879689537346648
2023-11-17,0.004813457028782881,0.0011830645375843938,0.003630392491198486,-0.09391927238086815
2023-11-20,-0.0072735707758895774,-0.0019396302525745406,-0.005333940523315038,-0.07061903180470817
2023-11-21,-0.006456897181930427,-0.0024974445289397615,-0.003959452652990664,-0.04682317548511399
2023-11-22,-0.0048645692360025075,-0.0019659092200315633,-0.002898660015970945,-0.05721480788926027
2023-11-23,-0.003292290572306281,-0.001353878678389972,-0.00193841189391631,0.1491691563124709
2023-11-24,-0.003811703843423655,0.0003167935273254083,-0.004128497370749062,0.05270072859584138
2023-11-27,0.009916322896303204,0.00311957332560542,0.006796749570697785,-0.13855682172088768
2023-11-28,0.003336227000653222,0.0007759878526824712,0.002560239147970751,0.06893219996515482
2023-11-29,-0.009515224810131725,-0.0030746167579714014,-0.006440608052160323,-0.01000183981566293
2023-11-30,0.0048816883527469076,0.0013192783356915788,0.0035624100170553313,0.012310602424899656
2023-12-01,-0.0006824467388749592,0.00019601086619032773,-0.0008784576050652887,0.18912318871405004
2023-12-04,0.0009156302071824524,2.091586994993483e-06,0.0009135386201874623,0.019991594015293636
2023-12-05,0.01415575480070533,0.0034191573474929363,0.010736597453212392,-0.08240043381043496
2023-12-06,0.0015469856201690306,-0.0010496392281564397,0.002596624848325471,-0.03198476997445276
2023-12-07,-0.005465484035178415,-0.0023914856218909862,-0.003073998413287431,-0.11872459784418618
2023-12-08,-0.0021670709124194947,-0.0024681801082598685,0.0003011091958403742,0.13455133650850495
2023-12-11,-0.007315728590406793,-0.002672353058992147,-0.0046433755314146475,0.09629038166265583
2023-12-12,0.011866926834452892,0.0016580003870698967,0.010208926447382999,0.17991274620149214
2023-12-13,0.006472015208737232,0.00237984527164071,0.0040921699370965224,-0.12627079959750226
2023-12-14,0.012729926146415186,0.004083165558871836,0.00864676058754335,0.03617584022344335
2023-12-15,-0.007842895606380084,-0.00266124665579615,-0.005181648950583933,0.10501114188838342
2023-12-18,0.0022103723978574913,-0.0007711645144122953,0.0029815369122697874,0.18432094040133523
2023-12-19,0.006493932750429669,0.0024060759855987386,0.00408785676483093,-0.03997342134216872
2023-12-20,0.012857105257295255,0.003241239408081409,0.009615865849213846,0.24723268627357692
2023-12-21,-0.0028199477251324885,-0.001689100135379807,-0.0011308475897526815,0.1617681794101266
2023-12-22,0.019868074741281463,0.007692280674860299,0.01217579406642117,-0.27398542394686015
2023-12-25,0.012471197633953261,0.0039047168898003267,0.008566480744152935,-0.13650668901669744
2023-12-26,-0.018677419598228422,-0.005669123139584693,-0.013008296458643726,-0.24238096509337886
2023-12-27,-0.00817898831199934,-0.0015431332699347435,-0.006635855042064597,0.12751897002206883
2023-12-28,-0.013762522777703942,-0.005937372791931525,-0.007825149985772417,0.12476434999778127
2023-12-29,0.00886174889336437,0.0020973741937970573,0.006764374699567307,-0.3827482095843228
2024-01-01,0.007795825260315191,0.0008988336553378501,0.006896991604977342,-0.04645930215526184
2024-01-02,-0.02245178968807527,-0.006638563209815089,-0.015813226478260188,-0.07964459351184597
2024-01-03,-0.0025109713399486012,-0.0005216483207453565,-0.001989323019203245,0.17335862956153794
2024-01-04,-0.004025354792487931,-0.001567876922738829,-0.002457477869749102,0.0008541270781913269
2024-01-05,0.00992677065456553,0.0049851431910585275,0.004941627463507002,0.03567859816613149
2024-01-08,3.607051046150577e-05,0.0020976406679136467,-0.002061570157452141,0.06641341657361485
2024-01-09,0.002147049265930366,0.004006113218375134,-0.001859063952444768,0.08750376421143682
2024-01-10,0.003720249077007417,0.0027205811594385133,0.0009996679175689038,-0.1180103555619024
2024-01-11,0.004795992874774238,0.001228135779797797,0.00356785709497644,0.22123369818748329
2024-01-12,-0.00785594800945502,-0.001961263580235734,-0.005894684429219288,-0.244923934708185
2024-01-15,0.01691823337489448,0.004078337905566085,0.012839895469328396,-0.2345338175341398
2024-01-16,-0.02151589860522712,-0.01238144942642413,-0.009134449178802993,-0.03147548864674314
2024-01-17,-0.015097591445894823,-0.0035906323430870794,-0.011506959102807742,-0.12661122060496963
2024-01-18,-0.001712324545826126,-0.00012356671895314732,-0.0015887578268729795,-0.049472381425120456
2024-01-19,-0.008451722325479614,-0.0039100825968922635,-0.00454163972858735,-0.1619761583342643
2024-01-22,-0.003108892857974212,0.0012159022349595078,-0.00432479509293372,-0.06982995486565892
2024-01-23,-0.009668062807932472,-0.002367954684604911,-0.007300108123327561,0.10640277820226872
2024-01-24,-0.004379765640483762,-0.004231213461671074,-0.00014855217881269006,-0.08253652955146468
2024-01-25,0.007961519217993776,0.004278693895895475,0.0036828253220983,-0.05920966388176562
2024-01-26,-0.0059518853957881285,-0.00047652317203338533,-0.005475362223754743,-0.04199569677704007
2024-01-29,-0.0043031411922230915,-0.0056167746403457605,0.001313633448122669,-0.013384461967901317
2024-01-30,-0.002739696086120966,0.0044053121702974825,-0.007145008256418447,-0.02290765714820858
2024-01-31,-0.000851440345346605,0.001107477024513432,-0.0019589173698600377,0.03329711790088981
2024-02-01,-0.0016117008500841764,0.004370728223183384,-0.00598242907326756,0.02408704489279769
2024-02-02,0.002282408445292988,-0.0010774351426091609,0.0033598435879021488,0.058195453826037434
2024-02-05,0.0014758707833752273,-0.0006465212256661149,0.002122392009041342,0.014769643106640706
2024-02-06,0.0033455741551272292,0.0018434424782462593,0.00150213167688097,0.02748885688142287
2024-02-07,0.0010318402117260156,-0.0017427796771103104,0.0027746198888363265,0.041040373923915546
2024-02-08,0.0022751145129422355,-0.005275742025031619,0.007550856537973858,0.09962002775561002
2024-02-09,0.002916286435129616,-0.0004679939798169575,0.003384280414946573,-0.1444538007263176
2024-02-12,0.00702783201723728,0.00616347087773019,0.0008643611395070909,-0.07843655843929105
2024-02-13,-0.008960227591328971,-0.0010744162419922577,-0.007885811349336712,0.10042419155083103
2024-02-14,-0.005216080899220541,0.0026900302784810745,-0.007906111177701618,-0.004088795122234723
2024-02-15,0.006328560879610655,0.0011527691227633955,0.005175791756847259,-0.02710126539388922
2024-02-16,-0.00025225672422441565,-0.002322525273921925,0.002070268549697509,-0.048263991990703
2024-02-19,-0.0014412001333595958,-0.0006319911135703607,-0.0008092090197892345,0.17301555407050673
2024-02-20,-0.0030169711349838694,-0.000824701326639336,-0.002192269808344532,-0.09133778916508978
2024-02-21,0.011333249469641898,0.0013711436178308022,0.009962105851811094,0.008345589154385847
2024-02-22,-0.005476863966923174,-0.0029672500700333518,-0.00250961389688982,-0.00018436657123858496
2024-02-23,0.0004469327289245678,-0.0007788926211954798,0.0012258253501200482,0.1254565296527354
2024-02-26,-9.201141980692742e-06,0.0008770939537437808,-0.0008862950957244744,0.11251809227774666
2024-02-27,0.00663241644679303,0.0019220074366635984,0.0047104090101294325,0.24741073259602453
2024-02-28,0.0071072675237468155,0.003167236671985516,0.003940030851761299,0.12383115004854053
2024-02-29,0.016222928826329506,0.002983161264527497,0.013239767561802009,0.2902642401171795
2024-03-01,0.008760726428881318,0.003951563776305175,0.004809162652576146,-0.05121478635659214
2024-03-04,0.020095028925757027,0.005483606500885624,0.014611422424871404,0.061361202125336675
2024-03-05,-0.002669666618783285,-0.0020519529817227804,-0.0006177136370605048,0.02531752677619264
2024-03-06,0.0035682163209792717,0.00033709908813637016,0.0032311172328429016,-0.11921497040729864
2024-03-07,0.0014238565605970259,0.0008193660382464288,0.000604490522350596,0.317382165049435
2024-03-08,-0.006906629303545366,-0.0026804083555974113,-0.004226220947947955,-0.07404760414843488
2024-03-11,0.01722397542896675,0.006743974615501174,0.010480000813465576,0.2235992312309201
2024-03-12,-0.0035610001183202485,-0.0012658127562653412,-0.002295187362054907,0.2309038081652701
2024-03-13,0.012989827547951922,0.004479928762495039,0.008509898785456882,0.21868031062211793
2024-03-14,0.012066888095494683,0.007637301331859442,0.004429586763635224,-0.23518399610637197
2024-03-15,0.02644670102554579,0.013145850507805942,0.013300850517739847,-0.11840485195994335
2024-03-18,-0.017154926125340208,-0.006995759368967711,-0.01015916675637249,-0.17368264483436055
2024-03-19,-0.007020896234476383,-0.0018006232327542442,-0.005220273001722141,0.003187213309115133
2024-03-20,-0.011703564468229136,-0.00483249972766819,-0.006871064740560949,0.05233560893975114
2024-03-21,0.00017256079174121294,0.0002650754729814596,-9.251468124024664e-05,0.2363130603271924
2024-03-22,0.003068981522292306,0.0017395724898751066,0.0013294090324171993,0.043112582466034444
2024-03-25,0.012428140591354471,0.005290897339418062,0.007137243251936407,-0.11462162386497837
2024-03-26,0.0022907453923385643,-0.0011843153506417097,0.003475060742980274,-0.15503642542359927
2024-03-27,-0.006890304664320354,-0.003402111013919143,-0.0034881936504012117,0.21917396602963046
2024-03-28,-0.00982697344331199,-0.0029481293867615627,-0.006878844056550426,-0.257872658941538
2024-03-29,0.014459526507541889,0.005196641412669779,0.009262885094872109,0.2751610325199894
2024-04-01,-0.017398653215306415,-0.0068134321018049225,-0.010585221113501492,-0.10373316356781791
2024-04-02,0.017352517643462486,0.006654665962955027,0.010697851680507457,0.050653173500171456
2024-04-03,-0.006314301619732318,-0.003257042502236171,-0.0030572591174961483,-0.06152739283624579
2024-04-04,0.0038873844880034573,0.003267994642270275,0.0006193898457331811,-0.07615400663144502
2024-04-05,-0.004291546296878436,-0.0038164316913485894,-0.00047511460552984676,-0.32295896112882533
2024-04-08,-0.005346415218455925,-0.0027825689147926618,-0.0025638463036632645,-0.06605595454157004
2024-04-09,-0.019423363356049893,-0.007440389158529924,-0.011982974197519973,-0.06982631050347396
2024-04-10,-0.0033457174903539534,-0.0021251610387841785,-0.0012205564515697757,0.20113847207252677
2024-04-11,-0.0036944121977752166,-0.0037027738593237696,8.361661548552182e-06,-0.13019129902120263
2024-04-12,0.01014546631825811,0.003314539211475842,0.006830927106782264,0.030133994698828916
2024-04-15,-0.006830764266866858,-0.002454092717799377,-0.004376671549067483,-0.16662487755025768
2024-04-16,0.0015803113764224072,0.0011586406990961894,0.0004216706773262173,0.15238641016684987
2024-04-17,-0.007641053232745663,-0.0019421704884171392,-0.005698882744328525,0.015209232982518717
2024-04-18,0.008093180889252998,0.0025614524207980306,0.005531728468454969,0.028850299601166425
2024-04-19,0.0007833208008083079,0.0011907224653074167,-0.0004074016644991093,-0.054850957140641365
2024-04-22,0.0016644831629949249,0.00010420968189162917,0.0015602734811032935,0.07377097286593451
2024-04-23,-0.003119202577738736,-0.002037668154824199,-0.001081534422914537,0.049008313287810974
2024-04-24,0.0038300269870501892,0.0015137505955425993,0.0023162763915075897,0.10151371207912355
2024-04-25,0.002566996871607891,0.0016424944622956024,0.0009245024093122861,-0.10894820870364591
2024-04-26,0.00573998516528752,0.002039603255639351,0.0037003819096481684,0.11329299960770614
2024-04-29,-0.005890720684291094,-0.0031764723167942103,-0.002714248367496881,-0.01639360243364788
2024-04-30,0.0064525720020692685,0.002122712329682213,0.004329859672387056,-0.1627561060530272
2024-05-01,-0.0009053242050971494,-0.0006586260783291967,-0.00024669812676795253,0.11233618774753441
2024-05-02,-0.010291423297524046,-0.0031234685572828474,-0.007167954740241199,0.0502028833315187
2024-05-03,0.006638058352681689,0.002521405914918399,0.004116652437763291,0.016734190449156083
2024-05-06,0.00296714716613122,0.0021503237178558763,0.0008168234482753434,-0.1776154401504357
2024-05-07,0.0008749108690117708,-0.0009098474233812937,0.0017847582923930638,0.08201422876280108
2024-05-08,-0.010178193580334166,-0.0029797937352632384,-0.007198399845070928,-0.043904970910944564
2024-05-09,0.004709205504783254,0.0007664909214864713,0.003942714583296783,0.11936941014688059
2024-05-10,-0.0023966619266361545,-0.0004537361978996235,-0.0019429257287365328,0.05932885761689557
2024-05-13,0.006520691824436679,0.0018995733735240978,0.004621118450912582,0.03715739857757495
2024-05-14,0.0027454651570820096,0.0016142118837221614,0.0011312532733598482,0.010971437814354739
2024-05-15,0.0019264072396688275,0.0005921416610020157,0.0013342655786668133,0.005160752100208081
2024-05-16,0.0006952744304844073,-0.0015025895376615354,0.0021978639681459362,-0.013630460703382802
2024-05-17,0.0002756408550158786,0.002031561278172572,-0.001755920423156694,-0.09693462025956737
2024-05-20,-0.0007169745485465025,-0.0015078827452370185,0.0007909081966905165,0.12034227341231624
2024-05-21,-0.005036896080780706,-0.001983642884579183,-0.0030532531962015235,0.08404335374948131
2024-05-22,0.006923025281620404,0.001718245350209013,0.005204779931411394,-0.09774439543754718
2024-05-23,0.004888243487727341,0.0010618339856437531,0.0038264095020835885,-0.13315293627894423
2024-05-24,-0.0055228003556901765,-0.000880029313288018,-0.004642771042402159,-0.028326131819741286
2024-05-27,-0.008185236405159597,-0.002336024805926505,-0.005849211599233094,0.06801904794076039
2024-05-28,-0.001503952288906916,0.0005715024502828906,-0.002075454739189809,-0.0290818304072339
2024-05-29,0.003362891678824681,0.002162402512902081,0.0012004891659225998,-0.06968104490876824
2024-05-30,-0.0013702908838469133,-0.00023481760004768907,-0.0011354732837992243,-0.023655569116168725
2024-05-31,-0.0035491256246300415,-9.42804954216208e-05,-0.00345484512920842,0.07887107284772364
2024-06-03,-0.00127790361869759,-0.001441075213177774,0.0001631715944801844,-0.0025578820058211947
2024-06-04,0.004500997105081959,-0.00035267796813009435,0.0048536750732120545,0.08150292533372074
2024-06-05,-0.00012403655666811856,2.8725510047653696e-06,-0.0001269091076728842,0.0019946467681183112
2024-06-06,0.004123184020899139,0.00207884812684852,0.0020443358940506196,0.0796152799438411
2024-06-07,0.00010193924307187957,0.0008936666657852876,-0.0007917274227134076,0.07537349964861657
2024-06-10,0.0040864691435900345,0.004123351802779033,-3.6882659188997025e-05,0.10582990311046755
2024-06-11,0.003637107807534791,0.000775026127882061,0.0028620816796527285,-0.03398302014207129
2024-06-12,0.005514099033490668,0.0014365559751748618,0.0040775430583158065,-0.01333819160955766
2024-06-13,-0.0019570769810385415,0.0004938950948232251,-0.0024509720758617657,0.003865076085605172
2024-06-14,-0.0008010131457802617,-0.002114339863601168,0.0013133267178209063,-0.08459745444917191
2024-06-17,0.0002573704064638602,0.0025562243950878897,-0.002298853988624029,0.005903956733856872
2024-06-18,-0.004546013778448391,-0.0027455836713062634,-0.001800430107142125,-0.006301191953797889
2024-06-19,0.0002826312457623637,0.002506360597582022,-0.0022237293518196583,0.06601398864088878
2024-06-20,-0.0002947868737410694,-0.00015341355103496161,-0.0001413733227061079,0.1276822623055931
2024-06-21,0.003994984523453392,0.0017472209351732278,0.0022477635882801623,0.0437678783786064
2024-06-24,0.008546758744445597,0.0040977208883509865,0.004449037856094611,-0.03696064637922171
2024-06-25,0.0025259695274023105,0.00068299287836789,0.0018429766490344205,-0.004771472057059336
2024-06-26,-0.0019167409533635896,0.00019036039662986316,-0.0021071013499934527,-0.09330035933205968
2024-06-27,-0.0002497132170524221,-0.00042172691724797824,0.00017201370019555583,0.04449559900502898
2024-06-28,-0.005569083040995973,-0.0007638480302358643,-0.0048052350107601095,0.06477374775795364
2024-07-01,0.002732503939996289,0.003144568421611893,-0.0004120644816156039,-0.08997275207073258
2024-07-02,0.0036371868292483737,-0.0011041993066416384,0.004741386135890012,0.05917688045939033
2024-07-03,-0.005007265148960915,-0.0019057683567429897,-0.0031014967922179254,-0.09895838973313706
2024-07-04,0.0032814439325377755,-0.00027307950424573183,0.0035545234367835073,-0.07699028199585446
2024-07-05,-0.005042436194646584,-0.0017817415743445562,-0.0032606946203020282,-0.07149263761942207
2024-07-08,-0.0037130283233821493,-0.0017581818001247912,-0.001954846523257358,0.038871160778030454
2024-07-09,-0.00377162348900981,-0.0013339900409063054,-0.0024376334481035046,-0.017132047104228356
2024-07-10,0.002119052394979998,-0.000693584074841906,0.0028126364698219035,-0.07236322755698579
2024-07-11,-0.0009546266281760216,-0.0003320223474008074,-0.000622604280775214,0.010914222740781262
2024-07-12,-0.004277953485879781,-0.0005174339762649451,-0.003760519509614837,0.007224620981249589
2024-07-15,0.0006053072687281138,0.001226943266073197,-0.0006216359973450836,-0.13723182249231494
2024-07-16,0.00047581068877175026,0.003931561999698541,-0.0034557513109267895,0.005478500828108908
2024-07-17,-0.008449867778233422,-0.004300779761776695,-0.004149088016456725,-0.1492780384009339
2024-07-18,0.0003022178726927952,0.0021883828721900207,-0.0018861649994972272,0.0028535982369995586
2024-07-19,-0.009610610359841457,-0.00200437755532735,-0.007606232804514107,0.10777066184475145
2024-07-22,0.00019139519632648482,-0.001369280029851293,0.001560675226177778,0.04825430765874123
2024-07-23,0.006644777912082095,0.0015298006011097813,0.0051149773109723145,0.01342548778436055
2024-07-24,0.0029551335165793865,-0.001041177621245918,0.003996311137825305,-0.021065189181632794
2024-07-25,0.0007478568687037026,0.0030256262023100073,-0.002277769333606303,0.03873574674112222
2024-07-26,-0.001355699233677505,0.002077723464452024,-0.0034334226981295284,0.014714523814419074
2024-07-29,0.0024568523625909874,-0.0006699242420579515,0.003126776604648938,0.08529025169507905
2024-07-30,0.0009873808123743839,0.0003277307951431649,0.0006596500172312177,-0.03970187961390906
2024-07-31,0.005813106801006102,0.008135508995480992,-0.0023224021944748896,-0.013302633031933494
2024-08-01,-0.002703701017455902,0.000730112106480312,-0.003433813123936214,0.021657255725709326
2024-08-02,-0.0009321282903568133,0.0011067429582602914,-0.0020388712486171037,0.0898012152592032
2024-08-05,0.001636207132297761,-0.0054998501522385765,0.007136057284536337,0.011864289621791035
2024-08-06,0.0059999184365363495,0.0016524337871943531,0.0043474846493419955,0.06062048125968766
2024-08-07,0.000838172358130199,-0.006617710628901943,0.0074558829870321405,-0.06446689611944882
2024-08-08,0.003351087651256829,0.0051789572328321785,-0.0018278695815753497,0.13186874031179266
2024-08-09,-0.004070374672662306,-0.0036220227614911817,-0.0004483519111711243,0.014262643929547732
2024-08-12,0.008478543907548588,0.0014251952065658787,0.00705334870098271,-0.04551905978603924
2024-08-13,0.0007850276297404358,0.0011627641224975344,-0.00037773649275709906,-0.12238628522451321
2024-08-14,-0.002795048717912915,0.002975455949001402,-0.005770504666914316,0.06495625742369232
2024-08-15,-0.0076443138474604376,-0.003947314309132117,-0.0036969995383283197,-0.003539515224062401
2024-08-16,0.003748411001024811,0.0003069052165407158,0.0034415057844840945,-0.026185954865022697
2024-08-19,-0.0002298852151452935,0.001356697821100936,-0.001586583036246229,-0.11246993976068921
2024-08-20,-0.0018042908994246698,-5.786854087815995e-05,-0.0017464223585465107,0.09408930605506792
2024-08-21,-0.007255528852988737,-0.0035274130237794507,-0.003728115829209285,-0.11912834280008745
2024-08-22,0.0064769882148337675,0.0016115265442861108,0.004865461670547656,0.1231270163696299
2024-08-23,-0.007688595717279035,-0.002624794325182657,-0.005063801392096376,-0.04981353107283655
2024-08-26,0.008655288713093148,0.0031137984554698937,0.005541490257623254,-0.03278250738859256
2024-08-27,-0.002969025940411977,-0.0011113566371070485,-0.001857669303304929,0.1533222064234968
2024-08-28,-0.0019300055778548337,0.00024838187218133474,-0.002178387450036169,-0.006723489755073486
2024-08-29,0.010276743897577476,0.0008591931833843245,0.00941755071419315,-0.06668805728656534
2024-08-30,-0.00039631337076493126,0.001372251951201645,-0.0017685653219665764,-0.17011206161248504
2024-09-02,-0.003949128319411064,-0.001404107733177448,-0.0025450205862336175,0.22246610857091023
2024-09-03,-0.012492638013143976,-0.00438034229576761,-0.008112295717376367,-0.09633866127253347
2024-09-04,0.016628106922754606,0.004519316187006856,0.012108790735747747,0.05289720064454315
2024-09-05,-0.006574185938447952,-0.0030997254459522823,-0.003474460492495669,-0.058046040705377284
2024-09-06,0.003848327763692563,-0.0015591368858261252,0.005407464649518691,0.1311586558480042
2024-09-09,-0.0032167436364763883,0.0001068682109431271,-0.003323611847419517,0.17139013351322632
2024-09-10,0.006944480475012761,0.0024645676719648596,0.004479912803047903,0.03685325342081383
2024-09-11,0.011624254484875087,0.0006072489709948586,0.011017005513880226,0.021085612805555713
2024-09-12,0.0021489047320218495,0.0025843186226105486,-0.0004354138905887008,0.0005998357029637384
2024-09-13,0.0010693237107052718,0.002134594228788365,-0.0010652705180830904,0.11272120021053364
2024-09-16,3.459895351314734e-05,-0.0022632487890036123,0.0022978477425167586,-0.08968328556609081
2024-09-17,0.006794995461240849,0.002977426916028474,0.003817568545212375,-0.026106739491671357
2024-09-18,-0.005831893034763937,0.0006172190003053725,-0.00644911203506931,-0.014393159186251966
2024-09-19,-0.0015841792484911122,0.0028168533444420827,-0.004401032592933194,-0.04325440448967363
2024-09-20,-0.0008770689831999097,-0.0011413245102974406,0.00026425552709753134,0.10929953396901532
2024-09-23,-0.0026184397316807544,0.0038700883875845207,-0.006488528119265273,-0.1212889411507591
2024-09-24,0.007213033565929475,0.0019536061289539552,0.0052594274369755206,0.05708487821952468
2024-09-25,-0.008133269607558278,-0.0062860271788930545,-0.0018472424286652255,0.09675100127383497
2024-09-26,0.003515348967358645,0.0012826036577492875,0.0022327453096093585,0.0715510256616732
2024-09-27,0.005912969102907967,0.0006321078726157963,0.005280861230292171,-0.0021321554956706527
2024-09-30,0.004068948175297126,0.002802250551969457,0.0012666976233276697,0.20467772579473306
2024-10-01,-0.00013532231466686928,0.0023499079012404543,-0.0024852302159073226,0.07186255859194249
2024-10-02,0.012880018658087095,0.006825074299329521,0.006054944358757576,-0.024845664620643606
2024-10-03,0.004382890538288539,0.0009452952915527625,0.0034375952467357775,0.20175715816008538
2024-10-04,-0.001431694653164217,-0.0010837582004976502,-0.00034793645266656664,-0.02267141981368211
2024-10-07,0.011599471195966032,0.003442306385900358,0.008157164810065672,0.10744530057428908
2024-10-08,-0.001419675361354047,0.00263536362430062,-0.004055038985654666,-0.04088443511227868
2024-10-09,0.006637684551666769,0.0011857203637924661,0.005451964187874304,-0.02804391176435495
2024-10-10,-0.0027984601695363394,0.001624423530246469,-0.004422883699782809,0.10525925169023065
2024-10-11,-0.001881344937405381,-0.0031575521634114954,0.0012762072260061146,0.08648516860555372
2024-10-14,0.007214945568343938,0.004785848291346133,0.0024290972769978065,-0.0232029548607546
2024-10-15,0.005191611919525272,0.002262616706233914,0.0029289952132913587,-0.10938673552555883
2024-10-16,-0.0016578590554039976,-0.004066054544571603,0.002408195489167604,-0.040960468625025725
2024-10-17,-0.007662456076516682,-0.004877010765223731,-0.0027854453112929525,-0.010884846134450636
2024-10-18,-0.0022342229710239185,0.0020471305980465353,-0.004281353569070456,0.056555221695561674
2024-10-21,-0.0006985246779195645,0.00014935305220682726,-0.0008478777301263913,-0.017428821037878888
2024-10-22,0.003053135403271406,0.0011573179914938123,0.0018958174117775944,-0.053763156365319746
2024-10-23,-0.000877714922414009,0.0003923483406528313,-0.0012700632630668427,0.08280121120386923
2024-10-24,-0.003177117549326829,-0.0007926676804607983,-0.0023844498688660306,0.02858246895545351
2024-10-25,0.004311321485262207,0.0019182974781493578,0.0023930240071128477,0.0013599482427291219
2024-10-28,0.0017865932704279612,-0.0015750152308519321,0.0033616085012798946,-0.17414519556433206
2024-10-29,7.649475728180224e-05,-0.0004590488635815935,0.0005355436208633966,-0.12251979538721926
2024-10-30,-0.01033372156258127,-0.003929301424233894,-0.00640442013834738,-0.012382869925516665
2024-10-31,-0.007416195805588789,0.00038740977509055946,-0.0078036055806793465,0.08206423191697779
2024-11-01,-0.0007255329362999881,0.00013101570799362895,-0.0008565486442936162,-0.02336274325414926
2024-11-04,0.004508357648882281,0.0032059381066908595,0.0013024195421914224,-0.13841652702342525
2024-11-05,-0.0015112335790847013,-0.0018048112940292974,0.00029357771494459804,-0.012080814645948054
2024-11-06,-0.009032378654218935,-0.0023757692401242367,-0.006656609414094699,0.14500969825345916
2024-11-07,-0.0007696863531848748,-0.0009321391478013495,0.00016245279461647483,0.11876824828884677
2024-11-08,0.009527735914510393,0.0015920909142724243,0.007935645000237971,0.10745776454627799
2024-11-11,0.007539138121524595,0.005535532145463356,0.0020036059760612374,-0.13303289855117204
2024-11-12,0.005929010500054552,0.0010017273844965637,0.004927283115557988,0.032248412099847794
2024-11-13,-0.006661218462766015,-0.0027855477775315367,-0.003875670685234478,0.08881573611851472
2024-11-14,0.0019205560810765677,0.004056492159155932,-0.002135936078079362,-0.07963131398852202
2024-11-15,0.005127395680428156,0.0025291794783357836,0.002598216202092372,-0.07134676656888916
2024-11-18,-0.004250219551014199,0.0012063330895610742,-0.005456552640575273,-0.0897311710493432
2024-11-19,-0.0036359129236172997,-0.0008190771122914718,-0.0028168358113258287,0.027719545092293976
2024-11-20,-0.004889404201962384,-0.0006076502826472374,-0.004281753919315146,0.02740968436660752
2024-11-21,0.0017140303499849272,0.0010807896509810021,0.0006332406990039244,-0.0001590961698679319
2024-11-22,0.0015533888243871668,0.001095467096504712,0.0004579217278824544,-0.08226896416750715
2024-11-25,-9.169499771411165e-06,6.622634881356154e-05,-7.539584858497184e-05,-0.08422493646991203
2024-11-26,-0.005753765237614233,-0.0014773197156434867,-0.004276445521970748,-0.020923311878242642
2024-11-27,-0.005057323057334091,-0.0012180680243317338,-0.0038392550330023575,-0.1168922157564044
2024-11-28,-0.0013398333736095013,0.002730760648274524,-0.004070594021884025,-0.09953329530605318
2024-11-29,-0.007841146449826707,-0.002008509586570827,-0.005832636863255882,-0.0495997281451601
2024-12-02,-0.006542953722644503,-0.0005475548451407391,-0.005995398877503761,0.035339958447093194
2024-12-03,-0.004387510763162253,0.003717617231292124,-0.00810512799445438,0.06527635345602782
2024-12-04,0.002896594444460052,-0.005227363897318095,0.00812395834177815,0.08631572630082042
2024-12-05,0.0049627674438996044,0.002525041099269207,0.0024377263446303983,0.029622628477000493
2024-12-06,0.006729565189028076,0.00010441061460242287,0.006625154574425651,-0.01310852750306854
2024-12-09,0.002204199009049341,-0.0016998583900995892,0.0039040573991489342,0.08398549991732814
2024-12-10,-0.0009494289139130854,-0.003520147246633191,0.0025707183327201063,0.03247238183961507
2024-12-11,0.005473630073291527,-0.003444572488460496,0.008918202561752023,-0.050012094483086925
2024-12-12,0.0021268210592464048,0.0011351034622453827,0.0009917175970010224,0.03995984187231158
2024-12-13,-0.003170434594291243,0.0005539043044443838,-0.0037243388987356282,0.06506824646773211
2024-12-16,0.0024648839039414032,0.006580489622376643,-0.0041156057184352415,0.10774791828747786
2024-12-17,0.005446664101384543,-0.0013635712681143632,0.006810235369498903,0.060356291857731795
2024-12-18,0.007094355810054123,0.00622712103857602,0.0008672347714781033,0.09442640809077735
2024-12-19,0.004504053363905332,0.001688571724395773,0.002815481639509559,-0.042167362492129434
2024-12-20,0.007516970041518733,0.001097894399843937,0.006419075641674798,-0.22594224381128644
2024-12-23,-0.0031576983332699416,-0.00421071651797722,0.0010530181847072783,-0.03775633962392707
2024-12-24,-0.018139624891582475,-0.01154555550108054,-0.00659406939050193,0.01711810974561082
2024-12-25,-0.00246272013364861,0.00559970493348641,-0.008062425067135021,-0.0382927855287524
2024-12-26,0.001178992792407725,-0.0017575683859701267,0.0029365611783778523,-0.03911612083152767
2024-12-27,-0.0026075840354714457,-0.004984661811379116,0.0023770777759076697,0.04376556739788164
2024-12-30,-0.0023275473372608175,-0.0025910130783368714,0.00026346574107605366,-0.0036212046632757224
2024-12-31,0.002694182841791515,0.005556391899981944,-0.002862209058190429,0.1366274160658189
2025-01-01,-0.00022087908863137508,-0.002371362238535555,0.00215048314990418,-0.011643193012601302
2025-01-02,0.007784694636418378,0.002400170956850056,0.005384523679568323,-0.04929497989498644
2025-01-03,-0.0007639906460295848,0.002199517845732733,-0.0029635084917623176,0.04401626062586326
2025-01-06,-0.0027040629790181293,-0.004407967313190273,0.001703904334172144,0.01300562476117064
2025-01-07,0.0033374397197251764,0.0037725542967033815,-0.00043511457697820513,0.015110903191581202
2025-01-08,0.000823708207030959,0.0026154059823835993,-0.0017916977753526398,0.07542989755782509
2025-01-09,0.0010043344558416426,0.0014269411142088146,-0.00042260665836717204,0.1836444048533532
2025-01-10,0.004460583603722336,0.003197114991547432,0.001263468612174903,0.1149318457250369
2025-01-13,0.015131015471184832,0.009461266578641372,0.005669748892543458,-0.03305445113326761
2025-01-14,0.009931611095367002,-0.000351050753924477,0.010282661849291483,-0.10009684325746145
2025-01-15,-0.0020220289167534504,0.00023935574166692158,-0.0022613846584203716,0.05779157955930061
2025-01-16,-0.006480433843063692,-0.0024378321013880256,-0.004042601741675667,0.057575823759820344
2025-01-17,0.0038275568196653037,-0.0002151480596380862,0.00404270487930339,-0.08792101787187068
2025-01-20,0.003769859540778409,0.0024409933417592036,0.0013288661990192054,0.10883032662680873
2025-01-21,-0.00521106088896046,-0.001858848162100588,-0.003352212726859873,0.07037732725531182
2025-01-22,0.006590423373515232,0.0038132789599962043,0.0027771444135190277,0.1509271814194255
2025-01-23,0.004525930276340375,0.0015188385734732682,0.003007091702867107,-0.1689609596163647
2025-01-24,0.0101882347784228,0.001120146437276863,0.009068088341145935,0.01305227265903229
2025-01-27,-0.010463101653777255,-0.007008248973143455,-0.0034548526806338006,-0.06617342274062293
2025-01-28,0.0008086116951456692,-0.003966269353780572,0.004774881048926243,0.034404080566764514
2025-01-29,-0.0041638392354193645,-3.170292749527133e-05,-0.004132136307924094,0.24714839552188367
2025-01-30,0.0021975636945019686,-0.0006041482373530319,0.002801711931854998,0.01775787596396763
2025-01-31,0.016436385974578034,0.009649282759703193,0.006787103214874843,
2025-02-03,0.0014041376876617385,0.0023831446315676977,-0.0009790069439059579,
