,ls_ret,long_excess_ret,short_excess_ret,ic
2017-01-02,-0.00822177460469264,-0.005388182930868695,-0.002833591673823946,-0.0041047663782788615
2017-01-03,0.009325650180249025,0.005933118510056557,0.003392531670192467,-0.08105055723133694
2017-01-04,-0.00020832960358518123,0.0009308735891937421,-0.0011392031927789236,-0.04617974646834427
2017-01-05,-0.004037077299316228,-0.0015692487599120748,-0.0024678285394041525,0.11705876307087816
2017-01-06,-0.0035572249977031596,-0.0028336192071161392,-0.0007236057905870286,0.004311132782729946
2017-01-09,0.006928990841509107,0.005501153777672381,0.0014278370638367253,-0.007583758043947261
2017-01-10,0.00022853800023736538,0.0013271515096190747,-0.0010986135093817104,0.004300369317742544
2017-01-11,-0.0004051349044264204,-1.6117391858502632e-05,-0.0003890175125679171,-0.03695057923951349
2017-01-12,0.0002236058845625985,0.0002113419519044269,1.2263932658171384e-05,-0.03295201579987117
2017-01-13,-0.0019145731860522844,-0.0012466345336264381,-0.0006679386524258485,0.04393108043114693
2017-01-16,-0.0016216887673719204,-0.0008841381226951496,-0.0007375506446767699,0.09360313066787902
2017-01-17,0.002384738298026395,0.001325961611008465,0.00105877668701793,-0.11359266734185601
2017-01-18,0.006102905228948921,0.005481054643921509,0.0006218505850274121,-0.12671602646595412
2017-01-19,-0.005473189118444776,-0.0031544686508895403,-0.0023187204675552365,0.09913549949786002
2017-01-20,-0.007376255075895887,-0.0016156488267281815,-0.0057606062491677035,0.03771928223475729
2017-01-23,0.00527385531164768,0.003899829431476515,0.0013740258801711643,0.029198933645160054
2017-01-24,0.0018486821557770633,0.0004321402749038056,0.0014165418808732583,-0.11304847283645493
2017-01-25,0.001392060265287157,0.0006166781926952788,0.0007753820725918759,0.10761708134534742
2017-01-26,-0.006559761412401486,-0.003363397275554985,-0.0031963641368465004,0.015300019662979784
2017-01-27,0.005146496793628908,0.003014846650227397,0.0021316501434015126,0.00463752768136718
2017-01-30,0.0008090402288899463,0.0010289215846647896,-0.00021988135577484264,-0.1047438140652597
2017-01-31,0.00023194226721877115,-1.5498385265197423e-05,0.0002474406524839677,-0.0054253397622502225
2017-02-01,-0.005211810490572287,-0.004200299738144495,-0.0010115107524277913,0.2259729704745318
2017-02-02,-0.0003461235275629129,-0.0025958736926101726,0.0022497501650472623,0.06967384393254747
2017-02-03,0.010653183696593557,0.006613826969500712,0.004039356727092849,0.23189118864178643
2017-02-06,0.0033063000327162757,0.0024446321595216047,0.0008616678731946711,0.08269992202128365
2017-02-07,0.011801666700735607,0.005476449901225141,0.006325216799510463,-0.03208934436548092
2017-02-08,0.0037015678542667105,0.0035859511989081126,0.00011561665535859793,0.0328991500096215
2017-02-09,-0.0016172491513135139,-0.0016250379449379163,7.788793624401331e-06,-0.04685077962733304
2017-02-10,0.0014624953320633819,0.001312518944576041,0.0001499763874873404,-0.002033506258083114
2017-02-13,-0.0021043600180700125,-0.0014752314214582897,-0.0006291285966117241,-0.058463092221689626
2017-02-14,-9.008691081912094e-05,-0.0007605149099716886,0.0006704279991525675,0.0320150703621402
2017-02-15,-0.0026870820282466077,-0.0029775704101732813,0.0002904883819266728,0.0499476957723784
2017-02-16,0.001131678227027913,0.0008971149554918342,0.00023456327153607848,0.06886582263378832
2017-02-17,0.0020076219431995066,0.0011764506536878945,0.0008311712895116112,-0.02528719158725388
2017-02-20,0.0032325304433026172,0.003351651349325184,-0.00011912090602256655,0.17416140378522155
2017-02-21,-0.0012282868755236823,-0.0008015413573041886,-0.00042674551821949257,0.14630501484497407
2017-02-22,0.0076420820453100965,0.00409573914348969,0.0035463429018204066,-0.05331374832371725
2017-02-23,0.00718497777912774,0.00606142133487084,0.001123556444256899,-0.02461088852589338
2017-02-24,-0.002861827796990176,-0.0014195413422188044,-0.0014422864547713726,0.1545747117278143
2017-02-27,-0.0012017296566455933,0.0002902000262734567,-0.00149192968291905,-0.003017711258571504
2017-02-28,0.007942457105513827,0.005307512215497725,0.002634944890016102,0.10419825387513917
2017-03-01,-0.00014861634483768566,-0.0006431860165690066,0.0004945696717313214,0.143015187595
2017-03-02,0.005015492209362881,0.003249749322271652,0.0017657428870912289,-0.10089737235821127
2017-03-03,0.007533914673764914,0.004394773955158091,0.0031391407186068237,0.1501580307464227
2017-03-06,-0.005644156174151194,-0.004330283406892211,-0.0013138727672589827,-0.08239436239037998
2017-03-07,0.006768692564133494,0.0052329423816074375,0.0015357501825260566,-0.25080003361069975
2017-03-08,-0.003856286031469967,-0.0033287724918720854,-0.000527513539597881,-0.006864069597512521
2017-03-09,-0.013254228660328026,-0.009009783270663645,-0.004244445389664379,-0.07539865263890909
2017-03-10,-0.00032865886374415336,0.0007597173629375429,-0.0010883762266816963,0.05463237852914422
2017-03-13,-0.003465228903599188,-0.0023616618390394513,-0.0011035670645597358,-0.1987156218879163
2017-03-14,0.0024974871023305746,0.001418534759692506,0.0010789523426380683,0.020455602793949746
2017-03-15,-0.010294751203417997,-0.00701248848995201,-0.0032822627134659887,-0.0804763283783282
2017-03-16,0.0010421021701128754,-0.0009718815354963109,0.0020139837056091857,-0.02590432160491182
2017-03-17,-0.00421560756598539,-0.0038598217801045064,-0.00035578578588088376,0.09388479117453372
2017-03-20,-0.001212473629044512,-7.149789977725166e-05,-0.0011409757292672607,-0.029777706557516357
2017-03-21,0.0039889635078183714,0.0015673799294511539,0.0024215835783672167,0.08707461278455242
2017-03-22,-0.0014276223978076951,-0.00018759845534625438,-0.0012400239424614412,-0.004332341746437451
2017-03-23,0.0037927373089048657,0.0021530290262398288,0.0016397082826650382,-0.04883347243340623
2017-03-24,-0.00020567502510516187,-0.00027150516119321157,6.583013608804991e-05,-0.04098092759318713
2017-03-27,-0.0026434557129196576,-0.0020514604844136556,-0.0005919952285060037,0.052761146633594075
2017-03-28,-0.002237647756125149,-0.0017993810369117732,-0.0004382667192133769,0.060398573449351865
2017-03-29,0.00248317217669166,0.001298815768718126,0.0011843564079735338,-0.01322436865678262
2017-03-30,0.0026983037693825702,0.001964611868185177,0.0007336919011973935,-0.043286463460744135
2017-03-31,-0.0007496184085101646,-0.0018943379725783784,0.0011447195640682147,-0.05882796418389813
2017-04-03,-0.0020128966044360916,-0.0012805229316199345,-0.0007323736728161572,-0.05702206102918917
2017-04-04,-0.0027167799408904752,-0.0015542948135342967,-0.001162485127356179,0.057435542581107564
2017-04-05,-0.003123781441374851,-0.003541920437902151,0.0004181389965273001,0.04836407531189093
2017-04-06,0.0026488925859534653,0.0016536071719526722,0.000995285414000794,0.03544564437519587
2017-04-07,0.0019947842921881147,0.001417489195627294,0.0005772950965608212,0.061382769485047894
2017-04-10,0.0015584455852959915,0.0003744282679433598,0.0011840173173526328,0.10224398037282645
2017-04-11,0.0022129630884301418,0.0015952756361250443,0.0006176874523050992,-0.04481011240714546
2017-04-12,0.004519157804431307,0.003562869444589706,0.0009562883598416023,-0.11465908952983982
2017-04-13,-0.0019399588448981465,-0.00265396270666085,0.000714003861762705,0.09038110199135765
2017-04-14,-0.00701837520891766,-0.00636966378334641,-0.0006487114255712516,0.1853406425591672
2017-04-17,0.0041742445268406515,0.0028314590940129777,0.0013427854328276739,0.007451608905831575
2017-04-18,0.008875191248235867,0.004506034970569244,0.004369156277666621,0.007777619854062637
2017-04-19,0.0003490229134492823,-0.0008582624661560134,0.0012072853796052975,0.08355383366750384
2017-04-20,0.0003909385874934462,-0.00021396157793045125,0.0006049001654238944,0.09692766396439043
2017-04-21,0.004021702904465729,0.003466807779695557,0.0005548951247701713,-0.007652413336578964
2017-04-24,0.004518764874445529,0.002676503487753607,0.001842261386691922,0.03302369856217352
2017-04-25,-0.00032051594797832383,-0.00037740683919576263,5.689089121743837e-05,0.05094300303728296
2017-04-26,0.0012978426144634638,0.0005709767075703955,0.0007268659068930677,0.18736337622321492
2017-04-27,0.0025746998651209464,0.0007816299819625738,0.0017930698831583722,-0.07147677002700414
2017-04-28,0.010548944958796932,0.00727953395197259,0.003269411006824342,-0.09121675139142205
2017-05-01,-0.00394029037039928,-0.0034527318934140247,-0.0004875584769852533,-0.07831647923600088
2017-05-02,-0.004961931020434542,-0.004259892861380803,-0.0007020381590537392,-0.1994896735330019
2017-05-03,-0.003808994234423458,-0.0017027750935111026,-0.002106219140912355,0.08229421402273183
2017-05-04,-0.013553326464979826,-0.009342986752588989,-0.004210339712390841,0.039828702894262
2017-05-05,0.005169201124371211,0.005272538542838887,-0.00010333741846767566,0.07469111989025863
2017-05-08,0.002012837798671144,0.0011784424650192911,0.0008343953336518529,-0.10966014710601962
2017-05-09,0.004090516697279827,0.0011412323841501766,0.002949284313129651,0.020771427785202586
2017-05-10,-0.005960365969135396,-0.003904226491354218,-0.0020561394777811777,-0.16701624984542762
2017-05-11,0.0010786699597614136,0.0013223727011327732,-0.00024370274137135942,0.10569972081580979
2017-05-12,-0.010116293356527296,-0.006049248698673983,-0.004067044657853314,0.06595149051710943
2017-05-15,0.005006119458465676,0.004503369610488819,0.0005027498479768591,-0.04976352749409776
2017-05-16,0.003565535548265428,0.002232836014822519,0.00133269953344291,0.0529234080659291
2017-05-17,-0.0021557892754933824,-0.0017373968187003796,-0.0004183924567930028,-0.07297845351675361
2017-05-18,0.002134488413060601,0.0016339119640449186,0.0005005764490156848,-0.23068723282914472
2017-05-19,-0.003905923492475986,-0.0024412408352325696,-0.0014646826572434178,0.0843685315453702
2017-05-22,-0.013411082889057246,-0.009922257130788887,-0.0034888257582683588,-0.011072186841241153
2017-05-23,0.004405175681764529,0.004359378857849686,4.579682391484506e-05,0.07452134349073421
2017-05-24,-0.0004853206086378613,-0.00018656305626226562,-0.00029875755237559576,0.07452722329548063
2017-05-25,0.002695542688516502,0.0022040680151392666,0.0004914746733772363,-0.03835114245043568
2017-05-26,0.0032749219420118107,0.0027080113803871625,0.0005669105616246499,0.08459728508174444
2017-05-29,-0.0015994826183063518,-0.0012889573668374062,-0.0003105252514689471,-0.01667080115724006
2017-05-30,0.0031125470837650854,0.0022164242081015063,0.000896122875663579,-0.042040160215855396
2017-05-31,-0.0006728010904025897,-0.001173916319908789,0.0005011152295061995,-0.10033226763040422
2017-06-01,-0.002043913334020038,-0.00246006084437335,0.0004161475103533121,0.10069241753210201
2017-06-02,-0.0055351114548473765,-0.003433926102944386,-0.0021011853519029905,-0.11141119801953867
2017-06-05,0.004267390987855769,0.001940134091508487,0.0023272568963472826,0.03498815168260195
2017-06-06,-0.004665679280448475,-0.002721854737401698,-0.0019438245430467762,0.0023582188530076264
2017-06-07,0.0014795109526771458,0.0011429823610898417,0.00033652859158730454,-0.04948492576906175
2017-06-08,0.0001010474791233811,-5.7186346414259777e-05,0.0001582338255376411,0.16735723269346017
2017-06-09,-0.002902063445710009,-0.002686568679625429,-0.00021549476608457956,-0.06551247454230043
2017-06-12,0.007721335584420208,0.004578865208834266,0.0031424703755859405,-0.007872763164106879
2017-06-13,-0.00304971847272031,-0.0032455191907644985,0.00019580071804418866,0.02943342952040823
2017-06-14,-0.0003459527437198359,0.00018207402181797967,-0.000528026765537815,-0.06301597294348785
2017-06-15,0.0012583856435299317,0.0016581562089998461,-0.00039977056546991463,-0.04104534198536083
2017-06-16,-0.0026284133456027574,-0.0014137436756090447,-0.001214669669993713,0.07377145738496226
2017-06-19,-0.0017714411976555476,-0.0004195991058846948,-0.001351842091770852,-0.1781907444792585
2017-06-20,0.003395540438269268,0.0019085531951074438,0.0014869872431618244,0.04036530800165119
2017-06-21,-0.008457668717458428,-0.0066331340679947415,-0.0018245346494636873,-0.027064014228688944
2017-06-22,0.0020198408506849606,0.0006661388193042106,0.0013537020313807494,-0.006213551320334919
2017-06-23,-0.0012001042724232058,-0.0018339813068874073,0.0006338770344642018,-0.09617709047926813
2017-06-26,-0.0003340432663829732,-0.001922064163009548,0.001588020896626574,-0.0844377494317858
2017-06-27,-0.005090349018085352,-0.0033386209618655772,-0.001751728056219772,-0.055545724764683294
2017-06-28,-0.004506410898887741,-0.003924065694727771,-0.0005823452041599699,0.0876820606853343
2017-06-29,-0.003674091812032266,-0.003251937385798504,-0.00042215442623376107,-0.08894183214601097
2017-06-30,0.004742797953886569,0.002368938598444224,0.002373859355442343,0.011522351247298904
2017-07-03,-0.005129580747054212,-0.0033575518630302482,-0.0017720288840239636,-0.015778224163729232
2017-07-04,0.0005656524185067288,-0.00022689295264621432,0.0007925453711529436,-0.03008889496768513
2017-07-05,-0.000771063280820156,0.0004968783670810792,-0.0012679416479012345,0.060646033315644436
2017-07-06,-0.001699502095433169,-0.00026920616887955717,-0.0014302959265536114,0.14186352890999757
2017-07-07,0.0027905343933138827,0.0012871683800171501,0.001503366013296733,-0.1221594912730932
2017-07-10,0.0075650897425571005,0.004526270682569436,0.003038819059987664,-0.09138056577746195
2017-07-11,-0.005553190688316232,-0.0029067679565395405,-0.002646422731776691,-0.1660967220840498
2017-07-12,-0.003984826628164916,-0.0020281992462045477,-0.001956627381960369,-0.087183634997894
2017-07-13,-0.00818006625579019,-0.006226008291510116,-0.0019540579642800746,-0.14135219212093966
2017-07-14,-0.004199632482651948,-0.002264945153818566,-0.0019346873288333837,-0.05925428983997599
2017-07-17,-0.010425436286929428,-0.0059552440427220465,-0.004470192244207381,0.06600775326420968
2017-07-18,-0.004675670188590496,-0.004118781147036732,-0.0005568890415537653,-0.14214059508974716
2017-07-19,0.004477689790450035,0.0026473474785414204,0.0018303423119086148,-0.09677298418021299
2017-07-20,-0.009132677722741966,-0.0048943094526445125,-0.004238368270097452,0.03803503686448625
2017-07-21,-0.007894076735334613,-0.005822142625529686,-0.0020719341098049335,0.04535999274418353
2017-07-24,0.0023961734798778707,0.0022008937574259013,0.00019527972245196937,0.039485830791394415
2017-07-25,0.002440475723829994,0.003182236769104483,-0.0007417610452744895,0.1696916914703461
2017-07-26,0.0027298361599017744,-0.00016264781198439132,0.002892483971886156,-0.09310704571246199
2017-07-27,0.008661494149933339,0.007345755522441124,0.0013157386274922182,-0.09009963380307758
2017-07-28,-0.004252143839004107,-0.0024660247280915903,-0.001786119110912517,0.23391804849847478
2017-07-31,-0.0038872893398288195,-0.0022931801581111584,-0.0015941091817176616,0.032549430348481456
2017-08-01,0.010222099858329638,0.008653321662712633,0.001568778195617005,0.2760767765013461
2017-08-02,0.0014161811393407502,0.001087823451341818,0.0003283576879989326,-0.0037737776240756356
2017-08-03,0.014483473369027658,0.011661929521207797,0.0028215438478198657,-0.020306918875881378
2017-08-04,-0.00022168075277194637,0.00020804268388779825,-0.00042972343665974473,0.18200291773388583
2017-08-07,-0.0011245279451266468,-0.002003394991717972,0.0008788670465913247,-0.05570104510240136
2017-08-08,0.01077672997906466,0.008529372945622126,0.0022473570334425354,0.12243204683941646
2017-08-09,-0.002841636961494964,-0.0030868843724357973,0.00024524741094083397,0.0021859721245856573
2017-08-10,0.006827322023090488,0.004643955329803764,0.0021833666932867223,0.0372528751008941
2017-08-11,0.00010990756494757593,0.0011681861636286157,-0.0010582785986810398,0.11212302401986715
2017-08-14,0.0016962431327812843,0.00012551910476873117,0.0015707240280125531,0.08351824115965553
2017-08-15,0.005599757266657616,0.0033063557140328506,0.002293401552624765,0.0003053328182522538
2017-08-16,0.004414145456232111,0.0032762497508320165,0.0011378957054000906,-0.034713648715343076
2017-08-17,1.5886250275658166e-05,0.0014218037589558002,-0.0014059175086801393,-0.12724538170213645
2017-08-18,-0.0017925022645367882,-0.002672899611682984,0.0008803973471461961,0.053505464232069845
2017-08-21,-0.006153622528860175,-0.004426414491734506,-0.0017272080371256698,-0.08012381231443379
2017-08-22,0.002936681576103945,0.002154990070111687,0.0007816915059922578,-0.07338062837422532
2017-08-23,-0.00439226386730729,-0.0034922672879325366,-0.0008999965793747525,0.04177565257773026
2017-08-24,-0.0038954620528790346,-0.0023660259187285805,-0.0015294361341504537,-0.04218191255818168
2017-08-25,0.002287083831710192,0.0009918255567721635,0.0012952582749380284,-0.020188972903139514
2017-08-28,-0.0022823250600078095,-0.001731372904661771,-0.0005509521553460385,0.014512886477350237
2017-08-29,-0.001104753443027691,-0.0008991201163140827,-0.00020563332671360776,0.14310278851327654
2017-08-30,0.001300997380710568,-0.0020279451461177184,0.0033289425268282907,0.14733725887494928
2017-08-31,0.009828149570644778,0.006840307844629596,0.00298784172601518,0.05628280487269001
2017-09-01,0.008196486066735235,0.0045026623430936205,0.0036938237236416108,-0.006305029357246355
2017-09-04,0.0037286138801720537,0.0013802724987979449,0.0023483413813741106,0.28350576526121557
2017-09-05,-0.00030655797036478055,-0.0002541398377639264,-5.2418132600854164e-05,0.07109608365268708
2017-09-06,0.017313541961091205,0.011685594316823755,0.00562794764426745,0.04896552808685002
2017-09-07,0.00453207566573749,0.004638242153648598,-0.0001061664879111069,-0.15316196904770712
2017-09-08,0.0028020231479349888,0.0005053740279095144,0.0022966491200254735,0.12263095418059547
2017-09-11,-0.008778795446724741,-0.0075729694234802115,-0.0012058260232445297,-0.06982384327932274
2017-09-12,0.00780569332147999,0.005526419293691489,0.0022792740277884998,0.011400872318649051
2017-09-13,-0.0047259696730631035,-0.0018983715205349934,-0.0028275981525281105,-0.02244730049565298
2017-09-14,0.0005689284489083275,0.0013733395043581008,-0.0008044110554497729,0.012057205573540623
2017-09-15,-0.0012194922663956503,-0.001403167551751152,0.0001836752853555017,0.0419768249478616
2017-09-18,0.0006577310914052069,-0.000912902994025659,0.0015706340854308666,-0.1757872973683764
2017-09-19,0.002948406600610695,0.002600506785692229,0.0003478998149184663,0.263283446585342
2017-09-20,-0.011417416056884445,-0.007717003302935829,-0.0037004127539486155,-0.11884758900888101
2017-09-21,0.017805527871581975,0.011772700050984774,0.006032827820597197,-0.05526723249509874
2017-09-22,-0.006154125648839772,-0.0047479097508142986,-0.0014062158980254738,-0.07971211655151945
2017-09-25,-0.003372873038480979,-0.002287276435209668,-0.0010855966032713125,0.1533271471367516
2017-09-26,-0.005526253768818894,-0.004891830867144214,-0.0006344229016746819,0.00046701575752514405
2017-09-27,0.008073877689322112,0.0064187439322544206,0.0016551337570676929,-0.10555043880790259
2017-09-28,2.7339561692266406e-05,4.8163055229839304e-05,-2.08234935375742e-05,-0.017597797892063956
2017-09-29,-0.006369911172461046,-0.004925145099319288,-0.0014447660731417601,-0.016940729361003284
2017-10-02,-0.0010886081788307293,-0.001464697917319751,0.0003760897384890223,-0.07527551686953302
2017-10-03,-0.0012500839655010317,-0.0011237622732552955,-0.00012632169224573598,0.13407474396128544
2017-10-04,-0.003897467809205809,-0.0008760004472167533,-0.0030214673619890532,0.00959384757793442
2017-10-05,0.0067138257662973004,0.004051115798348502,0.0026627099679487985,0.05225771244104912
2017-10-06,0.0004530434846898501,0.0017831988787064199,-0.0013301553940165724,0.06416130500370588
2017-10-09,0.002406810055169765,0.0023702147807048816,3.659527446488436e-05,0.0052738708134139585
2017-10-10,0.0026001520611369055,0.0012233336221790995,0.001376818438957806,-0.0594574843250931
2017-10-11,0.0002613615149293744,-0.001174975932252736,0.0014363374471821101,-0.0637900984467452
2017-10-12,-0.003182654790906432,-0.003954791431827148,0.0007721366409207172,0.05387783471539556
2017-10-13,-0.003426530145951656,-0.0036157917523007687,0.00018926160634911288,-0.03421550709177897
2017-10-16,0.002636210272039811,0.002966935536678785,-0.0003307252646389744,0.00261092654584693
2017-10-17,-0.001894803319314892,-0.0019428116896762354,4.8008370361342714e-05,0.10286799587642902
2017-10-18,0.0001168027823271468,-0.00028324104916626095,0.00040004383149340765,0.100357358333285
2017-10-19,0.005027109664640859,0.0034329892716754226,0.0015941203929654363,0.0555061066817799
2017-10-20,0.004949542662411802,0.004713203745744439,0.0002363389166673644,-0.024662191914012532
2017-10-23,0.00270883317128309,0.0024718554110606155,0.0002369777602224737,0.1283393388695642
2017-10-24,-0.0012053532785316482,-0.00021110865058617152,-0.0009942446279454786,0.024102564119404746
2017-10-25,0.006251804493421537,0.0031549302927417985,0.0030968742006797388,-0.07571689642846731
2017-10-26,0.001306693598765419,0.0006226185556942841,0.0006840750430711327,-0.1362284556064262
2017-10-27,-0.004941666843966869,-0.005086857341653371,0.00014519049768650302,-0.06882539124989615
2017-10-30,-0.00765824805958302,-0.0054399831535956455,-0.002218264905987373,0.042257620401319196
2017-10-31,-0.00510074715514192,-0.005355321321680824,0.00025457416653890813,-0.15106558029951123
2017-11-01,0.0023454537070228933,0.0023028148812155452,4.263882580734721e-05,-0.07053241156499163
2017-11-02,-0.008661768642696618,-0.005909219840542252,-0.002752548802154366,0.11711482646378582
2017-11-03,-0.004290829566789672,-0.002405754776271663,-0.0018850747905180096,-0.010850860802405025
2017-11-06,0.005540852318190165,0.004196673877155759,0.0013441784410344083,-0.1347290711550272
2017-11-07,-0.0005125592308238854,-0.0007228413948906869,0.00021028216406680181,0.10606970457289645
2017-11-08,-0.006583995960973937,-0.00491891205261799,-0.0016650839083559481,-0.0038659100289458502
2017-11-09,0.005521022354340644,0.0023554701887843928,0.0031655521655562513,0.03397066003113182
2017-11-10,-0.00021516297187685815,0.00019125199695750085,-0.00040641496883435813,-0.0777965118395303
2017-11-13,0.001617593719310898,0.0025915142157610883,-0.0009739204964501905,0.09497577406021195
2017-11-14,-0.004198122522368365,-0.003611393642662084,-0.0005867288797062817,-0.05252696865240228
2017-11-15,0.0050865875042324545,0.003409803759384128,0.0016767837448483265,-0.05814487500187784
2017-11-16,-0.0036244917631716254,-0.0026394032670605944,-0.0009850884961110293,0.049140968091704595
2017-11-17,-0.004238815659840526,-0.00676161510882943,0.002522799448988894,-0.13725233796027303
2017-11-20,0.003374526726451581,0.003200925118495483,0.00017360160795609932,0.09962778997975391
2017-11-21,-0.010493079942481828,-0.005547265563656485,-0.004945814378825342,0.018613651928841474
2017-11-22,0.005477371395190198,0.0037092196083835793,0.001768151786806619,0.141950534563751
2017-11-23,0.0009288632574543038,-7.100109172537318e-05,0.0009998643491796774,0.08349324738088403
2017-11-24,0.008683510972970303,0.006676154070551872,0.0020073569024184317,0.008918212289395568
2017-11-27,0.004264863422384756,0.0012728157029843175,0.002992047719400437,0.31011412774918135
2017-11-28,0.0005078401354525032,-0.001378416521915237,0.0018862566573677377,0.032987599872272864
2017-11-29,0.015996813861254986,0.013163918077641595,0.0028328957836133914,0.3804099484325457
2017-11-30,0.0019419939464269378,0.00011054551356250684,0.0018314484328644295,-0.2607920214136092
2017-12-01,0.021382452571064036,0.012799523277787416,0.00858292929327662,-0.04761329431524762
2017-12-04,-0.016497223737758505,-0.010521680931085096,-0.005975542806673409,0.11957689012953808
2017-12-05,-0.0027699411282943107,-0.0037450391968347034,0.0009750980685403893,0.009171031868252199
2017-12-06,0.006580952488384738,0.0028936951127772484,0.003687257375607489,0.04640686008523538
2017-12-07,0.0004903108086232737,0.002378068322475037,-0.0018877575138517635,-0.1367638032451249
2017-12-08,0.002296629571315792,0.0013972051407454729,0.0008994244305703192,0.10406854751010794
2017-12-11,-0.008783906763151926,-0.005873097338633962,-0.0029108094245179662,0.05047611631075246
2017-12-12,0.004858061531634062,0.004086811968620294,0.0007712495630137692,0.05484458047702486
2017-12-13,0.0027016259681877162,0.0021053652783457073,0.0005962606898420094,0.012641831116845465
2017-12-14,0.0033903823386639666,0.0013251424617138166,0.002065239876950149,-0.0847504170140586
2017-12-15,0.0006505263751302153,2.3625545877581193e-05,0.0006269008292526341,-0.195993995100302
2017-12-18,-0.004641848762769035,-0.0033584470966746055,-0.0012834016660944296,-0.0014862663359023276
2017-12-19,-0.009530871951338886,-0.004685152350136187,-0.004845719601202699,0.03158172276691405
2017-12-20,-6.427248432419358e-05,-0.00032119866006684317,0.00025692617574264894,-0.007726463735673689
2017-12-21,0.0021816121681244895,0.002138120171576035,4.349199654845454e-05,-0.0033557227315529916
2017-12-22,-0.0004159739998671917,-0.001306506416962578,0.0008905324170953889,0.026423206811628634
2017-12-25,-0.00018112112397630347,8.016435781985748e-05,-0.0002612854817961609,0.020566916473079386
2017-12-26,0.0016353977048341657,-0.0017749597059013222,0.0034103574107354883,-0.012661522710024747
2017-12-27,0.0011549757388115223,0.0005696316153399718,0.0005853441234715505,0.03650094706983805
2017-12-28,-0.0008141961259600478,-0.002835642776952259,0.002021446650992211,-0.06533632482014064
2017-12-29,0.0017752550824296864,0.0003541749918303496,0.0014210800905993363,0.02237629281596791
2018-01-01,-0.003315816056700757,-0.0020125686229751742,-0.0013032474337255837,-0.009098259001772665
2018-01-02,0.0015552838948103154,0.00022482685127380234,0.0013304570435365114,-0.1177033467780268
2018-01-03,-0.0005814615359621951,0.00035988438857579436,-0.0009413459245379893,-0.02285802711661809
2018-01-04,-0.008165490549719169,-0.005477573089298193,-0.002687917460420977,-0.10646340674801902
2018-01-05,-0.0010978333135454239,0.0010387319412090527,-0.002136565254754478,0.08552070906188196
2018-01-08,-0.006836774468104703,-0.0023303601217858835,-0.004506414346318821,0.021037829806565773
2018-01-09,0.004127512159782047,0.0023560195986459913,0.0017714925611360538,0.14489924952801322
2018-01-10,0.0009801386853637174,0.0014330207335022608,-0.00045288204813854257,0.006995713958053371
2018-01-11,0.007422764279614149,0.004388151100628792,0.003034613178985359,-0.07283813090119924
2018-01-12,0.000328061687415613,0.00037146789820127345,-4.3406210785660584e-05,-0.07886544060778504
2018-01-15,-0.003205816902779955,-0.003259860442074998,5.40435392950428e-05,-0.1020688403855852
2018-01-16,-0.003795845269176878,-0.0019116607957646997,-0.001884184473412178,0.17647095148304773
2018-01-17,-0.0051927633948139,-0.0029938946747237218,-0.002198868720090178,0.033983730967271496
2018-01-18,0.010229718601282654,0.006524082721676697,0.003705635879605956,-0.07385356737644372
2018-01-19,0.001586236258276437,0.0006953022893901803,0.000890933968886256,0.1547095355280966
2018-01-22,-0.003745104201095263,-0.0016062880438722296,-0.0021388161572230314,-0.07792716786958837
2018-01-23,0.0069638488742443895,0.0034924195151916585,0.003471429359052732,0.200715962924755
2018-01-24,-0.0037414766799893345,-0.0018408920282820497,-0.0019005846517072837,0.0030993172347543465
2018-01-25,0.00847338655359565,0.004468699663456078,0.00400468689013957,-0.07402724685075765
2018-01-26,0.0001414976793287228,-4.043261189120824e-05,0.00018193029121993127,-0.16533714013804887
2018-01-29,-0.0032789040391520276,-0.003086369041171027,-0.0001925349979810002,-0.12996876363769666
2018-01-30,-0.007646060530948097,-0.0042155291555110615,-0.0034305313754370327,0.10861006359420351
2018-01-31,-0.006116863651793005,-0.004043359412683209,-0.0020735042391097965,0.16928295748141645
2018-02-01,0.006431161383738287,0.004363072053799617,0.002068089329938671,0.04253284802878507
2018-02-02,0.007200408969091118,0.004537234462241534,0.002663174506849584,0.038064230663885736
2018-02-05,0.0020005966039098847,0.0010402548411052176,0.0009603417628046666,0.07319965450074718
2018-02-06,0.0018286547122654925,0.0006342545221839084,0.0011944001900815833,-0.04973532179845728
2018-02-07,0.003895464701208258,0.0033994366395635363,0.0004960280616447218,-0.006433333417955994
2018-02-08,-0.002683679261937557,-0.0021382315377637406,-0.0005454477241738157,0.0073224661162564035
2018-02-09,-0.00031158337634635717,-0.00019999324160254253,-0.00011159013474381458,0.0060987100463996725
2018-02-12,0.00031769050227417725,-8.954023752026988e-05,0.0004072307397944471,-0.11549159863132022
2018-02-13,0.00026190729268203776,4.462587111228773e-05,0.00021728142156975105,-0.07406934924656944
2018-02-14,-0.00581052282679671,-0.003170758098939014,-0.0026397647278576936,0.19640654200588573
2018-02-15,-0.004380893215790261,-0.003930834885949912,-0.0004500583298403492,0.032309113129133996
2018-02-16,0.009723866449966404,0.007889863343981864,0.0018340031059845344,0.14764640252820554
2018-02-19,0.001373758058433467,0.00264398116360714,-0.0012702231051736727,0.05242436514312068
2018-02-20,0.00608824454026583,0.004225870371269584,0.0018623741689962467,-0.03361090695593549
2018-02-21,0.0018972768868198418,0.00022472837564488889,0.0016725485111749525,0.0018850754339130285
2018-02-22,-0.0013145782520300369,-0.0009440635333797021,-0.0003705147186503343,0.03919705427066944
2018-02-23,6.583303745667964e-05,0.00032185090058108566,-0.0002560178631244056,0.1292910950762796
2018-02-26,0.001998372885477994,0.0009901129884359698,0.001008259897042025,-0.10310948525200717
2018-02-27,0.005741317649113054,0.004206165463569967,0.0015351521855430875,0.05228634227434701
2018-02-28,-0.005777697659520403,-0.0035123315430649338,-0.002265366116455468,0.051262182750953816
2018-03-01,0.002731316957803037,0.002192786093575466,0.0005385308642275714,-0.06960520518750385
2018-03-02,0.0024188694013461774,0.001847447162454759,0.0005714222388914181,0.002112361681687184
2018-03-05,-0.004830990444168282,-0.0035145770019458927,-0.0013164134422224,-0.0370325567063893
2018-03-06,0.0001677908455755775,-0.00014784855018247674,0.00031563939575805257,-0.0008946618600245916
2018-03-07,-0.0022197028869321983,-0.0020455730525267366,-0.00017412983440546516,0.015330043983593243
2018-03-08,-5.794675574655856e-05,-8.105550434573533e-05,2.3108748599180023e-05,-0.057300189676593796
2018-03-09,0.0010378725612083348,8.388921519674689e-05,0.0009539833460115886,0.07895251985521962
2018-03-12,-0.0036618398943315984,-0.001788450728050929,-0.0018733891662806729,0.05938006821279601
2018-03-13,0.004895001245048596,0.004698181633510216,0.00019681961153837982,0.01284853610963204
2018-03-14,0.002545796527311732,0.0015580769513617587,0.0009877195759499732,-0.03751670809742227
2018-03-15,0.0007100183392642818,0.0008095678220621169,-9.954948279783729e-05,-0.08754228477029537
2018-03-16,-0.0016994491955721856,-0.002336922351852823,0.0006374731562806368,-0.04591510637286927
2018-03-19,-0.0053245050140409405,-0.004276736552866167,-0.0010477684611747739,-0.015610552462964843
2018-03-20,-0.0026120481861402825,-0.0015985091475392262,-0.0010135390386010563,0.000733131024328181
2018-03-21,-0.0008627849156525672,-0.00044526444281160933,-0.00041752047284095845,0.04866964802072162
2018-03-22,3.536409646913956e-05,-0.0005266836668619771,0.0005620477633311149,0.06911602207104435
2018-03-23,0.0021547745297229755,0.001733629284993439,0.0004211452447295365,0.04867700123780754
2018-03-26,0.002961040466322882,0.0011381942697216672,0.0018228461966012148,0.07135282573808129
2018-03-27,0.00229081064149203,0.0014732365648242318,0.0008175740766677986,-0.08347099629792548
2018-03-28,0.004194777127008067,0.0013299123878458326,0.0028648647391622366,0.12932788231516132
2018-03-29,-0.005240840907206077,-0.0038822573826116443,-0.0013585835245944321,-0.03560564322364031
2018-03-30,0.006943061162317864,0.005215739698834756,0.0017273214634831078,0.013578294201302354
2018-04-02,-0.001670940632111412,-0.0016727227775653305,1.782145453919394e-06,0.15487570088854655
2018-04-03,0.0006966512227963127,0.00020362392845793813,0.0004930272943383751,0.02457304700961227
2018-04-04,0.0075453201608769475,0.004613207878687613,0.0029321122821893315,-0.019295948046964873
2018-04-05,0.0012438082156418693,-8.16067909650553e-05,0.0013254150066069302,0.05788272773500625
2018-04-06,-0.0010714072627703995,-0.0007104892539536156,-0.000360918008816783,-0.03922625917412054
2018-04-09,0.0031977918625754535,0.002093504466011125,0.001104287396564329,-0.09282957312634048
2018-04-10,-0.002515740198507651,-0.0015103396423731905,-0.0010054005561344597,-0.09691481425977848
2018-04-11,-0.006488941034203884,-0.003370405964322369,-0.003118535069881515,0.12498879403814933
2018-04-12,-0.006317872842830592,-0.0035952446051263423,-0.00272262823770425,-0.05651583964723134
2018-04-13,0.007223059391748212,0.0032606890085883373,0.003962370383159875,0.01101538449662965
2018-04-16,-0.0030447647836927506,-0.0018909739742976744,-0.0011537908093950768,-0.056690651428887094
2018-04-17,0.0006625678269290328,-0.00039944841317905017,0.001062016240108092,-0.05002503093649076
2018-04-18,-0.003567009921861835,-0.0012057153089362843,-0.0023612946129255505,-0.017915875134728497
2018-04-19,-0.002577110213227,-0.0022899141242992953,-0.0002871960889277037,-0.04522719768773742
2018-04-20,-0.001011440487837102,-0.0003738867961527847,-0.0006375536916843182,-0.010503771508951158
2018-04-23,-0.0025608436508003734,-0.0002843833600132267,-0.0022764602907871453,0.024921518931232504
2018-04-24,-0.0005725324345392799,0.00017942368677860247,-0.0007519561213178826,-0.05818100792041983
2018-04-25,0.0010838920630637375,-0.00027361306438565547,0.0013575051274493932,-0.01644056410041514
2018-04-26,-0.002766936835285871,-0.0033330395921325412,0.0005661027568466693,-0.01280118931286083
2018-04-27,-0.0009056662477569949,-0.00047889230027957884,-0.00042677394747741605,0.05824128318918719
2018-04-30,-0.0006893231130850723,-0.0008308894694923769,0.0001415663564073022,-0.06570160411125553
2018-05-01,0.002993063593810124,0.0009100897507198515,0.002082973843090274,0.02352123454173522
2018-05-02,-0.0035827304321313365,-0.0009381838690262229,-0.0026445465631051122,0.05053069539732683
2018-05-03,0.0010849019171905044,0.0006546675328324321,0.00043023438435807297,0.0638184046581166
2018-05-04,0.0021846020747548637,0.0015957609382738084,0.0005888411364810556,0.014060560292761088
2018-05-07,0.002654099866070839,0.002511263931011507,0.0001428359350593312,0.11061402146560112
2018-05-08,0.0007113141512936371,0.000986607462344368,-0.00027529331105073315,-0.058191808322534615
2018-05-09,0.0059882853631996556,0.003270551705970276,0.0027177336572293794,0.03755139545269889
2018-05-10,-0.002546641858561553,-0.0014657001104118232,-0.0010809417481497281,0.08921316067381099
2018-05-11,0.001597112881162994,0.0019571537317389295,-0.00036004085057593505,0.03054033141569772
2018-05-14,0.0036004181863172778,0.0019024491176666668,0.001697969068650611,-0.05332776318081096
2018-05-15,0.001326733973534075,-8.43159025319196e-05,0.0014110498760659942,0.05879372636409875
2018-05-16,-0.002452018973761944,-0.0016459857690353736,-0.0008060332047265702,0.0467590215003036
2018-05-17,0.0031773117548792563,0.00425925888130067,-0.001081947126421413,-0.15475678223446684
2018-05-18,0.002447073776273411,0.0011210646710896333,0.0013260091051837774,-0.010570707597778228
2018-05-21,-0.008178399851072039,-0.005551912850288759,-0.00262648700078328,0.059037749893250405
2018-05-22,-0.0005341019969999762,0.0002815436732121952,-0.0008156456702121714,-0.11085455193889804
2018-05-23,0.0034855842718755792,0.0023414889547414006,0.0011440953171341786,0.05213970075921617
2018-05-24,-0.0074720307519511205,-0.007486675807379712,1.4645055428592901e-05,0.024505486603982305
2018-05-25,0.0027281470366105768,0.002730065462205885,-1.918425595305584e-06,-0.060055151729306824
2018-05-28,0.00132396118219471,0.000418180114348108,0.0009057810678466047,0.07723247086198051
2018-05-29,-0.0029487302637743584,-0.002211600224158261,-0.0007371300396160963,-0.10415677660203788
2018-05-30,0.003950046533637961,0.003738332836242883,0.00021171369739507884,0.05020748210560521
2018-05-31,-0.005409549983828381,-0.0025069510902237667,-0.0029025988936046154,0.02198809987685929
2018-06-01,0.002864736841298399,0.00015002261723084942,0.0027147142240675493,0.028535458292575616
2018-06-04,0.0011693161474957152,0.0003587799143762128,0.0008105362331195017,0.013352332562621028
2018-06-05,0.001444844097830202,0.0003024130627373462,0.001142431035092855,0.039736822353458434
2018-06-06,0.00067779216787601,-0.0009577638263671042,0.0016355559942431146,0.01199339296978419
2018-06-07,0.0021286311949942982,0.002134286922910876,-5.655727916577952e-06,-0.03763544007684633
2018-06-08,0.0006464127638321566,-0.0008833949495210104,0.0015298077133531667,-0.02689205180909521
2018-06-11,-0.0018337129097415264,-0.0013180637931683612,-0.0005156491165731652,-0.02578629477971938
2018-06-12,-0.0012700844524731385,-0.0008169112436323556,-0.00045317320884078263,-0.06621951419441133
2018-06-13,-0.0013482440865015528,-0.0010355701134987282,-0.000312673973002824,0.006495084377696197
2018-06-14,-0.003310118453247783,-0.0021745061592554032,-0.0011356122939923802,-0.018668369320954527
2018-06-15,0.0003972732305106666,-0.000898944288055409,0.0012962175185660752,0.031420215946255915
2018-06-18,-0.0010912456106145526,-0.0009270035704737941,-0.00016424204014075985,-0.07298157178796755
2018-06-19,0.002087787531059407,0.0007139038314367442,0.0013738836996226612,-0.07632707031392359
2018-06-20,-0.00461126336214946,-0.0035404304699005896,-0.001070832892248871,0.045407189363429586
2018-06-21,-0.005819313812209711,-0.0025857415917653545,-0.0032335722204443543,0.15492430305623703
2018-06-22,0.0023535412724247622,0.001140435762089366,0.001213105510335398,0.025639606339606588
2018-06-25,0.007453327128702685,0.003707149215802164,0.0037461779129005224,-0.010616741243844652
2018-06-26,0.0011678903329074653,0.00039142742584032976,0.0007764629070671353,0.05447425009645729
2018-06-27,-0.0004900297344168318,-0.00047918483642987036,-1.0844897986962004e-05,0.08806067927226757
2018-06-28,0.002528785604726631,0.002212478855582899,0.00031630674914373113,0.14327648967071954
2018-06-29,0.004652416044229021,0.002921411098235276,0.0017310049459937447,0.11505315283311081
2018-07-02,0.006279135238507486,0.0031767475040503784,0.0031023877344571113,0.08546292809296308
2018-07-03,0.007092971704765723,0.0045586520986987105,0.0025343196060670127,0.18265893759912236
2018-07-04,0.004916301904664414,0.0023629450725498754,0.0025533568321145393,0.21593490376776941
2018-07-05,0.010482835699994815,0.006085186773102979,0.004397648926891838,0.12545432991989547
2018-07-06,0.013017725301260254,0.007124673996474758,0.005893051304785488,-0.128671238179912
2018-07-09,0.0066501585150260676,0.0037025563461509092,0.0029476021688751505,0.09852988614610061
2018-07-10,-0.010509600281300803,-0.007417143637444945,-0.0030924566438558575,-0.05217547719460719
2018-07-11,0.007325496918430742,0.0025698527073696794,0.004755644211061061,-0.057374339289979606
2018-07-12,-0.003731789163731925,-0.003104600896017565,-0.0006271882677143601,0.11305188653370159
2018-07-13,-0.003158527387716579,-0.001917127064280831,-0.0012414003234357497,0.10639618319548551
2018-07-16,0.007334419778728301,0.004384828032829021,0.0029495917458992812,0.04876898433901176
2018-07-17,0.007761905414487975,0.005023663534925397,0.0027382418795625814,0.09704769248839805
2018-07-18,0.0035934049378742953,0.0012776666006398298,0.002315738337234464,-0.06370233123777197
2018-07-19,0.008001173197081414,0.0020928963632762462,0.0059082768338051695,0.11420779960224225
2018-07-20,-0.006696696950559075,-0.004221199871856651,-0.0024754970787024266,0.11798749760197846
2018-07-23,0.0081056822805252,0.002400788892627209,0.005704893387897987,-0.07199859432845541
2018-07-24,0.008508961260895625,0.0038686537355047818,0.004640307525390842,-0.2169935492844881
2018-07-25,-0.006291679460252961,-0.0020103334418511143,-0.004281346018401848,0.09268393684309709
2018-07-26,-0.01801680702038415,-0.008745871642315186,-0.00927093537806897,-0.08352092135416413
2018-07-27,0.005956409394836082,0.004835589077228333,0.0011208203176077507,-0.0065816432419649115
2018-07-30,-0.005344341565188172,-0.003245442524075725,-0.002098899041112448,0.06787412042787629
2018-07-31,-0.0004236105376629809,-0.0006620526194392237,0.0002384420817762422,-0.03817413429668749
2018-08-01,0.004488538357816411,0.0019325798351207918,0.0025559585226956195,0.023227436289333235
2018-08-02,-0.002275138946156038,-0.0017251039208992357,-0.0005500350252568044,-0.019831108897154174
2018-08-03,0.0016624704751175326,0.0011624954713385467,0.0004999750037789855,-0.02003768200594642
2018-08-06,-0.0015552877261174778,-0.001826449287252045,0.0002711615611345657,0.002702216287961456
2018-08-07,-0.0014285193516117957,1.6898107703579995e-05,-0.0014454174593153749,0.021577042181938826
2018-08-08,0.00019907100215771616,0.0012269091133706375,-0.001027838111212924,-0.026018172693926825
2018-08-09,0.001543453527102597,0.0018792021402795171,-0.00033574861317691926,0.13883541960654913
2018-08-10,-0.0014960866852606171,-0.00040655156384631144,-0.0010895351214143048,0.09430709988971765
2018-08-13,0.007957762047232643,0.004857564606654138,0.003100197440578503,-0.04700487082937037
2018-08-14,0.006436534727337164,0.00395701291459085,0.002479521812746314,0.012190123446043534
2018-08-15,-0.003148598738260634,-0.001832738194723146,-0.0013158605435374861,-0.0540650450596077
2018-08-16,0.0008168181043627672,-0.0001545927035663604,0.0009714108079291284,-0.012019352709488064
2018-08-17,-0.0048041969656834015,-0.004201390026146719,-0.0006028069395366811,-0.015416259927286916
2018-08-20,-0.0008569972388653851,0.00016773619105883838,-0.0010247334299242237,0.012721021248706681
2018-08-21,-0.0011166893154246579,-0.0017529010769729866,0.0006362117615483288,0.05231205665088244
2018-08-22,0.0009373245577350982,0.001526008048495068,-0.000588683490759967,-0.0013765052099213625
2018-08-23,0.003626054331133535,0.0012941012228155128,0.002331953108318023,0.10023955162117104
2018-08-24,-8.856726537592166e-05,0.0003788545131770196,-0.0004674217785529426,0.05921529950360904
2018-08-27,0.006271920218029725,0.0033369598110033656,0.002934960407026361,-0.016654476844995027
2018-08-28,0.0038688374860872394,0.0019578208865284157,0.0019110165995588225,0.013529951164465828
2018-08-29,-0.0011435830659345622,-0.0005553671278495645,-0.0005882159380849973,0.00014701284503478083
2018-08-30,0.000846754332463289,0.0005777737815432019,0.00026898055092008585,-0.03938637047347237
2018-08-31,1.074601636140188e-05,0.0006272719023814131,-0.0006165258860200123,0.03945649590083283
2018-09-03,-0.0030716093063713674,-0.0006339567929906087,-0.0024376525133807583,-0.031583159028722156
2018-09-04,0.0025917926200430368,0.0019337562123608269,0.0006580364076822082,-0.07855738264299732
2018-09-05,-0.0021596743676876758,-0.0009505298279975649,-0.0012091445396901213,-0.21450352608256046
2018-09-06,-0.006545611982341226,-0.004859764686507366,-0.0016858472958338616,-0.05071988238976674
2018-09-07,-0.020233416673761592,-0.011076456297505408,-0.009156960376256188,-0.07638709158834603
2018-09-10,-0.0039932830434452875,-0.0022300187993945404,-0.0017632642440507471,0.008212721764730199
2018-09-11,-0.005982168290331762,-0.0005382041976072227,-0.005443964092724532,-0.0022321748324913987
2018-09-12,0.0006088759661331757,-0.00017219212479973808,0.0007810680909329116,-0.08980139407531894
2018-09-13,-0.00015082537739932733,-0.0014567804144171026,0.0013059550370177761,0.17248944011131204
2018-09-14,-0.005437874484513093,-0.0032768046926842914,-0.0021610697918288003,-0.001320165491687983
2018-09-17,0.008633884599756716,0.004876895288750849,0.003756989311005869,0.19668689741304207
2018-09-18,-8.35792739872157e-05,-0.0003478603772490152,0.0002642811032617992,-0.04595477869816936
2018-09-19,0.010447956999516422,0.006357187913032466,0.004090769086483955,-0.0883226223177668
2018-09-20,-0.0023117788369504,0.0009529147052222547,-0.0032646935421726565,-0.11559018456499454
2018-09-21,-0.005305523367376722,-0.004566868700658642,-0.0007386546667180801,0.10379760629918014
2018-09-24,-0.008360408296316521,-0.0055394575223768686,-0.002820950773939651,0.026955373998293425
2018-09-25,0.008672264091701451,0.0031147359906286798,0.005557528101072772,0.025966508489274925
2018-09-26,0.0015223233521063102,0.002528294576322688,-0.001005971224216376,0.018331544280201572
2018-09-27,0.0015521563948675222,0.0008330230023388145,0.0007191333925287077,-0.033619442415459805
2018-09-28,0.0012175370732078888,0.0001550735987806036,0.0010624634744272887,0.04145804166345671
2018-10-01,-0.002234746456931553,-0.0032343409876913563,0.000999594530759802,-0.04618622283655624
2018-10-02,0.0021802897353978513,0.002013862466308712,0.00016642726908913663,-0.038216088942462784
2018-10-03,-0.0023356406281734563,-0.0005754947662925041,-0.0017601458618809514,-0.04132376032985472
2018-10-04,-0.001957926859430586,-0.0020281874167046043,7.026055727401767e-05,-0.05800487983038366
2018-10-05,-0.002535982435654704,-0.0027763202153968467,0.0002403377797421443,-0.09500850113781008
2018-10-08,-0.0032457528083409334,-0.002882875021961874,-0.00036287778637905817,-0.0830498312672246
2018-10-09,-0.006308345808351308,-0.0041228532498338855,-0.0021854925585174222,0.06856969620298234
2018-10-10,-0.004959796995404426,-0.002960580870240731,-0.0019992161251636987,-0.06182534721752182
2018-10-11,0.004051998805007225,0.0014722875254461517,0.0025797112795610732,0.02142866443550139
2018-10-12,-0.00395203062375645,-0.003261538171506425,-0.0006904924522500265,0.05859211578420449
2018-10-15,0.0013168823426048882,0.0011560163676383219,0.0001608659749665689,-0.0658785940171244
2018-10-16,0.002698512034121678,0.0009562170876413409,0.001742294946480337,0.11553984788692276
2018-10-17,-0.003319932784711376,-0.002150970897573828,-0.001168961887137548,-0.0403368476758538
2018-10-18,0.006324540462655543,0.004334496882868047,0.0019900435797874953,0.05746574363356057
2018-10-19,-0.002286414395112846,-0.003208907566949977,0.0009224931718371313,0.018854755014183152
2018-10-22,0.0032407577574982043,0.0011960110364370004,0.002044746721061203,0.09565978446995164
2018-10-23,0.000947673754335925,-0.00025523579888578975,0.0012029095532217146,0.06720490700379785
2018-10-24,0.004525755886770149,0.003405293928720245,0.0011204619580499012,0.002947898794890514
2018-10-25,0.0032843591721838632,0.002155916721126132,0.0011284424510577332,0.020584454836699195
2018-10-26,0.0001457276705897092,0.0010858586623499651,-0.0009401309917602581,-0.01665896005044874
2018-10-29,0.0011112197254346398,0.0009822054626350432,0.00012901426279959653,0.0464466925601355
2018-10-30,-0.0008952164029599273,-0.0008999041688946812,4.6877659347546036e-06,0.027219533896893106
2018-10-31,0.002642021070485904,0.001063138643635551,0.0015788824268503547,-0.04610110116676474
2018-11-01,0.0014262089615147467,-0.0004027578805419997,0.001828966842056746,0.11561783019582704
2018-11-02,-0.0024919419947978094,-0.0016719760161155537,-0.0008199659786822574,0.026226814980446794
2018-11-05,0.005841419773383397,0.003087650794534467,0.002753768978848929,-0.03810942256460611
2018-11-06,0.001398560268282007,-0.0004580775404971762,0.0018566378087791831,-0.023577460157692288
2018-11-07,-0.0019686648402279057,-0.00126521997461752,-0.0007034448656103847,0.05357899221323099
2018-11-08,-0.0011951701978428933,-0.0018979234062608515,0.0007027532084179586,0.0107988992613993
2018-11-09,0.002629461035348453,0.0006742701727630784,0.001955190862585374,0.025360557876861346
2018-11-12,0.0006321050483043549,0.0009351441221831305,-0.00030303907387876916,-0.09544076458270703
2018-11-13,0.0013662800602181114,0.0002215322970617944,0.001144747763156317,-0.03004430116062659
2018-11-14,-0.0045562855654338996,-0.0039504800646925076,-0.000605805500741392,-0.03589519038443534
2018-11-15,-0.0014260306703438254,-0.0002932884333668854,-0.0011327422369769404,0.038946863118972525
2018-11-16,-0.0018400744140211187,-0.0005284405491529469,-0.0013116338648681719,0.0672382401045936
2018-11-19,0.0023036344799446844,0.0005908452064244049,0.0017127892735202804,0.09048399098519615
2018-11-20,0.003201717942595657,0.0011889773761765091,0.002012740566419148,0.023998571919528724
2018-11-21,0.00429237054498129,0.002809009115458258,0.0014833614295230325,-0.06461536834696147
2018-11-22,0.0011580482784060969,0.0018479567528322423,-0.0006899084744261437,-0.22591177755112435
2018-11-23,-0.0027564607536936588,-0.002049878083596233,-0.0007065826700974245,0.0647028156143747
2018-11-26,-0.013737068312610033,-0.008255967938937812,-0.005481100373672221,0.03331506111120854
2018-11-27,0.0027917286857883994,0.0012769764833947626,0.001514752202393636,0.0912030707573724
2018-11-28,0.001338422656394572,7.868827794824465e-05,0.0012597343784463283,-0.04542468658323009
2018-11-29,0.004063346636251708,0.0021449989657772927,0.0019183476704744142,0.021814173480070306
2018-11-30,-0.0020321148490210134,-0.0016215380217137752,-0.0004105768273072383,-0.03812847503783685
2018-12-03,0.0010226677176715757,0.00020322853544290547,0.00081943918222867,0.050401634782633785
2018-12-04,-0.0016070031735210383,-0.0009989203096353269,-0.0006080828638857115,-0.02042822090658269
2018-12-05,0.002244655502964316,0.0011312482895254397,0.0011134072134388745,0.09004055586911817
2018-12-06,-0.0009087083953864912,-0.0013103132971481486,0.0004016049017616574,0.16871491497596985
2018-12-07,0.004575292695724952,0.0025290365290069304,0.002046256166718021,0.09024170028418016
2018-12-10,0.008611655325559728,0.006006457755912578,0.002605197569647149,-0.02347134603512239
2018-12-11,0.00588185794159311,0.004144332954028104,0.0017375249875650027,0.062018400845632954
2018-12-12,-0.0014171180204011556,-0.00030656391930593404,-0.0011105541010952213,-0.03985756195726319
2018-12-13,0.0031918050112212546,0.001654698014589646,0.0015371069966316087,0.0743649358592296
2018-12-14,-0.00198957550134017,-0.0006251420251795845,-0.0013644334761605866,0.09212928608606992
2018-12-17,0.003830151518439143,0.0014940281424017203,0.002336123376037424,-0.07268780146066019
2018-12-18,0.004436822916802674,0.003133394872461618,0.0013034280443410557,0.10609020319363005
2018-12-19,-0.0037126977653030107,-0.0025127621967778535,-0.0011999355685251584,-0.04073483087334553
2018-12-20,0.004913897118753485,0.002689715401360286,0.0022241817173932,0.0916565742441895
2018-12-21,-0.001940823272373731,-0.001657589216871506,-0.0002832340555022246,-0.03219304986956773
2018-12-24,0.004847663508658575,0.0028330025991622695,0.002014660909496306,-0.018420994684671423
2018-12-25,-0.0016546686889355833,-0.0007597810179330732,-0.0008948876710025097,0.021379600480622898
2018-12-26,-0.001018351313540054,-0.0002563019441080166,-0.0007620493694320378,-0.04776558063515447
2018-12-27,0.0010944321384651948,-7.207360988357569e-05,0.001166505748348771,0.024476909675960886
2018-12-28,-0.002861120181350935,-0.0025504075450107893,-0.0003107126363401458,0.016200197200593697
2018-12-31,0.0015265586438586018,0.0021563162656388513,-0.0006297576217802487,0.024720674063299503
2019-01-01,0.0008481677262165326,9.039785581067827e-05,0.0007577698704058569,-0.057767038276525136
2019-01-02,0.001582196519939136,-0.0011007906009229615,0.0026829871208620976,0.000874465739692769
2019-01-03,-0.003123907012402712,-0.00032207787393953184,-0.0028018291384631806,0.09847782978990315
2019-01-04,5.496677164972734e-05,-0.0012666545824007377,0.0013216213540504645,0.06992779377541163
2019-01-07,0.005409399631476032,0.003178380069292469,0.002231019562183561,0.03412165007376686
2019-01-08,0.0033950088089700382,0.0013460899948174688,0.0020489188141525694,0.014290555747683314
2019-01-09,0.001828779063925257,0.00022448526130557957,0.001604293802619677,0.09625097791437627
2019-01-10,0.0007451341379681249,0.0018770206102356277,-0.0011318864722675015,0.21948889623314383
2019-01-11,0.00552483232587543,0.002600502543872143,0.002924329782003288,-0.10591613924455694
2019-01-14,0.01254848953589558,0.006970503348050848,0.005577986187844733,0.009938688703815708
2019-01-15,-0.006488287852198073,-0.003166945800621921,-0.003321342051576152,-0.007717323299333507
2019-01-16,0.0005560959182800764,-0.00010602690087891525,0.0006621228191589909,-0.012087794956139505
2019-01-17,-0.0003490062244268879,-0.00044561630787199984,9.661008344511238e-05,-0.023194185017821493
2019-01-18,-0.0006115920875658699,-0.0012916318123025574,0.0006800397247366868,-0.006697942578833776
2019-01-21,-0.0011507946747256856,-0.00010361866103803657,-0.0010471760136876486,0.07169609163677712
2019-01-22,-0.0003289681262000723,0.0006393845528395414,-0.0009683526790396138,-0.03276802552539717
2019-01-23,0.003547145054384398,0.000898064180053346,0.002649080874331052,0.041563433282340835
2019-01-24,-0.0016973520555468432,-0.0006205155469958398,-0.0010768365085510032,0.0011312131823269568
2019-01-25,0.0023228523389881104,0.0006034031151989951,0.0017194492237891153,-0.12212724545002339
2019-01-28,6.330661950828035e-05,-0.00015502479812233268,0.0002183314176306128,-0.29062402612150656
2019-01-29,-0.007471524932467761,-0.004687680672859844,-0.0027838442596079156,0.028594115667321385
2019-01-30,-0.020643343095127498,-0.012673411860776376,-0.007969931234351121,-0.08897217106006988
2019-01-31,0.0016285881066650677,1.9093488306301185e-05,0.0016094946183587647,0.05987461362041053
2019-02-01,-0.004495285606494585,-0.0007504997272173922,-0.003744785879277194,0.05888751053020634
2019-02-04,0.0036528968014871103,0.001673152679444108,0.0019797441220430027,0.004966139011389611
2019-02-05,0.0029327494149232565,0.0025613567996104897,0.00037139261531276765,-0.07735471413455358
2019-02-06,0.00023912675005549264,-0.0007288049672752785,0.0009679317173307712,0.00418081311330141
2019-02-07,-0.003985030803204152,-0.0028964463850073415,-0.0010885844181968104,-0.05548035338326392
2019-02-08,0.00020941392662092786,0.00048306516996935583,-0.00027365124334843144,0.04928328332058847
2019-02-11,-0.003844405623159341,-0.0021135421071230495,-0.0017308635160362927,-0.016729664687702723
2019-02-12,0.0027495769416142814,0.001092041527791291,0.0016575354138229905,-0.05757415172647559
2019-02-13,-0.0008074493940319025,0.0003288030321241609,-0.001136252426156063,0.005350578703852852
2019-02-14,-0.003223888461615371,-0.0015313417935679807,-0.0016925466680473896,0.06801728635029411
2019-02-15,0.0003491139101204294,-0.00011578245951223299,0.00046489636963266325,-0.12322732447655496
2019-02-18,0.003486458707119007,0.001824784936912939,0.001661673770206068,-0.08794247408534103
2019-02-19,-0.005713755899978176,-0.0035315093947337547,-0.0021822465052444215,0.0063964993210129635
2019-02-20,-0.004426136977504493,-0.00328634676603249,-0.0011397902114720039,0.13536952415580772
2019-02-21,0.00031983118740541684,-0.000436298887365758,0.0007561300747711743,-0.10794509140911891
2019-02-22,0.009933894648145961,0.006692314763497881,0.0032415798846480784,-0.08303248853599074
2019-02-25,-0.006973686749982176,-0.004499078671598681,-0.0024746080783834955,-0.10280782101058306
2019-02-26,-0.005810112037722882,-0.003124066008378836,-0.0026860460293440473,0.03310142033179103
2019-02-27,-0.006437463031794129,-0.004026908063786718,-0.0024105549680074126,-0.011425274744889418
2019-02-28,0.0016129402397218862,0.0007552880969495662,0.0008576521427723187,-0.011040191301558956
2019-03-01,-0.0005965453736130025,-0.0001304195489374993,-0.0004661258246755045,-0.06347654691858955
2019-03-04,-0.0005616656392727672,-0.0003402979930893031,-0.00022136764618346425,-0.013138560956133341
2019-03-05,-0.0033644053101199688,-0.0028099930943788504,-0.0005544122157411183,0.04412874318489884
2019-03-06,-0.0006225706340606848,-0.000307085910945918,-0.0003154847231147664,0.03467153860281759
2019-03-07,0.002222827379785827,0.0012303664292043245,0.000992460950581502,0.012080695782133628
2019-03-08,0.0018147704013946396,0.0013795657971466535,0.0004352046042479865,0.04102553281715814
2019-03-11,0.000560474464995172,0.00046660153843047043,9.387292656470132e-05,0.10770501241037105
2019-03-12,0.0019700453837667147,0.0005713545030578068,0.0013986908807089079,0.08158896310403975
2019-03-13,0.0052822309902709275,0.002347916277405642,0.0029343147128652863,0.05751502709654374
2019-03-14,0.004453885644202722,0.004666228766560934,-0.00021234312235821062,0.10708018253334561
2019-03-15,0.002704348663116488,0.002551655220504422,0.0001526934426120674,-0.06729298217537905
2019-03-18,0.004730094691124222,0.003178606527071387,0.0015514881640528305,0.07281412503404786
2019-03-19,-0.0031800298996098146,-0.0030759987353365797,-0.00010403116427323573,-0.1498192232749475
2019-03-20,0.0032042720301906154,0.0008847980603394204,0.0023194739698511953,-0.2598773575538855
2019-03-21,-0.00866987929748847,-0.007351386169318529,-0.0013184931281699404,0.02253771217619453
2019-03-22,-0.01853913285802047,-0.012806281151251549,-0.0057328517067689235,-0.10325399511996042
2019-03-25,0.0010730069656388844,0.0016552866063350585,-0.0005822796406961741,0.02826761013499421
2019-03-26,-0.004790583441740228,-0.002875014629798226,-0.0019155688119420024,-0.03821484243906267
2019-03-27,0.0011897888719565007,0.001302922481249864,-0.0001131336092933628,-0.03555415380386588
2019-03-28,-0.0015958971000324205,-0.0017975863402620122,0.0002016892402295922,0.05668449864797593
2019-03-29,-0.001646233276629767,-0.000978295221143868,-0.0006679380554858994,0.05615031619153493
2019-04-01,0.002619495853010697,0.0015100885705001225,0.0011094072825105746,0.08290526926048733
2019-04-02,0.002394452976623487,0.0011982320251736009,0.001196220951449886,0.07280577323777386
2019-04-03,0.0032217662362252846,0.0031858053839163986,3.596085230888474e-05,0.051552843859477664
2019-04-04,0.003163561422303813,0.0023843979505937998,0.0007791634717100116,0.07089108814462451
2019-04-05,0.002243797732205016,0.002914354520459207,-0.0006705567882541912,-0.06336523837078413
2019-04-08,0.0034167558303652315,0.0028880364407833058,0.0005287193895819262,0.10351529421192956
2019-04-09,-0.0028005865811043394,-0.0014780431068748701,-0.0013225434742294702,0.01131356107936065
2019-04-10,0.004982379809113135,0.0037876895789757193,0.001194690230137416,0.1328651931733032
2019-04-11,0.0004857774342705654,0.000411061591276728,7.471584299383743e-05,-0.003195355687536494
2019-04-12,0.006188872035332671,0.004376484887179961,0.001812387148152711,0.03225553871604374
2019-04-15,-0.0001601719185836607,0.0009020539263509646,-0.0010622258449346257,0.04491498624268121
2019-04-16,0.0015360842285653483,0.0010059675718290385,0.0005301166567363092,-0.08521160550155761
2019-04-17,0.0023986698276910194,0.0002033687090364899,0.00219530111865453,-0.14218096956663437
2019-04-18,-0.004617689584159148,-0.0038671957068869244,-0.0007504938772722215,0.01557720607329631
2019-04-19,-0.007973494506026859,-0.0056762859614590995,-0.0022972085445677574,0.10603342331824982
2019-04-22,0.0008142272643693455,-0.0004143591933357775,0.0012285864577051206,0.017497082258679443
2019-04-23,0.005246397280822064,0.0019467488441804277,0.003299648436641637,-0.10478415765395965
2019-04-24,0.000797510468266014,0.00013374786815098343,0.0006637626001150306,-0.015473428585092541
2019-04-25,-0.005813105160472438,-0.0029796306414019095,-0.0028334745190705295,-0.033561274960975496
2019-04-26,-0.0008631658128350603,-0.0010283427598644307,0.00016517694702937024,0.0611519901669495
2019-04-29,-0.0016757858800902962,-0.0010990731915482615,-0.0005767126885420333,-0.035040529589968554
2019-04-30,0.003120289714579007,0.0030085905040351593,0.00011169921054384954,0.010032934854302258
2019-05-01,-0.001914039423210666,-0.0013428501367083283,-0.0005711892865023381,0.09355232218867605
2019-05-02,0.0006245103982473097,-3.3626020404676354e-06,0.0006278730002877778,-0.04343209742882356
2019-05-03,0.005604367670110006,0.004579011416662573,0.0010253562534474348,0.1318347482868253
2019-05-06,-0.003001874603143589,-0.0018942171863943636,-0.0011076574167492269,-0.041850354342335035
2019-05-07,0.007667061388223111,0.004063008083113096,0.003604053305110013,0.06064698009237736
2019-05-08,-0.0024571936058889513,-0.00022895537921943697,-0.0022282382266695143,-0.0334532854408119
2019-05-09,0.0031809054070592747,0.001537802132265488,0.0016431032747937849,0.13464679141319305
2019-05-10,-0.0019249675130746493,-0.0007436261314421078,-0.001181341381632541,0.060017534726171766
2019-05-13,0.007875658134840303,0.005171665275784896,0.0027039928590554064,-0.03449906922155892
2019-05-14,0.0032885422136775646,0.001974403770766849,0.0013141384429107153,0.04357085093693689
2019-05-15,-0.0018762021715546093,-0.0015361732718158659,-0.0003400288997387445,0.027359243947308917
2019-05-16,0.0029308767611701193,0.002914074454913689,1.6802306256429728e-05,0.16734960465526347
2019-05-17,0.0019719020519616704,0.004117903181413284,-0.002146001129451614,-0.010774337514251223
2019-05-20,0.011583307030539511,0.006991449631746995,0.004591857398792518,0.06285599738430328
2019-05-21,-0.0007722486712928435,9.995094325074283e-06,-0.0007822437656179182,0.10873641242677229
2019-05-22,0.005975988628779457,0.002831962555544451,0.0031440260732350095,-0.03551869756898504
2019-05-23,0.013592532896701478,0.008143007097768386,0.005449525798933089,0.13047415030209872
2019-05-24,-0.0024651179595541303,-0.0016599516953053027,-0.0008051662642488272,0.041057003068083665
2019-05-27,0.0092909905428047,0.004817544757265212,0.004473445785539491,-0.06354793182517951
2019-05-28,0.003552450565578821,0.0011089228539797862,0.002443527711599034,-0.11850647991653475
2019-05-29,-0.005454985301296622,-0.0029235956222688746,-0.0025313896790277457,0.15404194666044252
2019-05-30,-0.00844286761221379,-0.005220856857143945,-0.003222010755069844,0.03681605503131825
2019-05-31,0.009963824960862018,0.006266631601145441,0.0036971933597165774,0.007063368990857366
2019-06-03,0.002536079765148955,0.001886435545084178,0.0006496442200647785,0.07219623048076745
2019-06-04,0.0004261666502823065,-0.0006424715243106387,0.0010686381745929451,0.100795396583188
2019-06-05,0.004252836969653144,0.0028909380243679478,0.0013618989452851907,-0.048557138472563044
2019-06-06,0.007004213993392263,0.004252702184020976,0.0027515118093712834,0.13811635201892603
2019-06-07,-0.00382697318559215,-0.004530857133031299,0.0007038839474391495,0.17558075690673514
2019-06-10,0.008015695887086526,0.003861173756919193,0.0041545221301673325,0.06089378650353926
2019-06-11,0.012468970281076703,0.008018195908060298,0.004450774373016405,0.017188173850366185
2019-06-12,0.004967283766884806,0.004334248680084946,0.000633035086799863,-0.19095865502836654
2019-06-13,0.0015712318042435925,0.00024201190590615525,0.0013292198983374363,-0.05827336806663246
2019-06-14,-0.019773887350757885,-0.014380300687498022,-0.005393586663259864,-0.21221796939333026
2019-06-17,-0.004708764510407909,-0.002043546000658053,-0.0026652185097498587,0.010619868566795827
2019-06-18,-0.018223503487702516,-0.011700607319901662,-0.006522896167800857,-0.021352708077673775
2019-06-19,0.0007222945957833064,-0.00028127107864865664,0.0010035656744319596,-0.018179365134080968
2019-06-20,-0.00134574463305372,0.0008325351784703797,-0.0021782798115240996,-0.0065204135415290534
2019-06-21,-0.0013387092297213257,-0.0007198756370762165,-0.0006188335926451093,-0.10286495302380232
2019-06-24,-0.00046105618134917705,-0.0007528880508137908,0.00029183186946461423,0.027192251416706073
2019-06-25,-0.007325521245986378,-0.00438328134047392,-0.002942239905512457,-0.19365254107130112
2019-06-26,0.0026480610760399527,0.002932996758235315,-0.00028493568219536275,0.06408839745433602
2019-06-27,-0.015669759516087414,-0.008806315369904725,-0.006863444146182687,-0.009965860016252786
2019-06-28,0.004376376942406266,0.003883771808952197,0.0004926051334540691,-0.06924554109188627
2019-07-01,-0.0006675892614576213,-0.0014329546212211025,0.0007653653597634834,-0.04805823305685746
2019-07-02,-0.005058725336961655,-0.004740072346958505,-0.0003186529900031515,0.04432861411032559
2019-07-03,-0.003935284822997883,0.0017299977803958075,-0.00566528260339369,0.047351283770691886
2019-07-04,0.0031623486353462545,0.00047758133380912914,0.002684767301537127,0.12918417031546067
2019-07-05,0.003102262639794356,0.0032821356538867107,-0.0001798730140923563,-0.13398350078979115
2019-07-08,0.00852771647812918,0.003304758438126887,0.005222958040002293,-0.12873184253061715
2019-07-09,-0.008439829443085207,-0.005195492234314121,-0.0032443372087710854,-0.06771424700570693
2019-07-10,-0.010431897020281087,-0.006197814791000164,-0.004234082229280914,0.013433907492610218
2019-07-11,-0.004401805285638927,-0.0026325244306188017,-0.0017692808550201257,-0.05279056489219632
2019-07-12,0.0007237355582255056,0.0005025538738197728,0.00022118168440573432,-0.082666438539025
2019-07-15,-0.003475821251425092,-0.0029284780394734627,-0.0005473432119516321,-0.037793445674025226
2019-07-16,-0.005184644383413414,-0.004196512834149636,-0.0009881315492637792,-0.030155909859699986
2019-07-17,-0.0030739794394275505,-0.0030368007341256935,-3.7178705301860876e-05,0.019646565298405465
2019-07-18,-0.0021205297398054833,-0.0030839934007965194,0.0009634636609910366,0.06799209725420997
2019-07-19,0.0011481241436021418,0.0021574532215619183,-0.0010093290779597764,-0.06004037555298816
2019-07-22,0.004218331200071761,0.004369303068189587,-0.00015097186811782737,0.11608923562420077
2019-07-23,-0.003737587631406793,-0.002084072500315515,-0.0016535151310912762,-0.005050602409040444
2019-07-24,0.0065616709969960885,0.0035438055121983364,0.003017865484797752,0.026845687156300674
2019-07-25,-0.0003085187351796891,0.00035722389018501277,-0.0006657426253647031,-0.18690185108847768
2019-07-26,0.0018180703151406158,0.0019163050877227163,-9.823477258209985e-05,-0.15703422288977348
2019-07-29,-0.012761854789130058,-0.009421540162371164,-0.0033403146267588953,0.14309732363224603
2019-07-30,-0.010683963566190401,-0.00660289697662168,-0.004081066589568724,-0.004763263513195263
2019-07-31,0.0074188478715374526,0.005016545751951984,0.0024023021195854685,0.07994585422706886
2019-08-01,-0.00028133354629151055,0.00010930944000416432,-0.0003906429862956737,0.014167191384809043
2019-08-02,0.004914960101834186,0.0022658861375008136,0.0026490739643333723,0.07547101694806138
2019-08-05,0.0008882932082346956,-1.2628956159846491e-05,0.000900922164394542,-0.05711545887210064
2019-08-06,0.004579875591248172,0.003961327510372679,0.0006185480808754921,-0.0933199510828194
2019-08-07,-0.003420584062579132,-0.0014505666180454155,-0.001970017444533717,-0.17782466610542283
2019-08-08,-0.005673596093041565,-0.0022553252632020095,-0.003418270829839554,-0.02480269063679675
2019-08-09,-0.011832569153356686,-0.006783680133966249,-0.005048889019390437,-0.07657789120202191
2019-08-12,-0.0017465357695651443,-0.002855136934409301,0.0011086011648441599,-0.0374808433025457
2019-08-13,-0.005452907979361698,-0.0031950851768575506,-0.0022578228025041487,-0.04041866157451692
2019-08-14,-0.003124650147022198,-0.002019311075984527,-0.0011053390710376726,0.12477685650458391
2019-08-15,-0.0030541188762255346,-0.001156644890882068,-0.0018974739853434659,0.11068828039932382
2019-08-16,0.008989945493678753,0.006446650557814966,0.0025432949358637873,-0.14036171955399174
2019-08-19,0.00637956244088723,0.004633308127953446,0.0017462543129337857,0.05184163752813847
2019-08-20,-0.00778895094641068,-0.0039039499088361186,-0.0038850010375745623,-0.017445143061869697
2019-08-21,0.002828563877141858,0.0017576967262518603,0.001070867150889998,0.05664918050317072
2019-08-22,-0.0009526253928956667,9.760850888147472e-05,-0.0010502339017771415,0.058144494873775425
2019-08-23,0.0031296706269029516,0.0023423773767082857,0.0007872932501946661,0.014520659245299697
2019-08-26,0.003398942191055905,0.0022716505476779248,0.0011272916433779801,0.14827605416123885
2019-08-27,0.000821742616709652,0.0002858971859893821,0.0005358454307202686,-0.18439321568256434
2019-08-28,0.008534539689605068,0.006694982845374425,0.0018395568442306429,0.1822943219492968
2019-08-29,-0.014207676166754599,-0.009142732019452982,-0.005064944147301617,-0.08135299692020478
2019-08-30,0.0110044524561922,0.006455759852803795,0.0045486926033884035,-0.12293060555154314
2019-09-02,-0.00529477330918711,-0.0021842800461836596,-0.0031104932630034504,-0.05652693720206803
2019-09-03,-0.008166444601387097,-0.005638732925276089,-0.002527711676111006,-0.018177362688756145
2019-09-04,-0.003465028952421914,-0.0025880574402483564,-0.0008769715121735577,0.10832089363622574
2019-09-05,-0.0011894229046541913,-0.0022633491829564243,0.0010739262783022322,-0.024336455423559295
2019-09-06,0.005856298968036584,0.0027275874349819984,0.003128711533054586,-0.043185954572985276
2019-09-09,-0.0015905701186602697,-0.00027501087538606313,-0.0013155592432742063,0.004824414911608301
2019-09-10,-0.002758974011274681,-0.002565329415076467,-0.00019364459619821426,0.11892770900452804
2019-09-11,0.00030077769178794606,-0.00027524304592736575,0.0005760207377153125,-0.022055890604512667
2019-09-12,0.0066085515557785125,0.004686639050897803,0.001921912504880708,0.14167625481550056
2019-09-13,-0.0014056402619044852,-0.0016038060854885782,0.00019816582358409256,-0.022632675068395315
2019-09-16,0.00819599434345663,0.004820681827692315,0.003375312515764315,0.017145879331829733
2019-09-17,-0.0013658611932257651,-0.002832874989209385,0.0014670137959836205,-0.0035771985974107005
2019-09-18,0.0010020396793051021,0.00048236712406199097,0.0005196725552431107,0.011484547313528156
2019-09-19,-0.00022491639777851556,-0.001705122747550579,0.0014802063497720637,0.05230633322847323
2019-09-20,0.0006438634154441215,2.0612364501564062e-05,0.0006232510509425575,0.016891929359853997
2019-09-23,0.00303866440886402,0.002918925846231992,0.00011973856263202743,0.11798857476564967
2019-09-24,0.001005552378781709,-0.00026105996435712075,0.0012666123431388297,0.11703048088528882
2019-09-25,0.007072484526950445,0.004731449679305482,0.002341034847644963,-0.07205827573802588
2019-09-26,0.008140908440635999,0.005516189896815534,0.002624718543820465,0.1029355990827038
2019-09-27,-0.00407769309808988,-0.0012699272151388483,-0.0028077658829510285,-0.159520952397414
2019-09-30,0.006466610278133668,0.004971273157295191,0.0014953371208384766,-0.135060190698578
2019-10-01,-0.009720960100616315,-0.0048648914956162135,-0.004856068605000099,0.1060404240577395
2019-10-02,-0.007059184129432339,-0.002889931141183733,-0.004169252988248607,-0.05607016549208026
2019-10-03,0.006181598696576102,0.003894489268189884,0.0022871094283862187,0.03671386750462069
2019-10-04,-0.0035410534889454195,-0.0006780785192590747,-0.002862974969686344,0.10319611255363952
2019-10-07,0.002118806856205335,0.0005167990658571991,0.001602007790348135,0.1300240999348759
2019-10-08,0.0072163958425279,0.003195543830284627,0.0040208520122432725,-0.09351967837749202
2019-10-09,0.007164882441433823,0.004061581095706396,0.003103301345727427,-0.07768462477364567
2019-10-10,-0.00590780748434778,-0.003289980273450007,-0.002617827210897773,-0.11952634304815098
2019-10-11,-0.004921065492142354,-0.0028416875362304306,-0.0020793779559119246,0.03096194530663426
2019-10-14,-0.007301760348210515,-0.0027164328480260395,-0.004585327500184476,-0.04418190682463536
2019-10-15,0.001980443803798959,0.0006877796870400632,0.0012926641167589,0.19177036521637708
2019-10-16,-0.0030826663699614356,0.001947511296628842,-0.005030177666590276,0.014249804604052231
2019-10-17,0.013297292861797497,0.007642025939978574,0.005655266921818922,-0.03043405993545885
2019-10-18,0.00096397931652406,0.0022597138463905653,-0.0012957345298665046,0.0899227697499912
2019-10-21,-0.002614040547137155,1.6911193978068513e-05,-0.002630951741115224,-0.08209148974918877
2019-10-22,0.006333060030417705,0.005297232091894442,0.0010358279385232622,-0.09881117611196247
2019-10-23,-0.007321277636229377,-0.0036849396553152386,-0.0036363379809141397,-0.014439669291952038
2019-10-24,-0.009287545632320593,-0.0040513231945285,-0.005236222437792093,-0.019469671144413732
2019-10-25,-0.001082485463086162,-0.001964333364472895,0.0008818479013867342,-0.013636089468337668
2019-10-28,-0.001449902847165206,-0.0006502639112293397,-0.0007996389359358667,0.03920779112499583
2019-10-29,-0.0009720928603695602,0.0006638637469597308,-0.001635956607329292,0.04141863839167086
2019-10-30,0.0029458665137976243,0.0017778612412567597,0.0011680052725408637,0.16122621062590808
2019-10-31,0.0025439694907029393,0.0024199645412143643,0.0001240049494885759,-0.12274356760637563
2019-11-01,0.010983663202971445,0.006081569843278473,0.00490209335969297,0.02123560299603306
2019-11-04,-0.009828657415007665,-0.0073193335330790435,-0.002509323881928628,0.007364464689918821
2019-11-05,0.0016377036806088379,0.0006387232211131148,0.0009989804594957232,0.15214080610410427
2019-11-06,0.00045713266147147174,-0.0006834625685918742,0.0011405952300633446,-0.01927123804454924
2019-11-07,0.008663388026617364,0.004686692682640273,0.003976695343977092,0.08655475435967856
2019-11-08,-0.001387178299368775,0.0003529501927458785,-0.0017401284921146534,-0.03349329339291895
2019-11-11,0.005513622666896413,0.0031341275901831354,0.002379495076713277,-0.005766383112261251
2019-11-12,-0.0023527228022361874,-0.0014482772517464756,-0.0009044455504897131,0.11579553641425663
2019-11-13,-0.0004516064919523554,-0.0004993630694764325,4.775657752407753e-05,-0.04735990988497486
2019-11-14,0.008240218193282283,0.0026420788513496097,0.005598139341932675,-0.020021517129142696
2019-11-15,-0.003462280055879529,-0.002719699225006556,-0.0007425808308729736,-0.1289753654956833
2019-11-18,-0.0014839705954109218,-0.0014069443893873247,-7.70262060236001e-05,-0.02953451065807366
2019-11-19,-0.0103705363039856,-0.005308855312476293,-0.005061680991509308,-0.2143791765646938
2019-11-20,-0.0021661410278366548,-0.001643110464746484,-0.000523030563090169,-0.0011798194375733499
2019-11-21,-0.016504309693117798,-0.008539165571668518,-0.007965144121449278,-0.02401067495547037
2019-11-22,-7.880670256166331e-05,-2.3544570561870662e-05,-5.526213199979341e-05,0.056219764839602414
2019-11-25,-0.0014249041008688786,-0.0008466558537462083,-0.0005782482471226712,0.03615293622987618
2019-11-26,0.0033961083004734765,0.002838975057467205,0.0005571332430062727,-0.12076459015100541
2019-11-27,0.0023178133772869913,0.002988378283801413,-0.000670564906514421,-0.031705254167676555
2019-11-28,-0.008438421731000501,-0.006176563318989976,-0.002261858412010525,0.028294604448667323
2019-11-29,-0.0019744388339862154,-0.00256666327861315,0.0005922244446269331,0.0030409438869061145
2019-12-02,0.0017550208079079672,0.0024668065764696014,-0.000711785768561634,0.005520740872263565
2019-12-03,0.00019360312755685422,0.0006107724376301742,-0.00041716931007331967,-0.11050392068921014
2019-12-04,0.00043702949003620835,-0.0013498792416369036,0.001786908731673112,0.08158568539602429
2019-12-05,-0.008040763706476767,-0.006118718447863641,-0.0019220452586131281,-0.024542323691209057
2019-12-06,0.005121845200743006,0.0031027945525557276,0.0020190506481872796,0.002999527797577747
2019-12-09,-0.0015718232410953214,-0.0015043417373769227,-6.748150371839977e-05,0.16253031411094307
2019-12-10,0.000185181214826025,0.00020244314040914965,-1.726192558312422e-05,-0.007689238346967302
2019-12-11,0.008765097388574023,0.004810155041155694,0.003954942347418331,-0.024185755667832817
2019-12-12,-0.0005656843243082253,-0.001570141095861084,0.0010044567715528593,0.10142345126809213
2019-12-13,-0.0014855285782773933,-0.00044705736831295376,-0.0010384712099644408,-0.01017127155547649
2019-12-16,0.006301202473000835,0.0032014025249052155,0.0030997999480956205,-0.018988546376761232
2019-12-17,-0.0007284825879630418,0.0002881720849299413,-0.0010166546728929814,-0.28018623814531957
2019-12-18,-0.0015350551678945978,-0.0020687179647838633,0.0005336627968892671,-0.26083895993191675
2019-12-19,-0.023595298194390765,-0.012260824599520125,-0.01133447359487064,0.06349357336719427
2019-12-20,-0.024749376659367255,-0.01235311340448142,-0.012396263254885836,0.11590008691110801
2019-12-23,0.0038189682759543794,0.0035957564695062484,0.00022321180644812796,0.02033544645874905
2019-12-24,0.009021508159293225,0.0039662569016737405,0.0050552512576194815,-0.0751878195251273
2019-12-25,0.0012407957168459813,0.001183460919870761,5.733479697522109e-05,0.06419120383045059
2019-12-26,-0.003401353524221861,-0.0016779689814102258,-0.0017233845428116356,0.009776997930135568
2019-12-27,0.003469494212715362,0.0028372215242337,0.0006322726884816624,0.09828256737911568
2019-12-30,0.0005402530601009109,0.0015000671705960658,-0.000959814110495158,-0.1090927488675361
2019-12-31,0.0053790335079190255,0.0033159850407074314,0.002063048467211594,-0.043813559747022904
2020-01-01,-0.005278197567092339,-0.0031117560950729706,-0.002166441472019366,-0.035366387426054025
2020-01-02,-0.0023640201922594606,0.00012048151863943302,-0.0024845017108988928,0.017481652316692325
2020-01-03,-0.0016422405581510368,-0.0011592251251255625,-0.0004830154330254764,-0.059363503607633025
2020-01-06,0.0008715910356120742,0.0012767842166084052,-0.00040519318099633064,0.10671907853584318
2020-01-07,-0.003570647204243535,-0.0016193417026021742,-0.001951305501641359,-0.02138657474217532
2020-01-08,0.006048538259620905,0.004316999540623506,0.0017315387189973976,0.07714705847029363
2020-01-09,-0.0010203413689640671,0.0002302506180834078,-0.0012505919870474743,0.042876719647746
2020-01-10,0.004549949279511003,0.0022605484746275537,0.0022894008048834485,0.0875663795847117
2020-01-13,0.0024806641269312004,0.0015397039999811707,0.0009409601269500315,0.007357359781915165
2020-01-14,0.0045212102878296806,0.0022296309758239475,0.0022915793120057318,-0.03339894390691664
2020-01-15,0.0003954214404151366,-0.00037096013850287067,0.0007663815789180073,-0.02107466002223675
2020-01-16,-0.0018016418846199416,-0.0016678270458582063,-0.00013381483876173488,-0.04734611250895812
2020-01-17,-0.0010678359891824175,-8.687267046939137e-05,-0.0009809633187130256,0.10832528107835415
2020-01-20,-0.0025591647185111786,-0.0021483292824637287,-0.0004108354360474499,-0.07626666741590346
2020-01-21,0.005524847699436241,0.00327086570242573,0.0022539819970105127,0.0563975477362256
2020-01-22,-0.003860859065005385,-0.0035508632477972216,-0.00030999581720816613,-0.08576390541523596
2020-01-23,0.002718091262219297,0.0014758324031508658,0.0012422588590684297,0.021518125426533682
2020-01-24,-0.004186771616904651,-0.00369098083530261,-0.0004957907816020429,-0.01294119583973072
2020-01-27,0.0012408008376619249,0.002376387229128411,-0.0011355863914664873,-0.01377300724664481
2020-01-28,-0.0007234601741536986,-0.00043730835769341934,-0.00028615181646027884,0.0045075934704406325
2020-01-29,-0.0008225201121882882,-0.0002462501668728149,-0.0005762699453154733,-0.07531894265682552
2020-01-30,0.00026622005533742145,-0.0007039916833555542,0.0009702117386929773,0.05987217412563759
2020-01-31,-0.005096968263622811,-0.004115265624112987,-0.0009817026395098245,0.015212622668240085
2020-02-03,0.0044149350635912035,0.0037852692416185546,0.0006296658219726483,-0.017745913900876705
2020-02-04,0.0008579669328753902,-0.0004370758127788289,0.0012950427456542221,-0.007090698890129999
2020-02-05,-0.0008979728167245856,-0.0009856278972300591,8.765508050547323e-05,-0.01742080729220808
2020-02-06,-0.00041197583546649826,0.0014775908856326965,-0.001889566721099193,0.10021186055259008
2020-02-07,-0.0010178436778475707,-0.001861629175428892,0.0008437854975813196,-0.0860111974219443
2020-02-10,0.005755220745425332,0.004106718753286619,0.0016485019921387047,-0.11656276220084198
2020-02-11,-0.004781806730749707,-0.0028089130190134017,-0.0019728937117363043,0.061584690444840266
2020-02-12,-0.007362908938666178,-0.004317913454529915,-0.0030449954841362623,-0.04282544079594134
2020-02-13,0.003388543779076528,0.0019797042339313063,0.0014088395451452213,-0.004745810229054344
2020-02-14,-0.002329283981857823,-0.0009546410353026358,-0.0013746429465551875,-0.0701783607263736
2020-02-17,-0.000307962358568711,0.00032480276608853366,-0.000632765124657245,0.06221697267269476
2020-02-18,-0.004045570918145839,-0.0025118996141617915,-0.0015336713039840483,-0.028224650615941774
2020-02-19,0.0034193805861030394,0.0014583449391068265,0.001961035646996213,-0.014461249901139409
2020-02-20,-0.0016533658008359717,-0.0005905462049035576,-0.0010628195959324132,0.003787096799532393
2020-02-21,-0.0008040263106137749,-0.0005647052701015752,-0.00023932104051220017,-0.03277316074958622
2020-02-24,0.00022890422366686524,-0.00015578501966315075,0.0003846892433300164,-0.135682799287069
2020-02-25,-0.0017248158663018638,-0.00035401761367002895,-0.0013707982526318346,-0.0600485615414225
2020-02-26,-0.007528300015781745,-0.004724485805933175,-0.002803814209848569,-0.04756261216964709
2020-02-27,-0.0032098798743526715,-0.003205811100861153,-4.068773491518532e-06,-0.09686579211673121
2020-02-28,-0.002296701123487602,-0.0018508278959651118,-0.0004458732275224899,0.08613162133384336
2020-03-02,-0.004951868616868841,-0.003131362243953097,-0.0018205063729157434,-0.04388869893888038
2020-03-03,0.004301764742663066,0.002812157103517541,0.0014896076391455269,0.023531239684960122
2020-03-04,-0.0024760688916493573,-0.002530151310098218,5.40824184488615e-05,0.001463394696331407
2020-03-05,0.0012930076585815106,0.0008374244934557377,0.00045558316512577315,0.034845253939234905
2020-03-06,8.180625665612639e-05,0.001111500145226092,-0.0010296938885699658,-0.010524478073505249
2020-03-09,0.001961380751660909,0.0013947133784852166,0.0005666673731756925,-0.0626250019393679
2020-03-10,-0.0005985847047764294,-0.000334164395447815,-0.0002644203093286135,0.09183008421172523
2020-03-11,-0.00381401814682132,-0.0013177612280631593,-0.002496256918758162,-0.03166367627027356
2020-03-12,0.005394249560323739,0.0046749781739895396,0.0007192713863341991,0.1595041631676054
2020-03-13,-0.0018803422474509114,-0.0008217259558449541,-0.00105861629160596,0.0296419079372446
2020-03-16,0.010576495715446155,0.0066854673189856925,0.003891028396460464,-0.013977721492507176
2020-03-17,0.0017439611435780336,0.000656721074293389,0.0010872400692846446,0.016608497660987036
2020-03-18,-0.0008954883202623237,0.00017162265857953787,-0.0010671109788418596,-0.02990340727769531
2020-03-19,0.0010326754658288454,0.00048989966233773,0.0005427758034911162,0.13384579659154663
2020-03-20,-0.0018923142411524454,0.00018080665090034788,-0.002073120892052794,-0.030310328056027545
2020-03-23,0.008534604376887158,0.004406750781620566,0.0041278535952665955,0.14559207495966406
2020-03-24,-0.002010040650419085,-0.00042950462360377,-0.0015805360268153143,-0.014590317391841193
2020-03-25,0.010193304856947236,0.005701344775613101,0.004491960081334133,0.030412555176588144
2020-03-26,-0.0011495777610277071,-0.0014659417049573166,0.0003163639439296047,0.10592467673906454
2020-03-27,0.002206315877140164,0.0025458549546278526,-0.0003395390774876897,-0.20126454484578943
2020-03-30,0.007945299278222248,0.005888331238069478,0.0020569680401527693,0.10716967243161526
2020-03-31,-0.018001622057434538,-0.012923763455151697,-0.0050778586022828445,-0.013613111730411694
2020-04-01,0.0068137524635245444,0.004244885969235229,0.002568866494289316,0.10445977549022671
2020-04-02,-0.0008257110596286217,2.8407716365161026e-05,-0.0008541187759937823,-0.05388886467089989
2020-04-03,0.008291251442988094,0.004928773989293377,0.00336247745369472,-0.13654504616113713
2020-04-06,-0.0039010661268112706,-0.0009747447543938708,-0.0029263213724174007,-0.010614314042644533
2020-04-07,-0.009963045956396362,-0.005352308812864056,-0.004610737143532301,-0.014190956387510686
2020-04-08,-0.0008426060860103348,-0.00038809066769043485,-0.00045451541831989864,0.006185780144173282
2020-04-09,-0.0011066715047836576,-0.000716512280701951,-0.0003901592240817068,-0.008745706203396725
2020-04-10,0.00048601566615992476,2.147697026241499e-05,0.0004645386958975102,0.07897655692576809
2020-04-13,-0.0006190077549058331,-0.0005557745316010325,-6.323322330480108e-05,-0.08190780533001571
2020-04-14,0.00594274194442177,0.003254809471896585,0.0026879324725251827,-0.09274803792195777
2020-04-15,-0.006856859204171568,-0.002816708166365802,-0.004040151037805766,0.1004765117673368
2020-04-16,-0.0065101763816501545,-0.003505516416599448,-0.003004659965050706,0.026924395673882582
2020-04-17,0.0068336482007846505,0.00467488594500096,0.002158762255783691,0.06866564277159262
2020-04-20,0.0019311755821198515,0.0007397367059367257,0.0011914388761831247,-0.05448194729414503
2020-04-21,0.0047528644494019895,0.005031145079735957,-0.000278280630333967,0.0063080890735089925
2020-04-22,-0.003591744416168871,-0.000803966586070461,-0.002787777830098412,-0.0552933880929578
2020-04-23,0.00048016968978260594,0.0012749100336033325,-0.0007947403438207257,-0.00664217882861141
2020-04-24,-0.00448321304173304,-0.0009202087173012866,-0.003563004324431752,-0.036449622078250886
2020-04-27,-0.0005470830366783184,-0.0017201871822106578,0.0011731041455323391,-0.05344978736884996
2020-04-28,-0.0026866999013602554,-0.0017688777460298955,-0.0009178221553303597,0.02625579743635263
2020-04-29,-0.0040102351821549,-0.0039045527129922732,-0.00010568246916262992,-0.012883445703397918
2020-04-30,0.002120640970219615,0.001138553227604729,0.0009820877426148858,0.049235525972224504
2020-05-01,-0.0011867734086776836,-0.00019289263843336657,-0.000993880770244317,0.05788936482359315
2020-05-04,0.00375582323756583,0.003650631019087092,0.00010519221847873819,0.0713841145279221
2020-05-05,0.004432565976185549,0.002114704254914555,0.0023178617212709952,-0.144912459971523
2020-05-06,0.005117747620054013,0.0023058656027744144,0.0028118820172795995,-0.10565549203769042
2020-05-07,-0.011516941434412821,-0.007862041904703049,-0.0036548995297097722,0.044089837228125726
2020-05-08,-0.007572939059098498,-0.003529013161134551,-0.004043925897963947,-0.07814474866905245
2020-05-11,0.002764340858047853,0.002366922252731652,0.00039741860531620696,0.18665306981506533
2020-05-12,-0.004675327525761989,-0.0011984461384763473,-0.0034768813872856404,0.015901590334438772
2020-05-13,0.014703812512261648,0.006384174725225084,0.008319637787036569,0.18485982520349972
2020-05-14,0.0010176894025270213,-0.0021416470555090626,0.0031593364580360835,-0.0008245377657797187
2020-05-15,0.015141006826814876,0.007951219146531976,0.007189787680282899,0.05717345945024692
2020-05-18,-3.827429890213208e-05,9.070966610822892e-05,-0.00012898396501036073,-0.10446918921997436
2020-05-19,0.0037246093285847673,-0.0005797233051140795,0.004304332633698844,0.023869238930328853
2020-05-20,-0.006744700494136661,-0.002275887567594454,-0.004468812926542207,0.046596468327208915
2020-05-21,0.0015416156597759523,-0.000810132672304272,0.0023517483320802243,-0.024312882640934765
2020-05-22,0.002886929691244578,0.003571386522694231,-0.0006844568314496556,0.04897736968726996
2020-05-25,-0.0015694953641476554,-0.0009214810218412216,-0.0006480143423064342,0.010479906895621475
2020-05-26,0.002708842993437547,0.0029365903650211047,-0.0002277473715835577,-0.026079455430817036
2020-05-27,0.0007031130584725619,-0.0009645241779219424,0.0016676372363945043,-0.0037533357150165065
2020-05-28,-0.0017342847365700805,-0.0008891440305025221,-0.000845140706067558,-0.11337575334827353
2020-05-29,-0.00023220391711075556,-0.0012796543914974454,0.001047450474386688,-0.062086577574542424
2020-06-01,-0.008556247982811141,-0.0051120666431728745,-0.0034441813396382664,0.081125055491357
2020-06-02,-0.004112282264971105,-0.0011553997215892862,-0.0029568825433818197,-0.08858395776434819
2020-06-03,0.0046753041226995804,0.0027314696726413804,0.001943834450058201,-0.02947479232922939
2020-06-04,-0.0056380202275662095,-0.0032579268668225933,-0.002380093360743616,-0.07638314237540778
2020-06-05,-0.0020092461862512632,-0.00217466297661386,0.00016541679036259703,-0.08554861865280043
2020-06-08,-0.0047931746594252495,-0.002158647022087047,-0.002634527637338204,-0.03509977143352734
2020-06-09,-0.005142718842346866,-0.002762547071313337,-0.0023801717710335295,-0.008645187216165633
2020-06-10,-0.002178312738808603,0.00011576525015119331,-0.0022940779889597954,-0.02063956608413879
2020-06-11,-0.0004689910788401321,-0.0006721618874092443,0.00020317080856911175,-0.12001300221386411
2020-06-12,-0.0013046331870202378,-0.0006846211783776528,-0.0006200120086425828,-0.06798350194145969
2020-06-15,-0.008824536745767416,-0.003271469800215126,-0.00555306694555229,0.06636016064154796
2020-06-16,-0.004851888380093325,-0.003224648841800645,-0.0016272395382926803,0.11639160162231678
2020-06-17,0.004448465055214835,0.0027397709266286487,0.0017086941285861866,0.05693107313130227
2020-06-18,0.006991556802608158,0.004602469413029959,0.002389087389578201,0.10397267955283715
2020-06-19,0.003615255289535222,0.002731196477435822,0.0008840588120993995,-0.18899670370663219
2020-06-22,0.006627072308069602,0.004298815254791884,0.002328257053277721,0.07857368142962835
2020-06-23,-0.011889911772522788,-0.00688026074306059,-0.005009651029462197,0.027421504622848786
2020-06-24,0.00454401290846612,0.0028272480078093036,0.0017167649006568165,-0.07807040078296436
2020-06-25,0.00162035489042356,0.0006251982996000483,0.0009951565908235117,-0.06425861012867287
2020-06-26,-0.004689456529195966,-0.0017509580748556325,-0.0029384984543403356,0.1203624842034822
2020-06-29,-0.003699620958630324,-0.0010436983344345964,-0.002655922624195728,-0.03491072776418121
2020-06-30,0.007455799035970746,0.0039429492502668665,0.0035128497857038797,-0.20808925462377195
2020-07-01,-0.00189028079660183,-0.0018470814721764416,-4.319932442538809e-05,0.049910707255352564
2020-07-02,-0.01451187332788133,-0.008806357604814588,-0.005705515723066736,0.08241595945294376
2020-07-03,0.003205095539428296,0.0005151082047512925,0.0026899873346770036,-0.04975667249840644
2020-07-06,0.004681910975769303,0.00233218149832419,0.002349729477445113,-0.037345571297881866
2020-07-07,-0.0030440241334918896,-0.001755872450284939,-0.0012881516832069508,0.08848580410277802
2020-07-08,-0.0022175794222428534,-0.001767845643604606,-0.0004497337786382484,-0.002069149755629011
2020-07-09,0.00537862788799198,0.002462074852636371,0.002916553035355606,-0.036310881999068165
2020-07-10,-0.00011344491929919653,0.00015330022200169468,-0.0002667451413008912,0.046020358539503044
2020-07-13,-0.002222982180896242,0.0005452754605229663,-0.002768257641419208,0.10074177478416131
2020-07-14,0.0024833097737938627,0.0007510520734305684,0.0017322577003632943,0.025114776745578802
2020-07-15,0.0061323471823000325,0.0035622047291985447,0.002570142453101488,-0.023858870240587974
2020-07-16,0.0017016813174086762,0.0004405529810372435,0.0012611283363714314,0.01740793249563353
2020-07-17,-0.001657004641145326,9.587211822212598e-05,-0.0017528767593674504,-0.009833187985125997
2020-07-20,0.0013107056519018807,0.00230296748789964,-0.000992261835997758,0.08619300666980532
2020-07-21,-0.0006539322011208889,-8.996386625504012e-06,-0.0006449358144953853,0.1330497803258799
2020-07-22,0.0066258043930048326,0.004236511449031725,0.0023892929439731083,-0.0451512238361433
2020-07-23,0.009156332140991132,0.0064689848531425944,0.002687347287848536,0.20227101874576714
2020-07-24,-0.0033933136149599096,-0.0015684639146689213,-0.0018248497002909883,-0.23026595054019838
2020-07-27,0.01579628670234841,0.009678989322455658,0.006117297379892759,0.025353176920938574
2020-07-28,-0.016557953633468125,-0.009275874007342791,-0.007282079626125338,-0.15381864711703297
2020-07-29,0.0014701106347477172,0.0015839936508929408,-0.0001138830161452227,-0.02087544840582796
2020-07-30,-0.010397724950745408,-0.005744511751150543,-0.004653213199594864,-0.06371832173715682
2020-07-31,-0.0012783006031320673,-0.0008550437452871425,-0.0004232568578449239,0.06095582998308241
2020-08-03,-0.004220575707719455,-0.002539589130102193,-0.001680986577617261,0.03557731706082153
2020-08-04,0.0036353122258553344,0.002281187630188762,0.0013541245956665724,0.07054605727118034
2020-08-05,0.0021834346928739567,0.0009418248375120094,0.0012416098553619467,0.053320154396944396
2020-08-06,0.004644710834360772,0.0038264902264962047,0.0008182206078645657,-0.05774253128113106
2020-08-07,0.002975460539865575,0.0020137042369650967,0.0009617563029004781,-0.028303454347862054
2020-08-10,-0.003854982697907265,-0.0034638843126730675,-0.00039109838523419815,-0.0810604550876334
2020-08-11,-0.001557182562281247,-0.001378185768317503,-0.00017899679396374355,0.09238496746148506
2020-08-12,-0.00451483273615878,-0.0017888226625463331,-0.002726010073612448,0.02253346505832283
2020-08-13,0.005603786035257129,0.002608654427314551,0.002995131607942579,0.05310848770452896
2020-08-14,0.0013929770811997749,-0.00034724533268929185,0.0017402224138890663,-0.04698195235765953
2020-08-17,0.003391442093043666,0.0028316502930512983,0.0005597917999923697,-0.10094715235283405
2020-08-18,-0.0027866286883269403,-0.0013574223794673938,-0.0014292063088595462,-0.14207770159788963
2020-08-19,-0.006559333297810321,-0.0037822571616773337,-0.0027770761361329884,0.017063424105243977
2020-08-20,-0.009172262736761472,-0.005769318512695606,-0.0034029442240658654,0.06071467517599282
2020-08-21,0.0011170135407466357,0.0003113665137012482,0.000805647027045388,-0.10790697555144185
2020-08-24,0.004055090353666833,0.0007192273477109271,0.0033358630059559056,-0.03431160975658621
2020-08-25,-0.007134127526089619,-0.006504437363795117,-0.0006296901622945012,0.13643501182040688
2020-08-26,-0.0021177985886361482,-0.002245824245218711,0.00012802565658256212,-0.024838944877628368
2020-08-27,0.009656225971513409,0.0053150721325356445,0.004341153838977768,0.0839345528352839
2020-08-28,-0.0017039910150583603,-0.0007414601637787555,-0.0009625308512796046,-0.17229865000218206
2020-08-31,0.006351720716249487,0.003466716439223273,0.0028850042770262154,0.09695710974663857
2020-09-01,-0.012086480220157885,-0.008638352529046702,-0.0034481276911111827,-0.0008616573171541854
2020-09-02,0.0066431190647859555,0.003440699260885218,0.003202419803900739,0.07738875563348294
2020-09-03,-5.5859101027337654e-05,-0.0005817363815438792,0.0005258772805165415,-0.029324968981028265
2020-09-04,0.005618846422820765,0.0025479047986643466,0.003070941624156418,0.08228990164338966
2020-09-07,-0.0019484200754839643,-0.002553170377696637,0.0006047503022126735,-0.025720573203789527
2020-09-08,0.005163872273482985,0.0039052155324883413,0.0012586567409946432,-0.012411633873280545
2020-09-09,-0.0018527223590967977,-0.0018033851099222885,-4.933724917450914e-05,-0.00999406089500085
2020-09-10,-0.0007607795916653964,0.0002643085411752986,-0.0010250881328406946,0.03178217730354044
2020-09-11,-0.0007327620374667158,-0.0006343444870076514,-9.84175504590637e-05,0.03036224925010485
2020-09-14,0.0021114289529658354,0.0010660605545458179,0.0010453683984200188,0.04792432331842025
2020-09-15,0.001957223993422059,0.001585635615730348,0.00037158837769171293,0.02989072841379035
2020-09-16,0.0035523510974869005,0.0029509401601919873,0.000601410937294912,-0.022014185127613595
2020-09-17,0.0019836193669015905,0.0011241872641356426,0.000859432102765947,-0.07753796626725698
2020-09-18,-0.0016083324946038857,-0.0010002014490363316,-0.0006081310455675563,-0.00890604799951396
2020-09-21,-0.004880366310790838,-0.0042670617203964326,-0.0006133045903944057,-0.024270087199155962
2020-09-22,-0.0006396819163059977,0.0009956210227279657,-0.0016353029390339634,0.15285792159164435
2020-09-23,-0.0018180363829326531,3.289648803845311e-05,-0.0018509328709711062,0.059481219656911485
2020-09-24,0.011052173197018414,0.0067346308599658955,0.004317542337052517,-0.0004864164950711997
2020-09-25,0.004524033652407932,0.0014913254258528477,0.003032708226555084,-0.040406426912772415
2020-09-28,-3.8304033248968484e-05,0.001070216054690678,-0.0011085200879396451,0.050881298604901745
2020-09-29,-0.0030694513995065797,-0.001949681329991874,-0.0011197700695147056,-0.031146396907102504
2020-09-30,0.003921680563430816,0.0023814493125140753,0.0015402312509167418,-0.08115970051065131
2020-10-01,-0.0022038398684934447,-0.00033946793308658465,-0.0018643719354068612,0.01307184459958256
2020-10-02,-0.006346037913624073,-0.004711812100492962,-0.0016342258131311095,0.05059900790214932
2020-10-05,0.0008322647427633249,0.000841659005101649,-9.394262338324917e-06,0.005374339330026008
2020-10-06,0.0035195654179460546,0.001703086057768038,0.001816479360178017,-0.057037022794966
2020-10-07,0.00037855348947581264,-0.0019175176813391484,0.002296071170814961,-0.0016218496241581742
2020-10-08,-0.0042542488281910535,-0.002973313749038073,-0.0012809350791529806,-0.07013282990455828
2020-10-09,-0.00012852177423650305,6.357741748102413e-05,-0.0001920991917175284,-0.06891301249020486
2020-10-12,-0.005590712215805585,-0.002684723367967129,-0.0029059888478384574,0.267474838196345
2020-10-13,-0.005748083591513282,-0.0025852103937628046,-0.003162873197750476,-0.026522434853500497
2020-10-14,0.021021413506921896,0.010849733040171498,0.01017168046675039,0.004768171591212524
2020-10-15,-0.002149930477927857,-0.0009695105309999487,-0.0011804199469279079,-0.1816042673188897
2020-10-16,0.00035193409208417745,-0.0004994221188817476,0.0008513562109659263,0.09248560093608453
2020-10-19,-0.01581327113225948,-0.00886059656393888,-0.0069526745683206,-0.016988626547163658
2020-10-20,0.007387032738422174,0.004635101133210352,0.0027519316052118208,0.02137810979733255
2020-10-21,-0.0011968601915131626,-0.0010351339761218749,-0.00016172621539128733,-0.022840833741770563
2020-10-22,0.0015195215202185935,0.0013688835722128903,0.0001506379480057038,0.015480459698686028
2020-10-23,-0.0016540486705764242,-0.0012633023628965297,-0.0003907463076798963,-0.02426707813659456
2020-10-26,0.0010026130762336184,0.00024111030660134772,0.0007615027696322701,-0.03392200303832827
2020-10-27,-0.0017499125456159695,-0.0004745944140895353,-0.001275318131526433,-0.006882404594828869
2020-10-28,-0.002451676368231419,-0.0006738906459324004,-0.0017777857222990197,-0.16167820005425076
2020-10-29,-0.0004560224304979469,-0.0003969204229068991,-5.910200759104672e-05,-0.12876846313416862
2020-10-30,-0.012519870069563985,-0.006531024647809093,-0.005988845421754894,-0.037457473965778386
2020-11-02,-0.008657183378183442,-0.005023774158853883,-0.0036334092193295586,0.04512820123199377
2020-11-03,-0.0025650415995441245,-0.0021528210466741776,-0.00041222055286994734,0.012260415991041003
2020-11-04,0.003053151453093986,0.002116879018788887,0.0009362724343050992,-0.04722994195675837
2020-11-05,0.000888862088776419,-1.4541369676995038e-05,0.0009034034584534138,0.014589154289465823
2020-11-06,-0.0036426413476630982,-0.0020955678278235974,-0.0015470735198395008,-0.0065175231100395034
2020-11-09,0.000963774245697974,0.0015504605718166444,-0.0005866863261186697,-0.07131938186708743
2020-11-10,-0.00046191255658302715,0.0009419372093896492,-0.0014038497659726763,0.0710618280103968
2020-11-11,-0.005371145171639587,-0.00386681196841407,-0.001504333203225519,0.14733801463885376
2020-11-12,0.005581761028439892,0.004887313894032669,0.0006944471344072238,0.03241323811669898
2020-11-13,0.01239938190919895,0.008262618725800936,0.004136763183398014,-0.28303122439815553
2020-11-16,0.002796838617322544,0.0024482182989387395,0.00034862031838380175,0.23905765540541388
2020-11-17,-0.026362122627411153,-0.015330586140654743,-0.011031536486756413,-0.1030099553124983
2020-11-18,0.0190790256000481,0.012355066745477416,0.006723958854570685,-0.07507274717986613
2020-11-19,-0.008637595836815441,-0.005323285442243112,-0.00331431039457233,0.0010211323839695676
2020-11-20,-0.005566641514702528,-0.003525493636119221,-0.0020411478785833086,-0.04841332962127502
2020-11-23,-2.2795387610231822e-05,0.001018975050714535,-0.0010417704383247663,-0.010689251019105644
2020-11-24,-0.003694242593744232,-0.0028638525435997035,-0.0008303900501445294,0.1336722361836656
2020-11-25,-0.000807885481558247,5.917770910756075e-05,-0.0008670631906658084,-0.02905486541976057
2020-11-26,0.008974322811360288,0.004977790223511642,0.003996532587848648,0.08646351435423179
2020-11-27,-0.002270206132660546,-0.0025555049321913086,0.0002852987995307617,0.06017042822108781
2020-11-30,0.006848718758802368,0.004494986044487496,0.002353732714314872,-0.2055518689502757
2020-12-01,0.0041494908143183155,0.002888092729498768,0.0012613980848195467,-0.010195314663158202
2020-12-02,-0.015186180874878687,-0.009461521111699064,-0.005724659763179627,-0.021495377809149088
2020-12-03,-0.0007542894248033043,-0.0006175428796378352,-0.00013674654516546841,-0.1161330633813589
2020-12-04,-0.0016582178537672574,-0.00028459649283642686,-0.0013736213609308306,0.014392818050056908
2020-12-07,-0.008841187189361548,-0.00531715898042975,-0.003524028208931799,0.0023256837635774524
2020-12-08,0.0011347129063776521,0.0015772520245216116,-0.00044253911814395863,-0.12538333792614806
2020-12-09,0.00036082062863966764,-6.789735575746247e-05,0.0004287179843971249,-0.11656949977931924
2020-12-10,-0.009059695758895476,-0.004350985916221725,-0.00470870984267375,0.17336681903699525
2020-12-11,-0.007893564227698623,-0.0021433708280947233,-0.005750193399603899,-0.1520810295066306
2020-12-14,0.010412171972181833,0.004934081123926442,0.0054780908482553875,-0.07814024069418778
2020-12-15,-0.012003785172156733,-0.0074924175141211575,-0.004511367658035571,-0.08274476223905382
2020-12-16,-0.005809604365523385,-0.005570105247228829,-0.0002394991182945558,0.17968898537281872
2020-12-17,-0.005445709866845625,-0.004172415584662931,-0.0012732942821826916,0.0824455573684576
2020-12-18,0.012664239027249224,0.007249075594028114,0.005415163433221112,0.12720794620218043
2020-12-21,0.00503620718462683,0.003690400644403454,0.0013458065402233762,0.014352809354069792
2020-12-22,0.009119156897703498,0.005496297851294895,0.0036228590464086044,0.18528806730397207
2020-12-23,0.0010337998574078055,0.0032796888764573557,-0.0022458890190495493,0.16717239640028894
2020-12-24,0.011433871965362486,0.006482960390933845,0.004950911574428643,0.0005514073410975477
2020-12-25,0.010968557654769399,0.006385508085875923,0.004583049568893474,-0.03550943600822575
2020-12-28,3.1290406749889636e-05,-1.038510661180523e-05,4.1675513361694e-05,0.20416429577614154
2020-12-29,-0.0024853141479785393,-0.0025564580526847916,7.11439047062501e-05,0.026842073845056016
2020-12-30,0.014324875448467212,0.010060559628668569,0.004264315819798643,0.08139666653958745
2020-12-31,0.0016089402152478871,0.0007826965838835008,0.0008262436313643869,-0.16199874242990478
2021-01-01,0.005468105234802345,0.003959491410343956,0.0015086138244583911,-0.018270791363093834
2021-01-04,-0.013819179133415684,-0.009928300792262017,-0.003890878341153668,0.15564934719848433
2021-01-05,-0.0013582646080427636,-0.0017826313996751053,0.00042436679163234195,-0.12252974725820005
2021-01-06,0.011906412380338812,0.006340060002960673,0.005566352377378138,-0.024683341598675863
2021-01-07,-0.00959160704990164,-0.007514456469851386,-0.0020771505800502577,0.16009681384108834
2021-01-08,-0.0014369159111679293,-0.0011209963538979786,-0.00031591955726995025,-0.024359102592345465
2021-01-11,0.010585298730337023,0.005934123066221765,0.004651175664115256,0.11547251608001434
2021-01-12,-0.0018628921072327501,-0.004428463788805952,0.0025655716815732,0.06743314006070737
2021-01-13,0.007979615365551557,0.004399918122857952,0.003579697242693604,-0.0009566746725853822
2021-01-14,0.0038564828458103545,0.001862010029573995,0.0019944728162363586,-0.03760508638082087
2021-01-15,-0.00010880777017187825,0.00017213311304547542,-0.0002809408832173529,0.1136567134393237
2021-01-18,-0.0025576077713599992,-0.0005864216804161489,-0.001971186090943851,-0.08219375986010315
2021-01-19,0.008018470797360696,0.0036735510704077393,0.004344919726952958,-0.12448185874814979
2021-01-20,-0.006328701689617926,-0.006107485280208245,-0.0002212164094096804,0.05614383019066708
2021-01-21,-0.008443869794177456,-0.005030524252611666,-0.003413345541565788,-0.1003647053571539
2021-01-22,0.003789843311860086,0.004379052334127524,-0.0005892090222674347,-0.045647011107076016
2021-01-25,-0.00723541168533234,-0.0031534227973951095,-0.004081988887937229,-0.0003926232198886022
2021-01-26,-0.002759918000470692,-0.002181216288060995,-0.0005787017124096946,-0.0220671979458587
2021-01-27,-2.6854865173056228e-05,0.0026307972721406267,-0.002657652137313681,0.032649526706051035
2021-01-28,-0.0014122573556158108,-0.0003143725343875189,-0.001097884821228291,-0.029310727313818907
2021-01-29,0.0020794136245776717,0.0006053945270311754,0.0014740190975464965,0.027659036310912377
2021-02-01,-0.0019482144536476821,-0.0014408125166095287,-0.0005074019370381528,0.0009656944743604456
2021-02-02,0.0018093330620778069,0.001841760111315577,-3.242704923777035e-05,-0.06996203190807171
2021-02-03,7.090093783623065e-05,0.0017339497173598714,-0.001663048779523641,-0.04221427461546507
2021-02-04,-0.004976790707791851,-0.0037318822269666804,-0.0012449084808251708,-0.02368443698980028
2021-02-05,-0.002759041071525842,-0.002992177889026653,0.0002331368175008102,0.0471958052533237
2021-02-08,-0.0016172226570850758,-0.0013868208785747429,-0.00023040177851033246,0.03215208784081031
2021-02-09,0.0030073861459006387,0.0015365068838794418,0.0014708792620211986,-0.05415199942944424
2021-02-10,0.002181387556031961,0.001260589396260491,0.0009207981597714708,0.034056098791960594
2021-02-11,-0.003797592361346219,-0.0040082414288650225,0.00021064906751880243,-0.14100674264323787
2021-02-12,0.002166720354110715,0.00046219085912983793,0.0017045294949808772,0.046571879655841364
2021-02-15,-0.008502170571837882,-0.004913936650883736,-0.0035882339209541473,0.0051785740070971935
2021-02-16,0.0027853654830658457,0.0012584829836715691,0.0015268824993942766,-0.16611433005794066
2021-02-17,0.00034142694047848516,0.0012059577120637445,-0.000864530771585258,-0.0664123402175364
2021-02-18,-0.010942579827653405,-0.006256682686844333,-0.0046858971408090715,-0.01181043021378164
2021-02-19,-0.00431929846663006,-0.0020148605530234476,-0.0023044379136066117,0.016050880427338484
2021-02-22,-0.000748176984416662,-0.0001302925636981183,-0.0006178844207185442,-0.1813510662659366
2021-02-23,0.0009909519143421054,0.001570022401851983,-0.0005790704875098772,0.035247277150889586
2021-02-24,-0.013723160450295709,-0.009232802025437236,-0.004490358424858475,0.028769030774268678
2021-02-25,0.0023429915750445606,-0.000265117066704703,0.0026081086417492627,-0.022288593409538357
2021-02-26,0.0019276178277171192,0.0012370228022315407,0.0006905950254855794,-0.013614410922516616
2021-03-01,-0.0016110578342568784,8.110414383619277e-05,-0.001692161978093071,-0.09586641187982528
2021-03-02,-0.0010208069068019638,-0.0026625696987364316,0.0016417627919344657,-0.1507345045663095
2021-03-03,-0.006824816078023919,-0.003989314903128552,-0.0028355011748953667,-0.0702941753034622
2021-03-04,-0.011031386287253964,-0.00557178004942473,-0.005459606237829234,0.004285059277527754
2021-03-05,-0.00457115381163207,-0.001963575777292381,-0.002607578034339689,0.024668699104923943
2021-03-08,0.00026556235215752884,0.00047764109945044875,-0.00021207874729291948,-0.1374387668118164
2021-03-09,0.0015992881148313813,0.0010274079361586187,0.0005718801786727627,-0.0743968581691889
2021-03-10,-0.011922248948681262,-0.006767739643081631,-0.005154509305599629,-0.0259326624806165
2021-03-11,-0.0054657409816285165,-0.0029866476803311233,-0.002479093301297395,-0.10864727943035417
2021-03-12,-0.0016746541390259039,-0.0009062868234476626,-0.0007683673155782405,0.06624024741624332
2021-03-15,-0.007318267257661712,-0.006186267959331384,-0.0011319992983303308,-0.02240909334395334
2021-03-16,0.0043866946191064085,0.0011125239492884628,0.0032741706698179458,0.032803790361862616
2021-03-17,-0.0014323321296678849,-0.0009570645679721056,-0.00047526756169577987,-0.09168452223172618
2021-03-18,0.002099130097909397,0.002884013807585779,-0.0007848837096763837,0.06768012496047096
2021-03-19,-0.006520353928913924,-0.005647004441225723,-0.0008733494876882013,-0.04121562671929074
2021-03-22,0.005568103758499812,0.004646729912627436,0.0009213738458723761,-0.09533171583099752
2021-03-23,-0.0034765151625323135,0.0001948008846252569,-0.003671316047157574,-0.20497229791349786
2021-03-24,-0.00750060472297527,-0.004370541910719514,-0.0031300628122557577,-0.12494924550731012
2021-03-25,-0.01562688922432595,-0.007993496020486978,-0.007633393203838974,-0.04194451988817525
2021-03-26,-0.008879165384467083,-0.005242328474409558,-0.0036368369100575233,0.15543434765188044
2021-03-29,-0.003126281578778055,-0.0003092028138519439,-0.002817078764926111,-0.09362701910112244
2021-03-30,0.01166139933913651,0.005095920731036311,0.006565478608100199,-0.03315219531069712
2021-03-31,-0.0063377652600557464,-0.0022500124944370564,-0.0040877527656186935,-0.1305749375175498
2021-04-01,-0.0022757123803974428,-0.002365545247388982,8.983286699153908e-05,-0.11521077021391778
2021-04-02,-0.008519734192614207,-0.0031272454198886662,-0.005392488772725534,0.042131687668611105
2021-04-05,-0.00858233828276158,-0.003754552646683609,-0.004827785636077971,0.017894563523407434
2021-04-06,0.003561049229153018,0.0016752424912100019,0.0018858067379430177,0.06923615461366199
2021-04-07,0.0012143982616207344,0.0011512019610058332,6.31963006149025e-05,-0.019670276195929613
2021-04-08,0.0044742344334300485,0.003061846260913322,0.0014123881725167271,-0.07012458417825068
2021-04-09,-0.001188071280775146,0.0005749185309810916,-0.0017629898117562364,0.01516893394123464
2021-04-12,-0.004657284305556016,-0.0029624273802138744,-0.0016948569253421447,0.0639335326732891
2021-04-13,0.0010259788094173898,0.00046469905436027713,0.000561279755057112,-0.00015734215677838274
2021-04-14,0.004272597096122098,0.0011606344126446093,0.0031119626834774892,0.17406486744383906
2021-04-15,-9.099523342846099e-06,-0.0001986033535919772,0.00018950383024913392,-0.055946389935428074
2021-04-16,0.010707432079946731,0.005189820320793055,0.005517611759153676,-0.07129327889862258
2021-04-19,-0.0031030122342570006,-0.0012838426275345906,-0.0018191696067224108,0.02110865814782163
2021-04-20,-0.004545388648870799,-0.001564970838336989,-0.0029804178105338093,-0.03914407977181922
2021-04-21,0.0012914342870303758,0.00022044421859577015,0.001070990068434606,0.024638371888370047
2021-04-22,-0.0026723185256584095,0.001258469033304347,-0.00393078755896276,0.0957362319865974
2021-04-23,0.001756100115998297,0.0005602235398204473,0.001195876576177854,0.01659957322719654
2021-04-26,0.005459149796160708,0.003351360269594969,0.0021077895265657386,-0.10829395012574682
2021-04-27,0.0009770507295432402,0.0002635766039957507,0.0007134741255474897,-0.00328174016629304
2021-04-28,-0.005771918349691124,-0.0021325906183883026,-0.0036393277313028216,-0.07970516988236466
2021-04-29,-0.00016322048738130366,7.043877432624541e-05,-0.00023365926170754864,0.07209283586500233
2021-04-30,-0.004827904203970258,-0.003814252028747595,-0.0010136521752226626,0.1745301080179381
2021-05-03,0.004544067413664647,0.0017871870219726277,0.002756880391692019,-0.05297805393932884
2021-05-04,0.01125461260730691,0.004755373300296172,0.006499239307010733,0.053143275317962396
2021-05-05,-0.003635739343223634,-0.002786642073545984,-0.0008490972696776448,0.029968258863372683
2021-05-06,0.0037778360416190534,0.00307769940242633,0.0007001366391927253,-0.0016573442290811705
2021-05-07,0.0020439992790500477,0.001067818899466378,0.0009761803795836667,-0.010706478787849834
2021-05-10,-0.00010795167403999711,-0.0013759931414006384,0.0012680414673606416,0.07477141089167726
2021-05-11,-0.0006871767404730989,0.00041291059370904964,-0.0011000873341821503,0.04932337323916544
2021-05-12,0.004873593650758942,0.0026170241522533583,0.002256569498505584,0.1731052034393021
2021-05-13,0.0032224707969972454,0.0017504320959538175,0.0014720387010434231,-0.12957538802197446
2021-05-14,0.011043150055026619,0.0057899693967324375,0.005253180658294179,0.0323353871116775
2021-05-17,-0.008417627312591821,-0.003980398740007756,-0.004437228572584063,0.04230774854447167
2021-05-18,0.001967295602504077,0.0014046198275694342,0.0005626757749346411,0.034758534508844634
2021-05-19,0.00273852807652005,0.003153693790618285,-0.0004151657140982341,-0.09132648881628085
2021-05-20,0.0023699107086227566,0.0012486547861070684,0.0011212559225156887,0.11133873789039189
2021-05-21,-0.006116807830494065,-0.004828647149562633,-0.0012881606809314328,0.1222115365629217
2021-05-24,0.007355776930521196,0.004109593850204968,0.0032461830803162265,0.09829764361940646
2021-05-25,0.008290749631080795,0.0034778922052214377,0.004812857425859357,0.0067483249105942614
2021-05-26,0.006594566132869623,0.0031649598895750024,0.0034296062432946214,0.08200087984870365
2021-05-27,0.0004439195540582091,0.00035694203456792736,8.697751949028609e-05,0.039145567055581455
2021-05-28,0.005616907442639989,0.003655825002347925,0.0019610824402920626,-0.008079299128343004
2021-05-31,0.0026124127062440456,0.0018300905950908131,0.0007823221111532329,-0.023989545073671275
2021-06-01,-0.0005940303726931317,0.0001039346752486469,-0.0006979650479417791,-0.05185107485215049
2021-06-02,-0.0016050606072535176,-0.0009255964819646807,-0.000679464125288836,-0.0428101102395899
2021-06-03,-0.004083287302501147,-0.002488487484166034,-0.0015947998183351124,0.023195614484014318
2021-06-04,-0.0034075354158895404,-0.0023704856121754686,-0.0010370498037140692,-0.021373561990454547
2021-06-07,0.0015684732629573951,-0.0016423927882659103,0.003210866051223305,0.021133585183339253
2021-06-08,-0.0017626412914902767,-0.0016909019600976141,-7.173933139266106e-05,0.014982075132815936
2021-06-09,0.001483208081299453,0.0014475500079882738,3.565807331117922e-05,-0.06439521948428999
2021-06-10,0.0011394794011912006,0.00038603512757838,0.0007534442736128188,-0.027590387055788965
2021-06-11,-0.004850227395486309,-0.003536733869652267,-0.0013134935258340419,-0.09377848000212693
2021-06-14,-0.0018118226248711575,-0.0003692848900717204,-0.0014425377347994373,-0.12115515326901678
2021-06-15,-0.006232120770823368,-0.004812153552534117,-0.0014199672182892507,-0.09133370368724862
2021-06-16,-0.007625794119833474,-0.0055654061858610646,-0.00206038793397241,0.018705210766038694
2021-06-17,-0.006784784155344868,-0.004532832358803508,-0.002251951796541359,0.04942249754608721
2021-06-18,0.0013958531911465464,0.0018205453934367344,-0.00042469220229021665,0.11546173011301118
2021-06-21,0.004708433719332713,0.002434874777367254,0.002273558941965459,-0.005093721161083246
2021-06-22,0.011099726642594737,0.005021520628234119,0.006078206014360613,0.05827402880347842
2021-06-23,-0.00042872298787577953,-0.0008202882062909537,0.00039156521841517307,-0.024905762825753793
2021-06-24,0.004242822817420874,0.0029283096043796267,0.0013145132130412476,0.13192624297581657
2021-06-25,-0.001770733907430858,-0.0004975971999803212,-0.001273136707450535,0.06722548256315279
2021-06-28,0.009682896263507474,0.00500398114486221,0.004678915118645266,0.13733980725922781
2021-06-29,0.004325362370874738,0.004783709064054072,-0.00045834669317933174,0.051707214267667445
2021-06-30,0.008482764044292074,0.006649041525252338,0.0018337225190397342,0.056853593385590574
2021-07-01,0.0035614183843628924,0.001827031623801616,0.001734386760561276,-0.0054285070917406576
2021-07-02,0.0032519449110197615,-0.0002458105109243696,0.0034977554219441306,-0.13581102883294363
2021-07-05,-0.0003480502875338121,0.0006829985420093434,-0.0010310488295431552,0.0439501230280738
2021-07-06,-0.008485206584803128,-0.0029283120977786586,-0.005556894487024472,0.04431483734098348
2021-07-07,0.0027410579307500208,-0.0008870664641717923,0.003628124394921814,0.08421905635140227
2021-07-08,0.00258620978177503,-0.0001693446099240133,0.0027555543916990433,-0.058429604833210684
2021-07-09,0.004783721754446873,0.002776968656419661,0.002006753098027213,0.012882031720951138
2021-07-12,-0.0034273063505232634,-0.0023619569698795986,-0.0010653493806436643,-0.12394706652717721
2021-07-13,0.0007499250923064611,-0.00023515974540911332,0.000985084837715573,0.13601328357522982
2021-07-14,-0.007929491599577435,-0.006090060426330091,-0.0018394311732473495,0.04072673169232226
2021-07-15,0.00776469143042251,0.004351444100847413,0.003413247329575094,0.028536309584907164
2021-07-16,0.0023840254397334416,0.001418874435432517,0.0009651510043009251,0.021873607081313688
2021-07-19,0.0016342802284648932,0.0033920030015275647,-0.00175772277306267,-0.15893934377548505
2021-07-20,0.0013934804793186192,-0.0005080102059631768,0.0019014906852817962,0.021058659339167535
2021-07-21,-0.0096423800451429,-0.005597051928993988,-0.004045328116148914,-0.038916516922628444
2021-07-22,0.0012598097671102319,-0.00032950641677836293,0.001589316183888594,0.023444282246468696
2021-07-23,-0.0025841283984366892,-0.0001384340842702286,-0.002445694314166463,-0.1068227416759963
2021-07-26,0.001443084093258168,0.0038884953083955995,-0.00244541121513743,0.039310518871103754
2021-07-27,-0.0065873365343457,-0.003184089253496239,-0.003403247280849462,0.09210399441305399
2021-07-28,0.0021366981180610816,0.0004734484394966751,0.0016632496785644068,0.019605137786840587
2021-07-29,0.005804985296253794,0.00425310432903458,0.001551880967219213,-0.10477157764080619
2021-07-30,0.001007317669853818,0.002324173752044828,-0.0013168560821910091,0.09100551748799927
2021-08-02,-0.007096557602234233,-0.0047928666145969166,-0.0023036909876373154,-0.08268772308238384
2021-08-03,0.005710187613992167,0.002374764220731457,0.0033354233932607093,-0.04449373042556034
2021-08-04,-0.005270767871627157,-0.0016904983456656397,-0.003580269525961518,-0.09511310963563073
2021-08-05,-0.0030488349368616224,-0.0015460797938825054,-0.0015027551429791178,0.030922055352159653
2021-08-06,-0.005975221169350127,-0.004582361292851664,-0.0013928598764984639,-0.03349414324765034
2021-08-09,0.0022555312315026012,0.0013254082828051666,0.0009301229486974334,0.02544285795526994
2021-08-10,-0.002106926407345401,-0.0010640453756174959,-0.0010428810317279057,-0.015843622731253268
2021-08-11,0.001499380377836479,0.0018663006667277472,-0.00036692028889126656,-0.04761862643066108
2021-08-12,-0.0010111835737942575,-8.31628401654072e-05,-0.0009280207336288537,0.034142495571483
2021-08-13,-0.00308279395832669,-0.002249827351842962,-0.000832966606483727,-0.08530152757893097
2021-08-16,0.002348992841090848,0.0008633933286489644,0.001485599512441883,-0.10949727408888965
2021-08-17,-0.00558268106140102,-0.0052464420448878266,-0.0003362390165131922,0.07010848950592248
2021-08-18,-0.00858858054309475,-0.005024963064752121,-0.003563617478342631,-0.03616651899093567
2021-08-19,0.004319397526755808,0.001966600707064458,0.002352796819691352,0.003816467041073329
2021-08-20,-0.0023588798251143062,-0.001714180108021653,-0.0006446997170926538,0.03487394817601293
2021-08-23,0.00027801598242709253,-0.000337180870847594,0.0006151968532746872,-0.08053538650819321
2021-08-24,0.002378188180105167,-3.706688535654902e-05,0.0024152550654617157,0.07593325014057974
2021-08-25,-0.00478441658196862,-0.003273059844129015,-0.0015113567378396038,-0.0791493112693722
2021-08-26,0.0049160040543598515,0.0025753337246573263,0.0023406703297025235,0.053984821447122446
2021-08-27,-0.005413929232279473,-0.0019250558972138954,-0.0034888733350655777,-0.0073722125922679885
2021-08-30,0.0034444988303556864,0.001801135933398642,0.001643362896957044,0.015630514205442255
2021-08-31,-0.00048146747132263345,0.0005763205013515262,-0.0010577879726741575,-0.10321211779208347
2021-09-01,0.0009915447472302337,0.0003538572893849786,0.0006376874578452544,-0.0591147906389218
2021-09-02,-0.007798263332040301,-0.004318168105824781,-0.00348009522621552,0.029342164128228466
2021-09-03,-0.00465397523763236,-0.0035785065044232275,-0.0010754687332091353,-0.07308429112514532
2021-09-06,0.0020099988905840104,0.0014007192168541925,0.0006092796737298192,-0.10674426795415502
2021-09-07,-0.0048788635739435825,-0.0030843505233199894,-0.0017945130506235914,0.008102249575933447
2021-09-08,-0.006483591985350605,-0.002522490346323498,-0.003961101639027107,-0.029417225349444836
2021-09-09,0.0005165578253793757,-0.00013171838696987787,0.0006482762123492538,-0.05738043644797308
2021-09-10,-0.0016791845158666422,-0.0003778948472565819,-0.0013012896686100607,0.14333507470380957
2021-09-13,-0.0038463443496150294,-0.0025439663525872406,-0.0013023779970277889,0.014980748465790946
2021-09-14,0.007863035389699374,0.006063885514898426,0.0017991498748009486,-0.03153845639117031
2021-09-15,0.0009476309434867328,0.001063455380120956,-0.00011582443663422145,0.16897371469868935
2021-09-16,-0.0018373158828400417,-0.0002277643224569267,-0.001609551560383113,0.06777411550660757
2021-09-17,0.010608935398524663,0.005582574801186267,0.005026360597338396,0.07138980413827228
2021-09-20,0.00428785966924228,0.002159728176842817,0.0021281314923994633,-0.10129734266023473
2021-09-21,0.004851128292078392,0.0024254620284331896,0.002425666263645203,-0.06858285118483061
2021-09-22,-0.006917207503093962,-0.006447634770686484,-0.0004695727324074781,0.0733127449188282
2021-09-23,-0.004293313871215126,-0.0030788912155181748,-0.001214422655696953,0.007787272562994172
2021-09-24,0.005104260110666457,0.0012814213886229702,0.003822838722043486,0.09408881932920847
2021-09-27,0.0005012143394582232,1.6674221736337133e-05,0.0004845401177218864,0.030136687258289975
2021-09-28,0.00555676952818682,0.004507048123691016,0.0010497214044958036,-0.05241919542449714
2021-09-29,0.0016991591650641373,0.001348425055671957,0.00035073410939217935,-0.10620841527179584
2021-09-30,-0.0031711750598604326,-0.0023391927793735313,-0.0008319822804869013,-0.014994630414418437
2021-10-01,-0.006442648006224124,-0.004067035672149426,-0.002375612334074697,-0.027864528127980293
2021-10-04,-0.0008981047844100652,0.001602022511207296,-0.0025001272956173617,-0.012524428663337613
2021-10-05,-0.0016734201642809028,0.0005174594306959733,-0.0021908795949768757,0.0016690539695372567
2021-10-06,-0.0006874212041713697,-0.0008936533988283669,0.0002062321946569969,0.027015856162022463
2021-10-07,0.00010465138893556484,0.0012349786364653334,-0.0011303272475297686,-0.05007743252449071
2021-10-08,0.0018117782382957553,-0.00047991559835405123,0.002291693836649806,0.1107830720936132
2021-10-11,-0.0030739213103876672,-0.0024154720918009237,-0.0006584492185867444,0.02811568225838524
2021-10-12,0.006536905022862879,0.004339728246683867,0.0021971767761790107,-0.02361407535039459
2021-10-13,0.0017229652898849551,-0.0004007035709091798,0.002123668860794136,-0.012502836307723447
2021-10-14,-0.0016414697176469484,-0.0018849154651222999,0.00024344574747535148,0.008327956525260544
2021-10-15,-0.0008174589072718747,-0.00020555454609947916,-0.0006119043611723957,-0.09168681094158633
2021-10-18,0.00048492265277059245,-0.0009473479216689359,0.0014322705744395283,0.042581710310203205
2021-10-19,-0.005912872578165075,-0.0030565368327492752,-0.002856335745415801,0.05739695310175329
2021-10-20,0.0031613621295306545,0.0028210738659489656,0.0003402882635816923,-0.10434161355611826
2021-10-21,0.0033023552409985942,0.0015107728696771758,0.001791582371321418,0.007295278033454673
2021-10-22,-0.0064373825589681966,-0.0025712116925760316,-0.0038661708663921667,0.1216194448839263
2021-10-25,0.0004620842930880772,-0.0004993583639267677,0.0009614426570148449,0.08245273473939321
2021-10-26,0.006715898953619204,0.004215209753515465,0.0025006892001037395,0.013915795644286274
2021-10-27,0.004649299675843069,0.0032921294103016234,0.0013571702655414454,-0.0038520360289483226
2021-10-28,0.0007021190646148046,0.0003857983442158205,0.0003163207203989854,-0.04160390777885968
2021-10-29,-0.00018917516325598293,-0.0006303481410005335,0.0004411729777445508,-0.003199093712284105
2021-11-01,-0.002072960683946139,-0.0005172509677732407,-0.001555709716172898,-0.1080351156130393
2021-11-02,-0.00014431740620053104,-0.0003431378171585252,0.00019882041095799566,0.08557228691691829
2021-11-03,-0.007151767745187356,-0.0055945456622201045,-0.001557222082967255,-0.016117408094126522
2021-11-04,0.004912216652217669,0.0023111267857901137,0.002601089866427552,0.07135247271024862
2021-11-05,-0.0008751160161955786,-0.0005098495259514349,-0.00036526649024414687,-0.19033146407417031
2021-11-08,0.0036756070205945205,0.0012000635061481437,0.0024755435144463746,0.13460803294625395
2021-11-09,-0.00903738781228249,-0.003008471061999395,-0.006028916750283093,-0.13756967775055867
2021-11-10,0.0068722745421148975,0.0030012238818758995,0.0038710506602389976,0.14102400927992093
2021-11-11,-0.006748359546748138,-0.005227269786758502,-0.0015210897599896404,-0.07341285620894876
2021-11-12,0.008814014658669047,0.005397684854981728,0.0034163298036873173,-0.3312876556335381
2021-11-15,-0.003836049918197656,-0.0027682817883287088,-0.0010677681298689456,0.02084650809778181
2021-11-16,-0.018093297395505088,-0.009832901411682748,-0.008260395983822347,-0.21344656810946042
2021-11-17,0.0011674624613503596,-0.0003884585064029356,0.0015559209677532947,-0.17489540578113993
2021-11-18,-0.012365754265610599,-0.00662827356256732,-0.0057374807030432795,0.18763757530531774
2021-11-19,-0.011912227149772973,-0.006201431008626064,-0.0057107961411469055,0.09032420914133121
2021-11-22,0.011194411067364969,0.007255222563261751,0.003939188504103217,-0.012507568542008869
2021-11-23,0.00519094903802393,0.0032793613131093767,0.0019115877249145513,0.10068419857551494
2021-11-24,-0.0007455081551310177,-0.0015204757157446227,0.0007749675606136056,0.1521982669236475
2021-11-25,0.0060353757467463826,0.002615143735343533,0.003420232011402853,0.0998075147574426
2021-11-26,0.008628848141425376,0.004645943305821019,0.003982904835604357,0.027957315980059523
2021-11-29,0.005391009338679172,0.002425810037710533,0.0029651993009686393,0.05665616070451654
2021-11-30,0.0015966272004267847,0.0009337957960168846,0.0006628314044099005,0.022494641865806946
2021-12-01,0.0031219800180515645,0.00062698936403984,0.002494990654011724,0.10603435641822115
2021-12-02,0.0012884620872702745,-1.244271010420372e-05,0.001300904797374478,0.1320277344528637
2021-12-03,0.006538219732952174,0.003128182717266328,0.003410037015685846,0.10285396406448352
2021-12-06,0.008851074665723456,0.005250523930471446,0.003600550735252008,-0.20167123834067763
2021-12-07,0.00735298874704857,0.0018182445254968718,0.005534744221551698,-0.05193049743104696
2021-12-08,-0.013553711073910997,-0.009764891317296527,-0.0037888197566144687,0.16908349443898907
2021-12-09,-0.0034110625889408066,-0.0019908072445025404,-0.0014202553444382648,-0.045782780991499836
2021-12-10,0.01391943105604325,0.007598365536410192,0.006321065519633057,-0.007539239964818618
2021-12-13,-0.0027762758610205517,-0.000909843998874036,-0.001866431862146519,0.037051543923988024
2021-12-14,-0.000439210852214187,0.0009539199102701085,-0.001393130762484292,0.12152607086718188
2021-12-15,0.0020747059108250834,0.0018908323202480566,0.00018387359057702628,-0.04319570999635053
2021-12-16,0.006474515997311556,0.005721119489903472,0.0007533965074080808,-0.11305152914128809
2021-12-17,-0.0026140082938209182,-0.0019471681258297156,-0.0006668401679912027,-0.05253565752035432
2021-12-20,-0.0053667467297501435,-0.003586927646817323,-0.0017798190829328214,-0.054056607864533986
2021-12-21,-0.002643581705248568,-0.0014562521049480285,-0.0011873296003005395,0.08600610384132762
2021-12-22,-0.0032929101686986146,-0.004846781002454062,0.0015538708337554472,-0.0672325208157002
2021-12-23,0.005481897318358669,0.0033975184331846873,0.0020843788851739814,-0.04049891901192919
2021-12-24,-0.00480630534606758,-0.0020433371081172193,-0.00276296823795036,-0.0078102044345235095
2021-12-27,-0.0024170122160133475,-0.0013286795492899843,-0.001088332666723358,-0.03512134275149373
2021-12-28,-0.00041441677677011397,0.00012410571458011904,-0.0005385224913502329,-0.01125102936391375
2021-12-29,-0.0018609867114572412,-0.0006577733666246035,-0.0012032133448326371,-0.10684778122239463
2021-12-30,-0.0005877246222302517,-0.00038836740781415975,-0.00019935721441609149,-0.07651756814641682
2021-12-31,-0.005736400110268082,-0.0026852184541532476,-0.003051181656114834,-0.013271986291284194
2022-01-03,-0.0042474044769923005,-0.002139576630155463,-0.002107827846836838,0.1143106316762475
2022-01-04,-0.0007738406524602582,-0.00020683518610024269,-0.0005670054663600146,0.1015430902905834
2022-01-05,0.005516344777782858,0.003801762951660663,0.0017145818261221962,0.059395875038940046
2022-01-06,0.005659950850790518,0.0033858919936333087,0.0022740588571572096,0.008727808378006885
2022-01-07,0.0030012631068026484,0.001145530244987441,0.0018557328618152079,0.11280580993326206
2022-01-10,0.0005123783414965281,0.00110471579257344,-0.0005923374510769137,0.012820632703504005
2022-01-11,0.005794458998166892,0.0035018377568481686,0.002292621241318723,-0.05063389229948446
2022-01-12,0.0007351936997362194,0.0010302952780600998,-0.0002951015783238791,-0.05971823863170667
2022-01-13,-0.0029289403881825283,-0.0018251349058931148,-0.0011038054822894135,-0.074721506865094
2022-01-14,-0.0035806554385164396,-0.0018705233239436347,-0.001710132114572804,-0.040473586396580885
2022-01-17,-0.00445145990297895,-0.003395206155911549,-0.0010562537470674006,-0.06325063364621795
2022-01-18,-0.0024013069738125442,-0.000692598287841755,-0.001708708685970789,0.0009468055386687781
2022-01-19,-0.0032478644281909597,-0.0017244799448403606,-0.0015233844833505992,0.13490422600695792
2022-01-20,5.2321420999881796e-05,9.880291954841532e-05,-4.648149854853353e-05,-0.1629631848348661
2022-01-21,0.008641185774513307,0.004689369241545356,0.003951816532967951,0.05660672579306564
2022-01-24,-0.010903074309825055,-0.005898421083990703,-0.0050046532258343525,0.016558518691779857
2022-01-25,0.0033576968363702607,0.001713887134347069,0.0016438097020231922,-0.0673441880134479
2022-01-26,0.0009107839533992033,0.0016395200082949578,-0.0007287360548957535,0.16818690959658522
2022-01-27,-0.0038870904529103192,-0.002733198686685088,-0.0011538917662252297,-0.055593297598078115
2022-01-28,0.00954954213772808,0.0060513161077375855,0.0034982260299904963,-0.042426264048347345
2022-01-31,-0.0031918353899825563,-0.001006057456218545,-0.0021857779337640104,-0.08957506256924117
2022-02-01,-0.0020251525165720197,-0.0017637883111458535,-0.00026136420542616657,0.043203672967750004
2022-02-02,-0.004871574244594161,-0.0025176480518764068,-0.0023539261927177525,0.031450206904847414
2022-02-03,0.0025574334961933833,0.0016049917871536394,0.0009524417090397441,-0.0710265803931312
2022-02-04,0.0018757572451046129,0.0013766896527800943,0.0004990675923245147,-0.17676718146232806
2022-02-07,-0.0037046224674449407,-0.000959915686799334,-0.0027447067806456067,0.09350478883881375
2022-02-08,-0.00822808319205391,-0.0050975360705035,-0.0031305471215504095,-0.09519989103536253
2022-02-09,0.005188642566646786,0.0028865537101671005,0.002302088856479685,0.14821653913946967
2022-02-10,-0.0044374598825254585,-0.002277395934698269,-0.0021600639478271885,-0.01863762522728046
2022-02-11,0.009897310994085556,0.0028724800929416545,0.0070248309011439,0.11944677750430031
2022-02-14,-0.0010596351814570232,1.757750903499857e-05,-0.0010772126904920213,-0.03612524159826423
2022-02-15,0.006562358691063254,0.004459919838698264,0.0021024388523649875,-0.0938259593919595
2022-02-16,-0.0021047988385381983,-0.0011596275503903525,-0.0009451712881478459,0.10338032170670815
2022-02-17,-0.004789214645114015,-0.0026201557199994297,-0.0021690589251145854,-0.0419131328218936
2022-02-18,0.004658645374310556,0.0020781835493545613,0.002580461824955995,0.03576756630067433
2022-02-21,-0.0020791254314328337,-0.0011369689809457469,-0.0009421564504870864,-0.1324163315052144
2022-02-22,0.0015263508402023882,0.00017344526139436,0.0013529055788080273,-0.007212580886693829
2022-02-23,-0.006739583338348376,-0.0030221947307754685,-0.0037173886075729063,-0.07270977142940402
2022-02-24,-0.0003604757366087311,-0.0003872758830843672,2.680014647563761e-05,-0.024201050637215525
2022-02-25,-0.0034972660332491705,-0.0027944864820512753,-0.0007027795511978957,0.11056650076332522
2022-02-28,-0.0011094075581358622,-0.0008508068871892747,-0.0002586006709465868,0.05442688570145269
2022-03-01,0.005595816712235954,0.0019225319446492996,0.003673284767586655,-0.06458567723000927
2022-03-02,0.0022474756844448867,0.0013668622141005567,0.00088061347034433,-0.03378455452116231
2022-03-03,-0.0038612517485922134,-0.0009705417494965552,-0.002890709999095657,0.1209924862840641
2022-03-04,-0.0018411807717242218,-0.0018363441477236278,-4.836624000593634e-06,-0.01292996673056059
2022-03-07,0.006101615103434882,0.003098290481484651,0.0030033246219502343,0.1529252914173859
2022-03-08,-0.0006820583534000446,-0.00021947839297335216,-0.0004625799604266927,0.05312070810318661
2022-03-09,0.008245804432752187,0.0044918972942595975,0.003753907138492591,0.027292395178798716
2022-03-10,0.0029512158319797864,0.0007706875961674695,0.0021805282358123164,-0.06518803396545785
2022-03-11,0.0013803965895265095,-0.00043300847033790786,0.001813405059864417,0.0957010791344935
2022-03-14,-0.0032475262804646,-0.0025488598051158703,-0.0006986664753487306,-0.07382385717360423
2022-03-15,0.004591900596876577,0.0022717958732325384,0.0023201047236440387,0.016738950826223686
2022-03-16,-0.0033773812938154247,-0.0015536860517352204,-0.0018236952420802046,-0.04789528108950461
2022-03-17,0.0009004826030424558,0.0007019410774490222,0.00019854152559343335,0.059808518356501195
2022-03-18,-0.002285390604659668,-0.0005575040298959245,-0.001727886574763744,0.009910822965375125
2022-03-21,0.003502074404131662,0.0008603797569009032,0.0026416946472307603,-0.07384272895649747
2022-03-22,0.0005087485700874784,-0.0002157978314327874,0.000724546401520268,0.04650364322591726
2022-03-23,-0.004425111241884402,-0.002523370606409004,-0.0019017406354753987,-0.12890294638661431
2022-03-24,0.0024292883752418766,0.002160391804240054,0.0002688965710018233,0.06259348653706409
2022-03-25,-0.005982088511105082,-0.003766340555540025,-0.0022157479555650565,-0.15277636879447887
2022-03-28,0.002616823659541372,0.0008257233848316752,0.0017911002747096972,-0.056472886585598445
2022-03-29,-0.006635689297132859,-0.004849909033065081,-0.0017857802640677788,-0.03613811463741684
2022-03-30,-0.0023691939373927714,-0.0016887814765344012,-0.0006804124608583698,0.001422343637991574
2022-03-31,-0.0016133815154048695,-0.0007129748492694533,-0.0009004066661354154,-0.06333779818487498
2022-04-01,6.174774326257466e-05,-0.0009501011891665159,0.0010118489324290898,-0.04060604752161544
2022-04-04,-0.0032767145980042694,-0.003059509738010548,-0.0002172048599937207,-0.08696340673158096
2022-04-05,-0.0021229405391574793,-0.002498331449593888,0.00037539091043640874,-0.042597547602733384
2022-04-06,-0.0037491045993559512,-0.0021324904150358368,-0.001616614184320114,0.023802907295966014
2022-04-07,-0.002187998232646109,-0.002036716474360045,-0.0001512817582860639,-0.07271081632672355
2022-04-08,0.0009997293815992908,-0.0012264556113030373,0.002226184992902329,-0.15779281247131582
2022-04-11,-0.003552730171294864,-0.0013155318941216604,-0.002237198277173204,0.05926982242828082
2022-04-12,-0.007340027244788987,-0.0035994270619460807,-0.003740600182842905,0.18305284570501643
2022-04-13,0.0027843825070362196,0.0012161184914125569,0.0015682640156236619,0.04208143153051138
2022-04-14,0.01042877020319039,0.005632325110716703,0.00479644509247369,-0.2895195151796148
2022-04-15,0.0020804573089406794,0.0009200030644961454,0.0011604542444445323,-0.01615110855009511
2022-04-18,-0.015028569098223862,-0.008597147385925428,-0.006431421712298433,0.023384251258478955
2022-04-19,-0.0007232799845646319,-0.00026749399949615657,-0.0004557859850684749,-0.009994448252258882
2022-04-20,0.0014082202073652866,0.0023653984601504016,-0.0009571782527851118,0.04543676476705323
2022-04-21,-0.0005624398971164979,-0.0003665260804890328,-0.00019591381662746555,0.1259247153669543
2022-04-22,0.0024941580973413527,0.0019376354281717325,0.000556522669169621,0.08526925269411718
2022-04-25,0.006565653089145666,0.005245617948069957,0.001320035141075709,0.2711430767335025
2022-04-26,0.004521780362997514,0.002576630202351718,0.0019451501606457962,0.191118000918596
2022-04-27,0.014937111283812164,0.008927310845428726,0.006009800438383436,-0.16635104578974566
2022-04-28,0.012803679206973728,0.0070949262233834486,0.0057087529835902805,0.02905960330049842
2022-04-29,-0.010402465578170449,-0.006253800760807095,-0.004148664817363354,-0.16703425414651502
2022-05-02,0.0015535643409550048,0.0005578017993509935,0.0009957625416040106,0.1238106766720169
2022-05-03,-0.008547267979657863,-0.005636693524384872,-0.0029105744552729907,0.055579277107250864
2022-05-04,0.006583104016274334,0.0038926773826687185,0.002690426633605617,-0.060618574935791945
2022-05-05,0.003415972847861699,0.0012672993182282141,0.0021486735296334866,0.013432949063304733
2022-05-06,-0.004155594640549619,-0.0014944212072705194,-0.0026611734332790985,0.05792052372567414
2022-05-09,0.0009265325863113685,0.00037213662647044574,0.0005543959598409234,-0.09915296438463327
2022-05-10,0.0033123175434935587,0.002530679862012379,0.0007816376814811787,0.08035728143264527
2022-05-11,-0.006699685088966571,-0.004152767042328484,-0.0025469180466380897,-0.0522065979502659
2022-05-12,0.004916769128889024,0.004230006349121197,0.0006867627797678289,-0.049193583631797044
2022-05-13,-0.0033364577490519803,0.0005834610472156502,-0.003919918796267628,-0.023116766900274893
2022-05-16,-0.002967367620313076,-0.0013937828997092547,-0.001573584720603822,-0.19533249170306638
2022-05-17,-0.0012968402921117743,-0.0014626548407806368,0.00016581454866886232,-0.01857559982713825
2022-05-18,-0.012705002078256051,-0.00874936495371718,-0.00395563712453887,-0.027779966862572156
2022-05-19,-0.0010466569820189097,-0.0011456702160151278,9.901323399621716e-05,0.02022491460069853
2022-05-20,-0.0016338835105509757,-5.256212905182557e-05,-0.0015813213814991497,-0.037437910970289014
2022-05-23,0.0012613749254588836,0.001327892966339499,-6.651804088061595e-05,-0.02878902399659873
2022-05-24,-0.0028953319248643653,-0.0013692152656517055,-0.0015261166592126611,0.04694396983805937
2022-05-25,-0.0020751401520009366,-0.001612202805561614,-0.0004629373464393226,-0.10069245522004909
2022-05-26,0.0036635056248011545,0.0023486342351164737,0.001314871389684679,0.010312368769541683
2022-05-27,-0.008659682115697875,-0.0035945879775653314,-0.0050650941381325445,0.006112196618704169
2022-05-30,0.00078261881547762,0.0021778776780605478,-0.0013952588625829277,-0.011330734778363284
2022-05-31,0.0004561332809724025,0.0023711359125624457,-0.0019150026315900431,0.1142449625483189
2022-06-01,-0.0009159311105529783,0.0016852527698927788,-0.002601183880445759,0.09840066207041014
2022-06-02,0.008035656381321622,0.005209807126565635,0.0028258492547559855,-0.08928194930969446
2022-06-03,0.005982458668252498,0.003778650901893968,0.00220380776635853,0.09201188055922262
2022-06-06,-0.00502018420120914,-0.0035915632172727717,-0.0014286209839363684,0.016567018918004838
2022-06-07,0.005147828770169232,0.002864614857080218,0.0022832139130890125,-0.15918242105790964
2022-06-08,0.0009316594277258609,-0.0005542436963915103,0.0014859031241173707,-0.09323946283557144
2022-06-09,-0.008461156555138315,-0.0049672025348974445,-0.0034939540202408702,-0.17858502843932367
2022-06-10,-0.005466604229601691,-0.002619986348220656,-0.002846617881381035,-0.025197936379311187
2022-06-13,-0.009957211397874635,-0.008401923939885977,-0.0015552874579886598,0.13090780859803605
2022-06-14,-0.0013617443684997245,-0.00016390562104090945,-0.001197838747458815,0.07069185660737483
2022-06-15,0.007699337749371918,0.005327552053252769,0.002371785696119149,-0.1719577804083557
2022-06-16,0.003928885801903207,0.0020510034247967755,0.0018778823771064305,-0.09665061606634003
2022-06-17,-0.008956898448888681,-0.006117819949238771,-0.0028390784996499083,0.23111043895639127
2022-06-20,-0.004471407008829661,-0.0048087026176583825,0.0003372956088287197,-0.07063431234310658
2022-06-21,0.009820588276910588,0.006012242343365788,0.0038083459335447995,0.1518368957972303
2022-06-22,-0.003307249590272865,-0.0012600777924898577,-0.0020471717977830076,-0.005269290631775753
2022-06-23,0.009011578901554143,0.007281515173252875,0.0017300637283012678,0.14675855345629615
2022-06-24,-0.0003268963400397523,0.0017424115353643222,-0.002069307875404074,0.25702073603148945
2022-06-27,0.00832675954343502,0.008133637146301984,0.0001931223971330387,0.19397707929560976
2022-06-28,0.015245299062345915,0.009281148293495712,0.005964150768850203,-0.1150346167618704
2022-06-29,0.011383035631724138,0.008000154656415084,0.0033828809753090544,0.13370521088701806
2022-06-30,-0.007213801099017456,-0.005491792228889079,-0.001722008870128378,-0.13088448966208757
2022-07-01,0.006953369636633332,0.004362303236062131,0.0025910664005712016,0.17050922580148828
2022-07-04,-0.007032267360009218,-0.004660839190168978,-0.0023714281698402444,-0.1409747296784243
2022-07-05,0.008774779015040132,0.006828114807312156,0.0019466642077279766,0.18657060826861643
2022-07-06,-0.007562841799213595,-0.0034172247775130834,-0.004145617021700512,-0.062413349699936775
2022-07-07,0.010044608976029712,0.0068253769429351165,0.0032192320330945976,0.16515494587588098
2022-07-08,-0.0038514935835359814,-0.0015697960297907298,-0.002281697553745251,0.1200695928248358
2022-07-11,0.00795391717165029,0.005636869645215594,0.002317047526434696,-0.2162844466173422
2022-07-12,0.0064962499725389426,0.003605123375771798,0.0028911265967671435,0.1785057762661878
2022-07-13,-0.012858620644133992,-0.008933300739999364,-0.003925319904134628,0.03544886445404523
2022-07-14,0.008813490924839537,0.006515724403021939,0.0022977665218175984,0.05233630138657361
2022-07-15,0.002107545574497298,0.001594974367509695,0.0005125712069876027,-0.2831535367426864
2022-07-18,0.0029095198737985974,0.0013820685759600858,0.0015274512978385116,-0.26433576768047456
2022-07-19,-0.01736028311511685,-0.009977053664753772,-0.007383229450363078,-0.0656639420232889
2022-07-20,-0.017540509111068227,-0.011970717007983037,-0.0055697921030851884,-0.1113690442998822
2022-07-21,-0.0035000998547674196,-0.0009627922859692002,-0.002537307568798223,-0.07143370872969161
2022-07-22,-0.006275361005375847,-0.004040609109585285,-0.002234751895790562,-0.07134917979413194
2022-07-25,-0.0039061449779512077,-0.002119829737546762,-0.0017863152404044456,-0.056344280324391434
2022-07-26,-0.0037914246105446104,-0.002269467908767973,-0.0015219567017766365,-0.0811154468786614
2022-07-27,-0.0032322525739133363,-0.0020379333803777567,-0.0011943191935355792,0.06278568431101163
2022-07-28,-0.004079365241199335,-0.002821418670536008,-0.0012579465706633276,0.016823150905853387
2022-07-29,0.0030603596165167638,-4.7257662698332176e-05,0.0031076172792150946,-0.08690518446225713
2022-08-01,0.0007315114827303476,2.3898381726460832e-06,0.0007291216445577016,-0.04822041063136274
2022-08-02,-0.0039065928746332265,-0.0038932613962080562,-1.3331478425172849e-05,0.06537493002623451
2022-08-03,-0.002360787663528796,-0.0017047923994082635,-0.0006559952641205333,-0.06926693107892708
2022-08-04,0.003200534226119312,0.0026520734827311645,0.0005484607433881494,-0.0007741346403041745
2022-08-05,-0.003466884433945503,-0.0040672212399634235,0.000600336806017919,-0.013079028898134178
2022-08-08,-3.78126592226318e-05,0.0012482003029689638,-0.0012860129621915933,0.016702474444571454
2022-08-09,-0.0007188976178579493,-6.910020841732116e-05,-0.0006497974094406278,-0.14528997346373448
2022-08-10,0.0009066271908738974,0.0004044942170049017,0.000502132973868996,0.1577195182063945
2022-08-11,-0.007498981688670085,-0.005003513733186734,-0.0024954679554833516,-0.06847405729653457
2022-08-12,0.006561473546399333,0.0029193242981631873,0.0036421492482361455,0.09013010245959088
2022-08-15,-0.0033534577774290497,-0.0023866434615557423,-0.0009668143158733065,-0.062308267027379606
2022-08-16,0.004239995870789369,0.0012628384544123498,0.002977157416377019,0.038252268932017185
2022-08-17,-0.0028946120264887847,-0.0011401306192503986,-0.0017544814072383858,-0.062215690624043474
2022-08-18,0.002064941076807569,0.0014533249392469291,0.0006116161375606423,-0.1180171926048188
2022-08-19,-0.0035383439836190337,-0.005763193460298598,0.002224849476679565,-0.0015134344677813815
2022-08-22,-0.00608134253502683,-0.0049385910774403,-0.0011427514575865303,0.1287190300929763
2022-08-23,-7.894483454455982e-05,-0.001639717095071362,0.0015607722605268009,0.03523362825114314
2022-08-24,0.006603556854869125,0.003904737272879426,0.0026988195819897002,0.10743767127419332
2022-08-25,0.001798912885526401,0.00042560532199780593,0.0013733075635285951,-0.03965421608246365
2022-08-26,0.004432732849857806,0.002527250132816755,0.00190548271704105,0.23544804389970356
2022-08-29,-0.0019191129454343156,-0.0023293656336699268,0.0004102526882356108,0.09333755325211024
2022-08-30,0.01245677405037057,0.00725965478042157,0.005197119269949001,-0.10085141332116998
2022-08-31,0.004946045974284034,0.0036238818568230967,0.0013221641174609375,-0.18577458671664088
2022-09-01,-0.004794560264797565,-0.0018480652639666062,-0.0029464950008309594,-0.14013460360257712
2022-09-02,-0.008457688948226199,-0.005069265286687713,-0.0033884236615384852,-0.009215723284870131
2022-09-05,-0.005334684076960827,-0.0030906220303911526,-0.002244062046569674,0.16173855594324657
2022-09-06,-0.00038446994296510197,-0.001542185918668549,0.0011577159757034453,-0.10345644317871977
2022-09-07,0.007692988256419,0.005082796229446272,0.0026101920269727286,-0.15126057987079067
2022-09-08,-0.004321591373408706,-0.0012534105256585028,-0.0030681808477502036,0.06275097269588158
2022-09-09,-0.007398564968036684,-0.005010810251875011,-0.002387754716161673,-0.20855661431747574
2022-09-12,0.0027631269472482836,0.002187163058073255,0.0005759638891750275,0.059484668493417096
2022-09-13,-0.009423751578085289,-0.00435108544397389,-0.005072666134111399,0.22343368052574228
2022-09-14,0.0026440498601511906,0.0016554264106833734,0.0009886234494678164,-0.12022656848025491
2022-09-15,0.014088046500369883,0.007529084229746867,0.006558962270623014,0.057315391565951536
2022-09-16,-0.0058201268739121025,-0.0024571507026311633,-0.003362976171280941,-0.3992655042964114
2022-09-19,0.0031383062707766047,0.0010084679026983582,0.002129838368078247,-0.18223818012603238
2022-09-20,-0.025175020774811475,-0.014949245115972575,-0.010225775658838896,0.33721316413318
2022-09-21,-0.01084826090169412,-0.0049588226709513916,-0.005889438230742729,0.24323268129765324
2022-09-22,0.020884005785450993,0.010594375878514594,0.010289629906936399,0.08649513444606767
2022-09-23,0.014397483756065997,0.007958087204615714,0.006439396551450283,-0.16081354056551767
2022-09-26,0.004229518410252388,0.0009155870508801107,0.0033139313593722793,-0.05933676411635411
2022-09-27,-0.008170905733823876,-0.004034299177413559,-0.004136606556410318,-0.028767290156351516
2022-09-28,-0.0031442454773560526,-0.0008033724875065734,-0.002340872989849481,0.08981797431306913
2022-09-29,-0.0013622131981810694,-0.0019394923397462,0.0005772791415651303,-0.14766701707601423
2022-09-30,0.004562810967999766,0.003148041550626918,0.001414769417372847,0.16283809076816005
2022-10-03,-0.005493467961991825,-0.004195061626565213,-0.001298406335426612,-0.06861287956225799
2022-10-04,0.008005596603517618,0.004462786778301295,0.0035428098252163246,-0.17165438418105936
2022-10-05,-0.0034740947814911032,-0.0011758228874024015,-0.0022982718940887034,-0.16219574490200914
2022-10-06,-0.007721531060929621,-0.002467632712865873,-0.005253898348063748,-0.06501577795111074
2022-10-07,-0.007041615489414682,-0.005233909285856687,-0.001807706203557996,-0.04065862226817156
2022-10-10,-0.0027547113045803986,-0.0016420278914934762,-0.001112683413086923,-0.045524709521829694
2022-10-11,-0.0018387555650745944,-0.0006386456112803611,-0.0012001099537942328,0.033513712332935264
2022-10-12,-0.0019812177459317447,-0.0007360366299606121,-0.0012451811159711326,-0.04289542023432415
2022-10-13,0.001429300506611902,0.0005475095710773528,0.0008817909355345504,-0.14748862518838368
2022-10-14,-0.0016441089816701547,-0.0013603217277682513,-0.0002837872539019036,-0.0567377433161885
2022-10-17,-0.005754745009933096,-0.002523151696886671,-0.003231593313046425,-0.06071959868637081
2022-10-18,-0.002801838969307509,0.0010901171669367299,-0.00389195613624424,0.1123913715691951
2022-10-19,-0.002586746669629207,-0.00404030192423044,0.001453555254601232,0.00946875697131934
2022-10-20,0.005020708768171628,0.0035842996414123863,0.0014364091267592425,-0.06480959594531106
2022-10-21,0.0004507995117833362,1.5645591444851323e-05,0.00043515392033848443,-0.13566354988089008
2022-10-24,-0.0030513376332306145,-0.0012388277376721574,-0.0018125098955584559,0.03285222522866921
2022-10-25,-0.007724776397798585,-0.004152877147930166,-0.0035718992498684184,0.04290681582989642
2022-10-26,0.0018215105716270713,0.002056350618600186,-0.00023484004697311403,-0.06978268054676946
2022-10-27,0.002302523445329692,0.00045133227496915425,0.0018511911703605376,0.004885656721213015
2022-10-28,-0.003198520422842486,-0.0010376590779322308,-0.0021608613449102558,0.011157295664294735
2022-10-31,0.0002615035642355979,-0.0015212935723101714,0.0017827971365457695,-0.060519278848735675
2022-11-01,0.0006207305485219005,0.0016438673539843239,-0.0010231368054624242,-0.025132354090695398
2022-11-02,-0.002699834345247381,-0.0011618735764485405,-0.0015379607687988409,0.06180575433658954
2022-11-03,-0.0011362699002836507,-0.0009578044512534301,-0.0001784654490302219,-0.08766501648680926
2022-11-04,0.0029548640358666857,0.0019903323430018015,0.0009645316928648846,0.0010307778546041419
2022-11-07,-0.004786798109737177,-0.0022618191523130545,-0.0025249789574241215,0.09744766894901799
2022-11-08,5.585392571676195e-05,-0.0004959421301851535,0.0005517960559019153,-0.007108091135796223
2022-11-09,0.005327711944719509,0.003806299353645525,0.0015214125910739881,-0.08551849599502383
2022-11-10,-0.0004199454312950868,-0.0005511998069217955,0.0001312543756267076,-0.22226687132041667
2022-11-11,-0.004654942966875096,-0.00296844790010075,-0.0016864950667743461,0.10765194033501413
2022-11-14,-0.01570413060462561,-0.007658834527876967,-0.008045296076748639,-0.06531907070771883
2022-11-15,0.007497864082066206,0.005517698473144558,0.0019801656089216482,0.026674059555782115
2022-11-16,-0.0037262874408054455,-0.0012448522564369935,-0.0024814351843684516,-0.06601170448062303
2022-11-17,0.0011531695083728433,0.00039991533231085183,0.0007532541760619913,-0.05213934815701728
2022-11-18,-0.0033714084048277696,-0.0019164337193354596,-0.00145497468549231,0.002096995990355571
2022-11-21,-0.0026000336871836397,-0.00021907616563842172,-0.0023809575215452163,0.08496129499459885
2022-11-22,-2.25762486504782e-05,0.0005074672223523077,-0.0005300434710027897,0.08595748948071248
2022-11-23,0.0043435918563053694,0.0031447294146754318,0.0011988624416299377,0.04657983531059912
2022-11-24,0.00456350031829462,0.0029102056112291236,0.001653294707065497,-0.10139242174295175
2022-11-25,0.002263180257628301,0.0010633921546486635,0.001199788102979638,0.09824197097237448
2022-11-28,-0.0046167357910836745,-0.0028443994292474237,-0.0017723363618362502,0.019826534367337684
2022-11-29,0.004830105413791203,0.0044114635578443185,0.00041864185594688713,-0.03775945893734449
2022-11-30,0.0008686737734027866,0.0019129740004984212,-0.0010443002270956328,-0.011236249925219193
2022-12-01,-0.0017758360264313261,-0.0012852074242624915,-0.0004906286021688347,-0.011987059729029706
2022-12-02,-0.0004877558191673935,-0.0004013766339393491,-8.637918522804398e-05,0.024692472835128938
2022-12-05,-0.0005568724072512318,-0.0003772276464705645,-0.00017964476078066727,-0.1360128475270026
2022-12-06,0.0011989741413526123,0.0002794601861183313,0.0009195139552342808,-0.10333012196645702
2022-12-07,-0.0070160985113413375,-0.00383350190997536,-0.0031825966013659768,0.008030658374235772
2022-12-08,-0.0050081859606366,-0.004089202178257362,-0.0009189837823792369,-0.0010483983167249174
2022-12-09,0.00037226892728058894,1.4464954136006805e-05,0.00035780397314458257,-0.05343184332825864
2022-12-12,-4.843572431016154e-05,-0.0005501295829353423,0.0005016938586251823,-0.14061132417030062
2022-12-13,-0.00303447434553038,-0.0012183265715407364,-0.001816147773989645,-0.0114027253021342
2022-12-14,-0.006177748184362727,-0.003448470177441748,-0.0027292780069209785,-0.06587675402938306
2022-12-15,-0.0005029740351096396,-0.00045414674520955715,-4.882728990008266e-05,0.08634701149379932
2022-12-16,-0.0030011648804757285,-0.0012272336746870106,-0.001773931205788717,-0.026665295315571644
2022-12-19,0.004940629124236311,0.002937442327797366,0.0020031867964389457,-0.19778781646023702
2022-12-20,-0.0013849450879957928,-0.0008789625533889218,-0.0005059825346068712,0.013825026237981125
2022-12-21,-0.00929997270659226,-0.0060807468018195185,-0.0032192259047727455,0.060810466811952825
2022-12-22,0.0006849407337751796,0.0005245114390191891,0.00016042929475599058,-0.005807952339156044
2022-12-23,0.0031122493805343654,0.0015637463128442982,0.0015485030676900666,0.08063718562185988
2022-12-26,-0.0003228354398819808,3.658109070831493e-05,-0.0003594165305902952,-0.05841043329469814
2022-12-27,0.003691941560929525,0.0020747771037713317,0.0016171644571581923,-0.08641920956544584
2022-12-28,-0.002516743622852366,-0.0013087533074730069,-0.0012079903153793597,-0.013410461696086317
2022-12-29,-0.003741246105713115,-0.0024866983896312186,-0.0012545477160818977,-0.05309343267539391
2022-12-30,-0.0005597336684177846,-0.0005180843518546498,-4.164931656313502e-05,0.10459682511403394
2023-01-02,-0.00218851890482472,-0.0009302661175930585,-0.0012582527872316623,0.01512602111996549
2023-01-03,0.004317301499154408,0.0012414095136939977,0.00307589198546041,-0.11879534468645132
2023-01-04,0.0005788296711009078,0.0012559509996143935,-0.0006771213285134858,0.004477540984505798
2023-01-05,-0.004800535467956822,-0.002912571225308049,-0.0018879642426487733,-0.013921297094386755
2023-01-06,0.00017336706405364467,0.0005596950787572575,-0.00038632801470361335,0.06693827590119573
2023-01-09,-0.0008571354233604046,-0.00225861599621518,0.0014014805728547776,-0.17123755970851356
2023-01-10,0.0033182615626784857,0.0016165950309967472,0.0017016665316817395,-0.017240984236332104
2023-01-11,-0.00739146719982695,-0.0046816024877619055,-0.0027098647120650434,0.13362168059029716
2023-01-12,-0.0007411898683087141,0.00020877266859539983,-0.0009499625369041144,0.1062770850733261
2023-01-13,0.0074566960404969735,0.004140599497965851,0.003316096542531125,-0.3111170701269453
2023-01-16,0.004962928543291804,0.0032609266901978545,0.0017020018530939495,-0.21975710376149782
2023-01-17,-0.015453855309811977,-0.007551394557604148,-0.007902460752207827,-0.0548031453754824
2023-01-18,-0.008869912776431937,-0.004541327427362031,-0.004328585349069906,-0.10684218052849608
2023-01-19,-0.001864335264391189,-0.0011880359252060668,-0.0006762993391851227,0.018951379621381163
2023-01-20,-0.0042681255093513105,-0.004328566034907166,6.044052555585419e-05,0.04925088342600284
2023-01-23,0.0007807098931245436,-0.0003097214967353462,0.0010904313898598902,-0.11655114856471759
2023-01-24,0.002003954543612298,0.0007230544946803686,0.0012809000489319286,0.014258724010754852
2023-01-25,-0.005629467537309061,-0.004048309488457866,-0.001581158048851193,-0.09263580214972174
2023-01-26,0.000619239315091338,0.001674911092811475,-0.001055671777720136,-0.05289830832252994
2023-01-27,-0.0036414399338187565,-0.00338626364463149,-0.00025517628918726633,0.0493311263104526
2023-01-30,-0.0021950347389641956,-0.0006870404403842389,-0.0015079942985799562,-0.1015552469803424
2023-01-31,0.0019515632994722915,0.0003000225798913819,0.0016515407195809096,0.25635694672529413
2023-02-01,-0.004240390576458546,-0.0024075271412578036,-0.0018328634352007406,-0.06344313652439282
2023-02-02,0.012810874302138375,0.0076192727250799465,0.0051916015770584285,-0.005264781485137804
2023-02-03,-0.002931011774356677,-0.0021211130444294835,-0.0008098987299271932,0.13399086196516866
2023-02-06,-0.00025435348785412485,-0.0011860099874860947,0.0009316564996319707,-0.1031415950309092
2023-02-07,0.0068080478203731195,0.0037747351792369772,0.0030333126411361414,0.03979816629283536
2023-02-08,-0.005543445717595858,-0.0010043880083955327,-0.004539057709200326,0.026326011200718546
2023-02-09,0.002050815399764269,0.0034116703715212013,-0.0013608549717569265,-0.16356586745326163
2023-02-10,0.0015717190990599192,-0.00018765278100905686,0.0017593718800689763,0.019399227182436106
2023-02-13,-0.010046069006347375,-0.006549736041717939,-0.003496332964629433,-0.0010084232055894797
2023-02-14,0.0009511466493847707,-0.0012425251849215585,0.0021936718343063336,0.01762369435186409
2023-02-15,-0.0001568403173217868,0.000101056629862116,-0.00025789694718390127,-0.024436542738110665
2023-02-16,0.0010766628833740804,0.0008858403703093185,0.0001908225130647645,-0.09868161191098904
2023-02-17,-0.0014381832346288923,-0.0003760787381110603,-0.001062104496517828,-0.043445802600824215
2023-02-20,-0.00994109364947213,-0.005686595486993559,-0.004254498162478568,-0.04482188449263954
2023-02-21,-0.005273498593365839,-0.0031091748170856623,-0.0021643237762801817,-0.003269160141034206
2023-02-22,-0.005938872761839811,-0.00851312030905272,0.0025742475472129087,0.016452412667919806
2023-02-23,-0.0006748996554894271,0.005274857017292758,-0.0059497566727821916,0.06482054143035358
2023-02-24,0.0011818527815103184,0.00813944320812443,-0.006957590426614108,0.06399553630479954
2023-02-27,0.0038080465318698162,0.005397778854711549,-0.0015897323228417325,0.3925318553776976
2023-02-28,0.0036892250315979877,0.003585297466992779,0.00010392756460521,0.4048550782383921
2023-03-01,0.021916400682099095,0.015264993652345588,0.006651407029753505,0.19027576372334254
2023-03-02,0.026104991419721314,0.018522182199544563,0.007582809220176751,0.28337579267547225
2023-03-03,0.011052102632760342,0.006082967422445353,0.0049691352103149854,-0.45283293013016
2023-03-06,0.015578730215100709,0.00990763262620151,0.005671097588899207,0.3064558081952139
2023-03-07,-0.03625330363264746,-0.022531511516114662,-0.013721792116532794,0.14188847833723492
2023-03-08,0.017560344032618098,0.011899847361135966,0.005660496671482128,0.05251700062586757
2023-03-09,0.008140888999639717,0.005714200005983343,0.002426688993656373,-0.08654831499228051
2023-03-10,0.0033254845329300318,0.003075146715187356,0.00025033781774267674,-0.03806857303961485
2023-03-13,-0.0050150667152675825,-0.0023819656850174002,-0.002633101030250185,-0.2318734558941835
2023-03-14,-0.0020096411741083696,-0.002192312282406033,0.00018267110829766307,0.12148553834659089
2023-03-15,-0.014608313618042882,-0.008005220301133967,-0.006603093316908915,-0.004965961951287615
2023-03-16,0.006850195829543564,0.0048720274254451384,0.0019781684040984272,-0.02252191580611479
2023-03-17,-0.00029054559059311404,0.0017804965517495691,-0.002071042142342685,0.10826235180274432
2023-03-20,-0.001384714687976721,0.0012863019025207388,-0.00267101659049746,-0.06309265486410133
2023-03-21,0.005817433383817308,0.0038346897184100654,0.0019827436654072422,0.06285831087375156
2023-03-22,-0.003285271015897263,-0.002401449647138388,-0.0008838213687588749,0.09036264448922572
2023-03-23,0.0029518671901465642,0.0014523978644864679,0.0014994693256600976,0.04764212304276625
2023-03-24,0.0044593452421103665,0.0016641071743497583,0.0027952380677606064,0.10490810237220878
2023-03-27,0.0022855570147489674,0.0002677362009304968,0.0020178208138184705,0.07748167187568812
2023-03-28,0.005894439718683623,0.002528936901179264,0.0033655028175043587,0.14721987854878038
2023-03-29,0.004490488031530956,0.0021913669363311044,0.002299121095199852,-0.16851964378136658
2023-03-30,0.009263537853856176,0.005575391641225202,0.0036881462126309734,-0.14165720656283
2023-03-31,-0.010889085450772343,-0.0056288504559867565,-0.00526023499478559,-0.14352726859513792
2023-04-03,-0.008886189011989856,-0.005433428397726961,-0.003452760614262895,0.009392899351770382
2023-04-04,-0.009829467994473557,-0.0045640024237760465,-0.0052654655706975105,-0.018370486363386954
2023-04-05,0.0006170512774995909,-0.003445213102849568,0.004062264380349154,-0.010125047741239533
2023-04-06,-0.0011909706954317141,-0.000715504780051928,-0.0004754659153797837,0.04471540748030596
2023-04-07,-0.0006619030371719863,0.0007497858846626168,-0.0014116889218346064,-0.02416940168594004
2023-04-10,0.002748254459104362,-3.4702977875515975e-05,0.002782957436979879,-0.12804544571908427
2023-04-11,-0.001593644653381479,-0.002889133170090579,0.0012954885167091,0.09333103668889288
2023-04-12,-0.008662812600198693,-0.006619475280920495,-0.002043337319278197,-0.0874664682816539
2023-04-13,0.005292436900596715,0.002728456666221478,0.0025639802343752367,-0.04646346413214051
2023-04-14,-0.0050826187846917436,-0.003132107799121469,-0.0019505109855702772,-0.02589738024235941
2023-04-17,-0.002728026292698673,-0.0016186145963334585,-0.0011094116963652144,-0.02197119593163257
2023-04-18,-0.0015984566587276263,-0.0006408069322515753,-0.0009576497264760508,-0.05952296086210816
2023-04-19,-0.0019692731678521667,-0.002026590952220384,5.7317784368213914e-05,0.021671208949484315
2023-04-20,-0.005051309135609595,-0.003752796238462336,-0.001298512897147261,-0.010110135475732075
2023-04-21,0.0017518994594076217,0.003502752861937991,-0.0017508534025303737,-0.08437782760184469
2023-04-24,-0.0006280193795814713,-0.000462451774254166,-0.00016556760532730579,-0.12246397951801115
2023-04-25,-0.0054255796747767916,-0.0034097376457229494,-0.002015842029053842,-0.0167383170096588
2023-04-26,-0.009336330575893271,-0.0052966233646296705,-0.004039707211263599,0.10490822966943228
2023-04-27,-0.0011123434502941332,0.000632915780769603,-0.001745259231063735,0.029617214227900885
2023-04-28,0.006633506422149941,0.0056820687648747766,0.0009514376572751677,0.17283755408434695
2023-05-01,0.0017751695356141408,0.0005742002483617981,0.0012009692872523427,0.1888390057016477
2023-05-02,0.012234860222157647,0.00707435955535287,0.00516050066680478,-0.10381631036638668
2023-05-03,0.013716300719749545,0.006425286282714476,0.00729101443703507,-0.20251306587595927
2023-05-04,-0.0072010569283783975,-0.004057913105287108,-0.0031431438230912915,0.057315244055607985
2023-05-05,-0.012933941778250135,-0.006555071566058571,-0.006378870212191561,-0.061142673309325164
2023-05-08,0.0030521309621124194,0.002816438402559787,0.00023569255955263255,-0.09744409848443306
2023-05-09,-0.0036542504134967025,-0.0007227749533382163,-0.002931475460158487,-0.21236724745142807
2023-05-10,-0.004703708668621876,-0.001957674215175285,-0.0027460344534465907,-0.33862860473515344
2023-05-11,-0.012263258282582823,-0.005181243289923563,-0.007082014992659258,0.08373151641012408
2023-05-12,-0.022735238256528602,-0.013759710635055536,-0.008975527621473064,-0.027577828941086055
2023-05-15,0.004488895949166243,0.0033391193605297213,0.0011497765886365205,0.2000180405407899
2023-05-16,-0.001408080326225705,7.202249163128487e-05,-0.00148010281785699,0.22114690029903872
2023-05-17,0.01076566985589671,0.005759462363121073,0.005006207492775636,-0.13415797598461593
2023-05-18,0.013121418676963868,0.00839885907799658,0.004722559598967285,-0.07835649110407579
2023-05-19,-0.008250383987988646,-0.003903067520906924,-0.004347316467081722,0.10353706214995262
2023-05-22,-0.003816620894226348,-0.0019343567872449913,-0.0018822641069813541,-0.0299554169909853
2023-05-23,0.0054535961209691754,0.002716602317400367,0.0027369938035688088,-0.19841009533157578
2023-05-24,-0.001523611691054515,-0.0010742303448440897,-0.0004493813462104236,-0.06252734267206009
2023-05-25,-0.011265705592222624,-0.006249592451290083,-0.005016113140932538,0.03896824345171827
2023-05-26,-0.0036823710091817034,-0.0007675258197281281,-0.002914845189453576,0.11486248547716404
2023-05-29,0.0019155854168668768,0.002317917235800505,-0.00040233181893362807,-0.058746487671619656
2023-05-30,0.005525831035940221,0.004358528965163205,0.0011673020707770178,-0.05681109500192127
2023-05-31,-0.0028603882430223325,-0.0005712646465432548,-0.0022891235964790785,0.10340036079269176
2023-06-01,-0.002888989784298197,-0.002485513260395197,-0.0004034765239029998,-0.1576471795330114
2023-06-02,0.005822146007420872,0.004657681970348132,0.0011644640370727377,0.033820919875008126
2023-06-05,-0.0094664707963317,-0.002892418409043396,-0.006574052387288304,-0.04912749591826149
2023-06-06,0.0017080865376891579,0.0003005537059391581,0.00140753283175,-0.02291446798344934
2023-06-07,-0.0032942532077118807,-0.0014429786209692527,-0.0018512745867426267,0.1619962763120013
2023-06-08,-0.0013339492302205079,0.0007487451073485626,-0.0020826943375690694,0.2297604179580718
2023-06-09,0.008623864974981387,0.0036940128035543576,0.004929852171427031,0.1397371557774144
2023-06-12,0.01116549120984255,0.007369372578912599,0.0037961186309299483,-0.019295929030454653
2023-06-13,0.006045565240892791,0.0025855783282030843,0.0034599869126897068,0.09238808412463304
2023-06-14,-0.0008321087426852134,-0.00023795577087700566,-0.0005941529718082074,0.26010561591937315
2023-06-15,0.004416647022887233,0.0010416892540466801,0.0033749577688405525,0.039120719261827634
2023-06-16,0.012252937696108421,0.006480489989096899,0.005772447707011522,-0.19828027761119188
2023-06-19,0.0019131587439482783,0.0013278879429586,0.0005852708009896797,-0.10604478879504682
2023-06-20,-0.00981478647910887,-0.005134640105403918,-0.004680146373704952,-0.0499854756302675
2023-06-21,-0.004634045113027315,-0.0031922508352376275,-0.0014417942777896875,-0.03230374029304452
2023-06-22,-0.0029323569559774813,-0.003112599266420782,0.00018024231044330707,0.18027533440871185
2023-06-23,-0.0019837639286548175,-0.0009171347458101127,-0.0010666291828447041,-0.017873187003931056
2023-06-26,0.010896992848495674,0.006441661454376146,0.004455331394119532,-0.06510151177767101
2023-06-27,-0.0007920274128585608,-0.0007426947122824053,-4.933270057615527e-05,-0.13007329373425586
2023-06-28,-0.0034154138019864386,0.0014678273023112347,-0.004883241104297675,0.12215908880802821
2023-06-29,-0.007073701875526082,-0.0025445458248877836,-0.0045291560506383,0.05570556525415195
2023-06-30,0.007674459712511428,0.0031295953178424106,0.004544864394669018,-0.3067208874191166
2023-07-03,0.00307851303151887,0.00010371192404711252,0.002974801107471757,0.10994110131058206
2023-07-04,-0.013675999402561475,-0.0076412809338819755,-0.006034718468679496,-0.04031019208848145
2023-07-05,0.005355758845438156,0.00350051330301201,0.001855245542426144,-0.04475912400545118
2023-07-06,-0.0022370880956471746,-0.0021916447684351276,-4.544332721204136e-05,-0.09014095071318877
2023-07-07,-0.002705272843609829,0.00045277293821766734,-0.003158045781827497,0.015936556410419436
2023-07-10,-0.005876595392507878,-0.0029173433932671994,-0.002959251999240676,-0.004295880797672999
2023-07-11,0.0008393408241217231,0.001961769732482587,-0.001122428908360864,-0.14357122608892184
2023-07-12,-0.0002200515132458774,-0.00046571723844693476,0.00024566572520105735,0.09055052849441138
2023-07-13,-0.007414500863962635,-0.003859919233169638,-0.003554581630792997,-0.011118648652780554
2023-07-14,0.004510882499698592,0.003719365438733798,0.0007915170609647949,0.05269792919187709
2023-07-17,-0.0006464679683543948,-0.003161080292267736,0.0025146123239133417,-0.02329047145550319
2023-07-18,0.002709822726420878,0.001192348692558108,0.0015174740338627702,0.07234036945678755
2023-07-19,-0.001133777358681541,0.00013207409833990331,-0.0012658514570214447,-0.07484541487641869
2023-07-20,0.0038148589040281583,0.004560716842511178,-0.00074585793848302,-0.043291023336404354
2023-07-21,-0.004711687387573731,-0.0020422290480252223,-0.002669458339548507,0.046140480504465446
2023-07-24,-0.0024680545305296865,-0.001341316257692269,-0.001126738272837418,-0.008903354836311467
2023-07-25,0.0024106149943626063,0.0002695463559739559,0.0021410686383886504,0.1511778950017162
2023-07-26,-0.00044296492514223936,0.0009304514227032185,-0.0013734163478454561,0.16388534329656984
2023-07-27,0.009087405844490984,0.006654800733471475,0.002432605111019507,-0.051869737571607184
2023-07-28,0.008967291324119837,0.004795925091929274,0.00417136623219056,0.13959021426203397
2023-07-31,-0.002956720919130038,-0.0010727168702815357,-0.0018840040488485033,-0.09480205465129316
2023-08-01,0.007151518509306029,0.0044689602585941245,0.002682558250711904,-0.0818476961165735
2023-08-02,-0.005297281098020688,-0.0027674075180176994,-0.0025298735800029885,0.047971819429206426
2023-08-03,-0.005179270958746745,-0.004295025062765828,-0.0008842458959809132,0.021651549687893956
2023-08-04,0.00259426721838886,0.0005337223223068933,0.00206054489608197,0.047679668367572196
2023-08-07,0.0012346079495195567,0.001048055289357077,0.00018655266016247957,-0.0007534725775307974
2023-08-08,0.00277126128962966,0.00027181744044891024,0.002499443849180749,-0.07783801611390856
2023-08-09,-1.6334828456071116e-05,0.0009034946167992795,-0.0009198294452553504,0.03423821978995522
2023-08-10,-0.004695742557154884,-0.006241249362170347,0.0015455068050154609,0.02393137281922672
2023-08-11,0.0013787953510898724,0.0016519306273517272,-0.0002731352762618553,0.0039042631221212166
2023-08-14,0.0011194591091443697,0.0003831997203686535,0.0007362593887757169,0.06768074087164208
2023-08-15,0.00012194364675778465,0.00020536517926096794,-8.342153250318236e-05,0.052444013622097024
2023-08-16,0.003921162956402529,0.00042384541534475507,0.0034973175410577748,0.027460286094514414
2023-08-17,0.0033750065920600094,0.0017288361803836525,0.0016461704116763568,0.011531760640897363
2023-08-18,0.0014629308807121012,0.0008107112387681498,0.0006522196419439519,-0.026933802087427083
2023-08-21,0.0006010249706033962,-0.0010665412750591012,0.0016675662456624987,0.04218648422616776
2023-08-22,-0.001494262562405673,-0.0019542029504979984,0.00045994038809232807,-0.04468541092417592
2023-08-23,0.0023968821984613133,0.0019106411202609696,0.00048624107820034366,-0.02603386344624159
2023-08-24,-0.002517382314648888,-0.0010243713977630842,-0.0014930109168858046,-0.0025377747820855235
2023-08-25,-0.00154055054048096,0.0002507054985147559,-0.0017912560389957179,0.053218605671016245
2023-08-28,-0.00014279222650182238,-0.00027687429410482847,0.00013408206760300544,0.13252016695955396
2023-08-29,0.003053578015273782,0.0013864072681683218,0.0016671707471054582,-0.03826403456362052
2023-08-30,0.006637718705369458,0.0010669199743485527,0.005570798731020907,0.22612580315809802
2023-08-31,-0.0022132679621671494,-0.0018108148967375427,-0.0004024530654296067,-0.13543773108134025
2023-09-01,0.011409023360073257,0.005598018332264266,0.005811005027808992,0.060240227270176507
2023-09-04,-0.006440145161864615,-0.004630076582844424,-0.001810068579020191,-0.02736750837716554
2023-09-05,0.0027848903577509503,0.002954702647819746,-0.0001698122900687972,-0.016976559569430675
2023-09-06,-0.0013548323400271259,-3.07981236090573e-05,-0.0013240342164180692,0.11754426930812416
2023-09-07,-0.0009091386853251829,-0.00082674069794594,-8.239798737924315e-05,0.018645320985103433
2023-09-08,0.007143646659134917,0.004834864387613659,0.002308782271521257,0.02698989367421214
2023-09-11,0.0010463714702747748,-0.0015200948282942653,0.002566466298569041,-0.05681071992839463
2023-09-12,0.001376786673197773,0.0012728295510482973,0.00010395712214947568,-0.054812839891388125
2023-09-13,-0.0030755503181216365,-0.0016198904473256562,-0.001455659870795982,-0.0007586241581421712
2023-09-14,-0.003085860348758889,-0.0029873148792081755,-9.854546955071364e-05,0.018717420811230925
2023-09-15,2.9134563821890972e-06,0.00041818830129652235,-0.00041527484491433314,0.07355610736918021
2023-09-18,0.0011323368298465817,0.0005505666548918807,0.0005817701749547012,-0.03441448592463599
2023-09-19,0.0036700152453464975,0.002647751176014991,0.0010222640693315066,0.08456955469310218
2023-09-20,-0.0018464747705890364,-0.0013598754161272888,-0.0004865993544617489,0.161650780364125
2023-09-21,0.004674780392496473,0.003243817584094791,0.001430962808401678,0.13523804802141964
2023-09-22,0.010463940370428118,0.004597838404790493,0.005866101965637624,0.273182030816812
2023-09-25,0.00900627782487368,0.0050854684259702895,0.003920809398903394,0.3022950807716441
2023-09-26,0.021670126096382893,0.011989135486933214,0.009680990609449672,-0.14447689122078813
2023-09-27,0.03383454025391937,0.01702180013772009,0.016812740116199286,-0.13217193004790126
2023-09-28,-0.015404049906177027,-0.010203406120808806,-0.00520064378536822,-0.31310071028917874
2023-09-29,-0.010667556663218591,-0.00729886353437747,-0.003368693128841121,0.21053848634830055
2023-10-02,-0.023285191705172487,-0.014249093540824175,-0.009036098164348309,0.03473686398725974
2023-10-03,0.013446279949259088,0.006559310754268813,0.006886969194990274,0.02689481875908666
2023-10-04,0.0021586388320869827,0.00043469766443959314,0.0017239411676473887,0.17874507190061714
2023-10-05,0.0017770461954259202,0.001496658175916113,0.00028038801950980644,0.06239924310639627
2023-10-06,0.012018544988240197,0.005169071949197186,0.006849473039043009,0.23131002034870027
2023-10-09,0.0038448926471504486,0.002874756239221239,0.0009701364079292077,-0.15205301838410987
2023-10-10,0.018334458246338864,0.007156493674485839,0.011177964571853022,-0.1184522032165335
2023-10-11,-0.011648455186122869,-0.0045504038373405595,-0.00709805134878231,-0.009364410607741241
2023-10-12,-0.008293918437436041,-0.003961174759409453,-0.004332743678026588,0.13902215209251031
2023-10-13,-0.0006586703383882858,-0.0002788008107895133,-0.0003798695275987712,0.006620929858612004
2023-10-16,0.00986297614591609,0.00824636365223639,0.0016166124936796977,-0.09273644244904933
2023-10-17,0.0005181981958490727,0.0013549397760845364,-0.0008367415802354623,0.04251001817336663
2023-10-18,-0.008437631482255474,-0.004481763024366304,-0.0039558684578891706,0.11756453468853396
2023-10-19,0.003536608048509166,0.00433416872192611,-0.0007975606734169447,-0.1364986789496425
2023-10-20,0.00946659594978819,0.004252563870265527,0.005214032079522661,-0.021646583900570157
2023-10-23,-0.015321479428379239,-0.004152044862747908,-0.011169434565631332,0.16461371557866308
2023-10-24,-0.0017673771398409052,-0.0029824114725284546,0.0012150343326875514,-0.003816550456367185
2023-10-25,0.011770617704672637,0.003475557837743379,0.008295059866929255,0.10720718435747068
2023-10-26,-0.0003115203615674249,-0.0014979855865834002,0.0011864652250159775,-0.07028568927363575
2023-10-27,0.008806401756885528,0.004175235442772821,0.004631166314112711,0.05186347950939282
2023-10-30,-0.0054468557492247755,-0.00234710175242255,-0.0030997539968022256,0.006222351347399252
2023-10-31,0.004399593764582851,0.003227033440964318,0.0011725603236185309,0.020344067860587383
2023-11-01,0.00045178243048389394,-1.1051685548961118e-05,0.000462834116032854,-0.011148292327187054
2023-11-02,0.0013298282210006886,0.0005628214088493099,0.0007670068121513782,0.05120988454284848
2023-11-03,-0.0007379869854259118,-0.0030275628205022574,0.0022895758350763434,-0.18830245761415973
2023-11-06,0.0038442798975377363,0.0018777670567241347,0.001966512840813603,-0.0015038135138335136
2023-11-07,-0.019023782555260292,-0.012386406031168137,-0.006637376524092159,-0.07637464468344862
2023-11-08,-0.00010694270638506118,0.00025429441385472346,-0.00036123712023978377,-0.08046534766830217
2023-11-09,-0.005046847687547934,-0.0014550369288667923,-0.003591810758681143,-0.025820489735537633
2023-11-10,-0.005290198088629748,-0.0023012171381210575,-0.0029889809505086913,-0.05652691970810392
2023-11-13,-0.002045005208446287,-0.001964076784877679,-8.092842356861515e-05,-0.08790315115102233
2023-11-14,-0.004263672490325737,-0.0014733816776314468,-0.0027902908126942894,0.15673457330194437
2023-11-15,-0.006822129882785443,-0.0023845305302155496,-0.004437599352569897,0.016540740244156537
2023-11-16,0.010719355859006848,0.005331376347031347,0.005387979511975503,0.058326632291602155
2023-11-17,0.0010983778708955716,0.0022657521365285166,-0.0011673742656329459,-0.023817042524590246
2023-11-20,0.0037424219686187756,0.0024466522512173756,0.0012957697174014026,0.06526694542489907
2023-11-21,-0.001639145708936795,0.0015260785685860603,-0.003165224277522853,-0.03939300408645863
2023-11-22,0.004471461680829543,0.0028916977803114105,0.0015797639005181332,0.12083592996756407
2023-11-23,-0.0027744632756093444,-0.0033802401643662217,0.000605776888756876,-0.03151996477650944
2023-11-24,0.008148597399001221,0.006115758267511411,0.0020328391314898137,-0.04683202874887113
2023-11-27,-0.002063243248749418,-0.00036642875645294913,-0.001696814492296467,-0.03243443736688729
2023-11-28,-0.0029303145073276645,-0.0011794944627181482,-0.0017508200446095168,-0.015523888751081178
2023-11-29,-0.0021164664755943443,0.00026773280253335197,-0.0023841992781276963,-0.03677008355802372
2023-11-30,-0.001054742832997998,0.0013001034377935483,-0.002354846270791546,-0.08099324629876571
2023-12-01,-0.002473080279839791,-0.0001247419765301877,-0.002348338303309605,-0.08793190931956839
2023-12-04,-0.006026241669075229,-0.0028525913702777024,-0.0031736502987975285,-0.011157541799043227
2023-12-05,-0.006623927010285819,-0.004491792792493208,-0.002132134217792611,0.10109646326974055
2023-12-06,-0.0008605703640373517,-0.00428892270335373,0.003428352339316376,0.007483019770597471
2023-12-07,0.0067434904397539516,0.0022050167678701127,0.004538473671883839,0.09078783488012783
2023-12-08,0.0005068084736388056,-0.0006244948337702982,0.0011313033074091036,-0.03191709460805262
2023-12-11,0.005594008618487789,0.003013645838547424,0.002580362779940366,0.033186622073671415
2023-12-12,-0.0028069534762870667,-0.0025923952490052513,-0.000214558227281815,-0.01915521412453261
2023-12-13,0.0022039755678550437,0.0017174085334528324,0.00048656703440221223,0.04595491282874123
2023-12-14,-0.0013475570861650181,-0.001390946424205848,4.3389338040829284e-05,-0.18777824349769306
2023-12-15,0.0028416783153864585,0.0026692778212468807,0.00017240049413957785,0.08045484070942811
2023-12-18,-0.011301305057291058,-0.005347554037990026,-0.0059537510193010314,-0.13074224468651982
2023-12-19,0.004956679362345919,0.0004991129186733435,0.004457566443672574,-0.08637695618964869
2023-12-20,-0.009109373113139259,-0.0044563686354158714,-0.004653004477723387,-0.22939327138069276
2023-12-21,-0.005923579603190127,-0.003842329725458782,-0.0020812498777313497,-0.15035480242321492
2023-12-22,-0.018395690783135125,-0.009903651404785913,-0.008492039378349202,0.1925823368669267
2023-12-25,-0.011643274166480418,-0.00515619092859728,-0.006487083237883141,0.12030489341180202
2023-12-26,0.012905649668022243,0.0076129225647886545,0.005292727103233589,0.2506297001887474
2023-12-27,0.0067146051368578985,0.0033008010473078216,0.003413804089550077,-0.15073925324027213
2023-12-28,0.014348386314456361,0.0069497641747627015,0.00739862213969366,-0.02851738651945915
2023-12-29,-0.010240491321111479,-0.006931986683479514,-0.0033085046376319684,0.429396472156854
2024-01-01,-0.0017587758902117543,-0.0010307176163676251,-0.0007280582738441296,0.03707575530561161
2024-01-02,0.023483023230329445,0.013071029943821845,0.010411993286507597,-0.03793608555234126
2024-01-03,0.002006393037985441,0.0034758285401456333,-0.0014694355021601926,-0.157565094141733
2024-01-04,-0.001914706048109998,1.9849986285663118e-05,-0.0019345560343956604,0.007605365951345043
2024-01-05,-0.008998310878611094,-0.005173188748726988,-0.003825122129884106,-0.12492656746564891
2024-01-08,0.0003552509951875668,0.0006856350603776798,-0.0003303840651901124,-0.12988838002726635
2024-01-09,-0.007269542444796422,-0.004026954538294814,-0.0032425879065016094,-0.007358999910828458
2024-01-10,-0.007006870152154102,-0.005151308106330538,-0.00185556204582356,0.14340669897909814
2024-01-11,-0.0003979866049681858,-0.0012987172227992452,0.0009007306178310591,-0.14759993435729007
2024-01-12,0.00945313293328152,0.006751036912652013,0.002702096020629506,0.3473636935473657
2024-01-15,-0.011146275994760597,-0.007319515866068615,-0.003826760128691981,0.10198420210758266
2024-01-16,0.0305835308221582,0.018490975014386835,0.012092555807771369,0.10616484189476676
2024-01-17,0.006386625310414645,0.005912119782078503,0.00047450552833614226,0.33820699681669375
2024-01-18,0.005656528326755152,0.0037969057744053,0.0018596225523498516,-0.01409245225295862
2024-01-19,0.022721523350818514,0.011964386997783578,0.010757136353034932,0.23273758172049422
2024-01-22,-0.0008733777875547554,0.00149750599446116,-0.002370883782015915,0.027875000090962936
2024-01-23,0.013908930177844881,0.006919949910017277,0.006988980267827606,-0.013318063306700509
2024-01-24,0.0017434144279043727,0.002520341993365126,-0.0007769275654607548,0.18709142047867744
2024-01-25,-0.000965545882088867,-0.0005356945999479496,-0.0004298512821409163,-0.32043484717428683
2024-01-26,0.013220672315601853,0.0077437253123906705,0.005476947003211181,0.12409916034062239
2024-01-29,-0.022955716996272156,-0.01504779385501142,-0.00790792314126074,0.008049256028913519
2024-01-30,0.007694778569961438,0.003917326169487638,0.0037774524004738005,0.11894417273290708
2024-01-31,0.0004636087104379398,-1.0862586458519272e-05,0.0004744712968964603,-0.12745525525466653
2024-02-01,0.008313409740638308,0.0031517877271383925,0.005161622013499916,0.06305754463783989
2024-02-02,-0.00850422900221031,-0.0036525847401169265,-0.004851644262093384,0.049320748155836654
2024-02-05,0.0038566611813490377,0.0008321016298348258,0.0030245595515142106,-0.05787305267472364
2024-02-06,0.0028049208177797352,0.0027900349469955083,1.4885870784230384e-05,-0.18151109257612005
2024-02-07,-0.003985899231561948,-0.001182280152586362,-0.0028036190789755863,-0.05781930955732361
2024-02-08,-0.014304208473777523,-0.007534656343106735,-0.006769552130670788,-0.07060529884652757
2024-02-09,-0.0040975355415289495,-0.00296776773073063,-0.0011297678107983207,-0.025291468304085744
2024-02-12,-0.0048687441006245585,-0.004122002388894961,-0.0007467417117295993,0.10096110975663451
2024-02-13,-0.0015078097264000754,-0.00269918180585575,0.0011913720794556747,-0.06982056447065356
2024-02-14,0.006835342245160697,0.002119742967985217,0.004715599277175478,-0.030982276375194562
2024-02-15,-0.004337398951595911,-0.0030790161070096914,-0.001258382844586221,0.1250110929963791
2024-02-16,-0.001823303520218285,-0.0008309639771960304,-0.0009923395430222557,0.002457428466493351
2024-02-19,0.006618250306754487,0.004902375341460671,0.0017158749652938163,-0.04108888354933822
2024-02-20,0.00012859989177126373,-1.2805924149953025e-05,0.00014140581592121757,-0.011443788847826228
2024-02-21,-0.002491617991817168,-0.002901280738628253,0.00040966274681108507,-0.020494708851626277
2024-02-22,-0.0006792352507580051,0.0007735920952139305,-0.0014528273459719354,-0.02305971632353818
2024-02-23,-0.001142919847610846,-0.0009627827488288597,-0.00018013709878198642,-0.06857682639755272
2024-02-26,-0.0011423371060712275,0.0005570064011082665,-0.001699343507179494,-0.005916412081984659
2024-02-27,-0.0036267518114819286,-0.003495645880668235,-0.0001311059308136955,-0.07967795413231954
2024-02-28,-0.00035022895693978995,-0.00065824566267149,0.0003080167057317002,-0.09964612285632549
2024-02-29,-0.0050456773529671956,-0.00481216579929092,-0.00023351155367627545,-0.07894622707678785
2024-03-01,-0.0070223630778216755,-0.005363955763056634,-0.0016584073147650428,-0.028272519404130142
2024-03-04,-0.00538494171966457,-0.005568528850639356,0.00018358713097478595,0.00901884799121037
2024-03-05,-0.0014406947094892635,-0.0003083231986078178,-0.0011323715108814457,0.01999247299034928
2024-03-06,0.000517691468599388,-0.0006109210838660048,0.0011286125524653922,0.05157393783932199
2024-03-07,0.0011144373994299373,0.000956376888666309,0.00015806051076363084,-0.14909973405048796
2024-03-08,0.0029662290540841208,0.0019159885505722705,0.0010502405035118512,0.07767142931006041
2024-03-11,-0.008060090682055834,-0.005467650831893392,-0.0025924398501624424,-0.150111607647974
2024-03-12,0.0034761135094852945,0.001945881484552089,0.001530232024933206,-0.13231480287495856
2024-03-13,-0.008718382994688937,-0.006525339958064417,-0.00219304303662452,-0.08158693477347934
2024-03-14,-0.00640257477245613,-0.003982963355029276,-0.002419611417426845,0.11410273581578624
2024-03-15,-0.009850319714542893,-0.011461328524587092,0.0016110088100441994,0.1501308534061762
2024-03-18,0.008260123745808817,0.006166875991754764,0.0020932477540540548,0.11882511606228295
2024-03-19,0.008669795282734408,0.0066930665618080976,0.001976728720926312,0.02899721951490074
2024-03-20,0.008120619830108993,0.006333021140633579,0.0017875986894754147,0.053864216945027035
2024-03-21,0.001572019503285833,0.001566267752303653,5.751750982177506e-06,-0.1642044417151624
2024-03-22,0.0031929203099892835,0.0012097178926178168,0.001983202417371467,-0.0879001445385916
2024-03-25,-0.008662861707523811,-0.0055614303947546725,-0.0031014313127691387,0.09661212103780878
2024-03-26,-0.004580452407503521,-0.00045544801562484843,-0.004125004391878674,0.13617621838343416
2024-03-27,0.005764036070242421,0.0026298464996764494,0.003134189570565972,-0.19056524931570706
2024-03-28,0.00853094527214919,0.006627281180868753,0.001903664091280441,0.2386168684032822
2024-03-29,-0.012581919288232525,-0.00657897328494996,-0.006002946003282564,-0.31365920331923536
2024-04-01,0.015636490960696338,0.009446624726675842,0.006189866234020496,0.03825460449391741
2024-04-02,-0.018793492863568677,-0.010506049233318424,-0.008287443630250252,0.049120105962306475
2024-04-03,0.002298475161625746,0.002530309511255936,-0.00023183434963018916,0.0887223516410362
2024-04-04,0.0036689939785174933,0.003200188718773223,0.000468805259744267,0.26128582685270146
2024-04-05,0.005861722571915432,0.003507399236411531,0.002354323335503902,0.258772114137321
2024-04-08,0.016834226111791764,0.010153088083432479,0.0066811380283592885,-0.09440825538255601
2024-04-09,0.015406691496135157,0.009617989604275588,0.005788701891859566,0.17305184922876668
2024-04-10,-0.00482804678792005,-0.00421823199681887,-0.0006098147911011804,-0.2732574937040992
2024-04-11,0.009016558538201056,0.0031197827445795575,0.005896775793621497,0.262797596401081
2024-04-12,-0.013539856741408549,-0.008323572195167099,-0.005216284546241453,-0.06358061503177789
2024-04-15,0.013645727074666193,0.007028598925236563,0.006617128149429632,-0.020648593715572386
2024-04-16,-0.003299435386713017,-0.0016662549907427307,-0.0016331803959702862,-0.11081397395396762
2024-04-17,-0.0009474421210040169,-0.0003477684704735165,-0.0005996736505304999,0.07416568275458206
2024-04-18,-0.0058218639943317056,-0.0022161285003775046,-0.0036057354939541993,0.0006528309509535037
2024-04-19,0.00374593143544607,0.002466879586104232,0.0012790518493418375,-0.032029671734583286
2024-04-22,3.695856681161557e-05,0.0012464186575458346,-0.0012094600907342195,-0.17388287338991604
2024-04-23,-0.001818024914912474,-0.0007538458639299228,-0.0010641790509825534,-0.038024678583494065
2024-04-24,-0.008809116050311015,-0.0047158747623604995,-0.004093241287950515,0.023555126409108118
2024-04-25,-0.0019787880747774737,-0.0018601022717813116,-0.0001186858029961612,0.053153313874586376
2024-04-26,0.0012777648424347327,-0.00027055386640074085,0.0015483187088354729,0.042663131383196294
2024-04-29,0.0028546568076711193,0.0011098854042330183,0.0017447714034381015,0.03882639536674182
2024-04-30,0.0023740409219603874,0.0025459251522636024,-0.00017188423030321419,0.09935513934612464
2024-05-01,0.0020280186187486607,0.0010469328778766195,0.0009810857408720413,-0.03218735696946347
2024-05-02,0.005998068385906519,0.0031626092971348725,0.0028354590887716465,0.07545253552969859
2024-05-03,-0.0018837601271248729,-0.0014454655391399202,-0.0004382945879849529,-0.02811103353384996
2024-05-06,0.004371492146753766,0.0035412994002865707,0.0008301927464671949,-0.0866929042350299
2024-05-07,-0.0014750468385294744,-0.0011122835007388605,-0.0003627633377906135,-0.06532937924208439
2024-05-08,-0.004862564252817111,-0.0021232223009579,-0.0027393419518592127,0.07718472373182997
2024-05-09,-0.003676964368892789,-0.0030525832484913557,-0.0006243811204014327,0.02317806256284537
2024-05-10,0.0036841965249889436,0.0008392295043441154,0.002844967020644828,0.024294325315066204
2024-05-13,0.0012235897685968738,3.247900751727345e-05,0.0011911107610796017,0.020833483783056873
2024-05-14,0.0011274316580959624,0.0011949007138801482,-6.746905578418512e-05,-0.0480645704376118
2024-05-15,0.0010569216345677522,-9.419493703221091e-05,0.0011511165715999633,0.06788369687872581
2024-05-16,-0.0029742980186729085,-0.0029128106295116356,-6.148738916127335e-05,-0.021158381868798076
2024-05-17,0.0034708821248389675,0.002439161789419191,0.0010317203354197777,0.06432727894336418
2024-05-20,-0.0010708258109412565,-0.0013153886768992361,0.00024456286595797973,-0.04578151196233399
2024-05-21,0.0030964352623073337,0.0013831290988836663,0.0017133061634236665,-0.10120557518364351
2024-05-22,-0.0025808739257761806,-0.0011289252452143846,-0.0014519486805617942,0.2362041972489714
2024-05-23,-0.0057564711464101435,-0.0028508066782515938,-0.0029056644681585498,0.050808093045680916
2024-05-24,0.013001917103272718,0.00715203634903128,0.005849880754241438,0.16998131061196278
2024-05-27,0.002958002108908597,0.002027210952668425,0.0009307911562401738,0.07229247777367774
2024-05-28,0.008676841634233682,0.004513795461446899,0.0041630461727867815,0.06278469002878159
2024-05-29,0.0035516253156329053,0.0019509684915878312,0.0016006568240450737,0.10272275239178826
2024-05-30,0.0028820868600333152,0.0007030886754738836,0.0021789981845594317,-0.03847976672146512
2024-05-31,0.005168784428575202,0.003316862242247044,0.0018519221863281601,-0.14779601937965212
2024-06-03,-0.0020220615435431496,-0.0016789500775992062,-0.0003431114659439424,0.03119447576276937
2024-06-04,-0.008438261769457587,-0.005106258943215784,-0.003332002826241804,-0.04242513483329172
2024-06-05,0.0014926218686109587,0.001076086320371145,0.0004165355482398129,0.08137102852695967
2024-06-06,-0.0021375021672607837,-0.002024701984364703,-0.00011280018289608167,-0.03267568583560034
2024-06-07,0.004093237363168839,0.003468632608812398,0.0006246047543564419,0.03632006654823581
2024-06-10,-0.0016061126890571592,0.0003270480078124121,-0.0019331606968695705,-0.08179686034169627
2024-06-11,0.001749754445111532,0.0009982045898979475,0.0007515498552135847,0.009782035555359524
2024-06-12,-0.004072928894710692,-0.0017127527026630004,-0.0023601761920476914,-0.0656393995288904
2024-06-13,0.000574402127907869,0.001090020705165954,-0.0005156185772580849,0.04943521237832067
2024-06-14,-0.0039263549215209186,-0.0032270962607004747,-0.0006992586608204443,0.10984224266367315
2024-06-17,0.0032029847646324254,0.002143562017659472,0.001059422746972954,0.04066624853222496
2024-06-18,0.005802272856340706,0.002867618292230097,0.002934654564110609,-0.07949485240464264
2024-06-19,0.0019430737272783205,0.0019392349305748869,3.838796703432325e-06,-0.11961978643629129
2024-06-20,-0.003707216862872056,-0.0013454484929330364,-0.0023617683699390206,-0.21097636449141305
2024-06-21,-0.007260744368057069,-0.0031283571882248975,-0.004132387179832171,-0.010121763299554918
2024-06-24,-0.014018897003373228,-0.007721474578108641,-0.006297422425264589,-0.01705784616544624
2024-06-25,-0.0005810393949691666,-0.0006897173172253678,0.00010867792225619909,0.02723691823025741
2024-06-26,-0.0008598835002916938,-0.0006935984331216533,-0.00016628506717004075,-0.04145256127158611
2024-06-27,0.001414390504389884,0.0013719110461454865,4.2479458244397016e-05,0.05280898800436787
2024-06-28,-0.002483718666972046,0.0002186309304061983,-0.0027023495973782447,-0.06689524346609063
2024-07-01,0.0032488734076040783,0.002772960480264946,0.0004759129273391332,0.1380229199083134
2024-07-02,-0.003736528888884561,-0.002901900540169416,-0.000834628348715144,-0.10918135566147394
2024-07-03,0.007625502226224327,0.004833422284758147,0.0027920799414661805,0.1066812710723869
2024-07-04,-0.005573360152821045,-0.0026669956512772705,-0.0029063645015437738,-0.023573693800038275
2024-07-05,0.005436298875479605,0.0029548067398571867,0.002481492135622418,0.19177810062290207
2024-07-08,-0.0011226588656165807,-0.00018792034111129053,-0.0009347385245052917,0.00212650686449521
2024-07-09,0.01008248559151878,0.005680952733811814,0.004401532857706968,-0.152279878600661
2024-07-10,0.00011350612302771972,-0.0002674121383713104,0.00038091826139903057,0.06560977368324843
2024-07-11,-0.008200217665237325,-0.0033504520666589855,-0.0048497655985783395,-0.019973563403359883
2024-07-12,0.0037799161852713247,0.0013020686925767685,0.002477847492694557,0.12273068946550593
2024-07-15,-0.0011009137713938514,-0.00018474977882771435,-0.0009161639925661374,0.029051532515092394
2024-07-16,0.00785215759693137,0.004499480651843539,0.0033526769450878315,0.11204682044567789
2024-07-17,0.001754973522648227,0.0020497794888410664,-0.0002948059661928397,0.06116748430250844
2024-07-18,0.006123975565488808,0.0041622337502484445,0.0019617418152403678,0.012768560614020865
2024-07-19,0.003943286798586408,0.0027923628296782545,0.0011509239689081515,-0.07005204492756419
2024-07-22,0.0008524535100559574,0.001107618909988001,-0.0002551653999320431,-0.0500668131001638
2024-07-23,-0.004272878344229767,-0.002585950931297364,-0.001686927412932403,0.05258510249194634
2024-07-24,-0.0030366774024606345,-0.0006717872417756068,-0.0023648901606850275,0.009283354196810875
2024-07-25,0.002857835993236067,0.0010702605932245137,0.001787575400011553,-0.056159583318394206
2024-07-26,0.0005408041907485339,0.0007448130113299097,-0.00020400882058137573,-0.027067848512359723
2024-07-29,-0.0035295874019712504,-0.0020030946406806296,-0.00152649276129062,0.018603247148590688
2024-07-30,-0.0018018877998354573,-0.0022177874174982223,0.000415899617662769,0.0145651446874924
2024-07-31,0.0012508043628671594,0.0019471180276134674,-0.0006963136647463062,0.0875435633912963
2024-08-01,0.0009776038338693738,0.00027620352948697037,0.0007014003043824039,-0.09738682625252115
2024-08-02,0.0062475330989073576,0.003944114191531229,0.0023034189073761297,0.06839107208568591
2024-08-05,-0.007264192022178047,-0.00549624298338949,-0.001767949038788557,-0.18214052495857577
2024-08-06,0.004575676312620266,0.0025792453972919693,0.0019964309153282962,0.20831868460231573
2024-08-07,-0.013035178056563046,-0.006370340393767909,-0.006664837662795139,-0.049045906631819104
2024-08-08,0.012470442428545116,0.006646799754531547,0.005823642674013571,-0.05495297846375706
2024-08-09,-0.0030936821394895774,-0.002485841583307939,-0.0006078405561816391,-0.062358282745665475
2024-08-12,-0.0034943086994777173,-0.0016305834835397565,-0.0018637252159379603,-0.05552095743512656
2024-08-13,-0.0033743360745127028,-0.001951074063558049,-0.0014232620109546545,0.010510821243752563
2024-08-14,-0.0033539453393965084,-0.00286754389636942,-0.0004864014430270881,-0.010309867662963603
2024-08-15,0.0006535031038925648,0.00027038618552132124,0.00038311691837124404,0.05414997649628925
2024-08-16,-0.0005790477204269698,-0.0006435307572413792,6.448303681440889e-05,-0.006497003771590659
2024-08-19,0.003506407182772231,0.002350998488710539,0.0011554086940616928,0.04909057275302142
2024-08-20,-0.0004224495600768026,0.0009669894155051591,-0.0013894389755819618,-0.020908786232333894
2024-08-21,0.003071650528578755,0.0023390330328011306,0.0007326174957776235,0.13624746981659955
2024-08-22,-0.0014199485152254247,-0.0002798269341739478,-0.001140121581051476,-0.05028771050595912
2024-08-23,0.008666212352192008,0.0045938837117260566,0.004072328640465951,0.06926614055771128
2024-08-26,-0.0033880040323182774,-0.0034640362234160064,7.60321910977281e-05,0.06776495759419329
2024-08-27,0.00406110729903973,0.0025434414534897427,0.0015176658455499873,-0.1823872468457147
2024-08-28,0.003936578147239701,0.0012975282097662582,0.0026390499374734427,0.02959950140087986
2024-08-29,-0.012141791842299082,-0.008315447397468697,-0.0038263444448303832,0.11055571249246916
2024-08-30,0.001727785557068619,0.0014970260163707696,0.00023075954069784813,0.06770439986150664
2024-09-02,0.0062516216345373955,0.00468051384775346,0.0015711077867839357,-0.19879750472571867
2024-09-03,0.004922009238567257,0.003569757657828925,0.001352251580738333,0.1260550881761427
2024-09-04,-0.014480658861396907,-0.00780022924256738,-0.006680429618829529,-0.1136241672562011
2024-09-05,0.008319137304318932,0.004099320597188708,0.0042198167071302245,-0.0182970656563865
2024-09-06,-0.008241940183547774,-0.005616588789852826,-0.002625351393694948,-0.026340323180021816
2024-09-09,-0.001009007665769284,0.0009600626629473093,-0.0019690703287165937,-0.07991176141805684
2024-09-10,-0.0013921948505045837,-0.0027596513750485305,0.0013674565245439477,-0.010282641272654318
2024-09-11,-0.005435282053582768,-0.004237958450887418,-0.001197323602695352,-0.1149657796019138
2024-09-12,-0.0006013610848201296,-0.0004919810298160705,-0.0001093800550040578,-0.1489099615441255
2024-09-13,-0.005828753630112359,-0.002504623730692235,-0.0033241298994201255,-0.06370764457833594
2024-09-16,-0.008593302990656517,-0.00519154388552181,-0.0034017591051347072,0.09564005202416608
2024-09-17,-0.0038504325016021452,-0.0028145637816425822,-0.0010358687199595634,0.016602834420755025
2024-09-18,0.0061941778997779105,0.003969217309666271,0.002224960590111638,0.017553170179723663
2024-09-19,0.0009909102735294081,0.0017344234313522834,-0.000743513157822874,0.08167865516897073
2024-09-20,0.001070196530974518,0.0016173194509131435,-0.0005471229199386244,-0.056998831969293486
2024-09-23,0.0048107515451524,0.004963481079570132,-0.0001527295344177313,0.07184376014969591
2024-09-24,-0.003681215333575681,-0.003750328419162492,6.911308558680933e-05,-0.01614144072163668
2024-09-25,0.004740481448548708,0.002254467814386145,0.002486013634162565,-0.18008130651001097
2024-09-26,-0.000984236163250629,-0.0016457074901273395,0.0006614713268767117,-0.010733651769655581
2024-09-27,-0.01056336178714926,-0.0070941766572528995,-0.0034691851298963594,-0.14847245490410801
2024-09-30,-0.0006026118448495103,-0.00030515581479266963,-0.00029745603005684046,-0.06336409714700474
2024-10-01,-0.009039929773366824,-0.0053268879591104965,-0.003713041814256328,-0.06640340661830132
2024-10-02,-0.003939233106283094,-0.0029648145593558746,-0.0009744185469272198,0.026962968881136546
2024-10-03,-0.004050120413116665,-0.002714266476360544,-0.0013358539367561229,-0.035577836195998
2024-10-04,0.001529384249699245,0.0005927321043711327,0.0009366521453281116,0.15386333867369079
2024-10-07,-0.0020463068616308018,-0.0014436454840055443,-0.0006026613776252574,-0.06565766792870588
2024-10-08,0.009173905599379821,0.005691566924090875,0.003482338675288946,0.0659389435326273
2024-10-09,-0.003956540394042443,-0.002965743307316692,-0.0009907970867257523,-0.01560554683624347
2024-10-10,0.004352525357336231,0.0019220241903013064,0.0024305011670349252,-0.08088916989015268
2024-10-11,-0.0010271644655799068,-0.001698770327466662,0.0006716058618867551,0.02503089075042685
2024-10-14,-0.005341176597775648,-0.0035097595551152553,-0.0018314170426603927,0.004993933419681472
2024-10-15,0.0014470639797407561,0.0010063562854818742,0.00044070769425888154,0.11119867865224217
2024-10-16,0.00035114097469243245,-0.00026812472603827964,0.0006192657007307173,0.12998496156982467
2024-10-17,0.007769805824946754,0.0036688829765731037,0.004100922848373649,-0.001823126787508944
2024-10-18,0.0070845780906876946,0.003617978130238446,0.0034665999604492487,-0.015887046051944166
2024-10-21,-0.00011598662485450386,0.0004218038381079163,-0.0005377904629624201,0.04805469815950226
2024-10-22,-0.0008391226972200596,-0.0007748953934274159,-6.422730379264336e-05,-0.026376873071838086
2024-10-23,0.002490480593313016,0.0009673299451684967,0.0015231506481445199,-0.08316752293704067
2024-10-24,-0.001591961425816598,-0.001552669275617439,-3.929215019915933e-05,0.011236434421111769
2024-10-25,-0.004315305412234505,-0.0032238459430735133,-0.001091459469160992,0.15588344359010328
2024-10-28,0.0006964090711859096,0.000997879304220772,-0.00030147023303486384,0.09098418780938576
2024-10-29,0.008742820956482898,0.004362275098904637,0.004380545857578262,0.18547311510917236
2024-10-30,0.005336544343355973,0.0034369620390085377,0.0018995823043474365,0.05327967806414891
2024-10-31,0.011226231736574468,0.006833122840275149,0.004393108896299319,0.05685060608391958
2024-11-01,0.0030716465700321516,0.001129835015276211,0.001941811554755939,-0.01092863753195992
2024-11-04,0.0031288292959250146,0.001788862668649899,0.0013399666272751161,0.18215107122869936
2024-11-05,-0.0007050442502002865,-0.0008892476914234698,0.00018420344122318383,-0.09810597530727132
2024-11-06,0.011769137605102786,0.00642910895023149,0.005340028654871298,-0.162777582352905
2024-11-07,-0.006164327366377939,-0.0028738718524012117,-0.003290455513976727,0.13781810737119915
2024-11-08,-0.010699099545511426,-0.005327136261098649,-0.0053719632844127785,-0.20608868713417536
2024-11-11,0.008699468069535782,0.006318872719854859,0.002380595349680924,-0.00673377837882751
2024-11-12,-0.01131772573970417,-0.006787108697881952,-0.004530617041822219,0.14382881338127482
2024-11-13,-0.00033743181650483126,0.0013057374171128715,-0.0016431692336177015,0.07918378138131897
2024-11-14,0.00857645406922995,0.00619770577212376,0.002378748297106191,0.05352795156081415
2024-11-15,0.00454897144608022,0.0020653285804883735,0.0024836428655918468,-0.11284202287460676
2024-11-18,0.0028620470405059948,0.003297115971482748,-0.0004350689309767543,0.051010072788988295
2024-11-19,-0.005741313379290139,-0.0017795687079410587,-0.003961744671349083,0.09230924081874749
2024-11-20,0.002761296100142755,0.0023780142732806446,0.00038328182686211054,0.06841238325367746
2024-11-21,0.0056805525225455,0.002618318914509862,0.0030622336080356376,0.030954098655531403
2024-11-22,0.003851976821159263,0.0009901812448761458,0.0028617955762831175,0.10293835740390685
2024-11-25,0.0017393340244106533,0.001195706068095879,0.0005436279563147746,0.09686496843056748
2024-11-26,0.007082183353044447,0.004496953713936491,0.0025852296391079554,0.00751070581162974
2024-11-27,0.005807466117858031,0.003136969342613479,0.0026704967752445487,0.09747533354549781
2024-11-28,0.00047641302061457013,-0.0004232997092890024,0.000899712729903572,0.12743490505352054
2024-11-29,0.006485485251700621,0.0036207127732051352,0.002864772478495486,0.12632569036346744
2024-12-02,0.008268154985443286,0.004578876600399883,0.0036892783850434006,-0.07210590489422548
2024-12-03,0.010664971325057017,0.005424612927098359,0.00524035839795866,0.13775979137116848
2024-12-04,-0.005900068188229416,-0.004197044605407979,-0.0017030235828214332,-0.20337087717823982
2024-12-05,0.01041314722562323,0.004144283400950666,0.006268863824672562,-0.19129087622100416
2024-12-06,-0.015460298479566068,-0.009008484529079715,-0.006451813950486351,-0.0445402280296515
2024-12-09,-0.014052509389691714,-0.00830378430566164,-0.005748725084030075,-0.1980004604735933
2024-12-10,-0.003227650556907785,-0.0010425990922777253,-0.0021850514646300605,0.008827636629368637
2024-12-11,-0.012763604766586731,-0.00782244438097952,-0.004941160385607211,0.1342691214668728
2024-12-12,0.0005751367746280188,5.015085719963647e-05,0.0005249859174283819,0.14034902351725978
2024-12-13,0.008298164652325444,0.0050927184526264185,0.003205446199699027,-0.14085882266695007
2024-12-16,0.008855245057251304,0.00516528224791067,0.003689962809340636,0.07101721315217802
2024-12-17,-0.011637976935075777,-0.007807677897013527,-0.003830299038062251,0.09337192170750225
2024-12-18,0.00448005376483469,0.002628547458285607,0.0018515063065490827,-0.17325894204673858
2024-12-19,0.006941188584912812,0.004065105613516886,0.002876082971395926,-0.04237872594331237
2024-12-20,-0.013709747223214924,-0.006799266467433741,-0.006910480755781179,-0.0882398342642537
2024-12-23,-0.0031822505096817597,-0.0023465445580650307,-0.000835705951616729,0.12070066877311013
2024-12-24,-0.006910440255956028,-0.0055761100548505915,-0.0013343302011054395,0.07009961381933223
2024-12-25,0.0075796307355460845,0.005884659332592468,0.0016949714029536184,-0.1175154714328409
2024-12-26,0.004628099997927633,0.004072789965315451,0.0005553100326121836,0.01620433345385155
2024-12-27,-0.00769320505815789,-0.004217113209575922,-0.0034760918485819666,0.04725589934758376
2024-12-30,0.0009556490427613607,0.0015442270831664197,-0.000588578040405059,-0.17160462529579235
2024-12-31,0.002884081444487265,0.0023367915370968197,0.0005472899073904469,0.05145860489810805
2025-01-01,-0.01008208476958835,-0.004873970178480616,-0.0052081145911077355,0.050647866961673005
2025-01-02,0.0029269465559826117,0.0017765045084698053,0.0011504420475128066,0.0007165348825086258
2025-01-03,0.0033097970552470072,0.0013222038235950679,0.001987593231651939,0.0877151684687241
2025-01-06,3.883605986513129e-05,-0.00034150695059239657,0.0003803430104575272,0.10416909804591035
2025-01-07,0.006487380641473072,0.005632505768320202,0.0008548748731528645,-0.016427245769587283
2025-01-08,0.006614456314684339,0.0049950041850469196,0.0016194521296374227,0.01632920615616898
2025-01-09,-0.0010946788275006268,-0.0007418244877731914,-0.00035285433972743357,0.012431009670266793
2025-01-10,0.0009646529629488469,0.0003584410258313502,0.0006062119371174988,-0.23117912425950754
2025-01-13,0.0010000349445360344,0.00015647797208383565,0.0008435569724522009,0.17133274202308543
2025-01-14,-0.01965601480467806,-0.012478278892583856,-0.00717773591209421,0.08325093590126123
2025-01-15,0.010476574984577477,0.004789286787133779,0.005687288197443698,-0.13912128214298838
2025-01-16,0.005285965184192274,0.0040796283411142775,0.0012063368430779986,-3.050650521985173e-05
2025-01-17,-0.009184585831071977,-0.005106448854452213,-0.004078136976619764,0.10128463923495214
2025-01-20,-1.9338991936986092e-06,0.00019639386258927648,-0.00019832776178297425,-0.10818124389915869
2025-01-21,0.005885073600503995,0.004307289934446141,0.001577783666057854,-0.1777568740903104
2025-01-22,-0.006512595601970546,-0.003046352406992319,-0.0034662431949782266,0.00579983472079705
2025-01-23,-0.011182225669545118,-0.006939892243229308,-0.004242333426315811,0.040111640867642066
2025-01-24,0.0003881423590663438,-0.0015066170207329345,0.00189475937979928,-0.16341003365571144
2025-01-27,0.0024725707184174986,0.0022758094888091487,0.00019676122960834942,0.07274976058555022
2025-01-28,-0.010005182775275717,-0.006608768526798866,-0.003396414248476849,-0.04435853542401921
2025-01-29,0.004535876193179766,0.0026087431868557567,0.0019271330063240083,0.04429797994454109
2025-01-30,-0.002716619014255467,-0.0024330700900445194,-0.0002835489242109489,0.13995648597032173
2025-01-31,0.002901044388510205,0.0011770064796279844,0.0017240379088822241,
2025-02-03,0.011064267473993564,0.004063929462061355,0.007000338011932214,
