,ls_ret,long_excess_ret,short_excess_ret,ic
2017-01-02,0.0036746541186677938,-2.8929513334092702e-05,0.0037035836320018865,0.03374465121234485
2017-01-03,-0.006032222881973206,-0.0011862446345471379,-0.004845978247426069,0.07594530513079915
2017-01-04,0.0017130155237124755,0.0008272466133347737,0.0008857689103777016,0.05328856117551916
2017-01-05,0.0037930539273954506,0.0014183198524855183,0.0023747340749099323,-0.16875908993772562
2017-01-06,0.004211856365475719,-0.001053746940213665,0.005265603305689377,-0.1270812826390957
2017-01-09,-0.009955762905753672,-0.0028900333418364023,-0.0070657295639172685,-0.09499511544905505
2017-01-10,-0.006792102250554639,-0.0007207239350798637,-0.006071378315474777,-0.01113726363051453
2017-01-11,-0.004987047587796465,-0.0018147152368787425,-0.0031723323509177228,0.049113248015222113
2017-01-12,-0.0005632442030960022,-0.0006541580210295437,9.091381793354205e-05,0.013724813291533109
2017-01-13,0.0025867878100160526,0.0012460826267761344,0.0013407051832399182,-0.09235330245387717
2017-01-16,0.0006802023929426043,-0.0006752843726873367,0.0013554867656299413,0.15342228168608812
2017-01-17,-0.004959224122415712,-0.0011244629343497526,-0.0038347611880659585,-0.10562689199262812
2017-01-18,0.009985223227417583,0.003715891707298434,0.00626933152011915,-0.1397726045685592
2017-01-19,-0.00505749222511035,-0.0020494767631006557,-0.003008015462009694,0.10738539800553017
2017-01-20,-0.008022274682217126,-0.0010169718135307065,-0.007005302868686421,0.008104724420417292
2017-01-23,0.005660270083942827,0.001404798926808937,0.0042554711571338895,0.0969646158094452
2017-01-24,0.0003917260380419533,-0.0014971823579690638,0.0018889083960110173,0.1536911764231434
2017-01-25,0.004633039045579244,0.0016781716467410192,0.0029548673988382245,-0.018224987604116668
2017-01-26,0.008966246041353047,0.003074629266373579,0.0058916167749794674,0.03715016639307502
2017-01-27,-0.0008565704272558506,0.0013729912454911565,-0.0022295616727470062,-0.09473121497415352
2017-01-30,0.0019670680972572316,0.0019440731375036605,2.299495975357016e-05,-0.09246106108452684
2017-01-31,-0.004691085024108865,-0.001634405041158761,-0.0030566799829501038,0.3018324002088698
2017-02-01,-0.004585364046974318,-0.0017670814830913787,-0.0028182825638829387,0.09265937083512138
2017-02-02,0.019138652954664492,0.004272050448582532,0.01486660250608196,0.03470788931914438
2017-02-03,0.004425641755019234,0.0032499871396913585,0.0011756546153278737,0.10442838651678889
2017-02-06,0.0016702998809422392,0.0011695680323025107,0.0005007318486397279,0.06650411498667645
2017-02-07,0.005339264968439449,0.0017581553219785384,0.003581109646460911,0.06557482698367548
2017-02-08,0.0030197269585924323,0.002844606079906555,0.00017512087868587663,-0.01635573847825788
2017-02-09,0.0033403093763223193,2.7665878191014334e-05,0.003312643498131305,0.07816395555382637
2017-02-10,-0.0007506033158185746,0.0008401956778093418,-0.0015907989936279152,0.09464249713373085
2017-02-13,0.0036103904992276625,0.0005424439492965434,0.003067946549931119,0.05542698358488035
2017-02-14,0.004303689037592252,0.00037111079096790317,0.00393257824662435,-0.04500159252081377
2017-02-15,0.0025493583042976754,-0.0005955836208869315,0.003144941925184606,-0.03332015449364783
2017-02-16,-0.0015922035886395864,-0.0006291959477151745,-0.0009630076409244109,0.01429608993557355
2017-02-17,-0.0013533124415743406,4.593254437695697e-05,-0.001399244985951299,-0.10011466828774118
2017-02-20,0.0006838338889736793,0.0012124164708963456,-0.0005285825819226666,-0.0013773313264971029
2017-02-21,-0.004842308961261328,-0.0010031741440257843,-0.003839134817235544,-0.032937165363433905
2017-02-22,-6.269430216593292e-05,0.00018132082565610642,-0.00024401512782203962,-0.04633971915426164
2017-02-23,-0.001644677828405704,0.0006212175827130535,-0.0022658954111187575,-0.021840204801324363
2017-02-24,-0.002553521477041098,-0.0008298795773424329,-0.0017236418996986642,-0.014803335682222784
2017-02-27,-0.0010614493304818848,-0.0025927900815647153,0.0015313407510828296,-0.00919782860719757
2017-02-28,-0.0007673139844428397,-0.00030989492101965617,-0.0004574190634231831,0.09501734146881866
2017-03-01,-0.0004543824541296802,-0.0015466233084829805,0.0010922408543533007,0.04766638029889435
2017-03-02,0.004760593994696421,0.0031658694603604906,0.0015947245343359315,0.0039391268102740955
2017-03-03,0.0025457986740473506,0.0030793721370050865,-0.0005335734629577371,0.0940884683692116
2017-03-06,0.00022649386702275722,0.001216198336301733,-0.000989704469278976,-0.0020994680160461897
2017-03-07,0.00424200226945156,0.003095573329016067,0.0011464289404354948,0.006382244763510773
2017-03-08,-0.00010006658777477243,-0.0007461627121472241,0.0006460961243724514,-0.0809387018812558
2017-03-09,0.00033925107646921176,-0.002862407922546744,0.0032016589990159572,-0.010000256473436806
2017-03-10,-0.003920357043773118,-0.0008364691927809651,-0.003083887850992154,0.021286498103801035
2017-03-13,-0.00046932968512429984,-0.0013833069567843396,0.0009139772716600402,0.0728405993728447
2017-03-14,0.0009828260869668743,0.00221826027679161,-0.0012354341898247363,0.06056838757252463
2017-03-15,0.003902123922734063,-0.0008511587126178513,0.004753282635351913,0.11108213028708366
2017-03-16,0.0031466684375559177,0.0015413823343681946,0.0016052861031877236,-0.0018825261683889738
2017-03-17,0.005858627527857328,-0.0002646939760523343,0.006123321503909663,-0.07786595206803673
2017-03-20,-9.435130309114095e-05,0.0005049542104925255,-0.000599305513583667,0.08303453076598867
2017-03-21,-0.0033970500499476953,-0.00029701784744028386,-0.003100032202507411,-0.018894834926890255
2017-03-22,0.003950943530298821,0.0011957531788451773,0.0027551903514536433,0.00361835148551594
2017-03-23,-0.0008180111461489883,-0.00038606533011291584,-0.00043194581603607334,0.10702333904543895
2017-03-24,0.0001743840236311377,0.0015897989963067436,-0.0014154149726756035,0.11117892610452591
2017-03-27,0.005868544945839162,0.0011265580199273772,0.004741986925911785,-0.005882108567366773
2017-03-28,0.00617617773913307,1.9392704448570677e-05,0.0061567850346845015,0.052076604623462176
2017-03-29,-0.00027505323546404804,-0.0009450627552054899,0.000670009519741442,0.18083467474225098
2017-03-30,0.0023885395915461635,0.0012296938555385623,0.001158845736007602,-0.008499300848659644
2017-03-31,0.010324119644487035,0.0014935188906411226,0.00883060075384591,0.008641869385203413
2017-04-03,-0.00039667810842994756,-0.0014411213582630794,0.0010444432498331315,-0.11374669086912305
2017-04-04,0.00039559602504963143,-0.0029365999044394797,0.0033321959294891103,-0.012239780215964956
2017-04-05,-0.006234945458297532,-0.0038312499411491327,-0.0024036955171483996,0.007971743962996904
2017-04-06,-0.000544534594432825,1.057290306010622e-06,-0.0005455918847388375,0.05470214189946319
2017-04-07,0.000323564629168696,-0.000504028635412255,0.0008275932645809506,0.014881878030881899
2017-04-10,0.0023999231663619216,-0.00024867931680045037,0.002648602483162371,0.03163404391865521
2017-04-11,0.0005360532304417823,0.0008210247554517559,-0.0002849715250099732,-0.0061675329406532
2017-04-12,0.0013599294171237303,0.001622146578621416,-0.00026221716149768537,-0.05237526606231387
2017-04-13,-0.0002671396621695499,-0.002297179474723093,0.002030039812553542,-0.1076796581486251
2017-04-14,-0.0032967933387233724,-0.007427785879163821,0.004130992540440453,-0.03231502427890144
2017-04-17,-0.005189710737634185,-0.0003677223215501225,-0.004821988416084062,0.04954201511300786
2017-04-18,-0.0015893501958163892,-0.00038834189404505733,-0.0012010083017713318,-0.0692905868191524
2017-04-19,0.0023396046372023117,-0.0009333418774889503,0.0032729465146912606,-0.01752666330011673
2017-04-20,-0.0035425944774045938,-0.0020317524143076667,-0.0015108420630969262,-0.020069093728947777
2017-04-21,-0.0008329837034997896,0.0009067641328338837,-0.0017397478363336723,0.03852816496383095
2017-04-24,-0.0009273181888749366,-8.138221670680665e-05,-0.0008459359721681315,0.02113893909309508
2017-04-25,0.0016092651577592583,0.000461005186849597,0.0011482599709096617,-0.06719794598046723
2017-04-26,0.0008288073925295504,-4.7502864014733505e-05,0.000876310256544284,0.012459727641510005
2017-04-27,-0.003423371167326638,-0.0020747299929505052,-0.001348641174376133,-0.06988998412741353
2017-04-28,0.0007056279549424564,0.0005944843326885379,0.00011114362225391914,-0.007154516033098275
2017-05-01,-0.003847266120055406,-0.0028275221758339913,-0.0010197439442214155,-0.0805609346794496
2017-05-02,-0.0003891413432223533,-0.0013302422671817738,0.0009411009239594214,-0.046467806947284016
2017-05-03,-0.003983150321530602,-0.0029083969084027607,-0.0010747534131278413,-0.0053321998871729845
2017-05-04,-0.0032219104143098114,-0.005377492639857713,0.002155582225547903,-0.05293275160434017
2017-05-05,-0.00032913851897145314,0.0016919916944940286,-0.0020211302134654817,0.08336905204361297
2017-05-08,-0.0026742589546678913,-0.0017953528741364412,-0.0008789060805314495,0.030918326153612938
2017-05-09,0.004554183002225215,0.0026754318508796005,0.0018787511513456141,-0.037911745458794846
2017-05-10,0.0017157530090925386,-0.0003318592727514849,0.0020476122818440246,0.07029146441519007
2017-05-11,-0.0020466525863088057,-0.00048262259522564453,-0.0015640299910831617,-0.024403826177461046
2017-05-12,0.004260468035006952,0.0002650064010510274,0.003995461633955925,-0.06120951056077518
2017-05-15,-0.0011693132168621608,0.0016179774513148497,-0.002787290668177015,0.033681920807204675
2017-05-16,-0.003340906664447671,-0.0024004029553401844,-0.0009405037091074864,-0.023707875254318604
2017-05-17,0.0014510482927001845,6.58742757918742e-05,0.001385174016908311,-0.09155814116190548
2017-05-18,-0.0009761044951506269,0.001052598120270292,-0.0020287026154209194,-0.027863225781170908
2017-05-19,-0.005099369010369233,-0.003687166847894498,-0.0014122021624747311,0.003951562892151073
2017-05-22,-0.0016317522877971034,-0.0028272796865039425,0.0011955273987068367,0.04826692129277128
2017-05-23,0.00020597551494896558,0.001991814045314155,-0.0017858385303651924,0.0848569310838139
2017-05-24,0.0021085351629001976,-2.6883251621274713e-05,0.0021354184145214727,0.015356632939943618
2017-05-25,0.0031786036233829645,0.002434520806520464,0.0007440828168625013,-0.036627441478862856
2017-05-26,0.0006699660742787599,0.0009882892550815876,-0.00031832318080282813,-0.06516650635340411
2017-05-29,-0.0015464075808609315,-0.0011520417186015753,-0.00039436586225935835,-0.04345872091697319
2017-05-30,-0.0024149651234829507,-9.483059140097654e-05,-0.0023201345320819737,0.07971199950443429
2017-05-31,-0.0017786451188022345,-0.0008668589042400924,-0.0009117862145621421,0.07456245666958375
2017-06-01,0.003814152816947661,0.00043211314465133174,0.0033820396722963296,0.025914924091757535
2017-06-02,0.004114865953622489,0.002597500388694022,0.0015173655649284665,-0.017740329738843957
2017-06-05,0.0010860821056900111,0.0008839771748587605,0.0002021049308312513,-0.0450300920377131
2017-06-06,-0.0007633119322140868,-0.001912343540957262,0.0011490316087431757,0.03701397190594104
2017-06-07,-0.001891511719683763,-0.0011273039782755394,-0.0007642077414082235,0.03652441342756679
2017-06-08,0.0015735606693709468,0.00028108289570330167,0.001292477773667645,0.06557632247765184
2017-06-09,0.00222005255964244,0.0007526890396245094,0.001467363520017929,-0.010597658107205516
2017-06-12,0.0031712002566235647,0.0010279803455459395,0.0021432199110776257,0.04801509686494917
2017-06-13,-0.00050671638396453,-0.0014994726410321527,0.0009927562570676233,0.005153917466358981
2017-06-14,0.0021313427601108935,0.00015743755976648692,0.001973905200344406,-0.05336233476094571
2017-06-15,0.00022180285431575692,-0.0008430124104264192,0.0010648152647421763,0.021651342890428766
2017-06-16,-0.0022464312227083692,-1.192947567675573e-05,-0.0022345017470316135,0.06732410067814945
2017-06-19,0.0009475924075502413,0.001377370982134368,-0.00042977857458412726,-0.051982432463121855
2017-06-20,0.0030783767728187242,0.002973037899629853,0.00010533887318887078,-0.11757809740238892
2017-06-21,-0.0024842222516184963,-0.0020534291311222813,-0.0004307931204962145,0.026824934785507123
2017-06-22,-0.006108457889729705,-0.0003780159625119228,-0.005730441927217783,-0.022478681847521824
2017-06-23,0.0012469541461549742,0.0006624663078540635,0.000584487838300911,0.038668452587039645
2017-06-26,-0.001276100549773127,-0.0009787171479025605,-0.0002973834018705655,0.07055863446782164
2017-06-27,0.002047876232787629,-0.0008967314790526018,0.00294460771184023,-0.012776228282056344
2017-06-28,0.00382992161537477,0.0025030890973720098,0.0013268325180027605,-0.05880380335407918
2017-06-29,-0.000886011526944952,-0.0001863520431865974,-0.0006996594837583615,0.20715484814507215
2017-06-30,-0.0032596244501310414,0.0015866396841950799,-0.004846264134326121,-0.07701942971765244
2017-07-03,0.012036645823297451,0.00393099713208227,0.008105648691215182,-0.022609362395986713
2017-07-04,-0.00385358503075286,-0.0008192742796548145,-0.0030343107510980446,0.08225359185308581
2017-07-05,-0.001146834945978017,-0.0002642610229652245,-0.0008825739230127923,-0.08580615166495881
2017-07-06,0.004851731388977182,0.0006694850144075889,0.004182246374569595,0.023975776733998335
2017-07-07,-0.004070274157758597,-0.0010492893977917478,-0.0030209847599668486,0.05253364840887073
2017-07-10,0.0013003712691132623,0.0008316531361069,0.0004687181330063628,-0.021460386576423764
2017-07-11,0.002449065947032981,0.0003830764376866161,0.0020659895093463653,-0.1192149736730438
2017-07-12,-0.000975424288151166,0.0003801173002857966,-0.0013555415884369628,0.04480737167066851
2017-07-13,-0.006083725677191356,-0.002568208803368447,-0.0035155168738229096,0.02161402944869696
2017-07-14,0.002213869536572853,0.001591842716386935,0.0006220268201859182,-0.06530278488077583
2017-07-17,0.0016163123719626874,-0.0002943894654596074,0.001910701837422292,-0.02083745893384374
2017-07-18,-0.0052078776015668056,-0.004001615695127775,-0.0012062619064390281,0.012503943108537398
2017-07-19,-0.0014446730773810688,0.0006236595987749172,-0.002068332676155986,0.08019915602812241
2017-07-20,0.0008239223302750154,0.001941718554512699,-0.001117796224237683,0.0587673204935066
2017-07-21,0.006797896552818373,0.0012499543448772216,0.0055479422079411506,0.08297790590816209
2017-07-24,0.003622864024053412,0.001958911436591327,0.001663952587462084,0.19625469226327505
2017-07-25,0.00445406906920953,0.001288015867991493,0.0031660532012180373,-0.09051752627344865
2017-07-26,0.013744323581762865,0.0035613628749825814,0.010182960706780278,0.0338118847109078
2017-07-27,-0.005161251276753584,-0.0037502723630295325,-0.0014109789137240515,0.01049278507983555
2017-07-28,0.0016517674993737261,0.00118262712961709,0.0004691403697566366,-0.0905235695692996
2017-07-31,0.00048499934053715084,0.0002014884142461722,0.0002835109262909778,0.018479505391106047
2017-08-01,-0.004411788189987965,-0.0016121552702442893,-0.002799632919743677,-0.03312558271441002
2017-08-02,0.0008390096933256449,0.000705123877844948,0.00013388581548069624,0.028537121098078266
2017-08-03,-0.0018457380107643057,0.0003300447155597207,-0.0021757827263240263,-0.0008160505239988895
2017-08-04,0.0016652768733035686,0.0022238794369328204,-0.0005586025636292527,-0.02261433327951313
2017-08-07,-4.5046122410433544e-05,0.00034434690676406806,-0.0003893930291745031,0.010073782981291546
2017-08-08,-0.0013308865301359346,0.00022115631676334832,-0.0015520428468992833,-0.033163599696337864
2017-08-09,0.000512557598028297,-0.0010286520236254936,0.00154120962165379,0.04138026895217269
2017-08-10,-0.001868431988034183,0.00024596542352850123,-0.0021143974115626837,-0.05531528837930749
2017-08-11,0.0020739888756776013,0.0011064807732467305,0.0009675081024308717,0.06485615393273345
2017-08-14,-0.0025143513245911723,-0.002908217296741766,0.0003938659721505937,0.03672718491417551
2017-08-15,0.0032894935753329394,0.0011758422910017937,0.0021136512843311457,-0.059931149781932126
2017-08-16,0.0019226302573033742,0.003516835616072085,-0.0015942053587687105,0.07762082547382958
2017-08-17,-0.0031802767323895146,0.0012109111565882583,-0.004391187888977775,-0.01726218986025312
2017-08-18,0.004118602294414498,0.0009404877937494059,0.003178114500665091,-0.07505015371838225
2017-08-21,-0.0008477200228067094,-0.0022923559651574586,0.0014446359423507475,0.0007980804387874443
2017-08-22,-0.004248085929743836,-0.001564730471870581,-0.0026833554578732555,0.08175405441310186
2017-08-23,4.480416894708599e-05,0.0024536520742115655,-0.0024088479052644792,0.07356757196185766
2017-08-24,0.00453601446893157,0.0035190921405628722,0.0010169223283686976,0.12618048311137028
2017-08-25,0.004177543319283069,0.00229192462361281,0.0018856186956702598,0.1533492305310872
2017-08-28,0.006979937571382557,0.00262858611933141,0.004351351452051146,0.0742257671864863
2017-08-29,0.008576827942139742,0.003970265303437925,0.004606562638701817,-0.17224065567165914
2017-08-30,0.006799770619852502,-0.0051362928516053355,0.011936063471457835,-0.13446954241760706
2017-08-31,-0.01182960489353146,-0.00382241614208954,-0.008007188751441921,0.10648942501416252
2017-09-01,-0.007586761051698336,-0.0004855361503376815,-0.007101224901360656,0.026973542877276182
2017-09-04,0.00712780386102729,0.0012288399130504233,0.005898963947976866,-0.10554813028330265
2017-09-05,0.001322199427683125,0.0020317678235502474,-0.000709568395867121,-0.08794029410000376
2017-09-06,-0.006493856402213073,-0.001598299057821894,-0.0048955573443911805,0.05960650264119555
2017-09-07,-0.005598567339213309,-0.0013036968242091194,-0.00429487051500419,0.02094272942895598
2017-09-08,0.003481990870035481,-0.0003644636338255569,0.003846454503861039,0.0027321509705372352
2017-09-11,0.0012007648631612868,-0.0018368922449738378,0.003037657108135125,0.15083620088995234
2017-09-12,0.00017368395772819666,0.0002882983005649841,-0.0001146143428367879,-0.04248477666804218
2017-09-13,0.01010889187239901,0.005149718264138337,0.004959173608260674,0.05156082316069517
2017-09-14,-0.0021276861289431163,-0.000959120571867071,-0.0011685655570760458,0.08849244567050207
2017-09-15,0.0028332578285769176,-0.0001479764084052716,0.00298123423698219,-0.18314658670744816
2017-09-18,0.004911765302371203,0.0017530810555412152,0.003158684246829988,0.0886594453931364
2017-09-19,-0.012862099260123883,-0.005252991308459299,-0.0076091079516645834,-0.08749053948751534
2017-09-20,0.005786474416882019,0.001394400286227955,0.004392074130654063,0.10574443419185738
2017-09-21,-0.0059045205074281255,-0.002147354316314253,-0.0037571661911138723,0.04107252332413465
2017-09-22,0.0054687645756183595,0.003960284496053885,0.0015084800795644728,0.06380128024023776
2017-09-25,0.002528643124579698,-0.0009909002914920174,0.0035195434160717153,-0.046494179824735755
2017-09-26,0.004457763918533765,0.001670693261666226,0.002787070656867537,-0.02636156423946599
2017-09-27,-0.002493467900246838,-7.598620413077489e-05,-0.002417481696116063,-0.0025902283966935443
2017-09-28,-0.0015646586056994843,-0.001426512346872768,-0.00013814625882671659,0.04817198830546685
2017-09-29,-0.0001562388246918357,-0.002301085397206047,0.0021448465725142155,0.07420307061862898
2017-10-02,0.00298333625980829,0.0007324718979410257,0.002250864361867264,-0.03990875553015577
2017-10-03,0.005476800353818598,0.001530808888142247,0.00394599146567635,0.07078252428294081
2017-10-04,-0.002094104499779435,0.0003412352521908399,-0.002435339751970274,-0.05442866262977719
2017-10-05,0.003633656686661682,0.002113648143487718,0.001520008543173964,-0.07046917892382953
2017-10-06,-0.0025690672997320963,-0.0005286034418213771,-0.002040463857910721,0.035794534206381845
2017-10-09,-0.003248797965938365,-6.888626937247809e-05,-0.003179911696565889,0.024975396431387013
2017-10-10,0.0014486462498216036,0.00042339019125569016,0.0010252560585659138,0.033513511306039245
2017-10-11,0.0012329298598639407,0.0013016385881089079,-6.870872824496759e-05,-0.011375430946937423
2017-10-12,0.001791964554245446,-0.0014296142291934481,0.003221578783438893,-0.14042178375848915
2017-10-13,-0.0006263704924349342,-0.001009872064746919,0.0003835015723119839,-0.049723731988669945
2017-10-16,-0.0068364092456482724,-0.002721133464500331,-0.004115275781147943,-0.029437747366659557
2017-10-17,-0.0027607795918095255,-0.002302725215066235,-0.0004580543767432905,0.011791107134361916
2017-10-18,-0.0013347577202896506,0.0005083818862613508,-0.0018431396065510012,-0.0056608714704280295
2017-10-19,0.0005758791061193151,0.0005215256676401967,5.435343847911764e-05,-0.04795549246759348
2017-10-20,-0.0002837921327650311,0.0005418467536199238,-0.0008256388863849533,0.04830450306416397
2017-10-23,-0.002342587915226101,-0.0013467134889127473,-0.0009958744263133543,0.001418913098936122
2017-10-24,0.0023745365911710106,0.0010371436461706577,0.0013373929450003503,0.04452330237215409
2017-10-25,6.879412235564846e-05,0.0009218344091216752,-0.0008530402867660269,-0.06541615775092641
2017-10-26,0.002490782785108497,0.0021366502878600382,0.00035413249724845774,0.007319799345523017
2017-10-27,-0.004354389116244643,-0.0037194153373814286,-0.000634973778863214,-0.07591139054388601
2017-10-30,0.0004145052313149621,-0.0008921157341330917,0.0013066209654480545,-0.15354526494615525
2017-10-31,-0.005710040987849496,-0.004957012390319537,-0.0007530285975299589,0.038390239779744616
2017-11-01,-0.00850756184218596,-0.003387777148938049,-0.005119784693247913,0.08176426645697028
2017-11-02,0.0022057244674459934,-0.000442103010723437,0.0026478274781694313,-0.06922882782721357
2017-11-03,0.005033782139327897,0.0014555744878404953,0.0035782076514874013,-0.10262924478040743
2017-11-06,-0.003289073111371936,0.0002900016597219973,-0.0035790747710939333,0.00041631036465037
2017-11-07,-0.00483396764790682,-0.0009142734631409411,-0.003919694184765878,-0.02505306449529289
2017-11-08,2.074677204487365e-05,0.0002222954309973376,-0.00020154865895246482,0.013562353067342076
2017-11-09,-0.0013078621763101858,-0.000253068542881027,-0.0010547936334291581,-0.002449646833912218
2017-11-10,0.0007693789529856535,0.0002898146988488228,0.00047956425413683314,0.05426957494124166
2017-11-13,-0.00015385942981637239,0.0002883435467378173,-0.00044220297655418826,0.09989944428430242
2017-11-14,0.002945240525926579,-0.00018484061618985817,0.00313008114211644,-0.032014607250096166
2017-11-15,0.005256189932135267,0.0010268026570862039,0.004229387275049063,0.04192976471874703
2017-11-16,-0.002213504765943409,-0.0034051046183548282,0.0011915998524114138,-0.060452646633750884
2017-11-17,0.0031742965436266975,-0.0014950167488634591,0.004669313292490165,0.03394122967042305
2017-11-20,-0.004143649469506376,-0.000870794966540767,-0.0032728545029656105,0.018869400990309478
2017-11-21,0.0025858519552491464,0.00022257739606330526,0.0023632745591858455,-0.005387250421923141
2017-11-22,0.000973972888414616,0.0013462202955313897,-0.0003722474071167735,0.07420535385487535
2017-11-23,-0.00026566335851606386,0.0005028230401821032,-0.0007684863986981666,0.05816414512798661
2017-11-24,0.004496468384544696,0.0019999260399833022,0.002496542344561396,0.009674787992019008
2017-11-27,0.002958945831690293,0.0003176442186542663,0.002641301613036026,0.08279391053150367
2017-11-28,0.0005537745579500108,-0.0012930857893485286,0.0018468603472985377,-0.03174132873183375
2017-11-29,0.004441622418773595,0.0037558265068878376,0.0006857959118857539,0.04566765755751
2017-11-30,-0.001863238310503466,-0.00011667496736843079,-0.0017465633431350339,-0.041015541033511814
2017-12-01,0.0025154833901686485,0.0013090748286161812,0.0012064085615524685,-0.04402950031547411
2017-12-04,-0.002662134773333701,-0.0015605320462306442,-0.001101602727103055,0.009116185713145089
2017-12-05,-0.002565542322412466,-0.003023878619409965,0.0004583362969974962,0.026258555098586427
2017-12-06,0.0005103467077657918,0.0008390144278729922,-0.0003286677201072008,-0.020845159621224314
2017-12-07,0.0014037619053721747,0.0018515864768564767,-0.0004478245714843003,-0.0004024897488981322
2017-12-08,-0.0010810348390909805,-0.001402691867295045,0.0003216570282040636,-0.04603352329589823
2017-12-11,-2.6390632588638423e-05,-0.0015318834016049866,0.0015054927690163443,0.02727581544017493
2017-12-12,-0.0021533580869260867,-0.0006132113865115613,-0.0015401467004145242,-0.01535320183402215
2017-12-13,0.0014881736087891517,-0.0005660033900309318,0.0020541769988200826,-0.09959067860759638
2017-12-14,-0.0009658153260101092,-0.0016721596536199484,0.0007063443276098398,0.036675912393210164
2017-12-15,-0.005178095442066193,-0.0023529440525794426,-0.0028251513894867507,0.011875402696920244
2017-12-18,0.0020142948865367167,0.0005093180115886735,0.0015049768749480436,0.013916661535487127
2017-12-19,0.0005812949190719334,0.0007795424578614703,-0.00019824753878953938,-0.040770492123787534
2017-12-20,0.000599287195151532,6.971467261889137e-05,0.0005295725225326394,0.08968488443027753
2017-12-21,-0.0028021331939559737,-0.001078447472548042,-0.0017236857214079325,-0.06303885651055767
2017-12-22,0.004803292895931628,0.001732110556705132,0.0030711823392264963,0.025336352742238354
2017-12-25,-0.0034841838757628915,-0.001431046487546385,-0.0020531373882165067,0.13063940950328176
2017-12-26,0.001589639356269233,0.0014001055520021797,0.00018953380426705267,0.1105739785346707
2017-12-27,0.007429345691097759,0.00398703697133123,0.0034423087197665275,0.08016474540317238
2017-12-28,0.007136901506527885,0.002573640307804364,0.004563261198723523,-0.03544550260588953
2017-12-29,0.0038325851085069884,0.0006368548845590004,0.0031957302239479877,0.004769794567713597
2018-01-01,-0.0018046878400593048,-0.0008753235921556621,-0.0009293642479036423,0.09708973884383135
2018-01-02,0.0003356827577319682,-0.0007767285750470386,0.0011124113327790099,-0.004976910691775086
2018-01-03,0.006215086546237215,0.0034525695534882647,0.0027625169927489486,-0.038449060610914944
2018-01-04,-0.0003438311220989985,0.00029567589798649985,-0.0006395070200854933,0.059157123779000405
2018-01-05,-0.001890305867318334,0.0014978171639205354,-0.003388123031238869,0.03663742000771532
2018-01-08,0.003811804622797195,0.002610749433682953,0.0012010551891142411,0.04622337105491997
2018-01-09,0.0017674651271881378,0.00042092129035966805,0.0013465438368284698,-0.0189247698281035
2018-01-10,0.00215228012414086,0.0006987441823274156,0.001453535941813443,-0.008688094519303465
2018-01-11,-0.0009829103436782547,-0.0009719326984048227,-1.0977645273432465e-05,-0.004462424201036309
2018-01-12,-0.0004019414794257122,4.016850125635385e-06,-0.0004059583295513479,0.19155870096262761
2018-01-15,-0.00019671120960029938,-0.0005988379638036875,0.0004021267542033864,0.06287843835853278
2018-01-16,0.009218831811641938,0.002149314052293308,0.00706951775934863,-0.017050990661990874
2018-01-17,0.00321909517761748,0.0008511437932811478,0.0023679513843363337,-0.024680367592088717
2018-01-18,-0.0010004875406200502,-0.0004885186965378442,-0.000511968844082205,0.004595864340265566
2018-01-19,-0.0011666973630452293,0.0003714644530070435,-0.001538161816052274,-0.0002865619176673562
2018-01-22,0.00023034945348784615,-4.4683221741812634e-05,0.00027503267522965835,-0.0019136878376135882
2018-01-23,-1.2899981270518156e-05,0.00010025989345831786,-0.00011315987472883607,-0.05661127530469599
2018-01-24,-9.186451228489147e-05,-0.0002810207198508056,0.00018915620756591346,0.006109770983326118
2018-01-25,-0.002390320734423709,-0.0007496101752089077,-0.0016407105592147996,0.0013706671381075101
2018-01-26,0.0002785394484136153,0.0004658202141621798,-0.00018728076574856412,0.07450244739046526
2018-01-29,6.120620695437124e-05,-0.000966052882612969,0.0010272590895673405,0.017559317998857318
2018-01-30,0.003518161032828518,0.0006417359646071936,0.002876425068221323,-0.03543955165657813
2018-01-31,0.0008500653590340973,5.5744267808043035e-05,0.0007943210912260534,-0.08101529428608455
2018-02-01,-0.002112169192897249,-0.00011555956331941574,-0.001996609629577834,0.08488061362376906
2018-02-02,-0.0035661173984504347,-0.0005583460024807599,-0.003007771395969673,0.0066554678199803865
2018-02-05,0.00415219341430874,0.0012576160820763575,0.0028945773322323794,0.12104309126418467
2018-02-06,0.00033091554314166905,0.0006328140437257832,-0.00030189850058411375,0.003515250485172661
2018-02-07,0.006435296215785491,0.0030595925235633818,0.0033757036922221094,-0.06911060873522398
2018-02-08,0.00018995345157703236,-0.0015523626509060945,0.0017423161024831234,0.010326308525694198
2018-02-09,-0.0034352094581047805,0.00011940132996870589,-0.0035546107880734855,-0.07717445424154824
2018-02-12,0.0004486802577361225,0.0004959398043737976,-4.725954663767514e-05,0.0343394254103229
2018-02-13,-0.0033263975730700905,3.991330858117356e-05,-0.0033663108816512632,-0.03885036474248774
2018-02-14,0.0018087549548399086,-0.000293756233066992,0.002102511187906903,-0.008165392375300572
2018-02-15,-0.0023030405315717243,-0.00033061588187660584,-0.001972424649695121,0.0015185043732916387
2018-02-16,-0.00040475093450734537,0.0008002392735505133,-0.0012049902080578552,0.0747780866469852
2018-02-19,6.437727849168919e-05,0.0009754022362777389,-0.00091102495778605,0.1068951896655523
2018-02-20,0.003092074363433779,0.0023435923100788136,0.0007484820533549654,-0.0354425254860489
2018-02-21,0.003862060399702505,0.0013115143123480708,0.002550546087354435,-0.039335553727713315
2018-02-22,-0.0013866019349125158,-0.0005204337684847375,-0.0008661681664277787,0.022465388431128493
2018-02-23,-0.0013721500377337384,-0.0010833156579996696,-0.0002888343797340688,0.03230879418932002
2018-02-26,0.0011663488203251626,-0.001181590069902906,0.0023479388902280726,0.03590829768109234
2018-02-27,0.0014394030964556674,0.0014741117805634734,-3.4708684107806476e-05,0.0034538346932135536
2018-02-28,0.0020156189457553866,-0.0004911047576263983,0.0025067237033817857,0.0028187587201752777
2018-03-01,0.00018159670745217758,0.001758694466584307,-0.0015770977591321295,-0.0565569214408459
2018-03-02,0.00013534379624525138,0.0003868288753207255,-0.0002514850790754741,-0.07162949124323528
2018-03-05,-0.003965754778683089,-0.002611493407466206,-0.001354261371216886,0.008209790245936672
2018-03-06,-0.005704553959982567,-0.0031303552424555084,-0.0025741987175270584,0.009185865765802253
2018-03-07,0.0004916844683142761,-0.0007513806133944353,0.0012430650817087108,0.07099224094904656
2018-03-08,0.0005961581454543591,-7.131214348825646e-05,0.0006674702889426162,0.1213595661170845
2018-03-09,0.004788956614117621,0.0019116238370392316,0.0028773327770783884,-0.012159385214751593
2018-03-12,0.00777478598881093,0.001961272017764807,0.005813513971046125,-0.040034204134678016
2018-03-13,-0.0007544630626369398,-0.00015982788081933888,-0.0005946351818176022,-0.09642613240527594
2018-03-14,-0.0017518799497510881,-0.001331637997610581,-0.000420241952140514,0.09449377542674925
2018-03-15,-0.0053190048772502226,-0.0013192092108489303,-0.003999795666401294,-0.0050735335792508815
2018-03-16,0.004246849832364909,0.0012889366753200521,0.0029579131570448575,0.059785727366461976
2018-03-19,-0.0003074524366258819,0.0010154278657801387,-0.0013228803024060215,0.055698844551018055
2018-03-20,0.0033802680166375738,0.0021827185644787634,0.0011975494521588095,-0.006206555479558099
2018-03-21,0.0031014692508882277,0.0008076827718462264,0.0022937864790420013,0.014892476286726448
2018-03-22,-0.00030098884859495675,-0.00031581576289734653,1.4826914302391511e-05,-0.08371666204306343
2018-03-23,0.0006566807452592294,-0.00022655566388393028,0.0008832364091431594,-0.08055729908866308
2018-03-26,-0.003581262716255884,-0.001552290352064006,-0.0020289723641918785,0.004456438460543055
2018-03-27,-0.0038558084305268968,-0.002014646722744394,-0.0018411617077825036,0.023507281920356258
2018-03-28,0.0002658608266260982,0.0013130411007673936,-0.0010471802741412965,0.03723649124910479
2018-03-29,0.0014794772076406465,0.0014674781892461083,1.1999018394538881e-05,-0.0011495819285287064
2018-03-30,0.002001101197114643,0.0005716858151742505,0.0014294153819403928,-0.006868536760137271
2018-04-02,-5.3756114723845514e-05,0.000681044864858702,-0.0007348009795825478,0.11050586124982184
2018-04-03,-0.0003565231142409048,0.0009309036728655085,-0.0012874267871064132,0.1223716372156084
2018-04-04,0.005388344881072298,0.0025243047007505424,0.0028640401803217523,-0.03240272546650873
2018-04-05,0.006193268329336954,0.0038188356670733822,0.002374432662263573,0.0692561074424794
2018-04-06,-0.0017898887840970326,0.0010460761558793526,-0.0028359649399763848,-0.043688091201481954
2018-04-09,0.0038574304675732486,0.003236521251462895,0.0006209092161103512,0.06134364588517153
2018-04-10,-0.0028110131569838845,0.0018000714898060832,-0.004611084646789965,0.009428705215046181
2018-04-11,0.004339523922834541,0.004553074862426193,-0.00021355093959165173,-0.07203877874428286
2018-04-12,0.0006209775296989791,-0.001320922819128146,0.0019419003488271268,0.017437796165124517
2018-04-13,-0.004110042706412034,-0.0005912723306620172,-0.0035187703757500154,0.18279965432839082
2018-04-16,0.0009440101563131145,-5.188384685297486e-05,0.000995894003166088,-0.08758235350569611
2018-04-17,0.011041311434524987,0.003277527245642807,0.0077637841888821835,0.027903809468001278
2018-04-18,-0.005519300943512769,-0.000245970009277978,-0.005273330934234791,0.14614129437414777
2018-04-19,0.0014407376256481796,0.0008591730658251747,0.0005815645598230071,0.05150051199573686
2018-04-20,0.008249093805351864,0.001323018152494521,0.006926075652857344,0.09712994413877002
2018-04-23,0.002929103361945091,-0.00023681160833583653,0.0031659149702809274,0.024329118087176124
2018-04-24,0.005321434711100863,0.001117542921083561,0.004203891790017303,-0.022809674034771497
2018-04-25,0.001077287333211136,-0.00019124911782763404,0.0012685364510387764,0.17490387545211528
2018-04-26,-0.0010852927356950724,0.001387089413628714,-0.0024723821493237864,0.07252016745186252
2018-04-27,0.009620405183207266,0.001073513906839854,0.008546891276367412,0.06261003804967523
2018-04-30,0.003909193733345416,0.0017649729105671183,0.0021442208227782956,-0.020156932849029252
2018-05-01,0.0032353086361528805,0.0014716147340938634,0.0017636939020590169,-0.012481977618634042
2018-05-02,-0.0011143801444134206,-0.000116815784005974,-0.0009975643604074463,-0.022854862240168205
2018-05-03,-0.000583707569188144,0.0007916083883530919,-0.001375315957541234,0.06573393418722152
2018-05-04,-0.001007197859312624,-0.00043042809581292677,-0.0005767697634996973,0.08801718416807704
2018-05-07,0.002758662272231944,-0.00025592612791296154,0.003014588400144907,-0.15216439264597229
2018-05-08,0.004458277559382503,0.00030000461371623363,0.0041582729456662686,0.03982652653819032
2018-05-09,-0.008385541908889377,-0.0023367363734247116,-0.006048805535464664,-0.04992849418697909
2018-05-10,0.0017440668951713403,0.0008585256619157069,0.0008855412332556337,-0.07486006419151708
2018-05-11,-0.0021480558093403363,0.00010712634675376191,-0.0022551821560940974,0.11730142135196023
2018-05-14,-0.002949891369155603,-0.0006723963404696963,-0.002277495028685907,0.04172041704596613
2018-05-15,0.005045377169259368,0.0020064707660672728,0.003038906403192096,-0.019686372110777353
2018-05-16,0.0018947014417600421,0.0004354899310324827,0.0014592115107275594,0.018436193421999536
2018-05-17,-0.00104529928182624,0.0005701844186299741,-0.0016154837004562148,0.05982495398943756
2018-05-18,0.0009678361881828739,0.0021904207561097297,-0.0012225845679268558,0.028477604897543578
2018-05-21,0.0031877127461253326,-0.0012787886829565588,0.004466501429081889,-0.12440275530692509
2018-05-22,0.0014521882292311942,-0.0003034182518170676,0.0017556064810482618,0.013592749175672157
2018-05-23,-0.007341896484467907,-0.0018959881692232768,-0.005445908315244631,-0.035386349738587855
2018-05-24,0.0009187392056809319,-0.0025609853295066026,0.003479724535187535,-0.13829021794401566
2018-05-25,-0.001860472300533126,0.0004149494369207543,-0.002275421737453879,0.04640148464006656
2018-05-28,-0.007455036931695461,-0.00356293430356101,-0.003892102628134452,-0.04026231987391152
2018-05-29,0.002286523904652615,0.0016416303637169123,0.0006448935409357026,-0.16978249461491082
2018-05-30,-0.0020956191515130312,0.00028520120379997094,-0.002380820355313002,0.034570458486307944
2018-05-31,-0.008943518050375724,-0.0033912315331258718,-0.005552286517249854,0.031415414310092905
2018-06-01,0.0019934701235092894,0.0005155337721255999,0.0014779363513836886,0.10224034938887357
2018-06-04,0.0016838858843795795,0.0006873306681564944,0.000996555216223085,0.12949271830154765
2018-06-05,0.005249029395120914,0.0017660302147404078,0.003482999180380506,0.1330357655418979
2018-06-06,0.006657921375400666,0.0016766993374271702,0.0049812220379734954,0.15216809916320684
2018-06-07,0.007217620508998481,0.003767409859555317,0.0034502106494431646,0.01665039061353187
2018-06-08,0.008318511296007792,0.0011947818773150798,0.007123729418692712,-0.04082203310212966
2018-06-11,0.0008222265624604598,0.00014358158017444347,0.0006786449822860172,-0.014442895513004483
2018-06-12,-0.0019895224691670434,-0.00179751731936857,-0.000192005149798476,0.03118304422298398
2018-06-13,-0.0007617039211511715,8.629915781136225e-05,-0.0008480030789625335,0.11273760564766613
2018-06-14,0.0015946325619169701,-0.00035480643159600464,0.001949438993512975,0.016372216404531986
2018-06-15,0.007060400402517307,0.0007519210852485409,0.006308479317268765,0.04418868067459762
2018-06-18,0.000969445072031549,-0.0005750177736215441,0.0015444628456530943,0.09423716886221946
2018-06-19,0.002940897805455859,0.0003954396688072466,0.002545458136648613,-0.0048367700654671055
2018-06-20,0.0060586818387056655,0.0010443248299345509,0.005014357008771115,0.004331355727820229
2018-06-21,-0.00037091136149504194,-0.0029846414854838195,0.0026137301239887757,-0.11639193120530056
2018-06-22,0.00022391619465903878,-0.0009387011315820266,0.0011626173262410666,-0.008285477684410823
2018-06-25,-0.005631560218459073,-0.0020546671205345576,-0.003576893097924517,-0.03296556345748182
2018-06-26,-0.0003842757725182744,-0.0001769537081056649,-0.00020732206441261003,0.010865099750291212
2018-06-27,-0.0015188462769047642,-0.0005004550261640817,-0.0010183912507406787,-0.03499816127562941
2018-06-28,0.0005026235255087205,0.0011758660492163743,-0.0006732425237076529,-0.08583746122389486
2018-06-29,-0.0018648113638784747,-0.00016312637670198523,-0.0017016849871764892,-0.028127946717343436
2018-07-02,-0.0038288965271803055,-0.0010143303146069524,-0.0028145662125733453,0.0806290922722887
2018-07-03,-0.001752185692848427,0.0015110873713328667,-0.0032632730641812945,0.019752465468315383
2018-07-04,0.004682609965728123,0.0024689697787595604,0.0022136401869685637,0.09064658313923582
2018-07-05,0.0011317708329268877,0.0010773087594934767,5.446207343341074e-05,0.03669565321712915
2018-07-06,0.005490572218109885,0.003352981356347755,0.0021375908617621286,0.026565298859458873
2018-07-09,0.0019686368851693876,0.0019409078155684933,2.7729069600891665e-05,0.15225232518946563
2018-07-10,0.002162815020243925,-0.003536246979189603,0.005699061999433527,-0.010990213947705966
2018-07-11,0.011397260359797889,0.004157953412094086,0.0072393069477038035,-0.11281859095204018
2018-07-12,-0.0007885428057548102,-0.0019549974406893166,0.001166454634934505,-0.03794893134347519
2018-07-13,-0.0063104366189475,-0.002684405071217737,-0.0036260315477297635,0.07597872683488557
2018-07-16,-0.0024740714857005683,0.0011947380187734037,-0.0036688095044739716,0.01880581768630321
2018-07-17,0.005556567622223901,0.006631627095743237,-0.0010750594735193415,0.09452760051310956
2018-07-18,0.0013874059415002482,0.004770976348362991,-0.0033835704068627404,0.025339803560253168
2018-07-19,0.007795528984575088,0.006696477093044589,0.001099051891530499,0.07897346359401192
2018-07-20,0.002657799021230086,-0.0014380634109479318,0.004095862432178014,-0.05866242070186617
2018-07-23,0.005611536698776605,0.0021929464991049807,0.0034185901996716256,0.04767981254373273
2018-07-24,-0.004219814971612795,-0.0009413521321668047,-0.0032784628394459878,0.05448726472467468
2018-07-25,0.004158618841382895,0.000618283444962512,0.0035403353964203813,0.07657944400553142
2018-07-26,0.004515006852927459,-0.0023879158227064455,0.006902922675633905,0.018459059583716415
2018-07-27,0.004908009809713723,0.0012705791811699202,0.0036374306285438026,0.017013456033116266
2018-07-30,0.001179467541425264,-0.000923748075830233,0.0021032156172554987,0.061034913982622445
2018-07-31,0.0010993608053957089,0.0017883967179062859,-0.0006890359125105768,0.008909525505576946
2018-08-01,0.004078682768288542,0.0031176630994945295,0.0009610196687940125,0.045772303331303416
2018-08-02,0.0005368024733365406,0.002403452205350454,-0.0018666497320139145,0.02988901977367692
2018-08-03,0.003278007053059603,0.0008962720462832134,0.0023817350067763888,-0.04747321464258394
2018-08-06,0.0023535510512836273,0.000710686380292232,0.001642864670991396,0.009850158606053327
2018-08-07,-0.003391550197412245,-0.001760592596767429,-0.001630957600644821,0.0263228252136413
2018-08-08,0.0007214686280461961,-0.0021423203327404963,0.0028637889607866923,-0.08970055425780228
2018-08-09,0.0018843015280198196,-0.00047763761201040887,0.0023619391400302274,-0.08792345748262687
2018-08-10,-0.0051829098460242085,-0.001177877936199636,-0.0040050319098245725,-0.017504170278730875
2018-08-13,-0.005194696053181321,-0.0011109091786543762,-0.004083786874526936,0.0888106223629387
2018-08-14,-0.0012284542077584187,-0.00018241795766719103,-0.0010460362500912292,0.057790169944020045
2018-08-15,0.006040199389349339,0.002455848493169656,0.0035843508961796826,-0.04706634647518068
2018-08-16,0.003909282205226334,0.0030436095757572328,0.0008656726294691023,0.06890290688905583
2018-08-17,-0.004235601157399814,-0.001156676281198618,-0.0030789248762011947,0.0559318227290793
2018-08-20,0.005069662666295511,0.0029971155457998644,0.002072547120495647,0.07928082976290425
2018-08-21,0.004145545002045942,0.0011632136742717161,0.002982331327774225,0.0008215522006012183
2018-08-22,0.005948431090092696,0.0029713205367580438,0.0029771105533346505,0.0878831691726577
2018-08-23,5.893972052622087e-05,-0.0014732355359685836,0.0015321752564948052,0.08970206519818073
2018-08-24,0.005713749532796036,0.002807361069634598,0.00290638846316144,-0.02712696380417078
2018-08-27,0.005623703073669332,0.004391000912437545,0.001232702161231787,0.09820430041043333
2018-08-28,-0.0018001094982889264,0.0006753033564587362,-0.002475412854747663,0.12504689673806232
2018-08-29,0.006832525285550702,0.003009485948382606,0.0038230393371680967,0.01583305746100849
2018-08-30,0.007878155503433423,0.004827636889932116,0.0030505186135013074,0.005880289981723318
2018-08-31,0.0011640145607853822,0.00027752853875424345,0.0008864860220311379,0.04430744928178431
2018-09-03,0.0004630593825177096,8.424303250905221e-05,0.00037881635000865804,-0.029720384501295632
2018-09-04,0.0029289421445367865,0.002080356510784708,0.0008485856337520793,0.002623510123081034
2018-09-05,-0.002037256657525296,-0.003096904556099442,0.0010596478985741425,0.016689406761850406
2018-09-06,0.00021953126998129212,-0.00019792692728910592,0.0004174581972703987,0.06475564412203233
2018-09-07,0.0015928276898616576,-0.003133466503088274,0.00472629419294994,0.01083690833397793
2018-09-10,0.005175105829803284,0.0027609553917667465,0.002414150438036538,-0.06175364572966328
2018-09-11,0.0008646060858180163,-0.0016018179710192149,0.002466424056837224,0.03678879964538627
2018-09-12,-0.004581070390887548,-0.0016188442131647059,-0.0029622261777228383,0.1727468879231919
2018-09-13,0.0025340433613683195,0.00016424620525147082,0.0023697971561168485,-0.10746558926740936
2018-09-14,0.01052747547486138,0.0032670358742654714,0.00726043960059591,-0.07584064249972862
2018-09-17,-0.005404776229721373,-0.001696444423369331,-0.003708331806352029,-0.057463751244196073
2018-09-18,-0.004800128119954727,-0.0014266617466602372,-0.0033734663732944894,-0.22553399264940255
2018-09-19,-0.0030573039255040193,-0.001186638425104464,-0.0018706655003995556,0.07860716120530159
2018-09-20,-0.011308825447114802,-0.0013981796828363494,-0.009910645764278456,-0.05270376292921785
2018-09-21,0.004736743373631893,0.0012852948177083934,0.0034514485559235,0.16024626218554855
2018-09-24,-0.003880787234098371,-0.0032550823804015014,-0.0006257048536968679,0.018380955578045532
2018-09-25,0.013435840284658768,0.004851141718278998,0.00858469856637977,0.04570976747436976
2018-09-26,0.0010339562467915541,0.0013992472120889603,-0.00036529096529740526,0.10723094437923623
2018-09-27,0.0027553508429041286,0.0004922378896745306,0.002263112953229597,0.09373446205106567
2018-09-28,0.007140623344629047,0.001910799983148536,0.005229823361480514,-0.1417898085955187
2018-10-01,0.006211698775680395,-0.0007190538660825346,0.006930752641762931,-0.06099463977555186
2018-10-02,-0.007431539893284206,-0.0023551720622978986,-0.005076367830986306,-0.13531540100236303
2018-10-03,-0.0030863033145796565,-0.0012018868951306615,-0.001884416419448995,-0.0051798922871770904
2018-10-04,-0.006944685626117002,-0.0010243930587301728,-0.0059202925673868265,0.04257644308833313
2018-10-05,-0.00031736577822216077,0.00023228750797407455,-0.0005496532861962358,-0.03842879745597946
2018-10-08,0.002407255041346101,-0.0005719047960592355,0.002979159837405337,0.06416733216525135
2018-10-09,-0.0025658797383907657,-0.0024294195145540196,-0.0001364602238367492,0.010551433365595164
2018-10-10,0.0038415298429594416,8.700613968033732e-05,0.0037545237032791043,0.020621000862645598
2018-10-11,0.0006252293438731048,0.0007099681201003344,-8.473877622722995e-05,-0.003058681985762586
2018-10-12,0.0013300421219486942,-0.00011496000327946079,0.0014450021252281585,-0.05216683991825069
2018-10-15,-0.00018729370455843042,0.0019398718781242566,-0.002127165582682687,-0.09964258473954798
2018-10-16,-0.0024093642942714833,0.001075732507072949,-0.0034850968013444353,0.047077941410092916
2018-10-17,-0.005000907501845034,-0.0024576487997668307,-0.0025432587020782042,0.09333734862593042
2018-10-18,0.0025825855178382862,0.0007558228180438312,0.001826762699794455,0.025454431799595556
2018-10-19,0.005282511576329374,-3.6859087495323684e-05,0.0053193706638246935,0.10548876359825131
2018-10-22,0.0014351271808388814,0.0020589517512447702,-0.000623824570405889,-0.02648810653453043
2018-10-23,0.00537673273203099,0.0005178138433280109,0.004858918888702979,0.09879225905644964
2018-10-24,-0.0012776191177172862,-0.00026082486953075273,-0.00101679424818653,-0.002000496977502635
2018-10-25,0.004878041390492294,0.0009799028044567837,0.0038981385860355124,-0.012519239287343295
2018-10-26,-9.88907491253411e-05,0.0003613886255543035,-0.0004602793746796459,0.019527257839843003
2018-10-29,-0.0006841685187108338,0.0009774614364797024,-0.0016616299551905364,0.05727975511083087
2018-10-30,0.0010848439066629316,-0.00027357914284636443,0.0013584230495092952,-0.06071206378346573
2018-10-31,0.0032684693230165354,-3.883980468875176e-05,0.0033073091277052873,0.04220542072182863
2018-11-01,-0.003208812184636982,-0.0013889484057220194,-0.0018198637789149626,0.09929025306904102
2018-11-02,0.002295883189938566,8.33748311197622e-05,0.0022125083588188047,0.03735495410921159
2018-11-05,0.005054860978150649,0.0026094306300668522,0.0024454303480837963,0.06808560578956546
2018-11-06,0.0019948815089134084,-0.00013710773300605941,0.002131989241919467,0.06512364931587729
2018-11-07,0.003549757135170358,0.001360282762806541,0.002189474372363817,0.07575265270171619
2018-11-08,0.00332267695111315,0.00026773995649516337,0.003054936994617987,0.06975200115133191
2018-11-09,0.0038149689178768606,0.001984667529565224,0.001830301388311637,0.02619461602609527
2018-11-12,0.004102808668201313,0.0018032139771576722,0.002299594691043641,-0.009010500036420547
2018-11-13,0.0014336791310203885,-0.00011438411480757874,0.001548063245827967,0.029558090831615383
2018-11-14,-0.00043102349159285474,-1.4946852153759939e-05,-0.000416076639439095,0.03454552922765571
2018-11-15,0.0014207040420502162,3.212476040406233e-05,0.0013885792816461543,-0.053891316341592145
2018-11-16,0.0017948943592987416,-0.0008986547525941329,0.0026935491118928747,0.00922128110083838
2018-11-19,-0.003241396908240152,-0.0021047119102024416,-0.0011366849980377104,0.05407097263035723
2018-11-20,0.00043974981227173264,-0.0003281435463260659,0.0007678933585977981,-0.02383042611878445
2018-11-21,0.002584978547597856,0.0015207789655690717,0.0010641995820287842,0.058665111061536455
2018-11-22,-0.001159006710481943,-0.0011359365783641003,-2.3070132117841008e-05,0.04476890474302495
2018-11-23,0.002512890368750212,0.000741319004916861,0.0017715713638333502,-0.09085109184305037
2018-11-26,0.0027587740874308883,-0.0005085626647002711,0.0032673367521311586,0.07010386697346854
2018-11-27,-0.003922888266337454,-0.0006376964206329088,-0.003285191845704546,-0.052451002969793374
2018-11-28,0.0028792614695714184,0.0011831111682012625,0.0016961503013701584,-0.05945225471884765
2018-11-29,-0.0023729842580012175,-0.0014887849885952865,-0.0008841992694059307,-0.03680008723956098
2018-11-30,-0.0026602214976484163,-0.001235727429186499,-0.0014244940684619174,0.003974447358234156
2018-12-03,-0.0017535043759043867,-0.0012438151252959122,-0.0005096892506084745,-0.00650316471258427
2018-12-04,0.00016697988008985818,-0.00031996895093773167,0.0004869488310275897,-0.039696345275495454
2018-12-05,-0.00030074441863795425,-0.00040528592041227853,0.00010454150177432488,0.060248694489393996
2018-12-06,-0.001800372886653727,-0.0002056048777686996,-0.0015947680088850263,0.06842456649182245
2018-12-07,0.0031972812970102933,0.0017835310911226941,0.0014137502058876004,-0.07968559920763459
2018-12-10,0.003610611863627624,0.003113786054552984,0.00049682580907464,0.1342725139790433
2018-12-11,-0.0053761367558099165,-0.0028423883511570665,-0.0025337484046528518,0.021599788757712447
2018-12-12,0.008251999974170341,0.0024408452180308127,0.005811154756139528,-0.021417971598687073
2018-12-13,0.0011402378406931138,0.0011074123749358952,3.28254657572186e-05,0.05136070928928412
2018-12-14,-0.0010832329236015624,-0.0008572858372327442,-0.00022594708636881726,-0.08896671262303432
2018-12-17,0.0026634103260955878,0.0006899833820722713,0.0019734269440233147,0.027083800706890735
2018-12-18,-0.00428724072768072,-0.00181699441370012,-0.0024702463139806,0.0070188840182215705
2018-12-19,0.0013907497208904508,0.0002477769201043381,0.0011429728007861135,-0.013201331875461842
2018-12-20,0.0003287743884534463,-0.0006688942123458906,0.0009976686007993367,0.04984930663945257
2018-12-21,-0.0006341961201306069,-2.0808371152356876e-05,-0.00061338774897825,0.03000988020170227
2018-12-24,0.0026474575683937884,0.0008851143681400733,0.001762343200253709,0.04048810176327741
2018-12-25,0.0015466416405005472,0.00042031339986042067,0.0011263282406401274,-0.0559170824258235
2018-12-26,0.0022394921881212703,0.0007862687991228184,0.0014532233889984517,-0.027410237509506302
2018-12-27,-0.0028596253766806933,-0.001024917169432869,-0.001834708207247823,-0.10500146110232247
2018-12-28,-0.0016379167026632103,-0.0019214304501321755,0.00028351374746896476,0.029811977658284573
2018-12-31,-0.006593737908826945,-0.002760587476090719,-0.0038331504327362258,0.10205284274695267
2019-01-01,0.0015621034539991844,0.0012369191535412938,0.00032518430045788693,-0.09893909826125345
2019-01-02,0.006570392802018886,0.000783871247370309,0.005786521554648575,0.126685174344907
2019-01-03,-0.005349518227328621,-0.001314150465370211,-0.00403536776195841,0.04821080282901728
2019-01-04,0.007982130506228462,0.001570196868332114,0.0064119336378963485,0.015357307760106185
2019-01-07,0.002676762695535865,0.001801104557937517,0.0008756581375983473,-0.02713041294950456
2019-01-08,0.0007453538219471139,0.000412160609765881,0.00033319321218123425,0.015639599823542395
2019-01-09,-0.0014640041339490273,-0.00043377532017651287,-0.001030228813772514,0.03054145639984154
2019-01-10,0.000813065478620732,0.00019445788632854906,0.0006186075922921825,0.006429148879759188
2019-01-11,0.001754531354561631,1.3695241490224719e-05,0.0017408361130714064,-0.02711444802674195
2019-01-14,0.0003733617470702579,-0.0008583490060493498,0.0012317107531196088,0.08618289229030814
2019-01-15,-0.001671187109307447,-0.0013834670889226151,-0.00028772002038483227,0.016798616237717983
2019-01-16,0.004876575139045058,0.0020940989772765643,0.0027824761617684926,-0.08828249174606935
2019-01-17,0.0007785308496753176,0.000997384322539042,-0.00021885347286372536,-0.028805403226565635
2019-01-18,-0.004467115760531169,-0.0011686317479331853,-0.0032984840125979834,0.08588502679084134
2019-01-21,-0.0014429317054652957,-0.00010487160309339064,-0.0013380601023719081,0.0394982492715246
2019-01-22,0.00427720341731618,0.00025796464196415573,0.0040192387753520235,0.02429149528035454
2019-01-23,0.002013428735233882,0.00027572369786312695,0.0017377050373707532,-0.08606757442928004
2019-01-24,0.001280613656215326,0.00023976130711968018,0.0010408523490956453,-0.03413187500978534
2019-01-25,-0.0048676290305591195,-0.002879766714848235,-0.0019878623157108836,0.13878477304009448
2019-01-28,-0.001945848362458886,-0.0013091923771833974,-0.0006366559852754891,0.13672055472988978
2019-01-29,0.008565071508129029,0.003203763895846704,0.005361307612282321,-0.0027909234812452115
2019-01-30,0.009756143177982495,0.0029901898843748727,0.0067659532936076225,0.02985765694726237
2019-01-31,-0.00016025514265327254,-4.742635584622894e-05,-0.00011282878680704371,-0.062036135859639435
2019-02-01,0.001538420402799022,0.00040455234279099944,0.0011338680600080225,0.010617624179036876
2019-02-04,-0.0038072727252594116,-0.00036549887056179856,-0.003441773854697613,0.03981714600406233
2019-02-05,0.0005327571024769863,-0.00014083744552961276,0.0006735945480065997,0.03637715795703627
2019-02-06,0.0019663909373901396,0.0005966536783864242,0.0013697372590037154,-0.022804864271586314
2019-02-07,0.0018791510566121168,-8.127230246237857e-05,0.001960423359074495,0.08283088725149991
2019-02-08,-0.0011516600645049054,0.0004326695634827016,-0.0015843296279876087,-0.04829161599252796
2019-02-11,0.005742648574160829,3.0823870862499436e-05,0.00571182470329833,0.06714658331288885
2019-02-12,-0.0027178242652487507,-0.0011114963471853178,-0.0016063279180634337,-0.022078716611024996
2019-02-13,0.003279897975172504,0.0018232012518235258,0.0014566967233489783,0.06218401160509022
2019-02-14,-0.0012346045150951257,-0.0008904961652868772,-0.0003441083498082493,-0.007957962112240766
2019-02-15,0.004080018869779328,0.0011637530268118887,0.0029162658429674384,0.03755026842175072
2019-02-18,-0.0004106173378177682,-0.00010112378283265791,-0.0003094935549851109,0.033572334646840896
2019-02-19,0.0017481656071105865,0.00022494237498419615,0.0015232232321263917,0.07368717738553078
2019-02-20,0.0016876277449284771,-0.0004499558335881303,0.0021375835785166063,-0.035556273407374765
2019-02-21,0.0037299181294130944,0.00017054101668674115,0.0035593771127263533,-0.1560797027396719
2019-02-22,-0.0026173280519326166,-0.00016937900399062455,-0.0024479490479419885,-0.05502642445812961
2019-02-25,-0.010091289184322845,-0.004380416358674201,-0.005710872825648647,-0.003481695921132542
2019-02-26,-0.0038514187988389244,-0.0023490526169007205,-0.0015023661819382039,0.02459077539130319
2019-02-27,-0.00021792759916686427,-0.0016571748814753016,0.0014392472823084382,-0.06955121016035606
2019-02-28,0.001198033268562617,0.00046912809510099227,0.0007289051734616254,0.04058518468028
2019-03-01,-0.003634048790770598,-0.0018039764041315855,-0.001830072386639012,0.08760653478046079
2019-03-04,0.0020645106657565665,0.0006570808870141837,0.0014074297787423826,-0.07037568353681732
2019-03-05,0.004662859182862486,0.0011544497463305166,0.0035084094365319674,0.11111531180944925
2019-03-06,-0.003330774265357704,-0.0012432159478542098,-0.0020875583175034955,-0.04218876614589061
2019-03-07,0.005600919126872069,0.0019090536168894496,0.0036918655099826194,-0.090236528341715
2019-03-08,-0.002217318569781101,-0.001244622733483653,-0.0009726958362974471,0.052713593874261194
2019-03-11,-0.004255032932199794,-0.00129424377059847,-0.002960789161601323,-0.06969700570753357
2019-03-12,0.002530002343293671,-0.00013254866883037272,0.002662551012124043,0.07047260117755806
2019-03-13,-0.0034174053707616,-0.0006966319466275806,-0.002720773424134017,-0.06914613084582936
2019-03-14,0.0038778123337379388,-0.000628417347186893,0.004506229680924831,-0.0348822645808426
2019-03-15,-0.0032770306805376486,4.995186521977377e-06,-0.003282025867059628,0.03930257516693521
2019-03-18,-0.0015404946315536391,-0.0004077292574567286,-0.001132765374096914,-0.02291685905759217
2019-03-19,0.0018584231760655685,-0.00011235689057501747,0.0019707800666405855,0.112125564148039
2019-03-20,-0.001006681653297405,-0.0009413178780382217,-6.536377525918349e-05,0.08750005017350189
2019-03-21,0.006481286583949654,0.0017100911881867617,0.004771195395762892,-0.018723118568094412
2019-03-22,0.006256751578049766,0.0009219520759368221,0.005334799502112943,0.018039159056784063
2019-03-25,-0.0008941592613431628,1.1946636015310605e-05,-0.0009061058973584739,-0.02577220197333162
2019-03-26,0.0008549808764955218,-0.0007188997018477211,0.001573880578343243,0.04865239697544937
2019-03-27,-0.0010892962614455382,-0.0009428615817679343,-0.00014643467967760324,-0.029230203837898112
2019-03-28,0.0020237542694731157,0.0008298197998366523,0.0011939344696364636,0.04189550741476637
2019-03-29,-0.0013495468174147093,-0.0005414881650994887,-0.0008080586523152211,0.0503204205944402
2019-04-01,0.0019425769733080942,0.001577376250586628,0.0003652007227214673,-0.043424428650309994
2019-04-02,0.002146595129964967,0.0006449944873944868,0.0015016006425704795,-0.024353449957725745
2019-04-03,-0.001683305286497432,-0.000972042176274588,-0.0007112631102228432,-0.058920526258822534
2019-04-04,-0.0010534395966764064,-0.0006575813152261932,-0.00039585828145021276,-0.09452843417770997
2019-04-05,-0.002556277209711466,5.1411016825785895e-05,-0.002607688226537253,0.008496319948544297
2019-04-08,-0.004550808958256783,-0.0007335461102291451,-0.0038172628480276378,-0.0457536253783522
2019-04-09,0.0003773221933412989,0.00031769877573202716,5.9623417609271784e-05,0.05489952061633659
2019-04-10,-0.0021941631299423566,-0.001730327430968388,-0.0004638356989739689,-0.07446998019625688
2019-04-11,0.0023489357993977476,-0.00030961507029239957,0.002658550869690149,-0.01860307297127467
2019-04-12,-0.00351559169215421,0.00014751706907835047,-0.003663108761232558,-0.09348642832781437
2019-04-15,-0.0009401871296584013,0.0009440005601208667,-0.0018841876897792709,0.0888200817744778
2019-04-16,-0.004508733677320921,-0.0008031516244805372,-0.003705582052840384,-0.00654463495615333
2019-04-17,0.004773547555383125,0.0025121062878979156,0.0022614412674852096,-0.024958910945905945
2019-04-18,-0.0003539327108373592,-0.002240050093979394,0.0018861173831420334,-0.006913141772959207
2019-04-19,-0.0014202071575955687,-0.004218618092592177,0.002798410934996609,-0.025048877004717144
2019-04-22,-0.0003653366899277281,-0.00038157477592545494,1.6238085997724583e-05,0.025282825918173154
2019-04-23,-0.0012523093967407686,0.0006014313709780204,-0.0018537407677187891,0.021850660730031755
2019-04-24,0.001154367481714289,0.00032992533518623295,0.0008244421465280561,0.050425968564645825
2019-04-25,0.001212039828511512,-0.0006043900463211238,0.0018164298748326365,0.06935570827633364
2019-04-26,0.00281705140715702,-0.0015170660870282458,0.004334117494185267,-0.032138830546952865
2019-04-29,0.003468233944261417,0.0015780319909794857,0.001890201953281932,0.06691622742164506
2019-04-30,-0.0016535912720133186,0.0012258155013126597,-0.002879406773325977,-0.10431916840469439
2019-05-01,0.003691828584815867,0.0022656004136080987,0.0014262281712077683,0.032205406991898194
2019-05-02,-0.006547532862741687,-0.0008751646323347899,-0.005672368230406899,-0.02751898240415299
2019-05-03,0.0019299330734689616,0.0009676623381099855,0.0009622707353589745,0.03616550217296244
2019-05-06,-0.0018842086925655783,-0.00145258806889822,-0.0004316206236673597,0.04676404199875646
2019-05-07,0.0021000576642356945,-0.0001879209671538356,0.0022879786313895287,-0.09639787877847263
2019-05-08,0.0027664102418464556,-7.05912833587289e-05,0.0028370015252051845,0.06729994954672709
2019-05-09,-0.005053205521051632,-0.001974296754460968,-0.003078908766590664,-0.0010734796941589883
2019-05-10,0.003891626295112443,0.003023053709073342,0.0008685725860391012,-0.062357159809563856
2019-05-13,-6.321621891081455e-05,-0.001225606721997509,0.0011623905030866942,0.02021111827361688
2019-05-14,-0.00341920986107159,-0.0014913854368967727,-0.001927824424174818,-0.01265726093423487
2019-05-15,0.0011048429967192215,-0.0002840549919694334,0.0013888979886886553,0.014651097578075655
2019-05-16,-0.0008548971662843178,-0.0004779793024607473,-0.0003769178638235709,-0.025821433353402284
2019-05-17,0.0010568245235422233,-0.00098063104058679,0.002037455564129015,-0.010597995029773285
2019-05-20,-0.0017913712361489332,-0.0008205070058633791,-0.0009708642302855537,-0.10363737583119619
2019-05-21,-0.0007596614038751486,-0.0014788779215834519,0.0007192165177083015,-0.15778882275239106
2019-05-22,-0.009876519345962407,-0.004968823820293941,-0.004907695525668471,-0.05123089200639143
2019-05-23,-0.01970080339483659,-0.012002657659084575,-0.007698145735752015,-0.04406377172654504
2019-05-24,-0.0035704632986092574,0.0022977825341946,-0.005868245832803862,0.1271105703478229
2019-05-27,-0.003153776685506931,0.0014343534980664,-0.0045881301835733294,0.18084838141386253
2019-05-28,0.01101224695661281,0.0027847485273379893,0.008227498429274824,0.06901276144691763
2019-05-29,0.015547344489269824,0.0032151344295007073,0.012332210059769113,-0.0010832036346663833
2019-05-30,0.0049177572830009135,-0.0020634090991637913,0.006981166382164706,0.15117179327430397
2019-05-31,-7.025723546261035e-05,0.0011614757639033767,-0.001231732999365992,0.04624694060816238
2019-06-03,0.010436256858193126,0.00326193423667852,0.007174322621514606,0.0555822922041429
2019-06-04,0.002804954338542772,-0.0018212230056774102,0.004626177344220182,-0.02913490694339927
2019-06-05,0.0032917757744375916,0.0005855651483040181,0.002706210626133576,0.15592449343246298
2019-06-06,-0.0020262059353049386,2.700216048075188e-05,-0.0020532080957856927,0.08223025246518703
2019-06-07,0.01231289173172146,0.003395327754809243,0.008917563976912218,0.0024874206577145644
2019-06-10,0.004780840352822066,0.0013320293409419988,0.003448811011880066,-0.05368680019265965
2019-06-11,0.00017702312366056215,0.0026981534364281957,-0.0025211303127676294,-0.16430363839034748
2019-06-12,-0.004382743362772099,0.00014232341129387024,-0.004525066774065969,0.07515997789543392
2019-06-13,-0.015007444769328918,-0.004364489792674308,-0.01064295497665461,0.0003999020018098033
2019-06-14,0.007767921026035765,-0.0030985427840727955,0.01086646381010856,-0.13986878206575673
2019-06-17,3.2272309351855295e-05,-0.004436605758687663,0.0044688780680395175,0.030949750303428978
2019-06-18,-0.012003786210730387,-0.009961971827265215,-0.0020418143834651722,-0.0011895597513869695
2019-06-19,0.0021042675820839157,0.00015644132895384355,0.0019478262531300722,0.0933895875358589
2019-06-20,-7.504493875309687e-05,0.0009432352571042205,-0.0010182801958573164,0.019373756069546985
2019-06-21,0.006871912873800142,0.0004861461902747246,0.006385766683525418,-0.09144417096879291
2019-06-24,0.0013688326984048107,0.0007169505874002509,0.0006518821110045557,-0.06978822777835099
2019-06-25,-0.006512716040356724,-0.0023634941596892313,-0.004149221880667494,0.13292096656033958
2019-06-26,-0.006793588344046019,-0.004127435908012421,-0.002666152436033589,0.054018520385413056
2019-06-27,0.01075003259927879,0.006401483310461309,0.004348549288817477,0.010039200987658802
2019-06-28,0.0036857249946740125,0.0007915261627135847,0.0028941988319604282,0.019037758941572815
2019-07-01,0.0006721530385148044,0.0017480439528180201,-0.001075890914303223,-0.051157925846040474
2019-07-02,0.0013897075337045664,0.001361514460494484,2.8193073210083103e-05,0.0020612321813540196
2019-07-03,-0.004193561406999245,-0.004838458028602083,0.0006448966216028376,0.10370602633404284
2019-07-04,0.0001468484100561919,3.8437305421657256e-05,0.00010841110463453464,0.06935715429775187
2019-07-05,0.006785915086287023,0.0017632462547153595,0.00502266883157166,0.11785786223029397
2019-07-08,0.004570389862282768,0.005025530243238176,-0.0004551403809554093,0.10670007490482929
2019-07-09,0.0074734930135558954,0.003154590102217936,0.004318902911337961,0.12014950198791952
2019-07-10,0.008810327115131838,0.002748992265546382,0.006061334849585452,-0.026135274442325957
2019-07-11,0.00791248656273282,0.003008286233348992,0.004904200329383827,0.04181335388018798
2019-07-12,-0.0014274396693152842,-0.0014004663856899482,-2.6973283625338074e-05,-0.016268266497973468
2019-07-15,0.0027652243712851074,0.00011005605175801701,0.0026551683195270917,-0.06963629312924119
2019-07-16,-0.0010209983843255134,-0.002076235757271651,0.001055237372946138,-0.036014746405030135
2019-07-17,-0.005678920109249875,-0.0023043017601453025,-0.0033746183491045745,0.03457078438843623
2019-07-18,-0.002538470869783006,-0.0032371225296244123,0.0006986516598414055,0.08662206013742564
2019-07-19,0.002019853356337647,-0.0002630836522328128,0.002282937008570461,-0.04876618215623814
2019-07-22,0.005370028882572554,0.0036854385900191057,0.00168459029255345,-0.0097950104938656
2019-07-23,-0.0030370240421049113,-0.002074399998664627,-0.000962624043440284,0.07538040555901655
2019-07-24,-0.0005533993815714745,0.0017787612155038754,-0.0023321605970753473,0.11232244096290889
2019-07-25,0.004600219831639069,0.001014940433931473,0.0035852793977075963,-0.08955023027228792
2019-07-26,0.007618833386655323,0.003499412254682312,0.00411942113197301,-0.03974607987091946
2019-07-29,-0.006173161395643117,-0.004504737276445382,-0.0016684241191977367,0.10718369426079738
2019-07-30,-0.0027023299253551136,-0.0020667959206131827,-0.0006355340047419309,0.02994511049617428
2019-07-31,0.005586165773231202,0.001967573994712677,0.003618591778518525,0.07966026501047654
2019-08-01,0.0017701772927931367,-0.00017177201947726674,0.0019419493122704024,0.050930524760874715
2019-08-02,0.004908839478468449,0.0018328628713432278,0.003075976607125221,-0.030453784248128883
2019-08-05,0.003211102782138365,0.00011626144373461838,0.0030948413384037456,-0.10025150301555981
2019-08-06,-0.0018638732309215176,-0.00022128206412280922,-0.001642591166798709,-0.07220638363732103
2019-08-07,-0.006058636846821976,-0.001994430640553409,-0.004064206206268567,-0.08571576296520764
2019-08-08,-0.00440702512927609,-0.00029853202036378597,-0.004108493108912304,0.10406747274710325
2019-08-09,-0.0057029995937730475,-0.0008207874046907452,-0.004882212189082302,0.039235263098416746
2019-08-12,0.00731523309501043,0.0018286068364039981,0.005486626258606433,0.04676647012310202
2019-08-13,0.002803757566726879,-0.0011038360075267392,0.003907593574253619,0.0955561655885408
2019-08-14,0.0038947757335843266,-0.0017704622547116931,0.0056652379882960215,0.1197635808021877
2019-08-15,0.00721936489998062,0.0014393662222137206,0.005779998677766898,0.055558426478826216
2019-08-16,0.008657299277625397,0.0038617629128165527,0.004795536364808846,-0.04721219643846264
2019-08-19,0.0032518716398844596,0.0023401513898378343,0.000911720250046627,0.14706343267690625
2019-08-20,-0.002652056105431055,-0.0017599252683493161,-0.0008921308370817391,0.002812570023664439
2019-08-21,0.008284525626698876,0.0029652633538689733,0.005319262272829903,0.019886427672363056
2019-08-22,0.00015633425107754173,0.001069587978005061,-0.0009132537269275193,-0.10217966842914078
2019-08-23,0.0011018141922789647,0.00012893683369630455,0.0009728773585826606,-0.056158450810181296
2019-08-26,-0.0060512880867633085,-0.0033206906455068405,-0.0027305974412564675,-0.011222857108944903
2019-08-27,-0.0032296218283684544,-0.0009539350595793184,-0.0022756867687891364,0.029133960289708546
2019-08-28,-0.0006551499123417572,-0.00033142171713027935,-0.0003237281952114773,-0.06067970460012765
2019-08-29,0.0022579462700657543,-0.0012608028342798033,0.003518749104345557,0.005571069737245769
2019-08-30,-0.00371932136856726,-0.0019352895859533533,-0.0017840317826139061,-0.0117065136905771
2019-09-02,0.0003630057069247464,0.0011261107750295696,-0.0007631050681048222,0.057352456101863174
2019-09-03,-0.0007773302363362244,-0.0007425375730506119,-3.479266328561097e-05,0.0218908744716612
2019-09-04,0.003507535147555128,0.0009959214539635892,0.0025116136935915342,0.061137251130574055
2019-09-05,0.0014430630822321571,0.00012562508296735768,0.0013174379992648,0.006741125625214982
2019-09-06,0.0033271330960618073,0.0015096497698144293,0.0018174833262473745,-0.04171904067394398
2019-09-09,0.0004439244418005802,0.0005368576314893859,-9.29331896888058e-05,0.027777468190860438
2019-09-10,-0.002689410658175318,-0.0032546345519013087,0.0005652238937259913,-0.008250111350648043
2019-09-11,0.0017428443941673597,0.0004949233331907488,0.0012479210609766117,-0.029870623935834822
2019-09-12,-0.00045879797170877176,0.0005939301496333399,-0.0010527281213421127,0.0981868842470672
2019-09-13,-0.0019045595343229523,-0.0010636766846037096,-0.0008408828497192423,0.059762852829274404
2019-09-16,0.005692412332394191,0.003552796033170355,0.0021396162992238354,0.05568181289133232
2019-09-17,0.003597406024547209,0.00035213312938190506,0.0032452728951653034,0.045264688887913754
2019-09-18,0.003240116038834226,0.0008034706939333278,0.002436645344900899,0.003522014771353254
2019-09-19,0.002868523537264858,9.120297282688532e-06,0.0028594032399821695,0.046231646001358984
2019-09-20,0.00019772961795218758,-4.1209435583518424e-05,0.0002389390535357059,-0.06196558272559479
2019-09-23,0.0026852073439129973,0.0005617787277659305,0.0021234286161470675,-0.01349075743435723
2019-09-24,-0.0036559439759969543,-0.0015928260940404038,-0.002063117881956551,0.08979997116498617
2019-09-25,-0.000798983286811662,-4.609436310773886e-05,-0.0007528889237039227,-0.04505100200725773
2019-09-26,0.006216320892977128,0.003017100197724143,0.0031992206952529854,0.04179955675478559
2019-09-27,-0.0025571348094945525,-0.00221450328424928,-0.00034263152524527385,0.0831973276019
2019-09-30,0.00263500440355733,0.0015015172008539237,0.001133487202703406,-0.005623909974454274
2019-10-01,0.005063348455138297,0.0003757822956999791,0.004687566159438319,0.0012498744140500158
2019-10-02,-0.00029392787830331184,-0.0011327638508445074,0.0008388359725411956,-0.05978927187230735
2019-10-03,7.385210888359188e-05,-0.0008871987871603318,0.0009610508960439237,-0.02046203116930765
2019-10-04,-0.003819572356330961,-0.002842394790951246,-0.000977177565379715,0.01573159517641917
2019-10-07,-0.0012059925555017162,-0.00250243737461971,0.001296444819117992,-0.06710617251759277
2019-10-08,0.001110409523140148,-0.0006134786496395529,0.001723888172779701,-0.03063443017369865
2019-10-09,-0.0037410284566383968,-0.0016209108820900032,-0.002120117574548396,0.021699223198202115
2019-10-10,-0.0019438267952386385,-0.0009341007124058004,-0.0010097260828328385,0.037330096287528
2019-10-11,0.0013919639810280851,0.0007145249883349757,0.0006774389926931055,-0.01840131261710732
2019-10-14,0.0023194558071028505,0.0007910736309178924,0.0015283821761849573,-0.018020519869014838
2019-10-15,-0.001209924821715011,0.00045424732452629263,-0.0016641721462413023,-0.03300901305677775
2019-10-16,-0.0012667354894767603,0.0006780459998966815,-0.0019447814893734441,-0.028034512887033097
2019-10-17,-0.002310733993157776,0.00014949903199679496,-0.0024602330251545755,-0.03494502362921173
2019-10-18,-0.00192385962732111,-0.0010210277390376304,-0.0009028318882834847,-0.061144394614199765
2019-10-21,-0.003003338935688142,-0.002022398660165693,-0.0009809402755224482,-0.011633580436908394
2019-10-22,-0.004357857986438521,-0.001303976579801358,-0.003053881406637163,0.029439887066630283
2019-10-23,-0.0010395573696917477,0.0005061410305144598,-0.0015456984002062079,0.11307012075954158
2019-10-24,0.002763530121242838,-0.000705199821127326,0.0034687299423701613,0.0577614544431824
2019-10-25,0.00841214000852783,0.0037436900736900203,0.0046684499348378095,-0.010931800736020656
2019-10-28,0.004318087030890852,0.000684339716444543,0.003633747314446309,0.062299012741063656
2019-10-29,-0.000781125537844838,0.003649237824121347,-0.004430363361966186,-0.057272949306897296
2019-10-30,0.0046793567890046715,0.001037339476027692,0.0036420173129769794,-0.035616834589366216
2019-10-31,-0.003515455843821797,-0.0013599627474510457,-0.0021554930963707504,0.0698716717524211
2019-11-01,-0.0024455653538715963,-0.0019789048744471545,-0.00046666047942444354,0.013883431121455916
2019-11-04,0.005601601809311748,0.00141008663049845,0.004191515178813297,0.037732878319510804
2019-11-05,0.0010745433926832569,-0.00019681367627761594,0.001271357068960873,-0.008738948271019108
2019-11-06,0.0023453828765953155,-0.0010055576205823986,0.003350940497177716,-0.04142951025311149
2019-11-07,-0.0004979787278588457,0.000456509890784329,-0.0009544886186431747,-0.08411005273964657
2019-11-08,-0.002984340178545857,-5.778271822599456e-05,-0.0029265574603198623,0.025663598713280406
2019-11-11,-0.005347642873788144,-0.0020454088681182443,-0.003302234005669898,0.025447304291950322
2019-11-12,0.001802666398323521,0.002410523862463272,-0.0006078574641397508,0.06763158773070152
2019-11-13,0.0019968529884249854,-0.0020128163153237157,0.004009669303748701,0.0743115385421787
2019-11-14,0.0048087341877195615,0.0029950933883772044,0.0018136407993423545,0.05369683630194694
2019-11-15,0.005429665137732058,0.004422344143762298,0.00100732099396976,0.08423172691430353
2019-11-18,0.003974641261449312,0.002856048761546095,0.0011185924999032176,-0.04363919312012728
2019-11-19,0.0068134028006051495,0.002639473972992759,0.0041739288276123904,0.022433089193412335
2019-11-20,-0.0032511241820600617,-0.0017870712408430897,-0.0014640529412169728,-0.006271089521307909
2019-11-21,0.0017336590704309293,0.0005100528845759528,0.0012236061858549759,0.10759868687795619
2019-11-22,-0.0004200264891522899,-0.000840493454334598,0.0004204669651823086,-0.07013494122184877
2019-11-25,0.006406545343943255,0.0014805988645007328,0.004925946479442521,-0.042958253535627045
2019-11-26,-0.004237337559087981,-0.0014831573080981396,-0.0027541802509898385,0.04611757042358991
2019-11-27,-0.0027534584777226282,-0.00012605708252753228,-0.002627401395195097,0.0856823627901287
2019-11-28,0.0032247391880501075,-0.00021801116703341894,0.0034427503550835264,0.011544056925858541
2019-11-29,0.005347131542169712,0.002301979776598134,0.003045151765571576,0.07445306592397902
2019-12-02,0.0007161571449671865,-0.000851265783057803,0.0015674229280249908,0.08490656783921484
2019-12-03,0.004736044943401621,0.0009966076073981813,0.0037394373360034395,0.0413436251046207
2019-12-04,0.006710862953286895,0.0020131842238790935,0.004697678729407802,-0.0035852460231718683
2019-12-05,0.003011562622688757,0.00045518159941122793,0.0025563810232775326,0.0675454958705055
2019-12-06,-0.00016495716166450988,-0.00033681263212061857,0.0001718554704561101,-0.07311830028217144
2019-12-09,0.004313257296689882,0.0009235021661393953,0.003389755130550484,-0.13767576691374514
2019-12-10,-0.004459876818811128,-0.0007104308219765989,-0.0037494459968345295,-0.06098488289660921
2019-12-11,-0.007712735784005292,-0.002093682199056592,-0.005619053584948704,0.0629557984099361
2019-12-12,-0.004194652897387466,-0.001659794645545307,-0.0025348582518421566,-0.07618263549537523
2019-12-13,0.0040035793198869955,-0.0005780218622615622,0.004581601182148558,-0.08981878196260021
2019-12-16,-0.004810941695191171,-0.0003784872900789019,-0.00443245440511227,-0.1693310111238462
2019-12-17,-0.007318245226745481,0.0018691701511893734,-0.009187415377934854,0.17308836589009766
2019-12-18,-0.013164737945691549,-0.0022965771266027684,-0.01086816081908878,0.20520820533895331
2019-12-19,0.015394394338776755,0.002947655683054065,0.01244673865572269,-0.11584931103883978
2019-12-20,0.020210766620294973,0.0028919719978252184,0.017318794622469755,-0.20028677696296418
2019-12-23,-0.007302045783141146,-0.0022314626226329834,-0.005070583160508162,0.11247919218886486
2019-12-24,-0.016393354801130834,-0.0009125405128101952,-0.01548081428832064,0.0018174730905914237
2019-12-25,0.007037251195114983,0.0018649539129597858,0.005172297282155196,-0.02113029871327771
2019-12-26,8.715435066079759e-05,0.0001479001893165601,-6.074583865576383e-05,-0.017382049481822072
2019-12-27,-0.0011803345298420076,-0.001022282097139451,-0.0001580524327025564,0.04382490388239632
2019-12-30,-0.0009998610421537526,-0.0018589287623669536,0.0008590677202131997,0.02336139780536302
2019-12-31,0.0024676997560517926,0.002068713313006356,0.0003989864430454368,-0.030645378041472954
2020-01-01,0.001197910246948116,-0.0009392863867166597,0.0021371966336647744,0.0012291801192171855
2020-01-02,-0.00166863261805004,-0.0002793079221549456,-0.0013893246958950932,0.019932721479779203
2020-01-03,6.32979340380429e-05,-0.004300342085173207,0.004363640019211246,0.039943969225241294
2020-01-06,0.0009892586787764348,-0.0005953029050262265,0.0015845615838026607,0.017914982485193708
2020-01-07,0.002468435409988281,-0.002328136634101684,0.004796572044089965,0.021782010861920508
2020-01-08,0.0010270653301077482,0.00039089657442330054,0.0006361687556844468,-0.02046277861110321
2020-01-09,0.001077495145802955,-0.0008233651203261964,0.0019008602661291516,-0.0772930061454593
2020-01-10,-0.001259517934282326,0.0018683526847712364,-0.00312787061905357,-0.07855965770693157
2020-01-13,-0.004431294176279602,0.0007095741566479838,-0.005140868332927588,-0.03556494395552602
2020-01-14,-0.004123062630485959,-0.0014812601241430974,-0.002641802506342862,0.049380425384688696
2020-01-15,-0.001954777065554028,-0.0020687363660476694,0.00011395930049364067,-0.10590991622452814
2020-01-16,0.0028266526498185547,-0.0010529489153798775,0.003879601565198435,-0.029681745567385686
2020-01-17,-0.00541672759380314,-0.0019220318212660025,-0.003494695772537137,-0.10227264034005464
2020-01-20,-0.0016347408771245065,-7.740800171504927e-05,-0.0015573328754094578,-0.02738775858257718
2020-01-21,-0.005604920909973994,-0.002176494445859189,-0.003428426464114804,0.004240961585633605
2020-01-22,-0.0014107295800678103,-0.0018908256468792503,0.00048009606681143936,0.08508697734791253
2020-01-23,0.00019944241589205883,0.001012022725224584,-0.0008125803093325251,-0.002053255559044349
2020-01-24,0.004422483815138877,0.001968818957818223,0.0024536648573206515,-0.01467012143440739
2020-01-27,-0.00012284329962039997,0.0011734496154210462,-0.0012962929150414455,-0.06367074148864157
2020-01-28,-0.0008563358648727029,-0.0026645950406646423,0.0018082591757919387,0.004106767213146493
2020-01-29,-0.0040183956610749146,-0.0016258123976464266,-0.0023925832634284884,-0.04461950593340952
2020-01-30,0.0002487161664229511,-0.0010718624195917878,0.0013205785860147382,-0.14774518840878184
2020-01-31,-0.003040740841378841,-0.004349399540602192,0.00130865869922335,0.10901533117132722
2020-02-03,-0.011037812201593923,-0.00294319775000389,-0.008094614451590031,-0.06301353846405831
2020-02-04,0.00625611121976071,0.0030610271356074324,0.003195084084153279,-0.039804023070353634
2020-02-05,-0.0032428887207554386,-0.002532803835135036,-0.0007100848856204031,0.019202290836934127
2020-02-06,-0.0023089440355483805,-0.00014030674134094326,-0.0021686372942074338,-0.017023236741175965
2020-02-07,0.0011618893948612818,-0.0010247591558065535,0.0021866485506678354,0.09808824088462914
2020-02-10,-0.000945149501995959,-0.0008816105001605741,-6.353900183538388e-05,0.03442919801895849
2020-02-11,0.0055870498903638835,0.0015383880120038414,0.004048661878360041,-0.011230740751209795
2020-02-12,0.0021858554826390685,0.000491383984382518,0.00169447149825655,-0.0012294594909109263
2020-02-13,-0.0006193152804280458,0.00039854421547504734,-0.0010178594959030932,-0.08791870384106505
2020-02-14,-6.748149082828024e-05,-0.0004729392295804208,0.0004054577387521414,-0.0675383914263199
2020-02-17,-0.0057850458113795095,-0.0016697424731568992,-0.004115303338222612,-0.03998850322558023
2020-02-18,-0.004075327064495767,-0.0016351878062679575,-0.0024401392582278116,0.09803010546936404
2020-02-19,-0.002295204128512014,-0.00024933443432653647,-0.0020458696941854765,-0.03645984148317571
2020-02-20,0.005902382560513106,0.001029329948032921,0.004873052612480185,-0.12929619382432625
2020-02-21,-0.002053523013483549,-0.00011045419094041567,-0.001943068822543137,-0.010709398748765444
2020-02-24,-0.007810429682755523,-0.0018995105862059424,-0.0059109190965495806,0.06533602475910118
2020-02-25,-0.0005777408195076385,-0.00012921849502784525,-0.0004485223244797932,0.09864375641040116
2020-02-26,0.0036394232542127213,0.00045181622038089307,0.0031876070338318283,0.04560454787066186
2020-02-27,0.0054368854312625775,0.0020425827792826348,0.003394302651979943,0.10341166995149856
2020-02-28,0.002338256924384424,0.0005811997355616404,0.0017570571888227838,0.05647580793019201
2020-03-02,0.005391720529962403,0.0032305146839493033,0.002161205846013102,0.004510324299839696
2020-03-03,0.0028487800133197346,0.001005110404451429,0.0018436696088683056,0.05828232601702067
2020-03-04,0.00025939473867246654,-0.002672491942303676,0.0029318866809761417,-0.019637823512409856
2020-03-05,0.0032356624644218814,-0.0006995389574445958,0.003935201421866477,-0.015173504056384431
2020-03-06,-0.0011130717730647314,-0.0013006056918880874,0.00018753391882335565,-0.08549486418699026
2020-03-09,-0.0008669631139594991,-0.002025278630962789,0.00115831551700329,-0.027684163964460835
2020-03-10,-0.004856215257198284,-0.0017256981756115345,-0.0031305170815867506,0.018399838115527943
2020-03-11,-0.0016980494070311628,-0.0023356676745639564,0.000637618267532794,-0.06522158862891227
2020-03-12,0.0010871971991493444,0.00016599235443517154,0.0009212048447141724,0.03016984275588282
2020-03-13,-0.003956526775047424,-0.00289373051605097,-0.001062796258996454,0.04499940536749846
2020-03-16,0.002034275023535548,-0.0002328080967427433,0.0022670831202782913,-0.13507487919195194
2020-03-17,0.0026664737332966395,0.0011153570050685272,0.0015511167282281127,-0.041646852161819806
2020-03-18,-0.008788502737903752,-0.005092152983897681,-0.003696349754006072,-0.11948291733167449
2020-03-19,-0.002608568048601014,0.0011992386739903185,-0.0038078067225913326,-0.03865869978884559
2020-03-20,-0.007636635741820629,-0.0019177048781923714,-0.005718930863628258,-0.08022540370248746
2020-03-23,-0.002464258020255788,-0.0010541678211888634,-0.0014100901990669254,-0.14688495999516699
2020-03-24,-0.005351312703118894,-0.002352630644741782,-0.002998682058377111,-0.07967689517632931
2020-03-25,-0.010350004476809584,-0.004497552158443545,-0.005852452318366042,-0.052944719021857094
2020-03-26,-0.006285370718078181,-0.004205607996321008,-0.0020797627217571737,-0.14801248329443384
2020-03-27,-0.0038662212252638093,-0.0008588808084502107,-0.0030073404168135982,0.23415639249282555
2020-03-30,-0.011145813741983684,-0.0042111805750812345,-0.0069346331669024475,-0.09757688244901047
2020-03-31,0.021153705163508715,0.00552549311608821,0.015628212047420507,0.03975451187477433
2020-04-01,-0.0062591271299615265,-0.0017026139742787657,-0.004556513155682758,-0.14339623890009542
2020-04-02,0.0024262564430325294,0.00012906924937665896,0.0022971871936558717,0.07965141301195923
2020-04-03,-0.01143124065948362,-0.00413599287461424,-0.0072952477848693825,0.0019634881003923253
2020-04-06,0.005868284930867745,0.0013943389379447598,0.004473945992922985,-0.05276383055978949
2020-04-07,0.00014575153843132053,-0.001958027960058997,0.002103779498490317,0.15222267125032515
2020-04-08,-0.004248371741980219,-0.002816722463439201,-0.0014316492785410202,0.08770274012487866
2020-04-09,0.01193301242049492,0.004319869271570263,0.007613143148924657,-0.03368131480443447
2020-04-10,0.007245400884559765,0.0029087878112222416,0.00433661307333752,-0.03564572062135417
2020-04-13,-0.0024094332747622437,-0.002116391966099876,-0.00029304130866236733,0.11848084766563464
2020-04-14,-0.002731391306255189,-0.0013155610096146214,-0.0014158302966405679,-0.02422846592826037
2020-04-15,0.009897921655494935,0.0015961537495499918,0.008301767905944942,0.002628452386136562
2020-04-16,-0.001706175277553235,-0.00018279341480345428,-0.0015233818627497803,0.08500557954914671
2020-04-17,0.0001895302550404634,0.0007556822123171991,-0.0005661519572767379,0.00046188653396380503
2020-04-20,0.006311646087972376,0.0009410620036089698,0.005370584084363406,0.07537438808566815
2020-04-21,3.0668731686729405e-05,-3.2743476437358324e-05,6.341220812408795e-05,0.05627949684499918
2020-04-22,0.004964767235921864,0.0020631087899378713,0.0029016584459839925,-0.028204176214933912
2020-04-23,0.004279658876783447,0.00011253861782062509,0.0041671202589628215,0.02559623889192912
2020-04-24,-0.002303412298106004,-0.00046267247932802423,-0.0018407398187779787,-0.015480982848277692
2020-04-27,0.002130395417991168,0.00039903822172041026,0.0017313571962707594,-0.061247377834598736
2020-04-28,-0.0011446117245788876,-0.001700245256118934,0.0005556335315400463,0.06567017603483116
2020-04-29,-0.004621559407282708,-0.0013520877281804605,-0.003269471679102248,-0.02817313259443321
2020-04-30,0.005352938753887336,0.001484688120714818,0.003868250633172518,0.05017191192863536
2020-05-01,-0.0026027433737855466,-0.0020410154766677593,-0.0005617278971177886,0.024447957403636852
2020-05-04,0.0038886797690012888,0.001546967622949219,0.00234171214605207,0.02614967098787473
2020-05-05,0.001896912267951458,0.000959456014847395,0.0009374562531040617,0.01926968594590407
2020-05-06,0.0019020581547305026,0.0007338464305065434,0.0011682117242239574,0.04014029514205981
2020-05-07,0.0015370130385855619,-0.003231560035492499,0.004768573074078061,-0.00014138870101271987
2020-05-08,0.002882952285577781,0.0011492199304795857,0.0017337323550981956,0.0660320857608551
2020-05-11,-8.983079506170045e-06,0.0019143050290604154,-0.001923288108566585,-0.014956835372718321
2020-05-12,0.004017023438347284,0.002288071670517082,0.0017289517678302033,0.04187983755761794
2020-05-13,-0.0011806303736649724,0.003046997309210115,-0.0042276276828750875,-0.04835477260746628
2020-05-14,0.003061907610838852,0.0028594526560493973,0.00020245495478945705,-0.025322023077816096
2020-05-15,-0.004009451431723005,-0.0002907045489759074,-0.003718746882747096,0.055104671777308434
2020-05-18,-0.0016812688925212068,-0.0019111825990919228,0.0002299137065707186,-0.016633231949831465
2020-05-19,0.0037165921672879373,0.0042515191872685015,-0.0005349270199805642,0.07058729279642653
2020-05-20,-0.0010820529532014,-0.0014043754821567054,0.0003223225289553039,-0.09784607803113099
2020-05-21,0.004626231461550933,0.0015771617889056766,0.003049069672645256,0.060436967939261385
2020-05-22,-0.0061077556706680275,-0.0018805407423720388,-0.004227214928295989,-0.10074818157188534
2020-05-25,0.003919434707953571,0.0003735136558032405,0.0035459210521503314,-0.0103482482014123
2020-05-26,-0.005698408265001749,-0.001264133632578152,-0.0044342746324236,0.11280822927488808
2020-05-27,-0.0007001768341333555,0.001316699570994553,-0.0020168764051279077,-0.05312440647075741
2020-05-28,0.007708136807373665,0.001718059970043928,0.005990076837329737,0.05248793027553318
2020-05-29,-0.003831768773163118,0.001572030781582275,-0.005403799554745393,-0.006752480381051519
2020-06-01,0.004007517193293849,0.0002632647723543359,0.003744252420939509,-0.02815392322628532
2020-06-02,-0.000450430019014307,-0.0005555455268601069,0.00010511550784579951,-0.06722627883337194
2020-06-03,-0.001683307246470254,0.0016581334952433177,-0.00334144074171357,-0.10659492413855787
2020-06-04,-0.004304732972400636,-0.002450957512469458,-0.0018537754599311793,-0.029358002522646937
2020-06-05,-0.007288761746880832,-0.002729308012402982,-0.004559453734477849,0.06735195531067997
2020-06-08,-0.001898012372612497,0.00039706634221624987,-0.0022950787148287473,-0.08933867134120994
2020-06-09,0.00417233041963727,-0.0009485431751729725,0.0051208735948102425,0.13812735259091655
2020-06-10,-0.005629796431034565,-0.0033458239938735806,-0.002283972437160985,-0.11130434604607532
2020-06-11,0.0077481548375542605,0.0038259814934262213,0.00392217334412804,0.09757256280509088
2020-06-12,-0.007152152936134502,-0.0022057081648950948,-0.004946444771239407,0.007933505986306613
2020-06-15,0.00736979767013632,0.0009171414793691691,0.006452656190767153,0.03257656706539159
2020-06-16,0.0005678351711356941,0.0006170577683276435,-4.922259719194848e-05,-0.03183915292450011
2020-06-17,0.0022141820664239335,-0.0011038663540796768,0.0033180484205036103,-0.006634841533190376
2020-06-18,-0.0019177749849015025,-0.001706467126713504,-0.00021130785818799895,0.1226492442348764
2020-06-19,-0.0004211515923748185,-0.0008475065046932096,0.00042635491231839107,-0.07332118819110406
2020-06-22,0.007871258615735911,0.0015474102974851172,0.0063238483182507955,0.0127538902256197
2020-06-23,-0.004615223706095529,-0.001223179257141134,-0.0033920444489543944,0.027111998158974613
2020-06-24,0.0007414401866694169,-0.0014578545660895786,0.0021992947527589967,-0.0019128502280626133
2020-06-25,0.0016120376305102124,-0.0009462614927914005,0.0025582991233016124,-0.02540106607574105
2020-06-26,-0.0001614909793087884,0.0012989250193612707,-0.0014604159986700612,0.13526732708012273
2020-06-29,-0.001457497771649251,0.0007056934474161305,-0.0021631912190653814,-0.03735616963635113
2020-06-30,0.008429589102920064,0.001603455632952503,0.006826133469967559,-0.03628710254495584
2020-07-01,-0.002057833900812071,-0.0012199447215961667,-0.0008378891792159044,0.006217626802114701
2020-07-02,-0.002535796156560804,-0.0011040784751823844,-0.0014317176813784197,0.007913903948347619
2020-07-03,0.00040267687309989146,-0.0029038223357185254,0.0033064992088184175,0.08741243244255847
2020-07-06,0.0004738995887874516,-0.001807380801854398,0.002281280390641847,-0.029645147656846355
2020-07-07,0.005420648448723052,0.0011669013748170033,0.004253747073906048,0.06585970141018073
2020-07-08,-0.0017657027322458322,1.5256623231617306e-05,-0.0017809593554774482,0.007843616882340039
2020-07-09,0.004120850767650003,0.0013229239814977634,0.002797926786152238,-0.08937406844892964
2020-07-10,0.0004294624702556233,-0.0013566453643206046,0.0017861078345762275,0.017604024176837162
2020-07-13,-0.005527032812141091,-0.0029941540848112446,-0.002532878727329845,0.1173790437570215
2020-07-14,0.0009666713132450534,-0.0005540125342500396,0.0015206838474950924,0.1212044348593439
2020-07-15,0.0072418431130152686,0.0024459634258772404,0.00479587968713803,-0.06479808862424813
2020-07-16,0.008363423088296414,0.0025257165280273912,0.005837706560269022,0.04289776736626259
2020-07-17,-0.0046280508783362205,-0.003085459500115544,-0.0015425913782206755,0.07347810576282955
2020-07-20,0.003252514524719614,0.0016499683597393827,0.0016025461649802298,-0.03889063536435886
2020-07-21,0.005048588969208317,0.0017373728159597438,0.0033112161532485715,-0.04378296450207945
2020-07-22,-0.0029275306618980652,-0.0012806777188326549,-0.0016468529430654095,0.07721426706949279
2020-07-23,-0.0033436028869668127,0.0004750608166291274,-0.003818663703595941,-0.1477961961831211
2020-07-24,0.006090754344897061,0.004259899031531606,0.0018308553133654553,0.022482417646696493
2020-07-27,-0.012146093265443452,-0.0022358802148219957,-0.009910213050621456,-0.17654370787942583
2020-07-28,0.001622359880706865,0.0014319281757140504,0.00019043170499281545,-0.048319024535050534
2020-07-29,-0.010665732783673013,-0.0044693136011780404,-0.006196419182494976,0.06905970222445923
2020-07-30,-0.00333476903757341,-0.00031961169988170297,-0.0030151573376917067,0.017566883122815246
2020-07-31,0.004191406614178573,-0.0004589198127889979,0.004650326426967572,-0.16571844004596648
2020-08-03,0.0012646915408286439,-0.0043277427096067266,0.005592434250435372,0.07061751405619451
2020-08-04,-0.010433080676600821,-0.0035399117970144776,-0.006893168879586345,0.060790401732443565
2020-08-05,0.0043748131012619085,0.0007514457154240337,0.0036233673858378744,-0.0832250997765159
2020-08-06,0.004059070842168264,6.374693829482546e-06,0.004052696148338782,-0.009174622536826002
2020-08-07,-0.004710091632882512,-0.0017230306409930511,-0.002987060991889461,-0.03292508500447935
2020-08-10,-0.0006196092123444857,-0.00044908336695424246,-0.00017052584539024342,0.02250135174370453
2020-08-11,-0.00188422613318276,-0.0007969997921149575,-0.0010872263410678018,0.03012651430490914
2020-08-12,0.0012540564627719713,0.0015556211022590442,-0.00030156463948707336,-0.04855325124399928
2020-08-13,0.0018492037574684038,-0.0005111862886895613,0.002360390046157965,-0.04766505870340504
2020-08-14,-0.0030358987501666766,-0.0012638246719562578,-0.0017720740782104188,-0.008619601300017129
2020-08-17,-0.0031691871451392023,-0.0011106354551369563,-0.002058551690002247,0.021811109460361758
2020-08-18,-0.0005344563254513941,0.0002119559073712786,-0.000746412232822671,0.07685923256442334
2020-08-19,0.0014131326232343319,-0.0005537962279158447,0.001966928851150176,0.010880115572424381
2020-08-20,0.005108196785652598,0.0008199309640174286,0.00428826582163517,0.029405644596691358
2020-08-21,0.0007258643593984516,-0.00168163872979827,0.002407503089196722,0.02134215737403476
2020-08-24,0.002050998391612255,0.0011605433476341697,0.0008904550439780851,-0.047678680278838106
2020-08-25,0.0014378476917087269,0.0017958640519433093,-0.0003580163602345814,0.04291458865743836
2020-08-26,-0.002927202756603839,-0.003081563785968237,0.00015436102936439763,0.03364099621173742
2020-08-27,0.0031517750864893408,0.004050959759006838,-0.0008991846725174991,0.07679991849095329
2020-08-28,0.002390904339142438,-7.112242013020218e-05,0.0024620267592726395,0.03054520477560632
2020-08-31,0.005883721571527259,0.0028349053199818036,0.0030488162515454565,-0.041425307071366345
2020-09-01,0.002212968611127844,0.0022421212090700023,-2.915259794215863e-05,-0.028466169424873126
2020-09-02,-0.0028412745896312956,-0.0006858750541719489,-0.002155399535459346,-0.11454616892663994
2020-09-03,-0.0019510940083715055,-0.0001798799914661947,-0.0017712140169053123,0.040741694916369905
2020-09-04,-0.008278137914902228,-0.0036901631673351525,-0.004587974747567076,-0.059770178036983944
2020-09-07,0.002760663439372395,0.0006312543105695028,0.002129409128802892,0.06664114364125079
2020-09-08,-0.0038388537125847323,-0.002219156417705449,-0.0016196972948792818,0.06214197720138198
2020-09-09,0.004834613809311371,0.000686259274977767,0.0041483545343336025,0.002779563183031832
2020-09-10,0.003988647803088238,0.0012729709321073939,0.002715676870980843,0.038346360278224606
2020-09-11,0.0001657449936261666,-0.0006360351010297584,0.0008017800946559248,-0.07445881224533886
2020-09-14,0.0026601163471525924,-8.703947277136255e-05,0.0027471558199239545,0.22695172113194276
2020-09-15,-0.004859606170738407,-0.0011677558104101439,-0.003691850360328261,-0.06600664227093936
2020-09-16,0.017166701068417174,0.006170391197950891,0.010996309870466285,-0.11475857968626968
2020-09-17,-0.004405151884441204,0.0007512095368686893,-0.005156361421309892,-0.08350534916089697
2020-09-18,-0.008787470610795343,-0.0027111785238513077,-0.006076292086944036,0.019814801500154414
2020-09-21,-0.005399790994251004,-0.0012217777001910565,-0.004178013294059948,-0.041772065213453606
2020-09-22,0.0013142107543707413,-0.0016430536669178241,0.0029572644212885668,-0.0027246580986827577
2020-09-23,-0.0031976708202127637,-0.0012653454821289058,-0.0019323253380838581,-0.055479569735435136
2020-09-24,-0.00020454590488048086,0.0005289019039086233,-0.0007334478087891068,0.062393765422666024
2020-09-25,-0.004323964873597979,-0.0005702564132464075,-0.0037537084603515673,0.025326168878934695
2020-09-28,0.004587186516105159,0.0021515992548140975,0.0024355872612910603,0.01536042318141767
2020-09-29,0.0019548116172609722,9.809910702529394e-05,0.0018567125102356783,-0.018347158330525422
2020-09-30,0.0011520616803287174,0.00022869002056834144,0.0009233716597603758,-0.06272567985961343
2020-10-01,-0.0013030211360838552,0.0008408145305309992,-0.0021438356666148546,-0.0857312220674877
2020-10-02,-0.004921689502984262,-0.0003512911365012438,-0.004570398366483019,-0.15041727156308712
2020-10-05,-0.005572019167601051,-0.0026175059625864177,-0.0029545132050146318,-0.08475943075994045
2020-10-06,-0.010549165210850397,-0.003764269053373499,-0.0067848961574769,-0.03080708976428919
2020-10-07,-0.006097429256629678,-0.0027625881454445425,-0.0033348411111851373,-0.06482934748187506
2020-10-08,-0.00234911992345737,-0.0015590078199862242,-0.0007901121034711465,0.12700838023652578
2020-10-09,-0.005307498642089948,-0.001595998516646921,-0.0037115001254430287,0.029741403922689067
2020-10-12,0.010394337622588195,0.0019746287186816064,0.008419708903906593,-0.15063177383093687
2020-10-13,0.0026500981160018375,-0.0009440203537476842,0.0035941184697495243,0.002631922164845323
2020-10-14,-0.012133676049919974,-0.004458442740148824,-0.00767523330977115,0.041345370011876326
2020-10-15,0.0002903618547498238,0.00050025342161307,-0.00020989156686324756,0.10553260402908086
2020-10-16,0.003423917377896251,0.0015817693828792286,0.001842147995017019,-0.12665557025084115
2020-10-19,0.00929671191403401,0.0013023192634701673,0.007994392650563842,0.011523499224436875
2020-10-20,-0.010041121898090605,-0.0035609271537187567,-0.0064801947443718505,-0.07384250980398673
2020-10-21,0.0008221310728959673,-0.0023757236617282847,0.0031978547346242486,0.1069154778704377
2020-10-22,-0.005532704661226028,-0.0007491661642868306,-0.004783538496939196,0.03506365815763234
2020-10-23,0.00799105676295191,0.002391950484221781,0.005599106278730129,-0.06461252620309055
2020-10-26,0.0023358365363217505,0.001491110799283898,0.0008447257370378537,-0.013783541413854935
2020-10-27,-0.0047117011460213985,-0.001343391894415234,-0.0033683092516061646,0.0022026947830993656
2020-10-28,-0.0010042335572394356,-0.00035708906452912303,-0.0006471444927103141,0.06533425020329761
2020-10-29,0.00014910082529809353,0.0013384485417644067,-0.0011893477164663124,0.13250821002811913
2020-10-30,0.005097531752538591,0.0019669891855072885,0.003130542567031302,0.056009786358312566
2020-11-02,0.009029385884555645,0.0037748524923667745,0.00525453339218887,-0.06780190741857975
2020-11-03,0.003771246534889372,0.0010035455148903489,0.002767701019999024,-0.03736149832557961
2020-11-04,-0.0047028138484783,-0.0043177624319607035,-0.0003850514165175977,-0.0679841537177557
2020-11-05,-0.0027187351656748193,-0.0007136375082210009,-0.0020050976574538188,0.015723331093775394
2020-11-06,-0.0052413184744235335,-0.0016995639377406432,-0.0035417545366828937,-0.028965606863861914
2020-11-09,0.0010798874989157202,-0.00039110038688991954,0.0014709878858056402,0.016118563441163875
2020-11-10,-0.002124125249397816,-0.002554717137903932,0.00043059188850611604,0.06153890717523085
2020-11-11,0.0012161416714000382,0.0013419266176083909,-0.00012578494620835243,-0.002801587798554247
2020-11-12,0.004850355340682478,0.0019938121501483627,0.002856543190534115,-0.026396357442867262
2020-11-13,-0.00024934124170760395,0.0002630379241257497,-0.0005123791658333534,0.08447437713362484
2020-11-16,-0.002314270628133855,-0.0005712777053239936,-0.00174299292280986,-0.11252797633852477
2020-11-17,0.008007473235755081,0.0030477710341308625,0.004959702201624217,0.07958056460444879
2020-11-18,-0.00917744786306735,-0.0019143587199831908,-0.007263089143084158,-0.00039606906973103993
2020-11-19,0.006641478818552637,0.003118728894142865,0.0035227499244097718,-0.06852452024816152
2020-11-20,-3.0073744238554067e-05,-0.0019145332692573208,0.0018844595250187678,0.10954689264309792
2020-11-23,-0.00471399577059547,-0.0023856402545597306,-0.002328355516035739,-0.031181292603460028
2020-11-24,0.008466563576755053,0.004006776977760128,0.004459786598994925,0.012759701444102057
2020-11-25,-0.002417152308969898,-0.0005695591774728568,-0.0018475931314970403,-0.06321513426519154
2020-11-26,0.0008658018250422548,-0.0006521532834636327,0.0015179551085058888,0.027994327541976873
2020-11-27,-0.004943123913094401,-0.0015255204640702257,-0.0034176034490241754,-0.04747498963756288
2020-11-30,0.0022288495297537445,0.00041431610913298354,0.0018145334206207606,-0.023213120332584953
2020-12-01,-0.0033050689594535556,-0.0001495678697374537,-0.0031555010897161015,-0.004865646744928917
2020-12-02,-0.0017209233655043836,-0.00023567314360080013,-0.0014852502219035828,-0.05156395757798772
2020-12-03,-0.00035860906817094504,-0.001676849227301394,0.0013182401591304484,0.024207490391679843
2020-12-04,-0.003980177383153222,-0.00020023797943750053,-0.003779939403715722,-0.036300518145045535
2020-12-07,0.0018957228951159834,-0.0018591196912911452,0.003754842586407128,0.09701253457121842
2020-12-08,-0.0029135202458838907,-0.004279345978086241,0.0013658257322023484,-0.023503703826032358
2020-12-09,0.009024468392714802,0.0015372924863767921,0.007487175906338007,0.03773919864346723
2020-12-10,-0.0017112035872116323,4.670708704986558e-05,-0.001757910674261497,-0.07785432799733912
2020-12-11,0.0025632387103642434,-0.0016653202916669801,0.004228559002031222,0.014005642022323574
2020-12-14,-0.004895509825118842,-0.0020347745879603675,-0.00286073523715848,0.007171512916788021
2020-12-15,0.0010845941327682644,-0.0003147859311917328,0.0013993800639599974,0.028730732418825664
2020-12-16,0.0005460294333509328,-0.001993523972928549,0.0025395534062794822,-0.04787687520449071
2020-12-17,0.0019522189150176698,-0.0007484030908275728,0.002700622005845244,0.05856900620849747
2020-12-18,-0.003438595634436967,-0.005596281420738177,0.0021576857863012102,-0.0038541529261482102
2020-12-21,0.0036478919512788043,0.00148269453688097,0.0021651974143978357,0.08024775101252139
2020-12-22,-0.0002847208281869587,-0.0013077032800927575,0.0010229824519058005,-0.03139202601555109
2020-12-23,0.00576854418765133,0.005714640016744108,5.3904170907222854e-05,0.009761780339285946
2020-12-24,-0.0019763556892214724,-0.00026454870531473444,-0.001711806983906738,-0.02079149920212843
2020-12-25,0.00064889591956556,0.0006413247646819432,7.571154883615969e-06,-0.024141749582327787
2020-12-28,-0.0012254049512167022,0.0018260834120547081,-0.00305148836327141,0.007690879403052687
2020-12-29,-0.001718679571782166,-0.006610860418776048,0.004892180846993884,0.06820883019953904
2020-12-30,0.0005392741864776564,0.0028064544531657106,-0.0022671802666880516,-0.024130852628693893
2020-12-31,0.004110721159019326,0.0018068555170653565,0.0023038656419539696,-0.11015723703265155
2021-01-01,-0.0016883729535556535,0.0009527622554506236,-0.002641135209006277,-0.045702650371116635
2021-01-04,-0.009460719267186174,-0.008497212738148876,-0.0009635065290372995,0.06393085230075364
2021-01-05,-0.003103839155602548,-0.0019296384695860654,-0.00117420068601648,-0.09520070027934942
2021-01-06,0.004974632819006572,0.004561189658728213,0.00041344316027835774,-0.01564406028996965
2021-01-07,-0.007527852642647701,-0.00769081217213393,0.00016295952948622988,-0.02878935146243433
2021-01-08,-0.0009277790461636472,-7.357087906970355e-05,-0.0008542081670939441,-0.10949966246247886
2021-01-11,-0.0019659975029381205,0.0002768482520139979,-0.00224284575495212,0.078907461057664
2021-01-12,-0.008766127010576177,-0.007977270640661928,-0.0007888563699142478,0.005696986119760804
2021-01-13,0.005722949313712025,0.004839013925859193,0.0008839353878528329,-0.13490024053860528
2021-01-14,0.00028955680744420064,-0.0005183928282258346,0.000807949635670038,0.013587135892933701
2021-01-15,-0.008507306053663337,-0.003138843661809278,-0.005368462391854059,-0.07748342810746756
2021-01-18,0.0008859661349621874,0.0015261064188159881,-0.0006401402838538007,0.06431549823420331
2021-01-19,-0.005477389434347532,-0.001979635827864437,-0.003497753606483094,-0.026845460674880396
2021-01-20,0.00498217636039711,0.0031268630168712576,0.0018553133435258553,0.038615428897225405
2021-01-21,-0.0018321468604620287,-0.003061058460535733,0.0012289116000737052,0.10645396499661151
2021-01-22,0.0025990128592077288,0.002395265464050578,0.00020374739515715244,0.08456430219274155
2021-01-25,0.007734056401775111,0.0024153945792608654,0.005318661822514245,-0.10053358225730383
2021-01-26,0.0052009314861975325,0.002642408332880798,0.0025585231533167335,-0.0854125492515541
2021-01-27,-0.006976970293047106,-0.0018441149898727758,-0.0051328553031743315,0.04312337827591787
2021-01-28,-0.0054928876131145575,-0.002250068137180339,-0.003242819475934218,0.13453630208289094
2021-01-29,0.00274887124946154,0.002309224592271282,0.00043964665719025894,0.010270195374745777
2021-02-01,0.009189803227042728,0.002212526213498822,0.006977277013543904,-0.10553054330917071
2021-02-02,0.0006789565336395298,0.0010341057773473178,-0.0003551492437077888,0.017411024567416406
2021-02-03,-0.007753780446732439,-0.00442345781018526,-0.0033303226365471797,0.10231602153421285
2021-02-04,0.0012524842903392382,0.0011812228723909676,7.126141794827102e-05,0.09305248623198505
2021-02-05,0.006699048263026726,0.005073876698836105,0.0016251715641906212,0.04881147668775541
2021-02-08,0.006331581317108617,-0.0003446917617822686,0.006676273078890885,0.08263855440539265
2021-02-09,0.003129834237473242,0.0019925847077884393,0.0011372495296848029,0.14433463098608887
2021-02-10,0.0055912986929894,0.0020708373023539967,0.003520461390635405,-0.13074615443043813
2021-02-11,0.010305128387554234,0.004291392690075296,0.006013735697478938,0.07475495833540889
2021-02-12,-0.008337538501454633,-0.004477505511848024,-0.0038600329896066096,-0.04665525838297122
2021-02-15,0.004504763155022858,0.00032598623229657684,0.004178776922726281,-0.10284654772003211
2021-02-16,-0.002790199445847572,-0.0004183101226877162,-0.0023718893231598555,-0.12303972998043802
2021-02-17,-0.006741175602024082,0.0005096455771651191,-0.007250821179189202,-0.05059349962744431
2021-02-18,-0.008324648692706414,-0.0031924638625011733,-0.00513218483020524,0.0059490454473716745
2021-02-19,-0.0033022612193076752,0.00015368514319811719,-0.0034559463625057924,-0.007304962478966674
2021-02-22,0.00037608614080645426,0.0012227594088669424,-0.0008466732680604879,-0.11374273706746577
2021-02-23,-0.0004566692322812065,-0.0001380196236094788,-0.0003186496086717283,-0.03541335026966179
2021-02-24,-0.008651951322016672,-0.0040000673000241144,-0.004651884021992556,0.02918237536227968
2021-02-25,-0.0024165577240164078,-0.001661966570911954,-0.0007545911531044516,0.025107277048897224
2021-02-26,0.0019726176923566853,0.00031727106867641703,0.0016553466236802674,0.07851225238785006
2021-03-01,0.0018247206056448903,-8.137616902329598e-05,0.0019060967746681867,0.03200902652086395
2021-03-02,0.005920461218083399,0.001061022857660068,0.004859438360423329,0.06142595969472818
2021-03-03,0.0023404476833916244,0.00034574206412819495,0.001994705619263429,-0.009613998446740726
2021-03-04,0.004469193696573063,0.0010744173260920763,0.0033947763704809874,-0.07841808609122586
2021-03-05,-0.0006368930544881293,-0.0005706572939382391,-6.623576054988988e-05,-0.04857119659955618
2021-03-08,-0.005174797881718558,-0.00013897371187995486,-0.005035824169838603,-0.12143327713032313
2021-03-09,-0.003151946293457166,-0.002687075319226466,-0.0004648709742307005,-0.006145329545620933
2021-03-10,-0.010661584619379872,-0.0004681042026867654,-0.010193480416693103,-0.02144417500571844
2021-03-11,-0.0004059167913034828,0.0018779072063611051,-0.0022838239976645906,0.009568432496208685
2021-03-12,-0.0014065846716752684,-0.0011462351249757353,-0.00026034954669953373,-0.07483859501439695
2021-03-15,0.0006603219533860526,-3.5111820089816365e-05,0.0006954337734758724,-0.01064450219249778
2021-03-16,-0.005019600130783278,-0.00044508960103794605,-0.004574510529745333,0.0027958746140201722
2021-03-17,-0.0006937974976806201,9.772641104536291e-05,-0.0007915239087259839,-0.018714210420005307
2021-03-18,0.00017908580372424194,0.0009020915390092407,-0.0007230057352849983,-0.056917833521862124
2021-03-19,-0.0013548384825899833,6.047615351521818e-07,-0.0013554432441251346,-0.011641190825553682
2021-03-22,-0.004756042901968531,0.0002022887000886443,-0.0049583316020571765,0.16095943582214292
2021-03-23,-0.0010040114905790105,-0.0003186212878258064,-0.0006853902027532041,-0.13341204186699046
2021-03-24,0.012910653653460695,0.0032645643734662572,0.009646089279994436,-0.0505652750670066
2021-03-25,-0.010167639272959647,-0.0033258756936673023,-0.006841763579292346,0.12084914219683378
2021-03-26,-0.0034609794851482873,-0.001714676121077792,-0.001746303364070497,0.09888050854379439
2021-03-29,0.009078477322122285,0.0032128392808823056,0.005865638041239983,0.09521320620564784
2021-03-30,0.007469106235502319,0.0025136299975189852,0.004955476237983333,0.09610369920661033
2021-03-31,0.006580076251783542,-0.0003624192789898964,0.006942495530773439,0.08503064757331932
2021-04-01,0.006585349470570091,0.0009026662533143078,0.005682683217255783,-0.024936903492113107
2021-04-02,0.0056557478995747645,-0.001457211984417811,0.007112959883992576,-0.0019918917086424607
2021-04-05,-0.0018516184169152248,-0.0013233980311196849,-0.0005282203857955407,-0.1176449847373467
2021-04-06,-0.00016782642831555418,-0.0006149713786894676,0.00044714495037391673,-0.15232675922493777
2021-04-07,-0.0080305980769406,-0.0008725791877198848,-0.007158018889220715,-0.08579566839816463
2021-04-08,-0.009899106891381253,-0.00041977892197130745,-0.009479327969409947,-0.013244134807331043
2021-04-09,-0.005186199803926127,-0.0014392999534664237,-0.0037468998504597045,-0.007775755500730379
2021-04-12,-0.0008923770843546116,-0.0018749453806987844,0.000982568296344171,0.024111023312887496
2021-04-13,-0.0005309342481325564,0.0005437539491863044,-0.0010746881973188595,0.02488966664217719
2021-04-14,0.0016216044188035444,-0.0015059399260315444,0.003127544344835088,0.05676664217061894
2021-04-15,0.0014503537460803981,0.00032895786650203283,0.0011213958795783657,0.060888923647885465
2021-04-16,0.003528950227726566,-0.0011269702141480714,0.004655920441874637,0.01429880399415477
2021-04-19,0.003390212950929566,0.0038618700637691045,-0.0004716571128395401,-0.009841163339995787
2021-04-20,0.0007919710545854043,0.00465013476658542,-0.0038581637120000192,0.13729752174328375
2021-04-21,-0.000615160006523933,-0.0007749588216248091,0.00015979881510087834,0.12308945487293826
2021-04-22,0.009544322111542297,0.0025472820599279043,0.006997040051614393,0.0730893042207001
2021-04-23,0.008985274774622869,0.001778800855598544,0.007206473919024334,-0.002212839811979964
2021-04-26,0.004154269682532764,-9.394108306696146e-05,0.0042482107655997265,-0.08764206280048564
2021-04-27,-0.00013167412682206956,-0.0007255338435480979,0.0005938597167260283,0.022606070468412648
2021-04-28,-0.0047210604991566206,-0.0015858899360902505,-0.003135170563066371,-0.015538667645879368
2021-04-29,0.001129065042908023,0.002466857688289077,-0.0013377926453810546,0.09184113492302602
2021-04-30,-0.0009473584237332765,0.0013714571064517367,-0.0023188155301850128,-0.08119070375962914
2021-05-03,0.0058557279110300915,0.00271892194660113,0.0031368059644289598,-0.13009473532598564
2021-05-04,-0.005247822079205336,0.0007570011043425626,-0.006004823183547902,-0.1304446811943448
2021-05-05,-0.009052100720123477,-0.006157847120869659,-0.002894253599253816,0.10213513836337511
2021-05-06,-0.009331960634247441,-0.004271126697564997,-0.005060833936682445,0.07436283846789697
2021-05-07,0.0071287589629672535,0.0033072467643462493,0.003821512198621004,0.04899972762514216
2021-05-10,0.004868235162603795,0.004368585561097652,0.0004996496015061431,-0.022196044628372314
2021-05-11,0.003173969134709404,0.0024740282395841647,0.0006999408951252374,-0.07739490879856126
2021-05-12,-0.0014569935955577942,0.0001922930007871096,-0.0016492865963449108,0.0264642301246993
2021-05-13,-0.005153669301683716,-0.003108088034759836,-0.0020455812669238765,-0.010400620036784464
2021-05-14,0.0017634550810329275,0.001567934813890219,0.00019552026714270837,-0.05617238437356789
2021-05-17,-0.0006781829237883833,-0.000482440043201136,-0.00019574288058724944,0.09438178605730872
2021-05-18,-0.003441001998708661,0.0010092608298371709,-0.004450262828545831,0.1574376986729287
2021-05-19,0.006283730695584406,0.0031971641773747995,0.003086566518209606,-0.052540978694511575
2021-05-20,0.010807311512267364,0.0024904426001851393,0.008316868912082226,0.08431107250366877
2021-05-21,-0.003552704179692346,-0.0005102987018455341,-0.0030424054778468122,0.06010447574544657
2021-05-24,0.005642035589311906,0.003161003736059924,0.002481031853251982,-0.0680655406478972
2021-05-25,0.0040959332427304386,0.003498899766485622,0.000597033476244816,-0.0226539848839544
2021-05-26,-0.004590350452996099,-0.002835704108994708,-0.001754646344001391,0.019632287318233008
2021-05-27,-0.0014872077834550703,-0.000912582981484597,-0.0005746248019704754,0.10751124093001145
2021-05-28,0.0013798271153879428,0.004125451695111813,-0.002745624579723871,0.04435513013493579
2021-05-31,0.007218713915176802,0.002274200901979147,0.004944513013197656,0.09012240155305891
2021-06-01,0.0033015338194943428,0.00351826926438408,-0.00021673544488973705,0.002532535940798395
2021-06-02,0.006074836088434508,0.0012041966302754024,0.004870639458159107,-0.008842356976134556
2021-06-03,0.00020203225110711556,0.001694126769171602,-0.0014920945180644874,0.15385227807524957
2021-06-04,-0.0007179674905847437,0.0008647422981214736,-0.0015827097887062165,0.15171748658218354
2021-06-07,0.011092217641937536,0.0035961238851610414,0.0074960937567764944,-0.08451760268224251
2021-06-08,0.012583851529484488,0.005697018020989535,0.006886833508494953,0.028071851994605223
2021-06-09,-0.00599354127702134,-0.003284181936451324,-0.0027093593405700164,-0.03638815250794837
2021-06-10,0.0021486794635527523,-0.0017986770107928166,0.003947356474345569,-0.04046851286236781
2021-06-11,-0.0027674836295024023,-0.0053189764197155,0.0025514927902130988,-0.02379357757505675
2021-06-14,-0.002663721306414195,0.0009640758847861437,-0.0036277971912003406,0.0073063256945177
2021-06-15,-0.0015913309206243725,-0.0030951930985032867,0.001503862177878913,-0.0030036794999301402
2021-06-16,0.0006047853933043277,-0.0011829461966977248,0.001787731590002048,-0.10692755945321229
2021-06-17,-0.0002157700577487961,-0.0015930202382480642,0.0013772501804992666,0.02554094820309788
2021-06-18,-0.008337762338163586,-0.004255039886939038,-0.004082722451224555,0.07325023775601487
2021-06-21,0.0023468017107366045,0.003411641169155988,-0.0010648394584193872,-0.025375595070841705
2021-06-22,0.006994892911200481,-0.00028016155500160816,0.00727505446620209,0.09368118752850081
2021-06-23,-0.0021533449531416725,-0.001314661874191778,-0.0008386830789498968,-0.11031277310918393
2021-06-24,0.0070561923752249095,0.0024770696708246095,0.004579122704400307,0.016423668186433014
2021-06-25,-0.00805944750944916,-0.0029080504215268106,-0.00515139708792235,0.026741457123659315
2021-06-28,0.0011973675234924308,-0.0002959284547138716,0.0014932959782063028,0.044511777069137684
2021-06-29,0.0017688018614498602,0.003366728275134203,-0.0015979264136843398,0.0007189957107859827
2021-06-30,0.002774829935054227,0.001818372068814687,0.000956457866239541,0.046339615447511404
2021-07-01,5.142248041446512e-05,-0.0016453145997449902,0.0016967370801594564,-0.062320740641270446
2021-07-02,0.002737669561149208,0.0016606639844664204,0.0010770055766827881,-0.057381792905501314
2021-07-05,-0.0041842386864811175,-0.0037656533737045507,-0.00041858531277656676,0.05769928621916608
2021-07-06,-0.003796150884193346,-0.0009780672630076092,-0.0028180836211857373,0.06378859582456543
2021-07-07,0.0037100142757965937,-0.0008349558938871727,0.004544970169683767,0.0026851643136321696
2021-07-08,0.003862618182054075,0.0010026542347062947,0.0028599639473477793,0.03489655580172157
2021-07-09,0.00018094351283537706,-0.00019962138047409025,0.00038056489330946797,0.04029200216222681
2021-07-12,0.0020562546993415894,-0.00041261587534862157,0.00246887057469021,-0.06574947968782426
2021-07-13,0.0023735806431836714,0.00039613950844714224,0.001977441134736531,0.018063561669019606
2021-07-14,-0.004337700204077371,-0.005902056176689985,0.0015643559726126119,0.060110444730629646
2021-07-15,0.0010369825853602868,0.0030264717932891455,-0.0019894892079288552,-0.04485507201970298
2021-07-16,0.003573952782268133,0.0013497470864300316,0.0022242056958381023,0.045316275221298566
2021-07-19,-0.0026530730648445387,0.00031404425093295874,-0.002967117315777497,0.04673720643064581
2021-07-20,0.0029374629612792984,0.0006177428126286719,0.0023197201486506256,0.06023036041529001
2021-07-21,0.0029480236074494845,-0.00047768185186605923,0.003425705459315545,-0.0044862976176461835
2021-07-22,0.00366902168234892,0.0017823200389539898,0.0018867016433949304,0.026213631250322625
2021-07-23,-0.0002994339669628208,-0.002156295223361931,0.0018568612563991094,-0.009525024486345476
2021-07-26,0.001525914716043129,-0.0015035667110681137,0.0030294814271112427,0.061452466407363744
2021-07-27,-0.0005952670241092498,-0.0003405579015136946,-0.0002547091225955545,-0.006707223626117461
2021-07-28,0.0033490852942099957,0.001451168871147121,0.0018979164230628746,0.03247127171810408
2021-07-29,-0.00042762732873622724,0.00010338499190325201,-0.0005310123206394776,-0.007646344840610669
2021-07-30,0.0018788760703464299,0.00033345532135260064,0.001545420748993831,-0.03251364563678895
2021-08-02,-0.0005210790747932848,-0.0008255041332770824,0.00030442505848379646,0.1069474837086796
2021-08-03,-0.0020447159803142585,-4.6837457512972046e-05,-0.0019978785228012873,0.013041831630698462
2021-08-04,0.0068687336063369365,0.0015080056976608846,0.005360727908676051,-0.06401172673947737
2021-08-05,0.0008870446510010855,0.0003021498723930621,0.0005848947786080243,0.008567203971241952
2021-08-06,-0.0040672929936272206,-0.002036923881026917,-0.002030369112600303,0.13184752353249485
2021-08-09,0.0006287557866655722,0.0003927517145446372,0.00023600407212093742,-0.03780675156585505
2021-08-10,0.008541900724279922,0.002183918932214571,0.006357981792065352,-0.0991274507592197
2021-08-11,-0.0022532742643012536,-0.00032565924277412617,-0.0019276150215271261,-0.05984721167293608
2021-08-12,-0.006373824076316014,-0.00469453778601521,-0.0016792862903008063,-0.04253148708052416
2021-08-13,-0.003921432011004539,-0.0018272527162753096,-0.002094179294729227,-0.011319770388065498
2021-08-16,-0.003019660716519892,-9.404884066810393e-06,-0.003010255832453082,0.10515519676016753
2021-08-17,-0.0007502498896741869,-0.0011690222797624966,0.00041877239008831016,0.05631185549362752
2021-08-18,0.008361200143260908,0.004221954359425939,0.004139245783834965,0.02504355501931267
2021-08-19,0.0034772869039280904,0.0009673207155144505,0.0025099661884136412,0.06409289739103599
2021-08-20,0.0016489962418947041,-5.323279357063586e-05,0.00170222903546534,0.08146502424913689
2021-08-23,0.004670728165012271,0.0024884641588490616,0.0021822640061632103,-0.16400914794838717
2021-08-24,0.005574266804307401,0.0022325402025809814,0.00334172660172642,-0.07962656197022751
2021-08-25,-0.010058239375901615,-0.00522257121663245,-0.004835668159269167,0.029816780423904246
2021-08-26,-0.005206168318483383,-0.002055074120206387,-0.0031510941982769956,0.04948358102030424
2021-08-27,0.0020490710881356285,0.0008838785890683758,0.001165192499067254,0.09543360693414192
2021-08-30,0.003208108891409721,0.0017719566566245584,0.001436152234785163,-0.03383963195771061
2021-08-31,0.006231639241933042,0.0027219947302493455,0.003509644511683693,-0.07891359394648839
2021-09-01,-0.002158220334144617,0.0007435013995385382,-0.002901721733683157,-0.08416249574692301
2021-09-02,-0.005945384970663168,-0.004291052162522587,-0.0016543328081405802,0.005341815229496182
2021-09-03,-0.00687666882956969,-0.0035170417339803924,-0.003359627095589299,0.061667191128735324
2021-09-06,0.0003641510315935091,0.003470319312221193,-0.0031061682806276837,0.027628228593858075
2021-09-07,0.0041430939700091395,0.003651194175547044,0.0004918997944620956,0.028533472897290427
2021-09-08,0.0016763645446723073,0.00015889123874529391,0.0015174733059270147,0.013214206297213055
2021-09-09,0.0018274038282870071,0.0021650763257927406,-0.00033767249750573346,0.11494322879325707
2021-09-10,0.0007588472059025092,0.0011162951745962643,-0.0003574479686937553,0.016578104669528568
2021-09-13,0.007661035298928029,0.0023792805261195656,0.005281754772808464,-0.15560931221083585
2021-09-14,0.0009163092346451437,0.00037876917956855376,0.0005375400550765921,-0.018506814985340285
2021-09-15,-0.009914036475588625,-0.0029144095051333125,-0.006999626970455313,-0.0576815776198889
2021-09-16,-0.001089613832550192,0.0007028594234196094,-0.001792473255969801,0.03975608103657176
2021-09-17,-0.003627040144187188,-0.0017423813432184947,-0.0018846588009686933,0.02476239746236012
2021-09-20,0.0025539547838983115,0.0001392981889727649,0.0024146565949255457,0.014470103114250085
2021-09-21,0.0016831642304261608,-0.0014506790036983574,0.0031338432341245157,0.022451013328043914
2021-09-22,0.000994797537120019,-0.0017340273775815103,0.002728824914701531,0.11647017980320788
2021-09-23,0.0014169934067920023,0.0011482817781721232,0.000268711628619878,-0.08426761523466042
2021-09-24,0.008196257783582832,0.0022983765492006984,0.005897881234382132,-0.023056717706738967
2021-09-27,-0.005403371125889319,-0.0019781690721900145,-0.003425202053699304,-0.06596942829779727
2021-09-28,-0.0013665410801994879,-0.001022659751776482,-0.0003438813284230057,0.09980861146310323
2021-09-29,-0.0037245103751532534,-0.0012062387849642367,-0.002518271590189016,0.11532912881508221
2021-09-30,0.006046296877644907,0.002471709371095256,0.0035745875065496518,-0.06085675682165185
2021-10-01,0.00700694158342622,0.003131898281696332,0.0038750433017298866,-0.0409016664715303
2021-10-04,-0.003642020004841754,-0.0005662549930851484,-0.0030757650117566064,0.03232962065597729
2021-10-05,-0.0024740296334936386,-0.0010086570698822203,-0.0014653725636114183,-0.15321401132431814
2021-10-06,0.0017760043436790772,-1.3473831384696287e-05,0.001789478175063773,0.16400542253732336
2021-10-07,-0.009667315476558299,-0.0048379288405632,-0.004829386635995099,0.08251506893468825
2021-10-08,0.010965218254521774,0.0042782130623576055,0.006687005192164166,-0.042816657199683195
2021-10-11,0.0050547345055276275,0.0010784961478357176,0.00397623835769191,0.16037920315708445
2021-10-12,-0.0025543780593673794,0.0006930464199689655,-0.003247424479336345,0.12854024879677095
2021-10-13,0.00986431665348737,0.003883752315759416,0.005980564337727954,0.1496256321928822
2021-10-14,0.008907960968606243,0.003075744944142287,0.005832216024463957,0.027508999369412458
2021-10-15,0.00985611549159331,0.0030031154837152907,0.006853000007878018,0.08973389081840538
2021-10-18,0.0016126965987765043,0.000991616264075291,0.0006210803347012125,0.1417944853360737
2021-10-19,0.005773557158050363,0.0013222983197149353,0.0044512588383354285,0.008928788137698842
2021-10-20,0.010256255435447496,0.0026239581439838136,0.00763229729146369,-0.12425119104747974
2021-10-21,0.0005176059593931474,0.0003522817462549596,0.00016532421313818733,-0.037275346022408944
2021-10-22,-0.007708850832710961,-0.002521258371502884,-0.005187592461208075,0.008438504111602848
2021-10-25,-0.002355162182881148,-0.0012781896500955476,-0.0010769725327856002,0.052614759877988936
2021-10-26,0.00047583887442046726,0.00037530732528119615,0.00010053154913927144,0.07145155882695196
2021-10-27,0.0029793702308926286,0.00115060454932172,0.001828765681570909,0.0950823675300576
2021-10-28,0.0036124118258298137,0.0011462217441570444,0.0024661900816727693,0.011398623828804792
2021-10-29,0.004737265212626769,-5.627742320058957e-06,0.0047428929549468285,-0.05607901044965792
2021-11-01,0.0005816864410023784,-0.0001845841671432153,0.0007662706081455933,-0.08992282439305647
2021-11-02,-0.002526247270607774,-0.0021244251282156734,-0.0004018221423921012,-0.01262188167037699
2021-11-03,-0.006023508740410234,-0.0037398919656524768,-0.002283616774757753,-0.06614952894318671
2021-11-04,-0.0007267959860919226,-0.000858026680776898,0.00013123069468497575,0.09510860337167752
2021-11-05,-0.0035963198831385937,-0.0014508430410938456,-0.0021454768420447468,0.0023708865083796426
2021-11-08,0.00490692115865124,0.003674361828231292,0.0012325593304199477,0.013874080843473809
2021-11-09,0.00011447165318918514,0.0008289726196284986,-0.000714500966439313,-0.049996166140775164
2021-11-10,0.0007130714593564331,0.000661250720619577,5.182073873685614e-05,0.1312666244426453
2021-11-11,-0.002494566809553833,-0.002991426508161834,0.0004968596986080001,0.01628630428224852
2021-11-12,0.008236622535014403,0.0021614074476826346,0.006075215087331772,-0.11874873679507006
2021-11-15,0.0008507474232400298,0.0001854198397244211,0.0006653275835156076,0.028992127870833145
2021-11-16,-0.0065351738038521585,-0.005430319395379364,-0.0011048544084727961,-0.09113038665964923
2021-11-17,0.0016396023358427074,-0.001647336059520223,0.0032869383953629296,-0.1401328996980678
2021-11-18,-0.005381180467049246,-0.0025920689121374223,-0.0027891115549118243,0.12842755112323528
2021-11-19,-0.0095595027117786,-0.004622202663602177,-0.0049373000481764216,0.19004314864096633
2021-11-22,0.007662951715672047,0.0045215079603110305,0.003141443755361018,0.040686440367879204
2021-11-23,0.011059202228857017,0.005866820543058135,0.005192381685798886,-0.0021146761789462725
2021-11-24,0.002435736921429827,-0.0002467273981080452,0.0026824643195378726,-0.04810438011744648
2021-11-25,-0.00011955034165821903,-0.00026108227262490805,0.00014153193096668945,-0.026264200225867965
2021-11-26,-0.0027469756914799423,0.0006597127619149823,-0.003406688453394929,0.02740005623664102
2021-11-29,-0.0014405661008449265,0.0002214190917568734,-0.0016619851926017995,-0.009045270520209201
2021-11-30,0.0016037307172520503,0.0006394107916927209,0.0009643199255593296,-0.10586313993634959
2021-12-01,-0.0005072093348732717,0.0005165564121804829,-0.001023765747053755,0.05045866984009325
2021-12-02,-0.006078546720920239,-0.0019911368387784145,-0.004087409882141825,0.13904324240480326
2021-12-03,0.0031357879270714015,-0.00019905237479907537,0.003334840301870475,-0.08623438428199061
2021-12-06,0.009389575577673514,0.0027172361520215326,0.006672339425651981,0.005072697937647696
2021-12-07,-0.006184008885742463,-0.000418474875283608,-0.005765534010458852,-0.07883394885679826
2021-12-08,0.0003455565025029245,-0.0001324266724503568,0.00047798317495327997,-0.09059108978443198
2021-12-09,-0.005187984373042732,-0.002901040219686471,-0.0022869441533562573,0.09422162418392992
2021-12-10,-0.007450073339175755,-0.00027469679513698365,-0.007175376544038771,0.08721539536670224
2021-12-13,0.005770028852527521,0.0011289417430563019,0.004641087109471222,0.11298438265449957
2021-12-14,0.005080827193254993,0.002703685994906165,0.002377141198348828,0.18234458324247613
2021-12-15,0.006366834623891237,0.001806936520414565,0.0045598981034766705,0.0750498822317186
2021-12-16,0.009687666605672962,0.0045704927642909975,0.005117173841381963,-0.05927840342501713
2021-12-17,0.004596046316100768,0.004322644266657585,0.00027340204944318117,0.008972829273472382
2021-12-20,-0.0028482014261021313,-0.0009506996740064566,-0.0018975017520956746,0.03531954506230041
2021-12-21,0.00045297695011914103,0.0013436101388385878,-0.0008906331887194479,0.12717189075093224
2021-12-22,0.0022179985778377465,0.0019268132089306613,0.00029118536890708523,-0.07807580330430601
2021-12-23,0.008216486053399148,0.0022912657392041864,0.005925220314194964,-0.0051498911951017865
2021-12-24,-0.005682131311109501,-0.0006751567975015725,-0.0050069745136079305,0.019489344759427506
2021-12-27,-0.00030920359464875003,-0.0009041737292787393,0.0005949701346299879,-0.06891660490144869
2021-12-28,0.001066526522147527,0.0002206398953883519,0.0008458866267591755,0.04893684680893072
2021-12-29,-0.003742255503143446,0.0008132655122756807,-0.004555521015419126,-0.09281711567246012
2021-12-30,0.0025978353236233253,0.0006342611137163529,0.001963574209906971,0.12101618469923565
2021-12-31,-0.005154389427791537,-0.0017689794389205713,-0.0033854099888709654,0.1470977839304252
2022-01-03,0.006783377465777834,0.0010791774892814684,0.005704199976496365,-0.02397132560339911
2022-01-04,0.008610397776807714,0.0016891491261458282,0.006921248650661886,0.0878362363625764
2022-01-05,-0.0011545133055568563,0.0007233983478704101,-0.0018779116534272666,-0.02332455881382697
2022-01-06,0.00489864349329513,0.001675508286257673,0.003223135207037456,0.0040964109065404495
2022-01-07,-0.0011820946920719547,-0.0001722169678476139,-0.0010098777242243408,0.10110680691461156
2022-01-10,0.00024152985059600388,0.0006003453715095232,-0.0003588155209135191,-0.09841206205286433
2022-01-11,0.00520941023076373,0.0021455133297997387,0.003063896900963991,-0.06388457272648039
2022-01-12,-0.005661678997632095,-0.002677259499898105,-0.0029844194977339897,-0.07611244608233557
2022-01-13,-0.003708873980923931,-0.0027036401053967974,-0.0010052338755271338,0.07135703236670064
2022-01-14,-0.004561696585032877,-0.0009577330094707182,-0.0036039635755621604,-0.006978550661304471
2022-01-17,0.0042558361861938,-0.00039134904946381936,0.00464718523565762,0.01974092024194488
2022-01-18,-0.00041463706945803463,0.0007231723810021077,-0.0011378094504601419,0.04395702567609882
2022-01-19,0.001014043587621558,-0.0012027545910583302,0.00221679817867989,-0.022804182112509563
2022-01-20,0.0024653091917165677,0.0004550213062126001,0.0020102878855039674,-0.06080480881512468
2022-01-21,-0.0014848186824628208,-0.000921215916577919,-0.0005636027658849022,0.020406729460671572
2022-01-24,-0.004110947529562839,-0.0009271665667733024,-0.0031837809627895367,0.10358273609663937
2022-01-25,0.0012207608601241663,0.0008457981220937713,0.00037496273803039543,-0.1998125704283915
2022-01-26,0.005781083553629233,0.0022347927398096686,0.003546290813819564,0.036035095076133825
2022-01-27,-0.011651458962053739,-0.004187425746089263,-0.007464033215964476,0.21326224707463481
2022-01-28,0.002078487430196843,0.002288843420663135,-0.0002103559904662912,-0.17653550913263757
2022-01-31,0.012642874951025087,0.004804575646585021,0.007838299304440065,-0.1196042600582224
2022-02-01,-0.008434223387754465,-0.004397498051403294,-0.004036725336351171,0.039882149448701186
2022-02-02,-0.006629440603244828,-0.0023409792478943873,-0.00428846135535044,0.1373228634785679
2022-02-03,0.00240369208237137,0.0011759439489416998,0.001227748133429669,0.08671656654786603
2022-02-04,0.008182348346235605,0.0036294428900251682,0.004552905456210439,-0.019275459111250268
2022-02-07,0.004642154503597842,0.0005875943406291823,0.00405456016296866,0.07136524225815766
2022-02-08,-0.0009048190676059802,-0.000951396567789517,4.657750018353772e-05,0.06662976369360261
2022-02-09,0.0039846687051642345,0.0004883330264065927,0.0034963356787576427,0.08067661535204224
2022-02-10,0.003100714517802908,0.0023925106591839596,0.0007082038586189478,0.01682163159823929
2022-02-11,0.005618810926815421,0.0032328427938565184,0.0023859681329588996,0.10891456853073826
2022-02-14,0.0009768362654749476,0.0012268362291013258,-0.0002499999636263782,0.0643149857478133
2022-02-15,0.0059709410331582795,0.0008205191381265341,0.005150421895031745,-0.039881481999159044
2022-02-16,0.0038292161504327182,-0.0014315823884875167,0.005260798538920234,-0.018556903912982026
2022-02-17,-0.0020385952051908277,-0.000717666501911427,-0.0013209287032794016,0.019977303153634177
2022-02-18,-0.0008357175073952699,-0.001082583563628459,0.000246866056233189,0.004305750380618399
2022-02-21,0.0009942780709470919,6.316664924645686e-05,0.0009311114217006328,-0.022406205811625182
2022-02-22,0.00018347766255939334,-0.0001449538549055733,0.00032843151746496694,0.0397735955478412
2022-02-23,-0.0011412827436313652,-0.0007920334843227695,-0.0003492492593085957,0.14061982309090196
2022-02-24,0.002008847277296183,0.0005604085664998731,0.0014484387107963088,0.08061181160639873
2022-02-25,0.006773537414814582,0.000819021964392895,0.005954515450421686,0.12157049160361104
2022-02-28,0.003775132451907719,0.0019286525994924777,0.001846479852415241,0.04431876523813322
2022-03-01,0.006303076249708904,0.001816513086751308,0.004486563162957599,-0.02851550515948984
2022-03-02,0.001885794243547617,0.001763927710584064,0.00012186653296355002,-0.0010953870617219593
2022-03-03,-0.0016505151369622184,0.0007822437115443791,-0.0024327588485065967,-0.059357478019391625
2022-03-04,-6.820368610315668e-05,0.0008769646442763502,-0.0009451683303795064,0.11091164103582866
2022-03-07,-0.0029864167729958657,-0.0004072047605453398,-0.0025792120124505276,-0.04653040921992588
2022-03-08,0.005974561856406788,0.0030064310304304476,0.002968130825976341,0.008845758582332636
2022-03-09,-0.0025107774372529713,-0.0005082028246485543,-0.0020025746126044173,-0.03873750298490836
2022-03-10,0.0004933047566054543,0.0006036350734337889,-0.00011033031682833533,0.03560288817122623
2022-03-11,-0.0019569943663635707,-0.0009068662275655308,-0.0010501281387980408,-0.046458956347284065
2022-03-14,0.0018609292584420407,-0.00044938821615754174,0.002310317474599583,0.09320479290227196
2022-03-15,-0.002266482977397515,-0.001015969315772261,-0.0012505136616252563,-0.037682489552381467
2022-03-16,0.004506137920165726,0.001681097266363347,0.0028250406538023786,0.029858929615065123
2022-03-17,-0.002135564551875626,-0.0008665313572010364,-0.00126903319467459,-0.1734594090389079
2022-03-18,0.0014338024243478074,0.0005192003311298068,0.0009146020932180012,0.12945035805782984
2022-03-21,-0.010264994562836017,-0.002321294498716318,-0.007943700064119697,0.1599978685447533
2022-03-22,0.007096619836411313,0.0021253564733399455,0.004971263363071368,-0.08719263878178096
2022-03-23,0.009692099420592338,0.004017766429715587,0.00567433299087675,-0.008099129299364167
2022-03-24,-0.0045181460196575965,-0.0012968982961981956,-0.0032212477234594035,0.011006654922625255
2022-03-25,-0.00038163269026723185,-0.0008538555400399578,0.0004722228497727266,0.16630266850822004
2022-03-28,0.0004716809004506727,0.00013857237122704758,0.00033310852922362503,-0.15420328397963382
2022-03-29,0.007834683089288646,0.001966885258715031,0.005867797830573616,0.04899724274513756
2022-03-30,-0.006515919720001397,-0.0020540149989138642,-0.004461904721087534,0.020244798875324172
2022-03-31,0.0022776663839274786,4.244906946220678e-05,0.002235217314465271,-0.07224952698698577
2022-04-01,0.0008824584934258571,0.001025061981274852,-0.0001426034878489954,-0.11859012278548958
2022-04-04,-0.003793339792063744,0.0010005335975974486,-0.004793873389661193,0.10613823371071462
2022-04-05,-0.00625642458029176,-0.0016312097836170421,-0.0046252147966747165,0.10639939779663693
2022-04-06,0.004601211067234186,0.00018547459035513764,0.004415736476879048,0.043986318908697884
2022-04-07,0.0054745312573973165,0.000808754210953592,0.004665777046443724,-0.06409701912866134
2022-04-08,0.0020511235840643214,0.0004729773620625842,0.0015781462220017355,-0.014056203157687183
2022-04-11,-0.0031488547764079683,0.00048191477275548456,-0.0036307695491634515,0.045621577781099806
2022-04-12,-0.0006673753981038184,-0.0010398550894043426,0.0003724796913005249,-0.09684135326074908
2022-04-13,0.002151057352432471,0.0007824362787126424,0.0013686210737198293,0.010285585897002006
2022-04-14,-0.005546562850080888,-0.001392484113833697,-0.004154078736247191,0.03799684770789433
2022-04-15,0.0005102489654891529,-0.0007516210240676915,0.001261869989556845,-0.04534566340970382
2022-04-18,0.001988261709220272,4.6948845211415395e-05,0.0019413128640088564,-0.19402186901606874
2022-04-19,-0.0020771922957361303,-0.0012104115825422486,-0.00086678071319388,0.024294409499224078
2022-04-20,-0.011744838431482857,-0.0019884210044775214,-0.009756417427005337,0.04266150097230182
2022-04-21,0.0013971592192877154,0.000788776449793153,0.0006083827694945629,-0.006271555022334219
2022-04-22,0.002363222500712968,0.0006531643548920146,0.0017100581458209547,-0.08175843830810717
2022-04-25,-0.00033909442692875457,0.0007841020217220773,-0.0011231964486508317,-0.0045583279024800786
2022-04-26,-0.004573268156043067,-0.0008717599316550746,-0.0037015082243879913,-0.0595225841461716
2022-04-27,-0.0002611063741495014,0.0010968795859560027,-0.0013579859601055041,0.09117036465453006
2022-04-28,-0.003984963784874159,-0.0006278975097681627,-0.0033570662751059976,0.02992396802709506
2022-04-29,0.005901439696567913,0.0008512466449371817,0.005050193051630732,0.13408735246568704
2022-05-02,0.001610101196746314,0.0004963808886601926,0.0011137203080861212,-0.12137299515313234
2022-05-03,0.006949607324120063,0.002041346263873825,0.004908261060246237,-0.18526976687288865
2022-05-04,-0.006531645459972659,-0.0009032845040390647,-0.005628360955933595,-0.1511366546427141
2022-05-05,-0.01171282755442781,-0.0032840672102330826,-0.00842876034419473,-0.07562618457885158
2022-05-06,-0.010469322777312088,-0.004976526873644556,-0.005492795903667531,0.0012736947454337543
2022-05-09,-0.005319937763129771,-0.0025863389920376873,-0.0027335987710920837,0.1987684881949131
2022-05-10,0.00012050688967059288,-7.883986573995264e-05,0.00019934675541054617,-0.13108747046783512
2022-05-11,0.013716542285362097,0.0040572142527234845,0.009659328032638614,-0.16449798595465964
2022-05-12,-0.008330113604198443,-0.0022518945981627137,-0.0060782190060357285,0.08713629909167142
2022-05-13,-0.011099491014846299,-0.0036833092708594747,-0.007416181743986824,0.010705848680696867
2022-05-16,0.005286334598614904,0.0023301283216396575,0.0029562062769752477,0.20261210527080523
2022-05-17,0.000620367339680603,-0.00027913293544634026,0.0008995002751269441,-0.034519956613383126
2022-05-18,0.013332270829674073,0.005127291567608879,0.008204979262065194,-0.17321430511783215
2022-05-19,-0.00201840012376152,-0.0016103152472341305,-0.00040808487652739056,-0.2595564745374777
2022-05-20,-0.010305019433211996,-0.0030229251515207804,-0.007282094281691213,0.13026702713463004
2022-05-23,-0.01645223729299793,-0.004679385749345007,-0.011772851543652924,-0.08022751347414461
2022-05-24,0.010213804996536516,0.0029783185186942583,0.007235486477842262,0.01711489042328121
2022-05-25,-0.005814745769610034,-0.0007427101540729425,-0.005072035615537092,0.10255329459210455
2022-05-26,0.0013040601921223856,8.68903904197027e-05,0.001217169801702684,0.11933052929251084
2022-05-27,0.009121651495646536,0.002327180478452623,0.0067944710171939145,-0.018476337604226904
2022-05-30,0.009381002053575524,0.0010159096961130283,0.008365092357462495,-0.04331377333714871
2022-05-31,-0.0015549875064451582,0.0025183505936960324,-0.004073338100141197,0.03364205116793791
2022-06-01,-0.003555879580588381,-0.0012935725743543841,-0.0022623070062339984,-0.06290379117005789
2022-06-02,0.002469900916387826,0.0012642066358133615,0.0012056942805744658,0.05923425644619336
2022-06-03,-0.003897802364044187,-0.00019663066301129403,-0.0037011717010328937,0.08198876854194323
2022-06-06,0.0033951120431093924,0.0008129336560981169,0.0025821783870112747,0.020115996070279918
2022-06-07,0.004714873739020471,0.0012822197630269093,0.003432653975993561,-0.007779590960218604
2022-06-08,0.0011754337058266467,0.00025919267697200373,0.000916241028854643,0.038261752319077386
2022-06-09,-0.0004261122225773964,-0.00161153811696544,0.0011854258943880432,0.03254890970819092
2022-06-10,0.00234221737990135,-0.0005063804838846735,0.002848597863786023,-0.012727670697823363
2022-06-13,0.0018617746524718787,-0.0030705926179742174,0.0049323672704460995,0.052597947078205975
2022-06-14,-0.0007246670568248207,0.0006934644319483794,-0.0014181314887732003,0.12052933497703952
2022-06-15,0.0033651159067897723,0.0035545630670325117,-0.00018944716024273892,0.022284330397345828
2022-06-16,0.006995358749719288,0.002445547417792979,0.004549811331926307,0.0357910262140844
2022-06-17,0.0012519972703260304,-0.0005256520821867615,0.0017776493525127918,0.05538046424533477
2022-06-20,0.0017363956380101857,-0.00022569977055338433,0.0019620954085635706,0.003979772572566964
2022-06-21,0.0024274761072788425,0.002185481091309825,0.0002419950159690174,0.03544098545334217
2022-06-22,0.00018368384100314464,0.0003347772614351917,-0.0001510934204320474,0.00040026875475381404
2022-06-23,0.0021868898066241564,0.0032641523829981976,-0.001077262576374042,-0.02209979807798727
2022-06-24,2.5270447215041834e-05,0.003016286370507139,-0.0029910159232920956,0.10707091124080684
2022-06-27,-0.0012758060814100241,0.0027598289081368164,-0.00403563498954684,0.07731231045732878
2022-06-28,0.006478938184183705,0.00447297648387537,0.002005961700308335,0.14936219399766665
2022-06-29,0.004630930452049253,0.004575032731847007,5.589772020224773e-05,-0.09491952525807998
2022-06-30,0.009525614166352496,0.002189459851840457,0.007336154314512038,0.006331796925358653
2022-07-01,-0.004951431224860322,-0.0002973810283267938,-0.004654050196533528,0.0038974964587867424
2022-07-04,0.00034381953767521694,-0.0016357469319552842,0.0019795664696304997,-0.040703088424860624
2022-07-05,0.00023089324402146804,0.003213071011092415,-0.0029821777670709457,0.054050660576599935
2022-07-06,-0.0022101281428641667,-0.0025453427953931124,0.00033521465252894485,0.04937805981842825
2022-07-07,0.0029568564077208114,0.0033567937179464127,-0.00039993731022560167,0.08691927845262146
2022-07-08,0.003071677868093812,0.0021279808541231774,0.0009436970139706348,0.1444943540642825
2022-07-11,0.004222075449794738,0.002737377312935173,0.0014846981368595656,-0.007027907803772884
2022-07-12,0.008142211677114647,0.003933345084560683,0.004208866592553964,0.016517059692738954
2022-07-13,-0.00042174449214750216,-0.002147643923448943,0.001725899431301441,-0.14810195845142218
2022-07-14,0.0008487563352158971,0.0013777418800866373,-0.0005289855448707415,-0.02667122762614465
2022-07-15,-0.009402344379093798,-0.0034939884204401098,-0.005908355958653689,0.0027650363514245125
2022-07-18,-0.0014899266542700723,-0.001250547396788683,-0.00023937925748139088,0.03686541528590013
2022-07-19,0.00017788670400071638,-0.0012531839029441688,0.0014310706069448863,0.09601016387545029
2022-07-20,0.002517842997329233,-0.00023613700468459384,0.0027539800020138262,0.07362599330103223
2022-07-21,0.0052400820820845215,0.002924152892796475,0.0023159291892880414,-0.046852630255464614
2022-07-22,0.004254316706832685,0.0012073425592071902,0.0030469741476254943,-0.041148972106020185
2022-07-25,-0.0025230345135877873,-0.00036351465874288544,-0.0021595198548449,0.10241087926453975
2022-07-26,-0.002219379547398178,-0.0005109074193473326,-0.0017084721280508433,-0.08357021297157483
2022-07-27,0.006018533815137397,0.0028921769338752807,0.0031263568812621174,0.03586424134396974
2022-07-28,-0.004238931154559021,-0.0023773644393616953,-0.001861566715197326,-0.027031898767198973
2022-07-29,0.0017847754578032607,0.0009510003685237389,0.0008337750892795223,0.03043773030986297
2022-08-01,-0.0011799347920396122,0.0006450386772761947,-0.001824973469315807,0.043944038729200614
2022-08-02,0.0013790558711228302,-0.0005014257328336113,0.001880481603956442,0.004033158604010428
2022-08-03,0.002150418737772616,0.000646864697431588,0.001503554040341028,-0.0079415691060438
2022-08-04,0.00017681889272000667,-0.00043625538639035805,0.0006130742791103658,0.06862661051337271
2022-08-05,-0.00041899806319097574,-0.0013483437997967446,0.0009293457366057675,0.038146398012270426
2022-08-08,0.0033868788145042013,0.0020717198505643304,0.0013151589639398718,-0.01437177342645449
2022-08-09,0.0021781750358265267,0.0032429196980392145,-0.0010647446622126882,-0.11480632398955264
2022-08-10,-0.0008050119407973094,-2.3318467907788507e-05,-0.0007816934728895211,0.07909135369269622
2022-08-11,-0.0059184372032996795,-0.004798832391303237,-0.0011196048119964431,0.060797591797489
2022-08-12,0.0033209259796150815,0.002378419607163468,0.0009425063724516143,0.09540579190567122
2022-08-15,0.0031099147936157956,-0.0009340231354904912,0.004043937929106289,0.05835753843272267
2022-08-16,0.004551774847841118,-0.00028184425013791305,0.004833619097979031,0.10766277847223109
2022-08-17,0.002715531302631847,0.0007992756070109164,0.0019162556956209304,-0.009461115920318175
2022-08-18,0.005831076648703375,0.002811341695482656,0.0030197349532207155,-0.039954528110883306
2022-08-19,-0.0005410168645505905,-0.0031857211027202063,0.0026447042381696154,0.0774464504139092
2022-08-22,-0.0020549911190199405,-0.0029865600333282265,0.000931568914308286,0.01370399812168049
2022-08-23,0.004100736581837565,0.001536904655157774,0.00256383192667979,-0.012604303328188168
2022-08-24,0.000707637210065028,0.0023637692782093878,-0.0016561320681443593,-0.03443432751063827
2022-08-25,-0.0006521201915393572,-0.001960045360069334,0.0013079251685299766,-0.06816818932820223
2022-08-26,-0.0014163117651118386,-8.866317247986102e-05,-0.0013276485926319774,0.17981242057834426
2022-08-29,-0.0033766205480824053,-0.002104336996364774,-0.0012722835517176305,0.07994814478471107
2022-08-30,0.009686300284740722,0.00615452446467718,0.0035317758200635423,0.007991934269782204
2022-08-31,0.004224093308888594,0.002663848404768716,0.0015602449041198794,-0.06997648395702591
2022-09-01,0.0003794922723027148,-0.001485840785970915,0.0018653330582736288,0.022291202723373923
2022-09-02,-0.0032240991061328467,-0.002208583418214531,-0.0010155156879183176,-0.025001264686552577
2022-09-05,0.0008492555232817655,-6.222022934982254e-05,0.0009114757526315879,0.13525462475727798
2022-09-06,-0.0010409050373642857,-0.00044946101844962547,-0.000591444018914658,-0.1086608964545568
2022-09-07,0.006489331366245582,0.003589097608076822,0.0029002337581687625,-0.23632245246093028
2022-09-08,-0.004542014450370462,-0.0027731360215023718,-0.001768878428868091,0.13433186371037037
2022-09-09,-0.011561091476781053,-0.005014831953269721,-0.00654625952351133,0.05954796267949566
2022-09-12,0.005864876106183708,0.0035190422442936808,0.0023458338618900284,0.02723319989170275
2022-09-13,0.0027144154225238093,-0.0011997562000278517,0.0039141716225516605,0.04268247265220641
2022-09-14,0.0012116523194943898,0.0011910380607439647,2.0614258750425128e-05,0.013133474057493185
2022-09-15,0.0027014994147195937,0.002169209479103093,0.0005322899356165001,-0.018636039230281048
2022-09-16,0.000636341770106887,-0.001573606771437093,0.002209948541543983,-0.1005188624861731
2022-09-19,-0.0010183387729631463,-0.002020114499065994,0.001001775726102848,-0.0666712950312581
2022-09-20,-0.0063447639427664845,-0.003259185667857479,-0.0030855782749090073,0.12181932897550536
2022-09-21,-0.004000162767459354,-0.00033084772209168896,-0.0036693150453676656,0.18859313212183323
2022-09-22,0.007677004086845726,0.00543588580135913,0.0022411182854865964,0.19194028365227636
2022-09-23,0.01133156669501084,0.004350843223866089,0.006980723471144751,0.042239855219431396
2022-09-26,0.009304426072775642,0.0031510025845076983,0.006153423488267945,0.0019826377751082937
2022-09-27,0.002139723982624624,-0.00020396275174158762,0.002343686734366212,0.07666945798599366
2022-09-28,0.00025646126059266174,0.0005030530016114192,-0.00024659174101875764,0.011497290686856537
2022-09-29,0.003688037540532092,0.0008208227673713467,0.0028672147731607445,-0.058705287930490783
2022-09-30,0.0006136314934304908,0.0005879360044423482,2.5695488988143438e-05,-0.017839992101380042
2022-10-03,-0.0022819450312373344,-0.0016988308196532846,-0.0005831142115840515,0.1331021883318964
2022-10-04,-0.0009328523509657099,-2.3661722398067055e-05,-0.0009091906285676418,0.08201157493184542
2022-10-05,0.006948237289574706,0.0026703530883158445,0.004277884201258859,-0.013019449455736552
2022-10-06,0.0037191892316296776,0.0015073301103964713,0.002211859121233206,-0.110041068005184
2022-10-07,-0.0005643871935936903,0.00047007321870459404,-0.001034460412298285,0.1084787833181191
2022-10-10,-0.004834098425153934,-0.0018050496309501016,-0.003029048794203833,0.030486459452661926
2022-10-11,0.004964645025772374,0.0018677007823737764,0.0030969442433985985,-0.009334047414293273
2022-10-12,0.001393856746188803,-0.0003386950355977192,0.001732551781786522,0.08034749208506643
2022-10-13,-0.00041407782458354543,-0.0003083741727816615,-0.00010570365180188543,-0.1843285372428449
2022-10-14,0.0032160470645416256,0.000593755504153937,0.002622291560387688,0.013461438030487698
2022-10-17,-0.00753886529684679,-0.00255720756053035,-0.004981657736316439,-0.15853756963999333
2022-10-18,0.0006794395142070203,0.0004607117965439757,0.00021872771766304547,0.10786543904794926
2022-10-19,-0.007345160498616184,-0.002400213709273756,-0.004944946789342429,0.050824995424036665
2022-10-20,0.004941285785041525,0.002103799508994484,0.0028374862760470404,-0.1162171233833427
2022-10-21,0.002454980720015108,0.0002038556766255509,0.002251125043389557,-0.14909536273356802
2022-10-24,-0.005544184699442731,-0.0016589423573024134,-0.0038852423421403166,-0.057733949110393375
2022-10-25,-0.008467886224150711,-0.0021200371445247064,-0.006347849079626005,0.017040268908334343
2022-10-26,-0.0033030028851522364,-0.0006739118435476614,-0.0026290910416045745,0.007875380216531768
2022-10-27,0.0009298876614871606,0.0013052264172784562,-0.00037533875579129567,-0.20219936333342337
2022-10-28,0.00036619142894122686,-0.0014316050116231485,0.0017977964405643766,0.01447376746739899
2022-10-31,-0.009994207049351219,-0.0019812817324199134,-0.008012925316931305,0.09103165224965327
2022-11-01,0.000831585352039048,0.0012792172428466586,-0.0004476318908076104,0.044341639362112155
2022-11-02,0.004165274821510864,0.0008638943533897597,0.003301380468121105,0.12051225467001872
2022-11-03,0.002148981762621245,0.0008958776962909067,0.001253104066330342,0.10191075781387549
2022-11-04,0.005988657962591114,0.002116590990732959,0.003872066971858155,-0.12726676521988356
2022-11-07,0.005737998417518508,0.0008875934765670886,0.00485040494095142,0.08712350944460337
2022-11-08,-0.007079587341442725,-0.0030706232238696396,-0.0040089641175730835,-0.050647824531075566
2022-11-09,0.005039334248631364,0.002762205186547406,0.0022771290620839553,-0.06412918878620992
2022-11-10,-0.002923242034206378,-9.158089986614076e-05,-0.002831661134340236,0.06289795308704516
2022-11-11,-0.0035875739192501284,-0.0001152433805241002,-0.0034723305387260274,0.048631344760188065
2022-11-14,0.004676930971506851,0.0002934536196889225,0.004383477351817927,0.016723791553888815
2022-11-15,0.003493931881556832,0.004069276277358225,-0.0005753443958013919,0.07521353343358708
2022-11-16,0.000976847748538722,0.00019716769341277234,0.0007796800551259503,0.16354209271570197
2022-11-17,0.0033756426169223195,0.00030868861451062527,0.0030669540024116943,-0.015580408762567072
2022-11-18,0.008503886598400966,0.002696541211843038,0.005807345386557928,-0.11533774798882587
2022-11-21,-0.0007837838118307078,-0.0002007526926693596,-0.0005830311191613487,-0.12237707961935293
2022-11-22,-0.006002127241472517,-0.0008263134406241469,-0.005175813800848372,-0.13005047275729217
2022-11-23,-0.006352239680215304,-0.002017143603025289,-0.004335096077190017,0.16367331005928612
2022-11-24,-0.0074527986278620315,-0.0019436250951922395,-0.005509173532669792,0.017543867251578485
2022-11-25,0.00851788617145098,0.0010794350429780709,0.00743845112847291,-0.05300457474395883
2022-11-28,0.0008100955314663872,-0.0008879069865161131,0.0016980025179825012,-0.14146913781690082
2022-11-29,-0.0026547057211869403,0.00012145779688041078,-0.002776163518067351,0.03764637975909514
2022-11-30,-0.006251274890939329,-0.0016721542560882152,-0.004579120634851114,-0.04721375089656296
2022-12-01,0.0018148670447882963,0.00047036466524409855,0.0013445023795441969,0.010262825318129378
2022-12-02,-0.002172793941561383,-0.0005593398627858235,-0.0016134540787755584,0.0002612774503938711
2022-12-05,0.0004810086781177908,-0.00021080970770342468,0.0006918183858212155,-0.0031644455379009674
2022-12-06,1.2919100854006261e-05,0.0004921410939366291,-0.0004792219930826215,-0.03269487076426522
2022-12-07,-0.0001716743798707628,-0.00042775414902013155,0.00025607976914936896,0.07974938398627482
2022-12-08,-0.0016645080441648385,-0.0005948961065319891,-0.001069611937632848,0.11735314563791753
2022-12-09,0.0039072052640876705,0.0010515894925874954,0.0028556157715001734,-0.01572303196312441
2022-12-12,0.005543670574491719,0.0014988858084797295,0.004044784766011989,-0.010214456890728914
2022-12-13,-0.0009388837012132534,-0.0003560209866819899,-0.0005828627145312637,-0.010170301152944147
2022-12-14,-0.00046244783295813015,-0.0008325121656762796,0.0003700643327181497,0.051866583851084454
2022-12-15,-0.0004497207460484986,-0.00045271589674780125,2.9951506993024235e-06,-0.08511476386773376
2022-12-16,0.0024131089885147164,0.00016932499430208792,0.002243783994212629,0.03031046884437707
2022-12-19,-0.00493702313606513,-0.000313193895704892,-0.004623829240360238,0.010975910598190091
2022-12-20,0.001573903840175305,0.0017072700302466495,-0.00013336619007134457,0.0024209298444282513
2022-12-21,0.0005555960640843513,0.00014142699174920018,0.00041416907233514724,-0.1017389583575747
2022-12-22,0.00012250184159261993,0.000707610434096049,-0.0005851085925034291,0.03911694720748151
2022-12-23,-0.005275508669075735,-0.002874180217446503,-0.002401328451629232,-0.0904393183875942
2022-12-26,0.0021978297049450183,-0.0003738150487817976,0.002571644753726815,0.012477318032609914
2022-12-27,-0.004247508421516065,-0.001468453754120547,-0.0027790546673955186,0.029957751952709256
2022-12-28,0.0005487874303994563,0.0007219060685836878,-0.00017311863818423017,0.11752641471955619
2022-12-29,0.001302500095478536,0.0007737151460921908,0.000528784949386343,-0.0009465406675309451
2022-12-30,0.0052898145422959775,0.0008165919697715705,0.004473222572524408,0.016260824097098506
2023-01-02,-3.991371382732118e-05,-0.0005747385800484806,0.0005348248662211588,0.01288251415610717
2023-01-03,0.0006823221961642244,-0.0002209042301185727,0.0009032264262827955,0.13703541089690627
2023-01-04,0.0005053191518119255,-0.0001491288249583282,0.0006544479767702539,0.0491788628795497
2023-01-05,0.005622450807275756,0.0003818734389604492,0.0052405773683153085,0.1257029843896717
2023-01-06,0.0019360172759326326,-5.769690353351828e-06,0.0019417869662859836,0.06667787757193049
2023-01-09,0.007926968653808573,-0.00085870964820077,0.008785678302009343,0.04361309008186908
2023-01-10,0.0033504593504944274,0.0002827918783622238,0.0030676674721322045,0.011912636341459138
2023-01-11,0.0019593469774022492,0.00010282597653396737,0.001856521000868281,0.14905172704574074
2023-01-12,0.0005219820553298495,0.0005452163032100173,-2.3234247880169097e-05,-0.00540932249997591
2023-01-13,0.00827783613274666,0.0027028729184906675,0.005574963214255995,-0.03112331476150058
2023-01-16,-0.000256088342246954,0.0018072776771848945,-0.0020633660194318455,-0.008555994417745783
2023-01-17,-0.0015632069831087304,-0.0011599781544293756,-0.0004032288286793545,-0.019210735607634907
2023-01-18,-0.00037296615219002693,-0.0003555407315594893,-1.742542063053751e-05,0.01688191391875253
2023-01-19,-0.0006696014882951634,-0.0002700980895797133,-0.0003995033987154511,-0.011030228334981473
2023-01-20,0.0006932437511758598,-0.0017922177597940563,0.0024854615109699135,-0.0043788785579365035
2023-01-23,-0.00046024221704315805,0.0009113685876859755,-0.0013716108047291328,-0.021660677118763218
2023-01-24,-0.00017750349272514703,-0.00015418976486142062,-2.3313727863727256e-05,0.051929673393845216
2023-01-25,-0.0010727632739502115,-0.0032519156807011874,0.002179152406750977,-0.004010754414249355
2023-01-26,0.0022564927990936863,0.0029751803012457827,-0.0007186875021520968,0.007275237336185521
2023-01-27,-0.00015771800627719973,-0.0023769993149480384,0.002219281308670838,-0.07058377306100727
2023-01-30,0.0003013600665522805,-0.00038623181080632866,0.0006875918773586085,-0.009370079876354449
2023-01-31,-0.0027885126730088855,-0.001653606171190855,-0.0011349065018180305,0.04949833651763454
2023-02-01,-0.00039219636609568777,-0.0006458600233828216,0.00025366365728713217,0.11148906474005975
2023-02-02,0.0024957428775099696,0.002074665720578707,0.00042107715693126286,-0.010075600821996357
2023-02-03,0.005152854280981031,0.0007444094416485091,0.004408444839332523,0.08607208263713689
2023-02-06,-0.0004896150395965371,-0.0017353021767417126,0.0012456871371451794,0.0070154170218722596
2023-02-07,0.004381067235763862,0.0026325608698773723,0.0017485063658864899,0.09187002503562762
2023-02-08,0.00037906284414467473,0.0030050584131246817,-0.002625995568980008,0.0637206683637533
2023-02-09,0.004680644855774758,0.0026233589430696216,0.0020572859127051327,0.027851493617498745
2023-02-10,0.003804934592485259,0.0019752999021902026,0.0018296346902950558,0.0014230877792831885
2023-02-13,0.0016149825857464533,-0.0029809975411663713,0.004595980126912817,-0.04551436281466197
2023-02-14,7.213261221333638e-05,-0.0026088896186929403,0.0026810222309062784,0.023720233983557607
2023-02-15,-0.003331945429522392,-0.004036653266587316,0.0007047078370649232,-0.011910715731244725
2023-02-16,0.0014908091019368184,-0.001360478391613202,0.0028512874935500213,-0.03510820638037964
2023-02-17,-0.0007036374720662706,-0.0006595351970314148,-4.4102275034853256e-05,0.07603617482374757
2023-02-20,-0.003437828809473624,-0.008812030010668631,0.005374201201195014,0.01052643085705195
2023-02-21,0.009355942842050713,-0.0023453027208660063,0.01170124556291673,0.023738820871122977
2023-02-22,0.0014066178022654823,-0.006721518415067137,0.008128136217332618,-0.043113563709621106
2023-02-23,0.002045950282432082,0.0038261509164545723,-0.00178020063402249,-0.13304594811598644
2023-02-24,-0.003948297027757978,0.002811126703455402,-0.0067594237312133786,-0.06803288619383165
2023-02-27,-0.008057374413828802,-0.0007203860189967069,-0.007336988394832097,-0.1393000286991199
2023-02-28,-0.003939514037610024,-0.0008877388018475214,-0.003051775235762501,-0.12988366881439817
2023-03-01,-0.007763196384827146,-0.00062239209194382,-0.007140804292883326,0.0007716953784513422
2023-03-02,-0.008204962367826085,-6.974361847958757e-05,-0.008135218749346498,-0.08171154837124518
2023-03-03,4.532348262526061e-05,0.0008087901556698782,-0.0007634666730446191,0.08079203121832576
2023-03-06,-0.0045076219309795156,-0.0017330990822955299,-0.002774522848683989,-0.11119975944388842
2023-03-07,0.0065258857150006944,-8.257389616264654e-05,0.006608459611163346,-0.040262024995076334
2023-03-08,-0.006400109194440973,-0.002622757031206714,-0.003777352163234264,-0.07264591231849324
2023-03-09,-0.0023319428234710943,-0.002179215585399156,-0.00015272723807193724,-0.015533564308982378
2023-03-10,-0.004627562103898374,-0.0020947955418816086,-0.0025327665620167657,-0.04157221793776253
2023-03-13,-0.0009126250161408829,-0.00182936791462192,0.0009167428984810377,0.00038441046061871804
2023-03-14,-0.0022326561304346322,-0.00035014045937697275,-0.0018825156710576586,-0.05277086688292298
2023-03-15,1.712649593087396e-05,0.0017191027016762832,-0.0017019762057454094,0.02897283688100711
2023-03-16,-0.0030038285565489597,-0.0015474891900857813,-0.0014563393664631785,0.026990280469818252
2023-03-17,0.001655502577989969,0.0005726569823805289,0.0010828455956094392,-0.0282284543477704
2023-03-20,0.0016960258324284741,0.0009212679166232616,0.0007747579158052138,0.01847344650002534
2023-03-21,-0.001539769617582264,-0.0015475224759023583,7.752858320094445e-06,0.06363092098388984
2023-03-22,0.0009726544563969035,-0.0015962310852105713,0.002568885541607476,-0.08771315306767917
2023-03-23,0.003105900194098128,0.00057953046417091,0.00252636972992722,-0.13365518960139078
2023-03-24,-0.004330864835676466,0.00028025300470917343,-0.004611117840385641,-0.18532384133525115
2023-03-27,-0.00658070296043839,-0.0013994757963378588,-0.005181227164100532,0.007277662691679623
2023-03-28,-0.010916796051096838,-0.0022798348169171378,-0.0086369612341797,-0.028222360928517487
2023-03-29,0.00042401997909089027,0.0017268235503402137,-0.0013028035712493234,0.1449547649954002
2023-03-30,-0.0018244913301752484,-0.0009260265345663633,-0.0008984647956088859,0.12756911590832584
2023-03-31,0.009680425271420719,0.002694278436785609,0.006986146834635113,0.23813428758461308
2023-04-03,0.008258158136096743,0.002279721570466593,0.005978436565630152,-0.2789913475033382
2023-04-04,0.016392046558692166,0.00722535715015905,0.009166689408533116,0.01593513107823978
2023-04-05,-0.017936035832834287,-0.006239340650113546,-0.011696695182720745,0.058168022524515625
2023-04-06,0.0010612999801275932,0.0002957983702351098,0.000765501609892482,0.1711883127658418
2023-04-07,0.0038768487281625554,0.0005096865690920813,0.0033671621590704755,0.22441010759920604
2023-04-10,0.01099085400665712,0.005613780646104511,0.00537707336055261,0.11607812134202053
2023-04-11,0.015208659881036283,0.0057505239834629105,0.009458135897573373,0.034070900948902416
2023-04-12,0.00804502453468411,0.0024683178989590507,0.00557670663572506,0.05821164421951062
2023-04-13,0.0019723392577063433,0.0013924581451039315,0.0005798811126024109,-0.01361045523700775
2023-04-14,0.0035424776864635943,0.0017860885055000428,0.0017563891809635503,-0.01722506206637344
2023-04-17,-0.0008358340550235557,-0.0010760108529786665,0.00024017679795511164,0.0774109953287186
2023-04-18,-0.0010723011547974853,-0.0018615074523846142,0.0007892062975871326,0.031046990606783103
2023-04-19,0.007082101170413164,-0.0032082782090854245,0.010290379379498591,0.023516156946361423
2023-04-20,0.0026837131113835472,-0.004730680880383101,0.007414393991766653,-0.1137194238313517
2023-04-21,0.001977008713368974,0.008020782027033234,-0.0060437733136642635,-0.1331242788052824
2023-04-24,-0.007411138563694375,-0.001754623177045834,-0.005656515386648541,0.11008344606961967
2023-04-25,-0.009098365323833152,-0.004264720928964239,-0.0048336443948689125,0.2301658926223871
2023-04-26,0.008724426752294696,0.0001304812665108906,0.008593945485783806,0.11053386187275886
2023-04-27,0.015363293166306354,0.007353625986246831,0.008009667180059521,-0.05210049788902442
2023-04-28,0.0073122533076506145,0.006918597287590356,0.0003936560200602582,0.11402320799385082
2023-05-01,-0.003297840446244926,-0.002594284768907744,-0.0007035556773371814,0.15343029808509556
2023-05-02,0.008346069625967517,0.005259286425902662,0.0030867832000648562,0.003370455259892933
2023-05-03,0.011616565860834704,0.005400072629780987,0.006216493231053714,-0.1935048572739953
2023-05-04,0.0003094646397780044,-0.0033536156730789796,0.003663080312856985,-0.012928222045255471
2023-05-05,-0.012671871141994324,-0.004772199120608833,-0.00789967202138549,-0.14262327000218136
2023-05-08,-0.000803950497870684,0.0016957551857060549,-0.00249970568357674,-0.06478472736541574
2023-05-09,-0.009029708423738847,-0.0048609655191762455,-0.0041687429045626015,-0.09962757889023698
2023-05-10,-0.00328800297306609,-0.0015779775964236357,-0.0017100253766424555,-0.1435541791782317
2023-05-11,-0.006141534306305008,-0.005316220733281692,-0.0008253135730233157,0.10391484195039792
2023-05-12,-0.009901586030824548,-0.007620888938315506,-0.002280697092509042,-0.04892886807020379
2023-05-15,0.0059906434022201326,0.0032958362047987655,0.002694807197421368,0.0428089194573919
2023-05-16,-0.002746304074923118,-0.001287449601005599,-0.0014588544739175188,0.03674153479826668
2023-05-17,0.0024967760019166665,0.0006425457327669782,0.0018542302691496875,-0.10255233705645103
2023-05-18,0.0023276275647084238,0.00012965377942125884,0.002197973785287164,0.04546385564222141
2023-05-19,-0.006653715610407832,-0.0027621900421782733,-0.0038915255682295596,0.07280798076751348
2023-05-22,0.002314244773062746,0.00036961269774916754,0.0019446320753135782,0.01620861691509
2023-05-23,0.003997389392901339,0.0007070168076794658,0.0032903725852218733,0.009156578870407928
2023-05-24,0.0008475738156809645,6.085031176075728e-05,0.0007867235039202072,0.07937696671920964
2023-05-25,0.0005490926745446469,-0.0004950543524776183,0.0010441470270222634,0.021940142140875016
2023-05-26,0.0047493032155076186,0.0027286543902337755,0.0020206488252738426,0.04241166443974228
2023-05-29,0.0011820647826481841,0.0007243105386785034,0.0004577542439696807,0.10615489695476228
2023-05-30,0.0021057797750701542,0.002570441723612724,-0.0004646619485425707,0.04932397768880809
2023-05-31,0.005445588818877862,-0.0004799099219489657,0.005925498740826828,-0.031854654613858856
2023-06-01,0.00255884832703196,0.0008298670338033045,0.0017289812932286554,-0.03317616491840213
2023-06-02,-0.0018166718002042858,-0.0011741642021211932,-0.0006425075980830974,0.05028034430935192
2023-06-05,-0.002130727065078061,-4.021893737240177e-05,-0.0020905081277056586,0.015024920632508766
2023-06-06,0.0026599080062502866,-0.0008041537251872195,0.0034640617314375035,0.05836750345855749
2023-06-07,0.001032556164976535,-0.0021967816157221418,0.003229337780698678,-0.03973304929579759
2023-06-08,0.003390851820120459,0.0026177403488373344,0.0007731114712831236,-0.06254547422290031
2023-06-09,-0.002115942829568109,-2.5747442848281926e-05,-0.0020901953867198285,-0.016445938053898383
2023-06-12,-0.003069451607145621,0.0012499397411802043,-0.004319391348325825,-0.029633895680714173
2023-06-13,-0.0007269207991191712,-0.00015324130783427037,-0.0005736794912849005,-0.05573771914268634
2023-06-14,-0.001284702108500354,-0.00040995556881789474,-0.0008747465396824593,0.0738499240255872
2023-06-15,-0.0026590332037720404,-0.0027356987073092398,7.666550353719812e-05,0.00494607105840589
2023-06-16,0.003759897002822328,0.0032469319393349776,0.0005129650634873497,-0.0742388070925575
2023-06-19,0.00024382486487271697,-0.0003852162487503648,0.0006290411136230835,0.06802699301781363
2023-06-20,-0.0037168828645459707,-0.002420584554309539,-0.001296298310236435,-0.007469451812809386
2023-06-21,0.0032832911440312446,0.0009787194748340266,0.0023045716691972185,0.09250638094459429
2023-06-22,-0.00043943447439749334,-0.002685565103427427,0.0022461306290299243,0.08064182108040395
2023-06-23,0.005680969388239584,0.0017743558209725402,0.003906613567267043,-0.043713577351623116
2023-06-26,0.005166192098258254,0.0035356268055244666,0.0016305652927337926,-0.037947207158124226
2023-06-27,-0.0019752298154280807,-0.0015634610380384634,-0.0004117687773896178,-0.02046742204776516
2023-06-28,-0.0020732776785286878,-0.00028045176011401007,-0.0017928259184146773,-0.040361206185220704
2023-06-29,-0.001114868510714088,-0.0003188076876716236,-0.0007960608230424635,0.05168838479211655
2023-06-30,-0.0026532185795908325,-0.000358955657813072,-0.0022942629217777614,0.0036439559376517903
2023-07-03,0.003193640708475589,0.0005756697385979979,0.0026179709698775904,-0.01298234288330831
2023-07-04,0.00016856365872206912,-0.0008517523742681728,0.0010203160329902428,-0.0381779356401186
2023-07-05,-0.0005930073256112729,-0.0007750773577040685,0.0001820700320927949,-0.04777332599973326
2023-07-06,-0.002142974469663397,-0.0028814084924811724,0.0007384340228177785,0.017542449057278604
2023-07-07,-0.0028898990862184512,-0.00021021735952327265,-0.0026796817266951795,0.007308047979004029
2023-07-10,0.0011774358887654223,-0.00026501698804701386,0.0014424528768124372,0.08146014335834442
2023-07-11,0.0003891276236959874,0.00177738900236726,-0.0013882613786712697,-0.04531955186034333
2023-07-12,0.004246632470020858,0.00135349815399592,0.0028931343160249383,-0.08758999580570939
2023-07-13,-0.002366019185574175,-0.0021474224332351643,-0.00021859675233901026,0.0534026379240474
2023-07-14,-0.004592941760644776,-0.0011655730835696838,-0.003427368677075093,-0.03275842025042882
2023-07-17,0.003069148317852025,0.0007170179974088399,0.002352130320443185,-0.00039352343863362205
2023-07-18,-0.0017066784211072904,-0.0010982813567151505,-0.0006083970643921406,-0.04824473383521172
2023-07-19,-1.9253103308046688e-05,0.0008351560902565371,-0.0008544091935645836,-0.09754700490819779
2023-07-20,-0.00256497763059007,0.0009680881549354128,-0.003533065785525483,0.05279264714625711
2023-07-21,-0.006084307618638464,-0.0017572286213154327,-0.004327078997323035,0.051647931429443274
2023-07-24,0.0030192353105398437,-0.0007344476547827376,0.0037536829653225835,-0.05085969640647982
2023-07-25,0.0027660168546458064,0.0024926556527109078,0.00027336120193489737,-0.12827406284820056
2023-07-26,-0.002604438763672275,-0.0005730956049769739,-0.002031343158695305,-0.08807963025275124
2023-07-27,-0.007838000340122078,-0.00017601345256828735,-0.007661986887553788,0.1364827811156745
2023-07-28,-0.005016318787117197,-0.00026957702796703755,-0.004746741759150159,-0.054263918921286076
2023-07-31,0.008005642116767804,0.004770890675905443,0.0032347514408623615,0.11155556467486512
2023-08-01,-0.0027906111862251136,-0.0014169219939467992,-0.0013736891922783144,0.14343151422468564
2023-08-02,0.0068633898928223535,0.0015824758490290813,0.005280914043793274,-0.023011887688386783
2023-08-03,0.009563657112304877,0.0019918167889452706,0.007571840323359606,0.012769156897399435
2023-08-04,-0.0012819426609963543,-0.0019402987818887881,0.0006583561208924373,0.14004713194833213
2023-08-07,0.0007405219082101412,0.00098428719994522,-0.00024376529173507821,0.13761212088416455
2023-08-08,0.008309098301913224,1.5962484116233762e-05,0.00829313581779699,0.11514476113179047
2023-08-09,0.007399712363096291,0.002901461601133821,0.004498250761962471,0.06523317859974187
2023-08-10,0.007052321672949316,0.0022469686152490134,0.004805353057700303,-0.058007924842947915
2023-08-11,0.002667977865844244,0.001498873479641622,0.001169104386202621,0.026241445844961946
2023-08-14,-0.0030448164989157287,0.0005555498278030941,-0.003600366326718822,0.008104613747652648
2023-08-15,0.0013925292787589907,0.0008909189540660372,0.0005016103246929509,0.03966576435267968
2023-08-16,0.0004899322242733471,-0.001115653765387149,0.0016055859896604938,-0.011754294235205735
2023-08-17,0.0026218734137425648,0.0010061057418839195,0.0016157676718586453,0.04005884791954129
2023-08-18,-0.0008379332319602987,-0.002394917281124849,0.0015569840491645517,-0.005904066972784595
2023-08-21,0.0021739437744536195,0.0007238310735825197,0.0014501127008710998,-0.01495151422826541
2023-08-22,-0.00032250772073196313,-0.0009905160222390963,0.0006680083015071329,0.03191510315814803
2023-08-23,-0.0009145910686800807,-0.0017531257032002317,0.0008385346345201508,0.0878802693195163
2023-08-24,0.0019384946108231185,0.0009293639976081861,0.0010091306132149341,0.07690274825716059
2023-08-25,0.005473485035675977,0.00011431801871073649,0.0053591670169652415,0.008291613563417281
2023-08-28,0.004455846113137006,0.0020912537549650874,0.002364592358171918,-0.08931797702297882
2023-08-29,0.0004928736320299993,-5.9034359952110996e-05,0.0005519079919821101,0.02009733594387445
2023-08-30,-0.00429655464099691,0.0001627809937757782,-0.004459335634772688,0.02092742572495169
2023-08-31,0.0011717623041637218,0.0004011648130494271,0.0007705974911142999,0.0725963260419652
2023-09-01,0.001093104325724897,0.0016460581103603447,-0.0005529537846354488,0.11376168440461974
2023-09-04,0.0037158936497420835,0.0009804145080683849,0.002735479141673698,0.11002136132707316
2023-09-05,0.005601712473633437,0.003522636056631348,0.0020790764170020883,-0.004763030196040693
2023-09-06,0.006055859785622427,0.0021961078954624586,0.00385975189015997,0.08366402574816419
2023-09-07,-0.0002857635864191351,-0.0005155623152012399,0.00022979872878210478,-0.021136386365463562
2023-09-08,0.005176606937246193,0.0022400707556659975,0.0029365361815801953,0.01090841080024926
2023-09-11,-0.0012264275169257622,-0.002824977744133813,0.0015985502272080508,0.07046177101798658
2023-09-12,0.0005683998756780655,0.0002969529903062161,0.00027144688537184957,0.061142475630519805
2023-09-13,0.0039024717050200114,-0.00040578213559431565,0.004308253840614326,0.023994848418620103
2023-09-14,0.0035336187202888213,0.00024171517300640086,0.0032919035472824204,-0.0015524910846246146
2023-09-15,0.0011988570837162974,0.002270366443996849,-0.0010715093602805467,0.00221506817075886
2023-09-18,-9.788833001200229e-05,0.0022502911171353506,-0.002348179447147353,0.16696584452076713
2023-09-19,9.409566265290898e-05,0.0016445963241296848,-0.001550500661476776,0.02792377387916179
2023-09-20,0.009862093382030205,0.0033118614221304687,0.00655023195989974,0.07440605125018664
2023-09-21,0.0015847421112910767,0.0029669006042002764,-0.001382158492909201,-0.0287160163302168
2023-09-22,0.005175036485107815,0.0009439265830202756,0.004231109902087533,-0.09551944071986487
2023-09-25,-0.0018248429691836861,-0.0003111741711099153,-0.0015136687980737695,-0.08865169963050375
2023-09-26,-0.006268593905616843,-0.0010304667979849358,-0.005238127107631899,-0.07325327900757397
2023-09-27,-0.00947054450210356,-0.0034736029737755247,-0.005996941528328026,0.153490439692819
2023-09-28,-0.009953779364522625,-0.006511883332519328,-0.003441896032003275,-0.025695547836141124
2023-09-29,0.014523001476193616,0.004159021829067717,0.010363979647125897,-0.12323578226848017
2023-10-02,-0.002102387271504661,-0.0017840296140405956,-0.0003183576574640676,-0.04919504413811515
2023-10-03,-0.008542617660472802,0.0004743095740119829,-0.009016927234484787,0.00461461690711606
2023-10-04,-0.003391816118871275,-0.0014719036164893042,-0.0019199125023819721,-0.08114864229967288
2023-10-05,0.00039595976958478,0.00021105247761266967,0.00018490729197211033,-0.07649905088265303
2023-10-06,-0.005718000185435886,-0.0019068908843767737,-0.003811109301059114,-0.13692678234686212
2023-10-09,-0.005004351146140201,-0.0004938163028636242,-0.004510534843276577,0.12281217457644854
2023-10-10,-0.011787181616817789,-0.0025640547286621494,-0.009223126888155637,0.04226098709566685
2023-10-11,0.010799327461543558,0.0019499365598052536,0.008849390901738304,0.06562331033579266
2023-10-12,0.0031516017352399245,4.064811934506932e-05,0.0031109536158948547,0.03549070594438328
2023-10-13,0.004822239153787447,0.0004056354814341279,0.004416603672353319,-0.019689973501644274
2023-10-16,0.0026316136815489025,0.0032054596450882683,-0.0005738459635393663,-0.027238466073531604
2023-10-17,-0.0016681908191156277,0.002131449460956107,-0.00379964028007174,0.022156185374445237
2023-10-18,-0.0025581217943196725,-0.001471159434335869,-0.0010869623599838035,-0.05038336976220972
2023-10-19,0.0018251975490317332,-0.0007112074528981324,0.0025364050019298662,0.11856803450523505
2023-10-20,-0.004203180956654909,0.001668869524995585,-0.005872050481650494,0.03309521404214123
2023-10-23,0.01409642548278425,0.0022655749488047286,0.011830850533979524,-0.12926388746434533
2023-10-24,0.002731456087609862,8.99780087850778e-05,0.0026414780788247844,-0.015522149340133877
2023-10-25,-0.009401637410792082,-0.00184497263801673,-0.007556664772775348,-0.0105681751443649
2023-10-26,-0.0012185359302198428,-0.00047172986922088163,-0.000746806060998962,-0.00448521038579456
2023-10-27,-0.0008033453734286738,-0.0013343287944617872,0.0005309834210331134,-0.01661613885278106
2023-10-30,-0.0003625159769758258,-0.001427130226326749,0.0010646142493509225,0.13281365477590285
2023-10-31,-0.0014454510373337706,-0.0007241192812520274,-0.000721331756081741,-0.0043668731011400974
2023-11-01,0.009717425887288056,0.002316894809318809,0.007400531077969244,0.08863218018936138
2023-11-02,-0.00028847628637217486,-0.0016318179601803931,0.0013433416738082191,0.18261853042416115
2023-11-03,0.006110374184768508,0.0012280341995455253,0.004882339985222979,0.12067929218202389
2023-11-06,0.013952753050208965,0.003539255791737965,0.010413497258471002,-0.0014414357259207571
2023-11-07,0.012945587988665812,0.0043963350400468455,0.008549252948618972,-0.11469827500240999
2023-11-08,-4.857664547643298e-05,0.002045309404525339,-0.0020938860500017732,0.03764182499625105
2023-11-09,-0.007500324402207725,-0.0011747972713991167,-0.006325527130808611,-0.026172550608755108
2023-11-10,0.0024921639834393026,0.0028177429369068818,-0.0003255789534675792,0.06047210133581293
2023-11-13,-0.0021435514656717156,-0.001560400958081222,-0.0005831505075904915,0.17800446535647
2023-11-14,0.004532556802545999,0.0021269887003578063,0.002405568102188195,0.019034422320091893
2023-11-15,0.013972428191316458,0.0037233286528037465,0.01024909953851271,0.018990354519273337
2023-11-16,0.0013204725113489819,0.00022423336545095846,0.0010962391458980252,0.04906210143872395
2023-11-17,0.0012981502258541384,0.0016064103936197028,-0.000308260167765564,-0.011424226198962103
2023-11-20,0.003437250839219729,0.002494495596789494,0.0009427552424302339,-0.015651761225557594
2023-11-21,-0.0007221365521675924,0.0022389306604647247,-0.002961067212632316,0.006692373433844729
2023-11-22,-0.0010772706794743448,0.0014544930617495936,-0.0025317637412239384,0.03514017947620558
2023-11-23,0.00043793822981664414,-2.2796499046759053e-05,0.0004607347288634045,0.1280746875173849
2023-11-24,0.002359446373625322,0.002660127082738984,-0.0003006807091136595,-0.037799176888148975
2023-11-27,0.00851142236279271,0.0016233988438276638,0.0068880235189650455,-0.07168341979932359
2023-11-28,-0.002423408472809702,-0.001989741297771884,-0.000433667175037818,0.053364312403428905
2023-11-29,-0.004919702700052419,0.00017954685316859918,-0.005099249553221016,0.0011524763139782138
2023-11-30,0.003793657460772959,0.001396716046430567,0.0023969414143423916,-0.0901613912375743
2023-12-01,7.896852090046166e-05,0.0015027397509098876,-0.0014237712300094255,0.010183142716122563
2023-12-04,-0.006762417512971581,-0.0043035575897046666,-0.002458859923266915,0.10610962171679711
2023-12-05,0.0007673235832455056,-0.0012750454103663145,0.0020423689936118206,0.08461229453826981
2023-12-06,0.008230230219725508,-0.004118958052567831,0.012349188272293338,0.09091250319276983
2023-12-07,0.005618945623066957,0.002615780594913522,0.0030031650281534352,-0.02319951346482447
2023-12-08,0.006161136351322995,0.0017126370019597819,0.004448499349363213,0.10565715913861526
2023-12-11,-0.0014680529917646084,0.0012368340652669759,-0.0027048870570315848,-0.03761413344659827
2023-12-12,0.009306770203430664,-0.0029178646608855885,0.012224634864316249,0.005704983582402103
2023-12-13,-0.002526082170694818,-0.0017682952114477296,-0.0007577869592470862,-0.1190120382806173
2023-12-14,0.00040379386631317175,-0.0038052160171413683,0.004209009883454538,0.0587129112738752
2023-12-15,-0.007316890336141374,-0.0013663201536578233,-0.005950570182483551,0.08400140248661293
2023-12-18,0.00358611955162163,0.0033163607678076707,0.0002697587838139566,0.13174130072547507
2023-12-19,0.005206097201697873,-0.000886444310543185,0.006092541512241057,-0.01601950312416285
2023-12-20,0.009184547141979728,0.0019507305508561917,0.007233816591123536,0.12547940127783225
2023-12-21,-0.001138652873525797,0.002184699804277695,-0.003323352677803492,0.03743682235410012
2023-12-22,0.01007561679119534,-0.0004884586727312845,0.010564075463926625,-0.11269730188920069
2023-12-25,0.0028996293808270473,-0.002692113708894956,0.005591743089722002,-0.0596476825673904
2023-12-26,-0.007764020321654415,0.0018819619183485722,-0.009645982240002987,-0.02581130585552157
2023-12-27,-0.003558433790773958,0.0028859161596907373,-0.006444349950464697,-0.03563733037075875
2023-12-28,-0.001524780539357255,0.0006850733340860158,-0.0022098538734432707,0.18044802046659944
2023-12-29,-0.0024865787531368907,-0.006289816117879984,0.003803237364743091,-0.0601291041838893
2024-01-01,0.011226210957571744,0.002667768718385706,0.008558442239186038,0.04421982107055698
2024-01-02,-0.003386534849885917,0.003966318441369618,-0.00735285329125554,-0.030730094899601067
2024-01-03,0.002390171310726836,0.0020471831749336858,0.00034298813579315083,-0.02010026179097664
2024-01-04,-0.0016051127395551458,0.0010254585664137943,-0.0026305713059689394,-0.06877864266597589
2024-01-05,-0.0011713668954062345,-0.004127697626687745,0.0029563307312815107,-0.12482563873411041
2024-01-08,-0.0036665789356291763,-9.966144668529468e-05,-0.0035669174889438804,-0.18446800713535697
2024-01-09,-0.007542971975395667,-0.00410849743233405,-0.0034344745430616172,0.09691700921046933
2024-01-10,-0.010336765363150466,-0.0069720178065657435,-0.0033647475565847206,0.08418744659955635
2024-01-11,0.005384191854712074,0.0022502556342096857,0.003133936220502388,0.08041770199863096
2024-01-12,0.005655265852614211,0.005097103169354493,0.0005581626832597188,0.20135338680788228
2024-01-15,0.0061451338476635545,-0.0011344354499392105,0.007279569297602765,0.05383750467375421
2024-01-16,0.017692900945553855,0.01312590410195304,0.0045669968436008145,0.07399847346245257
2024-01-17,0.0035270621863636113,0.004746731043353259,-0.001219668856989646,0.1623061668079787
2024-01-18,0.004043649544656851,0.0028297189305428634,0.0012139306141139873,-0.05010586547523173
2024-01-19,0.010792522706173566,0.010122741645074259,0.0006697810610993091,-0.060397894410647336
2024-01-22,-0.0031472465641675957,0.000792487197718818,-0.003939733761886414,0.020130450439449252
2024-01-23,-0.0036040999513366322,0.00029713446613806836,-0.003901234417474699,-0.041733348034373806
2024-01-24,0.001262245470407025,0.0002687407591511967,0.0009935047112558278,-0.07543983317543038
2024-01-25,-0.003092722127927116,0.00112423762851082,-0.004216959756437936,0.07198685752780058
2024-01-26,-0.005411113688682954,-0.00024092771407628784,-0.005170185974606667,-0.12779135670133948
2024-01-29,0.005252429267504444,-0.00205514912099522,0.007307578388499665,-0.019717804660877247
2024-01-30,-0.008707848538656127,-0.0013526068611605276,-0.007355241677495603,-0.17343447472985046
2024-01-31,-0.0012822329724783321,0.0008681414087361207,-0.002150374381214454,0.09869188701057488
2024-02-01,-0.012197383023841187,-0.003932236518333331,-0.008265146505507859,0.027516732872316426
2024-02-02,0.006767931567694107,0.0010591275771404175,0.0057088039905536896,0.0653773104377993
2024-02-05,0.001668060662465609,2.1702261958705775e-05,0.0016463584005069034,0.09194575131820208
2024-02-06,0.003778176799493228,0.001861948176620283,0.001916228622872945,0.17819935226733338
2024-02-07,0.006420009495103864,0.00034836928843928056,0.006071640206664584,0.06820618043933271
2024-02-08,0.014413130823504641,0.0025496101241687004,0.011863520699335942,-0.06452267330238148
2024-02-09,0.0048441758396609285,0.0007335463590169397,0.004110629480643989,-0.11960603724605609
2024-02-12,-0.004538208609309919,-0.0005376646793691063,-0.004000543929940814,-0.23300711108285715
2024-02-13,-0.007357567871293206,-0.00114371347725789,-0.006213854394035316,0.16206741885279638
2024-02-14,-0.015494772134841205,-0.003919550425034796,-0.011575221709806408,0.07777490723788676
2024-02-15,0.010176856146820212,0.004402369418142671,0.005774486728677541,0.08239310750040468
2024-02-16,0.004664747587276346,0.001087166853752845,0.0035775807335235014,-0.1035169654695585
2024-02-19,0.004412871973031061,0.001489946581210034,0.0029229253918210255,0.11601273438066892
2024-02-20,-0.0064828983035106575,-0.0012282355320003993,-0.0052546627715102595,0.13953341638793232
2024-02-21,0.007593202401351196,0.0004948439335536285,0.007098358467797565,0.015755170264863203
2024-02-22,0.008363975153769559,0.0036553299391284336,0.004708645214641125,0.05361532072406619
2024-02-23,0.0009278686603583389,-0.0016120357438188025,0.002539904404177142,0.009947101699963226
2024-02-26,0.002709722662773814,0.0023127213410377924,0.00039700132173602163,0.021768969052387236
2024-02-27,0.0005256051432142505,-0.0014867428334124242,0.0020123479766266748,0.0999779878603795
2024-02-28,0.001378751630763468,-0.0007159341842358244,0.0020946858149992927,0.05256081178258015
2024-02-29,0.00654991199788005,-0.0011509226972343922,0.007700834695114444,0.12455041381637616
2024-03-01,0.00371073202199047,0.00030190411044607457,0.0034088279115443935,0.01736777747709083
2024-03-04,0.008574436023548668,0.0011586799054328243,0.007415756118115845,0.15186449918924716
2024-03-05,0.0009656848434766764,0.0007932827194848252,0.00017240212399185183,0.034562467540314765
2024-03-06,0.008863872788706015,0.0014282093726843952,0.00743566341602162,-0.03180466665558311
2024-03-07,0.0019408841062401143,-0.0003687381968203521,0.0023096223030604646,-0.0011436209483817689
2024-03-08,-0.0018145789840075222,-0.0002515741283728914,-0.0015630048556346306,-0.02820973542813621
2024-03-11,-8.3712521114418e-05,-0.0004577086378599292,0.00037399611674551053,-0.0013713265564637425
2024-03-12,-0.0013563078966026176,-0.00036177619231066464,-0.0009945317042919532,-0.049041610504127676
2024-03-13,-7.958949863612076e-05,-0.0005288465434307131,0.00044925704479459316,0.028562312222832256
2024-03-14,-0.002694410734891698,-0.002414916076227,-0.00027949465866471124,0.10661191895592112
2024-03-15,0.0034549434642879282,-0.0010492066208381795,0.004504150085126106,0.05596016582971707
2024-03-18,0.007769791217087133,0.005917454564007239,0.0018523366530798918,0.1325618069442737
2024-03-19,0.0033326424936741,0.002650263799145073,0.0006823786945290254,-0.08011804411894989
2024-03-20,0.00892516264591989,0.003062976389518208,0.005862186256401684,0.0983569665866005
2024-03-21,-0.004337718183588251,-6.295096142611145e-05,-0.004274767222162142,-0.009900180346134073
2024-03-22,0.005772746578822183,0.0017320936144467366,0.004040652964375445,0.009800085669668364
2024-03-25,-0.0004823856910041104,-0.0018730927789987056,0.0013907070879945957,0.15113667905808734
2024-03-26,0.0005209058996358258,0.0002858499968207795,0.0002350559028150472,-0.020707221569787933
2024-03-27,0.009158581343889837,0.0029392717626688927,0.006219309581220946,-0.14674431619988895
2024-03-28,-0.0013141223262848872,0.0015957433533259693,-0.0029098656796108582,0.13039127998729666
2024-03-29,-0.00980409330233688,-0.0040172361539584,-0.005786857148378479,-0.10678913713992849
2024-04-01,0.008897211470293959,0.004092867775862611,0.004804343694431347,0.10056513995132207
2024-04-02,-0.006865418784998286,-0.005072462718414911,-0.0017929560665833743,0.055368058293619106
2024-04-03,0.006179401106594052,0.0023797498682633935,0.00379965123833066,0.1341678939541993
2024-04-04,0.004218366293691298,0.00018599196757814428,0.004032374326113154,0.2228464313919632
2024-04-05,0.009607669639147425,0.004124694831066171,0.0054829748080812545,0.09047644713285495
2024-04-08,0.01582289434558297,0.007988774181115498,0.007834120164467469,-0.01707215279970888
2024-04-09,0.005605950632996653,0.006281674713875751,-0.0006757240808790976,0.04535547269319007
2024-04-10,-0.0009170163686044587,-0.00023414745363385496,-0.000682868914970605,-0.05076214951808377
2024-04-11,0.002566929328857456,0.001426037352037609,0.001140891976819847,0.11323822177127388
2024-04-12,-0.0026507946586451937,-0.002540071651188894,-0.00011072300745629954,-0.07059122971611262
2024-04-15,0.006021657147815221,0.0025073228281244034,0.003514334319690818,-0.10776592027596939
2024-04-16,-0.003732893893798388,-0.0015716373914187952,-0.0021612565023795926,-0.07800241887876838
2024-04-17,-0.005121357513541941,-0.00118024187968463,-0.003941115633857311,-0.01733291589700977
2024-04-18,-0.0042189215423292185,-0.0029682669183605237,-0.0012506546239686965,-0.0483868098086163
2024-04-19,-0.0009011887703982637,-0.00024928271386432787,-0.0006519060565339354,0.09534237084388034
2024-04-22,-0.002832407386392009,0.00024416784802922496,-0.003076575234421234,0.037825374524341905
2024-04-23,0.005429591182294731,0.00048824806165565643,0.004941343120639076,-0.025723340870722762
2024-04-24,0.0020003398247210474,1.3597165595026148e-05,0.0019867426591260212,0.1527989890259862
2024-04-25,-0.0013552088000468284,-0.00036445077742506236,-0.0009907580226217651,-0.06377004251612266
2024-04-26,0.008622775199430995,0.0038799882849486367,0.0047427869144823585,0.03443319663217959
2024-04-29,-0.0033966694844124634,-0.0008671395564860129,-0.00252952992792645,-0.012360407221827572
2024-04-30,0.001958585908048626,0.0025500169573675732,-0.0005914310493189464,-0.09680109646957427
2024-05-01,-0.0006991258874062308,-0.0004337394558021463,-0.00026538643160408434,0.08970947269819657
2024-05-02,-0.006115703797469123,-0.0005058970755009232,-0.005609806721968202,-0.01124227585677069
2024-05-03,0.005295391642851837,0.0014352721567613084,0.0038601194860905276,0.08206164070875059
2024-05-06,-0.0006695906593477362,0.0018901961367280996,-0.002559786796075835,0.009913434626200318
2024-05-07,0.00443707717175609,0.0016589105426054844,0.002778166629150605,0.05825021237867743
2024-05-08,0.0005676279167393402,-0.0011892185774875826,0.001756846494226923,-0.10032955462481821
2024-05-09,0.003422166092752834,-0.0007500348898486028,0.004172200982601437,0.01766273236683066
2024-05-10,-0.005585115280826596,0.0005077679239517425,-0.006092883204778337,0.07209927596815682
2024-05-13,0.0009870494208983898,0.0009817440905548862,5.30533034350314e-06,-0.05942948522067658
2024-05-14,0.003548598827005029,0.0011070396477600112,0.0024415591792450184,-0.0012704510257696294
2024-05-15,-0.003125729986241635,-0.0011188593945711854,-0.00200687059167045,-0.09538330283391819
2024-05-16,-8.069680653858451e-05,-0.0012575694075747414,0.0011768726010361573,0.010153196046543597
2024-05-17,-0.005093864626466311,0.00023910408460685924,-0.005332968711073172,0.0820261782005575
2024-05-20,0.0005491505500532895,0.0009040724875666974,-0.00035492193751340915,0.10977800025806739
2024-05-21,0.004307061486227913,0.00013142149803802624,0.004175639988189888,0.06881608204203185
2024-05-22,0.00620268672016634,-0.0005799769403465552,0.006782663660512894,-0.1684280803899703
2024-05-23,0.0039696187159700864,0.0008627570440035044,0.003106861671966581,0.08864515326465162
2024-05-24,-0.009531010314222883,-0.0009903492431663288,-0.008540661071056551,0.11725729692620313
2024-05-27,0.0055140078869780045,0.002580715666032376,0.0029332922209456304,-0.08796169692229118
2024-05-28,0.0062556516245198986,0.0024881815630888576,0.00376747006143104,0.031207674360836542
2024-05-29,-0.004361079900274553,-0.0012489836695470749,-0.003112096230727478,-0.14273094851081214
2024-05-30,0.0014972383262928462,0.0005949197378833969,0.0009023185884094492,-0.023365931602175694
2024-05-31,-0.007256525013180724,-0.0009702273759736521,-0.0062862976372070715,0.1434663869105623
2024-06-03,-0.0012304524893025346,-0.00042661066483895517,-0.0008038418244635795,-0.043265448588079194
2024-06-04,0.008229045178334072,0.0016889209868907783,0.006540124191443293,0.08134255169601805
2024-06-05,-0.002100284037866416,-0.00045275068760627576,-0.00164753335026014,0.0385563895261668
2024-06-06,0.004111826731447627,0.001078113088796428,0.0030337136426511983,-0.07673818999203282
2024-06-07,0.0019481606791840768,0.0021253804532049125,-0.00017721977402083543,0.1066505570683911
2024-06-10,-0.0038926599599164655,-0.0014386693683926671,-0.0024539905915238,0.051769881170413104
2024-06-11,0.00511580025034562,0.0017055300767079163,0.0034102701736377044,-0.015639541887661517
2024-06-12,0.002597092925288363,0.0006562217514018238,0.0019408711738865382,0.03863196958286441
2024-06-13,-0.0008941620970396351,-0.000789549568143158,-0.00010461252889647655,-0.018529619745819764
2024-06-14,0.002326449563149634,-0.00022854227698711725,0.0025549918401367513,0.12069570398407066
2024-06-17,-0.0012174031144184007,-0.0015917348812576138,0.0003743317668392131,-0.04433803287388042
2024-06-18,0.00651389179590549,0.0024740827564520714,0.004039809039453419,0.001568163207223149
2024-06-19,-0.002158719930303817,-0.0008331244993473519,-0.0013255954309564647,0.012185315624404473
2024-06-20,7.37694298254116e-05,-0.0006567323934205938,0.0007305018232460053,0.003066917144458568
2024-06-21,0.000738156063118106,-0.00019972158973386236,0.0009378776528519671,0.1303355159512297
2024-06-24,0.00020509684682062782,0.0001984482340690345,6.648612751594847e-06,0.0399943358809404
2024-06-25,0.007534228369029028,0.0013809159012877397,0.00615331246774129,0.06699378800998085
2024-06-26,0.0020468753591355937,0.0029775661632444484,-0.0009306908041088555,-0.10875160717919627
2024-06-27,0.0034927601836191964,0.0009682377267300547,0.0025245224568891415,-0.17323917428556448
2024-06-28,-0.006496899165288282,-0.0029871484661713314,-0.00350975069911695,0.0787586525518246
2024-07-01,-0.010634039434758623,-0.0042871244203329766,-0.0063469150144256446,-0.06890256971157463
2024-07-02,0.004421094457407959,0.0025055462755168255,0.0019155481818911345,0.049573771970150976
2024-07-03,-0.003835118639908308,-0.0023603590258491364,-0.0014747596140591724,0.05796543245743893
2024-07-04,0.0027475144109198914,0.00047892311791352315,0.0022685912930063665,0.10341603110234221
2024-07-05,0.0029671097637607186,0.002424172365991706,0.0005429373977690116,0.06756618007892261
2024-07-08,0.004990272489861038,0.0021466027103620713,0.0028436697794989663,-0.02657354554299601
2024-07-09,0.0037174756821577717,0.0018571843611601803,0.0018602913209975931,-0.15232834717003296
2024-07-10,-0.0014560180213323702,-0.0003513412208626091,-0.0011046768004697616,-0.021155663490848353
2024-07-11,-0.00852142256552606,-0.0020094354034488338,-0.006511987162077227,0.04888458896673422
2024-07-12,-0.0012499849545803954,0.0011919177659085456,-0.002441902720488942,-0.0359536786013326
2024-07-15,0.0027095272573224383,0.0005219327386761369,0.0021875945186463023,0.016202338565632492
2024-07-16,-0.002369731644123187,-0.0004310427576076879,-0.001938688886515499,-0.06073987840560998
2024-07-17,0.0009985761951206422,-0.000949708654466112,0.0019482848495867566,-0.03539547942950955
2024-07-18,-0.0034576892334500873,-0.000790371459604023,-0.0026673177738460625,0.03811311010948456
2024-07-19,-0.002280108718632404,-7.023773771436259e-05,-0.002209870980918042,0.06696048671862039
2024-07-22,0.0025535920955825175,0.000375503246605618,0.0021780888489769,0.12823629978962459
2024-07-23,0.004134753463848598,-0.0005118775851327296,0.0046466310489813294,0.028073112505893748
2024-07-24,0.007845568186810079,0.0028859377096304975,0.004959630477179582,0.06125473623088599
2024-07-25,0.0015627208276818877,-0.00036916814925074676,0.0019318889769326338,-0.0036460131748554006
2024-07-26,0.004077388169680977,0.002804577411278507,0.0012728107584024703,0.018564153309792004
2024-07-29,-0.00023109269364512226,-0.0007998728123515182,0.0005687801187063955,-0.08322175325325695
2024-07-30,0.001244446667803262,-0.00035152559014657234,0.0015959722579498362,0.04754327244365318
2024-07-31,-0.00572760727089145,-0.0028906916852311356,-0.0028369155856603134,-0.05612556553347193
2024-08-01,0.003273098293697591,0.0005786113712725317,0.002694486922425059,0.10439732339321757
2024-08-02,-0.003949353383455501,-0.0006465593847157294,-0.0033027939987397715,-0.05592094576997709
2024-08-05,0.007879997907771477,0.00041505911202070755,0.007464938795750772,0.10267452851693808
2024-08-06,-0.0037311773791221426,-0.003294664059771399,-0.0004365133193507467,-0.058042049906120205
2024-08-07,0.007357296719847299,0.0033806443453637293,0.00397665237448357,-0.037232099364430025
2024-08-08,-0.0034232221281591847,-0.000431647690544993,-0.0029915744376141883,-0.06218449417830929
2024-08-09,-0.002363296106214898,-0.0006283229811596906,-0.0017349731250552065,-0.08044324641629043
2024-08-12,-0.004003248482231042,-0.003330865294968578,-0.0006723831872624646,-0.016923633656394346
2024-08-13,-0.004513875686231361,-0.0007708675518705126,-0.0037430081343608483,0.0031569119607986955
2024-08-14,-0.0010442934059763623,0.001543753951959789,-0.0025880473579361508,0.002261964577664355
2024-08-15,0.00020661200383432642,-0.0005159029237544542,0.0007225149275887804,0.0015303761979089702
2024-08-16,0.00012448828794438304,-0.0011919321828874154,0.001316420470831798,-0.06707329114313189
2024-08-19,9.94228988568267e-05,0.001306665479852533,-0.0012072425809957089,-0.030618768018131695
2024-08-20,-0.004613494432388262,-0.0017507817754513566,-0.0028627126569369045,0.043170630923317084
2024-08-21,-0.0019742200262560412,-0.0029213089638586293,0.0009470889376025898,-0.013601607104236144
2024-08-22,0.002971259574204588,-0.0003369405445062231,0.003308200118710811,-0.08283534730498229
2024-08-23,-0.0008773903664792262,0.0009154838442997995,-0.0017928742107790245,0.08037261848513205
2024-08-26,-0.005819912050734207,-0.004706884183038792,-0.0011130278676954129,0.053791781197243704
2024-08-27,0.004816601869980899,0.0032743883973308865,0.0015422134726500118,0.008014659009458793
2024-08-28,0.0031725021186930994,0.00029201729726414764,0.0028804848214289518,-0.09775472614394927
2024-08-29,0.000535954851406715,-0.0037304659399093262,0.004266420791316044,0.002254492424666566
2024-08-30,-0.005773226863808389,-0.0018905316978842426,-0.0038826951659241445,-0.02961039411808311
2024-09-02,0.0001343421866899367,0.002130821051943745,-0.001996478865253808,-0.03489829549260705
2024-09-03,-0.002201075407024059,0.0014449924629487809,-0.0036460678699728397,-0.03092921658519006
2024-09-04,-0.0026046606034886574,-0.0035484457763003806,0.000943785172811723,0.029572798190324396
2024-09-05,-0.0021114298929945426,0.001297759932342732,-0.0034091898253372733,-0.0776013216715538
2024-09-06,0.002162276694260507,-0.0016012101685751994,0.0037634868628357073,0.0011569297053231524
2024-09-09,-0.004321721868701801,-0.0018844326883945273,-0.002437289180307275,0.050455400569648375
2024-09-10,6.320756487835082e-05,-0.002537677022575291,0.0026008845874536408,0.010486983616699185
2024-09-11,0.0034726937192083272,-0.0010835813564974081,0.004556275075705732,0.02380575694172157
2024-09-12,0.0006135762369803227,0.0009233801814680868,-0.00030980394448776316,0.16476653135595334
2024-09-13,0.001213640510996315,0.00132048207573871,-0.00010684156474239336,0.04361353111403938
2024-09-16,0.009612918119322026,0.0030368802192246654,0.006576037900097361,0.02954315484343192
2024-09-17,0.002645633041583324,-0.00029464040453636283,0.002940273446119688,-0.04978372707787737
2024-09-18,0.0019229049670676792,0.000515931403764297,0.0014069735633033822,-0.025236262640310925
2024-09-19,-0.002986222631564958,-0.0003649263882288317,-0.002621296243336127,-0.14449224196701882
2024-09-20,-0.0015311744893799504,0.0005207724157486191,-0.002051946905128569,0.0020287776782758507
2024-09-23,-0.008746333589108993,-0.003591401606534316,-0.005154931982574679,0.1004324695380713
2024-09-24,0.00011181161932235037,-0.0018535562159245188,0.001965367835246869,-0.05232092036565479
2024-09-25,0.0067624150597457786,0.0035582404188102806,0.003204174640935498,-0.12188992152565017
2024-09-26,-0.003229848817209441,-0.00018628547988061746,-0.0030435633373288237,-0.07769571862134579
2024-09-27,-0.007582036255947426,-0.002869050350191916,-0.004712985905755509,-0.016839051238331484
2024-09-30,-0.004446203871202966,-0.0011347845016008587,-0.003311419369602107,-0.08116653591718434
2024-10-01,-0.0010578188454809867,-0.002617081555591345,0.0015592627101103577,-0.022236952284324
2024-10-02,-0.005100895789882131,-0.003943751581127741,-0.0011571442087543898,-0.006655448819314707
2024-10-03,-0.0013979900776922949,-0.000338608019986625,-0.0010593820577056703,-0.058957257692015534
2024-10-04,-0.00038039391653164596,0.0008412513573485924,-0.0012216452738802379,-0.0910204978969646
2024-10-07,-0.0034055388682942686,-0.004478829402784583,0.0010732905344903133,0.028258426652560186
2024-10-08,-0.005433746109599562,0.00019002021868069763,-0.005623766328280259,-0.05216750306213391
2024-10-09,0.0017448897413385258,0.0008024768244803467,0.0009424129168581789,0.1388353413856281
2024-10-10,-0.003566184961346953,0.0027992898650784723,-0.006365474826425426,0.008835742184831892
2024-10-11,0.009340549598902502,0.0005507139629421804,0.008789835635960324,0.008774652007235782
2024-10-14,0.0006065205079728796,-0.00045406630058117924,0.0010605868085540576,0.09341865815301138
2024-10-15,0.0005265140025665226,-0.0004672094085927843,0.0009937234111593064,0.04830562823354901
2024-10-16,0.006954865324575739,-0.001400252430544667,0.008355117755120406,-0.11204975107374966
2024-10-17,0.0034569757233890715,0.0007686603905299634,0.0026883153328591067,0.050995012861062894
2024-10-18,-0.006125429617017206,0.0005329190290894251,-0.0066583486461066314,0.050469573581393146
2024-10-21,0.0032795700568803788,0.0003254406779709103,0.002954129378909467,-0.1031238695106852
2024-10-22,0.0027410554373960743,-0.00021582129506104406,0.002956876732457119,0.054793151863859454
2024-10-23,-0.005469889772685681,-0.0007144938260979818,-0.004755395946587698,-0.18923001537805004
2024-10-24,0.003233036768447867,0.0014006272273306237,0.0018324095411172405,0.08901938615541759
2024-10-25,-0.01019000161619437,-0.0026941446086514377,-0.007495857007542935,0.09993898798094637
2024-10-28,0.005700642042940555,-0.00030153035008355887,0.006002172393024115,-0.03209087637434802
2024-10-29,0.005618582951299769,-0.00016328890853501213,0.00578187185983478,-0.17695100514002796
2024-10-30,-0.0019277427707713264,0.00233924014656086,-0.004266982917332185,0.02368334327946029
2024-10-31,-0.010764768681104783,-0.0019384653332120694,-0.008826303347892712,-0.00864123076953685
2024-11-01,0.0014066232891368144,0.0006767417891756083,0.000729881499961206,0.04778178332692735
2024-11-04,-0.00048355444696381814,-0.0007805563612043932,0.00029700191424057373,0.0372227107689072
2024-11-05,0.0031208134916963642,-0.0004850467856133602,0.0036058602773097227,-0.06940437609243437
2024-11-06,0.002450230518183296,0.0019396422581246268,0.0005105882600586692,0.06401372303437151
2024-11-07,-0.004404891590107044,-0.0023505954156373735,-0.002054296174469672,0.15091520254490226
2024-11-08,0.004228231518230621,-0.002012323545751798,0.006240555063982422,-0.07232408905462408
2024-11-11,0.00966775892439399,0.0028414168184418536,0.006826342105952138,-0.11800868502356493
2024-11-12,-0.004029274352865178,-0.0029407251872249044,-0.0010885491656402741,0.11893897908396932
2024-11-13,-0.006101906283817021,-0.0012744904477294192,-0.0048274158360876035,0.08403898124821338
2024-11-14,0.0071967140411560646,0.0035880435333359335,0.0036086705078201328,-0.09328007007158215
2024-11-15,0.005007982453074752,0.00028502818726965345,0.004722954265805099,-0.009085666845320443
2024-11-18,-0.005114788284194779,-0.0007426559030776422,-0.004372132381117135,0.06574040625776373
2024-11-19,-0.00047364512413262103,0.0009227694909186368,-0.0013964146150512577,-0.018683219065241594
2024-11-20,0.003600192984965585,0.00329834227622502,0.00030185070874056514,0.07544398606894444
2024-11-21,-0.001154494991410485,-0.0011056405055425277,-4.8854485867957063e-05,-0.0295406236878956
2024-11-22,0.004269393918163236,0.0005804345305548202,0.003688959387608415,0.12469242115194151
2024-11-25,-0.0017085891710931743,-0.0002683558261800612,-0.0014402333449131139,-0.042288209091802996
2024-11-26,0.008573605420939927,0.004497390646366541,0.0040762147745733845,-0.11742986449395904
2024-11-27,-0.0025693007967941594,0.0019753639264062164,-0.004544664723200375,-0.04270809821087551
2024-11-28,-0.007542309714836605,-0.002855046340738992,-0.004687263374097614,0.0829182536513438
2024-11-29,-0.002787502241138633,0.0029936684140608287,-0.005781170655199459,4.8541435679845786e-05
2024-12-02,0.00547965165652716,0.006916907164818671,-0.0014372555082915097,0.1191278384529543
2024-12-03,-0.0002184708016793437,0.007498480824077551,-0.007716951625756897,0.10765553897157563
2024-12-04,0.010029043109657135,0.0019469973450136919,0.008082045764643444,0.10124542053147398
2024-12-05,0.008222014632130743,0.006581194150850165,0.0016408204812805782,0.17714049945968313
2024-12-06,0.007853284097547767,-0.001636982492567247,0.009490266590115017,0.08388534819559636
2024-12-09,0.013287470120696842,0.00036169308007095394,0.012925777040625891,0.008098054302590188
2024-12-10,0.00607637658644356,-0.0008608278816032988,0.006937204468046858,-0.007558813269957449
2024-12-11,0.0005277333431527435,-0.002579805285402025,0.003107538628554769,-0.011812742299826956
2024-12-12,-0.000496050027021895,-0.0012400214691687655,0.0007439714421468703,-0.08516979978160999
2024-12-13,-0.0007509905061952645,0.0010604047884706005,-0.0018113952946658633,0.030053910987038867
2024-12-16,-0.005672902450455598,0.0002337848757453468,-0.005906687326200947,0.0021453235933898635
2024-12-17,0.0024892420716306997,-0.0010891434929978829,0.0035783855646285816,0.052482187397319816
2024-12-18,0.0001412622268971102,0.0007120393155250742,-0.0005707770886279637,-0.03839087872878874
2024-12-19,0.003916192950482664,-0.0006732696016408096,0.0045894625521234736,0.06265427608166553
2024-12-20,-0.0030571345805032327,-0.0006493594176620893,-0.0024077751628411425,-0.05752606255910594
2024-12-23,0.004690863452478011,0.00038885465215257077,0.004302008800325437,-0.10827368956958923
2024-12-24,-0.004629557304301594,-0.0014548484273340344,-0.0031747088769675594,0.04887674985046983
2024-12-25,-0.007067286638519689,-0.0004026356684058846,-0.006664650970113803,0.0019509543884044741
2024-12-26,0.003369425357027682,-0.00011322495744895897,0.0034826503144766412,0.04556946810108826
2024-12-27,0.00013285925973658194,-0.0017401864863597245,0.0018730457460963065,-0.08348145321332
2024-12-30,0.0027317331415129716,0.00202684038941992,0.0007048927520930507,0.026111040201231023
2024-12-31,-0.00517514769695508,0.0007482470029346946,-0.005923394699889777,0.0593096179032493
2025-01-01,0.0015642267938543218,0.0018747345586754898,-0.00031050776482116713,-0.0493739214457468
2025-01-02,0.0034019491271270914,0.0009377818043850163,0.002464167322742076,0.05325019797892021
2025-01-03,-0.003262964981709972,-0.002100942406234889,-0.0011620225754750831,0.021853462832586625
2025-01-06,0.0029798102178625278,0.0001103186418697829,0.002869491575992743,0.023778019250324637
2025-01-07,0.001647020334623574,0.0018994618078068525,-0.00025244147318327984,-0.03097343965732096
2025-01-08,0.0015117828847090102,0.0021857898484643427,-0.000674006963755332,-0.03689478733150371
2025-01-09,-0.002058372239260168,-0.0029015047719424735,0.0008431325326823064,-0.04806163589326083
2025-01-10,-0.0021869740501355367,0.0009201369027023575,-0.0031071109528378934,-0.023525453817976622
2025-01-13,-0.0039568546814500805,-0.002170376121854025,-0.0017864785595960563,-0.09599071551911799
2025-01-14,-0.001988865749797095,-0.005346551162896389,0.003357685413099297,0.11909472259023927
2025-01-15,-0.005883034998041716,-2.3519109478855292e-05,-0.005859515888562861,-0.03496596266027805
2025-01-16,0.007783208958103749,0.003611687252360843,0.004171521705742907,-0.07383930307917494
2025-01-17,-0.002319106385320892,-0.0014099567433501093,-0.0009091496419707801,0.14856520106208387
2025-01-20,-0.004835012920071167,-0.0018349058937223986,-0.003000107026348768,-0.1337934103229654
2025-01-21,0.0088271762002643,0.003594933981978507,0.005232242218285794,-0.08865328675058837
2025-01-22,-0.008113045798730158,-0.0027817062766745337,-0.005331339522055622,0.0718294322974355
2025-01-23,-0.005719050143105779,-0.002199583531665878,-0.003519466611439901,0.16513028601606125
2025-01-24,0.0048491891031417645,-0.0008371692125394084,0.005686358315681173,0.10339520814582166
2025-01-27,0.010223205010897232,0.002954768156442712,0.007268436854454519,-0.034431075223441215
2025-01-28,0.006404968118650921,5.654299526015698e-05,0.006348425123390764,-0.11611743043401607
2025-01-29,-0.002189271984319694,-0.00028337429068619416,-0.001905897693633498,-0.04080985053067324
2025-01-30,-0.007438755440464531,-0.0024977531103507443,-0.004941002330113787,-0.19710692086317927
2025-01-31,-0.0027129586290403507,-0.0030153733330902863,0.00030241470404993726,
2025-02-03,-0.015600179943541796,-0.008067581625163162,-0.007532598318378637,
