,ls_ret,long_excess_ret,short_excess_ret,ic
2017-01-02,0.012487384160015484,0.0035058068594233174,0.008981577300592165,-0.043685735675565524
2017-01-03,-0.01215798483733737,-0.003227254819071926,-0.008930730018265443,0.06386194027090826
2017-01-04,-0.0022119835923398363,-0.0015147416710368678,-0.000697241921302968,0.024446170902387234
2017-01-05,0.003096264921269818,0.0016522557989834311,0.0014440091222863863,-0.35302091936677443
2017-01-06,0.00188269000415832,0.0012203570572218644,0.0006623329469364475,-0.39269603015732735
2017-01-09,-0.02098510210710411,-0.006414577872210798,-0.01457052423489331,-0.07023406401010826
2017-01-10,-0.02146215415453354,-0.005771567676515883,-0.015690586478017653,-0.06641549590976151
2017-01-11,-0.003808432798710111,-0.0010652990447439668,-0.002743133753966143,0.05187494811550887
2017-01-12,-0.003487605286319986,-0.0018369216711250174,-0.001650683615194969,0.0666401002701136
2017-01-13,0.0027612108050997907,0.00031628179244899777,0.002444929012650791,-0.20939372369120454
2017-01-16,0.003359728508189291,0.002494352637503753,0.0008653758706855382,0.3216641283271678
2017-01-17,-0.011420047900438907,-0.003759910457356356,-0.00766013744308255,-0.16665604707432577
2017-01-18,0.02119617847434887,0.008103226664239696,0.013092951810109171,-0.3205682580698918
2017-01-19,-0.008162283806243778,-0.0019758737128059496,-0.0061864100934378285,0.21681130877252347
2017-01-20,-0.018627837964052884,-0.0047489865813062125,-0.013878851382746674,0.0031998239004058546
2017-01-23,0.011632219253273105,0.002714411077202008,0.008917808176071098,0.009588499237960162
2017-01-24,0.0001578544525497722,-0.0006251002637682919,0.0007829547163180645,0.0975106178838769
2017-01-25,0.0004640742574896498,-0.0008619283514798965,0.0013260026089695468,-0.19982590842454923
2017-01-26,0.0056541143018273765,0.0012756388296309065,0.00437847547219647,0.022046200611011958
2017-01-27,-0.00949242548628344,-0.0011115795607358394,-0.008380845925547598,-0.15877514130694112
2017-01-30,0.001156717846367782,0.0008855639458198966,0.00027115390054788593,0.009866389252901238
2017-01-31,-0.007875386614013753,-0.0009256409321447912,-0.006949745681868962,0.33211054634708087
2017-02-01,0.0004910494570874069,0.0002372643979842836,0.000253785059103122,-0.12839928627105732
2017-02-02,0.020949305635123816,0.005339037961841221,0.015610267673282593,0.018906249864886118
2017-02-03,-0.0060261278385680276,-0.002954014002019119,-0.003072113836548908,0.07748903264831203
2017-02-06,0.0008977444189148128,-0.0013307656279172258,0.0022285100468320386,-0.08475886667094468
2017-02-07,0.00390958705333443,0.0010745216988003684,0.0028350653545340613,0.16198578824555615
2017-02-08,-0.0038039820639870522,-0.0014470381436451855,-0.002356943920341867,-0.07869901761084408
2017-02-09,0.008359279187498417,0.0026116626638093827,0.005747616523689034,0.19744497614276826
2017-02-10,-0.003635685434908215,-0.0010650817560756507,-0.0025706036788325642,0.16924805425949607
2017-02-13,0.009038585749699358,0.0027495330510276714,0.006289052698671687,0.09917459839296278
2017-02-14,0.007572128608314078,0.0020831904631438912,0.005488938145170185,-0.11747645193132467
2017-02-15,0.004731347679922747,0.0018675714626131892,0.0028637762173095594,-0.029221543059232136
2017-02-16,-0.004511044700609014,-0.001340428390441805,-0.003170616310167209,0.07459215725409514
2017-02-17,-0.0012400956056694591,4.8049783363111886e-05,-0.001288145389032571,-0.05965448799828843
2017-02-20,0.0034860917887088727,0.0009059699651818167,0.002580121823527056,-0.07908586479123442
2017-02-21,-0.0029178000015689155,-0.0012095426972801313,-0.0017082573042887838,-0.11081830489505941
2017-02-22,-0.0037604347438147502,-0.0015616037108243178,-0.0021988310329904342,-0.05085507833949361
2017-02-23,-0.005447756790413864,-0.002024300743577864,-0.0034234560468360004,0.009591528127904059
2017-02-24,-0.002796829349123662,-0.0016900285061742654,-0.0011068008429493967,-0.07655097441111984
2017-02-27,0.00047017231847846705,0.0008309536083086274,-0.00036078128983016064,0.05172280644727833
2017-02-28,-0.004012920066305272,-0.0027509742879399147,-0.0012619457783653578,-0.05730525785021965
2017-03-01,0.002566040745728699,0.0002322933481473991,0.0023337473975812996,-0.11228599143089163
2017-03-02,-0.0029126534027965325,-0.0017222600185483926,-0.0011903933842481395,0.07606708525172143
2017-03-03,-0.005990782621623203,-0.00261472773534808,-0.0033760548862751226,-0.04051672611899916
2017-03-06,0.004308150824668799,0.0026362750284178024,0.0016718757962509963,0.04249730696638156
2017-03-07,-0.0018161092582945917,-0.0004121791271390826,-0.0014039301311555095,0.25669750665041025
2017-03-08,0.0020512132650121542,-0.0006019098818193262,0.0026531231468314804,-0.1393700790053366
2017-03-09,0.013786804156609402,0.005375279143038836,0.008411525013570564,0.10668348729868542
2017-03-10,-0.006843420236576814,-0.002022815232456312,-0.004820605004120503,-0.1682711658121976
2017-03-13,0.004955952588659677,0.002371210896457188,0.00258474169220249,0.23704673964347261
2017-03-14,-0.007669899739648123,-0.002602807400238622,-0.005067092339409499,-0.02665998193037562
2017-03-15,0.012263555333328027,0.002935602788209297,0.009327952545118728,0.2924358107100021
2017-03-16,-0.0013775325550231872,-0.0018314808812077503,0.0004539483261845642,-0.10207714802459163
2017-03-17,0.015275726315731477,0.003952414500551773,0.011323311815179706,-0.13979125255584673
2017-03-20,-0.005122802827897042,-0.0024120989670583554,-0.0027107038608386873,-0.017873459991067993
2017-03-21,-0.0060054675431615795,-0.002464473512116013,-0.0035409940310455676,-0.1106711496564466
2017-03-22,-0.0008531338601367611,-0.0004939130101544384,-0.0003592208499823236,-0.04917594649136248
2017-03-23,-0.004897320378495815,-0.002465030055967105,-0.0024322903225287087,0.21252803630048953
2017-03-24,-0.0023969036456897522,-0.0007096403703518456,-0.0016872632753379066,0.188167030462591
2017-03-27,0.011719179004199623,0.0049158678585247955,0.0068033111456748275,-0.04824470307296205
2017-03-28,0.010524453122921936,0.003071444289846172,0.007453008833075765,0.09339762193771423
2017-03-29,-0.0023162161521520976,-0.00036617767406776935,-0.0019500384780843287,0.1673247455187991
2017-03-30,0.0041505666378178875,0.0012873011381199844,0.0028632654996979022,0.04479339064125615
2017-03-31,0.009611687298739503,0.0027186863514321036,0.0068930009473074025,0.1372031698528445
2017-04-03,0.0021077503183668626,0.001130969876037956,0.0009767804423289055,0.10215884629724527
2017-04-04,0.006330407675129813,0.001976843050740291,0.004353564624389522,-0.0039741058058115645
2017-04-05,0.005644877073839425,0.002555987957225987,0.0030888891166134386,-0.011090992166918726
2017-04-06,-0.00019041915921436895,0.0013164394094853371,-0.0015068585686997052,0.07103320084450737
2017-04-07,-0.0004630679030194051,0.0004225479022720649,-0.0008856158052914708,0.03583970239339195
2017-04-10,0.0031592285495954955,0.0011670388209548636,0.0019921897286406315,0.03372291443738879
2017-04-11,0.0013328479800583679,0.000870457007209397,0.00046239097284897154,0.0617445410779434
2017-04-12,0.0014875513890064487,0.0007111821123154628,0.0007763692766909868,0.09049405492525031
2017-04-13,0.002767636474331335,0.0008046664306886981,0.0019629700436426386,-0.12826414218045096
2017-04-14,0.005789010653440818,0.002819878111607794,0.0029691325418330188,0.0425593014654068
2017-04-17,-0.006182837656185467,-0.0015629351669567484,-0.00461990248922872,0.16357161869633466
2017-04-18,0.002119846995748448,0.0005275387641266198,0.0015923082316218282,0.023495771986783716
2017-04-19,0.008008518670373981,0.002390255224119505,0.00561826344625448,-0.06596439547888742
2017-04-20,0.0012014062014130496,4.084275510813848e-05,0.0011605634463049122,-0.04793631536727455
2017-04-21,-0.0031891054559117374,-0.001948649022088073,-0.0012404564338236654,0.06703939088907317
2017-04-24,-0.0023100225375245666,-0.0007295669875706252,-0.0015804555499539406,0.0015717161666789169
2017-04-25,0.0029077744435680075,0.0010138730551848552,0.0018939013883831532,-0.07095392363938534
2017-04-26,6.252149723254188e-05,-0.0003792691720007355,0.00044179066923327737,-0.15458076357234227
2017-04-27,-0.003598434374170292,-0.0014660743117238736,-0.0021323600624464194,0.09728527379600496
2017-04-28,-0.008754784646993113,-0.002487175567256481,-0.006267609079736635,0.14296850282778573
2017-05-01,0.0053583331478475925,0.0019472987097697422,0.0034110344380778495,0.00579591921900669
2017-05-02,0.007854893410563968,0.0030472276866722724,0.004807665723891694,0.15906397950827042
2017-05-03,0.00029226442496111836,0.0012588236255902485,-0.0009665592006291301,-0.20710795581829647
2017-05-04,0.010937007615182754,0.003407640710136356,0.007529366905046395,-0.07369470115973084
2017-05-05,-0.01287366935288034,-0.004512783102701354,-0.008360886250178985,-0.009129614899747446
2017-05-08,-0.0037633941695221903,-0.0017426600117774645,-0.0020207341577447254,0.23624085722442523
2017-05-09,-0.0005027498929805821,0.0002998843225210919,-0.0008026342155016742,0.026021805685608225
2017-05-10,0.01282128908485255,0.005728413818269683,0.007092875266582865,0.2718216229631562
2017-05-11,0.0013796425689965185,0.0003664125597097369,0.0010132300092867805,-0.24764487983993028
2017-05-12,0.01679956564449018,0.004725609698205824,0.012073955946284354,-0.07256835074178744
2017-05-15,-0.011777696514481545,-0.0025834107281387277,-0.009194285786342817,0.1319585509391163
2017-05-16,-0.003948676974899775,-0.001693664067222517,-0.0022550129076772574,-0.06574574540119657
2017-05-17,0.005698025785644372,0.0022555618705854784,0.003442463915058893,-0.0794354875516055
2017-05-18,-0.002687823238313082,-0.0004743375980688809,-0.0022134856402442026,0.18512916382956135
2017-05-19,-0.004515068294599892,-0.0017542260357158394,-0.002760842258884051,-0.12631824262014563
2017-05-22,0.010813354831328108,0.0032715642715162793,0.007541790559811832,0.19896846385172062
2017-05-23,-0.006694872811271222,-0.0015575917867461046,-0.00513728102452512,0.034270206986891226
2017-05-24,0.008896707274173143,0.0030805381986753443,0.0058161690754977985,-0.03187672210091632
2017-05-25,0.0012930688762266384,0.0008362861695023916,0.0004567827067242479,-0.05352133178053912
2017-05-26,-0.0014075324201470755,-0.0010461070906363432,-0.0003614253295107332,-0.10126948055533676
2017-05-29,-0.002261625711770613,-0.0018526819013714498,-0.0004089438103991611,-0.037453026690009966
2017-05-30,-0.00372775705790988,-0.0010395442740753144,-0.002688212783834564,0.21592049740085262
2017-05-31,-0.001559248433266351,0.00011666554077171772,-0.001675913974038069,0.07489368706943164
2017-06-01,0.010508781937945874,0.003428260666434189,0.007080521271511684,-0.039128648067364186
2017-06-02,0.004260063140160352,0.0005319604786731703,0.0037281026614871832,0.01804508575218321
2017-06-05,-0.001653738284923827,0.0002468585059580749,-0.0019005967908819017,-0.18004230707220534
2017-06-06,0.0007702877581590552,-0.0007025547767065057,0.00147284253486556,0.09165033657389894
2017-06-07,-0.00762726235676299,-0.003704988489091199,-0.003922273867671791,0.013702106942371658
2017-06-08,0.003967282048863114,0.00042254777894668613,0.0035447342699164285,0.1499362058493038
2017-06-09,0.0008421633942263087,-0.0017639480664465787,0.0026061114606728882,0.07276563121258026
2017-06-12,0.007310810194509672,0.0023745455770726375,0.004936264617437035,0.05583444059356666
2017-06-13,0.003546003803017601,0.000167000578183139,0.003379003224834462,0.1290993402752392
2017-06-14,0.0025545932429844142,0.0003766655130797536,0.0021779277299046615,-0.0806302810651091
2017-06-15,0.005883686675405054,0.002004838250279464,0.0038788484251255887,0.013156021482371558
2017-06-16,-0.0034256412885035952,-0.00016645871731874387,-0.0032591825711848522,-0.0261272676544535
2017-06-19,0.0005699186804633783,0.000170677584554111,0.0003992410959092682,0.06651415053593218
2017-06-20,-0.001247797959854415,0.0003631651069431047,-0.0016109630667975195,-0.1636791274826702
2017-06-21,0.0032664063827246635,0.002150129392152555,0.0011162769905721085,-0.008209337084394933
2017-06-22,-0.00854708590237913,-0.0007030164989202637,-0.007844069403458864,0.0037807267345948098
2017-06-23,-0.0004064594206409401,0.0010203044935361524,-0.001426763914177092,0.1442293716371382
2017-06-26,0.00021192583011278663,-0.0014451560289338687,0.0016570818590466562,0.08442915989176293
2017-06-27,0.007709105574343197,0.0020404847122967073,0.00566862086204649,0.04751479729403762
2017-06-28,0.004550170957003108,0.0019925744879211423,0.0025575964690819665,-0.1929613872976111
2017-06-29,0.0032878484019923503,0.0019309949821930614,0.0013568534197992872,0.1936281519858943
2017-06-30,-0.010707794202066636,-0.0034952552004762494,-0.007212539001590388,-0.07844150120835162
2017-07-03,0.011288010066896432,0.003609657378459717,0.007678352688436715,0.09582698592978764
2017-07-04,-0.003857800151277337,-0.0015076380297490584,-0.0023501621215282777,0.059053560304706404
2017-07-05,0.004816079056703208,0.0025003015741338944,0.002315777482569314,-0.09035811032040461
2017-07-06,0.003469833216983937,0.001177047606945066,0.0022927856100388704,0.019157115540694773
2017-07-07,-0.004334080479342481,-0.0018337203425802368,-0.0025003601367622435,0.11085199417859361
2017-07-10,0.0010252317764378508,0.0016484140133814877,-0.0006231822369436365,-0.019585812158785465
2017-07-11,0.005096349869841636,0.0021697472766750527,0.002926602593166584,-0.10579240973360204
2017-07-12,-0.0008836812766328701,-0.0001774786913977971,-0.000706202585235073,0.04810262987559107
2017-07-13,-0.005290934004681146,-0.0033358533264956462,-0.0019550806781854987,0.028027461050178084
2017-07-14,0.002345944763237842,0.001911398437909765,0.0004345463253280766,0.020927028060063253
2017-07-17,0.0020893995948165203,-0.00017445606062264918,0.0022638556554391703,-0.07636364168616182
2017-07-18,0.0016567471081002537,0.0005902466043995955,0.0010665005037006625,-0.0998098121948614
2017-07-19,-0.005262435738276947,-0.0016356467349030474,-0.0036267890033738993,0.10899724527392883
2017-07-20,-0.006597187465938282,-0.002692536581799709,-0.003904650884138574,0.05791534683049769
2017-07-21,0.009019233608028747,0.0014451295287922078,0.007574104079236539,0.16408773188822467
2017-07-24,0.003683758484731318,0.0035633606696689754,0.00012039781506234266,0.2973981068224946
2017-07-25,0.00876216358265126,0.004377847358047145,0.0043843162246041175,-0.07993861067700193
2017-07-26,0.020619182424784548,0.003798795996068423,0.016820386428716125,0.02942495372106753
2017-07-27,-0.004095724283773083,0.0014175084291985045,-0.005513232712971584,0.13625311675913077
2017-07-28,0.0013857564345824277,-0.00031686175266404967,0.0017026181872464771,-0.14496994448739697
2017-07-31,0.006218614787095895,0.003084099458922885,0.00313451532817301,0.01876223817098761
2017-08-01,-0.006399945807181109,-0.0009185219757472732,-0.005481423831433838,0.02182829255815429
2017-08-02,0.0008620282474239803,0.00031906488852885117,0.0005429633588951294,0.1492074391119246
2017-08-03,0.0011517703117570732,0.0038164357605721365,-0.0026646654488150616,-0.042132765721684264
2017-08-04,0.008925158066311462,0.004861402029606415,0.004063756036705047,-0.024609809839142058
2017-08-07,-0.0023523930010007498,-0.0006751193755677029,-0.0016772736254330473,0.1319654124129287
2017-08-08,-0.001467577956705938,0.0024394347806435644,-0.003907012737349499,-0.06251046446138424
2017-08-09,0.0069651245196812525,0.0014552443131262294,0.005509880206555022,0.0932071542366685
2017-08-10,-0.0035951116896077847,-0.0017085167249572568,-0.001886594964650528,-0.02446716573639862
2017-08-11,0.004741608047507627,0.002396900653940364,0.002344707393567262,0.0846537131087532
2017-08-14,-0.001159979738160977,-8.686319032318035e-05,-0.0010731165478377967,-0.1876498233589392
2017-08-15,0.004306496093118487,0.0015004663687662977,0.00280602972435219,-0.12636132417453982
2017-08-16,-0.009908611440106584,-0.002942392826890081,-0.006966218613216502,0.14328185221577325
2017-08-17,-0.00648271116074898,-0.002215810913596402,-0.004266900247152577,0.10952303243745637
2017-08-18,0.007449200792517949,0.0013942717221235943,0.006054929070394353,-0.013470763750681984
2017-08-21,0.005480533308599391,0.0016276227140568245,0.0038529105945425673,0.026077148463507862
2017-08-22,-0.0007636054759143779,-0.000980612801915151,0.00021700732600077322,-0.08233926100722036
2017-08-23,0.0014038880413152455,0.0002705242143361358,0.0011333638269791094,0.01554008469580266
2017-08-24,-0.004607816445174001,-0.002016286277338121,-0.002591530167835881,0.23048819422663894
2017-08-25,0.0008541860515312227,-0.00025795876664733543,0.0011121448181785581,-0.035994363436398315
2017-08-28,0.012454415912179637,0.00428087834797107,0.008173537564208569,0.1867330384658753
2017-08-29,-0.0019714231876371644,-0.0016498988970086376,-0.00032152429062852657,-0.15713041483924123
2017-08-30,0.016789555002838078,0.0037257497591482377,0.013063805243689823,-0.17375446322128396
2017-08-31,-0.010692579120016733,-0.003960913284997154,-0.006731665835019576,0.10906651370332623
2017-09-01,-0.009759984752493164,-0.002647967537177432,-0.007112017215315736,0.08846955995618502
2017-09-04,0.007224918497223077,0.0009309716592241406,0.006293946837998937,-0.26620288450611085
2017-09-05,0.00425702189684911,0.002794782832729664,0.0014622390641194465,-0.06348337966731663
2017-09-06,-0.016238601495405843,-0.007844812119410492,-0.008393789375995352,0.012361991250998612
2017-09-07,-0.004041639940415121,-0.0014705232255418244,-0.0025711167148732977,0.16707302365618892
2017-09-08,0.000708116212240864,-0.000320953614983464,0.0010290698272243277,-0.14400191199003243
2017-09-11,0.009616174947233927,0.0033817691955861794,0.006234405751647746,0.17580280147184435
2017-09-12,-0.009084444615705088,-0.004402747977712138,-0.004681696637992949,-0.05094327388534382
2017-09-13,0.01203119734727366,0.0051649940472984586,0.006866203299975201,0.07080913679310251
2017-09-14,-0.00256064512407579,-0.0008702118452151219,-0.001690433278860668,0.055794627095320785
2017-09-15,0.003872475954687946,0.0010092544223012936,0.002863221532386653,-0.19580852230312187
2017-09-18,0.003014929412586931,0.0008970606180838461,0.002117868794503085,0.20067007318345553
2017-09-19,-0.013844327425527004,-0.005087929054910388,-0.008756398370616618,-0.25890476215522423
2017-09-20,0.01293721588385242,0.006500356785372374,0.006436859098480047,0.10093752753724942
2017-09-21,-0.017754009201426883,-0.006377276828854575,-0.011376732372572312,0.10621815794423548
2017-09-22,0.005325802952505589,0.0019714187929581704,0.003354384159547419,0.13817688789873078
2017-09-25,0.006577067338401005,0.0014725975261025946,0.005104469812298413,-0.23611008845753356
2017-09-26,0.009575384516039783,0.001917020835700967,0.007658363680338816,-0.023129869544712214
2017-09-27,-0.012324262161137653,-0.0037136512528455796,-0.008610610908292075,-0.004436938435769951
2017-09-28,-0.0013618064189698034,-0.0014376199463515113,7.581352738170698e-05,0.1688264097957256
2017-09-29,-0.0002686337026493534,-0.00017739112502679344,-9.124257762255922e-05,0.14502237733961393
2017-10-02,0.010369911073918103,0.0034100596011990268,0.006959851472719078,-0.028561513984439832
2017-10-03,0.010773277186214146,0.003639213833983717,0.007134063352230429,0.14814284679478412
2017-10-04,-0.0014893885564022159,0.00018701348265524886,-0.001676402039057466,-0.1570572981907181
2017-10-05,0.0075112676118181225,0.0012356236630577605,0.006275643948760361,0.04804525925828383
2017-10-06,-0.007455051572924145,-0.0022201640336386684,-0.005234887539285478,0.0040495295818136325
2017-10-09,0.0022091482898002096,0.0009891532072810426,0.0012199950825191666,0.053386453548512916
2017-10-10,0.00016420460953137697,-0.0007874682584919778,0.0009516728680233546,0.12620624496685065
2017-10-11,0.0026954573050127963,0.0006382757569541537,0.0020571815480586435,-0.002669623154920438
2017-10-12,0.007199358011763867,0.0030341694026790166,0.004165188609084849,-0.1468468288561864
2017-10-13,-0.00015102365927877385,0.001051167225206616,-0.00120219088448539,0.044612817878169155
2017-10-16,-0.007216286634413817,-0.0022972615762332487,-0.004919025058180572,-0.04027078240301568
2017-10-17,0.0025149760060110505,0.002123356570290396,0.0003916194357206533,0.04796082857566085
2017-10-18,-0.0018298200082175295,0.0006703450500435914,-0.0025001650582611207,0.004854185283718187
2017-10-19,0.002368824852136188,0.0011345819507341624,0.001234242901402025,-0.05810108000028337
2017-10-20,0.00024717293166201786,-0.0004700634032290714,0.0007172363348910884,0.15376935476720074
2017-10-23,-0.0029489073938233075,-0.0004766353563509691,-0.0024722720374723397,-0.11502885932375884
2017-10-24,0.007623054555002673,0.0030594594006444617,0.004563595154358212,0.06029133935584254
2017-10-25,-0.005652259206974667,-0.0018462937031400095,-0.0038059655038346586,0.008045818859489417
2017-10-26,0.003312888524958105,0.0016389534765823104,0.0016739350483757943,0.11462154684143121
2017-10-27,0.0005345116605185276,-0.0005171763698526132,0.0010516880303711416,0.14367011633986765
2017-10-30,0.0064167329423624984,0.003178578142929254,0.0032381547994332436,-0.20411433806505194
2017-10-31,0.01072066674039299,0.0030175153776656194,0.007703151362727367,0.11738379688492012
2017-11-01,-0.011484574703853492,-0.003505617725716857,-0.007978956978136637,0.105392055993794
2017-11-02,0.006957698722916276,0.0016940824705353168,0.005263616252380959,-0.2037333778529429
2017-11-03,0.006345747401676864,0.0029042914826926574,0.003441455918984207,-0.01885575226308389
2017-11-06,-0.009757825722733916,-0.003811921240077532,-0.005945904482656382,0.060145552929800145
2017-11-07,-0.0008873316216401444,0.0005396969201579348,-0.0014270285417980794,-0.026005785352155773
2017-11-08,0.003089061190148851,0.0020118407377367727,0.0010772204524120777,0.0740368227221731
2017-11-09,-0.001372276361573689,-0.001428221354104451,5.5944992530764653e-05,-0.0731129492403421
2017-11-10,0.004224903755014809,0.0016324907286598073,0.002592413026355,0.13817753531008775
2017-11-13,-0.0036988345322463167,-0.0013168284271706078,-0.0023820061050757084,0.027446732342144543
2017-11-14,0.007804592922163228,0.0023900074816884977,0.005414585440474729,0.05229000127200518
2017-11-15,0.0015121320456458424,0.0002039213469406066,0.0013082106987052367,-0.016847406868007245
2017-11-16,0.0036132825759612464,-0.0001885610219421567,0.003801843597903403,-0.04928452343358616
2017-11-17,-0.0012251579744160974,-0.0039476508271867605,0.0027224928527706527,0.054731721258469146
2017-11-20,-0.0034054553856225,0.0016736537366955836,-0.005079109122318086,-0.020436785840390957
2017-11-21,0.004195563417556895,0.0008572793124799367,0.0033382841050769614,-0.0225252063092369
2017-11-22,-0.0011289904026152257,0.0004273348120685874,-0.0015563252146838132,-0.036743172374864436
2017-11-23,-0.001139076389831334,-0.0013097305272164361,0.0001706541373851008,0.1018936949469616
2017-11-24,-0.0022301707653893206,-0.0020845700620656642,-0.00014560070332365893,0.13425543919560876
2017-11-27,0.005199943006016339,0.0007167881350570822,0.004483154870959257,-0.20044399621621342
2017-11-28,0.0077856630484346625,0.002145029858737489,0.005640633189697172,0.07537973499616547
2017-11-29,-0.010325813407059676,-0.0028151255253544595,-0.007510687881705214,-0.10078888409151285
2017-11-30,0.004464182324542554,0.0033173862745875405,0.0011467960499550126,0.11877259215526471
2017-12-01,-0.0056706404383348044,-0.00013333095643880757,-0.005537309481895998,0.041385200509001185
2017-12-04,0.0077322909892983075,0.003030949005225452,0.004701341984072863,-0.12618305429329257
2017-12-05,0.002398455893327091,0.00023360036104961082,0.0021648555322774793,-0.08198239098559296
2017-12-06,-0.0070282217350791515,-0.0019943763447579925,-0.005033845390321157,0.009489730183404769
2017-12-07,-0.004362915132587875,-0.00016613441221695682,-0.00419678072037092,-5.871843713737993e-05
2017-12-08,0.0004919592655251099,-0.0005719386197866015,0.0010638978853117122,-0.17767141350521706
2017-12-11,-3.832423601610874e-06,-0.0010760484894598646,0.0010722160658582537,0.06491686214021364
2017-12-12,-0.008403340195633241,-0.002736224994554417,-0.005667115201078817,-0.030520128563867606
2017-12-13,0.0035937349529177472,-0.0001843054677973712,0.0037780404207151184,-0.02557902750418975
2017-12-14,-0.0018976651995525843,-0.0007375719809991201,-0.0011600932185534645,0.22911886787255595
2017-12-15,-0.0013394775805849754,-0.0007645322434421324,-0.0005749453371428417,-0.0030970282528717864
2017-12-18,0.012663608995299065,0.004375595870175361,0.008288013125123703,-0.0404998894089233
2017-12-19,-0.0001520868855897728,0.00105084770301162,-0.0012029345886013943,-0.02647859366865397
2017-12-20,-0.0017779940295342051,-0.0001875530527854375,-0.001590440976748769,0.19271822048333184
2017-12-21,-0.001835686156044544,-0.0002804562244150578,-0.001555229931629487,0.03790060919349483
2017-12-22,0.01046377467590924,0.0031508064585339425,0.007312968217375298,0.2260397742064054
2017-12-25,0.002127581456429426,0.0005157903871359246,0.001611791069293501,0.012909929091468573
2017-12-26,0.01439341874556695,0.006121804332794625,0.008271614412772323,0.023011435056985125
2017-12-27,0.0007370727131672814,0.00012033757889189176,0.0006167351342753879,0.14432345119650028
2017-12-28,0.0014914334437820726,0.0005189411211488672,0.0009724923226332068,-0.07833411495999301
2017-12-29,0.007019052482182553,0.002422654761247603,0.00459639772093495,-0.1062050316363172
2018-01-01,-0.00397678844754831,-0.000284243271234403,-0.0036925451763139064,0.03052923119738878
2018-01-02,-0.007579950338328463,-0.0025910862192803884,-0.004988864119048073,-0.06745788920195697
2018-01-03,0.0019764393924484704,0.00015540962787717431,0.0018210297645712935,-0.21957961960297628
2018-01-04,-0.0047314243511412755,-0.0017225369998062796,-0.0030088873513349976,-0.15283026947512332
2018-01-05,-0.010558801345113602,-0.003580398500473505,-0.006978402844640099,0.0990476044943202
2018-01-08,-0.00986789029534849,-0.0050530885868214186,-0.004814801708527074,0.15686062553735092
2018-01-09,0.004840363326817601,0.0016768463740522398,0.0031635169527653613,0.023367453310274938
2018-01-10,0.007278537455547027,0.0025284652690622036,0.004750072186484823,-0.0013443435818200177
2018-01-11,0.0012649164272076495,-0.0002753860948265501,0.0015403025220341996,0.006071018210122934
2018-01-12,-6.360184684235843e-05,-0.0002709109369088674,0.00020730909006650908,0.20742241338419426
2018-01-15,0.00026721557816814347,-0.00017177771195572844,0.00043899329012387495,0.07518248601933245
2018-01-16,0.01013473934427719,0.003332466805129888,0.006802272539147301,-0.09060641482839865
2018-01-17,0.0038735266579261627,0.0013042246193412307,0.002569302038584933,0.0217032714155619
2018-01-18,-0.005344695826998937,-0.0025490586992621012,-0.002795637127736836,0.06769342375332205
2018-01-19,0.001009820380858878,0.0005011156419193717,0.0005087047389395055,-0.04985783210300879
2018-01-22,0.0034802691743593592,0.0018077425912185023,0.001672526583140859,0.20688464526573225
2018-01-23,-0.002279422107753654,-0.0011669817772890743,-0.0011124403304645803,-0.14534029241190088
2018-01-24,0.009942898526005566,0.004704500029267969,0.005238398496737597,0.026164225208170785
2018-01-25,-0.006137614828118997,-0.0016394385606609378,-0.004498176267458062,0.058456128366729476
2018-01-26,0.0011939178491740348,0.00135817840755366,-0.0001642605583796258,0.21190063679322957
2018-01-29,0.002664021124995978,0.0007955157640845145,0.0018685053609114634,0.0307217094110081
2018-01-30,0.01018372453314525,0.004376713838474617,0.005807010694670638,-0.10518243134558687
2018-01-31,0.001490944071175621,0.0010142351706503086,0.0004767089005253116,-0.1611136971059389
2018-02-01,-0.006266602833095545,-0.0008739269577267117,-0.005392675875368834,0.08574112562525747
2018-02-02,-0.007092865653611836,-0.002085669539564787,-0.005007196114047048,-0.1603222703313072
2018-02-05,0.004186984543715436,0.0015176474044661936,0.0026693371392492414,0.12794971078903208
2018-02-06,-0.007932405545891549,-0.002896815744056408,-0.005035589801835141,0.13392627430410672
2018-02-07,0.006870998536613243,0.002171052817066952,0.004699945719546291,-0.10533198271958587
2018-02-08,0.007394564418508667,0.002666745927041532,0.004727818491467136,0.1259206238498422
2018-02-09,-0.005151167383281103,-0.0008021592994109936,-0.004349008083870109,-0.07217396407812594
2018-02-12,0.005504107590977335,0.0029768181656621563,0.002527289425315179,0.27959718370950054
2018-02-13,-0.0031217963750942088,-0.0010299881060761209,-0.002091808269018086,-0.05981336967477874
2018-02-14,0.014978879918606018,0.0046655806452544305,0.010313299273351586,-0.07814912915321989
2018-02-15,-0.0035840822250917306,-0.0013777538095077722,-0.0022063284155839566,0.10870949151343336
2018-02-16,-0.0038644200982168204,-0.0022431997988083766,-0.0016212202994084456,-0.013604299693154406
2018-02-19,0.004604242342914603,0.003637129555410878,0.0009671127875037246,0.20266036347648092
2018-02-20,-0.0005785341207387605,0.0003478660625412999,-0.0009264001832800608,0.0318656742325032
2018-02-21,0.007406458655426511,0.003127030657050599,0.004279427998375911,0.12717841323275153
2018-02-22,0.0012458814961805035,0.0009424818897795445,0.00030339960640095873,0.09150318346089184
2018-02-23,0.0044417010253681175,0.0021098347656427346,0.0023318662597253824,0.010109402173010954
2018-02-26,0.004761333468298776,0.00201423718825541,0.0027470962800433645,0.06691485210459666
2018-02-27,0.0004480027627579697,0.0003459863031265095,0.0001020164596314578,-0.15169797004327112
2018-02-28,0.0037621525733264874,0.0011204588584600023,0.002641693714866486,0.06447445422686535
2018-03-01,-0.007914376302340273,-0.0028008775421564202,-0.005113498760183853,0.015311715588725646
2018-03-02,0.0030280074601884525,0.0005988608315005155,0.002429146628687937,-0.03665823929975592
2018-03-05,0.0010670936886824443,0.0027175001790300524,-0.001650406490347603,0.14687547156131212
2018-03-06,-0.0029041867719274013,0.0006602629231080483,-0.00356444969503545,0.03877852169507123
2018-03-07,0.008702315454071529,0.0038826514665062702,0.004819663987565259,0.01583635279706192
2018-03-08,0.0025175101778318987,-0.0003125260758745814,0.0028300362537064805,0.22051626034017996
2018-03-09,0.0010703938767331412,-0.0015131260738572658,0.002583519950590407,-0.05273119029374666
2018-03-12,0.01406713946617423,0.00420121966235858,0.009865919803815647,-0.04914049602358634
2018-03-13,-0.0032648813727301,-0.0028160059244426716,-0.00044887544828743284,-0.06028333850607746
2018-03-14,-0.0021107671166388,-0.0006091298714973117,-0.0015016372451414975,0.08330895014121899
2018-03-15,-0.0033219760081682915,-0.0005153692848683632,-0.0028066067232999266,0.02906489120139346
2018-03-16,0.0037622121588709472,0.002309419358430742,0.0014527928004402046,0.11546731649950098
2018-03-19,0.0017638012649070956,0.0022078467794856595,-0.00044404551457856347,0.06153746521126791
2018-03-20,0.006451539504585397,0.0025894781191432544,0.003862061385442141,0.012895408642180837
2018-03-21,0.0034308962164585235,0.0007268177585970492,0.002704078457861475,0.06921607230471027
2018-03-22,0.0006259767996679205,0.00027221456582558583,0.0003537622338423349,0.036482013469912734
2018-03-23,0.0030476158054810777,0.001135836538947603,0.0019117792665334747,0.04987048252619706
2018-03-26,0.0015624723560723885,0.0011891187726096476,0.00037335358346274154,0.038162411908681346
2018-03-27,0.002350588162257708,0.0015129642952200484,0.0008376238670376596,0.044126147307542454
2018-03-28,0.002274045314114732,0.0013904308017020587,0.0008836145124126726,-0.0007747336723647702
2018-03-29,0.0028274109730383047,0.0009949040867249684,0.0018325068863133368,-0.04335827669221366
2018-03-30,-4.2485868957289246e-05,-0.00012725401855448936,8.476814959720077e-05,-0.01677800312883537
2018-04-02,-0.0020434770205216253,-0.0008168322994457225,-0.0012266447210759028,-0.07343555078555589
2018-04-03,-0.0008571437283278001,-0.000969519470765837,0.00011237574243803602,-0.049250228550926964
2018-04-04,-0.0035312169724588645,-0.0019207869632870897,-0.001610430009171774,-0.07094993987373155
2018-04-05,-0.0024872795274789687,-0.0009458524793722681,-0.0015414270481067006,-0.09884543297667443
2018-04-06,-0.003950659141193052,-0.0015673085690143475,-0.002383350572178705,-0.18489205599293712
2018-04-09,-0.005465320745488101,-0.002014608752646231,-0.00345071199284187,0.052409483913648816
2018-04-10,-0.01192147895090177,-0.0029862973728865677,-0.0089351815780152,0.13149077550708368
2018-04-11,0.0036620276273064125,-0.0005968001586615099,0.0042588277859679224,-0.12321657434514548
2018-04-12,0.008581033685925232,0.00299372710429098,0.005587306581634255,0.12412357688854458
2018-04-13,-0.007190442264563587,-0.001931252490959121,-0.005259189773604466,0.34914328459349153
2018-04-16,0.006777672501935242,0.0032690566192762434,0.0035086158826589976,-0.18193093139117855
2018-04-17,0.021155373316817175,0.00865242424644179,0.012502949070375385,-0.09377840461208535
2018-04-18,-0.011352661128293001,-0.004215442973734279,-0.007137218154558722,0.1646674199893486
2018-04-19,-0.004835322884677261,-0.0022418303599661283,-0.0025934925247111315,0.24510869179531672
2018-04-20,0.009174239936923737,0.0012936923897752112,0.00788054754714853,0.10713136705732532
2018-04-23,0.013871576925838442,0.0054715154949678164,0.00840006143087062,-0.03931549780123899
2018-04-24,0.005883872995508983,0.0013719341455679102,0.0045119388499410724,-0.1301472598502486
2018-04-25,-0.001726796585508273,-0.0007758958888584716,-0.0009509006966498049,0.18986645057198012
2018-04-26,-0.006207697045364151,-0.0016674097022159008,-0.00454028734314825,0.0984448678897439
2018-04-27,0.01051409406332051,0.003642393918997822,0.006871700144322687,-0.0199230490334673
2018-04-30,0.005346051050293052,0.0020040922608674343,0.0033419587894256177,0.04865581155096941
2018-05-01,-0.001024612189086503,-0.0017572834182024923,0.0007326712291159893,-0.1620078499914108
2018-05-02,0.0026615886083112507,0.0020984468451725087,0.0005631417631387411,0.10885884359941345
2018-05-03,-0.007510982141951252,-0.003485546525654171,-0.004025435616297082,0.02823790637862156
2018-05-04,0.004724286288120688,0.0011209859305535046,0.003603300357567184,0.16260465092530685
2018-05-07,0.0011954965308705102,0.00026064914507773797,0.0009348473857927718,-0.14099997136266643
2018-05-08,0.00832363480202755,0.0030258216662655303,0.005297813135762022,0.1712519062337601
2018-05-09,-0.00782527075574307,-0.003534954071249433,-0.004290316684493635,-0.006923116788116493
2018-05-10,0.007759620776074535,0.0022978059525300895,0.005461814823544446,-0.0983168212106487
2018-05-11,-0.00029854916845633694,0.000515647952813364,-0.0008141971212697018,0.08059285535518415
2018-05-14,-0.004077026779455643,-0.0021393796663131365,-0.0019376471131425065,-0.021391159627778225
2018-05-15,0.0035580648061958363,0.0010774654221913874,0.002480599384004447,-0.059740502590755376
2018-05-16,-0.0010069843303625308,0.00024921512844911994,-0.0012561994588116514,0.08003494908744427
2018-05-17,-0.0032909393931821397,0.0010386964015719844,-0.004329635794754127,0.12140801697352656
2018-05-18,0.004247177682496831,0.0012361437604862693,0.003011033922010561,0.15798890056693005
2018-05-21,0.00651382795297785,0.003138079377127786,0.0033757485758500634,-0.25731807280853275
2018-05-22,0.008121780124430277,0.0024102181534031205,0.0057115619710271575,0.17270766848785074
2018-05-23,-0.015103856133011472,-0.006574655437331845,-0.008529200695679627,-0.0069156118776279455
2018-05-24,0.01174352758939386,0.004180887789715846,0.0075626397996780125,-0.15070591705027886
2018-05-25,-0.000360299510428879,-0.0004960866570043014,0.00013578714657542026,0.046170696531329006
2018-05-28,-0.008026971337213017,-0.004201420729641948,-0.0038255506075710703,-0.025492849434016147
2018-05-29,0.0022691983830812083,0.0014721882793505658,0.000797010103730642,-0.17040159966922014
2018-05-30,-0.0013395293764161666,0.0006237736530811853,-0.0019633030294973508,-0.03694026108148832
2018-05-31,-0.00897962314400473,-0.0035242030027290336,-0.005455420141275697,0.016899988953926998
2018-06-01,-0.0021344982226320485,-0.001020007517173592,-0.0011144907054584565,0.056858521286628584
2018-06-04,0.0009093290061511238,6.089165527290233e-05,0.0008484373508782202,0.208994023066061
2018-06-05,0.0029176586713315173,-0.00017908487644006758,0.003096743547771586,-0.010263720819481138
2018-06-06,0.01071185656734832,0.003840693550572577,0.006871163016775741,0.269746895252586
2018-06-07,-0.0005569187702329087,-0.0013727306296527943,0.0008158118594198856,0.03298852716847835
2018-06-08,0.014877132678680544,0.0050849013951862415,0.009792231283494303,0.056135952982372256
2018-06-11,0.0016532705221376316,0.00028037158959589355,0.0013728989325417383,-0.10691039669116154
2018-06-12,0.0027289408989207473,0.0015480184421885219,0.0011809224567322241,0.03136230890892391
2018-06-13,-0.005641905414388866,-0.002450766584313959,-0.0031911388300749073,0.17472064816486427
2018-06-14,0.0015892158055417212,-0.000843321546978147,0.0024325373525198677,0.0632263376314183
2018-06-15,0.010848411580142778,0.004380518915220032,0.006467892664922747,0.16757740404799287
2018-06-18,0.0037386498954840907,0.0009646216082443079,0.0027740282872397836,0.19017476910678519
2018-06-19,0.011198373026014079,0.0061188519833644955,0.005079521042649585,0.0399491768199881
2018-06-20,0.012177439015576184,0.0038777501853644192,0.008299688830211765,0.00321056727923137
2018-06-21,0.0030516403257583613,0.002222796119236689,0.0008288442065216735,-0.10755672401484216
2018-06-22,0.00016679986633020812,-0.0022053776250085914,0.002372177491338799,0.04895783567529532
2018-06-25,-0.0052376299693210684,-0.0015709770377005591,-0.003666652931620506,-0.019006726634645737
2018-06-26,0.0022452884541819046,0.0010493475587095083,0.0011959408954723971,-0.03193623828605977
2018-06-27,-0.0008762334201100138,-0.0014172970069343954,0.0005410635868243821,0.019101527112865405
2018-06-28,-0.0014781048525291086,0.0005110319982486065,-0.0019891368507777146,-0.1990913295461178
2018-06-29,0.0010194392423702853,0.00044916188383792397,0.0005702773585323616,0.0113507956937746
2018-07-02,-0.008753395798222681,-0.004164449631125437,-0.004588946167097242,0.027562631814792984
2018-07-03,0.0007026647798919997,-0.0007041911517034274,0.001406855931595426,-0.05635787672063721
2018-07-04,0.0015921529217130662,0.0009097129806019543,0.0006824399411111122,-0.12486591227090077
2018-07-05,-0.0032317129731896047,-0.0018770046758698413,-0.0013547082973197635,-0.13512487235443868
2018-07-06,-0.00755269373802314,-0.00531584446785081,-0.002236849270172328,0.18372965686003462
2018-07-09,-0.007172668456371526,-0.004049329162626764,-0.0031233392937447535,0.03144373750879788
2018-07-10,0.014908174938334968,0.004711695793367795,0.010196479144967172,0.1683101868286871
2018-07-11,0.0023337333233177954,0.0005132921725824331,0.001820441150735362,-0.028946930913486678
2018-07-12,0.012089507315089117,0.0029481249613356976,0.009141382353753419,-0.1732501290417907
2018-07-13,-0.0015912360626600098,0.00011554112697018289,-0.0017067771896301922,-0.26706002305921056
2018-07-16,-0.011210898108757894,-0.004429223611591409,-0.0067816744971664865,-0.19559211678675084
2018-07-17,-0.01945620774526449,-0.009409280174155842,-0.010046927571108647,-0.13143898104318458
2018-07-18,-0.014428320887524429,-0.005627447433731718,-0.008800873453792712,0.12495736380981623
2018-07-19,-0.010854835573905102,-0.005834418449054475,-0.005020417124850626,-0.05289103039066105
2018-07-20,0.013175354577560817,0.004365970982691647,0.008809383594869165,-0.1038127827908256
2018-07-23,-0.003748424418018431,-0.004227377952456868,0.00047895353443844213,0.2664299871352247
2018-07-24,-0.007486922710475028,-0.0022310050146039963,-0.00525591769587103,0.33302442591609427
2018-07-25,0.023373131756936633,0.010488676459451767,0.01288445529748487,0.08839183163108329
2018-07-26,0.027564521745152268,0.011953106010073374,0.0156114157350789,0.13636962832195765
2018-07-27,0.005719854770234379,0.0025216532003381545,0.003198201569896225,-0.08909098335287485
2018-07-30,0.00870825498371049,0.0041734634764103995,0.004534791507300087,-0.029944324752356612
2018-07-31,-0.005713059296985482,-0.0017999178390249336,-0.00391314145796055,-0.17241049350476578
2018-08-01,-0.001982797134798219,-0.00119767273436182,-0.0007851244004363989,0.07214278420333713
2018-08-02,-0.010323934055646099,-0.003476532675604613,-0.006847401380041486,0.06736413207696901
2018-08-03,0.005162340442279799,0.0032628091482712522,0.001899531294008547,0.13260849762812663
2018-08-06,0.0053039398255287865,0.002372456501172844,0.0029314833243559426,0.0770070354218964
2018-08-07,0.009477569069761384,0.004457142347363701,0.005020426722397681,0.16118592005574003
2018-08-08,0.005703066052743581,0.0024630865526345854,0.0032399795001089964,0.02732525815495941
2018-08-09,0.011543571606700068,0.004014389894978862,0.007529181711721206,-0.09064120668121478
2018-08-10,0.0015744543404233174,-0.00036869009877336933,0.0019431444391966902,-0.08116826204080531
2018-08-13,-0.005189341917791728,-0.0015382279563935716,-0.003651113961398153,-0.006458889616444068
2018-08-14,-0.005572787700591697,-0.002839200713265341,-0.0027335869873263557,-0.04336954272205462
2018-08-15,-0.0004333241959263319,-0.00223438762069424,0.0018010634247679087,-0.06810434313347066
2018-08-16,-0.002918895275489818,-0.0009944654235722996,-0.0019244298519175175,0.015864581565749176
2018-08-17,-0.006067304507560584,-0.00026573637607527414,-0.00580156813148531,0.08926500791799734
2018-08-20,0.0011425173643281952,3.754717354294149e-05,0.0011049701907852524,0.06172950371861332
2018-08-21,0.006496292860842312,0.003873120223297031,0.002623172637545282,0.04564422799646396
2018-08-22,0.004545829249531919,0.0017985458460802843,0.00274728340345164,0.023903189901749385
2018-08-23,0.0031757779528220967,0.00021381347839460343,0.0029619644744274917,-0.11263643600423594
2018-08-24,0.0015370333998124958,0.00029336042050994316,0.0012436729793025509,-0.04415291135739743
2018-08-27,-0.007036582960145479,-0.0038295166097802175,-0.0032070663503652626,-0.04600600044441821
2018-08-28,-0.002873095612899862,0.0005411107824629391,-0.0034142063953628028,-0.057460775316790266
2018-08-29,-0.0031707666632279194,-0.002158862653160597,-0.0010119040100673212,-0.003359579108686231
2018-08-30,-0.0035970883449750954,-0.0029329064130941135,-0.0006641819318809836,0.08486692690691242
2018-08-31,-0.0002454770537293602,0.0006248811400130939,-0.0008703581937424543,-0.025211067344001248
2018-09-03,0.0066807741096744765,0.004156191362313592,0.0025245827473608824,0.2530247494815582
2018-09-04,-0.0016831685088512576,-0.0009924421430379145,-0.000690726365813344,0.056852447090133706
2018-09-05,0.017365242035666834,0.009405376132797766,0.007959865902869068,0.26741540579473194
2018-09-06,0.004760352680720713,0.0029386291194287827,0.0018217235612919321,0.10460342272311716
2018-09-07,0.02533000781261846,0.011850765568493408,0.013479242244125056,0.17500001561910963
2018-09-10,0.008247372849874895,0.0023480209422071102,0.005899351907667785,0.07837318890422719
2018-09-11,0.013683878206425904,0.007288438205311221,0.006395440001114694,0.1111676887021885
2018-09-12,0.005806115927354985,0.0023088455679242254,0.0034972703594307562,0.11758944870894074
2018-09-13,0.007597108142556987,0.002025626463197382,0.005571481679359605,-0.23654839553239032
2018-09-14,0.007163260747610866,0.0025014682236472107,0.004661792523963655,-0.06551574009562494
2018-09-17,-0.011805076215886497,-0.004329534834782968,-0.007475541381103533,-0.07118876404638114
2018-09-18,-0.004142670994297366,-0.0024630872234205296,-0.0016795837708768347,-0.21991563362684347
2018-09-19,-0.003880724508028701,-0.0003737824596450178,-0.0035069420483836815,0.06855847423371807
2018-09-20,-0.010987009892024635,-0.0036738736921940775,-0.00731313619983056,-0.051177007677677126
2018-09-21,0.004129379728852349,0.0010034231195269732,0.0031259566093253775,0.05507576863023725
2018-09-24,-0.003724943937188043,-0.00032382639410385994,-0.003401117543084177,-0.034018801253336756
2018-09-25,0.004602468536948944,-0.001602601738645954,0.006205070275594897,-0.01844487175363524
2018-09-26,-0.001944441761645402,-0.0010222828034876785,-0.0009221589581577261,0.1113845531816432
2018-09-27,-0.0011030110723362105,0.00045024446096759204,-0.001553255533303802,0.2976180264976337
2018-09-28,0.007400840789588067,0.0031167488245438524,0.004284091965044215,-0.17519876158278663
2018-10-01,0.020021938721873186,0.006227904960649383,0.013794033761223805,-0.01945579324706054
2018-10-02,-0.009263541355386982,-0.0031582360392088463,-0.006105305316178138,-0.1645570757252413
2018-10-03,-0.0009791015072691867,-8.181378519468707e-06,-0.0009709201287497184,0.05202820582354907
2018-10-04,-0.00856663319451045,-0.002094659739251914,-0.0064719734552585355,0.024413860519995778
2018-10-05,0.0031894807298966594,0.001119231988696433,0.0020702487412002264,0.020490408675789117
2018-10-08,0.0013946800338764343,-0.00017179704778793432,0.0015664770816643692,0.1796687313927481
2018-10-09,0.0013887857010917,0.001665042715421736,-0.00027625701433003566,0.008114182303528625
2018-10-10,0.010823684981386725,0.003553330481619016,0.0072703544997677096,0.1525585137837953
2018-10-11,0.0004815890593845213,0.0009958301576522691,-0.0005142410982677476,-0.13731263200491808
2018-10-12,0.009808040807826997,0.004763446162403814,0.005044594645423183,-0.16825725365543462
2018-10-15,-0.00841344077934082,-0.003170432923605304,-0.005243007855735518,-0.0907561036304302
2018-10-16,-0.007729559871582122,-0.0032902293981489153,-0.004439330473433208,0.03923036096903075
2018-10-17,-0.004639557461583182,-0.0007767663693232871,-0.003862791092259895,0.22197813765749558
2018-10-18,0.0021498226299070076,0.00033643167205468175,0.001813390957852326,0.019329124580668638
2018-10-19,0.012578765376756763,0.005506710586638014,0.0070720547901187494,0.12243416549837095
2018-10-22,0.0010912073632432006,0.0011757080927123009,-8.450072946910008e-05,-0.010160839694435134
2018-10-23,0.006240969578531763,0.0013603338031094546,0.0048806357754223074,0.13839813486060099
2018-10-24,-0.00048484534126015704,-0.0009305403857144904,0.00044569504445433547,0.00744525940173937
2018-10-25,0.006770073359618664,0.001753887054848368,0.005016186304770295,0.038802627217444166
2018-10-26,0.0003708421343729749,0.00023830763658266169,0.00013253449779031604,-0.039341563169356684
2018-10-29,0.0021115983374167336,0.0026919189164949873,-0.0005803205790782544,0.2074253275901987
2018-10-30,-0.0021787700052141815,-0.00018738271388788787,-0.0019913872913262954,0.001469767344425508
2018-10-31,0.011843224643388231,0.004836188225128475,0.007007036418259758,0.1281440164936216
2018-11-01,7.777430853568893e-05,-0.0011667365228803898,0.0012445108314160782,-0.10765871618967063
2018-11-02,0.0069813468632274125,0.0038586953163912054,0.003122651546836207,0.1642867292944461
2018-11-05,-0.005497589008326269,-0.0038359958546101136,-0.0016615931537161573,0.03702953715895427
2018-11-06,0.008825081654897041,0.00296239709754778,0.005862684557349264,0.09150541113940416
2018-11-07,0.0019492703614261702,0.001775490304156484,0.00017378005726968564,0.050737561818407315
2018-11-08,0.004722589480392393,0.0021871950803467755,0.0025353944000456163,0.09825294390149351
2018-11-09,0.0025883351781633072,0.0006258178485885656,0.001962517329574742,-0.008206762147823534
2018-11-12,0.005781990061532878,0.003573749385905902,0.0022082406756269712,0.12273880080103378
2018-11-13,-0.00045499007234477953,-0.0003098350400968638,-0.00014515503224791539,0.06340812013755404
2018-11-14,0.005865881235214695,0.002844366567470057,0.003021514667744637,0.1255190443309021
2018-11-15,0.003036385227608628,0.0011146719630167792,0.001921713264591849,-0.07676777177870217
2018-11-16,0.006511385912926058,0.002300837885674424,0.004210548027251634,0.0643332523135119
2018-11-19,-0.004616374781179797,-0.001512552480910678,-0.003103822300269121,-0.04084278610275993
2018-11-20,0.0030664009608355786,0.0011150620345787999,0.001951338926256779,0.04854005798739458
2018-11-21,-0.0019397735195778084,-0.0010119221738508011,-0.0009278513457270074,0.03667779230237329
2018-11-22,0.002338874764945053,0.0008046098170580891,0.0015342649478869638,0.18695085740574122
2018-11-23,0.0015653335895814192,-0.00018867897158568805,0.0017540125611671072,-0.12134674219535219
2018-11-26,0.011542389629918165,0.005788889128623492,0.005753500501294674,-0.006634829613540918
2018-11-27,-0.0052768330773789816,-0.0023696483467679757,-0.002907184730611004,-0.012228868710344058
2018-11-28,-0.00027241069181765216,-0.0013934593566506167,0.0011210486648329642,0.05151682709874307
2018-11-29,-0.000555555922861636,0.00016303747710261435,-0.000718593399964251,-0.0687438830548607
2018-11-30,0.0023063619326300737,0.0010588252914684817,0.001247536641161592,0.1452343627004894
2018-12-03,-0.0032687083943142405,-0.0005442502912841757,-0.0027244581030300636,-0.031168391108882677
2018-12-04,0.006096699337099267,0.001969283338598647,0.00412741599850062,-0.07137439820485343
2018-12-05,-0.001386690742124678,-0.0005523409504437308,-0.0008343497916809481,-0.024240426662891456
2018-12-06,-0.0031782137401849715,-0.0016729762573596124,-0.001505237482825359,-0.04883224266365188
2018-12-07,-0.0012663249786963933,-0.0003033879324476872,-0.0009629370462487068,-0.12441587285744486
2018-12-10,-0.0025712809278722855,-0.0016858329134962248,-0.0008854480143760616,0.2256156689637144
2018-12-11,-0.008262416096808726,-0.0023557730025850487,-0.005906643094223677,0.019119881809768213
2018-12-12,0.01376666140784949,0.0056664185990745915,0.008100242808774898,0.060783171031260054
2018-12-13,0.0010158781068745392,-0.0006152480113736647,0.0016311261182482047,-0.0829554171307479
2018-12-14,0.0030621301718906837,0.002574132068549083,0.0004879981033416008,-0.08398413501138004
2018-12-17,-0.004280181951729911,-0.0026333013816900713,-0.0016468805700398381,0.06365383833300224
2018-12-18,-0.004058461382966125,-0.0010821661377515574,-0.0029762952452145677,-0.06364385568838345
2018-12-19,0.0032610563512781416,0.0004343408545490271,0.002826715496729115,-0.0307097626447164
2018-12-20,-0.0029470915650100606,-0.0014913641084746167,-0.0014557274565354444,0.0206581552325239
2018-12-21,-0.0014708990681017748,-0.0008647080465020787,-0.000606191021599695,0.02472881749752516
2018-12-24,0.0010911089366405285,-0.0011605216395159795,0.002251630576156509,0.03654574812880534
2018-12-25,0.0012801107833721901,0.0006658371082256718,0.0006142736751465184,-0.023593228319010714
2018-12-26,0.0020244221038840755,-7.01067503817614e-05,0.002094528854265836,0.07597386668166568
2018-12-27,-0.0012095506045749784,-0.0007350411773544945,-0.0004745094272204835,-0.09175165190849305
2018-12-28,0.00455102070809168,0.0022980688217293954,0.002252951886362285,0.023793486658938393
2018-12-31,-0.005776275027445448,-0.002049622676557245,-0.0037266523508882026,0.1680816305531299
2019-01-01,0.001243745196210064,0.0010893854900408707,0.0001543597061691923,-0.07056227210162747
2019-01-02,0.010936382914209737,0.0029444449496008078,0.00799193796460893,0.19532059241438438
2019-01-03,-0.003833678807880363,-0.0011212977862649694,-0.002712381021615394,-0.16870543843423
2019-01-04,0.012322770442999427,0.0037003201511507256,0.008622450291848702,-0.11872841964470425
2019-01-07,-0.00925934964998859,-0.005690884845068706,-0.0035684648049198846,0.0006175169861196865
2019-01-08,-0.005815365377708602,-0.0029429654470204533,-0.0028723999306881484,-0.031501653682736816
2019-01-09,3.357386439870741e-05,-0.001320400692314325,0.0013539745567130324,-0.017153911147916538
2019-01-10,-0.0016405864477310752,-0.0009276608893827448,-0.000712925558348329,-0.184475254316268
2019-01-11,-0.00098492910121422,-0.0010220589370356263,3.712983582140634e-05,0.030977059439609253
2019-01-14,-0.010634705492779242,-0.006419999645993858,-0.004214705846785384,0.10996133547929986
2019-01-15,0.0019037816340362725,-4.078378671954711e-05,0.0019445654207558192,-0.006312130918914983
2019-01-16,0.006150366567049747,0.0023109192682184516,0.003839447298831295,-0.12644838638043202
2019-01-17,-0.0002897392468843745,-0.0006013897157460578,0.0003116504688616831,0.14178179594236337
2019-01-18,-0.006414423452617632,-0.0029049095766876527,-0.0035095138759299793,0.1454064004681086
2019-01-21,0.007110317681050958,0.004589952961264,0.0025203647197869564,-0.10978988771072176
2019-01-22,0.007223660503206386,0.0027936976792115645,0.004429962823994823,0.14792446721519975
2019-01-23,-0.005583604631108541,-0.0036724165521328867,-0.0019111880789756518,-0.07299004588292256
2019-01-24,0.007851007454239453,0.0032785761096481847,0.00457243134459127,-0.014923924744280018
2019-01-25,-0.0041092396896891675,-0.0005658292782693766,-0.003543410411419791,0.14664346460091832
2019-01-28,-0.0008534537023188931,-0.00011035114041698518,-0.0007431025619019076,0.38129663617053894
2019-01-29,0.009099001783744703,0.0046751762783422395,0.004423825505402462,-0.10054007513235722
2019-01-30,0.02728667065962392,0.011796664364092165,0.015490006295531752,0.27739022319340984
2019-01-31,-0.005727512839333416,-0.004114066171492584,-0.0016134466678408305,0.05458275722890123
2019-02-01,0.014220070929792798,0.006009855501583184,0.008210215428209613,0.026993539197701588
2019-02-04,0.0033129464827520235,0.0013919410901125444,0.0019210053926394786,-0.04297383725196838
2019-02-05,0.00135568452143924,0.00036837317455618544,0.0009873113468830564,0.06924358128322133
2019-02-06,-0.0021230412924421816,-5.36332932141205e-05,-0.0020694079992280585,-0.08258032904820707
2019-02-07,0.0035830857306383217,0.0005690977116643086,0.003013988018974012,0.13341711359085584
2019-02-08,-0.004053591462388507,-0.0020106534725206123,-0.0020429379898678976,0.04378683326122029
2019-02-11,0.009226749265551004,0.0043716283643823895,0.004855120901168616,0.022946849042456693
2019-02-12,0.002467864699163273,0.000382939235374578,0.0020849254637886963,0.06326217945313309
2019-02-13,0.0011257040435143058,-0.0005616448811893461,0.0016873489247036522,0.16671697382717596
2019-02-14,0.0035473441338698813,0.0015047492182046294,0.0020425949156652502,-0.10102065957345839
2019-02-15,0.010969679656362467,0.004429793188177762,0.0065398864681847045,0.10362955565815389
2019-02-18,-0.005156087358268103,-0.0024646339516606885,-0.002691453406607416,-0.01024617544623776
2019-02-19,0.0047882658026964404,0.001784803132269943,0.0030034626704264974,0.03591595003561043
2019-02-20,-0.0005158128766063289,-0.0006486620337910764,0.00013284915718474784,-0.18679859277928298
2019-02-21,0.001795919830130869,0.0008419080173286894,0.00095401181280218,-0.08243899145177414
2019-02-22,-0.01369480340144747,-0.006822672317682819,-0.006872131083764655,0.023172629170023187
2019-02-25,-0.0053268099980322975,-0.0004487713495142636,-0.004878038648518032,0.19141545126841383
2019-02-26,0.001620463450120391,0.0005615634155628768,0.0010589000345575129,-0.06658486614029409
2019-02-27,0.011919069544555055,0.0035796182274609074,0.008339451317094144,-0.06262865775366265
2019-02-28,-0.0032463360702728447,-0.0014528015534119101,-0.0017935345168609337,0.03185355011224792
2019-03-01,-0.0032653396940336516,-0.0021864687339252288,-0.0010788709601084225,0.14608691371634072
2019-03-04,0.0016001214426650786,0.0009196866890660001,0.0006804347535990785,-0.18238351328763105
2019-03-05,0.007735714003687818,0.0019056925012401636,0.005830021502447654,0.17556337504096028
2019-03-06,-0.008617031368194687,-0.003835921720216966,-0.0047811096479777205,-0.01889123529729853
2019-03-07,0.008788140651670487,0.0019753297416950466,0.006812810909975441,-0.07711958184555845
2019-03-08,-0.0009879127721738965,0.000161773791224281,-0.0011496865633981758,0.07929915365167109
2019-03-11,-0.0035861109650999435,-0.0018753571378717214,-0.0017107538272282219,-0.10633382311377315
2019-03-12,0.003817775227533425,0.0008709257811442325,0.0029468494463891918,0.1788820795310101
2019-03-13,-0.00525804245002646,-0.0023158651268459897,-0.002942177323180471,-0.08114608422398595
2019-03-14,0.009754530494521334,0.002895351918339499,0.006859178576181835,-0.07741310851620418
2019-03-15,-0.0038118324877864543,-0.0017224441123165832,-0.00208938837546987,-0.013363060687562739
2019-03-18,-0.003431257758495359,-0.002519787533490709,-0.0009114702250046514,0.041019640389806114
2019-03-19,-0.00063693875632794,-0.00024829115732405774,-0.000388647599003881,0.22935313847001398
2019-03-20,0.0018338370861456874,0.00045303946904343476,0.0013807976171022521,0.31954790608213535
2019-03-21,0.013415002902355495,0.006340550408883705,0.00707445249347179,-0.06169628128863583
2019-03-22,0.022849263105962227,0.00946501442022912,0.013384248685733104,-0.049791665409980396
2019-03-25,-0.0029421367825820982,-0.0013475406334114855,-0.0015945961491706127,0.045713548693132974
2019-03-26,-0.002338380318280592,-0.0006042843295288058,-0.0017340959887517866,0.028401615500394106
2019-03-27,0.0019155517182184803,0.0013909241283565168,0.0005246275898619633,-0.07551898226515648
2019-03-28,0.0011895209790454373,-3.7479215504483275e-05,0.0012270001945499207,-0.03929602281683611
2019-03-29,-0.0035063496946267205,-0.002109526955141265,-0.0013968227394854547,0.027658420530085912
2019-04-01,-0.0018254242891039088,-0.0007715762302430082,-0.0010538480588609001,-0.052538060346842885
2019-04-02,0.0011853369541376313,0.00016255501910038598,0.0010227819350372455,-0.04342598162331719
2019-04-03,-0.0020464908862445723,-0.0006354348770295747,-0.0014110560092149976,-0.08381684034815134
2019-04-04,-0.0018850821949788284,-0.0002881034009360704,-0.0015969787940427575,-0.20595822329128116
2019-04-05,-0.0036448985585111164,-0.0010708905649274578,-0.0025740079935836586,0.09248657209673769
2019-04-08,-0.010004697690612716,-0.0031024565446077105,-0.006902241146005007,-0.1217737482836533
2019-04-09,0.004132856505536446,0.0012941567858104205,0.0028386997197260245,0.0831852079194708
2019-04-10,-0.005866452256964206,-0.0018771577738497945,-0.003989294483114412,-0.22035893078483362
2019-04-11,0.0035708040766396737,0.0012405034378860525,0.0023303006387536216,0.03782259662949689
2019-04-12,-0.010439902603399292,-0.0036184675714822194,-0.006821435031917067,-0.07280551390786257
2019-04-15,0.0019145940363712898,0.0006576135730421203,0.001256980463329168,0.07197587444062722
2019-04-16,-0.0035566935955262074,-0.00054111479081843,-0.003015578804707778,0.17709229522626882
2019-04-17,0.003855785056434123,0.0003475735104508746,0.003508211545983249,0.2621492235916493
2019-04-18,0.009617362341964215,0.0041409289138837485,0.005476433428080468,-0.20336040032740144
2019-04-19,0.0143699698300279,0.0054751537404568625,0.008894816089571041,-0.1967667907446505
2019-04-22,-0.010714466110118774,-0.005595611029067509,-0.005118855081051265,-0.03461651030828434
2019-04-23,-0.009718194672510198,-0.003815462135924484,-0.005902732536585714,0.16951122284598683
2019-04-24,-0.0015802310501105267,-0.001398871315844567,-0.00018135973426596126,0.13679633056910204
2019-04-25,0.00944471951713776,0.003920385448677427,0.005524334068460333,0.10263394917700218
2019-04-26,0.007652584396583355,0.001889379626053382,0.005763204770529972,-0.24003821143074822
2019-04-29,0.0051765308279432855,0.002559946217541724,0.0026165846104015626,-0.01695387893944941
2019-04-30,-0.012243340950263311,-0.005836967529959457,-0.006406373420303851,-0.18931062713687194
2019-05-01,-0.0009370050820735275,-0.0009472320084594919,1.0226926385963064e-05,-0.0646956917468458
2019-05-02,-0.011868899491474991,-0.005054049943478146,-0.006814849547996844,0.039853285977250366
2019-05-03,-0.0038586992405706243,-0.0013768110245012538,-0.002481888216069369,0.03607795841136338
2019-05-06,0.0027361962389240648,0.00036578765187180416,0.00237040858705226,0.20813584920784797
2019-05-07,0.002107846131812442,-0.00010247516174845261,0.002210321293560892,-0.09608424545668426
2019-05-08,0.012337039563353563,0.004555513785460365,0.007781525777893198,0.07451882362710997
2019-05-09,-0.005031348454725039,-0.0019521698762369408,-0.003079178578488098,-0.022554606462106396
2019-05-10,0.004278769326358731,0.0020877327053929547,0.0021910366209657757,0.03782871562346805
2019-05-13,-0.0013192018054722528,-0.0008439200807665666,-0.000475281724705686,0.08826572135532955
2019-05-14,0.002060034419797284,0.0012423288644337542,0.0008177055553635296,-0.06064723575092567
2019-05-15,0.004810166359172878,0.0018443764415904665,0.0029657899175824128,0.038546551250257785
2019-05-16,-0.004067361073508135,-0.001543643589194059,-0.0025237174843140767,-0.12101041512754271
2019-05-17,0.0027352883636262877,0.001496444810615019,0.0012388435530112651,0.07770785509989277
2019-05-20,-0.008351619713075287,-0.003860746337752206,-0.004490873375323083,-0.07267702599876097
2019-05-21,0.00555761979866846,0.003974589796633829,0.0015830300020346355,-0.10022262410622407
2019-05-22,-0.006758167134056602,-0.0027753112236421212,-0.003982855910414473,-0.23573697712804254
2019-05-23,-0.012519372104445195,-0.001647188762324757,-0.010872183342120437,-0.1922726343438258
2019-05-24,-0.01628511706879303,-0.006409196983719348,-0.00987592008507368,-0.036893502582292174
2019-05-27,-0.013657826600279832,-0.005879412981316185,-0.0077784136189636525,0.22059828028396034
2019-05-28,-0.003190084519609459,-0.0031144017061876944,-7.56828134217645e-05,0.2507882850814123
2019-05-29,0.01890132978791689,0.004054038392221508,0.01484729139569538,-0.21830872162750606
2019-05-30,0.01789512137662662,0.007935374855936738,0.009959746520689879,0.09151921407354813
2019-05-31,-0.01406393903902114,-0.008612420620952525,-0.005451518418068613,0.04488421920572686
2019-06-03,0.006203078047534358,0.0004199427177616396,0.0057831353297727196,-0.04492163977456822
2019-06-04,0.002704529270027957,-0.0005658952529721279,0.003270424523000085,-0.1372695048341285
2019-06-05,-0.002635684584167493,-0.003031998822676199,0.0003963142385087007,0.2715852585842931
2019-06-06,-0.00947137322135261,-0.00493842811169793,-0.004532945109654681,0.0053361805766214436
2019-06-07,0.0213392264674082,0.007215605665018674,0.014123620802389526,-0.19702589104773474
2019-06-10,0.000307901424866734,-0.00042465206966735974,0.0007325534945340911,-0.3012293646129241
2019-06-11,-0.013949393820814959,-0.006603437594109659,-0.007345956226705299,-0.2413169806505841
2019-06-12,-0.024556359948583018,-0.013693962128304059,-0.010862397820278955,0.34894420049752534
2019-06-13,-0.022072702595977954,-0.010582526618703434,-0.01149017597727452,0.12099197736819946
2019-06-14,0.03607922641392579,0.016928661618103212,0.019150564795822576,0.3481741958138333
2019-06-17,0.009731406543694594,0.003332889008047175,0.00639851753564742,-0.1802739626601571
2019-06-18,0.029823997747132687,0.015272230829649236,0.014551766917483444,-0.019953536361497118
2019-06-19,-0.012282774041134682,-0.007572430767575279,-0.00471034327355941,0.12687607078517962
2019-06-20,-0.0012576075957245678,-0.0007324707393238268,-0.000525136856400741,0.07346591441911757
2019-06-21,0.009318642044175183,0.0030793468380008043,0.006239295206174378,0.01467236474506587
2019-06-24,0.005161085611117866,0.0012241146101108179,0.003936971001007051,0.09423200556572217
2019-06-25,0.0010528493914491526,0.001244811607471983,-0.00019196221602283065,-0.16294913122635926
2019-06-26,0.009156030245454415,0.0027078665232781463,0.006448163722176263,0.10490874966438939
2019-06-27,-0.013153053558394143,-0.006062081573752796,-0.007090971984641342,-0.12491878201047957
2019-06-28,0.007156671121285597,0.002246022902222762,0.004910648219062834,-0.044376642813364196
2019-07-01,-0.00842377955157479,-0.0027001440186705944,-0.0057236355329041925,0.14053493799972694
2019-07-02,-0.0032362406970139197,-0.000614355771831011,-0.0026218849251829074,-0.03153028042317292
2019-07-03,0.011507984272330102,0.004238148517793125,0.007269835754536977,0.2118557428736812
2019-07-04,-0.0022574962995480213,-0.0017284284640101052,-0.0005290678355379165,-0.13889963344670633
2019-07-05,0.013888757462254146,0.006924842543208739,0.006963914919045411,0.08497845122139475
2019-07-08,-0.009175208840383281,-0.005191873482090112,-0.0039833353582931705,0.10653529423591288
2019-07-09,0.005340394257761366,0.0018295363928435993,0.003510857864917767,0.05891068519900894
2019-07-10,0.008645250451189142,0.004143632295267444,0.004501618155921698,0.1764180134556032
2019-07-11,0.00386139879493612,0.0007788534324611983,0.0030825453624749206,0.07514627282472397
2019-07-12,0.009526570888377698,0.004266538127380353,0.005260032760997346,0.24325616973174607
2019-07-15,0.004962883768939148,0.0032842302161465243,0.0016786535527926229,0.06859128461183013
2019-07-16,0.015319561659230586,0.00777523715926195,0.0075443244999686375,0.06638074467804668
2019-07-17,0.005577597006209187,0.003861461507546557,0.0017161354986626291,0.17014032555264316
2019-07-18,0.0046752460156515505,0.00251783544066212,0.0021574105749894304,0.07550049030372853
2019-07-19,0.009966265979724939,0.004118533755081706,0.005847732224643234,-0.032623100045696136
2019-07-22,0.004647924958327133,0.0012432222729673835,0.003404702685359747,-0.15119479001473415
2019-07-23,-0.00201862846990622,-0.0010657320001859838,-0.0009528964697202357,0.07303504717254543
2019-07-24,-0.008567807645139133,-0.002737809192731852,-0.005829998452407288,-0.033039475716495695
2019-07-25,0.004424966392814835,0.00030286246580295446,0.004122103927011881,0.11517230036927636
2019-07-26,-0.0022406138215330627,-0.0022922876178428798,5.1673796309818776e-05,0.03198644265072257
2019-07-29,0.007810743922001732,0.0034836297899778212,0.004327114132023909,0.020802348738846906
2019-07-30,0.0021750406631528495,0.000754908614025461,0.001420132049127389,0.05438369750540533
2019-07-31,0.001078958321065063,-0.0001901517891019812,0.001269110110167046,0.006355661868405808
2019-08-01,0.003203628863773956,0.0014976436750753584,0.0017059851886985986,0.08240386635591185
2019-08-02,0.00039018273440466424,-0.0017106250115032735,0.0021008077459079375,-0.15311989468798473
2019-08-05,0.005200452764112023,0.00198134583104315,0.0032191069330688724,-0.07415198789230038
2019-08-06,-0.00932058026521993,-0.0039184931626597315,-0.005402087102560196,-0.05810067017676237
2019-08-07,-0.004472585070327398,-0.0013868940725225397,-0.003085690997804858,0.006067980730900858
2019-08-08,-0.0035346991933912636,-0.0011812435714294613,-0.0023534556219618023,0.22563844222061746
2019-08-09,0.0004038574511615598,0.0013228615709684755,-0.0009190041198069163,0.1820802720560226
2019-08-12,0.015837774889248042,0.005256894779525997,0.010580880109722041,0.1719348099613285
2019-08-13,0.012919963126327118,0.005749484505276417,0.0071704786210507005,0.09913754421679191
2019-08-14,0.014211486630952314,0.005423356457885218,0.008788130173067094,0.0019142777556996017
2019-08-15,0.007461005842685366,0.003063608487357835,0.00439739735532753,-0.20055482210324377
2019-08-16,0.0001372018917432643,-0.002393983354593888,0.002531185246337154,0.03817685614322545
2019-08-19,-0.011462227765558941,-0.005923825333228206,-0.005538402432330735,0.015203543833201877
2019-08-20,0.0021082165566618178,0.0021751628294882333,-6.694627282641469e-05,-0.024971666541058517
2019-08-21,0.0008297406026539266,0.0009545850609365188,-0.00012484445828259139,-0.05432205207721403
2019-08-22,-0.0013627537011048373,8.83705297096977e-05,-0.0014511242308145348,-0.005411598608649225
2019-08-23,-0.002995017801187252,-0.0014441573625963064,-0.0015508604385909444,-0.03988550389327788
2019-08-26,-0.000315349550322073,-3.3879175607023394e-05,-0.0002814703747150496,-0.08512319841135163
2019-08-27,-0.0022575850843133995,0.0005296090642410243,-0.0027871941485544238,0.1047105855442412
2019-08-28,-0.004797964630154418,-0.0015070378666335183,-0.0032909267635209,-0.1323309473432158
2019-08-29,0.008018285861391715,0.004759974655458356,0.003258311205933358,0.05724422343725017
2019-08-30,-0.008037102922600601,-0.002161368375187274,-0.005875734547413327,0.1421802590332626
2019-09-02,0.0037151738921321915,0.001644948798819712,0.0020702250933124795,0.09239649752906234
2019-09-03,0.009439070277512736,0.004567870429403053,0.004871199848109681,0.049951576362031194
2019-09-04,0.005671754917140892,0.0018115120359703252,0.003860242881170567,-0.13539644710933293
2019-09-05,0.0033015794852244524,-0.00011264380370330741,0.00341422328892776,0.10320137256202215
2019-09-06,-0.00732152132606427,-0.0036324412531352455,-0.0036890800729290248,0.08185790724004299
2019-09-09,0.006683888796160558,0.0037487520488064833,0.002935136747354074,-0.04517289779491181
2019-09-10,0.005226168777669001,0.001189192103547745,0.004036976674121256,-0.12833002349381442
2019-09-11,-0.002810537422845798,-0.0011171993845931726,-0.0016933380382526241,0.04920980129985756
2019-09-12,-0.007139710793338763,-0.0036664509973552938,-0.0034732597959834764,0.058841699976779314
2019-09-13,0.0031096834601602053,0.0008665919711718468,0.0022430914889883585,0.08396088636356065
2019-09-16,0.0033898374348670115,0.0013742309702735873,0.002015606464593424,0.11170484370022099
2019-09-17,0.005101908943938033,0.002381138388479812,0.0027207705554582223,0.046509780156872925
2019-09-18,0.0065002666440230426,0.003061500075325438,0.0034387665686976044,-0.04625436685992312
2019-09-19,0.0029253264377290837,0.0004289091442194082,0.002496417293509675,0.0770286629125188
2019-09-20,-0.0025489492443961847,-0.0011008479623346055,-0.00144810128206158,-0.0813103721310881
2019-09-23,0.0044946587283486595,0.0023344830097941677,0.0021601757185544914,-0.06863686049419788
2019-09-24,-0.004831873600872397,-0.001576098251664338,-0.0032557753492080603,-0.018206804338644283
2019-09-25,-0.004112261070722395,-0.0008872570188780319,-0.0032250040518443618,-0.052404419551641115
2019-09-26,-0.001265342687626493,-0.0007061560511834927,-0.0005591866364430007,0.032638306004520376
2019-09-27,-0.002968800947277979,-0.00221283406192618,-0.0007559668853517991,0.12362684846222599
2019-09-30,0.0020525656400860962,0.0005103057732486448,0.001542259866837451,0.059332959217329825
2019-10-01,0.007506949616401089,0.0014307637058936918,0.006076185910507398,-0.09993946036744482
2019-10-02,0.0031058529124900545,0.0011366900855354677,0.0019691628269545864,0.0003304280840453123
2019-10-03,-0.005835726321406023,-0.00404936054362393,-0.0017863657777820933,0.06319049364334006
2019-10-04,2.09498717471271e-05,0.0016074560633459343,-0.0015865061915988075,0.04607456808592637
2019-10-07,0.003622995011898596,0.0018192209121748177,0.0018037740997237789,-0.06519696138463553
2019-10-08,0.003218038740574205,0.0014109180817075385,0.0018071206588666684,8.031094424728433e-05
2019-10-09,-0.0035741914493531393,-0.0009218630061718792,-0.002652328443181258,-0.020615455606071014
2019-10-10,5.108885018617344e-06,-0.00019060266335607472,0.00019571154837469233,0.0882444596818375
2019-10-11,-0.001315797234269654,-0.0010730753720145265,-0.00024272186225512797,-0.12526287353517432
2019-10-14,0.005398708621409972,0.0018256074681220515,0.003573101153287921,-0.10774815730052441
2019-10-15,-0.00803007856487618,-0.00209903030510436,-0.0059310482597718095,-0.1661449724827779
2019-10-16,-0.007514152390972651,-0.00272735037551408,-0.004786802015458573,-0.04712105717745244
2019-10-17,-0.011513394933394384,-0.005446641458441346,-0.00606675347495304,0.0170569615584106
2019-10-18,-0.003190366835960849,-0.0011015326210136109,-0.0020888342149472418,-0.19691521343228652
2019-10-21,0.001461411416643687,0.0013965782805219103,6.48331361217773e-05,0.03484873423668887
2019-10-22,-0.013856062545696744,-0.007283480296410169,-0.006572582249286578,0.23814866529267292
2019-10-23,0.0031073491525966685,0.001886072057949108,0.0012212770946475613,0.16221468060639355
2019-10-24,0.02234149298805238,0.011505328625690849,0.010836164362361532,0.05109262209614734
2019-10-25,0.012157039261818778,0.005919712163947821,0.006237327097870962,-0.23863799267603952
2019-10-28,0.0038039218001863135,0.002154417183197332,0.001649504616988982,0.11857701342541753
2019-10-29,-0.016972354948139187,-0.007548937403258259,-0.009423417544880928,-0.03371613055412068
2019-10-30,0.008890656219590455,0.004275810264779757,0.004614845954810697,-0.011505186290754598
2019-10-31,-0.002079556187276537,0.00036230840431936227,-0.0024418645915958983,0.11596597842047028
2019-11-01,-0.0007855224793360837,0.0009128904575304362,-0.00169841293686652,-0.038826062298299074
2019-11-04,0.009390331518072963,0.004487337540023319,0.004902993978049643,0.12234709327434413
2019-11-05,-0.0030247468552836755,-0.0016858867897886118,-0.0013388600654950628,-0.15176009180076594
2019-11-06,0.007666998213915019,0.0025300980167111808,0.00513690019720384,-0.04287507834792938
2019-11-07,-0.008674458775202742,-0.004039736860381501,-0.004634721914821241,-0.08414326370077811
2019-11-08,-0.0030800164652722596,-0.0014037673558787945,-0.001676249109393465,-0.14707420270800525
2019-11-11,-0.005410960372467468,-0.0021528481621759035,-0.0032581122102915624,0.19402467123741177
2019-11-12,-0.010301795355914184,-0.004826565719228307,-0.005475229636685876,-0.19774754737614084
2019-11-13,0.015158838494664416,0.004864413284671547,0.01029442520999287,-0.08394551359143063
2019-11-14,-0.014032059195476763,-0.004640760473923981,-0.00939129872155278,-0.05465195985478997
2019-11-15,-0.006135067662447262,-0.002860764330143366,-0.003274303332303896,0.2401170423597292
2019-11-18,-0.004045117341107697,-3.658372383958525e-05,-0.0040085336172681115,0.1388267685222779
2019-11-19,0.019336688867006714,0.007390028449910317,0.011946660417096397,0.059091443052230894
2019-11-20,0.010183852596314087,0.006623959037218519,0.0035598935590955665,0.03967268481780657
2019-11-21,0.004541405526907875,-0.0005351346587818048,0.0050765401856896816,0.0968065763854416
2019-11-22,0.002641907668091439,0.0006434360206265238,0.0019984716474649167,-0.15787317580062465
2019-11-25,0.00575061272355281,0.0026203496331647057,0.0031302630903881036,0.021830421002279343
2019-11-26,-0.009579950923615733,-0.004873290486407802,-0.0047066604372079344,0.1423646408319086
2019-11-27,0.0014002925248141093,0.0022042349842220452,-0.0008039424594079355,0.12682771338608745
2019-11-28,0.009922451473766724,0.0035859800660848207,0.006336471407681905,0.08344389222041855
2019-11-29,0.007895004409015994,0.003143769814472862,0.004751234594543132,-0.014851279370635694
2019-12-02,0.005182787651982208,0.002647105640704339,0.0025356820112778676,0.03411858992573516
2019-12-03,-0.0009433663521424521,-0.0010610007792797218,0.00011763442713727014,0.12271206903350036
2019-12-04,0.002697749123118939,0.0013166684537830988,0.0013810806693358392,-0.06034598464515027
2019-12-05,0.008957698047191109,0.0044758259200849,0.004481872127106205,0.10882384605114744
2019-12-06,-0.0036304290603631374,-0.002408321985230822,-0.0012221070751323188,-0.06448597424853117
2019-12-09,0.006988360256828477,0.0031870779903223744,0.0038012822665061024,-0.1072513153843535
2019-12-10,-0.0038919482960774257,-0.001296174310301657,-0.0025957739857757683,-0.18643003049317936
2019-12-11,-0.005744941217271284,-0.0018382010352701612,-0.003906740182001124,0.05784020234671926
2019-12-12,-0.012720877847579876,-0.00414401703443716,-0.008576860813142718,-0.17519361633203892
2019-12-13,0.0034964727913616095,0.0018095005469233282,0.0016869722444382805,-0.14360383497879783
2019-12-16,-0.010800954806836315,-0.004198204581570679,-0.006602750225265634,-0.25082043084899847
2019-12-17,-0.011128425300182123,-0.0036291362301230767,-0.0074992890700590455,0.2351498457288552
2019-12-18,-0.01954847885036679,-0.004624566420071792,-0.014923912430294997,0.4295163145787266
2019-12-19,0.019724404101702335,0.005114386561005199,0.014610017540697136,-0.08905689035198011
2019-12-20,0.04083553135674853,0.014438188969230173,0.02639734238751837,-0.4045933692635073
2019-12-23,-0.005355224320674812,-0.0005163660619581876,-0.0048388582587166225,0.14223010467427252
2019-12-24,-0.03153350734627122,-0.010774735140732909,-0.020758772205538314,0.08624844240583128
2019-12-25,0.008463471269780705,0.002663972433833978,0.005799498835946727,0.042144526068539676
2019-12-26,0.0038910616800781586,0.0005040661161606202,0.003386995563917538,0.018598031799980222
2019-12-27,0.0022602680916361997,0.0013225579096092655,0.0009377101820269339,-0.038026690869641694
2019-12-30,0.0010360418781779116,7.271747922765054e-06,0.001028770130255147,0.20183263085916006
2019-12-31,-0.002086621857588121,-0.002807872851978544,0.000721250994390423,-0.036006412482825996
2020-01-01,0.009740765477509586,0.0033901376342379483,0.006350627843271638,0.20212615710927806
2020-01-02,-0.0019174952081813246,0.0012274676045114941,-0.0031449628126928196,0.18003338965764873
2020-01-03,0.009481303331765799,0.005162563953082025,0.004318739378683774,0.08451390455434668
2020-01-06,0.00894538501129508,0.004316781872812664,0.004628603138482415,-0.05728467151662891
2020-01-07,0.005107271947525474,0.002237161515533926,0.002870110431991547,0.03621988999637528
2020-01-08,-0.003250498552929959,-0.0012572656812038906,-0.0019932328717260674,-0.22664679682540503
2020-01-09,0.0017208110762212052,0.00048331240361737526,0.0012374986726038303,-0.1836759332716255
2020-01-10,-0.013422545163336541,-0.00558799504139398,-0.007834550121942556,-0.05979727949999416
2020-01-13,-0.010683519851160384,-0.00515743759029387,-0.0055260822608665106,-0.021761948486258228
2020-01-14,-0.003047367289135066,-0.0009845503857593572,-0.0020628169033757087,0.12000220070873797
2020-01-15,-0.0012070204308588894,-0.0005892571486977426,-0.0006177632821611472,-0.005076668180580051
2020-01-16,0.006519948566248782,0.0027443311144640737,0.003775617451784707,-0.019650203482376515
2020-01-17,-0.0002622322009319816,-0.0008915224109675426,0.000629290210035561,-0.06945364034438169
2020-01-20,-0.001066396227605909,-0.0011589460362803911,9.254980867448234e-05,0.11400253368896118
2020-01-21,-0.0037251914154490277,-0.0025068117965039508,-0.001218379618945076,-0.044973133046521556
2020-01-22,0.005875153836551563,0.0026280658324113436,0.003247088004140218,0.12644165456856263
2020-01-23,-0.002264479504895301,-0.0013252275729699458,-0.0009392519319253553,-0.11723145444106196
2020-01-24,0.00639713204938965,0.003095329443227539,0.0033018026061621113,0.06403164390272387
2020-01-27,-0.006881321034904769,-0.0015263577084324025,-0.005354963326472366,-0.06525150085451749
2020-01-28,0.003715919289042219,0.0011243304269383941,0.002591588862103823,0.10050882147502069
2020-01-29,-0.004181489721746202,-0.0006513953549591034,-0.003530094366787099,0.12650552281589578
2020-01-30,0.00601602352201044,0.0020617362952039535,0.003954287226806486,-0.18005135752431778
2020-01-31,0.008631481951157982,0.004546015522976451,0.004085466428181528,0.028793795764395
2020-02-03,-0.013323554722009523,-0.0035701217485223833,-0.00975343297348714,-0.0004138250729588854
2020-02-04,0.0017493463334760282,0.00010185072742849299,0.001647495606047534,-0.12559254943728865
2020-02-05,-3.246675557751102e-05,-0.0003924599817784289,0.00035999322620091766,0.107714990425271
2020-02-06,-0.007297259033766341,-0.002354386102640762,-0.004942872931125577,-0.06887268717802698
2020-02-07,0.006440185595672358,0.0018838784346108875,0.0045563071610614705,0.1354714309821826
2020-02-10,-0.0038398851911875926,-0.0022412087862045786,-0.0015986764049830092,0.15506215294271355
2020-02-11,0.007719376994920377,0.0034073550900794386,0.004312021904840939,-0.08385189238757966
2020-02-12,0.009948412908234337,0.0053075500489535,0.004640862859280838,0.00018840504219285725
2020-02-13,-0.00474677673127845,-0.0014066984836746377,-0.003340078247603814,-0.14790603469302074
2020-02-14,1.0247368716440964e-05,-0.0007512388093366474,0.0007614861780530881,0.03682968512241193
2020-02-17,-0.009714408238673474,-0.003240069995095971,-0.0064743382435775,0.003047660357792922
2020-02-18,0.0021325654348450657,0.0012257224746664375,0.0009068429601786282,0.18976757929775181
2020-02-19,0.00016953170167564364,0.00010359486805186242,6.59368336237815e-05,-0.10138782821868247
2020-02-20,0.011233126607242527,0.0038134770566260294,0.007419649550616498,-0.2206813538690121
2020-02-21,-0.005646004085531411,-0.0011565391955923755,-0.004489464889939036,-0.0005270622216595003
2020-02-24,-0.01337818928582999,-0.0028386787595653514,-0.010539510526264641,0.1283768572803941
2020-02-25,-2.8156931775342748e-05,-0.0011428968133310445,0.0011147398815557017,0.0639753411733694
2020-02-26,0.0071620611271946515,0.002446588781374423,0.004715472345820228,0.15829349327331194
2020-02-27,0.003480792197348574,0.0010617838427462818,0.0024190083546022914,0.009395668907345002
2020-02-28,0.00800195045392578,0.0029306483916011115,0.005071302062324668,0.03780983624407178
2020-03-02,0.00048529166013658396,-0.0004186579504830983,0.0009039496106196818,0.11762371511379474
2020-03-03,0.0018898790092998267,-0.0003685887089307678,0.002258467718230593,0.2594843847885327
2020-03-04,0.00668213059384926,0.0021526883844264206,0.00452944220942284,-0.056806435708163086
2020-03-05,0.014236197569287422,0.005627288853608681,0.008608908715678739,-0.032479403591153685
2020-03-06,-0.0032044704848613456,-0.0015396298870796379,-0.0016648405977817086,-0.06029804348198341
2020-03-09,-0.0018395406632482141,-0.0007863387016191423,-0.0010532019616290716,0.05982968518190745
2020-03-10,-0.0035549630308661048,-0.0021545908403337137,-0.001400372190532392,-0.038798319729122455
2020-03-11,0.0036857483409295606,0.0024855085270114527,0.0012002398139181053,0.016103316193045534
2020-03-12,-0.0022776606528042156,-0.0019450849501559905,-0.0003325757026482251,-0.00045362931131015294
2020-03-13,0.0009797987072661077,0.0012721785001764026,-0.0002923797929102953,0.1694206882722735
2020-03-16,-3.063290004114627e-05,-0.002176560526684965,0.0021459276266438173,-0.07096352661447711
2020-03-17,0.010221790559087793,0.0036273900472442314,0.006594400511843562,-0.004247420285913041
2020-03-18,-0.004647198380661098,-0.0008100673707181448,-0.0038371310099429533,-0.11394923345581782
2020-03-19,-0.0002651475509975953,-0.0018281696939906594,0.0015630221429930652,-0.24353232770698097
2020-03-20,-0.007213896316307871,-0.002299905105262571,-0.004913991211045299,-0.012524415375603861
2020-03-23,-0.015444923823904378,-0.008026835111074297,-0.007418088712830081,-0.2899820495121555
2020-03-24,-0.0008338690483294326,0.0007351446335071322,-0.0015690136818365605,-0.10025113071004249
2020-03-25,-0.020216712626620104,-0.008341831137460173,-0.011874881489159932,-0.0604891699305382
2020-03-26,-0.007948454476898877,-0.0040658261794535265,-0.0038826282974453487,-0.22376882550854407
2020-03-27,-0.004394412179688832,-0.0007873440237658787,-0.003607068155922955,0.4451901806204525
2020-03-30,-0.01677556913777413,-0.00519688565723073,-0.0115786834805434,-0.21077642878738842
2020-03-31,0.039801038660491374,0.01263857634867126,0.027162462311820117,0.020088568726360743
2020-04-01,-0.013122595211859333,-0.004736651152050342,-0.008385944059808992,-0.2800074181136751
2020-04-02,0.0012041496364110838,0.0008171793509777741,0.00038697028543331104,0.07185111324117316
2020-04-03,-0.02244455012734824,-0.009201021707982104,-0.01324352841936614,0.06324501591009936
2020-04-06,0.005278223894256669,0.0017851420530101078,0.003493081841246559,-0.22264125199653612
2020-04-07,0.004622469505480457,0.0024019131137760132,0.0022205563917044435,0.23981473478257856
2020-04-08,-0.017563071765293203,-0.007343375736686853,-0.010219696028606354,0.0792839647800629
2020-04-09,0.018703563280378983,0.006030064908968221,0.012673498371410763,-0.10569697355408389
2020-04-10,0.0066247720300221975,0.0025136493754566273,0.004111122654565574,-0.07047552477087812
2020-04-13,-0.00750444736659594,-0.0033611379398979686,-0.004143309426697972,0.3009662893418626
2020-04-14,-0.0053279001378875685,-0.002114086327554141,-0.0032138138103334282,0.17239191786800337
2020-04-15,0.02517450804070362,0.010019644784584015,0.015154863256119607,-0.16682592597554813
2020-04-16,0.012143543837983283,0.0062101761267144805,0.005933367711268804,0.30335599998732
2020-04-17,-0.01138488293670702,-0.006007272091032781,-0.005377610845674237,-0.20684615359546155
2020-04-20,0.02176439111848843,0.008152137375045807,0.01361225374344262,-0.03636400816517347
2020-04-21,-0.014294779932455929,-0.006221927673852986,-0.008072852258602943,-0.00160898122805908
2020-04-22,-0.0024422346764538592,-0.002605858352994636,0.00016362367654077468,-0.10790392159626422
2020-04-23,-0.00012270300073937996,0.0008837066519834253,-0.0010064096527228044,0.1443574381183198
2020-04-24,-0.008723775416502554,-0.002426905830684176,-0.0062968695858183765,0.07400930083645822
2020-04-27,0.011856577407409433,0.007029328052466384,0.004827249354943049,0.1493869010397554
2020-04-28,0.005466195834739353,0.002837044504016398,0.002629151330722955,0.021890791961435094
2020-04-29,0.011198762914872889,0.0041075866118002805,0.0070911763030726115,-0.03739342370625553
2020-04-30,0.0017682801212641325,0.0019112358103148715,-0.00014295568905073677,-0.035700566270706266
2020-05-01,-0.0034273069134259627,4.24913380009293e-05,-0.0034697982514268924,-0.0204654323405446
2020-05-04,-0.00271813475922631,3.061051628324048e-05,-0.0027487452755095504,-0.015849019625406212
2020-05-05,-0.0015832354136453817,0.0014234439485747777,-0.0030066793622201583,0.31806226248875324
2020-05-06,-0.0011447992475465785,-0.000376255211634674,-0.0007685440359119083,-0.09595048956882078
2020-05-07,0.025364136187664733,0.01070982963483776,0.014654306552826974,-0.1356585881550189
2020-05-08,-0.006888834627068652,-0.002522216636028176,-0.004366617991040478,0.03603744192371621
2020-05-11,-0.008550701255100854,-0.004331275279638627,-0.004219425975462227,-0.013624446214623876
2020-05-12,0.0021693140017741107,0.0013260796025327207,0.0008432343992413908,0.11341295787815844
2020-05-13,-0.0010606271458617534,0.0007054932911381463,-0.001766120436999901,-0.007352039622968817
2020-05-14,0.008392906490473716,0.003942755680737219,0.0044501508097364965,0.015585525651560678
2020-05-15,-0.0006340931552743872,0.00015765995334993815,-0.0007917531086243258,0.011072760232759183
2020-05-18,0.0010669169408626688,0.00027728957039982287,0.0007896273704628472,0.09850519746201074
2020-05-19,0.0007215128889154555,-0.0003309576448281824,0.0010524705337436383,0.09281916334920685
2020-05-20,0.006311921067921875,0.0029820056660977497,0.0033299154018241245,-0.22433980335365108
2020-05-21,0.005970973660433964,0.002008658786284363,0.0039623148741496006,0.1352146823794426
2020-05-22,-0.014020242500757146,-0.005587298384861796,-0.008432944115895347,-0.17709539340938588
2020-05-25,0.008750668107185307,0.0024615476210426267,0.006289120486142682,-0.0571975703151433
2020-05-26,-0.00974815738610922,-0.0029872286144636204,-0.006760928771645599,0.171835129522198
2020-05-27,-0.0038019841909146482,-0.001863413449307641,-0.0019385707416070081,-0.0699157904601222
2020-05-28,0.011709495687997638,0.0036145473220676894,0.008094948365929952,0.12838488128399494
2020-05-29,-0.005060244824006568,-0.0007661182381972099,-0.004294126585809358,0.12055965293698297
2020-06-01,0.009708514795806566,0.005138115229655869,0.0045703995661506985,-0.22876757660676214
2020-06-02,0.008008122610429182,0.004956724673274417,0.003051397937154768,-0.051181317306230524
2020-06-03,-0.01320997584167963,-0.0063065731925029695,-0.00690340264917666,-0.18291779848805859
2020-06-04,-0.0032887533510753877,0.0006109381094248378,-0.003899691460500226,-0.07577950151473038
2020-06-05,-0.012453482943381802,-0.004622211236076983,-0.00783127170730482,0.1807832538301243
2020-06-08,-0.0048755595498668845,-0.0016056573007318005,-0.0032699022491350857,0.1037845927145167
2020-06-09,0.011145365281154397,0.003364112136794791,0.007781253144359606,0.07607729001052294
2020-06-10,0.0064501848934284,0.0037936700333053436,0.0026565148601230566,-0.19326082126233612
2020-06-11,0.004239101728918575,0.0032254683532753387,0.001013633375643236,0.26062428466830534
2020-06-12,-0.012251566146380635,-0.004192213319729394,-0.008059352826651243,-0.05337548659923264
2020-06-15,0.01929676562478123,0.007208597168323376,0.012088168456457854,0.18387420069856913
2020-06-16,-0.0038110673677520792,-3.329089995049092e-05,-0.0037777764678015883,0.0032146210328170294
2020-06-17,0.012362151160550628,0.003530859811101431,0.008831291349449197,0.03679467183778702
2020-06-18,0.0001939522978806887,0.0016568798778020567,-0.0014629275799213689,0.21910597585798544
2020-06-19,0.002323909472411338,0.0011960088931097846,0.0011279005793015527,0.022730642210967114
2020-06-22,0.013956054601198406,0.003843906227261589,0.010112148373936815,0.06899072293476276
2020-06-23,0.0014241022209408951,0.0020712707231920363,-0.0006471685022511405,0.11636151767352089
2020-06-24,0.004005842444508689,0.001334759672180534,0.002671082772328156,-0.06095206269098081
2020-06-25,0.00694022038243863,0.0012364216335983389,0.0057037987488402905,-0.01980281165016376
2020-06-26,-0.003652964232424237,-0.001236959077840008,-0.0024160051545842314,0.14922809853853572
2020-06-29,-0.001150867508106728,-0.0005473656611392416,-0.0006035018469674851,-0.009654215826227065
2020-06-30,0.009232291761325985,0.001137444284757979,0.008094847476568006,-0.036646257848390026
2020-07-01,-0.0005332348053095501,0.00026481333546924307,-0.0007980481407787938,0.10881327974702186
2020-07-02,-0.0025867408635028713,0.0007107382658972806,-0.0032974791294001528,0.014289936988303711
2020-07-03,0.007044355443346212,0.002411015242757007,0.004633340200589204,0.13242655528213992
2020-07-06,0.0008340939607558509,-0.000618135469467122,0.001452229430222973,-0.10783025127895031
2020-07-07,0.008232437455283261,0.0028125948682138826,0.005419842587069379,0.02425659011620716
2020-07-08,-0.006473675703806149,-0.0024749628325920862,-0.003998712871214064,0.08467693886583239
2020-07-09,0.0014823568300108552,-0.0004912510874956252,0.001973607917506481,0.0038549344557585034
2020-07-10,0.0046029977147639695,0.0024437739131910057,0.002159223801572963,-0.007527057138775287
2020-07-13,0.00023599282749170675,0.0010369218666634893,-0.0008009290391717827,0.10859291002849537
2020-07-14,-0.0003925957512998595,-0.00015374331668091545,-0.00023885243461894447,0.0965829069480595
2020-07-15,0.006688695625206453,0.001969093189481474,0.004719602435724977,0.07551798721253739
2020-07-16,0.006576397012297086,0.0022016756699017696,0.0043747213423953185,-0.0003178863337771062
2020-07-17,0.005250181703708155,0.0016942712018607102,0.0035559105018474436,0.06322625920239504
2020-07-20,-2.3995807862019214e-05,0.0018701769535087692,-0.0018941727613707884,-0.14199598096531987
2020-07-21,0.004275457176058555,0.001642459614127594,0.0026329975619309625,-0.1678210317803558
2020-07-22,-0.010830046543795673,-0.004324014650029274,-0.0065060318937664,0.011881580824609607
2020-07-23,-0.011608531337634795,-0.005479578278470306,-0.00612895305916449,-0.33105716270152147
2020-07-24,0.0009091544036708551,-0.0026608983435251468,0.0035700527471960028,0.155744930469865
2020-07-27,-0.025980770409037405,-0.010413122946815505,-0.0155676474622219,-0.2055351741246946
2020-07-28,0.011148226550830996,0.006206399639186216,0.00494182691164478,-0.007874475563950972
2020-07-29,-0.01201464097577016,-0.00293907162021231,-0.00907556935555785,0.137927758425199
2020-07-30,-0.0005286720990458611,-0.0007094832165995641,0.00018081111755370322,0.12586285727038282
2020-07-31,0.008235706783986795,0.0023293335520357967,0.005906373231950997,-0.1954614619713248
2020-08-03,0.008385887055531144,0.006189015480907385,0.0021968715746237596,0.023070481957349814
2020-08-04,-0.011691086161819023,-0.0037479820523083547,-0.007943104109510669,0.19819101995124402
2020-08-05,0.0014315107198986214,-0.0014263566437129345,0.002857867363611556,-0.18968873789711294
2020-08-06,0.01317572582739153,0.0036619782267847934,0.00951374760060674,-0.027954635534299745
2020-08-07,-0.010650651879184582,-0.004071817686576396,-0.0065788341926081885,-0.022059111460761026
2020-08-10,-0.0018616398545009537,-0.001585672750234691,-0.00027596710426626425,-0.024225766564107493
2020-08-11,-0.0012201485215251853,0.0004430828263057686,-0.0016632313478309553,0.028924343243213912
2020-08-12,-0.0013486600950319394,0.000525336582217842,-0.0018739966772497816,-0.07876323770467977
2020-08-13,0.0017753711951779326,0.0006548770412394466,0.001120494153938484,-0.11807765936634397
2020-08-14,-0.0048889846207061825,-0.0014899712476916572,-0.003399013373014525,0.06831116977094454
2020-08-17,-0.007621828190206613,-0.004477178156165374,-0.003144650034041239,0.12299564292385985
2020-08-18,0.004036227673358324,0.000943151600081963,0.003093076073276361,0.07176749185261526
2020-08-19,0.008015152549158546,0.0037534279457305496,0.0042617246034279965,-0.12288196833256376
2020-08-20,0.004751185505960677,0.0023360290921899405,0.0024151564137707355,-0.12451519986521468
2020-08-21,-0.008073421128216782,-0.002444678404814854,-0.005628742723401928,0.11472059215063896
2020-08-24,-0.008283583716961591,-0.0034917149103312617,-0.0047918688066303314,-0.0737901799638798
2020-08-25,0.007744366903929327,0.0027823815511600625,0.004961985352769264,-0.09668257523855028
2020-08-26,-0.0046707343024590875,-0.0030839899648691734,-0.001586744337589914,0.06907505816269642
2020-08-27,-0.0069151975216306906,-0.0041722574711015115,-0.002742940050529179,0.005440106844213711
2020-08-28,0.004715774254130847,0.0013533442091819984,0.003362430044948849,0.06132448020026889
2020-08-31,0.0004148995355041454,0.00014044617282455655,0.00027445336267958864,-0.18288962605238623
2020-09-01,0.004336028089183217,0.0017577743506084383,0.0025782537385747786,-0.03210610643543073
2020-09-02,-0.012485852059598868,-0.0041533511690989315,-0.008332500890499939,-0.08861950791050771
2020-09-03,-0.0021961273160861347,-0.0013306585116284178,-0.0008654688044577169,0.03849094449986298
2020-09-04,-0.006263486955141075,-0.003566098249292637,-0.002697388705848439,-0.07476267276367479
2020-09-07,0.0025794378424833665,-0.0002486915095922873,0.0028281293520756538,0.1376937995752916
2020-09-08,-0.004741653081991294,-0.0015759910572829727,-0.0031656620247083223,0.056460344442190565
2020-09-09,0.009994783971797093,0.003154759560500789,0.0068400244112963035,-0.010023486566990591
2020-09-10,0.003490607867304586,0.0007549792180868735,0.0027356286492177108,0.07205926401059284
2020-09-11,-0.0007335742509040756,-0.0011577839412096015,0.0004242096903055263,-0.17919955181658911
2020-09-14,0.0047147060516556285,0.0026401113127866973,0.0020745947388689304,0.31913656633450294
2020-09-15,-0.011639838653011804,-0.005333322043755289,-0.006306516609256516,-0.20219247790972672
2020-09-16,0.02380669540682081,0.010087905714564489,0.013718789692256317,-0.24626802643835902
2020-09-17,-0.013608146572050072,-0.005677657950570835,-0.007930488621479236,0.01405230381383769
2020-09-18,-0.01838088500302641,-0.009206539251629085,-0.009174345751397323,-0.10454700076190501
2020-09-21,0.0008780208548267304,-0.0006245842549624624,0.0015026051097891927,-0.15251276191855398
2020-09-22,-0.0067893317472618965,-0.0032655719973543103,-0.0035237597499075853,-0.11628246173567115
2020-09-23,-0.011615247172381545,-0.005357346574871061,-0.006257900597510485,-0.040017733977935475
2020-09-24,-0.008588784977728695,-0.003929040474280145,-0.004659744503448552,0.029818590224564984
2020-09-25,-0.0030291781540694824,-0.0020479476442795894,-0.000981230509789894,0.09014462141405791
2020-09-28,0.002140925794839584,0.0009696891373775392,0.0011712366574620431,-0.14376192754681305
2020-09-29,0.006879517075622533,0.003029160860231362,0.0038503562153911694,-0.11014967861796705
2020-09-30,-0.011066763294731078,-0.003430352756107604,-0.007636410538623477,-0.028593405105094134
2020-10-01,-0.007774351719237545,-0.0038722494228854527,-0.0039021022963520915,-0.1499165118601898
2020-10-02,-0.0022410652750592943,-0.0019478196948784154,-0.0002932455801808794,-0.18129453332487522
2020-10-05,-0.009715860218739355,-0.00440725286189121,-0.005308607356848144,-0.15040754938900502
2020-10-06,-0.012636367631147746,-0.005712198017623587,-0.006924169613524158,-0.10553271153449212
2020-10-07,-0.010849749242260101,-0.005847851879776431,-0.005001897362483671,-0.1158856106030182
2020-10-08,-0.008089901820623864,-0.003869830466055704,-0.00422007135456816,0.21986995617593347
2020-10-09,-0.00928174981277136,-0.004530218420910743,-0.00475153139186062,0.17885644258344666
2020-10-12,0.017772526541705448,0.006364345929823696,0.01140818061188175,-0.39874961647911267
2020-10-13,0.014979009815448386,0.007246351265231123,0.0077326585502172605,-0.13906990471828679
2020-10-14,-0.03142242249373145,-0.013666413879628796,-0.017756008614102654,0.061996316730026056
2020-10-15,-0.011269906206108122,-0.004784882104412986,-0.006485024101695134,0.34531269390407865
2020-10-16,0.005200741252558669,0.0018050539609047837,0.0033956872916538865,-0.3316121443064517
2020-10-19,0.030017650386062245,0.012200517355786006,0.017817133030276242,0.011131940983406077
2020-10-20,-0.02634430996308712,-0.012907133521617462,-0.013437176441469662,-0.22155680450341925
2020-10-21,0.0007581300507142168,0.001979473237250458,-0.0012213431865362393,0.3089143046405582
2020-10-22,-0.01613931375229779,-0.008226866178010387,-0.007912447574287402,-0.04477670376304189
2020-10-23,0.022497332005321273,0.011448310663760893,0.011049021341560378,-0.16816851166343674
2020-10-26,-0.002931413797200236,-0.0010336445240852598,-0.0018977692731149756,-0.13175538791555716
2020-10-27,-0.012199298233936054,-0.004182298078410667,-0.008017000155525388,-0.07717506208891572
2020-10-28,-0.009586606293773926,-0.0053881694350440615,-0.004198436858729865,0.22448297508542928
2020-10-29,-0.005120032567567493,-0.0029468423892390727,-0.00217319017832842,0.18890238028707487
2020-10-30,0.01733087735003402,0.007490339239644694,0.009840538110389327,0.007097971735515296
2020-11-02,0.012756505820135168,0.0060298246348075984,0.006726681185327571,-0.005427462619680038
2020-11-03,0.0005151589464322967,-0.0007387764607128533,0.0012539354071451512,-0.15196645162279004
2020-11-04,-0.0003761669448812977,-0.0014281852671298525,0.001052018322248555,-0.09754363625636048
2020-11-05,-0.011056913899033063,-0.005197893659447854,-0.005859020239585207,-0.010554443496758444
2020-11-06,-0.0073106498616276,-0.004020551392722969,-0.0032900984689046286,-0.07468225030326517
2020-11-09,-0.0007014137722701979,-0.0002802995231884018,-0.00042111424908179707,-0.07509755215042324
2020-11-10,-0.005329305574467843,-0.00044955949301904094,-0.004879746081448802,-0.10094460074946933
2020-11-11,-0.005645497786996316,-0.0011155577592162182,-0.004529940027780098,-0.14985862488274923
2020-11-12,-0.007965214444788623,-0.0030943461935583312,-0.0048708682512302905,-0.10398154703755312
2020-11-13,-0.0127513626525628,-0.005994384276927832,-0.006756978375634966,0.3039699515652838
2020-11-16,-0.009029558868047405,-0.002413667580552048,-0.006615891287495358,-0.3672278669415007
2020-11-17,0.028772752192260335,0.012175404115903265,0.01659734807635707,0.23801119993759776
2020-11-18,-0.029762598058670302,-0.012632953323651771,-0.01712964473501853,0.1384730709058311
2020-11-19,0.019865172123239738,0.006507475885676236,0.013357696237563499,-0.1978724364537462
2020-11-20,0.010471285224079151,0.003136910667622712,0.007334374556456439,-0.042320878705095724
2020-11-23,-0.013391477518871214,-0.004782188837317999,-0.008609288681553213,-0.11982115361938761
2020-11-24,-0.003222078839803455,-0.002426421507188684,-0.0007956573326147725,-0.005663661966979458
2020-11-25,-0.00914524074545709,-0.0017309500756931733,-0.007414290669763917,-0.21219879980786066
2020-11-26,-0.00036804677524496015,-0.0007162967665320106,0.00034824999128705084,0.06727729225939749
2020-11-27,-0.016486471957235158,-0.005702078158208193,-0.010784393799026968,-0.2632868236423372
2020-11-30,0.005328204470315538,0.0035257239007111876,0.001802480569604352,0.10816871713493392
2020-12-01,-0.018254561172736994,-0.008226301520853463,-0.010028259651883538,0.06730145002299953
2020-12-02,0.008031027543327223,0.005219060676709396,0.0028119668666178287,-0.1627348384506365
2020-12-03,0.004963312949820919,0.003281548827422858,0.001681764122398061,0.10592904852609762
2020-12-04,-0.012594109001841769,-0.004654172237943839,-0.007939936763897931,0.25750168828938697
2020-12-07,0.008259363981947342,0.0010464260604252183,0.007212937921522123,0.3104854555572957
2020-12-08,0.02051232781069762,0.007293345832545223,0.013218981978152394,-0.09873917769985512
2020-12-09,0.028542145892540838,0.014233019400202211,0.01430912649233863,0.23944872108120147
2020-12-10,-0.007211645878441849,-0.0021485149124688394,-0.005063130965973009,-0.12099561495361424
2020-12-11,0.01605307997473614,0.006742319933400284,0.009310760041335853,0.10362868443678457
2020-12-14,-0.0073303726635237185,-0.0029035539304701832,-0.004426818733053534,0.2290570409426411
2020-12-15,0.008263670398956533,0.00218620716469199,0.0060774632342645435,0.08172640758575203
2020-12-16,0.017327050332406092,0.004529983697272902,0.012797066635133188,0.21698364221353164
2020-12-17,0.005511780799389135,0.0025734255470315614,0.0029383552523575725,0.09752675415285997
2020-12-18,0.015372914951533609,0.003757980855030271,0.011614934096503337,0.0379873088036367
2020-12-21,0.0059466264345206295,0.0017839191940108058,0.004162707240509825,-0.08847758971665767
2020-12-22,0.0027179796870094993,0.0009704759800671483,0.0017475037069423502,-0.1148852560835589
2020-12-23,-0.006266534909789201,-0.0042477113884936265,-0.0020188235212955773,0.005326189977815745
2020-12-24,-0.007124235632891665,-0.001996141604118112,-0.005128094028773552,0.028709122008213454
2020-12-25,0.00035044811815534613,0.0002844040054615698,6.604411269377653e-05,0.11154487257237806
2020-12-28,0.0016422367187638597,0.0008257659703163234,0.0008164707484475363,-0.1637990709097349
2020-12-29,0.007834476362356995,0.0035736196562413036,0.004260856706115691,0.04524997043358615
2020-12-30,-0.011402763959179947,-0.006328343348835501,-0.005074420610344446,-0.12007356284963655
2020-12-31,0.002720940641665096,0.00037045820956922715,0.002350482432095868,0.15904751267226136
2021-01-01,-0.00839650569099257,-0.004042099529613341,-0.004354406161379229,-0.03306519996671326
2021-01-04,0.013693915259258647,0.0065027348314680225,0.007191180427790624,-0.05195702437209326
2021-01-05,-0.0021664450082988992,-0.0018071918045139551,-0.00035925320378494413,0.06519881351334231
2021-01-06,-0.003963261963353247,-0.0019556693926099915,-0.0020075925707432538,0.05302267207712618
2021-01-07,0.005156938690501552,0.0026326462734874902,0.0025242924170140613,-0.2035726310552688
2021-01-08,0.0030938687139595075,0.000597420171756278,0.0024964485422032294,0.1757025722655779
2021-01-11,-0.013790101912392569,-0.005734147526211953,-0.008055954386180614,-0.08992437786591757
2021-01-12,0.013971432450144424,0.006450036534463669,0.007521395915680755,-0.03680808634846204
2021-01-13,-0.006418175685506908,-0.003911000850064033,-0.0025071748354428746,-0.03748563136188726
2021-01-14,-0.0021236026005365533,-0.001439533095653785,-0.0006840695048827682,0.10728618654816022
2021-01-15,-0.0023739971276892273,0.00025782492070656245,-0.0026318220483957915,-0.14376289639144155
2021-01-18,0.007214699535622289,0.00394986274580586,0.0032648367898164294,0.12080095050931541
2021-01-19,-0.0101343398091877,-0.0029986300898068655,-0.007135709719380837,0.16024760951159328
2021-01-20,0.00928060286192571,0.0027923103347054353,0.006488292527220276,-0.10454269338939232
2021-01-21,0.010804608200645802,0.005172522417766171,0.005632085782879631,0.10652014065584034
2021-01-22,-0.007004582363134122,-0.004478358302074612,-0.0025262240610595104,-0.004216703830522631
2021-01-25,0.007764029462533756,0.0008008250061859908,0.006963204456347764,-0.2203186858590868
2021-01-26,-0.00025442747791316065,-0.0010383220624199403,0.0007838945845067818,-0.0658332483119725
2021-01-27,-0.015131793499638387,-0.006392539626860114,-0.008739253872778272,0.04579106846706456
2021-01-28,-0.004205676240865571,-0.0012270889699240368,-0.002978587270941533,0.10772551005304179
2021-01-29,0.002921546187777492,0.002146602948931919,0.0007749432388455735,-0.03857174806577489
2021-02-01,0.007185176059523301,0.002834421842805615,0.004350754216717687,-0.09794430250976992
2021-02-02,-0.002538676977027845,-0.0023354871970833976,-0.0002031897799444479,0.0072063989695304006
2021-02-03,-0.007160692850148616,-0.003934537960206682,-0.0032261548899419354,0.03752916096607953
2021-02-04,0.0005110774807189794,-0.0011669488285528315,0.0016780263092718104,0.184672606641652
2021-02-05,0.0024520032432166256,0.0010079545561285166,0.001444048687088112,-0.03197779516057318
2021-02-08,0.012485875798988393,0.004617965821846948,0.007867909977141445,0.09801264938409561
2021-02-09,-0.002031327100121906,-0.00045033000728012147,-0.0015809970928417853,0.23508990747830327
2021-02-10,0.006663612421120518,0.0038950640460467065,0.002768548375073813,-0.15920234229596192
2021-02-11,0.016540583220002215,0.008458779017037222,0.008081804202964992,0.23395446627462194
2021-02-12,-0.010082019324894746,-0.005651505591360154,-0.004430513733534596,0.012463420592502028
2021-02-15,0.014152726268130739,0.007343144334373223,0.006809581933757516,-0.04924782345881857
2021-02-16,0.000746026834314294,0.0006404275992978885,0.00010559923501640527,0.03241031080229354
2021-02-17,-0.0032779366332383094,-0.000697765850735616,-0.0025801707825026934,-0.0637883743397834
2021-02-18,0.002175878760121419,0.0006371593006545837,0.0015387194594668361,-0.02757380062632599
2021-02-19,-0.004136092275969446,-0.0008759880440244855,-0.0032601042319449604,-0.046115338574803655
2021-02-22,-0.001750623930167839,-0.001785115451316521,3.449152114868258e-05,0.14927781573332652
2021-02-23,-0.002865385308725571,-0.00030848947862377636,-0.0025568958301017937,0.014651378637863886
2021-02-24,0.011325810788898688,0.007104488401506074,0.004221322387392612,0.004835874776143401
2021-02-25,0.001046209851654403,-3.219054717067474e-05,0.0010784003988250773,-0.00920228357543212
2021-02-26,0.0003642814514063401,-0.0008075948781666991,0.0011718763295730395,0.1716304935705418
2021-03-01,-0.0006666444155166091,-0.001326637554594811,0.0006599931390782019,0.11125156745533672
2021-03-02,0.012907268647462658,0.007433653328448977,0.0054736153190136794,0.1001048971697254
2021-03-03,0.008093194112057795,0.004703304232050879,0.0033898898800069155,0.0480825608771119
2021-03-04,0.00731336157868741,0.0018044947926503744,0.0055088667860370335,-0.1461319316969617
2021-03-05,0.003146853859873442,0.001406185422181386,0.0017406684376920557,0.022953273964236447
2021-03-08,-0.009675102653437441,-0.0033555186151624557,-0.0063195840382749835,-0.18262397489006463
2021-03-09,0.0014976131002265155,0.001045105474516807,0.00045250762570970757,0.027252714644929378
2021-03-10,-0.015762089180895892,-0.007383014873008877,-0.008379074307887013,-0.0846983469010852
2021-03-11,0.0019372157223424248,0.001887044965272304,5.017075707012056e-05,0.05498609484477813
2021-03-12,-0.005544972902172282,-0.0023946713250944567,-0.003150301577077825,-0.061249881312077266
2021-03-15,0.0037595111955339234,0.002406613731379334,0.0013528974641545885,-0.04476272766316476
2021-03-16,-0.0040523432622195455,-0.00046040533862863175,-0.0035919379235909155,0.04241304591320568
2021-03-17,-0.0029031775866610204,-0.0013960349842684974,-0.0015071426023925208,-0.02270482900930094
2021-03-18,0.0027264091675583586,0.002219962886219772,0.0005064462813385868,-0.11201144343763374
2021-03-19,-0.0016151344007576385,-0.0022061431309688337,0.0005910087302111941,-0.008714943766604076
2021-03-22,-0.009197098401177724,-0.001631219306303269,-0.007565879094874455,0.24924508996400976
2021-03-23,-0.0007416598678930235,-0.00083643500482029,9.477513692726647e-05,-0.1087924013013463
2021-03-24,0.01981088375317977,0.006125140159697783,0.013685743593481988,-0.006163718994077377
2021-03-25,-0.00829676290618624,-0.003910924559352071,-0.0043858383468341686,0.13251704696712444
2021-03-26,-0.0005377822930881819,0.003025444373737529,-0.0035632266668257084,0.11933043959830646
2021-03-29,0.00994534897347616,0.0024115070294546542,0.007533841944021506,0.32156324495196326
2021-03-30,0.008979430728957884,0.003283170857160792,0.005696259871797092,0.03993097478073888
2021-03-31,0.02186738557805762,0.011235188487267754,0.010632197090789865,0.29513732539316356
2021-04-01,0.0027549128142080968,-0.0019226536082133532,0.00467756642242145,0.03920154573191893
2021-04-02,0.01959754301531572,0.006322652490393696,0.013274890524922027,-0.05421231868330267
2021-04-05,0.00291656347323026,-0.00116785451257655,0.004084417985806809,-0.20838979548259684
2021-04-06,-0.004562089593640496,-0.0004277156441667238,-0.004134373949473772,-0.22282994342561102
2021-04-07,-0.014158502036994055,-0.006464621984336947,-0.007693880052657106,-0.13201620272998688
2021-04-08,-0.014360632742896381,-0.006419046958945525,-0.007941585783950857,-0.10277720620183224
2021-04-09,-0.008007647662010266,-0.0018272656984367718,-0.006180381963573494,0.004532110492349331
2021-04-12,-0.006841671216829255,-0.001604504003982276,-0.005237167212846979,0.1939295845820447
2021-04-13,0.0002966953274367826,-0.000999985256062649,0.0012966805834994316,-0.08677333713403688
2021-04-14,0.012895738345411575,0.005046037680536977,0.007849700664874596,0.05904503680269906
2021-04-15,-0.005023394221555436,-0.0026780208084490106,-0.0023453734131064254,-0.12329921301775475
2021-04-16,0.003664458032120693,0.001616162739085407,0.002048295293035285,-0.08338694653526177
2021-04-19,-0.006850747747145681,-0.003808755239768543,-0.003041992507377137,-0.13104724093321515
2021-04-20,-0.00537448511313054,-0.0040110473196818194,-0.001363437793448722,0.22303643740719423
2021-04-21,-0.007971157393326815,-0.002503419227569052,-0.005467738165757762,0.1253807037505481
2021-04-22,0.015262722198915462,0.005995024347620642,0.009267697851294814,0.18035633165489937
2021-04-23,0.008940559498331115,0.0037307884222814135,0.005209771076049703,-0.02575097136191711
2021-04-26,0.010188872186810227,0.0028869629128049305,0.007301909274005296,-0.08345865025946948
2021-04-27,-0.0015307968049021528,-0.0017296052258903548,0.0001988084209882013,-0.1384825999511364
2021-04-28,-0.004479422846213254,-0.003260986033088626,-0.0012184368131246282,0.02497298188518407
2021-04-29,-0.006913378351472689,-0.003041667800863612,-0.003871710550609078,0.1893005345356771
2021-04-30,0.0015012544615454176,0.00046278339070716674,0.001038471070838251,-0.2718259065933947
2021-05-03,0.0120553219152242,0.004062623377199195,0.007992698538025006,-0.046449443927938414
2021-05-04,-0.01740564731523771,-0.008117013946151417,-0.009288633369086296,-0.1553219040533411
2021-05-05,-0.0031900600855403437,-0.0011645753615750001,-0.00202548472396534,0.03590489025124034
2021-05-06,-0.011023048481806061,-0.004721571565210423,-0.006301476916595637,0.10054207501457238
2021-05-07,0.002434401990838984,-0.0004900005524246971,0.0029244025432636836,0.01394647964790222
2021-05-10,0.006489824168241145,0.0018239283350499434,0.0046658958331912016,-0.02897030015429699
2021-05-11,0.0008772224869775078,-0.00026521017688000206,0.0011424326638575094,-0.10556014708359454
2021-05-12,-0.001876273721661775,-0.002221462265335053,0.0003451885436732763,0.15284815819386177
2021-05-13,-0.006964599486482802,-0.0027636605541078926,-0.004200938932374915,-0.11991939002107145
2021-05-14,0.009759158913970823,0.006427922960322151,0.0033312359536486723,-0.1326311257723644
2021-05-17,-0.007791260836880986,-0.005354210437610779,-0.002437050399270205,-0.01249644031323796
2021-05-18,-0.008062600658112385,-0.0036746658992910554,-0.00438793475882133,0.13840079265220295
2021-05-19,-0.0008182625899213597,-0.0018966749710896162,0.0010784123811682568,-0.08720587203052774
2021-05-20,0.009413914311533579,0.0027090905230047245,0.0067048237885288554,-0.07355489874093979
2021-05-21,-0.005846240236848746,-0.0021538513889560046,-0.0036923888478927434,-0.10229827375380648
2021-05-24,-0.004839783409364555,-0.0036747335798488273,-0.0011650498295157265,-0.06541988816602266
2021-05-25,-0.006927676720942183,-0.003083227063165361,-0.0038444496577768232,0.052254083597458104
2021-05-26,-0.00438523650596786,-0.002314737637637198,-0.002070498868330663,-0.07642082992805908
2021-05-27,0.00339568803882176,0.0034276961437581174,-3.200810493635825e-05,0.06382459783959536
2021-05-28,-0.005374426205274575,-0.00233473228907893,-0.003039693916195644,-0.14156289958195734
2021-05-31,0.004265072800894986,0.0022536147902835037,0.0020114580106114816,0.0690901665985121
2021-06-01,-0.010433841850875857,-0.005114246785250576,-0.005319595065625279,-0.09825828787757672
2021-06-02,0.004630671429655547,0.0016328889495754936,0.002997782480080053,-0.04680643846881027
2021-06-03,-0.007840153112666923,-0.002378765590976924,-0.00546138752169,0.10877390861122974
2021-06-04,-0.0037343297978902007,-0.0011278969076658207,-0.0026064328902243826,0.10870743699404586
2021-06-07,0.007774279455629784,0.0008914069944478374,0.006882872461181945,-0.09052179670115712
2021-06-08,0.00898800964721619,0.0017365618366714727,0.007251447810544716,0.18267454985849083
2021-06-09,-0.006412237415870674,-0.0024534120916078744,-0.0039588253242628015,0.23938624651286014
2021-06-10,0.013905844327813674,0.00746176523261894,0.006444079095194736,-0.16623335239319048
2021-06-11,0.01787567920606869,0.007652431569062722,0.010223247637005967,0.16156548386568922
2021-06-14,-0.010962811037573798,-0.004744713157677931,-0.006218097879895867,0.22430352286761565
2021-06-15,0.010762859892577087,0.004362619470469967,0.00640024042210712,0.08030102497613503
2021-06-16,0.013938562303353733,0.005740987780758204,0.008197574522595522,0.047583453919846454
2021-06-17,0.005938566445820144,0.002130570612079028,0.0038079958337411193,0.0071110810223698724
2021-06-18,0.0036512265528509773,0.003772520806789373,-0.0001212942539383921,0.11500064271670744
2021-06-21,0.0006787752095371315,0.0018750128810280445,-0.0011962376714909143,0.009257179756293919
2021-06-22,0.010833652063741272,0.00350388918233821,0.007329762881403058,0.10734534043620027
2021-06-23,0.000793505972584528,0.0018546412093508255,-0.001061135236766297,-0.07386473825675567
2021-06-24,0.00771303697596,0.0019103042920130611,0.005802732683946939,0.08413177747639346
2021-06-25,-0.00523616583987254,-0.0012490368724787926,-0.003987128967393746,-0.07592799815762825
2021-06-28,0.006133632408998167,0.0022306473664940943,0.003902985042504071,0.00030963554945630494
2021-06-29,-0.0048605044052177915,-0.001637238907189878,-0.003223265498027917,0.11521387581724948
2021-06-30,2.2423856985296243e-05,-0.00035802326601330585,0.00038044712299860166,-0.021222333283326178
2021-07-01,0.0078404625059954,0.003789097776267766,0.004051364729727633,0.08616391123352739
2021-07-02,-0.0012070627755193849,-0.00013132153589068708,-0.0010757412396286978,0.00253831463213696
2021-07-05,0.005513452728050589,-0.0004094924577493766,0.005922945185799967,0.11596803901184094
2021-07-06,0.00015851819894684756,-0.0003087713955577339,0.00046728959450458105,0.14633575610731925
2021-07-07,0.007219418982964411,0.0016929677782661092,0.005526451204698302,-0.12559660690348634
2021-07-08,0.008464511530414436,0.0017395709289946427,0.006724940601419793,0.09136173689607209
2021-07-09,-0.007111409158585322,-0.0030547476913086995,-0.004056661467276623,0.09375784253957282
2021-07-12,0.005300668916256017,0.0010564362424099229,0.004244232673846094,0.12619641056308684
2021-07-13,0.005521054061484195,0.00034032538525939626,0.0051807286762248,-0.09137162340602913
2021-07-14,0.008105578715179978,0.0038225344788109517,0.004283044236369021,0.06228107966967074
2021-07-15,-0.005217908537492717,-0.003664734898413364,-0.00155317363907935,-0.00828542725056537
2021-07-16,0.003657097173941308,0.000933344874684619,0.00272375229925669,0.06038471444562693
2021-07-19,-0.00048540893980230835,0.0005980577819762312,-0.0010834667217785392,0.14478337645575307
2021-07-20,0.0038790673612501946,0.0008476434018175136,0.003031423959432681,0.010588210875864925
2021-07-21,0.009044199688474546,0.004327881368702767,0.004716318319771776,0.03312711574772649
2021-07-22,0.0006366066102914294,0.0012425964534212549,-0.000605989843129825,0.03226997672841731
2021-07-23,0.0022202279351568443,0.0015593790966902275,0.0006608488384666177,0.011551126257785625
2021-07-26,0.0019873666741222415,-0.001183953494730985,0.0031713201688532283,-0.052736032378374126
2021-07-27,0.0007194913166005182,-0.0014760224236709388,0.0021955137402714566,0.005284786882686115
2021-07-28,-0.0029151802063806845,0.00028759612506510686,-0.003202776331445792,-0.1453362985995657
2021-07-29,0.00033445515735202594,0.0006493196123841874,-0.00031486445503216276,-0.09689213107803994
2021-07-30,-0.008295552311177064,-0.00352318953593452,-0.004772362775242539,-0.1339866270185794
2021-08-02,-0.006561170551519923,-0.004116862273939891,-0.002444308277580032,0.2753503553766879
2021-08-03,-0.008449772958514757,-0.005290134114401243,-0.003159638844113512,0.08591066196316502
2021-08-04,0.017646809907452564,0.005113083719393975,0.012533726188058585,-0.04333941459559407
2021-08-05,0.005858024172152704,0.0019121398894171547,0.00394588428273555,0.1608285803594598
2021-08-06,-0.002734692372929247,-9.666131006962932e-05,-0.0026380310628596167,0.17567315921380575
2021-08-09,0.011724025879756114,0.002865328225089116,0.008858697654667,-0.08520863550293112
2021-08-10,0.01123895347008785,0.003364371557497365,0.007874581912590488,-0.08581830664573939
2021-08-11,-0.0050747036508595866,-0.0015568281873892965,-0.00351787546347029,0.006605386495253804
2021-08-12,-0.005452062477741018,-0.0029923337136245273,-0.00245972876411649,-0.04352788875705406
2021-08-13,0.00042597918099365664,0.0003647709621744429,6.120821881921631e-05,-0.010167290751004358
2021-08-16,-0.0030137488728815137,-8.154433007511591e-06,-0.003005594439874002,0.18336777880902524
2021-08-17,-0.0006719706555984436,-0.000316714679469891,-0.0003552559761285535,0.025060648128937425
2021-08-18,0.014474116912145073,0.005077817502849271,0.009396299409295799,0.0649619590315324
2021-08-19,0.0015581254156615916,0.0009106818882715622,0.0006474435273900302,0.01206658849792724
2021-08-20,0.004231218219803574,0.0018970923805766264,0.0023341258392269477,0.006585044776683486
2021-08-23,0.0008756266457608235,0.0011380233329472654,-0.00026239668718644124,-0.041458712990724865
2021-08-24,0.0004488841698305395,-0.00019150321791161842,0.0006403873877421579,-0.1780774653576061
2021-08-25,-0.002470614630972732,0.00032387497510909594,-0.0027944896060818278,0.08878950088528983
2021-08-26,-0.01157349500496625,-0.005901617277969446,-0.005671877726996802,0.10280302258755648
2021-08-27,0.006077252932202272,0.0018517453116323693,0.004225507620569903,0.035746676993043486
2021-08-30,0.006665113339644302,0.0026858335572121222,0.00397927978243218,-0.03558312975737099
2021-08-31,0.0023324391730721794,-0.0003174240452720519,0.002649863218344232,-0.005033099802528343
2021-09-01,-0.0022606381591150355,-0.0018103672941715988,-0.0004502708649434372,0.04460853145666478
2021-09-02,-0.00038046622010871,0.00143751605769796,-0.0018179822778066701,-0.12676014002374192
2021-09-03,0.003620769523078309,0.0034848852939320437,0.00013588422914626724,0.02183135597660764
2021-09-06,-0.008661050467628887,-0.004791762676102498,-0.003869287791526385,0.006086348831788191
2021-09-07,0.0014606283076508265,-0.0004408610028069377,0.0019014893104577647,0.0764066669625471
2021-09-08,0.0003713606637510574,0.0014742919948725723,-0.0011029313311215136,-0.08047041945269312
2021-09-09,0.0048885054679025566,0.00276416417951478,0.0021243412883877773,0.26412210603607045
2021-09-10,-0.004600809726102651,-0.002135142598531761,-0.00246566712757089,-0.07900458597272704
2021-09-13,0.017569283279012415,0.006085926953868662,0.011483356325143758,-0.15945891727971076
2021-09-14,-0.00432447046977755,-0.002075110606953836,-0.0022493598628237146,-0.038432230990372455
2021-09-15,-0.010078492164457265,-0.005057496478025959,-0.005020995686431307,-0.1157540206607632
2021-09-16,-0.00221537323895395,-0.0017942516228505196,-0.0004211216161034313,0.06225647096145925
2021-09-17,-0.007213719730710493,-0.00427740105375014,-0.002936318676960353,0.1334247718703
2021-09-20,0.003977655872727546,0.0009376060426635902,0.0030400498300639555,0.05696775756555541
2021-09-21,0.009067313521331253,0.004736939326399868,0.004330374194931388,0.03880740246611718
2021-09-22,0.0038857805890914598,0.0005811623753219477,0.0033046182137695113,0.10522406636067624
2021-09-23,0.002432943030086206,0.0003246686010338791,0.002108274429052327,-0.13917317431795864
2021-09-24,0.0073354932541763365,0.0018797784232716889,0.005455714830904646,-0.10890056681408639
2021-09-27,-0.008942133148223367,-0.003225083219196574,-0.005717049929026791,-0.11863180363942133
2021-09-28,-0.006464672473023065,-0.001828680275202804,-0.00463599219782026,0.2155364389650338
2021-09-29,-0.0067025758476792485,-0.0024924488516881085,-0.00421012699599114,0.13513496965534122
2021-09-30,0.013026230531267755,0.004229903819755557,0.008796326711512197,-0.13641826883264427
2021-10-01,0.008187507442308072,0.0020693269603413757,0.006118180481966696,0.00891441110853028
2021-10-04,-0.00813164976951658,-0.004586746167972061,-0.00354490360154452,0.055592833356354586
2021-10-05,0.0005375181712585716,-0.0006959035029879546,0.001233421674246526,-0.20844253140733518
2021-10-06,0.003064792891292853,0.0007031755887970605,0.002361617302495793,0.16278246379254713
2021-10-07,-0.013107918916528237,-0.006872215134426572,-0.006235703782101663,0.1814485166832132
2021-10-08,0.010908068064052655,0.004631473571965611,0.006276594492087045,-0.17308580490921135
2021-10-11,0.01110295406567131,0.004534678459384291,0.006568275606287018,0.18261882660368065
2021-10-12,-0.010342215519500977,-0.005401042206788024,-0.004941173312712955,0.19158068234360756
2021-10-13,0.011209178878233942,0.005524653603268349,0.005684525274965591,0.13272296565258718
2021-10-14,0.01332185285756356,0.005342138168307077,0.007979714689256484,-0.07653253136723165
2021-10-15,0.008674946389097542,0.002902457655916371,0.00577248873318117,0.21066369330164922
2021-10-18,-0.004508154355030083,-0.002312041825303732,-0.0021961125297263514,0.2825010881234204
2021-10-19,0.013528900437699654,0.005418697338528178,0.008110203099171476,0.0015883144993427175
2021-10-20,0.02042369013252214,0.009950217418965766,0.010473472713556371,-0.07199917194624124
2021-10-21,9.141878664766802e-05,-0.0005336427321750454,0.0006250615188227136,-0.09683762576643287
2021-10-22,-0.004462524916827587,-0.0022855114764063107,-0.0021770134404212743,-0.07919645402404975
2021-10-25,-0.005974059684139679,-0.0011159187783464208,-0.0048581409057932585,0.03778305903963505
2021-10-26,-0.004452450960678388,-0.003552818795587347,-0.0008996321650910407,0.06634624016851977
2021-10-27,0.002130144019417693,-0.00020644920393873205,0.002336593223356426,0.16565809178217292
2021-10-28,0.0033430467488597478,0.0024119404766833556,0.00093110627217639,0.10509602167679523
2021-10-29,0.008130498599936396,0.00325105491092911,0.004879443689007284,0.027904774630272588
2021-11-01,0.005224515469498205,0.0017020564959403825,0.0035224589735578225,-0.022237761529548435
2021-11-02,0.0012589031965720785,0.0013842373137880858,-0.00012533411721600725,0.1063331045139988
2021-11-03,-0.0014408132245552919,0.0016009775605776225,-0.0030417907851329126,-0.01851672049183884
2021-11-04,0.006098765612632127,0.002970958116354075,0.003127807496278053,-0.050782634815036275
2021-11-05,-0.0010070726963954213,1.2893244596991899e-05,-0.0010199659409924136,-0.054319254632281336
2021-11-08,-0.0026037166853332652,-0.002302066806528818,-0.00030164987880444867,-0.04692789405300265
2021-11-09,-0.002576639176209356,-0.0018641758416223977,-0.0007124633345869588,0.08329063442420422
2021-11-10,-0.002395303876831601,-0.0027255849195734617,0.0003302810427418608,0.1603960114265469
2021-11-11,0.004043471086217991,0.00234145186880972,0.001702019217408271,0.26741487208180026
2021-11-12,0.00996962081263984,0.0042639232924474545,0.005705697520192381,0.2561186739451122
2021-11-15,0.013849262503202961,0.008162500473722894,0.005686762029480069,0.10987220128514467
2021-11-16,0.014099597272680035,0.007106348678043842,0.006993248594636188,0.09757051264504661
2021-11-17,0.006172478940469087,0.0025512074564099886,0.003621271484059098,-0.06902014929497285
2021-11-18,0.005723056541285819,0.0029144311212937453,0.0028086254199920727,-0.07884543310143326
2021-11-19,-0.004674515322963978,-0.002104136248902806,-0.0025703790740611732,0.03247074236441817
2021-11-22,-0.004676677381018289,-0.004104592921515668,-0.0005720844595026213,0.1260435335322336
2021-11-23,0.001875919343195375,0.0006959230751187283,0.0011799962680766468,0.04741703293889036
2021-11-24,0.007514907505947353,0.002851280759904049,0.004663626746043303,-0.03744509914238224
2021-11-25,0.002851651815544306,0.00038628207594479727,0.0024653697395995086,-0.013682772735986214
2021-11-26,-0.002131721374900704,-0.0013503882575664813,-0.0007813331173342243,0.011610382908009432
2021-11-29,-0.000750704642767034,-0.0011550945384426942,0.00040438989567566103,0.03239785458984239
2021-11-30,0.0006620731864918211,-0.0007616072357044352,0.0014236804221962563,-0.11992180298700846
2021-12-01,0.0017546324644321185,0.00016366817319085885,0.0015909642912412588,0.08289726153262293
2021-12-02,-0.006885264763063056,-0.0026494275625306377,-0.004235837200532418,0.11760725003626835
2021-12-03,0.005151182333472212,0.0016132180281302026,0.0035379643053420097,-0.14135587048258663
2021-12-06,0.007915727704477994,0.0019025269248154463,0.006013200779662545,0.11996899423790514
2021-12-07,-0.01011833500918706,-0.0031854301864304747,-0.006932904822756582,0.01409409363446832
2021-12-08,0.008176586402712509,0.004738746338648666,0.0034378400640638447,-0.18635788091874528
2021-12-09,0.0009264680723172249,0.001218908766610606,-0.00029244069429338465,0.08904005333468094
2021-12-10,-0.015322005800009822,-0.0043439465073606305,-0.010978059292649193,0.06943269511261554
2021-12-13,0.0053862337354759465,0.001517281811828041,0.0038689519236479036,0.07669560755372015
2021-12-14,0.004032382746970109,0.0014024718083336992,0.002629910938636411,0.10451093272392326
2021-12-15,0.004301311735412182,-8.973797023230368e-05,0.004391049705644486,0.06484062373720775
2021-12-16,0.005512398880333054,0.0019072729127771436,0.0036051259675559093,-0.06136952379343602
2021-12-17,0.003914357507514636,0.0015171559275760776,0.002397201579938559,0.02140248495786483
2021-12-20,-0.002922239379770608,-0.0016951725628678266,-0.0012270668169027813,-0.03779818459621655
2021-12-21,0.0010848700476342545,0.0006282512024342987,0.0004566188451999558,0.22796198785344413
2021-12-22,-0.0023543694371368894,-4.892755374886863e-05,-0.002305441883388021,-0.015452344669141003
2021-12-23,0.014656599886101521,0.005718632433459961,0.008937967452641561,0.029441905404704705
2021-12-24,-0.0011017683825987352,-5.502123075466878e-05,-0.001046747151844066,-0.006051131084574583
2021-12-27,0.0017348595797246512,0.0005099609513239262,0.0012248986284007224,-0.14575070070315874
2021-12-28,-0.0003263867032526056,0.0006853802939218594,-0.0010117669971744644,0.14696711902608556
2021-12-29,-0.007725367891542603,-0.002130467872477378,-0.005594900019065225,0.02999072118143177
2021-12-30,0.007721920724358961,0.0025478815026279064,0.0051740392217310555,0.24409704554004483
2021-12-31,0.001608099408952186,0.0014299608096524558,0.00017813859929972985,0.1752178245234245
2022-01-03,0.013641509350899982,0.005981207756378191,0.0076603015945217925,-0.07509233338994732
2022-01-04,0.010276833692208005,0.00283902647885689,0.0074378072133511166,-0.0038405454397844713
2022-01-05,-0.0036172819823732747,-0.0014580655121049476,-0.002159216470268327,-0.05225693969500244
2022-01-06,-0.00021340650719049769,0.0003606659321910158,-0.0005740724393815131,-0.18192545484352307
2022-01-07,-0.0026290408238908696,-0.0005177520179183944,-0.0021112888059724756,0.08656826030490972
2022-01-10,-0.010623513830268903,-0.005111867297495012,-0.0055116465327738895,0.08412675424306076
2022-01-11,0.0044561476730716676,0.002662968307534331,0.0017931793655373372,-0.05594517553950347
2022-01-12,0.004844074048917616,0.0024225565399133425,0.0024215175090042734,-0.09324016283844645
2022-01-13,-0.003242058906289616,-0.002416236422388288,-0.0008258224839013265,0.21577545693776753
2022-01-14,-0.005573923285253044,-0.0032840138044975334,-0.0022899094807555097,0.016852497059855913
2022-01-17,0.012903774405897152,0.005138855209633184,0.007764919196263969,-0.002038054102058272
2022-01-18,0.0010013121428461026,0.0010958778193489028,-9.45656765027991e-05,-0.024797375005726985
2022-01-19,-0.00010553123468551903,0.0005447866897906268,-0.0006503179244761459,0.0924020989323416
2022-01-20,-0.0013800723143269594,-0.0018251269396534818,0.00044505462532652283,-0.10123501899840208
2022-01-21,0.005974936033848633,0.0032963524651907494,0.002678583568657884,0.05727187168005121
2022-01-24,-0.0067771085715580695,-0.003710470073482201,-0.0030666384980758687,0.05768304713531014
2022-01-25,0.0033950982741862757,0.0004525518617270567,0.002942546412459218,-0.1684416186718488
2022-01-26,0.003184385589877603,0.0011332944745219868,0.0020510911153556162,0.02736888997770476
2022-01-27,-0.009733353248370831,-0.004108857822506156,-0.005624495425864675,0.21332506563821318
2022-01-28,0.0015801164166278506,0.0006714890891250762,0.0009086273275027736,-0.1405815138810008
2022-01-31,0.012695185889916288,0.003557721231873354,0.009137464658042936,-0.014270292218954261
2022-02-01,-0.006730729945383873,-0.002088320541112235,-0.004642409404271638,-0.0007059192962614809
2022-02-02,-0.0007779624683067134,0.0002091586103158856,-0.0009871210786225985,0.10781424562242957
2022-02-03,-4.232070594028343e-05,-0.0009220750945191027,0.0008797543885788197,0.14706878392029404
2022-02-04,0.006424675060124268,0.002857824546977486,0.00356685051314678,0.04315690473425209
2022-02-07,0.007728822063039593,0.0030644143228504093,0.004664407740189184,0.05201961657713174
2022-02-08,0.00201187597340476,0.0009165529710110972,0.0010953230023936639,-0.03979249764609616
2022-02-09,0.002877414164170744,0.0018395922136342038,0.0010378219505365405,-0.06554469123915602
2022-02-10,-0.001857768765792765,0.0005977204957712742,-0.0024554892615640395,0.0002904426645132359
2022-02-11,-0.004466035147987293,-0.001720592834820376,-0.00274544231316692,0.1691274885182345
2022-02-14,4.2460686159007024e-05,0.00039248480725579283,-0.00035002412109678537,0.20852240147306111
2022-02-15,0.00928301847452193,0.0035638160640711182,0.005719202410450809,-0.0024082345990747134
2022-02-16,0.012021697285473042,0.0038795576467138744,0.008142139638759168,-0.08856536395558487
2022-02-17,-0.00012259283863242363,0.0005867577406190212,-0.0007093505792514455,0.08531750343265797
2022-02-18,-0.003936706659025804,-0.0017151797680478745,-0.0022215268909779305,0.03582927689028098
2022-02-21,0.004248131090880481,0.0017821868654299706,0.00246594422545051,0.025381989566391077
2022-02-22,0.0015284432871018128,0.0007882770179892238,0.0007401662691125883,0.0674924721526343
2022-02-23,0.001295170466423531,0.0002709553088671634,0.0010242151575563683,0.21347476226305798
2022-02-24,0.0033587063115608265,0.0017509499537123503,0.001607756357848475,0.05550472326807597
2022-02-25,0.010254130323549132,0.004030065374785207,0.006224064948763924,0.11277917574113744
2022-02-28,0.0025468123920429683,0.0004269413565877664,0.002119871035455202,-0.04312506058554636
2022-03-01,0.00567495696570745,0.001716886920750749,0.003958070044956702,-0.09023895175876663
2022-03-02,-0.001774108412336932,-0.0009570949609470671,-0.0008170134513898648,0.02068858997678222
2022-03-03,-0.00521962426570337,-0.001996067471490089,-0.0032235567942132826,-0.21203867029137913
2022-03-04,0.0011318898790490352,0.000605161157651875,0.0005267287213971596,0.07175583275985482
2022-03-07,-0.010724030927183619,-0.004292268184292016,-0.0064317627428916065,-0.08609934886601321
2022-03-08,0.003787964739110938,-0.00019294723061383397,0.003980911969724772,-0.0002090343396039985
2022-03-09,-0.00464387588219105,-0.0012367804934259473,-0.003407095388765102,-0.09923608437737828
2022-03-10,-1.163399628967526e-05,0.0003862370615125713,-0.0003978710578022462,0.2345630645778623
2022-03-11,-0.004978835135746641,-0.002648606439968451,-0.0023302286957781913,-0.1494932233812877
2022-03-14,0.01169894076197353,0.0036681130395961412,0.00803082772237739,0.13094367655832206
2022-03-15,-0.007236564969506498,-0.003036869416947474,-0.004199695552559023,0.05426827597966132
2022-03-16,0.005944815984572458,0.0029621532198450514,0.002982662764727407,0.09942517097375282
2022-03-17,0.002954432217093677,0.0018652410785784668,0.0010891911385152095,-0.3104412192133038
2022-03-18,0.004830878378225976,0.003306262550707262,0.0015246158275187141,0.1312219826206056
2022-03-21,-0.018340096592523718,-0.0065456984394645385,-0.011794398153059183,0.2461880527113957
2022-03-22,0.007122814152194202,0.0028829538501697755,0.004239860302024428,-0.12455208400566767
2022-03-23,0.014749725756515097,0.004686684214222645,0.010063041542292452,0.04433572241244697
2022-03-24,-0.00647905534384818,-0.002667013406167165,-0.003812041937681015,-0.0081091214628738
2022-03-25,0.0020649704487273484,5.906393385177004e-05,0.002005906514875578,0.36229021868551886
2022-03-28,-0.00034521560650647575,-0.00024267569830808077,-0.00010253990819839454,-0.1294412914680166
2022-03-29,0.015933666640982252,0.005119765106144037,0.010813901534838216,0.15058385849505548
2022-03-30,-0.00544943031306459,-0.0015482003435872312,-0.003901229969477358,-0.04978552431408999
2022-03-31,0.006945350172566659,0.003005855434471306,0.003939494738095352,-0.13489270161519984
2022-04-01,-0.002177799808770398,-0.0015023324385494887,-0.0006754673702209085,-0.03755780958768011
2022-04-04,-0.007072654070226291,-0.0036403774075443865,-0.003432276662681904,0.10487479915178775
2022-04-05,-0.0019533674470964225,-0.0006022437035187811,-0.0013511237435776416,0.20408058434731582
2022-04-06,0.004549534041014734,0.001914232846824028,0.0026353011941907052,0.10318493239247589
2022-04-07,0.010540441808075863,0.004067694410643352,0.00647274739743251,-0.2261896716117542
2022-04-08,0.004813495055414308,0.0024599627065823096,0.002353532348832,0.04614660129508527
2022-04-11,-0.011184531111182946,-0.004604958916816103,-0.006579572194366843,0.04870241932219169
2022-04-12,0.002193649865055719,0.0005969678927333542,0.0015966819723223639,-0.2227752773095613
2022-04-13,0.0023594686090165373,0.00022781150354798593,0.0021316571054685526,-0.07125020332330853
2022-04-14,-0.012695653199721688,-0.005403723852043008,-0.007291929347678679,0.08485562178600829
2022-04-15,-0.003525310633892495,-0.0013713234029976845,-0.0021539872308948115,0.0024595543691170395
2022-04-18,0.004411053440935515,-0.00012260832663742432,0.004533661767572941,-0.3487768867596285
2022-04-19,0.0001107981824393766,0.0003285661694750232,-0.00021776798703565178,0.0796702289470493
2022-04-20,-0.02096134828651283,-0.00893682130478762,-0.012024526981725209,0.09871852781919913
2022-04-21,0.004578402038995632,0.0013374672081771788,0.003240934830818455,-0.17027343355235236
2022-04-22,0.005442335931651068,0.002122937784322274,0.0033193981473287944,-0.18294439385234737
2022-04-25,-0.009105450060244767,-0.004102909112997594,-0.005002540947247173,-0.12737121598942971
2022-04-26,-0.010222161955081792,-0.0050848025774597565,-0.005137359377622035,-0.14687146773337395
2022-04-27,-0.0071733366429330755,-0.002860668635514746,-0.004312668007418329,0.22593680405909952
2022-04-28,-0.009786454060014537,-0.0034638535437382144,-0.0063226005162763214,0.022062859952774364
2022-04-29,0.014527986411690993,0.006129451454430968,0.008398534957260027,0.31861320805185145
2022-05-02,0.0011788072627464774,0.0009323536257258378,0.00024645363702064,-0.2562564057716443
2022-05-03,0.01646091047587342,0.007234856354554581,0.009226054121318841,-0.2929327390624531
2022-05-04,-0.013735147560347168,-0.00510663851134553,-0.008628509049001636,-0.18613661342360519
2022-05-05,-0.018491917987789843,-0.00490372247495293,-0.013588195512836914,-0.02050927264157488
2022-05-06,-0.012792051410892243,-0.004049054156073546,-0.008742997254818695,0.020911119556774233
2022-05-09,-0.0014350249068175655,0.0006074493527178002,-0.0020424742595353657,0.3528656162872339
2022-05-10,0.0012984087177099677,0.0016980360292848454,-0.0003996273115748801,-0.22487888906470554
2022-05-11,0.024239139625475477,0.007966938534507953,0.01627220109096752,-0.2391648853796047
2022-05-12,-0.013819085866365745,-0.004528846782246486,-0.00929023908411926,0.17632042895764713
2022-05-13,-0.015629366900897862,-0.006542178136575551,-0.009087188764322308,0.019833336569930825
2022-05-16,0.0106586195088508,0.0041465409747175235,0.006512078534133275,0.30235091478259013
2022-05-17,0.0011209013051044383,-0.0007160771379643937,0.0018369784430688329,0.08124369806025036
2022-05-18,0.01970173762796175,0.006342945039365783,0.013358792588595968,-0.13608802063083686
2022-05-19,0.004578735282659495,0.002899228383695679,0.0016795068989638152,-0.2925268774957777
2022-05-20,-0.007891999528893651,-0.003211297766973085,-0.004680701761920567,0.22277277519224237
2022-05-23,-0.018377915696629624,-0.006925219576607283,-0.011452696120022341,-0.1090030753648819
2022-05-24,0.01738885545271858,0.008122297250431312,0.009266558202287268,0.060212130317666465
2022-05-25,-0.007904148205472198,-0.0028069491936312686,-0.0050971990118409295,0.17839338564842622
2022-05-26,0.004607894235124064,0.0006632912673155793,0.003944602967808481,0.2590825538715152
2022-05-27,0.0153934961239627,0.0037872043902281837,0.011606291733734515,-0.22331616198939436
2022-05-30,0.01997382304111143,0.00803686405222171,0.011936958988889716,-0.1272876425246908
2022-05-31,-0.018688776391874405,-0.007073031425571842,-0.01161574496630256,-0.03397833954752523
2022-06-01,-0.010362883911121532,-0.0012736381967867862,-0.009089245714334747,-0.1682127281803667
2022-06-02,-0.002393756559516485,-0.0009053316466251932,-0.0014884249128912916,0.13264011423109226
2022-06-03,-0.010147662151546319,-0.003062669033010984,-0.007084993118535336,0.070247609617469
2022-06-06,0.007476437299412408,0.004092920119168522,0.003383517180243885,0.04540647293105109
2022-06-07,0.003942771705904033,0.002058824225355526,0.0018839474805485072,0.11853738123608192
2022-06-08,0.0025489255374046334,0.00016558123130052272,0.002383344306104111,0.13480824104062764
2022-06-09,0.006309292895397512,0.001967734843529188,0.004341558051868326,0.29902927123296486
2022-06-10,0.00789411393546518,0.003598236278516945,0.004295877656948237,-0.06467646956058927
2022-06-13,0.016766448588994808,0.006045748744688974,0.010720699844305834,-0.03690901441517049
2022-06-14,-0.003515440327071526,-0.0011013808809052436,-0.0024140594461662807,0.25379625347463525
2022-06-15,-0.002255159685199531,-0.0020454160796761316,-0.00020974360552339973,0.22246418034759993
2022-06-16,0.014368287492064858,0.006436100411284771,0.007932187080780084,0.20857415777046617
2022-06-17,0.012010724672801286,0.006332710697368753,0.005678013975432533,-0.1514972676427877
2022-06-20,0.009696342414939744,0.0034070803427472705,0.006289262072192476,-0.09792537720426965
2022-06-21,-0.006453075546983749,-0.002583758202886198,-0.0038693173440975505,-0.13135275054915183
2022-06-22,-0.00466981563553334,-0.0014902713282892383,-0.003179544307244101,-0.09041189985968336
2022-06-23,-0.007955138668116193,-0.004278446319466594,-0.0036766923486496,-0.25521070390543177
2022-06-24,-0.005704610938472201,-0.002618353929843604,-0.003086257008628596,-0.06568842064499218
2022-06-27,-0.015024511060017745,-0.007442929324901143,-0.0075815817351166034,-0.06046080275388072
2022-06-28,-0.003975984396413851,-0.0016935135830319996,-0.002282470813381852,0.2679584546266285
2022-06-29,-0.0036458204563278975,-0.004178744017896993,0.0005329235615690953,-0.16788859563960515
2022-06-30,0.016998396721339962,0.007290133741384732,0.009708262979955227,0.16914590899930063
2022-07-01,-0.008982177917454925,-0.004066187880101632,-0.004915990037353292,-0.25122095052263294
2022-07-04,0.009351041678880383,0.0027927105647641386,0.006558331114116248,0.14467227516010184
2022-07-05,-0.01351209958527459,-0.005986770993270141,-0.007525328592004452,-0.2287999607311421
2022-07-06,0.007974520569973251,0.004320720111088548,0.0036538004588847033,0.05159088300102439
2022-07-07,-0.012724517508200861,-0.00531334616968268,-0.007411171338518182,-0.16986640976749084
2022-07-08,0.003203193893724488,0.0017904992112643047,0.0014126946824601838,0.011329049290831786
2022-07-11,-0.008246520207650897,-0.004247386391460953,-0.003999133816189944,0.241739837797614
2022-07-12,0.0006199468950445165,0.0003548687932491512,0.0002650781017953644,-0.13993266369972815
2022-07-13,0.014413502677744989,0.007010599711050537,0.007402902966694451,-0.22471188739305625
2022-07-14,-0.007039241425378765,-0.0014670470108884151,-0.005572194414490351,0.04441515151812918
2022-07-15,-0.014263917230252885,-0.004848295123930087,-0.009415622106322798,0.2656047315078467
2022-07-18,0.002492760697589525,0.0018601078484613768,0.000632652849128148,0.3838847146724274
2022-07-19,0.01707339255811589,0.005087435616833403,0.011985956941282482,-0.004241458433566393
2022-07-20,0.026298560440399743,0.009614970222062775,0.016683590218336968,0.1371554620284375
2022-07-21,-0.00023021290509455273,0.0012025080451499928,-0.0014327209502445447,-0.1347759572952868
2022-07-22,0.007880902727216428,0.003223339338628403,0.004657563388588026,-0.013706961078536792
2022-07-25,-0.0073834191149772365,-0.00364553891042051,-0.0037378802045567247,0.06607266910228275
2022-07-26,-0.0007368385779121965,0.0005836816950594986,-0.0013205202729716942,-0.07503494723759106
2022-07-27,0.003862164365592952,0.001731120466906745,0.002131043898686206,0.11443962528981998
2022-07-28,-0.0037593499439671357,-0.0019479745953133263,-0.0018113753486538086,-0.11254747754907592
2022-07-29,0.005603496260296078,0.0013595299664254596,0.004243966293870618,0.18942523079447954
2022-08-01,-0.004865600463485111,-0.0020967852017873944,-0.0027688152616977164,0.13134753594928486
2022-08-02,0.008536711396669339,0.004625608783051309,0.0039111026136180276,-0.06294928171468189
2022-08-03,0.006417528430223677,0.0023382418492522653,0.004079286580971412,0.118682232871004
2022-08-04,-0.0030898236748405565,-0.0019875125277949972,-0.0011023111470455588,0.051897588592249515
2022-08-05,0.00611729165459352,0.0028787398859776124,0.0032385517686159097,0.06038976826388403
2022-08-08,0.0025763136504453896,0.00033500945626279907,0.0022413041941825897,-0.019302081651564863
2022-08-09,0.003376647068935952,-0.0004300650185111068,0.0038067120874470586,-0.007774664463520886
2022-08-10,-0.0010801967113772172,-0.0001990618784577453,-0.0008811348329194719,0.028811425161979595
2022-08-11,-0.0004002923451838307,0.00030420846883527885,-0.0007045008140191093,0.24512193784917313
2022-08-12,0.0012004649742073307,2.8505499150634643e-05,0.0011719594750566953,0.12907817115954517
2022-08-15,0.012184515754301406,0.0054045238228132494,0.0067799919314881565,0.1679713061377074
2022-08-16,0.006057612096785797,0.0026525702955151865,0.0034050418012706108,-0.060569356274424245
2022-08-17,0.007805271143330042,0.002564357306894283,0.005240913836435759,0.12026872432916204
2022-08-18,-0.0032575329428925696,-0.002201164953529384,-0.0010563679893631876,0.11551722519031456
2022-08-19,0.0068373291346860935,0.004929015160682097,0.0019083139740039955,0.08443305010870412
2022-08-22,0.005886478019434622,0.001609979703222843,0.004276498316211779,-0.20530824078786103
2022-08-23,0.0044236902321836856,0.0006893450983670793,0.0037343451338166054,0.07970414541478506
2022-08-24,-0.010528109187225701,-0.004327493126450751,-0.006200616060774948,-0.10569233567172562
2022-08-25,0.004110834782139943,0.001292652249843428,0.0028181825322965144,0.007749467951209981
2022-08-26,-0.004301131113683111,-0.0017135448384455307,-0.0025875862752375808,-0.101549054385862
2022-08-29,0.00038430522156864206,0.0011211676419377137,-0.0007368624203690718,-0.02369963940102362
2022-08-30,-0.0054718402716048605,-0.004326946231845513,-0.0011448940397593473,0.17317406205269495
2022-08-31,-0.0012570038605929676,-0.0024271295576765847,0.0011701256970836167,0.10404229181850566
2022-09-01,0.008235265948960338,0.0035685477369367833,0.0046667182120235535,0.1098507268944752
2022-09-02,0.004812152639443194,0.00327329128510624,0.0015388613543369529,0.012780547878685258
2022-09-05,0.00420696340587225,0.002505035036299969,0.0017019283695722809,-0.038117756969444264
2022-09-06,0.0005329154646715596,0.0007724320344876454,-0.0002395165698160888,0.10546708688170829
2022-09-07,-0.0018275105168519031,-0.002401567324119092,0.0005740568072671896,-0.1492864341005595
2022-09-08,0.00440342040500525,0.0022369431233372717,0.002166477281667979,0.0254451923991494
2022-09-09,-0.007312053986285023,-0.0015523545276337168,-0.005759699458651308,0.19929693808295681
2022-09-12,0.0011188294887126892,0.0004580450178662907,0.0006607844708463977,-0.0869577321715017
2022-09-13,0.009101529969223606,0.0029623139941047233,0.006139215975118881,-0.20328252080050868
2022-09-14,-0.0038672980450346283,-0.002395813420232826,-0.0014714846248018035,0.022591441516156288
2022-09-15,-0.01288829239165628,-0.005924056693089808,-0.006964235698566472,0.1548191834750081
2022-09-16,0.0010944389111388856,-0.0007925711243957669,0.001887010035534653,0.15457744564660925
2022-09-19,0.008461575122507904,0.0041276604677887695,0.004333914654719134,-0.035278442787776504
2022-09-20,0.009762216202819807,0.00356905094697562,0.006193165255844187,-0.023136093329842376
2022-09-21,-0.0020808634211127983,-0.0034714547835618653,0.0013905913624490673,0.17711515897599053
2022-09-22,-0.0014323205075786622,0.0011933116588658636,-0.002625632166444524,0.20095850775102173
2022-09-23,0.010425404174486098,0.004259302292647333,0.006166101881838767,0.15872577616380326
2022-09-26,0.009771501769382622,0.0033965810636533405,0.0063749207057292815,0.015163243688303357
2022-09-27,0.008041936408962216,0.0035490782465242175,0.004492858162437998,0.1527048310220524
2022-09-28,0.0009499291043374488,0.0018637495919872384,-0.0009138204876497878,-0.06053595065475486
2022-09-29,0.007309876447982408,0.0028530601596571305,0.004456816288325278,-0.0180152535963731
2022-09-30,-0.0030532776277596985,-0.0013683092467794648,-0.0016849683809802337,-0.08062462558900395
2022-10-03,-0.0006883109117315567,-0.0008195349822252736,0.00013122407049371773,0.13757997569679983
2022-10-04,-0.003984200888270331,-0.002181392575600078,-0.0018028083126702533,0.15928607313148713
2022-10-05,0.007032493435408554,0.0024064551467809885,0.004626038288627565,0.11591379713096776
2022-10-06,0.0071964416854899795,0.002429660811498197,0.004766780873991783,-0.06581969043204255
2022-10-07,0.005009254534655643,0.001979106487791628,0.003030148046864016,0.11186243436436025
2022-10-10,-0.002796777396360553,-0.00034251575334092853,-0.002454261643019625,0.12383819953914797
2022-10-11,0.00507013457760825,0.0010907038546432535,0.003979430722964997,0.1369216408233131
2022-10-12,0.005364386560656626,0.0024273432714591687,0.0029370432891974566,0.11039244506081669
2022-10-13,0.005865052851262064,0.0025717636541587457,0.0032932891971033185,-0.15561136514331425
2022-10-14,0.004216674286022118,0.001340581112861605,0.0028760931731605134,0.09049669781420051
2022-10-17,-0.0060409852453961145,-0.002065071537568233,-0.003975913707827882,-0.09273764761680842
2022-10-18,0.004445841790769331,0.0014018954026813815,0.0030439463880879477,0.08308109863437751
2022-10-19,-0.003989469197825255,-0.0007814755461559852,-0.0032079936516692695,0.13822865093497194
2022-10-20,0.0037234589257690263,-0.0003375763091178754,0.0040610352348869,-0.18060746202109892
2022-10-21,0.006627422399673764,0.002463436777505495,0.0041639856221682685,-0.048120957251258166
2022-10-24,-0.008585595063243485,-0.00356635411560822,-0.005019240947635265,-0.16641377523564863
2022-10-25,-0.0027564870221802543,-0.0010336645409709973,-0.0017228224812092573,-0.0883342780515067
2022-10-26,-0.00944764981558107,-0.004009582600686153,-0.005438067214894917,0.08341627437029507
2022-10-27,-0.004756929039550019,-0.001904286065089084,-0.0028526429744609345,-0.2912383042696259
2022-10-28,0.0038563507847113447,0.0017115454836614278,0.0021448053010499155,-0.04257334977925552
2022-10-31,-0.013981884141339829,-0.005749000723508163,-0.008232883417831667,0.11469267024034699
2022-11-01,-0.0023705232919839932,-0.0008455333236424669,-0.0015249899683415268,-0.017631852701969673
2022-11-02,0.005124499481160485,0.0021354141285656893,0.002989085352594795,0.07473448506189417
2022-11-03,-0.0008383785832499469,-0.0001358768684557414,-0.0007025017147942077,0.22978452728369997
2022-11-04,0.0035810660242212456,-0.00023795651649910834,0.0038190225407203557,-0.07125442414113851
2022-11-07,0.012657897094320764,0.004262438908809148,0.008395458185511618,-0.015021709862955533
2022-11-08,-0.0038935068524040854,-0.00011698498893889658,-0.0037765218634651897,-0.10255137633185252
2022-11-09,-0.0008217910295570334,-0.0018257246566920557,0.001003933627135023,-0.05557351768504522
2022-11-10,-0.00573242580992263,-0.0026635010745255164,-0.003068924735397112,0.2071812220090476
2022-11-11,-0.002962393550567415,-0.0007389856922689099,-0.0022234078582985053,-0.06303605506298779
2022-11-14,0.014842608126268936,0.007186170953930367,0.0076564371723385665,0.0034229920122933735
2022-11-15,-0.004446554091433482,-0.0017113086208635272,-0.0027352454705699535,0.14063270198425268
2022-11-16,0.0001951045066128209,-0.0014710879791403845,0.001666192485753208,0.08330364038463237
2022-11-17,0.006076515217392683,0.0019797668886731715,0.004096748328719511,0.11358153323936819
2022-11-18,0.004237063719476507,0.00032755980483493465,0.0039095039146415725,-0.13651855110743347
2022-11-21,0.005690747708912349,0.002572559269860889,0.0031181884390514576,-0.14189037256616202
2022-11-22,-0.0069539188209245375,-0.0022016059157076856,-0.0047523129052168545,-0.24114726606466216
2022-11-23,-0.007290212089785335,-0.0028456758560753454,-0.0044445362337099895,0.22762405985368261
2022-11-24,-0.013229691532835743,-0.005267659396341802,-0.007962032136493942,0.06626276872002572
2022-11-25,0.011785531139267703,0.003734493125707256,0.008051038013560444,-0.1903047025532036
2022-11-28,0.0030149540334480896,0.0004890868343480456,0.0025258671991000444,-0.22752520565088222
2022-11-29,-0.009446858342436212,-0.004245990439380948,-0.005200867903055264,0.11951797668582696
2022-11-30,-0.009964309875744332,-0.003946087852099654,-0.0060182220236446775,-0.09505618844324738
2022-12-01,0.005752804577195434,0.002057334990155744,0.00369546958703969,-0.0474651810026806
2022-12-02,-0.004318707674439967,-0.0015131302048484998,-0.0028055774695914673,-0.03154109409955776
2022-12-05,-0.0022307864594253582,-0.0020168425436483924,-0.00021394391577696584,0.0663076080863725
2022-12-06,-0.0015580526470706647,-0.001288225021098436,-0.00026982762597222744,-0.006647574628250577
2022-12-07,0.0034410986952115655,0.0025568057775631993,0.0008842929176483675,0.1477680758652782
2022-12-08,-0.00033012480147366586,0.00020449098939456616,-0.0005346157908682325,0.2389793233874164
2022-12-09,0.006987163880757456,0.002259180275279443,0.004727983605478011,-0.07422740054803055
2022-12-12,0.011145087315271297,0.004372530718830766,0.006772556596440531,0.1279010584582974
2022-12-13,-0.0042580290351955236,-0.0015436834075755414,-0.0027143456276199807,0.06388914485710606
2022-12-14,0.0057648074023243685,0.0012448612170206106,0.004519946185303758,0.10561953052861017
2022-12-15,0.002821510885180838,0.0004616780710185765,0.002359832814162263,-0.11946345523628175
2022-12-16,0.0049878123999999475,0.0015829609006404342,0.0034048514993595133,-0.11167401288097453
2022-12-19,-0.006857414822177675,-0.0042619088371475804,-0.002595505985030097,0.13161591688597232
2022-12-20,-0.005839866664919561,-0.0021965095715420872,-0.0036433570933774736,-0.07476574886232452
2022-12-21,0.006720629340276645,0.0036293906721999412,0.0030912386680767047,-0.09806788259381523
2022-12-22,-0.003768780799900889,-0.0017613797060260228,-0.002007401093874867,0.11704619054775826
2022-12-23,-0.005082475236636621,-0.003982151083974804,-0.0011003241526618163,-0.0904854763446228
2022-12-26,0.006510894326534655,0.002124641361950135,0.00438625296458452,-0.12143279608563257
2022-12-27,-0.004219429375602595,-0.0018656877245497808,-0.0023537416510528153,-0.0605381161047675
2022-12-28,-0.0053016072187136755,-0.0028859164311263548,-0.0024156907875873207,0.13495622767801266
2022-12-29,-0.002678954150623635,-0.0028443319000207596,0.00016537774939712375,0.04732117493806383
2022-12-30,0.006051870517396529,0.0021884274734257064,0.003863443043970822,-0.026043982414693755
2023-01-02,0.0019794359765345974,0.00094710879817036,0.0010323271783642387,-0.04633541976756022
2023-01-03,-0.0011008789929613082,-0.001399877027708588,0.0002989980347472745,0.2203875324915234
2023-01-04,-0.0018324922934271836,-0.0015608310155096046,-0.0002716612779175792,0.07406826439822875
2023-01-05,0.008993822931541008,0.0019632771912346213,0.007030545740306392,0.3725458575103907
2023-01-06,0.0028995656274712588,0.0011027281138116258,0.001796837513659633,0.12445799415577573
2023-01-09,0.023567454819334567,0.0077806267893814115,0.015786828029953157,0.10271472596335908
2023-01-10,0.006222033027729551,0.0015267225855144847,0.004695310442215066,-0.04960507464308596
2023-01-11,0.004619893570246265,0.0024993354700714888,0.002120558100174778,0.05904156112453027
2023-01-12,-0.002162756872009065,-0.0014739492345999076,-0.0006888076374091563,-0.1538703909412902
2023-01-13,0.0032836980524880003,0.0012701201691948868,0.002013577883293113,-0.0013980978481336502
2023-01-16,-0.007283910478331702,-0.0021739300482080236,-0.005109980430123676,0.0359105362837981
2023-01-17,-6.974302081635703e-05,-0.0003799682523484333,0.00031022523153207614,0.012342520558226596
2023-01-18,0.0014638612819665925,-0.00036194513257189944,0.0018258064145384926,0.12428396759743428
2023-01-19,0.00042594142951739495,-0.00037523327562295934,0.0008011747051403541,-0.13916288863620688
2023-01-20,0.005035738370565979,0.001706245995477423,0.0033294923750885573,-0.06946237311875594
2023-01-23,-0.0057367960424992825,-0.003670519407671293,-0.002066276634827991,0.07949635933288
2023-01-24,-0.002816487708429924,-0.0017200497678967622,-0.0010964379405331614,-0.14085342846885177
2023-01-25,0.0038512061696893427,0.001529484349732344,0.002321721819956997,0.00852458383779809
2023-01-26,-0.006121971738620016,-0.0031010516079466918,-0.0030209201306733227,0.06053842873553111
2023-01-27,0.00033426620378995757,0.0001285202782030457,0.00020574592558691204,-0.15139412423237056
2023-01-30,0.0025100427163754625,0.0006720485331330587,0.0018379941832424034,0.0562926089853388
2023-01-31,-0.005977873343013723,-0.002415609788515758,-0.0035622635544979644,-0.11098114155976183
2023-02-01,0.0023476675153916095,-0.0005347943631935047,0.0028824618785851137,0.22400112497215435
2023-02-02,-0.005522055206649471,-0.0010713088843435211,-0.0044507463223059495,-0.007686334185944789
2023-02-03,0.010335304597968182,0.0036506412693070346,0.006684663328661149,0.00851564793686837
2023-02-06,-0.0003712227495863531,-0.00046417326354832034,9.295051396196463e-05,-0.1285112391066424
2023-02-07,0.0004285558868293704,0.0011348951600344739,-0.0007063392732051029,0.07447387405968012
2023-02-08,-0.007016572418325041,-0.0034698281283386465,-0.003546744289986397,-0.07101788649113328
2023-02-09,0.003803390350646236,0.0008481081689633851,0.002955282181682853,0.2084167220002208
2023-02-10,-0.004227217023107455,-0.0043828634210414386,0.00015564639793398368,0.10738171697421606
2023-02-13,0.012678189603901137,0.0028578983725439516,0.009820291231357182,0.09140542886607694
2023-02-14,0.0052695956283598,0.0012551768976207522,0.004014418730739051,0.1041470212465454
2023-02-15,0.006665210123645127,0.005030504175825887,0.001634705947819233,-0.10089909336764209
2023-02-16,0.00632791733866624,0.002350404292642036,0.003977513046024204,0.12980865976099376
2023-02-17,-0.005868950615249518,-0.0021754873266118108,-0.003693463288637712,0.06852363366708908
2023-02-20,0.013065735019042742,0.008670378396238743,0.004395356622803992,0.07692075405892987
2023-02-21,0.008364751886844282,0.0011351924696235277,0.0072295594172207545,0.044808986602997695
2023-02-22,0.010203788166438504,-0.0003704684270294731,0.010574256593467977,-0.01890690624279694
2023-02-23,0.004429596869452758,0.001484832876169323,0.0029447639932834307,0.1074615670951717
2023-02-24,-0.0017679662204972404,0.002107891327860281,-0.003875857548357519,0.25709966815379
2023-02-27,0.006552222036883776,0.004432660720739065,0.002119561316144712,-0.1016407977009721
2023-02-28,0.014800018329141308,0.007421089804229824,0.007378928524911486,0.07389862779800924
2023-03-01,-0.005776139303324055,-0.0008024800503529834,-0.0049736592529710695,0.09193793117628003
2023-03-02,0.004538822740074092,0.004138660939060582,0.00040016180101350857,-0.1613025804031052
2023-03-03,0.005342648875415878,0.0024968420335621157,0.0028458068418537605,0.15211093527363473
2023-03-06,-0.00886115782373089,-0.002832818937009759,-0.006028338886721132,-0.3640908809310402
2023-03-07,0.012156242609897505,0.002620635163860019,0.009535607446037486,-0.17827744947622395
2023-03-08,-0.021124181904738755,-0.009546900126088522,-0.01157728177865023,-0.2157374865679803
2023-03-09,-0.010200295007664062,-0.005243127817523457,-0.004957167190140603,0.08309032372650799
2023-03-10,-0.013742246826082848,-0.005302614656754717,-0.00843963216932813,0.009999947439400475
2023-03-13,0.004784667621552411,0.001435735092310337,0.003348932529242076,0.13718011097339433
2023-03-14,0.0005271242778479811,0.0006154548891310046,-8.833061128302438e-05,-0.24763575129350285
2023-03-15,0.008965900934489662,0.0030515884261464845,0.005914312508343176,0.023414772209268242
2023-03-16,-0.014012340890559055,-0.004975075056175621,-0.009037265834383433,0.0006237867541417518
2023-03-17,0.001382106040747318,0.001182680951233351,0.0001994250895139653,-0.09888411980316777
2023-03-20,3.840906661085712e-05,0.0003650800685644374,-0.0003266710019535785,0.15692244414013518
2023-03-21,-0.005345902446405887,-0.0028330439627116464,-0.00251285848369424,-0.02823126135678357
2023-03-22,0.00817423618433749,0.00265697707656195,0.0055172591077755385,-0.22126023998655234
2023-03-23,-0.0013552541094846889,-0.001487096870870508,0.00013184276138582078,0.02942499499062485
2023-03-24,-0.01089957363620609,-0.004879762584539676,-0.006019811051666414,-0.10126666623648609
2023-03-27,0.0014166532553741814,0.0008359034380493822,0.0005807498173247996,-0.046747247275007994
2023-03-28,-0.00579991578774167,-0.0036584929978364326,-0.002141422789905237,-0.14561904435632414
2023-03-29,-0.0027244814709505866,-0.0008824103266732929,-0.0018420711442772935,0.26439519046396687
2023-03-30,-0.009351534842117313,-0.004435605930989538,-0.004915928911127772,0.14120142252967957
2023-03-31,0.017676128348780448,0.007446311893460945,0.0102298164553195,0.2904084755622574
2023-04-03,0.008978931907451792,0.0032562756480245076,0.005722656259427284,-0.3580033337033531
2023-04-04,0.01995750532931325,0.00897667911769965,0.0109808262116136,0.0619046516982348
2023-04-05,-0.023056325525109632,-0.010184485357963586,-0.012871840167146053,0.026834711141785213
2023-04-06,0.0038857586468671276,0.0008023737883517922,0.003083384858515335,0.09427471987795956
2023-04-07,0.0017590606086918372,-0.0008612498833319299,0.002620310492023766,0.19353773616854322
2023-04-10,0.00591516339215193,0.0010323635302974363,0.0048827998618544925,0.06230826526731692
2023-04-11,0.012899735762817022,0.005306367976769483,0.00759336778604754,0.076592166907586
2023-04-12,0.004117735660942188,0.0003446799263335937,0.0037730557346085936,0.07348498609703218
2023-04-13,0.0044042485221490206,0.002522253765982656,0.0018819947561663636,0.004296298683835089
2023-04-14,0.004302822746381839,0.002111123836212852,0.002191698910168984,0.11803683919898456
2023-04-17,0.0002536886603105277,-0.0010471206919596388,0.0013008093522701666,0.1821945675537804
2023-04-18,0.00725055313068252,0.002767902299668893,0.004482650831013627,0.19881172385994597
2023-04-19,0.01675417898352656,0.007838496242791062,0.008915682740735498,-0.1287726600898764
2023-04-20,0.01735929177707231,0.01006959560654138,0.007289696170530928,-0.05826150346709654
2023-04-21,-0.010496956369861045,-0.007064762463562434,-0.0034321939062986126,-0.16993482250941375
2023-04-24,-0.0036177749361745574,0.00148379468801836,-0.005101569624192918,0.2028804650973491
2023-04-25,-0.011358502742861919,-0.004631315323885021,-0.006727187418976897,0.18975363598447634
2023-04-26,0.01572411264092387,0.006024870145787445,0.009699242495136425,-0.1278598711842584
2023-04-27,0.012597103527300941,0.003518742123388323,0.009078361403912617,0.0720212935295421
2023-04-28,-0.008372488166470458,-0.005460049953902264,-0.0029124382125681955,-0.04158549924143545
2023-05-01,0.004505253064748419,0.002019265349890161,0.0024859877148582584,0.1787779160631114
2023-05-02,-0.003043111019955511,-0.0033784219328919264,0.0003353109129364158,0.0736562515222083
2023-05-03,0.013504564024711606,0.004231680779006843,0.009272883245704761,-0.04104773824217519
2023-05-04,0.005162074426568834,-0.00012761854547006703,0.0052896929720389,-0.1018789211045679
2023-05-05,-0.002554971894327519,-0.00018291218069786674,-0.0023720597136296546,0.09770825290567377
2023-05-08,-0.00573590666603409,-0.001339081856052058,-0.004396824809982032,-0.022078783717745038
2023-05-09,0.00604983942425627,0.003058372323367793,0.0029914671008884793,0.04888728106246436
2023-05-10,-0.0010102078506057195,0.0003239715842145909,-0.0013341794348203113,0.0771491033805998
2023-05-11,0.002867461414042669,0.001968605114715012,0.0008988562993276564,0.0386509941096362
2023-05-12,0.005196266059988035,0.0033124693458406167,0.00188379671414742,0.04487832115541778
2023-05-15,0.0021384935769025726,0.0011914293226095744,0.000947064254292999,-0.01738287532957385
2023-05-16,0.002282820448009068,0.001881354054220667,0.0004014663937883991,-0.06183764079066207
2023-05-17,-0.0009439821558776312,-0.0012474104498439906,0.00030342829396636005,-0.061126790957546105
2023-05-18,-0.0037127959232798285,-0.0008275241577609307,-0.0028852717655188966,0.04823188253136178
2023-05-19,-0.0037837192846519236,-0.0017308919214354876,-0.0020528273632164362,-0.046809029655144725
2023-05-22,0.002367148035889546,0.0018443756237745915,0.0005227724121149527,0.07427112663001736
2023-05-23,-0.002469063422892313,-0.0012333752082642083,-0.0012356882146281043,0.09499075863060565
2023-05-24,0.003779680295595168,0.0009799084369262086,0.0027997718586689584,-0.022024679639669077
2023-05-25,0.005584669666614167,0.0018523332790330816,0.0037323363875810846,-0.012692472343745985
2023-05-26,-0.001303094174067935,-0.0009307829981270018,-0.000372311175940933,-0.0932508002803401
2023-05-29,-0.0006441279772813762,-0.0011380411531829986,0.0004939131759016235,0.20522471742460652
2023-05-30,-0.0047035021647147505,-0.0038020256189738905,-0.0009014765457408596,0.0864104277309145
2023-05-31,0.010508859843710024,0.0015313838778772734,0.008977475965832751,-0.07582589903166782
2023-06-01,0.004653246356021837,0.00034121017183623165,0.004312036184185606,-0.07456212479791402
2023-06-02,-0.004520393638527294,-0.003446762668938525,-0.0010736309695887694,0.10848638980572184
2023-06-05,-0.0047071840417785005,-0.003383268647560889,-0.0013239153942176114,-0.0904128206736989
2023-06-06,0.006045789747362215,0.00162331336087102,0.0044224763864911965,0.2237117276426358
2023-06-07,-0.006114050261554885,-0.0041100005681207405,-0.0020040496934341408,-0.19728120516542053
2023-06-08,0.013706417366299439,0.006307084670734962,0.007399332695564479,-0.060449725074400364
2023-06-09,-0.010708994137485196,-0.0053901214366267715,-0.005318872700858423,-0.09265820205899498
2023-06-12,-0.003059816003547853,-0.0007873533720654784,-0.002272462631482378,-0.12061962122523721
2023-06-13,-0.0041814474163958636,-0.0021035233788081788,-0.0020779240375876857,-0.16244199141297944
2023-06-14,-0.005357460986338932,-0.003398980774477523,-0.001958480211861409,-0.06195647035250755
2023-06-15,-0.007932207864074323,-0.004101514789017091,-0.003830693075057234,-0.002466860649977236
2023-06-16,-0.003009472114517671,-0.0022820558553485713,-0.0007274162591691009,0.11358229166351987
2023-06-19,-0.00012501897044181324,-0.0004830681642512512,0.0003580491938094399,-0.0001139704071505356
2023-06-20,0.005704330754945777,0.0019125246165629037,0.003791806138382873,0.04347160021749974
2023-06-21,-4.121497304785402e-06,0.001060432833659016,-0.0010645543309638007,0.25243483220328694
2023-06-22,0.002546360307146586,-0.0006298098997318813,0.0031761702068784647,-0.07228414042355924
2023-06-23,0.015423399626935319,0.00705338617646263,0.00837001345047269,0.030887517160089938
2023-06-26,-0.004324459681606314,-0.0012277671062279616,-0.0030966925753783507,-0.23719371324529379
2023-06-27,0.0013781216436653762,-0.00043151244009496936,0.0018096340837603468,0.09718874801898275
2023-06-28,-0.012682791030441438,-0.005790648849305904,-0.006892142181135534,-0.06155247541825781
2023-06-29,0.005259061181909109,0.0014024551523359133,0.0038566060295731966,0.16068843592390494
2023-06-30,-0.0040187922441459875,-0.0023494737851803976,-0.0016693184589655894,0.0019612738224544096
2023-07-03,0.009556462406589101,0.004132745906836387,0.0054237164997527135,0.008304604612811864
2023-07-04,8.811712067078518e-05,3.1747090885669155e-05,5.637002978511538e-05,-0.01394624649453225
2023-07-05,0.0004414897232260101,0.0007531366809558054,-0.00031164695772979527,-0.17183687345146786
2023-07-06,-0.0007735676461841394,-0.001586748751598071,0.0008131811054139307,0.04541973615232814
2023-07-07,-0.010358247891171717,-0.004229638485804035,-0.006128609405367684,0.028902659942600103
2023-07-10,0.0029659792298170934,0.0015000663344887557,0.001465912895328339,0.05141666145893009
2023-07-11,0.0015258240044592128,0.0023291604318145497,-0.0008033364273553334,0.05262567668894553
2023-07-12,0.002670010275910537,0.0014165126058282575,0.0012534976700822795,-0.2679089136848169
2023-07-13,0.002726569130362948,0.00027564091685926793,0.00245092821350368,0.27395859825444646
2023-07-14,-0.013973625502198168,-0.006432340212986525,-0.007541285289211643,0.07590663550972664
2023-07-17,0.01574964864795543,0.007773758308661387,0.007975890339294045,0.002099830881946754
2023-07-18,0.003969225285631105,0.0025106702979251685,0.0014585549877059374,-0.13825766836985287
2023-07-19,0.00010256091753089736,-0.000429423785737531,0.0005319847032684284,-0.06952684719172675
2023-07-20,-0.007306285784097113,-0.002813100492108308,-0.004493185291988805,0.06482524733322782
2023-07-21,-0.004357008754654349,-0.0014719938644358957,-0.0028850148902184528,0.03975832204733453
2023-07-24,0.0037218601707135184,0.000861005517423772,0.002860854653289748,-0.06760481007468856
2023-07-25,0.002116823936914814,0.001262671935902163,0.0008541520010126513,-0.2682098934435609
2023-07-26,-0.0035245061348934117,-0.0016000081125688986,-0.0019244980223245105,-0.1800678010409811
2023-07-27,-0.016363070055919977,-0.005723101558565511,-0.010639968497354468,0.12813543316124557
2023-07-28,-0.010348470149900136,-0.0034316929629854428,-0.006916777186914692,-0.19122717674648432
2023-07-31,0.007323619097109105,0.0024627623108499225,0.0048608567862591795,0.06520619813734334
2023-08-01,-0.009846789883659602,-0.004755535347712389,-0.005091254535947214,0.17552184670890414
2023-08-02,0.0038023769806097936,0.0020811935316724355,0.001721183448937359,0.06494579454040168
2023-08-03,0.011539559885498114,0.005730194572284537,0.005809365313213577,0.0026329513932462282
2023-08-04,0.0036232557084209006,3.818503346714533e-05,0.0035850706749537553,0.25068776046527796
2023-08-07,0.00015102993625648728,-0.0005228996480235125,0.0006739295842799996,0.06548079136935225
2023-08-08,0.014873946320431621,0.004777838809538713,0.01009610751089291,0.2869646342079466
2023-08-09,0.0034943684770483794,-0.0007681094079989691,0.0042624778850473485,-0.12845329001505507
2023-08-10,0.01738699660295455,0.006851097550266871,0.010535899052687677,-0.1265843665346341
2023-08-11,-0.005153551590095267,-0.0027334820128573274,-0.0024200695772379393,-0.13514269369225454
2023-08-14,-0.0061007858563034804,-0.0031097678544318953,-0.0029910180018715856,-0.011801730317533773
2023-08-15,-0.006464577022933636,-0.0033301688290110825,-0.0031344081939225516,-0.02458295895809883
2023-08-16,-0.0007447792318928648,-0.0018666642840932095,0.001121885052200346,-0.038163845172134
2023-08-17,-0.0015747936828630943,-0.0012467941393687755,-0.00032799954349431817,0.06578869186308518
2023-08-18,-0.0021005813926684483,-0.0004843218643524501,-0.001616259528315997,0.1221968325366962
2023-08-21,0.0035201794627683467,0.00040351980080139283,0.0031166596619669534,0.02576118323209963
2023-08-22,0.006860503601957304,0.0025690974998229324,0.0042914061021343715,-0.037680066730730676
2023-08-23,0.0015144384147695875,0.0012146142868640001,0.00029982412790558756,0.08199177891431879
2023-08-24,-0.0021334691445257068,-0.0012812613107948843,-0.0008522078337308229,-0.029259256781980412
2023-08-25,0.0049358966526425905,0.003422600038815291,0.001513296613827297,0.038601764918124025
2023-08-28,-0.0016459526806997002,-0.0013717039455499857,-0.0002742487351497136,-0.17169717457970265
2023-08-29,0.002193963438435091,0.0013211661491945702,0.000872797289240522,-0.039181644291396624
2023-08-30,-0.008491976966212667,-0.0027306956933797685,-0.005761281272832895,-0.12809260189314148
2023-08-31,-0.0022533895691696153,-0.001300703647790568,-0.000952685921379046,0.22856643269313223
2023-09-01,-0.006367035704990998,-0.0020976514296294924,-0.004269384275361507,-0.011859716893846508
2023-09-04,0.010926775485588245,0.004297968690519897,0.006628806795068347,0.023738568495335788
2023-09-05,-0.00044743553357393063,-8.017433835340662e-05,-0.00036726119522052444,0.03849856734451649
2023-09-06,0.0012351166076168527,-0.0005376462266391078,0.0017727628342559618,-0.136489986592787
2023-09-07,0.002063628835368375,-0.001370830007691083,0.003434458843059457,0.05118108988812832
2023-09-08,-0.008260111549286409,-0.004445358753904124,-0.0038147527953822833,-0.05014809930901928
2023-09-11,0.0028821964260372433,-0.00031608166686955454,0.0031982780929067983,0.12368133749802533
2023-09-12,-0.0026180452403653147,-0.0010043950013043266,-0.001613650239060988,0.1272707809034046
2023-09-13,0.0067178415690657915,0.0019010236943746098,0.004816817874691183,-0.09737418284021263
2023-09-14,0.007353251680793059,0.002758855940912328,0.004594395739880732,-0.1825713561227888
2023-09-15,-0.004847270413715606,-0.002046675011421282,-0.0028005954022943223,-0.051781200619073084
2023-09-18,-0.011082407296117987,-0.005500488086123411,-0.005581919209994576,0.24459090445264864
2023-09-19,-0.002588161262242668,-0.0018739977959864613,-0.0007141634662562067,-0.10893985340129742
2023-09-20,0.01409230114109498,0.006523443369624696,0.007568857771470278,0.07249105123904055
2023-09-21,-0.006012040261161791,-0.002071070933595395,-0.003940969327566398,-0.11522239974747178
2023-09-22,0.004652629527742551,0.0034685439087294434,0.001184085619013113,-0.21568689800680677
2023-09-25,-0.0076349678280980765,-0.00204646063478936,-0.005588507193308723,-0.27654199445242694
2023-09-26,-0.015721421998440448,-0.006494310680393758,-0.009227111318046696,0.09296075424007522
2023-09-27,-0.03311118883505446,-0.01673071948482057,-0.016380469350233892,0.25243093970109465
2023-09-28,0.009938671967292008,0.001783357367592192,0.008155314599699828,0.20320880267868996
2023-09-29,0.021760768976389185,0.009638003242090519,0.01212276573429866,-0.43795230899461784
2023-10-02,0.015554751770397455,0.00808706587665042,0.007467685893747036,-0.07947667879414941
2023-10-03,-0.02806797594550067,-0.011789742209678218,-0.016278233735822448,-0.055316224468540176
2023-10-04,-0.004930958707604267,-0.003340842851230437,-0.0015901158563738325,-0.1450637909149591
2023-10-05,-0.0036848990581342805,0.00017600999717949303,-0.0038609090553137736,-0.17539526144873038
2023-10-06,-0.00963982506889248,-0.005344829994905895,-0.004294995073986585,-0.3002617832187334
2023-10-09,-0.010742226590041948,-0.00518233785283841,-0.005559888737203533,0.10475944678456806
2023-10-10,-0.02407460204459986,-0.011697155927842769,-0.012377446116757094,0.09785450833379795
2023-10-11,0.008263449331780215,0.005649389533865717,0.0026140597979145003,0.10159494537120214
2023-10-12,0.006912238747078073,0.003951524457935908,0.002960714289142166,-0.09121935452102131
2023-10-13,0.00724070827731478,0.0029841638591928776,0.004256544418121903,-0.14527179696262446
2023-10-16,-0.00664617432680364,-0.0030448302929614937,-0.0036013440338421437,-0.09072909318210928
2023-10-17,-0.011162055005778618,-0.004468749534840208,-0.00669330547093841,-0.22103043424044538
2023-10-18,-0.008574447087343375,-0.003240419810894863,-0.00533402727644851,-0.2262042491039082
2023-10-19,-0.018347407594450412,-0.007998612013544296,-0.010348795580906118,0.26435789089141354
2023-10-20,-0.018282481433732956,-0.008536485610101832,-0.009745995823631122,0.11058021126777284
2023-10-23,0.030248348896108064,0.013019044466419757,0.017229304429688307,-0.2266609178099401
2023-10-24,0.009014849326784799,0.002632348281021834,0.006382501045762965,-0.13114868797340495
2023-10-25,-0.016154567822496867,-0.008826875042468069,-0.007327692780028788,0.056669205810810155
2023-10-26,-0.010429890260557044,-0.005191075252585338,-0.0052388150079717075,-0.030115461136980493
2023-10-27,0.004799983641619437,0.002003367129866377,0.0027966165117530584,-0.06831798336722072
2023-10-30,-0.002389785585989816,-0.0031763139691396163,0.0007865283831498002,0.2088072090390791
2023-10-31,-0.005925885854464839,-0.006890295082277438,0.000964409227812598,0.037849466173413726
2023-11-01,0.015230472233196866,0.006221617097002383,0.009008855136194482,0.1456670288849414
2023-11-02,0.0025079780710916388,0.0006284394011654424,0.001879538669926196,0.2145113477765949
2023-11-03,0.010147906006496139,0.004410307162065717,0.005737598844430425,0.2784330811705382
2023-11-06,0.016139820088136587,0.007826458181061818,0.008313361907074768,-0.097697535827202
2023-11-07,0.029263296580264365,0.014826782048588314,0.014436514531676051,-0.2677623855072401
2023-11-08,-0.006806875328922142,-0.004054373369914554,-0.0027525019590075896,-0.030517381743416106
2023-11-09,-0.017131952167009586,-0.005659555514757605,-0.011472396652251988,-0.059246545172391855
2023-11-10,-0.002019742401986288,-0.0008184597660228382,-0.0012012826359634504,0.032990797226009685
2023-11-13,-0.004832550271718778,-0.0031686986329774666,-0.0016638516387413038,0.2384005789163466
2023-11-14,0.002524194030122293,0.001533980441814348,0.0009902135883079434,-0.0028141664725564812
2023-11-15,0.01834823607720299,0.006209509283777852,0.012138726793425135,-0.013087817121366604
2023-11-16,-0.00019081910894751513,0.0006787793336383192,-0.0008695984425858352,-0.003221804483891007
2023-11-17,-0.0008824724396845594,-0.0020820414805555565,0.0011995690408709977,-0.11490129816889515
2023-11-20,-0.00013284129582346628,0.0005621822686776804,-0.000695023564501145,0.015091997625026457
2023-11-21,-0.007837829358365708,-0.003971235282690416,-0.00386659407567529,0.08432440135511002
2023-11-22,0.001034875088587258,-0.0011657538253674968,0.0022006289139547544,-0.2516898732143533
2023-11-23,0.005849613746443484,0.0015708995942168222,0.004278714152226658,0.043240368120886226
2023-11-24,-0.01670540183447093,-0.007135231764236808,-0.009570170070234123,0.06250054739390325
2023-11-27,0.002870935184140995,0.0006415470202050678,0.002229388163935928,-0.06769155435058716
2023-11-28,0.0038730244110894625,0.0023386264461054043,0.0015343979649840578,-0.10384390479283093
2023-11-29,-0.004549130187929289,-0.0005502618531590311,-0.0039988683347702576,-0.030953524426933086
2023-11-30,-0.007277091603796979,-0.004498949515448767,-0.002778142088348208,-0.0175834609475328
2023-12-01,-0.0020692628896232523,-0.00020537717440641604,-0.0018638857152168363,0.021615460841225752
2023-12-04,-0.0013115071731646943,-0.0005513224083078562,-0.0007601847648568381,0.4000945186288264
2023-12-05,0.001614866904916518,0.00026203579622652295,0.0013528311086899968,-0.07266725027160709
2023-12-06,0.030841405459138157,0.013248168779973594,0.017593236679164556,0.033608386601497724
2023-12-07,-0.0048152978586907935,-0.003588791824748118,-0.0012265060339426764,-0.11645120401890288
2023-12-08,0.00227155035715445,-0.001660023935513951,0.003931574292668401,0.4056804233469013
2023-12-11,-0.007145655231059791,-0.004469360702542842,-0.002676294528516949,0.12843637379578804
2023-12-12,0.03583860764451603,0.014427747000301423,0.02141086064421461,0.22854866594894713
2023-12-13,0.008563473827896448,0.004231168747666115,0.004332305080230333,-0.2390413231499662
2023-12-14,0.01614809593289144,0.005458186712132867,0.010689909220758572,0.1223459134058018
2023-12-15,-0.01467034806413357,-0.0052680354609262025,-0.009402312603207369,0.09972444481048008
2023-12-18,0.007413554490687085,0.0021948254551727216,0.005218729035514362,0.29535650209343367
2023-12-19,0.0061397363903795445,0.002549186910910259,0.0035905494794692856,-0.02392032656089463
2023-12-20,0.02055580006066066,0.008554017071762895,0.012001782988897765,0.2501593723566348
2023-12-21,-0.0016875977434166163,-0.001962101146910377,0.0002745034034937581,0.21322320551060908
2023-12-22,0.02015468169792915,0.01080671752959533,0.00934796416833382,-0.28627429301101237
2023-12-25,0.01656086476312041,0.007239694226674689,0.009321170536445718,-0.12053739507441259
2023-12-26,-0.019452427487675714,-0.008990188635063767,-0.010462238852611945,-0.2224925522935387
2023-12-27,-0.0072253962167157845,-0.0028873373311844525,-0.004338058885531333,0.17529384059939304
2023-12-28,-0.012660460470386301,-0.005285931657157459,-0.00737452881322884,0.23481883342380286
2023-12-29,0.012299451985710148,0.005027796299106862,0.0072716556866032865,-0.28225079168367906
2024-01-01,0.014668386685961852,0.004192124790763708,0.010476261895198142,0.013868256237153109
2024-01-02,-0.016457094194692427,-0.006449352444976568,-0.010007741749715852,-0.060407639431305865
2024-01-03,0.0007444110874068248,-3.299306928190556e-05,0.0007774041566887308,0.22502310218215466
2024-01-04,-0.003044173398098938,-0.0010164794202910015,-0.002027693977807936,-0.03283552659512363
2024-01-05,0.012857637427776649,0.005196227472902715,0.007661409954873934,-0.06793102737698174
2024-01-08,-0.0017450749275777573,-0.00014010608059137567,-0.0016049688469863795,0.050602249313145664
2024-01-09,-0.004059930603603803,-0.001339146095168661,-0.0027207845084351416,0.12193085335390562
2024-01-10,0.00281071127945374,0.001990788182414901,0.0008199230970388407,-0.17486809569335748
2024-01-11,0.006652611539584874,0.0036516665946573776,0.003000944944927497,0.3177982511835179
2024-01-12,-0.01162014130899776,-0.005176076405462232,-0.006444064903535529,-0.2421778273172698
2024-01-15,0.02404424934146743,0.008759984487904817,0.015284264853562612,-0.29449531516928107
2024-01-16,-0.02089133418921721,-0.012237969419327463,-0.008653364769889746,0.0032449324073907425
2024-01-17,-0.018358813422367573,-0.007122525009917341,-0.011236288412450234,-0.16391357760178854
2024-01-18,0.00017244648038202185,-0.00010631629685584412,0.0002787627772378627,-0.07512680412505578
2024-01-19,-0.011027349013361384,-0.004747905600108392,-0.0062794434132529865,-0.2552484811325464
2024-01-22,-0.004693227124163454,-0.0021592248931291106,-0.0025340022310343453,0.09182693739470159
2024-01-23,-0.01525997955213244,-0.0069697197098802345,-0.008290259842252205,-0.1342435230110035
2024-01-24,0.005758316567419613,0.002792389184140028,0.0029659273832795853,-0.1673323336846619
2024-01-25,-0.009774429230751384,-0.00349071881053718,-0.006283710420214203,0.278552826052088
2024-01-26,-0.011907093001484197,-0.005865021844462495,-0.0060420711570217025,-0.3345635849202503
2024-01-29,0.02003982087710932,0.00740740824981323,0.012632412627296093,-0.013945719508752225
2024-01-30,-0.02206109667706181,-0.009683298580637269,-0.01237779809642454,-0.3280837887216651
2024-01-31,-0.0008830071792937447,-5.6523252427328335e-05,-0.0008264839268664163,0.02694785590470445
2024-02-01,-0.023086816194348943,-0.008238039369414156,-0.014848776824934792,-0.027680273923869955
2024-02-02,0.0018074183322861217,0.0008244914893029546,0.0009829268429831662,-0.0026772381888272513
2024-02-05,-0.00169807090593295,-0.0007557950463315428,-0.0009422758596014059,0.17600246673677278
2024-02-06,-0.00012938111060823484,0.00019200945440749073,-0.0003213905650157247,0.39334968340462545
2024-02-07,0.01231816871529386,0.005792411070511706,0.006525757644782153,0.09912756007319921
2024-02-08,0.031978150053946705,0.014843492742060559,0.017134657311886143,-0.06673015516837612
2024-02-09,0.007108140997699458,0.0020053358331751365,0.005102805164524323,-0.17830363914784103
2024-02-12,-0.004615086285161368,-0.0041243586174486285,-0.0004907276677127374,-0.23027817091178251
2024-02-13,-0.011051998033067003,-0.003981995186279698,-0.007070002846787306,0.1692299740583267
2024-02-14,-0.015637087486349625,-0.007187994096624024,-0.0084490933897256,0.11724726222284473
2024-02-15,0.010594086505508155,0.003749982527836698,0.006844103977671457,0.01088728503686724
2024-02-16,0.006852820501002786,0.004390157206274977,0.00246266329472781,-0.052086942460120994
2024-02-19,0.0005948990119946191,0.0005040386264739197,9.086038552070033e-05,0.27375809390049444
2024-02-20,-0.0032209962484330314,-0.0024641760242938874,-0.0007568202241391439,0.0779968994063255
2024-02-21,0.016837229277801943,0.008107783877752493,0.008729445400049453,0.04917102145117944
2024-02-22,0.004606918281283141,0.001830456030163883,0.0027764622511192542,0.0285324370437114
2024-02-23,0.0027836971899030507,0.0015169298924382988,0.0012667672974647523,0.036122514749057984
2024-02-26,0.001413381387037452,0.0013076406282151874,0.000105740758822265,0.13352868981457539
2024-02-27,0.0019035073743090619,0.0012016116476072551,0.0007018957267018065,0.13698745164740736
2024-02-28,0.008323273040923096,0.0031228834221953506,0.005200389618727746,0.15943992085921946
2024-02-29,0.008855935564058767,0.004680710916265122,0.004175224647793645,0.2559436365391223
2024-03-01,0.011286609833029194,0.0052163881590837485,0.0060702216739454435,-0.007230783085736313
2024-03-04,0.01748823855103561,0.008087504004573004,0.009400734546462605,0.2686900696057005
2024-03-05,-0.0003314443671485474,-0.0005714995925384945,0.00024005522538994746,0.13117401065719744
2024-03-06,0.015494278722342297,0.006048209385352146,0.009446069336990149,0.021460322445428667
2024-03-07,0.0072929360586276495,0.0028854013569373296,0.004407534701690318,0.021630438636663404
2024-03-08,0.0012573492780458733,-0.0001431544737771559,0.00140050375182303,0.05240094588974007
2024-03-11,0.0011676861330052683,0.0019549385020187927,-0.0007872523690135233,0.05278252158415401
2024-03-12,0.002372074164527308,0.001261367181596498,0.0011107069829308105,0.05737292413964856
2024-03-13,0.0030618935707390224,0.0009458562817282229,0.0021160372890108,0.07219545236911312
2024-03-14,0.005426231306827697,0.004898096581408273,0.0005281347254194324,-0.021676340757322644
2024-03-15,0.008710821207523981,0.005777618477586472,0.002933202729937511,0.06352370354367753
2024-03-18,-0.0015803589137124482,-0.0027162481753272016,0.0011358892616147517,0.08449794528188471
2024-03-19,0.003638156954570741,0.00153870763499225,0.0020994493195784954,-0.138510963803946
2024-03-20,0.005567072136528406,8.626964279762322e-05,0.005480802493730783,0.09958408038046163
2024-03-21,-0.007503102144393854,-0.0016882378745150008,-0.005814864269878851,0.0025514946210288226
2024-03-22,0.005914117969801949,0.002456812271181695,0.0034573056986202536,0.0098749930798257
2024-03-25,9.689881436331657e-05,0.000355203088719655,-0.0002583042743563371,0.16548191523490996
2024-03-26,0.0005198179722848306,0.0010776675141680814,-0.000557849541883251,-0.08707130826073556
2024-03-27,0.00994384778197581,0.0016765192158575651,0.008267328566118245,-0.008153994185778746
2024-03-28,-0.005545267339774345,-0.0013982884415975443,-0.004146978898176806,0.11591023175464299
2024-03-29,-0.0005211838396159808,0.00161069828853759,-0.0021318821281535714,0.018267407520018313
2024-04-01,0.007751284436846029,0.0014621767842515057,0.006289107652594523,0.06849359552907598
2024-04-02,0.0011049463942444154,0.002182288892448616,-0.0010773424982041995,0.09789930654188225
2024-04-03,0.00417071867184682,0.002054934095839046,0.0021157845760077744,0.03137280881655187
2024-04-04,0.00737859703756397,0.0011968475119222294,0.006181749525641737,0.0017283786509828868
2024-04-05,0.0020819888909213097,0.00035462259005643705,0.0017273663008648727,-0.307980837216058
2024-04-08,0.00011560680509731854,-0.0014893183471606768,0.0016049251522579962,0.09894677543579405
2024-04-09,-0.018539548594536076,-0.008236531063200471,-0.010303017531335605,-0.029826011200802603
2024-04-10,0.005025906646798569,0.0020502113321522646,0.0029756953146463042,0.203353388389796
2024-04-11,-0.001559963898892125,-0.002620049125164314,0.001060085226272189,-0.15026567193340326
2024-04-12,0.010256731269466812,0.005640428270613317,0.004616302998853492,0.10315053403869483
2024-04-15,-0.007872729117127707,-0.004317748820896318,-0.0035549802962313876,-0.13531510597712068
2024-04-16,0.005388169003319001,0.002660575531942731,0.0027275934713762696,0.22009442801212997
2024-04-17,-0.0062030522614558645,-0.0012604456577718572,-0.004942606603684008,-0.1895707296770771
2024-04-18,0.01168937289009325,0.004515540958195355,0.007173831931897898,0.0028629502636865548
2024-04-19,-0.009768116704248268,-0.003404731384859751,-0.006363385319388516,0.06532284836518072
2024-04-22,0.00016521576675345437,-0.0001427045076841816,0.0003079202744376338,0.15618656813699003
2024-04-23,0.003694924305406832,-0.00025303913026334356,0.003947963435670176,-0.006982835100712763
2024-04-24,0.008102833241619924,0.0024082787109000704,0.0056945545307198545,0.13549135028639678
2024-04-25,-0.0003654449960179007,0.00032209885178058166,-0.000687543847798483,-0.20441766186322435
2024-04-26,0.0076114321598063465,0.002157369810206521,0.005454062349599826,-0.10930064971657809
2024-04-29,-0.011002292284333715,-0.005337315082898188,-0.005664977201435528,0.02797103366236268
2024-04-30,-0.00610560819251475,-0.003052571661830498,-0.0030530365306842525,-0.04413701728102827
2024-05-01,0.0015564829390460645,0.001945995473560233,-0.00038951253451416845,0.08237175429122129
2024-05-02,-0.0026925581107101765,-0.002690054560179348,-2.5035505308301786e-06,-0.14310034418898054
2024-05-03,0.004869533767913116,0.0016350564476755019,0.0032344773202376137,0.06655473710193817
2024-05-06,-0.008375825348396261,-0.003369863132350065,-0.0050059622160461975,0.06800402147793305
2024-05-07,0.003448513505116716,0.001088079108228942,0.0023604343968877724,0.14391941344079737
2024-05-08,0.003873763896239016,0.0003267152944508955,0.0035470486017881203,-0.15795307968229194
2024-05-09,0.00816330860700036,0.0022109742617486394,0.005952334345251721,-0.010579251529691771
2024-05-10,-0.00820872663278478,-0.002677678161824246,-0.005531048470960531,0.04390610688017636
2024-05-13,-0.0005860672006151081,-0.0005180320684635767,-6.803513215153118e-05,-0.1378342443408816
2024-05-14,0.002008405236468315,0.0019617911701575773,4.6614066310739395e-05,0.06315907608601926
2024-05-15,-0.007065524985431666,-0.0023393421872145424,-0.004726182798217122,-0.23362144195053405
2024-05-16,0.003956219394757864,0.0008546956254672205,0.0031015237692906435,0.05401661881226608
2024-05-17,-0.01228590156180117,-0.004349525101406759,-0.007936376460394409,0.07322693714160138
2024-05-20,0.002714514187985202,0.0007365174960285304,0.0019779966919566713,0.21162219078764086
2024-05-21,0.0037842270841953623,0.0011614933938015291,0.0026227336903938327,0.18536175471594943
2024-05-22,0.011929488249753538,0.004720409502549752,0.007209078747203787,-0.36799503194083877
2024-05-23,0.010867963199120756,0.004987874257687354,0.005880088941433401,0.0862990014501233
2024-05-24,-0.020509195283611455,-0.008362594415351025,-0.012146600868260426,-0.04601066999234593
2024-05-27,0.005343857629398069,0.0007083390432088485,0.00463551858618922,-0.2065472104375827
2024-05-28,-0.002406844382887995,1.8640574796143297e-05,-0.002425484957684137,0.03416763622695991
2024-05-29,-0.010200754360552986,-0.0035502566878086463,-0.006650497672744339,-0.07537767384357405
2024-05-30,0.0016180586726710169,-0.0006824153693171077,0.002300474041988124,0.08106052252673927
2024-05-31,-0.003872461144437874,-0.0002833326658728784,-0.003589128478564997,0.24255000531723864
2024-06-03,0.004377564753190213,-0.00028493329679711967,0.004662498049987332,-0.0561623652117476
2024-06-04,0.013916817796354987,0.005096756388823125,0.008820061407531861,0.12804308350248877
2024-06-05,-0.002743613470629293,-0.0006941903805419217,-0.0020494230900873715,-0.08841207616835887
2024-06-06,0.0064386041080736174,0.002731140120486561,0.0037074639875870567,-0.14784721987320665
2024-06-07,-0.004431641341323058,-0.001876775610709645,-0.0025548657306134134,0.09773121053119094
2024-06-10,-0.007249483690242503,-0.0037376795573335116,-0.0035118041329089914,0.06336529455122074
2024-06-11,0.004701678951960466,0.0021362828800239055,0.00256539607193656,-0.03829344687569338
2024-06-12,0.003209908872639901,0.0006615704165263024,0.002548338456113599,0.11053891536253459
2024-06-13,-0.0021419232555486274,-0.0017093262685519278,-0.0004325969869967,0.037173698372041174
2024-06-14,0.006631346278605489,0.0029789223114670797,0.0036524239671384094,0.08197799510132701
2024-06-17,0.0024058083894846023,0.0005174493768236067,0.0018883590126609938,-0.15706911384196773
2024-06-18,0.004355150082051613,0.0022302545255504943,0.00212489555650112,0.035435622741660414
2024-06-19,-0.007438699904404942,-0.004419765368476403,-0.0030189345359285394,0.05068707457753232
2024-06-20,0.0016598274960715656,0.0007029338453889676,0.0009568936506825978,0.11544344847435623
2024-06-21,0.0030646816370711026,0.0013521005572114525,0.0017125810798596514,-0.026691442932765586
2024-06-24,0.007637544477661528,0.003674372857589348,0.00396317162007218,-0.11456055518407238
2024-06-25,-0.0015359879636912576,1.2429942242523154e-05,-0.0015484179059337818,0.04100360057618276
2024-06-26,-0.005963529135290637,-0.002475893934816408,-0.0034876352004742286,-0.06827111599917432
2024-06-27,0.002137585712523622,0.001066695091555382,0.0010708906209682403,-0.16314959600337092
2024-06-28,-0.004076028665572991,-0.0037811873747316278,-0.00029484129084136196,0.16088236494570302
2024-07-01,-0.010041774571738948,-0.004888333520912514,-0.005153441050826435,-0.09117291016081798
2024-07-02,0.009002570540382273,0.004319871045188496,0.004682699495193776,0.12205829385878929
2024-07-03,-0.005001225500161332,-0.00367579567281936,-0.0013254298273419705,-0.08948907119833914
2024-07-04,0.006571460575362983,0.0023183776312916513,0.004253082944071332,0.03969604807295652
2024-07-05,-0.004541130750065999,-0.001784809536677293,-0.002756321213388707,-0.0936147354045139
2024-07-08,0.0019089118295244633,0.0004093456909562603,0.0014995661385682037,-0.05460202674252365
2024-07-09,-0.004925387362308159,-0.001945841455783177,-0.002979545906524981,0.02840001895146472
2024-07-10,-0.0030364553323303533,-0.0005193617709341601,-0.0025170935613961927,-0.19117189392780407
2024-07-11,0.0015840406103693123,0.0021296217587896274,-0.0005455811484203149,0.03650036665807237
2024-07-12,-0.011359465680645948,-0.004599313704555359,-0.006760151976090586,-0.1923558463061565
2024-07-15,0.001982440526955606,0.001179477681109877,0.0008029628458457296,0.07628690842985958
2024-07-16,-0.01253430618843906,-0.0023888809920629382,-0.010145425196376122,-0.19609042571427537
2024-07-17,0.004794795740935276,0.0024661608994095436,0.0023286348415257306,-0.23140103504120654
2024-07-18,-0.010834982379468196,-0.005100789032586466,-0.005734193346881734,0.010987360263896547
2024-07-19,-0.014822365435568476,-0.0059814913306544815,-0.008840874104913994,0.12858731565070175
2024-07-22,0.0007255919880102338,-0.0007297162055126538,0.0014553081935228876,0.19689183940214644
2024-07-23,0.007924425501397225,0.00257477294494495,0.005349652556452276,-0.15808498025228726
2024-07-24,0.012065513230603616,0.004177406346326761,0.007888106884276854,-0.09088096233466991
2024-07-25,-0.008561001209854598,-0.0037953707788801585,-0.00476563043097444,0.09121539321216078
2024-07-26,-0.00598356041442891,-0.0012987834464223552,-0.004684776968006553,0.01561901271434597
2024-07-29,0.005700078275618612,0.002352845807059565,0.003347232468559047,-0.24677814216016153
2024-07-30,0.001028839911379279,0.00013286710155718112,0.0008959728098221001,0.0985004767453218
2024-07-31,-0.016843670225533444,-0.006518349189975067,-0.010325321035558374,-0.15678417833562053
2024-08-01,0.006662445939791434,0.002289893387662525,0.00437255255212891,0.29448850163376233
2024-08-02,-0.010924159256632204,-0.004655724627062604,-0.006268434629569601,0.1187845278011631
2024-08-05,0.022115927398155953,0.007857316712577767,0.014258610685578186,0.26818978941610166
2024-08-06,0.007947108109863496,0.003242528321829481,0.0047045797880340134,-0.25816909257752224
2024-08-07,0.01928244777352909,0.00848890866688751,0.010793539106641579,-0.019171703420470768
2024-08-08,-0.015378028071228844,-0.008017931178816134,-0.00736009689241271,0.04891007044149436
2024-08-09,-0.0011969001302690313,-0.0002882531828344928,-0.0009086469474345379,-0.11587299670065426
2024-08-12,0.003113498597877252,0.001859794289530323,0.0012537043083469292,-0.16347335831085305
2024-08-13,-0.0062200735759778475,-0.0025426171695775903,-0.0036774564064002576,-0.04829234782111237
2024-08-14,-0.009718695810298793,-0.004857810033474104,-0.0048608857768246885,-0.048998437884356004
2024-08-15,-0.0029479562267799905,-0.002630222302219068,-0.000317733924560923,-0.1018500273443096
2024-08-16,-0.002843654275571986,-0.0020995776858072942,-0.0007440765897646908,0.027970430354655212
2024-08-19,-0.006510516655244083,-0.003162208946850484,-0.0033483077083936007,0.04557891279730549
2024-08-20,0.0018451411918280823,0.0008007913567585081,0.0010443498350695747,0.13088158429569824
2024-08-21,0.0028184527058097092,2.847692345199146e-05,0.0027899757823577134,-0.07183053551171487
2024-08-22,0.008865379458883426,0.002827793596566827,0.006037585862316599,0.05909189896672473
2024-08-23,-0.004530814293969851,-0.001989812060878126,-0.002541002233091726,-0.03506774816396259
2024-08-26,0.003955974679169881,0.002594773098035975,0.001361201581133906,-0.02599858954966809
2024-08-27,-0.002039030384138983,-0.002063503171839178,2.4472787700194343e-05,0.2646467416287644
2024-08-28,-0.0015157813713225457,-0.0006737954488304984,-0.0008419859224920462,-0.1301499763037157
2024-08-29,0.017675592915558622,0.006557563611725793,0.011118029303832832,-0.09347187533447747
2024-08-30,-0.0075160610244459376,-0.0021949774103366343,-0.005321083614109306,-0.08980021076275713
2024-09-02,-0.005524115796229563,-0.0036985226161165216,-0.0018255931801130412,0.22202308938765924
2024-09-03,-0.006500831886575896,-0.0030314422841611656,-0.003469389602414729,-0.13809136798694813
2024-09-04,0.016508680146376103,0.009496033099110698,0.0070126470472654055,0.22988269686226115
2024-09-05,-0.009309278569750574,-0.0046182082862592086,-0.0046910702834913635,-0.01822765035284428
2024-09-06,0.016672311502649518,0.008902987107638894,0.007769324395010624,0.15674699542471457
2024-09-09,-0.001006970963494581,-0.0009285861761704848,-7.83847873240956e-05,0.26639272120890056
2024-09-10,0.008304964690708412,0.0032443786211022573,0.005060586069606155,-0.034087237587105745
2024-09-11,0.01810454729604683,0.00708714025327755,0.011017407042769281,-0.053745317242605846
2024-09-12,-0.001971970194284354,-0.0015110305642558417,-0.0004609396300285125,0.1567041715388812
2024-09-13,-0.0026679400465124724,-0.0010383218784998528,-0.0016296181680126188,0.021686891944460225
2024-09-16,0.00893913343491122,0.0026422811261009073,0.006296852308810313,-0.003527691002325334
2024-09-17,0.0013175717505698938,0.0002493269302418226,0.0010682448203280705,-0.04141598562547083
2024-09-18,-0.00021511313213952394,-0.0013083163477101926,0.0010932032155706686,-0.026837220637799655
2024-09-19,-0.0024478662848229143,-0.0010158288132729272,-0.0014320374715499863,-0.14760861329768177
2024-09-20,-0.0016311396812597775,-0.0009476778533425095,-0.0006834618279172678,-0.0026624385381412794
2024-09-23,-0.008799099298105628,-0.002930577910113831,-0.0058685213879917965,0.11101949022913844
2024-09-24,-0.00017076564333695426,0.0009126935795582998,-0.0010834592228952528,-0.11903910011639153
2024-09-25,0.00736302391998119,0.0033063633233486826,0.004056660596632508,-0.031413991399407926
2024-09-26,-0.007350740411451772,-0.0026125853494580274,-0.004738155061993746,-0.10303890300278692
2024-09-27,-0.0018574376430089815,-0.0007251089851494953,-0.001132328657859485,0.09648927473122838
2024-09-30,-0.005767702910789667,-0.0013384770577390863,-0.004429225853050582,0.02400647655502118
2024-10-01,0.005887708738465242,0.0007511232796564714,0.0051365854588087696,0.03082746160935311
2024-10-02,0.001495081857728755,0.0018809389184647853,-0.0003858570607360305,-0.008313758022420863
2024-10-03,0.0018748626790552189,0.0026185156970715317,-0.0007436530180163136,0.12717592708534578
2024-10-04,-0.0004718332695512377,-0.0005751949055532888,0.00010336163600205023,-0.20114600308835037
2024-10-07,0.007353171437967046,0.0034472450403049424,0.0039059263976621043,0.06246075697080079
2024-10-08,-0.011990259317731828,-0.00431206653078787,-0.007678192786943958,-0.23143373974625459
2024-10-09,0.0037701564430366965,0.0019806131510626285,0.0017895432919740684,0.26009812469507465
2024-10-10,-0.015270507031449037,-0.006113758815562703,-0.009156748215886334,0.060446603172375636
2024-10-11,0.017209923299740082,0.006298520169122307,0.010911403130617775,0.05255895556842073
2024-10-14,0.004153604302462192,0.0010519835244297351,0.003101620778032459,0.2079724029612917
2024-10-15,0.003149556410042441,0.0008579517001366587,0.0022916047099057826,0.10516988782316497
2024-10-16,0.01464829157274454,0.004651532967631128,0.009996758605113419,-0.2550478099686704
2024-10-17,0.007351867527882904,0.0012966924287725438,0.006055175099110363,0.01920626494624257
2024-10-18,-0.013894030692490032,-0.004307158596753558,-0.009586872095736474,0.08299047515396504
2024-10-21,0.0011995417989649599,0.0012919926480047387,-9.245084903977837e-05,-0.1520018447974471
2024-10-22,0.0044560033454413145,0.0010901259650228556,0.003365877380418458,-0.0006444407838374118
2024-10-23,-0.007872425515907491,-0.0034897374504369045,-0.004382688065470585,-0.12938437069763167
2024-10-24,-2.8834676116771662e-05,-0.001210027587508991,0.0011811929113922206,0.24324016533569234
2024-10-25,-0.006748000501613678,-0.0013461050435930517,-0.005401895458020627,0.13546771165810817
2024-10-28,0.015053859893059353,0.006141577690140888,0.008912282202918466,-0.1484107438705591
2024-10-29,0.007560913347055069,0.002016737466622137,0.005544175880432932,-0.24988516555663284
2024-10-30,-0.008703451673927106,-0.003832634033896578,-0.0048708176400305316,-0.05796992090318148
2024-10-31,-0.014689242774089074,-0.0053483085516833305,-0.009340934222405745,0.009891312311864131
2024-11-01,-0.0033739387752332057,-0.0014567507756175395,-0.0019171879996156662,0.11684664356719571
2024-11-04,0.0005387334018512706,-0.00014501458027794435,0.0006837479821292145,-0.08281673616495569
2024-11-05,0.007423652419645411,0.001798137066272125,0.0056255153533732866,-0.027103510976210124
2024-11-06,-0.005405260218329752,-0.0026455482877414116,-0.0027597119305883397,0.2081281504898047
2024-11-07,-0.0017150708854841467,0.00028632678200225456,-0.002001397667486402,0.09269608217544513
2024-11-08,0.013753200495812698,0.006277035871255273,0.0074761646245574236,0.13966235892366263
2024-11-11,0.005967153214256541,-3.182247602206978e-05,0.005998975690278611,-0.13202871801449648
2024-11-12,0.00794928568185613,0.003889591511872621,0.004059694169983509,-0.08410547948090277
2024-11-13,-0.0066767716549754165,-0.002523323470779649,-0.004153448184195767,0.07494367641587771
2024-11-14,-0.005032260993126599,-0.0030566134483320287,-0.001975647544794572,-0.22079670288760359
2024-11-15,0.004352790150590818,0.00044926669799093353,0.0039035234525998845,-0.055448768899008044
2024-11-18,-0.011744870339283205,-0.003752306478199678,-0.007992563861083525,-0.19886702060762818
2024-11-19,-0.0028169891628180943,-1.0303523903217385e-06,-0.002815958810427773,0.010947224300099135
2024-11-20,-0.010837701680525712,-0.0036469829376296788,-0.007190718742896033,0.053580809454268304
2024-11-21,0.0006814404873542721,-0.0003794289284197918,0.0010608694157740635,-0.029914176724735536
2024-11-22,0.0030286181353479996,0.0010110907308273271,0.0020175274045206725,0.0190943754031183
2024-11-25,-0.0017459055692543549,-0.00017172369249931894,-0.0015741818767550356,-0.17143029019856984
2024-11-26,0.001331124696386621,0.0016375047326692357,-0.00030638003628261773,-0.09091268891098783
2024-11-27,-0.010330601042938948,-0.004578735470487547,-0.005751865572451401,-0.1568048853081479
2024-11-28,-0.005778748702403972,-0.0014978371903436555,-0.004280911512060317,-0.209343865948553
2024-11-29,-0.010373966162541487,-0.004002347726679534,-0.006371618435861953,-0.2667581085949673
2024-12-02,-0.013576660230312438,-0.005264709448560771,-0.008311950781751667,0.3054676460680315
2024-12-03,-0.022951106277663898,-0.009558271308015408,-0.013392834969648493,-0.14945023585099054
2024-12-04,0.025727082433525016,0.010520794926752026,0.015206287506772985,0.1730097829106073
2024-12-05,-0.011286785319989,-0.0070015095703540595,-0.00428527574963494,0.18604722202500779
2024-12-06,0.013206590664228482,0.005027367698588318,0.008179222965640165,0.15508230886846505
2024-12-09,0.01375230188577912,0.004197733902135786,0.009554567983643337,0.2781661731166834
2024-12-10,0.01118579354724286,0.00244704002035377,0.00873875352688909,-0.08791809249481185
2024-12-11,0.01820138164079483,0.008841862602301,0.009359519038493828,-0.05142325095994112
2024-12-12,-0.005716375765325438,-0.004301187806032399,-0.0014151879592930391,-0.2765898374997809
2024-12-13,-0.0032850520088685835,-0.0006832327226473645,-0.0026018192862212186,0.11761539224477359
2024-12-16,-0.018324719793155413,-0.006811056803785605,-0.011513662989369804,-0.10929960680733089
2024-12-17,0.009864133582580807,0.005082071080340117,0.004782062502240692,-0.03763537120428005
2024-12-18,-0.007102879875937411,-0.0029361390521533124,-0.004166740823784099,0.15488307651922348
2024-12-19,-0.0027929773393171923,-0.000475829965869248,-0.002317147373447944,0.1882198510674802
2024-12-20,0.01222988205011527,0.008630754073665044,0.003599127976450227,0.1109279818523655
2024-12-23,0.014006161297881563,0.004969979339275541,0.009036181958606022,-0.22591033357956594
2024-12-24,0.008657601620853682,0.002274891426317569,0.006382710194536113,0.044325462021325285
2024-12-25,-0.014409516593392912,-0.005661860202534865,-0.008747656390858047,0.24347945452406977
2024-12-26,0.0030198055995202576,0.0027537756345728612,0.00026602996494739725,-0.06776969477126471
2024-12-27,0.016441212312185545,0.007105971508759197,0.009335240803426348,-0.12153695857182814
2024-12-30,-0.00400760963312252,-0.0013526683260309895,-0.0026549413070915302,0.11312337643679272
2024-12-31,-0.0073063444048701446,-0.0034840834096282296,-0.003822260995241914,0.010285629284349616
2025-01-01,0.006686456970565245,0.0015418204593997155,0.005144636511165529,-0.11658773777195783
2025-01-02,0.0005861542559939543,0.001145582269732835,-0.0005594280137388813,0.12931708707422326
2025-01-03,-0.0076888730128211995,-0.0034398645950313033,-0.004249008417789898,-0.06224271272075847
2025-01-06,0.007038858503768912,0.0017855047442306114,0.005253353759538299,-0.03884249134522907
2025-01-07,-0.004695145723798675,-0.001661462625500161,-0.003033683098298514,-0.10819784863369199
2025-01-08,-0.0024250218012312977,-0.0026733755360925093,0.0002483537348612133,-0.0976193702492936
2025-01-09,-0.007205707205834462,-0.002571419740958242,-0.004634287464876219,0.007702774174632181
2025-01-10,-0.005770655236089808,-0.0026279049237482553,-0.0031427503123415516,0.20987318993670687
2025-01-13,0.0006188783206460781,-0.0005034324760963722,0.0011223107967424477,-0.302200094987868
2025-01-14,0.01786586160233866,0.007995430554549644,0.009870431047789015,-0.03808946342981818
2025-01-15,-0.018523795267530264,-0.00831620870534618,-0.010207586562184089,0.08087080912529698
2025-01-16,-0.0023353241545169532,-0.0013666017966957218,-0.000968722357821231,-0.09923645985953873
2025-01-17,0.0053474688654374086,0.002262446828739422,0.00308502203669799,0.08858242223931358
2025-01-20,-0.006468937069336428,-0.0029351281357062947,-0.0035338089336301335,-0.09167675483884072
2025-01-21,0.005136919026618174,0.0022962619455941594,0.002840657081024014,0.013480019460159448
2025-01-22,-0.005531599541980505,-0.0023592132282275087,-0.0031723863137529964,0.2188185078089729
2025-01-23,0.0008544829325126439,-0.0007416894974624391,0.0015961724299750819,0.12608796217600063
2025-01-24,0.014770279743938514,0.0053427067780261114,0.009427572965912403,0.216884562753784
2025-01-27,0.007800661546503581,0.0029129790917226473,0.0048876824547809325,-0.07820508548374504
2025-01-28,0.013275113676198531,0.005643976909444948,0.007631136766753584,-0.12193858869161883
2025-01-29,-0.004836894168477643,-0.0022683399492248396,-0.0025685542192528023,0.03947486952553803
2025-01-30,-0.007436211522440325,-0.0023978995376068533,-0.005038311984833472,-0.2044109116549885
2025-01-31,0.0026137575800307864,0.002583643193341603,3.011438668918537e-05,
2025-02-03,-0.01603969643591937,-0.005835904156371065,-0.010203792279548304,
