,ls_ret,long_excess_ret,short_excess_ret,ic
2017-01-02,0.012754423838632354,0.003440785925630645,0.00931363791300171,-0.055006029871660006
2017-01-03,-0.010859101428939436,-0.001813980181932056,-0.00904512124700738,0.02452757218708817
2017-01-04,-0.0027882342980733313,-0.0016507087425305083,-0.0011375255555428235,-0.13805847860767936
2017-01-05,0.0012077448383118865,0.00020988789531626618,0.000997856942995621,-0.29646184002568676
2017-01-06,-0.010654133143187977,-0.009068467614342227,-0.0015856655288457588,-0.39951211020048927
2017-01-09,-0.017621170174348638,-0.005019298471146861,-0.012601871703201777,-0.09421311980292192
2017-01-10,-0.021979117296610135,-0.006304603626649877,-0.01567451366996026,-0.12006017307562272
2017-01-11,-0.005111053559161057,-0.0014214361751034802,-0.0036896173840575757,0.06740551586267236
2017-01-12,-0.00630368080489215,-0.0036498686848811177,-0.0026538121200110334,0.09633550270094036
2017-01-13,0.0035873729444759377,0.0010205367971476585,0.00256683614732828,-0.21253448192439509
2017-01-16,0.004856241331100299,0.0029091482167813935,0.0019470931143189055,0.460822673032784
2017-01-17,-0.011590549137983661,-0.003421618556882421,-0.00816893058110124,-0.23712241656751223
2017-01-18,0.030336929684113362,0.013598400140295768,0.016738529543817594,-0.3285555910208465
2017-01-19,-0.011636408052984541,-0.0034945818631610787,-0.008141826189823464,0.2719313273336352
2017-01-20,-0.01908763920724861,-0.003892836696506422,-0.015194802510742187,-0.015126225223866866
2017-01-23,0.01457731958065607,0.00539705188911994,0.009180267691536133,0.0660963102918583
2017-01-24,-0.000745954225012572,-0.0010337463416127957,0.00028779211660022626,0.09212957425136045
2017-01-25,0.0031974069856894704,0.0014305551731290875,0.001766851812560383,-0.20763947153060702
2017-01-26,0.005350535068973972,0.0010792076107339443,0.004271327458240027,0.07228983199266573
2017-01-27,-0.009876301564873567,-0.001621958947164599,-0.008254342617708969,-0.19844863912082633
2017-01-30,0.003809252606034939,0.0015756503208623806,0.0022336022851725586,0.009671738104132011
2017-01-31,-0.009843183455264744,-0.0009858985063686205,-0.008857284948896121,0.3455199090027967
2017-02-01,0.00048117305672436164,1.054588055818869e-05,0.00047062717616617403,-0.12655660803242683
2017-02-02,0.021843528939056445,0.005152865223958532,0.016690663715097913,0.07685824291565879
2017-02-03,-0.005993323224493667,-0.001791519751898861,-0.004201803472594804,0.10238843275850178
2017-02-06,0.0036588356404021107,0.0008668018231698296,0.0027920338172322807,-0.0439175670941056
2017-02-07,0.0051813982857749925,0.0019020924059146259,0.003279305879860366,0.1476820748461205
2017-02-08,-0.0019689879103667422,1.314313334136244e-05,-0.0019821310437081064,-0.018715445656592753
2017-02-09,0.007601176073401101,0.00195940696011606,0.005641769113285041,0.23946325414823816
2017-02-10,-0.0008518196740804218,0.0006071046557107398,-0.0014589243297911617,0.19568145282864963
2017-02-13,0.010946192681182116,0.003565063945968047,0.007381128735214068,0.06221020169432754
2017-02-14,0.008753206039601386,0.0032306417709567726,0.005522564268644614,-0.03292508759619384
2017-02-15,0.0029121965394046934,0.00022743605042783391,0.0026847604889768586,0.044957391075128826
2017-02-16,-0.0012400514796124431,0.000769543493591613,-0.0020095949732040572,0.10486848475338262
2017-02-17,0.001878452947817866,0.0018012487535032703,7.720419431459478e-05,0.009790347713607404
2017-02-20,0.004898104397709416,0.0020859536800156616,0.0028121507176937545,-0.09583595401535577
2017-02-21,0.0004786305668618866,0.0009842949414227368,-0.0005056643745608505,-0.06521372061535964
2017-02-22,-0.004700900469102955,-0.0008625411383939626,-0.003838359330708991,-0.003900337377925829
2017-02-23,-0.0033362969087309497,0.000135322636292564,-0.003471619545023511,-0.037095111060674965
2017-02-24,-0.00022273040921174064,-0.0014095365742022989,0.001186806164990558,-0.07771904996477372
2017-02-27,-0.001821905953391724,-0.00021198776288456071,-0.001609918190507163,0.05616057274512357
2017-02-28,-0.004121843417475816,-0.0018419466720979724,-0.0022798967453778437,-0.11089046642710046
2017-03-01,0.0028003480523155558,0.000672862431938133,0.0021274856203774228,-0.16538502104501085
2017-03-02,-0.005637304536393649,-0.0025166513617511633,-0.003120653174642486,0.07845241935820559
2017-03-03,-0.008842252152317823,-0.003230192520075219,-0.005612059632242601,-0.10403226420863776
2017-03-06,0.0044473983451920425,0.001422039707061602,0.0030253586381304405,0.08192102919411606
2017-03-07,-0.0046898184368409195,-0.0007400152636801052,-0.0039498031731608155,0.2983197085393329
2017-03-08,0.003972058455689842,0.000741206275111354,0.003230852180578489,-0.10012807487406432
2017-03-09,0.016028289635615527,0.005611418085078039,0.010416871550537488,0.15621826990215956
2017-03-10,-0.004979983795732684,-0.0016077010753007236,-0.0033722827204319614,-0.14191088792420659
2017-03-13,0.007262690880243698,0.003778035172444463,0.003484655707799235,0.25304801864908333
2017-03-14,-0.006471349980137766,-0.001626331018535078,-0.004845018961602688,0.05721499246960542
2017-03-15,0.013176214575985074,0.003138841909195224,0.010037372666789852,0.30222527872249294
2017-03-16,0.002966350346671549,3.4553703126898386e-05,0.0029317966435446507,-0.12847692363305077
2017-03-17,0.015811442050114286,0.0044158820434413975,0.011395560006672889,-0.10902092299729345
2017-03-20,-0.006467448617184389,-0.002787072355486459,-0.00368037626169793,-0.06836402893525058
2017-03-21,-0.004688363730375417,-0.0016543073048259135,-0.003034056425549504,-0.026796602123853857
2017-03-22,-0.003265923322246225,-0.002065702417131385,-0.00120022090511484,-0.001422018232692326
2017-03-23,-0.0011921857780646593,-0.00011408037537005873,-0.001078105402694601,0.2990696548625807
2017-03-24,-6.916827669001258e-05,0.0009839723654246901,-0.0010531406421147027,0.16312775814684827
2017-03-27,0.01646524678540719,0.008085155714377757,0.008380091071029433,-0.07897143129851326
2017-03-28,0.009206703349672427,0.002183301030826485,0.007023402318845941,0.11971522153079514
2017-03-29,-0.0038271240167370496,-0.002783381462263315,-0.0010437425544737354,0.11587483563489372
2017-03-30,0.0053247990053932655,0.0023653240051735285,0.002959475000219736,-0.0064452096743867985
2017-03-31,0.006678793890876196,0.001842249743770355,0.004836544147105836,0.023752504422214975
2017-04-03,-0.00030349689294119917,-0.0007608527043462107,0.0004573558114050111,0.012298405880957175
2017-04-04,0.001096906800357924,-0.0005791701863027011,0.001676076986660625,0.029560384165795723
2017-04-05,0.0006803757837632915,-7.19068419480582e-05,0.0007522826257113473,-0.008880849289446636
2017-04-06,0.0014165477522486937,0.002408956156276249,-0.0009924084040275581,0.06687771179913808
2017-04-07,-0.00037109238781943163,0.00014741847403650522,-0.0005185108618559354,-0.01934611776737815
2017-04-10,0.0029808989203844913,0.0015443206782584573,0.0014365782421260336,0.04025291605871867
2017-04-11,-0.0007186144034875435,4.477083066100132e-06,-0.0007230914865536424,-0.037511504898118796
2017-04-12,0.0017749767408895421,0.001477919516063463,0.00029705722482607864,-0.11924512740855549
2017-04-13,-0.0016800791302927823,-0.0014926102612804531,-0.0001874688690123305,-0.1096914328173374
2017-04-14,-0.0076395649122241085,-0.004786881098292676,-0.0028526838139314344,0.05425378396120674
2017-04-17,-0.005293081921020603,-0.00015285615584831672,-0.005140225765172288,0.08660794635231596
2017-04-18,0.00269542474496705,0.0019221492998100051,0.0007732754451570444,-0.019954442201420734
2017-04-19,0.004325948723793441,0.0012455196084106644,0.0030804291153827754,0.045833193087397875
2017-04-20,-0.0010199604034495866,0.00032173671276151516,-0.0013416971162111017,-0.03155816265650644
2017-04-21,0.0022193964313685643,0.0027717628434865624,-0.000552366412117998,0.1538084697293282
2017-04-24,-0.00152214827257518,-0.00019731736890120886,-0.0013248309036739707,0.02056419846416621
2017-04-25,0.0066518067346012,0.0022233215033116748,0.004428485231289525,-0.12279843470806766
2017-04-26,0.0008194078542802316,0.0010342155830494549,-0.00021480772876922294,-0.290343026800624
2017-04-27,-0.006236679015410512,-0.0024223031225413146,-0.003814375892869196,0.10955465218147373
2017-04-28,-0.01645903164461976,-0.006001142793313214,-0.010457888851306548,0.16012148707532714
2017-05-01,0.006073321523742557,0.0010476655628045076,0.005025655960938049,-0.005163184401221511
2017-05-02,0.00880375608465848,0.0027444713645987436,0.006059284720059737,0.0027650966546862387
2017-05-03,-0.00026047599367502435,0.0009390354436421135,-0.0011995114373171381,-0.2199667870977369
2017-05-04,0.00019013887778335584,-0.0038909153804524282,0.004081054258235781,-0.10034802701797021
2017-05-05,-0.013769274436103325,-0.004245392553734909,-0.009523881882368418,0.025162547785650028
2017-05-08,-0.005125552565376382,-0.0016987735085353048,-0.003426779056841077,0.2304017771713963
2017-05-09,0.0013864542335855537,0.0012583220105353888,0.00012813222305016556,0.0967465971507513
2017-05-10,0.012496435920443173,0.0045165440348115884,0.007979891885631585,0.3078834270759592
2017-05-11,0.005117508421082615,0.001206240766727619,0.003911267654354996,-0.1924687865106152
2017-05-12,0.018969851346834328,0.005988834839814114,0.012981016507020212,-0.0824055149375353
2017-05-15,-0.009224641198703872,-1.3125405246602884e-05,-0.009211515793457265,0.09454094986340748
2017-05-16,-0.004485751349405793,-0.0010599521686827415,-0.003425799180723051,0.01251601026737874
2017-05-17,0.00408702869029016,0.0018427685981582632,0.0022442600921318955,-0.19728833386640723
2017-05-18,0.0005146486946458148,0.0024002509045146503,-0.001885602209868836,0.01344155501226175
2017-05-19,-0.011231629843304024,-0.007151633414951989,-0.004079996428352032,-0.006061803748626785
2017-05-22,0.0007864278584877962,-0.0029638620113906222,0.0037502898698784197,0.1661872477645322
2017-05-23,-0.00032131877273232617,0.0032747907313818696,-0.0035961095041141984,0.1174695791329483
2017-05-24,0.007437749026748609,0.0018623564894309028,0.005575392537317705,0.005089476847687813
2017-05-25,0.004443497830795211,0.0036163939722944592,0.0008271038585007506,-0.1152325478201791
2017-05-26,0.0002248621300908137,0.0002379162298265687,-1.3054099735754568e-05,-0.07798145166413117
2017-05-29,-0.004880909278489049,-0.0033002559874661264,-0.0015806532910229206,-0.05583530186905787
2017-05-30,-0.00287458037036636,1.7538008905549143e-05,-0.002892118379271908,0.20165610508462042
2017-05-31,-0.002278855250603589,-0.0005322575260246223,-0.0017465977245789664,0.07088231792012911
2017-06-01,0.009813018181926165,0.002287697127775211,0.0075253210541509526,-0.035747439764018854
2017-06-02,0.004010988386225078,0.0012637673637189532,0.002747221022506123,-0.06559130198928619
2017-06-05,-0.0015136675703310777,0.0005904800831572892,-0.0021041476534883674,-0.18519329438358853
2017-06-06,-0.0027873873202631408,-0.0024772901378207375,-0.0003100971824424037,0.11200422970894357
2017-06-07,-0.007980468928078521,-0.0032733760216211447,-0.004707092906457376,0.0006005032207123494
2017-06-08,0.004849160877246015,0.00144373399394216,0.003405426883303855,0.21558202606402027
2017-06-09,3.7167614732882496e-05,-0.0008947094149019015,0.0009318770296347853,0.11825926988602715
2017-06-12,0.0106424266406633,0.005042577129988923,0.005599849510674378,0.09183082360062317
2017-06-13,0.005763005603552694,0.001171791375077429,0.0045912142284752645,0.10682486123701097
2017-06-14,0.004210172167878062,0.000865439832179207,0.003344732335698855,-0.05087838065566173
2017-06-15,0.004870047579413372,0.0024210162196802946,0.0024490313597330775,0.09063330382367202
2017-06-16,-0.002161395564834042,0.00026403947588391104,-0.0024254350407179517,-0.06841204506425645
2017-06-19,0.003966402924538031,0.0012625158077112075,0.0027038871168268246,0.09855335010674723
2017-06-20,-0.0032698659530243125,-0.0011579715130596172,-0.0021118944399646953,-0.18208635453745128
2017-06-21,0.004873754564047374,0.0015960170062268388,0.003277737557820535,-0.0061699213956016375
2017-06-22,-0.009519650298642674,-0.0024101374714879365,-0.007109512827154739,-0.02066216292780705
2017-06-23,-0.00030450083540975773,0.0007584914184307482,-0.0010629922538405061,0.2426528781436682
2017-06-26,-0.0011589168395650942,-0.0007827737337237177,-0.00037614310584137625,0.03966557165651759
2017-06-27,0.012975538429804777,0.005480526567475766,0.007495011862329011,0.0036238454537578916
2017-06-28,0.0021353769894098718,-0.0010047314186404028,0.003140108408050275,-0.21884107517884055
2017-06-29,0.00025072375204622424,-0.0003635119721252071,0.0006142357241714323,0.2725931390370847
2017-06-30,-0.012159887502894392,-0.0041815285541992,-0.007978358948695193,-0.15601696360272294
2017-07-03,0.01596863689951967,0.005229815933053078,0.01073882096646659,0.040664978725899505
2017-07-04,-0.007672422363840901,-0.0031248318626788413,-0.00454759050116206,0.060835313558943886
2017-07-05,0.0020472225124886856,0.001947950974355036,9.927153813364952e-05,-0.05532656438845971
2017-07-06,0.0035750755967062257,0.001720171636035878,0.0018549039606703477,0.046542798216211816
2017-07-07,-0.00265702763985207,-0.0008028545464866629,-0.0018541730933654072,0.13750964812447064
2017-07-10,0.0025039879510622767,0.0012961320754727671,0.0012078558755895079,-0.06037573861950873
2017-07-11,0.006324386956240176,0.0023792689474094546,0.00394511800883072,-0.12154893132294435
2017-07-12,-0.00272405953017696,-0.001634949718658832,-0.0010891098115181287,0.08639459922750543
2017-07-13,-0.006085673549040375,-0.004372524558938613,-0.0017131489901017604,-0.044890567429838865
2017-07-14,0.004272894142926442,0.0018055818356232124,0.0024673123073032295,-0.06101278822898404
2017-07-17,-0.0033631628761340957,-0.003660367582944326,0.0002972047068102307,-0.1140425698621181
2017-07-18,-0.004827632202522226,-0.0020493140603373913,-0.002778318142184835,-0.10552657035564766
2017-07-19,-0.007852410270937308,-0.0024646913342370614,-0.005387718936700248,-0.04741740239031907
2017-07-20,-0.0070179379153988055,-0.002924634430482521,-0.004093303484916285,0.12745125780476455
2017-07-21,-0.003933557795094836,-0.0063912806603060035,0.002457722865211169,0.21905381362777018
2017-07-24,0.008098223494623524,0.005149887728537298,0.0029483357660862264,0.2608094734052777
2017-07-25,0.011743337829288124,0.006193972640778648,0.0055493651885094725,-0.007315565342013667
2017-07-26,0.018121924322105215,0.002211984954909374,0.01590993936719584,-0.002971229271917381
2017-07-27,-0.00037535500087427284,0.004370005908403595,-0.004745360909277865,0.09240378602820912
2017-07-28,-0.00014085475496447916,-0.0008800656291738109,0.0007392108742093317,-0.015455059336487824
2017-07-31,0.0042216084480621065,0.001829891313084104,0.002391717134978002,0.11239469611107732
2017-08-01,-0.0006904138309545201,0.002943695701159075,-0.0036341095321135997,0.1298274302229929
2017-08-02,0.005168000642448564,0.0036666091274330376,0.0015013915150155271,0.1850913064898699
2017-08-03,0.006858567101383991,0.007124957150278079,-0.000266390048894085,-0.07398146309927514
2017-08-04,0.011072609451621657,0.005919038385371264,0.005153571066250393,0.0461046490455808
2017-08-07,-0.004171847911078206,-0.0014200771377346545,-0.002751770773343553,0.12149935412245057
2017-08-08,0.002748282299975938,0.003803306326980685,-0.0010550240270047438,-0.06711905188888166
2017-08-09,0.0064243246791877455,0.0016809253122837642,0.004743399366903983,0.17479076038312272
2017-08-10,-0.003859394339962676,0.0005256215571360027,-0.004385015897098679,-0.047864389905152814
2017-08-11,0.008887374484839975,0.00481350889459959,0.004073865590240387,0.11029361662680749
2017-08-14,-0.0022721610068632886,-8.788616527883111e-05,-0.0021842748415844574,-0.18632573481353584
2017-08-15,0.005623687256199307,0.0022339041404977698,0.0033897831157015364,-0.13241445094542934
2017-08-16,-0.00983883531729327,-0.003823665225816673,-0.006015170091476597,0.18606295116383278
2017-08-17,-0.006857256727966483,-0.0019416568761668977,-0.004915599851799585,0.12465607858363352
2017-08-18,0.009680831510335353,0.002859661349424445,0.006821170160910907,-0.04000459207749517
2017-08-21,0.006237176265799286,0.0009880545172820925,0.005249121748517197,0.031526412478325015
2017-08-22,-0.0022684741573238015,-0.0009451631576197616,-0.0013233109997040395,-0.06042957748435788
2017-08-23,0.0017026116130352876,9.453935545382602e-05,0.0016080722575814617,0.0027874610575421882
2017-08-24,-0.0033797613111973845,-0.00227824288990696,-0.0011015184212904258,0.24007273311733068
2017-08-25,0.00015319266350969263,0.0004229608026017754,-0.00026976813909208213,0.07461434187420476
2017-08-28,0.012997207338245779,0.004162625817673104,0.008834581520572675,0.0829950064864042
2017-08-29,0.004083243972009902,0.0009128337392734585,0.0031704102327364428,-0.2293825914259597
2017-08-30,0.007465935402169099,-0.0011510562014367051,0.008616991603605802,-0.08739647228940876
2017-08-31,-0.015652068808441628,-0.005454038362036883,-0.010198030446404747,0.12124320959347727
2017-09-01,-0.004908826325098034,-0.0005584433599549327,-0.004350382965143104,0.2210801245361664
2017-09-04,0.008032865180919509,0.0016499615027617794,0.0063829036781577276,-0.29291909104055325
2017-09-05,0.010688252989704817,0.0063012392925079225,0.004387013697196896,-0.05564582571740219
2017-09-06,-0.017865902454678135,-0.007064922881422062,-0.01080097957325608,-0.029169270428441866
2017-09-07,-0.0035574839614831693,-0.0017582620846105798,-0.0017992218768725886,0.15326371698441402
2017-09-08,-0.0016748409700522405,-0.0015557584152743956,-0.00011908255477784471,-0.059309475000823675
2017-09-11,0.00881596355081477,0.0026064941644180885,0.006209469386396681,0.2674285353657053
2017-09-12,-0.0037423414420556904,-0.0004257239993382851,-0.0033166174427174057,-0.0109610532391736
2017-09-13,0.018296522501217195,0.007402739040284944,0.010893783460932251,0.02676081761246587
2017-09-14,-0.000549714399798832,-0.00011441510986313821,-0.00043529928993569274,0.07551395108278403
2017-09-15,0.0014624002586964616,0.000231480332238675,0.0012309199264577868,-0.2930100176153358
2017-09-18,0.004076301996012843,0.000688498414827875,0.0033878035811849673,0.2206682784656617
2017-09-19,-0.02070134306169103,-0.008454671244772841,-0.01224667181691819,-0.2595828878330292
2017-09-20,0.014258746941716603,0.0057404725527105335,0.00851827438900607,0.16466836604047244
2017-09-21,-0.017802740140400508,-0.0061633965935573316,-0.011639343546843177,0.06939324689241845
2017-09-22,0.00870020565086147,0.003071545758154411,0.005628659892707058,0.2047311655459411
2017-09-25,0.004299110492757924,0.0002854713942542185,0.004013639098503708,-0.23275883325785246
2017-09-26,0.014168237781262192,0.0036522117942974133,0.01051602598696478,-0.03326335564216171
2017-09-27,-0.012216537224728203,-0.0025122882436601456,-0.009704248981068055,-0.07646637850776569
2017-09-28,-0.0019569939695545276,-0.0008342372829831194,-0.0011227566865714082,0.1265685642525372
2017-09-29,-0.004656227748428406,-0.0038124876976191116,-0.0008437400508092933,0.08769056246322222
2017-10-02,0.007849919743173605,0.002871489995515556,0.004978429747658048,0.008913804940181375
2017-10-03,0.0065154656065313545,0.0019352617865823814,0.004580203819948972,0.07271381641513616
2017-10-04,0.00046490690738629973,0.0011529034011550712,-0.0006879964937687721,-0.21618573490858603
2017-10-05,0.0036880645994650414,0.000699940462227948,0.002988124137237093,0.13037564587186384
2017-10-06,-0.010259186486688353,-0.002633608289574395,-0.0076255781971139545,0.034005318926017054
2017-10-09,0.005994993518933239,0.0032241840583972867,0.002770809460535954,0.06991544464640745
2017-10-10,0.0014038737908605601,0.0004888307695406164,0.000915043021319944,0.1389004889674706
2017-10-11,0.003567039077603442,0.0014697765419965456,0.002097262535606896,-0.0381077916664398
2017-10-12,0.00792567123972223,0.0024099982415094236,0.005515672998212807,-0.121345633687076
2017-10-13,-0.002150024939929725,-0.0013063892609258684,-0.0008436356790038572,-0.046767177533015916
2017-10-16,-0.005962621445338488,-0.0009771193448336844,-0.004985502100504805,0.032074901942307804
2017-10-17,-0.002637860016035893,-0.0008190943384514269,-0.001818765677584465,0.08870679357693476
2017-10-18,0.0014715355878967824,0.0009657434301499068,0.0005057921577468756,0.004501364857002183
2017-10-19,0.0043954754583601045,0.0015818286195553796,0.002813646838804725,-0.08176172988574013
2017-10-20,0.00022958671803172863,0.001258362232072539,-0.0010287755140408073,0.09974802781338682
2017-10-23,-0.004200938853274872,-0.0003781201729776409,-0.0038228186802972313,-0.11931919411505443
2017-10-24,0.0049566960766848425,0.0020086410879298217,0.002948054988755019,0.014950278043095743
2017-10-25,-0.005858721373659982,-0.0027339865222527487,-0.0031247348514072334,-0.05534275651537292
2017-10-26,0.000821391359929589,0.00029063448661702934,0.000530756873312558,0.16408981001403056
2017-10-27,-0.0036983219573912224,-0.0033667646571924753,-0.00033155730019874576,0.02833755572385654
2017-10-30,0.009188040359624205,0.0035931536029159515,0.005594886756708254,-0.20349669613868304
2017-10-31,0.0021177292284898035,-0.0010511368248015268,0.003168866053291322,0.14753887336459978
2017-11-01,-0.011583000146523767,-0.002600220294239992,-0.008982779852283775,0.12920847352362508
2017-11-02,0.008748508513786574,0.0022268999294153356,0.006521608584371239,-0.1500291195037586
2017-11-03,0.007860890122974942,0.0029975459060345476,0.004863344216940394,-0.027044675311205996
2017-11-06,-0.007204779016646383,-0.0010639120898919274,-0.006140866926754456,0.056046984665546536
2017-11-07,-0.0012729271385649263,-0.0004599715932432425,-0.0008129555453216838,-0.11135801646866177
2017-11-08,0.002878942043605172,0.0017365672401935062,0.0011423748034116677,0.08705480299833572
2017-11-09,-0.005878065568184277,-0.004095945893034081,-0.0017821196751501966,-0.033599416037645026
2017-11-10,0.004982593190158855,0.002078635303877162,0.0029039578862816925,0.0670267428106661
2017-11-13,-0.001719734881563357,-0.0012598252968066244,-0.00045990958475673315,0.05939325146645466
2017-11-14,0.0037844242377927783,-0.0009983332112592745,0.004782757449052051,0.026988632361408405
2017-11-15,0.0032739933369175783,0.0005039485845116393,0.002770044752405938,-0.1780075855668925
2017-11-16,0.001862688747647129,-0.0012304023400222554,0.0030930910876693814,-0.0759248438899347
2017-11-17,-0.012939592588083868,-0.009504490653508044,-0.0034351019345758294,-0.01700487702330404
2017-11-20,-0.005260293196298105,0.0006136912802460551,-0.005873984476544159,0.00972312013416521
2017-11-21,-0.0013033286353237696,-0.001124027710592921,-0.0001793009247308512,-0.015267167276091544
2017-11-22,0.0005376866064705809,0.001374135636586702,-0.0008364490301161244,0.0691485438477241
2017-11-23,-0.0007724573034506454,-0.000750618807558077,-2.183849589256848e-05,0.19145030707404206
2017-11-24,0.004219819491762007,-2.4434037740578285e-05,0.004244253529502582,0.1356557185570752
2017-11-27,0.009808103056470858,0.00233943693015187,0.007468666126318988,-0.16421642780833642
2017-11-28,0.007845898897906737,0.002257395482805921,0.005588503415100818,0.06264186748973935
2017-11-29,-0.008473750819761558,-0.001530586845388763,-0.0069431639743727964,-0.007551449019773683
2017-11-30,0.0037202728082357884,0.004108298326719797,-0.00038802551848400764,0.08704339387659268
2017-12-01,-0.00042420566910490514,0.0025100259917123415,-0.002934231660817249,0.00938155936587005
2017-12-04,0.005672302215092077,0.001229248648178534,0.004443053566913543,-0.04765049014451442
2017-12-05,0.0005443004071984225,-0.0003217375780138511,0.0008660379852122695,-0.10657706069661448
2017-12-06,-0.002654340952788577,0.0003364412174547138,-0.00299078217024329,0.06415959918423701
2017-12-07,-0.005734888827388851,-0.00012336687375913424,-0.005611521953629718,-0.08548053063503087
2017-12-08,0.0032750417658706384,0.00110319274640658,0.0021718490194640597,-0.1867784762321148
2017-12-11,-0.005562839199878705,-0.003265561359066707,-0.0022972778408119933,0.03641184647571548
2017-12-12,-0.008838115461948431,-0.002971937835018996,-0.005866177626929436,-0.03434907656115429
2017-12-13,0.0019942996248575977,0.0006598408146617487,0.0013344588101958498,0.04825570707688044
2017-12-14,-0.0021286807327026477,-0.0007891973988610965,-0.001339483333841551,0.23634442202882427
2017-12-15,0.0025268631003469064,0.0007602858610554963,0.0017665772392914101,-0.041172259293219986
2017-12-18,0.01307729737880751,0.004299131566305559,0.008778165812501952,0.03026605559542649
2017-12-19,-0.0020175962491272917,-0.0002091314957801283,-0.0018084647533471651,0.028838466270141125
2017-12-20,0.0013296261050760338,0.001049364574808996,0.0002802615302670373,0.28614752954197226
2017-12-21,0.0020026199908029342,0.0014839404298704548,0.0005186795609324786,0.11920206215752606
2017-12-22,0.015537446061928993,0.006980979614404189,0.008556466447524806,0.3457678651707049
2017-12-25,0.006774943583446564,0.00204802421931264,0.004726919364133925,0.007881894727512698
2017-12-26,0.021986978001750913,0.009464895774738014,0.012522082227012898,0.007155239373779269
2017-12-27,0.0004501069950998602,-0.0011674930179676243,0.0016176000130674866,0.15730283216597554
2017-12-28,0.00046442452343335597,-0.0003489245652374996,0.0008133490886708568,-0.10479639430309223
2017-12-29,0.007649506660603026,0.0031377860109614185,0.004511720649641606,-0.1835444868280001
2018-01-01,-0.005320252937376986,-0.0014437276856784295,-0.0038765252516985583,0.09001264181100992
2018-01-02,-0.013073207312028141,-0.005067967482103527,-0.00800523982992462,-0.005330493053807963
2018-01-03,0.005845235180166093,0.0011852205598105545,0.0046600146203555366,-0.17905332636725008
2018-01-04,-0.00037458301527783016,-0.0010206777018097468,0.0006460946865319145,-0.11661804897573194
2018-01-05,-0.008613555973036386,-0.0026252550839922263,-0.005988300889044156,0.0907749421095853
2018-01-08,-0.00753229357985743,-0.0044950649581910265,-0.0030372286216664053,0.1871135717107959
2018-01-09,0.004435574836286974,0.0018156563845335462,0.0026199184517534287,0.03132217415294681
2018-01-10,0.008682693550254687,0.0035161522786345926,0.005166541271620093,0.07841300003371952
2018-01-11,0.0016788227372123475,0.0009871988624150195,0.000691623874797328,-0.027334029652835646
2018-01-12,0.0036834753584644273,0.0016799466228196818,0.002003528735644745,0.15336650070954042
2018-01-15,-0.0012058072763048572,-0.0011442550033739715,-6.155227293088567e-05,0.008745912718803393
2018-01-16,0.007476815806013284,0.002164849886676961,0.005311965919336324,-0.08144124987654662
2018-01-17,0.0004516144511820449,-0.0005720038794322022,0.0010236183306142482,0.023069333328108163
2018-01-18,-0.004810666196758036,-0.0025389154743301707,-0.002271750722427868,0.042347197182046006
2018-01-19,0.001084058472895836,0.0006276486563793135,0.00045640981651652243,-0.06704022271955687
2018-01-22,0.0021736393904170734,0.00028884944053876593,0.0018847899498783058,0.19590265765629047
2018-01-23,-0.003059467943898807,-0.0012439314046449913,-0.0018155365392538148,-0.15052800874976424
2018-01-24,0.009524204589885541,0.003972512406025576,0.005551692183859964,0.04324120411666116
2018-01-25,-0.006356294425893536,-0.0011538994705446969,-0.005202394955348837,0.08453437044472785
2018-01-26,0.0019734531802764093,0.0012225031530166174,0.0007509500272597919,0.12709026970425974
2018-01-29,0.003850287314878892,0.0015979310081440687,0.002252356306734824,0.014705225159738178
2018-01-30,0.006109795446174182,0.0016775879982063105,0.004432207447967872,-0.12554100843661165
2018-01-31,0.0007145036151818759,-0.00019057000416453085,0.000905073619346405,-0.066999213260086
2018-02-01,-0.007482751382916461,-0.0017665731644302103,-0.005716178218486252,0.11811354274710681
2018-02-02,-0.002950436856477597,-0.0010894391432528811,-0.001860997713224715,-0.07520005941952913
2018-02-05,0.005770835805035589,0.002515923063987794,0.0032549127410477913,0.14991727784390957
2018-02-06,-0.003736075309188736,-0.0006045482773376172,-0.0031315270318511184,0.1535560045423424
2018-02-07,0.007963162038369453,0.0028321522876498624,0.0051310097507195895,-0.12198471666956313
2018-02-08,0.008347022173870646,0.002382514012131777,0.005964508161738873,0.21288460828298575
2018-02-09,-0.005963878702862961,-0.0012370911774766387,-0.004726787525386323,0.023975431852232793
2018-02-12,0.009276290399433174,0.0040840539629910496,0.005192236436442123,0.31681759796042797
2018-02-13,0.0010577012739014285,0.0007955786240644754,0.0002621226498369534,-0.12305706048399127
2018-02-14,0.016806644181858357,0.0053842191374717146,0.01142242504438664,0.00047567107712509325
2018-02-15,-0.0073759094970872316,-0.0037101864964207212,-0.0036657230006665095,0.1070143110826424
2018-02-16,2.3526408660169782e-05,-0.00018155485201389737,0.00020508126067406499,-0.0044480769157505175
2018-02-19,0.004530979152139404,0.0034187270221635088,0.001112252129975894,0.17871916625955409
2018-02-20,-0.00018923745903268359,-0.00021073379805125383,2.149633901857035e-05,0.04012861052860494
2018-02-21,0.006534834211854938,0.0025390207088995167,0.0039958135029554195,0.07310130657413548
2018-02-22,0.0015689200577897499,0.0016594048767946926,-9.048481900494247e-05,-0.004530046581866252
2018-02-23,0.002553765998483117,0.001397077727088183,0.001156688271394933,0.012546821568658008
2018-02-26,-0.0002364734168352181,-0.0012035704194503782,0.0009670970026151617,0.051943561073229734
2018-02-27,0.0005562746052739942,0.0006008539225550204,-4.457931728102729e-05,-0.0377288361011282
2018-02-28,0.002949543542177272,0.0001164511973221205,0.0028330923448551537,0.12458968732295622
2018-03-01,-0.001968581140384664,0.00041554506505799655,-0.002384126205442661,-0.16274616015819776
2018-03-02,0.0058677833244703504,0.002827048824586095,0.003040734499884257,-0.13799855981459905
2018-03-05,-0.01131683749065057,-0.004726981213808171,-0.006589856276842401,0.20550092839283104
2018-03-06,-0.01097323722629107,-0.0028294869281747844,-0.008143750298116283,0.1439784428089063
2018-03-07,0.012335045643162667,0.005727127087453836,0.006607918555708829,0.17019346346971875
2018-03-08,0.009345188481647601,0.004121554573750772,0.0052236339078968255,0.1411185476146431
2018-03-09,0.01147627222958382,0.0036345365952012544,0.007841735634382566,-0.02117996710210678
2018-03-12,0.009024832587361356,0.002006046185435751,0.007018786401925603,-0.01767242596781699
2018-03-13,-0.001307174751999682,-0.0005810832855307653,-0.0007260914664689137,-0.006735142007881139
2018-03-14,-0.0007582998058374324,0.0006729186171253732,-0.0014312184229628017,0.1810415117024622
2018-03-15,-0.0003711658854648529,0.0005939304419058117,-0.0009650963273706622,-0.02406370862380929
2018-03-16,0.00817079200927057,0.0039876166086739145,0.004183175400596656,0.2278587802377822
2018-03-19,-0.0014595263573786105,0.0007763687891931704,-0.0022358951465717807,0.032959979232469176
2018-03-20,0.012877419257524853,0.0066003030377332255,0.006277116219791629,-0.00025909193998364813
2018-03-21,0.0018143164990111493,-0.00032793803172337897,0.002142254530734527,0.10005754441863607
2018-03-22,-1.2446550970755072e-05,-0.00010246001184001548,9.001346086926106e-05,0.05276029698907279
2018-03-23,0.004452905609555452,0.0022627599586055418,0.0021901456509499095,0.0646057283734034
2018-03-26,0.0022911311157504384,0.00209748975056432,0.00019364136518611706,0.1191778445933846
2018-03-27,0.003065592905295419,0.002841575980322572,0.0002240169249728488,0.08011868324472785
2018-03-28,0.007151331145952455,0.003411038138108618,0.003740293007843837,-0.010866923593664719
2018-03-29,0.005180750856507383,0.0022411953384508534,0.002939555518056529,0.020699930062323225
2018-03-30,-0.0005923926206419412,-0.0001587279135011779,-0.00043366470714076375,-0.011285137143514798
2018-04-02,0.0009732944888551729,0.0005151872447650926,0.0004581072440900816,-0.04321605535868108
2018-04-03,-0.0005761698236836418,-0.0006184138888564632,4.224406517282101e-05,0.05092699243293113
2018-04-04,-0.0021048034569245383,-0.0010993475439801843,-0.001005455912944351,-0.01544039823695117
2018-04-05,0.0025912568303225973,0.0010466436463986602,0.0015446131839239353,-0.02204660819988964
2018-04-06,-0.0008589699718564916,0.0005239310027621152,-0.001382900974618608,-0.13434316936061375
2018-04-09,-0.0012269785630772637,0.0011262214355817583,-0.0023531999986590203,0.11944916567712699
2018-04-10,-0.008647793979965769,-0.0011268445042685576,-0.0075209494756972115,0.06798078231783718
2018-04-11,0.008292080037640613,0.003135211567905729,0.005156868469734882,-0.12156641882550745
2018-04-12,0.0044298949208630665,0.0014524861993718066,0.00297740872149126,0.11690671604399
2018-04-13,-0.007075714406073638,-0.0017198295705086472,-0.0053558848355649905,0.23027948122149378
2018-04-16,0.006359305587019029,0.0026640340580295473,0.0036952715289894815,-0.1167646925265381
2018-04-17,0.013930145406681853,0.004764475390604796,0.009165670016077064,-0.03731633899110299
2018-04-18,-0.007347287273017791,-0.003024101574531684,-0.004323185698486109,0.1955424246310075
2018-04-19,-0.0019241710145192572,-0.0007545174692751393,-0.0011696535452441169,0.22219750729498217
2018-04-20,0.01097031455886615,0.0020005345837745842,0.008969779975091565,0.14663269407348245
2018-04-23,0.01257361792668993,0.004558414851982846,0.008015203074707083,-0.010236523618325232
2018-04-24,0.00805693260443853,0.0030539598829607585,0.005002972721477772,-0.026922378433626437
2018-04-25,-0.0004493198139902282,-0.0002018995168991955,-0.00024742029709103053,0.1459352083753558
2018-04-26,-0.001284141264495574,0.0006469950511890244,-0.0019311363156845982,0.1385097694843838
2018-04-27,0.008122427524223413,0.001959427667136698,0.006162999857086715,0.0038947102510481332
2018-04-30,0.007536517878475463,0.003082889291879335,0.004453628586596127,-0.013258778322010289
2018-05-01,0.0002002186536066158,-0.0009781862959232451,0.001178404949529861,-0.07561965231918619
2018-05-02,-0.0007260659771385568,0.0005913775566232689,-0.0013174435337618261,0.15207835420288776
2018-05-03,-0.003523421678706099,-0.0011951054524667395,-0.0023283162262393593,0.010822522109828666
2018-05-04,0.006599384715501323,0.0027910291549935688,0.0038083555605077546,0.049571309502504116
2018-05-07,0.00045902220120128443,-0.00024785232680808386,0.0007068745280093703,0.03281728482023583
2018-05-08,0.0025372996794103785,-0.0003786199767827729,0.002915919656193155,0.19951150331353226
2018-05-09,0.0018254984293545155,0.0019072683875426728,-8.17699581881577e-05,0.01045887164140744
2018-05-10,0.009055313041850675,0.0032757843843355247,0.005779528657515148,0.024132892278494005
2018-05-11,0.0004502084390714745,0.0012656811886210522,-0.0008154727495495763,0.0733050623717318
2018-05-14,0.000997189660264517,0.0006078156838702324,0.000389373976394285,-0.04365520664442015
2018-05-15,0.003232230517889022,0.0011085384037427285,0.002123692114146294,-0.18583028808035876
2018-05-16,-0.0020575728813916174,4.4965359711468186e-05,-0.0021025382411030847,0.13438334591783233
2018-05-17,-0.010245940487803199,-0.002789514857201419,-0.007456425630601781,0.0016232810967305065
2018-05-18,0.007146029709034593,0.0028628511353313794,0.004283178573703214,0.14776199689053182
2018-05-21,8.712472772730165e-05,0.00045937437220236466,-0.0003722496444750617,-0.14362938179819873
2018-05-22,0.007585987720165921,0.0019042244106804403,0.005681763309485479,0.23609670940608712
2018-05-23,-0.008487457711938576,-0.0020271095125949296,-0.006460348199343647,0.035518800933276945
2018-05-24,0.01601986967157816,0.005018103714388519,0.011001765957189645,-0.11597789854771508
2018-05-25,0.0018600975572537642,0.0007661898598104282,0.0010939076974433339,0.05227231883720707
2018-05-28,-0.006240130741685125,-0.0027025340983706132,-0.0035375966433145133,-0.012752133724610449
2018-05-29,0.0026034280313263465,0.0022032929749244124,0.0004001350564019333,-0.12237943345139471
2018-05-30,-0.0006698653009372652,0.0009126971745396614,-0.0015825624754769257,0.048064071964672474
2018-05-31,-0.006442772446389132,-0.0025961602022919407,-0.0038466122440971905,-0.019957836166281474
2018-06-01,0.002780378734086313,0.0010506672417836677,0.001729711492302645,0.12588621050099943
2018-06-04,-0.0010846459929554416,0.0004930340548479403,-0.0015776800478033816,0.12779588481034324
2018-06-05,0.006457475778542963,0.0004203625061165745,0.006037113272426387,-0.05865506539717989
2018-06-06,0.006543033860197003,0.002602405642975222,0.003940628217221781,0.2945562776172674
2018-06-07,-0.003178788643079659,-0.0016180830522004447,-0.0015607055908792144,0.08110652734271447
2018-06-08,0.016213044676115493,0.00403514815090968,0.01217789652520581,0.055495922504650325
2018-06-11,0.00405939470665399,0.0020541082740862414,0.002005286432567749,-0.11782090415353613
2018-06-12,0.00270195624033291,0.0018975573796076207,0.0008043988607252892,0.04202058368906553
2018-06-13,-0.0062208556250936495,-0.002944936693913889,-0.0032759189311797597,0.0914902024667013
2018-06-14,0.00212931202153781,-0.0007295252877691383,0.0028588373093069493,0.041587844251683825
2018-06-15,0.005683257387707256,0.000804155492010762,0.0048791018956964955,0.016718401112737032
2018-06-18,0.0024604008080943095,-0.00015321322400474978,0.0026136140320990597,0.15624974514510878
2018-06-19,0.0011177551967362382,0.00047863052010900173,0.0006391246766272347,-0.09968524686118417
2018-06-20,0.010010317945261499,0.0024201844632949342,0.0075901334819665645,0.08827386275019515
2018-06-21,-0.007613209358785036,-0.0044432853733596366,-0.003169923985425399,-0.015947532155776985
2018-06-22,0.004585128393480196,0.0019049469680929298,0.0026801814253872708,0.15973137974626953
2018-06-25,-0.0007775382100012685,0.0015602583634029658,-0.0023377965734042334,0.04643462937234046
2018-06-26,0.007340447277350982,0.0033752850246569314,0.003965162252694049,0.051742183696154825
2018-06-27,0.002140909993834258,0.00048082351600462966,0.0016600864778296281,0.1116173219738076
2018-06-28,0.0023966074442304253,0.0017794927379942834,0.0006171147062361418,-0.17590280890394996
2018-06-29,0.005933635772868364,0.0028975849164671217,0.0030360508564012435,0.0874925730815101
2018-07-02,-0.007777933200464304,-0.002564851336776204,-0.005213081863688095,0.06539644891136873
2018-07-03,0.005408511027010552,0.003911213539465056,0.001497297487545496,-0.013061183961477619
2018-07-04,0.0037727386710041224,0.0023082909155651738,0.0014644477554389482,-0.09099297669434654
2018-07-05,-0.0007503404127408419,-0.0003405227939822903,-0.0004098176187585516,-0.08796542503661729
2018-07-06,-0.005494187365655885,-0.0022826393703386065,-0.003211547995317282,0.1840122626487273
2018-07-09,-0.004675684291769684,-0.0016822761535665379,-0.0029934081382031463,0.10108674576315364
2018-07-10,0.01500482356964725,0.005668534534918124,0.009336289034729127,0.18571732107537686
2018-07-11,0.007543816834815807,0.001945501871943762,0.005598314962872044,-0.0740265581984001
2018-07-12,0.013339439944390581,0.0033925948104740504,0.009946845133916532,-0.24394432571594304
2018-07-13,-0.004071453212683232,0.0005046887238918064,-0.004576141936575038,-0.25217550811245193
2018-07-16,-0.015787056392052686,-0.005154684525054114,-0.010632371866998568,-0.1349083055033798
2018-07-17,-0.018383668230317982,-0.008317260178526145,-0.010066408051791844,-0.1054040300591315
2018-07-18,-0.009953031034435237,-0.002743524273672162,-0.0072095067607630715,0.017107460954749364
2018-07-19,-0.008730135672683444,-0.003421560550875209,-0.005308575121808233,0.02084809710101081
2018-07-20,0.0018043157134761765,-0.0008624327292527795,0.0026667484427289473,-0.151730999986582
2018-07-23,0.0014775857166306177,-0.003568258533137393,0.005045844249768006,0.2918585771291363
2018-07-24,-0.010944169539293742,-0.0028735722827900254,-0.008070597256503716,0.34464949269413864
2018-07-25,0.025568068186931435,0.010332981971833133,0.015235086215098306,0.13837227184116774
2018-07-26,0.028584690173877034,0.01166314801973884,0.016921542154138196,0.17283323401662415
2018-07-27,0.00895303911779503,0.0039441163535122795,0.005008922764282751,-0.040653586835740385
2018-07-30,0.011032057905181844,0.005150406195211531,0.005881651709970313,-0.004974218958441532
2018-07-31,-0.00261406143353586,-0.0010003359855602911,-0.0016137254479755697,-0.1418810698396856
2018-08-01,-0.0003294829389403602,-0.0003337680026331307,4.28506369277114e-06,0.0924462329911196
2018-08-02,-0.008496178071388787,-0.0035544597923869263,-0.004941718279001863,0.06932173877654643
2018-08-03,0.006620489404662683,0.0028952073498129238,0.003725282054849759,0.1130291716488566
2018-08-06,0.005460165812360148,0.002128540383694811,0.003331625428665338,0.023272935226323486
2018-08-07,0.008163091170410891,0.005070069648782573,0.0030930215216283218,0.1910618277924446
2018-08-08,0.0017232956968010961,-0.0008815520750796463,0.002604847771880742,0.04617178399221365
2018-08-09,0.013696110169531032,0.005427030567036806,0.008269079602494227,-0.045753435868920535
2018-08-10,0.00265668421343311,0.0004531864556608957,0.0022034977577722117,-0.03675605529140143
2018-08-13,-0.0026173705563394185,0.0002756702128978439,-0.0028930407692372637,0.01638823927886718
2018-08-14,-0.0025241264071088113,-0.0009765942201182282,-0.0015475321869905835,-0.03850988122343853
2018-08-15,0.0011000515402524375,-0.00045885070758020993,0.001558902247832646,-0.11841430609087594
2018-08-16,-0.0025938659443352336,-0.0009767935758116623,-0.00161707236852357,0.08627703257079415
2018-08-17,-0.010554786042965947,-0.0032929674720015966,-0.00726181857096435,0.09677813615794903
2018-08-20,0.006222023404115609,0.002826945486539897,0.0033950779175757114,0.14811325756603988
2018-08-21,0.007046170675902607,0.0019758688649516055,0.005070301810951002,0.08437187211403277
2018-08-22,0.010908995399045792,0.004608263997916938,0.006300731401128853,0.04723257588198205
2018-08-23,0.00584461062293579,0.0017842455615013032,0.004060365061434487,-0.05067338715157503
2018-08-24,0.0030373307293563565,0.00159201706323957,0.001445313666116786,0.01182681528801091
2018-08-27,-0.0031660777318756076,-0.0004336375260611258,-0.0027324402058144792,-0.050945596234135526
2018-08-28,0.0007692427392574422,0.0022353535524500742,-0.001466110813192631,-0.016096909971976454
2018-08-29,-0.003512064522071293,-0.002312036582236046,-0.0012000279398352454,0.010125764881076381
2018-08-30,-0.0010096566353838261,-0.0012530500035557854,0.00024339336817195967,0.08824506766307474
2018-08-31,0.0007398673586055067,0.002776260660008698,-0.00203639330140319,-0.04623970271573362
2018-09-03,0.006946703325272919,0.0030407635859552237,0.003905939739317698,0.15141298274436898
2018-09-04,-0.0030893368455784127,-0.0008710259913338007,-0.00221831085424461,0.0898129623556921
2018-09-05,0.010388834284172248,0.004512305214333608,0.00587652906983864,0.14877667556629137
2018-09-06,0.007532046385363637,0.002914873383248622,0.0046171730021150135,0.1603360188140277
2018-09-07,0.014084059387985506,0.002454731176536426,0.011629328211449082,0.10327986655215256
2018-09-10,0.012637626327359907,0.0051158173327594016,0.0075218089946005075,0.1459583974802286
2018-09-11,0.008070254143753387,0.0029286365353336646,0.0051416176084197185,0.21649430400082328
2018-09-12,0.010802634541767147,0.005450426637321988,0.005352207904445162,0.11810553146269659
2018-09-13,0.01478236665852617,0.006029790536872157,0.008752576121654011,-0.18131847763167988
2018-09-14,0.007191965253443851,0.0021974672666209612,0.0049944979868228895,0.0024761888386213905
2018-09-17,-0.009044126496246894,-0.002407960843438965,-0.006636165652807932,-0.07184660419175572
2018-09-18,0.00015663097671779567,-0.0003761714377081629,0.0005328024144259595,-0.12687366027073865
2018-09-19,-0.003923874599199866,-0.00044812462175673664,-0.0034757499774431297,0.11740530747098123
2018-09-20,-0.006339145364000541,-0.0005708325673800738,-0.005768312796620469,-0.18735021382076916
2018-09-21,0.007089762226505162,0.0028315201292685808,0.0042582420972365805,0.054903726012397805
2018-09-24,-0.013665800472038973,-0.006681602162468395,-0.0069841983095705745,0.07430906697389188
2018-09-25,0.004603339894651785,-0.001425507724701866,0.006028847619353649,-0.05781068244680131
2018-09-26,0.004297643379621078,0.0022160372190595176,0.002081606160561557,0.07518814985865879
2018-09-27,-0.0034620004129175454,-0.0012094503169569728,-0.0022525500959605744,0.3308023859427335
2018-09-28,0.005004922682754788,0.0021045412421613063,0.002900381440593479,-0.125895658702673
2018-10-01,0.02235842338260169,0.00813097818934713,0.014227445193254562,0.0033389221005852604
2018-10-02,-0.006684070331835684,-0.0015117282018413392,-0.005172342129994338,-0.11835968521764427
2018-10-03,0.00016795023543321984,0.0019087292751059394,-0.0017407790396727196,0.0646770134091735
2018-10-04,-0.006159720445768433,-0.001079763861381794,-0.005079956584386639,-0.008200930253410205
2018-10-05,0.003985725397963769,0.0016248170430775422,0.0023609083548862264,-0.00591332470501869
2018-10-08,-0.0004702049882649638,-0.0009192059425697146,0.00044900095430475194,0.1576503011951149
2018-10-09,-0.0004016699014458224,-0.0002590195958798898,-0.0001426503055659313,-0.018182941028835352
2018-10-10,0.009497245771930047,0.002870861429811848,0.006626384342118201,0.14676097461059504
2018-10-11,-0.0010771018640969138,-0.0013068584547930265,0.00022975659069611237,-0.0935837685989456
2018-10-12,0.009435547922156059,0.004093955170669402,0.005341592751486653,-0.05196120745202667
2018-10-15,-0.005736437059106132,-0.0014029510747688365,-0.004333485984337297,-0.14437088907298484
2018-10-16,-0.0023863936610212548,0.00025374860023329865,-0.002640142261254551,0.1586548899687664
2018-10-17,-0.007375597982365352,-0.0029992734885931835,-0.004376324493772169,0.0767622361295557
2018-10-18,0.008698535088274435,0.004254404977614851,0.004444130110659582,0.05818399491510736
2018-10-19,0.004350574181051381,0.00027608387394825393,0.004074490307103128,0.0431615411288115
2018-10-22,0.0032845683652629725,0.0020122334438906755,0.0012723349213722974,0.04361414295098218
2018-10-23,0.00223081975939429,-0.0003355601230355445,0.002566379882429834,0.17184270155342218
2018-10-24,0.002105814882128462,0.0012711633137981269,0.0008346515683303347,0.05215858453479908
2018-10-25,0.008484495024974125,0.0026766182321712323,0.0058078767928028945,0.04942250615660008
2018-10-26,0.0026192599649768724,0.002117189318336831,0.0005020706466400439,-0.04358812397988072
2018-10-29,0.002719351533453396,0.0027824930520719956,-6.314151861859952e-05,0.12650431324502417
2018-10-30,-0.002423094661090798,-0.0015100217569369006,-0.0009130729041538933,-0.05892195242510165
2018-10-31,0.007220752331156082,0.0025239865794887788,0.0046967657516673025,0.08695126933584806
2018-11-01,-0.0031163776855819645,-0.001295765136802812,-0.0018206125487791507,-0.0772268032923248
2018-11-02,0.004737017018506233,0.0019340086081873764,0.0028030084103188527,0.12490570857969291
2018-11-05,-0.00393644601551649,-0.0018818240969039508,-0.002054621918612543,0.047749352860075575
2018-11-06,0.006699519045397943,0.0009248640910504344,0.0057746549543475105,0.11081306005687122
2018-11-07,0.002505935107878339,0.0007619698566084347,0.0017439652512699043,0.00010175852226741833
2018-11-08,0.005704209380057567,0.0021005027044312717,0.0036037066756262953,-0.02130570118427807
2018-11-09,5.197776694309641e-06,-0.0005907715233720544,0.0005959693000663641,-0.026408533845083095
2018-11-12,-0.0012536456008592888,-0.0010006902098138315,-0.00025295539104545905,0.06726540296700101
2018-11-13,-0.0014647320559274034,-0.0008662922331642486,-0.0005984398227631546,0.04998724915035575
2018-11-14,0.003216302203313484,0.00028796052364192526,0.0029283416796715596,0.1095641832859035
2018-11-15,0.002393841534399021,0.0014517864504122024,0.000942055083986819,-0.07870256093286644
2018-11-16,0.005681635780689457,0.001384626530797442,0.004297009249892015,0.10584033117804531
2018-11-19,-0.004735129295326667,-0.00012911950356249598,-0.004606009791764171,-0.055521097979162
2018-11-20,0.005028137551028992,0.002084230270654533,0.002943907280374459,0.005246506805510328
2018-11-21,-0.0026412201872996126,-0.0009236537481440929,-0.00171756643915552,0.010078940545712935
2018-11-22,0.00025305605685827773,0.000429146714572632,-0.000176090657714352,-0.00025973400460412043
2018-11-23,0.00043186360134182507,-0.0006385258214027627,0.0010703894227445869,-0.05416865394258898
2018-11-26,-1.6051904205754866e-05,-0.0007576661244026728,0.0007416142201969178,0.021343937763716025
2018-11-27,-0.0023520878179890503,1.759609079583606e-05,-0.0023696839087848903,-0.02705302243260625
2018-11-28,0.0008860519780775378,0.0007190842564906604,0.00016696772158687583,0.00776426843632645
2018-11-29,-0.0012276046543663057,0.0003353555501130964,-0.0015629602044794017,-0.1280917037442931
2018-11-30,0.0003466608994695209,-0.0006908204426866704,0.0010374813421561914,0.2130614528834895
2018-12-03,-0.00609193435406136,-0.0013598413704265931,-0.004732092983634767,-0.08815359111443687
2018-12-04,0.008945292532897399,0.0031407445443498066,0.00580454798854759,-0.09978934951847424
2018-12-05,-0.003939598953889641,-0.0018690983530055653,-0.0020705006008840763,-0.06839769706427011
2018-12-06,-0.004442443625125501,-0.0019020373870656726,-0.0025404062380598286,0.010190434452480223
2018-12-07,-0.003576232449486782,-0.0023900995095896653,-0.0011861329398971145,-0.2752129370836967
2018-12-10,0.000536211719452488,0.0014551442082905968,-0.0009189324888381114,0.16790573227593203
2018-12-11,-0.018307623809776546,-0.007141371534694459,-0.01116625227508209,0.019964921697895092
2018-12-12,0.010265717325219637,0.004380494607082527,0.005885222718137111,0.029141603621565107
2018-12-13,0.0010597103910997287,0.0005294279445652115,0.0005302824465345177,-0.10027600536850843
2018-12-14,0.0014679773472275532,0.0015908209529846753,-0.00012284360575712423,-0.1272932229161929
2018-12-17,-0.005210189775951413,-0.002481021679159052,-0.002729168096792363,0.06025271621128053
2018-12-18,-0.006161340875999968,-0.0014112975888818814,-0.004750043287118088,-0.13140904400061879
2018-12-19,0.0031081770397937843,-8.874008232875874e-05,0.0031969171221225426,-0.038243757714263436
2018-12-20,-0.0060923004148074784,-0.0028649735520935964,-0.003227326862713883,0.034274393404612545
2018-12-21,-0.0018321425338630119,-0.001197522686142002,-0.0006346198477210109,0.09715537810985343
2018-12-24,0.0018081499227116551,-0.0003896844198496008,0.0021978343425612494,0.07131752463374647
2018-12-25,0.005012893030651504,0.0022696833267532514,0.0027432097038982534,0.019727291987667993
2018-12-26,0.003955239790111963,0.0013713899138645931,0.00258384987624737,0.05690726564072953
2018-12-27,0.0010180972848275985,-0.00017492214215366134,0.0011930194269812603,-0.12593978867323535
2018-12-28,0.003410245200588447,0.0018563702432107582,0.0015538749573776895,0.07986744387921436
2018-12-31,-0.007853191301462059,-0.002172820035790118,-0.00568037126567194,0.21430276491507183
2019-01-01,0.004167116039173593,0.002534842381091893,0.0016322736580817003,-0.10674896470480148
2019-01-02,0.013931345444005594,0.005534366948110756,0.008396978495894837,0.1300511221898027
2019-01-03,-0.005833836061959131,-0.0015755957086466474,-0.004258240353312483,-0.18822663817132687
2019-01-04,0.008180094071849251,0.0018061187054598561,0.006373975366389395,-0.07926503012982078
2019-01-07,-0.010453075167261813,-0.005110409244791062,-0.0053426659224707455,-0.0017948866832391793
2019-01-08,-0.0038828180529976693,-0.0017314505091703567,-0.0021513675438273117,-0.024150609827164743
2019-01-09,-9.756897961855091e-05,0.00021513156621576907,-0.0003127005458343213,-0.03475933059576426
2019-01-10,-0.0012549799307622973,-0.0005169986809839197,-0.0007379812497783789,-0.20196633770325714
2019-01-11,-0.001999860368855371,-0.0024772880273607606,0.00047742765850538986,0.07686362970899031
2019-01-14,-0.011682636127110499,-0.005788430238944899,-0.0058942058881656,0.18722926637050658
2019-01-15,0.004748991088972336,0.0014800303590943248,0.003268960729878011,0.03484622052811654
2019-01-16,0.010484907020707476,0.0035208011409184406,0.006964105879789036,-0.1095831056385299
2019-01-17,0.0015943094728874563,0.00021873113301559832,0.0013755783398718578,0.11376261372033364
2019-01-18,-0.0055534248299248246,-0.0022571880856636474,-0.003296236744261177,0.1093580936162912
2019-01-21,0.005693283982896964,0.0032070623943352035,0.0024862215885617586,-0.2045689523168433
2019-01-22,0.005416699966666263,0.0017974719109882021,0.00361922805567806,0.17202524341094605
2019-01-23,-0.010407883710289239,-0.004147789681737774,-0.006260094028551466,-0.1250825615514577
2019-01-24,0.00904217544370306,0.0037164890146923375,0.005325686429010721,-0.11873565207375837
2019-01-25,-0.007080747817299057,-0.00163252276680571,-0.0054482250504933475,0.11267152606291418
2019-01-28,-0.00676629863416807,-0.001572639308454385,-0.005193659325713687,0.31759559323708775
2019-01-29,0.006956441869556916,0.002910867203858008,0.004045574665698912,-0.046145863880329846
2019-01-30,0.022684033782158813,0.007126714160870996,0.01555731962128782,0.25528904675734576
2019-01-31,-0.002645207575511498,-0.0023841449526437984,-0.00026106262286769953,0.12283383599640145
2019-02-01,0.013056773924160757,0.005216995179748432,0.007839778744412329,0.08441940217206448
2019-02-04,0.007534510729348939,0.002966973424964848,0.004567537304384091,-0.11881563710588193
2019-02-05,0.004237027422125296,0.002299743818052199,0.0019372836040730968,0.06132598646993104
2019-02-06,-0.005869941852220721,-0.0017131182792214893,-0.004156823572999234,0.001251010738710487
2019-02-07,0.003157712915843423,0.0009228795649398604,0.002234833350903562,0.060435397068502074
2019-02-08,6.263603169263032e-05,0.0010112678022654656,-0.0009486317705728331,-0.01494889515364581
2019-02-11,0.004189095607612215,0.0005523483067249035,0.003636747300887311,-0.0026823730898039018
2019-02-12,-0.0008391430831202096,-0.0009731979977820986,0.0001340549146618894,-0.016563767078409296
2019-02-13,-0.00013098585062362093,-0.00036223191326256493,0.000231246062638944,0.23138991713790685
2019-02-14,-0.0009284952523962832,0.00030058934147165,-0.001229084593867934,-0.12132458010080809
2019-02-15,0.015191004654926519,0.005179208407402151,0.010011796247524367,0.12398950753182424
2019-02-18,-0.0062666642869905744,-0.0018582207713784844,-0.004408443515612089,0.0011541348081108855
2019-02-19,0.005727807582859848,0.0020914452297379083,0.0036363623531219403,0.014247917202174143
2019-02-20,5.797698389254334e-05,-0.0006744110650097623,0.0007323880489023052,-0.02545148076281551
2019-02-21,0.0007121065172048481,-8.401902849552046e-05,0.0007961255457003694,-0.12441019341092793
2019-02-22,-0.001866125665446505,-0.00024253210060178748,-0.0016235935648447192,-0.04620462183014918
2019-02-25,-0.008018077531696675,-0.001246832046690351,-0.006771245485006325,0.151002404248172
2019-02-26,-0.00323524329454136,-0.0017251329880067483,-0.0015101103065346122,-0.02214202741055763
2019-02-27,0.00943295287245591,0.0019450044335376816,0.007487948438918229,-0.09441524570350396
2019-02-28,-0.0010769334401148326,0.00017107740411656525,-0.0012480108442313974,0.015091132688500148
2019-03-01,-0.004913446374047028,-0.0028438795029920244,-0.0020695668710550043,0.11388349551935537
2019-03-04,0.0007655426159412012,0.0012541748614773257,-0.0004886322455361248,-0.18847806695292849
2019-03-05,0.006033344547718844,0.0013400105005412256,0.00469333404717762,0.17116511798227962
2019-03-06,-0.008904513854608997,-0.004135222583907926,-0.004769291270701069,-0.06427066052044837
2019-03-07,0.008602535957646876,0.0015984717819819373,0.00700406417566494,0.0035733221595121785
2019-03-08,-0.003357146975178967,-0.0013196592283524523,-0.0020374877468265114,-0.011529443476858274
2019-03-11,0.0001656535556335603,0.00010281924544869097,6.2834310184869e-05,-0.07720473550709363
2019-03-12,-0.0005602298229924723,-0.0005007242012134367,-5.950562177903587e-05,0.12897542623565852
2019-03-13,-0.0037757298335986044,-0.001092975987110065,-0.0026827538464885385,-0.054121810858921954
2019-03-14,0.007023395107134624,0.0018425161855902643,0.0051808789215443615,-0.03885786989070127
2019-03-15,-0.002540396137436386,-0.0004938460491010254,-0.002046550088335361,-0.05981544612850037
2019-03-18,-0.001718616302209854,-0.0006428333602258966,-0.0010757829419839604,0.11641980371481225
2019-03-19,-0.002844086050867858,-0.0008500628713394992,-0.0019940231795283585,0.27917317092372146
2019-03-20,0.005206678624604761,0.0017878939485399617,0.0034187846760647994,0.33379280557111857
2019-03-21,0.016322996064743776,0.006765382012192045,0.00955761405255173,-0.08470552066774789
2019-03-22,0.0238306341805489,0.009716324561611825,0.01411430961893707,-0.12278402852015662
2019-03-25,-0.004031628875401146,-0.0005837138752176662,-0.00344791500018348,0.05683072603318934
2019-03-26,-0.005775997794897494,-0.002449980850229898,-0.003326016944667597,0.09352180639041432
2019-03-27,0.002392353819530606,0.0019896266991420095,0.0004027271203885974,-0.027026652507875556
2019-03-28,0.003922306749912771,0.0008732525588063919,0.003049054191106379,0.03389793609927742
2019-03-29,-0.001251329612108588,-0.00012539446021819756,-0.00112593515189039,0.021581064743881283
2019-04-01,0.0015706366381153572,0.0004225457217015387,0.0011480909164138181,-0.07696643263628433
2019-04-02,0.0009233872255884238,0.0004799781785311192,0.00044340904705730496,-0.0008970487216748622
2019-04-03,-0.0029971420060920023,-0.0003960202555874457,-0.0026011217505045557,-0.049553183606096625
2019-04-04,-3.889175755420317e-05,-8.133172363311396e-05,4.243996607891133e-05,-0.20749385292483322
2019-04-05,-0.0021510677394696565,-0.0005853454844901239,-0.0015657222549795326,0.09444890837441965
2019-04-08,-0.010054353864082995,-0.002794071161052721,-0.0072602827030302745,-0.15195062082658145
2019-04-09,0.004182508587638765,0.0010967345745619994,0.003085774013076765,0.05111741205745844
2019-04-10,-0.007383629187631033,-0.0024571515566396383,-0.004926477630991395,-0.21424021266889973
2019-04-11,0.00219470835211334,0.0015856315383063983,0.000609076813806942,0.08573990668885924
2019-04-12,-0.010077656075296999,-0.0035882216975063486,-0.006489434377790652,0.002523813911887968
2019-04-15,0.00431924176452179,0.0025779370310804427,0.0017413047334413467,0.15395328044827356
2019-04-16,0.00012267408798595177,0.000970657151093786,-0.0008479830631078336,0.1755951060874831
2019-04-17,0.008276012424593061,0.0014419457671449361,0.006834066657448126,0.2239987873006334
2019-04-18,0.009486083918934072,0.004398315787479088,0.0050877681314549835,-0.22040897238347004
2019-04-19,0.012532386287849908,0.005220457498067717,0.00731192878978219,-0.23058711676977806
2019-04-22,-0.011526427497353713,-0.005115259659244316,-0.006411167838109397,-0.01958712394770008
2019-04-23,-0.011425065623861483,-0.004272572719183727,-0.0071524929046777545,0.21157575543761775
2019-04-24,-0.0008917564174386163,-0.0013079701619157537,0.00041621374447713654,0.07102153255293493
2019-04-25,0.011733925521491575,0.004470860734416446,0.00726306478707513,0.10982310312276726
2019-04-26,0.003990236709443973,-6.085599027253873e-05,0.0040510926997165105,-0.15441919341299223
2019-04-29,0.005523762476640902,0.0028748812334667756,0.002648881243174128,0.059820224185426596
2019-04-30,-0.007860821941393412,-0.002543056390060562,-0.005317765551332853,-0.164072135603158
2019-05-01,0.00328729259576872,0.0008647772356736834,0.0024225153600950368,-0.06156923315455271
2019-05-02,-0.01026791730215914,-0.004564356836926227,-0.005703560465232911,-0.025802815116333762
2019-05-03,-0.0036833922878947043,-0.0017867127379044244,-0.0018966795499902808,0.12347739344839546
2019-05-06,-0.0017786886969016044,0.0001659989504975718,-0.0019446876473991747,0.16206234868269107
2019-05-07,0.0071969781159609185,0.0020123273760509174,0.005184650739910002,-0.1705393549741602
2019-05-08,0.009601259754437975,0.003957528082885723,0.005643731671552253,0.14592544542583194
2019-05-09,-0.008923995525078809,-0.00344153975023348,-0.0054824557748453275,-0.12001948147940907
2019-05-10,0.008387176397209302,0.004389815268310953,0.003997361128898347,-0.05464002638712638
2019-05-13,-0.006999862066344334,-0.0035181719378258704,-0.0034816901285184615,0.001947402842566397
2019-05-14,-0.0029910782249684656,-0.0009766029276643091,-0.002014475297304155,-0.11307207868759558
2019-05-15,0.00010587048241497796,-0.0013232968081075217,0.0014291672905224996,0.03221782985139449
2019-05-16,-0.007585668132347701,-0.0026159905679966717,-0.004969677564351028,-0.2070916951908072
2019-05-17,0.0023133135701550135,0.001192887693882469,0.0011204258762725454,0.05185550750933235
2019-05-20,-0.014295164655651175,-0.004559188472095764,-0.00973597618355541,-0.11589698957360073
2019-05-21,0.003707488794377308,0.0023030660173351397,0.0014044227770421691,-0.3531661007022878
2019-05-22,-0.010978430943835044,-0.006539852039314939,-0.00443857890452011,-0.08946172456912964
2019-05-23,-0.04406660523620402,-0.02185742439938887,-0.02220918083681515,-0.23629012539035102
2019-05-24,-0.0062369608295172185,-0.001231271496597977,-0.0050056893329192415,-0.03250330334944841
2019-05-27,-0.016776957983061846,-0.007072515320353637,-0.009704442662708212,0.24560364905875492
2019-05-28,-0.0028046717889766916,-0.0022271656701200945,-0.0005775061188565966,0.19248931378895554
2019-05-29,0.021058127432852552,0.008135442224690134,0.012922685208162416,-0.24162620571532176
2019-05-30,0.013724678753106173,0.005291250424102339,0.008433428329003834,0.06452705063938172
2019-05-31,-0.015617837362399072,-0.005456221638642875,-0.010161615723756196,-0.009919022607167958
2019-06-03,0.004438734414496287,2.6309996931563745e-06,0.004436103414803131,0.019770335248857993
2019-06-04,-0.0005980039146044895,-0.001402560456919267,0.0008045565423147772,-0.12098870332895496
2019-06-05,0.001162014646630714,-0.000154200139407229,0.0013162147860379392,0.2735024767702444
2019-06-06,-0.008384950667109972,-0.0016000030427536123,-0.006784947624356358,0.01096438398431971
2019-06-07,0.021564481284460202,0.00829975522081245,0.013264726063647748,-0.2068901557218002
2019-06-10,0.000635386259664996,0.0009940509864681986,-0.00035866472680320255,-0.3303570597317243
2019-06-11,-0.014692958500196302,-0.005268918505716933,-0.00942403999447937,-0.24582924432588873
2019-06-12,-0.02690809776258032,-0.013904095455564227,-0.013004002307016094,0.49458459945188055
2019-06-13,-0.022468453666097243,-0.011678731464796338,-0.010789722201300901,0.11255770426641672
2019-06-14,0.051183557864318455,0.021002324346001848,0.030181233518316607,0.35518080575591116
2019-06-17,0.009078382217761251,0.0016110915314469332,0.007467290686314319,-0.14727358254613382
2019-06-18,0.030444662340679628,0.016448900986460853,0.013995761354218775,-0.009250359722841456
2019-06-19,-0.01003564951008784,-0.008335863869193286,-0.001699785640894555,0.17044720514150133
2019-06-20,-0.0005828545599704158,-7.894567383761805e-05,-0.0005039088861327982,0.09777613440188461
2019-06-21,0.012540395756156423,0.003377332532697848,0.009163063223458575,0.08565057787426603
2019-06-24,0.006913093370978634,0.0025696538318111563,0.004343439539167479,0.1311572483973496
2019-06-25,0.0061307360664525235,0.003084713750499516,0.0030460223159530075,-0.1315741772326675
2019-06-26,0.012760211076629151,0.005918793602373882,0.006841417474255269,0.08922843779565015
2019-06-27,-0.010629989758483773,-0.004762543160427818,-0.005867446598055957,-0.012524035211909748
2019-06-28,0.006099540374577559,0.0021623722175026783,0.003937168157074882,-0.04258625538931739
2019-07-01,-0.0008460051376184418,-0.0008157506354580964,-3.0254502160344948e-05,0.125025708505245
2019-07-02,-0.003113945746696288,-0.0006524406868236091,-0.002461505059872679,0.007769509823018335
2019-07-03,0.010232397522705019,0.002531876851504654,0.0077005206712003615,0.13814202688740673
2019-07-04,0.0005557840721684385,0.0002763755431317077,0.0002794085290367312,-0.004576295226529063
2019-07-05,0.009041064176795306,0.004759593549055505,0.0042814706277398,0.07206024750808335
2019-07-08,-0.00030180545350507425,-0.000461327475355499,0.00015952202185042473,0.09255791920197445
2019-07-09,0.004532942238123646,6.078474366981619e-05,0.0044721574944538295,0.12268910014334375
2019-07-10,0.007492166748418426,0.0006872559304356499,0.006804910817982776,0.21157742310095953
2019-07-11,0.00805127856365091,0.0017831642002841923,0.006268114363366717,-0.01132388687639072
2019-07-12,0.011387966014353261,0.005668732876133096,0.005719233138220165,0.2099098812214886
2019-07-15,-0.0007450892684537336,-0.0006801066764721697,-6.498259198156435e-05,0.01751360167086842
2019-07-16,0.013169722666994146,0.0059381436713781075,0.0072315789956160365,-0.03511457425882489
2019-07-17,0.0014228373655180643,0.0010376155887990533,0.0003852217767190101,0.16653683740305442
2019-07-18,-0.0024656476001616804,-0.001928771963134104,-0.0005368756370275763,0.17969654406616956
2019-07-19,0.00972762192580903,0.0026415617956963818,0.00708606013011265,-0.10064417571267532
2019-07-22,0.011143156112789383,0.004088820161113265,0.007054335951676118,-0.09133926683623156
2019-07-23,-0.006263670884811192,-0.003040463696313083,-0.0032232071884981096,0.197542719320069
2019-07-24,-0.005161390394932288,-0.0005934834300575578,-0.004567906964874725,-0.021387783672478733
2019-07-25,0.012061141376465037,0.0053007711238000615,0.006760370252664978,0.002472320877833785
2019-07-26,-0.001447844029154596,-0.0008867696896521522,-0.0005610743395024435,0.0014201617483356303
2019-07-29,0.0001687299467882323,-0.00013057230169286754,0.0002993022484810981,0.00855458771334895
2019-07-30,9.657607332886394e-05,-0.00097412988324737,0.0010707059565762348,0.0039073147908894245
2019-07-31,0.00044294752909596015,0.0005563550341569808,-0.00011340750506102365,-0.005688784133278607
2019-08-01,0.00023058242404582526,-0.00011088580406328104,0.0003414682281091073,0.025286336654868007
2019-08-02,-0.0003491913415351723,-0.0011968119961251545,0.0008476206545899815,-0.20087656053179698
2019-08-05,0.0015953881012892171,-0.0012091847931802887,0.0028045728944695054,-0.03490865666529074
2019-08-06,-0.012191055435391297,-0.005288243603592188,-0.0069028118317991105,-0.04438499062247225
2019-08-07,-0.002099039697093294,-0.0004429723593195817,-0.0016560673377737129,0.006611092180894407
2019-08-08,-0.002698379853586014,-0.0018091640277551526,-0.0008892158258308625,0.14147378213258047
2019-08-09,0.0004391696915271994,0.0002135070714392633,0.00022566262008793646,0.06520698516385677
2019-08-12,0.009940782737604499,0.0023795724582489457,0.007561210279355551,-0.06030947022259586
2019-08-13,0.004636003520622217,0.000994355707983269,0.003641647812638948,0.12215089266550389
2019-08-14,-0.005023432990938877,-0.003721789034349939,-0.0013016439565889347,0.11800027239856568
2019-08-15,0.009218373230083225,0.003850346282334112,0.0053680269477491115,-0.1837397752850194
2019-08-16,0.008487325994860018,0.001585415997957907,0.006901909996902111,-0.05453339114147488
2019-08-19,-0.01056142935885106,-0.005364386909867715,-0.005197042448983346,-4.847350867799523e-05
2019-08-20,-0.0030304502740852246,-0.0009227170913033221,-0.0021077331827819025,-0.02014725080168349
2019-08-21,-2.641370413166669e-06,-0.0008912165688797682,0.0008885751984666033,-0.2188498243354907
2019-08-22,-0.001099340429625555,-0.0001343156709427088,-0.0009650247586828461,-0.0702024209625704
2019-08-23,-0.012073712693954106,-0.005197286029855502,-0.006876426664098606,-0.03205431254989376
2019-08-26,-0.004093235204241026,-0.0006726659429457105,-0.0034205692612953144,-0.10812053920035553
2019-08-27,-0.0018104460323002806,-0.0006834614190369039,-0.0011269846132633769,0.015386566840729645
2019-08-28,-0.006213762551617768,-0.000951077601531273,-0.005262684950086494,-0.23752856211970477
2019-08-29,0.0011833654143470979,0.000774218848786307,0.0004091465655607909,0.1334052343101755
2019-08-30,-0.014443591210589489,-0.0048935649934416054,-0.009550026217147883,0.1268873237495602
2019-09-02,0.008781865920828216,0.004255090815004227,0.004526775105823989,0.11986314515864249
2019-09-03,0.008480754565629084,0.004295540060085014,0.00418521450554407,0.053418859237489
2019-09-04,0.007376439221826271,0.0026737589459575415,0.004702680275868728,-0.18987676467782685
2019-09-05,0.0035308741022997293,0.0010836108310385317,0.002447263271261198,0.1079892079087712
2019-09-06,-0.010384972213171268,-0.0045142035012713175,-0.005870768711899947,0.05022138284300373
2019-09-09,0.007048878435563653,0.003920120945099075,0.003128757490464578,-0.1677836954014621
2019-09-10,0.003219990865117094,0.0009087664515516079,0.0023112244135654854,-0.08407377447535586
2019-09-11,-0.010460072110122894,-0.004185130523729901,-0.006274941586392994,0.19871508396750961
2019-09-12,-0.00469485147935515,-0.0019394829130301612,-0.0027553685663249915,0.019138602379695384
2019-09-13,0.012725256870964225,0.0046139047922485145,0.00811135207871571,0.03328242956922358
2019-09-16,0.0011120296505321159,0.0015333508271595173,-0.00042132117662740086,0.08921253441697043
2019-09-17,0.0020228190247898632,0.0008501260306696791,0.0011726929941201839,0.07763483774409623
2019-09-18,0.00524719567485771,0.0025255048640398566,0.0027216908108178535,-0.07352816313249673
2019-09-19,0.004889102321009677,0.0012310426358805716,0.0036580596851291053,-0.052343043318311785
2019-09-20,-0.0041308189320880566,-0.0013714683194458238,-0.002759350612642232,-0.06817340653156284
2019-09-23,-0.0030545536333602286,-0.000963107902058229,-0.0020914457313019985,-0.1229769027212824
2019-09-24,-0.0040468843905834715,-0.0019283559826590011,-0.0021185284079244704,-0.011599245985768575
2019-09-25,-0.00737520607266437,-0.0017617498466074954,-0.005613456226056875,-0.13500201884128343
2019-09-26,-0.0008059171675236556,-8.033492245899964e-05,-0.0007255822450646554,0.035542551306987684
2019-09-27,-0.0076756188974041436,-0.003450718064024817,-0.0042249008333793275,0.196392208081063
2019-09-30,0.002234477150142041,0.0013377003283947392,0.0008967768217473023,-0.052326056265201926
2019-10-01,0.012083227246121337,0.0029199462346558023,0.009163281011465534,-0.11591796661125076
2019-10-02,-0.0027366508977164873,-0.0004866456124681881,-0.002250005285248299,-0.19602680041790743
2019-10-03,-0.006761614836202556,-0.003346995187175561,-0.0034146196490269947,-0.030158920144085853
2019-10-04,-0.012430967793059916,-0.0041503857281566066,-0.00828058206490331,-0.08697828145398052
2019-10-07,-0.0017413731326480454,-0.0010633142336989487,-0.0006780588989490958,-0.1876148952206698
2019-10-08,-0.006068669387717301,-0.001617110581989099,-0.004451558805728201,0.08632485953876282
2019-10-09,-0.01032890667914624,-0.003763381813888085,-0.0065655248652581565,0.16267710242944705
2019-10-10,0.005496671953668466,0.0021076836109133173,0.0033889883427551492,0.1664214623169006
2019-10-11,0.010384465795532665,0.0037021506090202574,0.006682315186512406,0.0455505056949385
2019-10-14,0.01017729278016332,0.004202644969134613,0.005974647811028707,-0.17294091976352946
2019-10-15,0.0029246620386470263,0.0014809698614807187,0.0014436921771662989,-0.09395450012538129
2019-10-16,-0.012062321171822002,-0.004629423590545239,-0.007432897581276764,-0.051985490097668424
2019-10-17,-0.006515232848056017,-0.002701198649753215,-0.0038140341983027987,-0.05541509063454316
2019-10-18,-0.0035177128153444427,-0.0015352034767197875,-0.0019825093386246564,-0.14512171641047425
2019-10-21,-0.004753752928453417,-0.002264650305922657,-0.00248910262253076,0.07862016693226223
2019-10-22,-0.01020679331961078,-0.005594885550412515,-0.004611907769198266,0.1494225725836669
2019-10-23,0.007013945287653013,0.0031640834550813986,0.0038498618325716145,0.2623568565593223
2019-10-24,0.014047606476658732,0.007173701313854586,0.006873905162804145,-0.07340465633808002
2019-10-25,0.0196763169217911,0.008121440415562828,0.011554876506228273,-0.14965461618815123
2019-10-28,-0.005466921910253896,-0.0022372682690982725,-0.003229653641155625,0.05012934890584079
2019-10-29,-0.010693058288274458,-0.005146423801513651,-0.005546634486760807,-0.13505146424400263
2019-10-30,0.0037566346909996273,0.0030250044222467163,0.0007316302687529128,-0.13781687803659157
2019-10-31,-0.00832492530169193,-0.002842991277477634,-0.005481934024214297,0.18596098769554628
2019-11-01,-0.009422389928241645,-0.0027368325124613804,-0.006685557415780264,-0.03444815352541375
2019-11-04,0.015068466584802435,0.007147912573570045,0.007920554011232393,0.10796369760645938
2019-11-05,-0.0026836333218312235,-0.0018113139504606782,-0.0008723193713705452,-0.19074518781469688
2019-11-06,0.006778070983774536,0.002476687606431334,0.0043013833773432025,-0.07527328059772653
2019-11-07,-0.010894261169172408,-0.0030721441917634304,-0.007822116977408977,-0.07292203576820729
2019-11-08,-0.005402143255655255,-0.0024253373328055345,-0.00297680592284972,-0.053357046762152485
2019-11-11,-0.004683005090782397,-0.00011920582190134629,-0.004563799268881048,0.1661821917626625
2019-11-12,-0.0037346709714734636,-0.0017679186363177522,-0.001966752335155711,-0.2648093580371935
2019-11-13,0.012982432177471592,0.0040516307967491776,0.008930801380722414,-0.05764209122087239
2019-11-14,-0.01879198414503592,-0.00625488673432739,-0.012537097410708532,-0.10117102851071284
2019-11-15,-0.004209508599004083,-0.0016732735297299392,-0.002536235069274144,0.2646563207485994
2019-11-18,-0.007492290953074776,-0.0007986995367855586,-0.006693591416289215,0.08992385238550792
2019-11-19,0.02130153312693723,0.007324191370484401,0.013977341756452825,0.252218791871316
2019-11-20,0.006588209962975427,0.004601853446552742,0.0019863565164226875,0.12848855290321082
2019-11-21,0.01940530172108888,0.006126427647627226,0.013278874073461655,0.05219470155877641
2019-11-22,0.008580494802094012,0.004674158960683076,0.003906335841410937,-0.13826429623972872
2019-11-25,0.0030971846300437934,0.0003739532058015492,0.002723231424242245,0.02715293897580179
2019-11-26,-0.008418793573131342,-0.003744009074503462,-0.00467478449862788,0.17038940288521415
2019-11-27,0.0017467471871189235,0.0013255351882733336,0.00042121199884559077,0.18515152536102217
2019-11-28,0.01190669438840042,0.005322739853345592,0.00658395453505483,0.05574852828530317
2019-11-29,0.011533019835740146,0.005014902857533396,0.006518116978206747,-0.018590287675838
2019-12-02,0.0034514001409586678,0.00144340616204574,0.0020079939789129264,0.1335604714265572
2019-12-03,-0.0011811674745911265,-0.0011586347602695292,-2.253271432159712e-05,0.11198503873491808
2019-12-04,0.010557900017846672,0.002200627787444959,0.008357272230401712,-0.04420643508698091
2019-12-05,0.00817917110912668,0.0025067214242322014,0.005672449684894484,0.05050393721939128
2019-12-06,-0.002764075434097299,-0.0009798806298988716,-0.001784194804198426,-0.05364933161325687
2019-12-09,0.0032354874256692832,0.0029123881151468956,0.0003230993105223876,-0.10314620038819641
2019-12-10,-0.0032652467868740064,-0.0008874517622018954,-0.002377795024672112,-0.12239386732933359
2019-12-11,-0.005745877973372745,-0.0015313689575402328,-0.0042145090158325115,0.10733815727968819
2019-12-12,-0.008449512050281683,-0.004977711802665593,-0.003471800247616089,-0.02469073971441672
2019-12-13,0.0068394874988887775,0.0013559458843952037,0.005483541614493576,-0.018446769809254145
2019-12-16,-0.0015591591436032036,0.00034167851050452796,-0.0019008376541077316,-0.07237712451664384
2019-12-17,-0.0016330947306129769,0.0008203356573932667,-0.0024534303880062447,0.3159570966770178
2019-12-18,-0.005548708817858765,-0.00021918030438199468,-0.0053295285134767716,0.361537283759364
2019-12-19,0.028102351759631897,0.011196820922758116,0.01690553083687378,-0.10509126509492567
2019-12-20,0.03460847118741833,0.011590425008553711,0.023018046178864618,-0.3811770257499376
2019-12-23,-0.006460916451556283,-0.001310176935218921,-0.00515073951633736,0.11819702749161058
2019-12-24,-0.030947813836977756,-0.009389602425641647,-0.02155821141133611,0.013911359479691462
2019-12-25,0.00739646487061552,0.0020035705649863256,0.005392894305629194,0.036946965766478636
2019-12-26,0.0006521129516400543,0.00030352994285749203,0.00034858300878256275,0.09352788464785242
2019-12-27,0.002040448306034372,0.0005008477735515503,0.0015396005324828212,0.012315987555034573
2019-12-30,0.005444323976979203,0.0020575746095751954,0.003386749367404008,0.13173842272584557
2019-12-31,0.0006859268899267316,0.0003073664278357345,0.0003785604620909968,-0.033517548955087684
2020-01-01,0.00660307415763804,0.0020162254428431232,0.004586848714794919,0.2149779776827396
2020-01-02,-0.0018100102873618799,0.0005559930289378602,-0.002366003316299741,0.1949164293149887
2020-01-03,0.010708477625892932,0.004146979191889492,0.006561498434003436,0.10221633959991906
2020-01-06,0.009680865959121333,0.004744658769821005,0.004936207189300327,-0.03519352962670135
2020-01-07,0.00626040164750995,0.0011847002649527632,0.0050757013825571875,-0.04507285776352848
2020-01-08,-0.0019971440109328538,-0.0006087874112237091,-0.0013883565997091438,-0.16613561176126962
2020-01-09,-0.002210109947616821,-0.0017467684435643312,-0.0004633415040524902,-0.08267274950067927
2020-01-10,-0.010290920904230417,-0.002856756114885905,-0.007434164789344513,-0.13724424243170957
2020-01-13,-0.004707412163594774,-0.0016753923425133314,-0.0030320198210814497,-0.09712249947706501
2020-01-14,-0.007169393963326529,-0.004056569408653456,-0.0031128245546730732,0.10432795423273461
2020-01-15,-0.005390118275648418,-0.0023579600323594668,-0.00303215824328895,0.05345247545637239
2020-01-16,0.005923955870396911,0.0009606327538860589,0.00496332311651085,0.07683446657515541
2020-01-17,0.0027547554435136956,0.001091378381686501,0.0016633770618271946,-0.015609540366429453
2020-01-20,0.004238585357328312,0.0017967409827174211,0.0024418443746108912,0.023723778274749696
2020-01-21,-0.0008394654634502905,-0.001172288925691222,0.0003328234622409325,0.03699658562773186
2020-01-22,0.0012244715408291887,0.0001704498223438003,0.001054021718485388,0.20593508858226975
2020-01-23,0.0018421658173451766,-0.00012980368334300323,0.00197196950068818,-0.14006192853219512
2020-01-24,0.010523541968226108,0.0033109610575584193,0.0072125809106676885,-0.04041471986909713
2020-01-27,-0.00832946974677395,-0.0023296256610170463,-0.005999844085756903,-0.11265407356544425
2020-01-28,-0.002363866942364102,-0.0008750659103165928,-0.0014888010320475093,0.042542090728147415
2020-01-29,-0.007189724424676299,-0.0034466142474025513,-0.0037431101772737478,0.06323413179497456
2020-01-30,0.0025504445668933368,-0.0003505908919734092,0.002901035458866745,-0.23218981197046726
2020-01-31,0.00434209695865952,0.0018382549967137056,0.002503841961945818,0.14030062364070936
2020-02-03,-0.017270149454677072,-0.006204313542608463,-0.011065835912068613,-0.07579484873429976
2020-02-04,0.008029113664733807,0.0022750661180901653,0.005754047546643642,-0.09519254517744084
2020-02-05,-0.003899905734951561,-0.0014014766907845958,-0.002498429044166966,0.1070398971700322
2020-02-06,-0.005519348499608301,-0.0025539911111351135,-0.002965357388473186,-0.04729035012716839
2020-02-07,0.006473702360470028,0.001060541686637214,0.005413160673832818,0.13880843901428333
2020-02-10,-0.002729140648279572,-0.0017067586529164736,-0.0010223819953630968,0.1716734586515992
2020-02-11,0.008005559081710596,0.0030737423476519792,0.004931816734058616,-0.15464669191067737
2020-02-12,0.011065217627291676,0.004922019527270874,0.006143198100020801,0.01609561113825871
2020-02-13,-0.008724478407250574,-0.0023756099726784307,-0.006348868434572145,-0.10559417423770823
2020-02-14,0.0008936087304553114,0.000758510405292509,0.00013509832516280266,0.1098471445230767
2020-02-17,-0.006938954758660335,-0.003655479449271068,-0.003283475309389267,0.06958140839076257
2020-02-18,0.006380897730334966,0.0024255035706381538,0.003955394159696813,0.15299021099656435
2020-02-19,0.0038689727336897336,0.0007242796961451667,0.003144693037544567,-0.10631406081896481
2020-02-20,0.009185786377183225,0.00379602040261965,0.005389765974563577,-0.18747773975629756
2020-02-21,-0.005948758709741158,-0.0024033217852850713,-0.003545436924456087,0.007173402360012318
2020-02-24,-0.011314401214861075,-0.003068143823592728,-0.008246257391268347,0.19621818639602223
2020-02-25,0.0003891453312125557,-0.0008055383249191499,0.0011946836561317052,0.07743724175615022
2020-02-26,0.010935023062423313,0.00353908975910229,0.0073959333033210214,0.0814644549701851
2020-02-27,0.004217150084458068,0.0009850078126129183,0.00323214227184515,0.07583616978242286
2020-02-28,0.004136736426647145,0.00019305260149435566,0.003943683825152787,0.05689586351064115
2020-03-02,0.003932371335184561,0.0012698067911805714,0.0026625645440039904,0.08297212998107871
2020-03-03,0.002843862490558592,0.0005387724290810622,0.002305090061477529,0.21544047641476352
2020-03-04,0.004741429894453461,0.00037752625798920074,0.00436390363646426,-0.13462909339161785
2020-03-05,0.011870197547332801,0.004037386168461731,0.007832811378871068,-0.1000290761026047
2020-03-06,-0.00759719141349962,-0.002926604080733318,-0.0046705873327663,-0.062187223050973316
2020-03-09,-0.005664085146695606,-0.0018130395308040767,-0.0038510456158915296,-0.025675182942025695
2020-03-10,-0.0036636529749421256,-0.0005125577267763926,-0.003151095248165733,-0.0908413326729943
2020-03-11,-0.0015868419586738856,-0.0013828663701973415,-0.00020397558847654734,-0.05032124368169224
2020-03-12,-0.005351108016264114,-0.0016114500682556658,-0.0037396579480084477,-0.0723443913225999
2020-03-13,-0.0030744820702222043,-0.0016139316439384883,-0.001460550426283718,0.06771855780403302
2020-03-16,-0.004882132838862588,-0.001055886404436184,-0.003826246434426403,-0.17472310406453734
2020-03-17,0.004084023904215434,0.0008308560122334105,0.003253167891982024,0.08459568873334573
2020-03-18,-0.011441466577873354,-0.0034321579051210874,-0.008009308672752269,-0.02490901255323921
2020-03-19,0.005299930940613455,0.001305001179176422,0.003994929761437033,-0.2678078860837648
2020-03-20,-0.001577166793834186,-7.252179737303553e-05,-0.0015046449964611504,-0.09470459088186604
2020-03-23,-0.017017424427579753,-0.007319546782457718,-0.009697877645122031,-0.2876950813767348
2020-03-24,-0.00632656062982216,-0.002014348727351605,-0.004312211902470553,-0.11947508113646255
2020-03-25,-0.020130514649597614,-0.008727396808582063,-0.01140311784101555,-0.053409150315858134
2020-03-26,-0.009460396366454158,-0.005028645894891531,-0.004431750471562624,-0.28601766526237593
2020-03-27,-0.003902302215114345,-0.00035734968370064457,-0.0035449525314136983,0.46023044266687374
2020-03-30,-0.02156797909355028,-0.0073759613056972005,-0.014192017787853079,-0.2569665071110314
2020-03-31,0.04121945934902395,0.01398857493797655,0.027230884411047398,-0.03177132489144151
2020-04-01,-0.016347037765095454,-0.0058533006708555765,-0.010493737094239878,-0.30627571622749306
2020-04-02,-0.0019269385665533422,-0.0009383059045154213,-0.0009886326620379207,-0.030695656286306067
2020-04-03,-0.024416562029215265,-0.009210241183002559,-0.015206320846212703,-0.021961709522215853
2020-04-06,-0.00226489306214852,-0.002482519324602494,0.00021762626245397506,-0.4078840063867257
2020-04-07,-0.0016104326954483816,-0.0013330811701626304,-0.00027735152528574926,0.30886413230208715
2020-04-08,-0.032577640950817194,-0.014668579828443242,-0.017909061122373955,0.009435537523643933
2020-04-09,0.024068780647748922,0.00970503448666155,0.014363746161087373,-0.1791566941898
2020-04-10,0.0007280317421536711,-0.0024360967741114854,0.0031641285162651543,-0.12354072857426619
2020-04-13,-0.012764999756921643,-0.005358484421355437,-0.007406515335566206,0.3505606574905619
2020-04-14,-0.009435284738893143,-0.005253618250090304,-0.004181666488802837,0.27044842205699576
2020-04-15,0.029321387213118062,0.010716752145320212,0.018604635067797852,-0.1743512894115342
2020-04-16,0.019028502180187867,0.01073295129769616,0.008295550882491705,0.39988033907342646
2020-04-17,-0.012158284251224342,-0.0034427016160516813,-0.008715582635172657,-0.2614751138377495
2020-04-20,0.029655685172037847,0.013526328954672031,0.016129356217365817,-0.04783736303465924
2020-04-21,-0.018143566636668378,-0.005563344311759458,-0.012580222324908921,-0.16539723796079972
2020-04-22,-0.003188690227241205,-0.0012113436448451757,-0.0019773465823960286,-0.17978472974964685
2020-04-23,-0.012599729545490494,-0.003198712425561861,-0.009401017119928632,0.12820637999818815
2020-04-24,-0.014543837110053338,-0.0044689737008128515,-0.010074863409240487,0.008947533394103388
2020-04-27,0.010662226767256491,0.006110068543270515,0.004552158223985976,0.27067138974768123
2020-04-28,0.0006638342674190998,-0.0003304032735435636,0.0009942375409626647,-0.06537822061122432
2020-04-29,0.020246792505366804,0.00775293166843068,0.012493860836936122,-0.11965092393305751
2020-04-30,-0.005294050751987656,-0.002205087739496795,-0.0030889630124908626,-0.14282467466136375
2020-05-01,-0.011029048279210854,-0.0032226045764131004,-0.0078064437027977555,-0.14012708868934273
2020-05-04,-0.011055396301554981,-0.0025465651550931542,-0.008508831146461827,-0.05544669823120098
2020-05-05,-0.010853625877872359,-0.0034044543958467836,-0.007449171482025577,0.27181344116500844
2020-05-06,-0.004004930886200233,-0.001813066166354911,-0.002191864719845317,-0.1860485711146391
2020-05-07,0.021654625257159627,0.008653796462816755,0.013000828794342872,-0.05365505801587292
2020-05-08,-0.013411462625573776,-0.004932143200756463,-0.008479319424817312,0.0033652740293606555
2020-05-11,-0.0033871702330407435,-0.0006399060177919129,-0.002747264215248832,0.27568697030393335
2020-05-12,0.0002034256757751467,0.0005682451951283789,-0.0003648195193532329,0.3151727030238184
2020-05-13,0.02169505727128026,0.009081657099302812,0.01261340017197744,0.1520750397416462
2020-05-14,0.02345183914474149,0.009683736259850136,0.013768102884891352,-0.03916649441564992
2020-05-15,0.012421123427258592,0.006058949922221574,0.00636217350503702,0.11366218350581615
2020-05-18,-0.002619336595802973,-0.0008878913910448823,-0.0017314452047580914,0.05315694368685117
2020-05-19,0.007699857045760575,0.0020272957625504405,0.005672561283210134,0.1864556521051499
2020-05-20,0.0034537759171269057,0.0022950266989550236,0.0011587492181718822,-0.15684042889052277
2020-05-21,0.01222768060070592,0.004259720144460509,0.00796796045624541,0.07882341157700035
2020-05-22,-0.009794054189031499,-0.0023830910709693107,-0.0074109631180621915,-0.12504609743305
2020-05-25,0.00515611009990739,0.0012395505890780713,0.003916559510829316,-0.04975300476233338
2020-05-26,-0.007062743486594656,-0.0011381197204899125,-0.005924623766104744,0.25028439782932704
2020-05-27,-0.0033676777440831626,-0.0030116409217405982,-0.0003560368223425644,-0.12396365841237658
2020-05-28,0.017125538200563797,0.004426251933574635,0.012699286266989164,0.21982833942549984
2020-05-29,-0.008941910547385412,-0.003629461090479555,-0.005312449456905857,0.13868556688952327
2020-06-01,0.016875297930635767,0.0063880959428565115,0.010487201987779249,-0.18545317379422488
2020-06-02,0.00933602638049654,0.007036527223221702,0.0022994991572748372,-0.059971153854743754
2020-06-03,-0.011061853731813228,-0.004147913819940348,-0.006913939911872887,-0.12880769368682482
2020-06-04,-0.00385813662517357,-0.00031436952553699294,-0.0035437670996365765,-0.020853386673977892
2020-06-05,-0.00881079424828902,-0.00430951547889062,-0.004501278769398399,0.1945223887827899
2020-06-08,-0.001343224753353673,-0.0015754131139469052,0.00023218836059323011,0.028877426304213305
2020-06-09,0.012004953218326765,0.004761647516109765,0.007243305702217002,0.0847910576516027
2020-06-10,0.0018118664113769478,0.0027325175420477065,-0.0009206511306707596,-0.17768260852168505
2020-06-11,0.004726055195340727,0.002160773609166285,0.002565281586174443,0.2401767522774703
2020-06-12,-0.011250407852276354,-0.0041385979135907525,-0.007111809938685598,0.012628232366268892
2020-06-15,0.01807636990996426,0.004846270543556221,0.013230099366408038,0.17671957803139213
2020-06-16,0.0009007207737422654,0.00010901791788755881,0.0007917028558547066,-0.034747576856537475
2020-06-17,0.011876955205948583,0.0034114019231907084,0.008465553282757875,-0.025801455445901178
2020-06-18,-0.002093483689485014,0.001028286026645878,-0.0031217697161308906,0.08742303761567134
2020-06-19,-0.0016351492318504553,-0.0012133485892471076,-0.0004218006426033472,0.08726858020074561
2020-06-22,0.005594712950634181,0.000980075308912429,0.004614637641721752,0.017089981977504946
2020-06-23,0.005479364259548215,0.0032942441344065237,0.002185120125141691,0.09073383115826061
2020-06-24,0.0009958683568716993,0.0017390151044223362,-0.0007431467475506369,0.025016172358421802
2020-06-25,0.0054223818469345845,0.0022934223612887327,0.0031289594856458514,0.18605045775044668
2020-06-26,0.0014645931734269787,0.0014641949062536783,3.9826717329952133e-07,0.001062181772264961
2020-06-29,0.01075377134634295,0.005360424661595718,0.0053933466847472305,0.017123798567214896
2020-06-30,6.601927724629651e-05,-5.948762488030158e-05,0.0001255069021265983,0.061454497301152544
2020-07-01,0.0009530264844057995,0.0009641560412947002,-1.1129556888900846e-05,0.0221587511207428
2020-07-02,0.00432783029440509,0.002149170430300367,0.0021786598641047213,0.016108773902337573
2020-07-03,0.0014337224852388458,-0.0001787796944527865,0.001612502179691634,0.139118323573583
2020-07-06,0.0009094823718028437,0.00030861556482479624,0.0006008668069780489,0.09461196341622297
2020-07-07,0.00865149354771438,0.0035188007048973903,0.005132692842816989,-0.06040060304813916
2020-07-08,0.005704321505863761,0.00279290922320383,0.002911412282659929,0.02460441169236005
2020-07-09,-0.0037960257748284277,-0.0007039002987549951,-0.0030921254760734335,-0.05551325584647828
2020-07-10,0.0013462782690719538,0.00036035555070139435,0.000985922718370559,-0.054570401348529626
2020-07-13,-0.0034185844621882847,-0.0011614177827688737,-0.002257166679419411,-0.036575412482182316
2020-07-14,-0.002971638814710637,-0.0007439507853708536,-0.0022276880293397843,0.06189444340665296
2020-07-15,-0.0022550624903635973,-0.0010153378118387575,-0.0012397246785248398,-0.07029993788051127
2020-07-16,0.004244400846789963,0.0002502834805082621,0.003994117366281701,-0.06459995772724757
2020-07-17,-0.005015302471895364,-0.003426094911089331,-0.0015892075608060323,0.07439386756231617
2020-07-20,-0.004888087236709096,0.0005503473202868466,-0.005438434556995943,-0.22393368877874736
2020-07-21,0.005127378416683802,0.003237263874420193,0.00189011454226361,-0.07673863242367025
2020-07-22,-0.017015725061805792,-0.0060061176477797075,-0.011009607414026082,0.2310340838262747
2020-07-23,-0.005539416532025581,-0.0011160290996370288,-0.004423387432388552,-0.23045054138997886
2020-07-24,0.017908316885375218,0.0064779438512959945,0.011430373034079223,0.20419986712621113
2020-07-27,-0.01838295503323201,-0.005138653265112982,-0.01324430176811903,-0.20384956397430498
2020-07-28,0.014761649914108183,0.006220279163275475,0.008541370750832705,0.05361641281216987
2020-07-29,-0.011961823281415596,-0.0034948064218698364,-0.008467016859545758,0.10700433052837134
2020-07-30,0.00364268079537774,0.001028778363208587,0.0026139024321691533,-0.060145380503069355
2020-07-31,0.006381308648840662,0.0010628552228295774,0.0053184534260110865,-0.16645096578338472
2020-08-03,-0.004027472735496458,-0.001249371611986563,-0.002778101123509893,-0.02316179128247982
2020-08-04,-0.01036742101183077,-0.0036642319352068265,-0.006703189076623945,0.11599326727905906
2020-08-05,-0.00144442457250569,-0.0017889260600469257,0.0003445014875412358,-0.053024374308987654
2020-08-06,0.007702648495067235,0.001252799188634446,0.006449849306432789,0.037430671512624
2020-08-07,-0.002988811480913424,-0.00026455545261571214,-0.0027242560282977127,-0.09518653271144138
2020-08-10,0.002518295468740649,-0.00012023843068024835,0.002638533899420898,0.029502446789924294
2020-08-11,-0.005397596686325753,-0.0014177351309009722,-0.003979861555424783,0.019258756087344817
2020-08-12,0.0016431787451583078,0.001627517470891092,1.5661274267215856e-05,-0.08339689998629725
2020-08-13,0.0011818194790749104,0.0008682121913552868,0.00031360728771962203,-0.23114107357082575
2020-08-14,-0.005236420312447798,-0.0006055068220546709,-0.004630913490393128,0.14408100803499924
2020-08-17,-0.015251650784126035,-0.006985520366151484,-0.008266130417974553,0.1724583603433346
2020-08-18,0.008595473276789297,0.0041162398615475024,0.004479233415241797,0.16379480672951183
2020-08-19,0.011249437901522899,0.005682224601703359,0.00556721329981954,-0.22459638592949083
2020-08-20,0.01083240869781964,0.005205480762034017,0.005626927935785625,-0.11459105499263751
2020-08-21,-0.014917951364922865,-0.006434603048817472,-0.008483348316105394,0.2472033974745773
2020-08-24,-0.007630747479711698,-0.0030247434422048325,-0.004606004037506868,0.004904463347090873
2020-08-25,0.016936431748862724,0.006779344044722524,0.010157087704140201,-0.13485539374569064
2020-08-26,0.00033965235738606634,-0.00043313878269963515,0.0007727911400857023,0.06498766061192832
2020-08-27,-0.009637242256731956,-0.004627454711450087,-0.005009787545281868,-0.061517323655906966
2020-08-28,0.004602794508264711,0.0036978522858920975,0.0009049422223726131,0.17670363632817912
2020-08-31,-0.0047129182710919015,-0.003271762817092895,-0.0014411554539990054,-0.30161218526603306
2020-09-01,0.012754110157192123,0.0043214318865553315,0.008432678270636791,-0.04024882765333337
2020-09-02,-0.020689345754612253,-0.006848626520841059,-0.013840719233771193,-0.11812207900082303
2020-09-03,-0.0027794319496865466,-0.00018433516485792667,-0.0025950967848286186,0.05346909007095949
2020-09-04,-0.008527831714315185,-0.0038393141489118238,-0.004688517565403359,-0.08963876896154549
2020-09-07,0.003641402566415388,0.00029430272160765533,0.0033470998448077325,0.1529211061754712
2020-09-08,-0.005782139388556824,-0.0019491613907606843,-0.003832977997796139,0.062188690021725286
2020-09-09,0.011125454128629478,0.00215648494989698,0.008968969178732501,-0.07861385845436043
2020-09-10,0.00394705316786517,0.0011927798982055773,0.0027542732696595944,0.03909117049156837
2020-09-11,-0.005749117820282352,-0.0017971367839220743,-0.003951981036360278,-0.23110614678303548
2020-09-14,0.002544348871125982,0.0010603648756264475,0.0014839839954995347,0.27556057572311266
2020-09-15,-0.015089372749634625,-0.005442489938123278,-0.009646882811511347,-0.081135956536747
2020-09-16,0.020662150537972157,0.009427901163524217,0.011234249374447943,-0.11553160542542178
2020-09-17,-0.005452494999136614,-0.0019038924273831245,-0.003548602571753489,0.1353027661709067
2020-09-18,-0.008684029393396965,-0.0035437379281207607,-0.005140291465276205,-0.21638388471045392
2020-09-21,0.008665562981811968,0.0023538356485966905,0.00631172733321528,-0.22740173537515995
2020-09-22,-0.014277163239089619,-0.00635368721461912,-0.0079234760244705,-0.05322570496603562
2020-09-23,-0.017393159828135447,-0.007701176077565789,-0.009691983750569658,-0.12249596648214549
2020-09-24,-0.003986693958093803,-0.0010618737440404842,-0.002924820214053322,0.014424111185849168
2020-09-25,-0.009414222087272085,-0.0028337822321514005,-0.0065804398551206865,0.1286468111359697
2020-09-28,0.0010367710359438032,0.0008042806231267508,0.0002324904128170515,-0.23975132689127257
2020-09-29,0.009882992038428066,0.0023193387093080452,0.007563653329120021,-0.009773973753971404
2020-09-30,-0.018454851418592662,-0.0060767063699928925,-0.012378145048599774,0.026853691979239546
2020-10-01,-0.0006940621726115419,0.0006420411183892536,-0.0013361032910007944,-0.1197954124209751
2020-10-02,0.002124004847090432,-0.0010574796508516502,0.0031814844979420826,-0.2423745771842439
2020-10-05,-0.007786783004937179,-0.0030334388791539665,-0.0047533441257832125,-0.13753987852536556
2020-10-06,-0.01692084003547414,-0.004962474225428165,-0.011958365810045975,-0.10893418379058117
2020-10-07,-0.00986335354851002,-0.005062350341983702,-0.004801003206526319,-0.19336964997504058
2020-10-08,-0.008349849822344265,-0.004934683147018823,-0.003415166675325443,0.2633857371233726
2020-10-09,-0.015780453000977815,-0.007888258806293437,-0.00789219419468438,0.07376386804309738
2020-10-12,0.02147838723036098,0.006900300026172441,0.014578087204188538,-0.5013096100332336
2020-10-13,0.006395322178065455,0.005149671992131292,0.0012456501859341614,-0.06493638314749507
2020-10-14,-0.03989742114245608,-0.014834759477728523,-0.025062661664727558,0.04728803331177302
2020-10-15,-0.005264641377734972,-0.0031408986205804642,-0.002123742757154507,0.3828526867426057
2020-10-16,0.003975459318797817,-0.0008594436780948699,0.004834902996892685,-0.4112791364461552
2020-10-19,0.033699381954043345,0.01066103775762962,0.02303834419641372,-0.04429799496490683
2020-10-20,-0.032835153621815064,-0.01373114029074522,-0.01910401333106984,-0.2134382677932893
2020-10-21,-0.003245284839883591,-0.0017367763482480873,-0.0015085084916355,0.35399801618457816
2020-10-22,-0.015903445958644232,-0.008189980479743505,-0.00771346547890073,0.03910626072911091
2020-10-23,0.026287546322663648,0.01074372525269712,0.015543821069966528,-0.1587269797712088
2020-10-26,0.0025954697795020063,0.0010380345611675779,0.0015574352183344272,-0.10431768016008897
2020-10-27,-0.011551654583891945,-0.004925151079090524,-0.00662650350480142,-0.05243735412954595
2020-10-28,-0.007546824832353648,-0.003943488788035896,-0.003603336044317753,0.29376237574132913
2020-10-29,-0.0035095434934225116,-0.0039002813773157904,0.00039073788389327763,0.19749333427129653
2020-10-30,0.022882223556597015,0.008959761697455264,0.013922461859141753,0.04248920607085746
2020-11-02,0.013408339537689797,0.006064588238213309,0.007343751299476488,-0.09481175554953464
2020-11-03,0.002891060574212282,0.0007912032760215935,0.0020998572981906875,-0.16278856763863597
2020-11-04,-0.006585319038756245,-0.0014649735263842347,-0.00512034551237201,-0.08843872076298892
2020-11-05,-0.011838865275356384,-0.0043312037629248,-0.007507661512431584,-0.06555528017588443
2020-11-06,-0.006729175932068036,-0.00287732138330557,-0.003851854548762468,-0.05034850080945728
2020-11-09,-0.0044947843417554555,-0.003224663451007497,-0.0012701208907479593,-0.041226792482540214
2020-11-10,-0.0036262489602547185,0.00025787387010198573,-0.003884122830356704,-0.15781013456867668
2020-11-11,-0.0031361983237710783,-0.00022524857207209623,-0.002910949751698981,-0.16833426093478754
2020-11-12,-0.012484873981869093,-0.0037939000550557935,-0.0086909739268133,-0.09669802007705243
2020-11-13,-0.01432586741911223,-0.005184180353938387,-0.009141687065173843,0.3583509892362996
2020-11-16,-0.008462958094861604,-0.0025675500031209376,-0.005895408091740666,-0.3908837198271703
2020-11-17,0.034022494617369496,0.012415901069229681,0.021606593548139815,0.3087974852736854
2020-11-18,-0.031775375601281595,-0.012445843983663659,-0.01932953161761794,0.12801941762058464
2020-11-19,0.025836519930815035,0.009306307455986559,0.01653021247482847,-0.24103744164516938
2020-11-20,0.009733656778379516,0.0012877273123882114,0.008445929465991306,0.08408588847218963
2020-11-23,-0.016548596214714707,-0.0046563017216177255,-0.011892294493096981,-0.114931258608622
2020-11-24,0.006535238665225382,0.0027204374451663908,0.003814801220058993,-0.07343129169366867
2020-11-25,-0.008967215233844661,-0.0034116991558907723,-0.005555516077953888,-0.17573453951164372
2020-11-26,-0.004981325365008911,-0.0008532792156028439,-0.004128046149406066,0.04516001279098068
2020-11-27,-0.013712825347723244,-0.004532038355634687,-0.009180786992088555,-0.24772576885575337
2020-11-30,0.0035910408697358044,0.003162046784709289,0.0004289940850265156,0.09442045611994947
2020-12-01,-0.017312413705124548,-0.00687419460191735,-0.010438219103207198,-0.016741149976471872
2020-12-02,0.007042118105139317,0.002146823585154731,0.004895294519984588,-0.14118602702313524
2020-12-03,-0.0012416748713671097,-0.0006217182050558944,-0.000619956666311215,0.19596275604363686
2020-12-04,-0.010957146183354735,-0.00448455019030051,-0.006472595993054227,0.15560758781541267
2020-12-07,0.015389923223863717,0.0031498634540984786,0.01224005976976524,0.20468458917150748
2020-12-08,0.012574511175033137,0.0033182168712221037,0.009256294303811034,-0.022569564438193676
2020-12-09,0.01898137255444238,0.005734915365342274,0.01324645718910011,0.1742495859656287
2020-12-10,-0.0016421239871340244,0.0006302419920504289,-0.0022723659791844533,-0.10142241664005593
2020-12-11,0.011877600042923573,0.0031868189867358676,0.008690781056187702,0.2094966561400411
2020-12-14,-0.0063822358169132445,-0.00021745655564968033,-0.006164779261263562,0.24960075521928146
2020-12-15,0.016824541163774832,0.003640720045000703,0.013183821118774131,0.062429244713899
2020-12-16,0.018932790495080953,0.005491989957791196,0.013440800537289755,0.06593717446653528
2020-12-17,0.004223209799962807,0.000823482842564973,0.00339972695739783,0.14527884726013673
2020-12-18,0.004704550719421546,0.0013633984975099434,0.003341152221911602,-0.031003805998743528
2020-12-21,0.008994484696707633,0.003243816835527824,0.00575066786117981,0.15834128272212009
2020-12-22,-0.0022961652861207306,9.657917136768768e-05,-0.0023927444574884174,-0.13335171126337786
2020-12-23,0.011328449729689523,0.005505319255287288,0.005823130474402235,-0.012374227674883567
2020-12-24,-0.008363218156941606,-0.0023946341776366013,-0.0059685839793050055,0.054060818936859066
2020-12-25,-0.0008151452009031025,0.0002895848511237022,-0.0011047300520268051,-0.03902322812337198
2020-12-28,0.003133519392439693,0.0032790572203758098,-0.00014553782793611664,-0.153042189417225
2020-12-29,-0.0027795097672421313,-0.004865485518382059,0.0020859757511399266,0.020477618202575362
2020-12-30,-0.010760415462427234,-0.004562803779629885,-0.0061976116827973495,-0.18922861507644476
2020-12-31,0.0012348216753653273,-0.000609496641070701,0.0018443183164360277,0.07811020237694567
2021-01-01,-0.013231473110217613,-0.0037936837796777815,-0.009437789330539834,-0.03962012114590315
2021-01-04,0.00670738613167664,0.0031003023103452904,0.0036070838213313507,-0.05334340521302906
2021-01-05,-0.0027034684778563718,-0.0003336558684920096,-0.0023698126093643634,-0.05456020070900501
2021-01-06,-0.004106439837557938,-0.0026994613669169484,-0.0014069784706409894,0.1663044442751483
2021-01-07,-0.00431087864189072,-0.003586881895490602,-0.0007239967464001129,-0.22519134068482952
2021-01-08,0.009777283665963319,0.003114686098212174,0.006662597567751145,0.2119566000885871
2021-01-11,-0.01536661462209537,-0.007755879403723281,-0.00761073521837209,0.02695059969878685
2021-01-12,0.01695211649732705,0.005430113085504645,0.011522003411822409,-0.08811589032628109
2021-01-13,0.001964466746720515,0.0014686763818695762,0.0004957903648509388,0.028932811121692895
2021-01-14,-0.00516497010367624,-0.002829678164946681,-0.002335291938729559,0.16275142824853903
2021-01-15,0.0018337317062548499,7.287890324559655e-05,0.001760852803009253,-0.22398881511580268
2021-01-18,0.010997578101092201,0.005442080195358167,0.005555497905734036,0.1600550284655171
2021-01-19,-0.015849198667094416,-0.008215718056380055,-0.007633480610714359,0.1120654708819742
2021-01-20,0.012426541217674931,0.0028235247774846496,0.009603016440190282,-0.04093159099299704
2021-01-21,0.007654628953166593,0.0016780574454983554,0.005976571507668237,0.13402460461277488
2021-01-22,-0.0027521643328706396,-0.00037258181147261336,-0.0023795825213980253,0.03678112204483351
2021-01-25,0.009718465709618356,0.004106490326603776,0.005611975383014578,-0.22139898724016324
2021-01-26,0.002268657364004668,0.00197327259745754,0.00029538476654713056,0.008337217294534755
2021-01-27,-0.015348439792001446,-0.00544233554842491,-0.009906104243576536,0.08285635691297341
2021-01-28,0.0005455519623988024,-0.00021554458174476154,0.0007610965441435637,0.09415861204352487
2021-01-29,0.005282138834443905,0.003150137409904454,0.002132001424539452,-0.02594679012883885
2021-02-01,0.006379769534708603,0.001072585770679504,0.005307183764029099,-0.1545551420977924
2021-02-02,-0.0017148211733844353,-0.0010405711922925184,-0.0006742499810919159,0.08201583914413976
2021-02-03,-0.011544903297241251,-0.0030762616313751903,-0.008468641665866061,0.19155636802056494
2021-02-04,0.005864395215019797,0.0002697096191366932,0.005594685595883105,0.17799855886991614
2021-02-05,0.012496915068817826,0.0039680405162770185,0.008528874552540807,-0.0018193016632088819
2021-02-08,0.012115048534424343,0.004512951036574233,0.007602097497850112,0.1436166788189844
2021-02-09,-0.00011679853630726486,-0.0006027798330472955,0.00048598129674003003,0.3057590280264365
2021-02-10,0.009860950761165308,0.003855258678162105,0.006005692083003203,-0.1869507747735847
2021-02-11,0.02166715800159135,0.009489517028199532,0.012177640973391822,0.24052554028338655
2021-02-12,-0.011929979136263088,-0.005485211456868391,-0.006444767679394699,0.056186123320174926
2021-02-15,0.014523909401952015,0.007217737138180741,0.007306172263771274,0.008443423908309293
2021-02-16,0.003358046701304418,0.004135151347258066,-0.000777104645953648,0.10085885532124006
2021-02-17,0.0005145399563381407,0.0020029859623793304,-0.001488446006041192,0.06962506972308545
2021-02-18,0.0068320949285621355,0.0038739238453084227,0.0029581710832537133,0.01774351568030961
2021-02-19,0.004543941663471697,0.0036973997165512477,0.0008465419469204491,-0.0065757378369027735
2021-02-22,0.001121654254352785,-0.0008371229169294872,0.0019587771712822723,0.16591033293421673
2021-02-23,-0.00041077528795279035,-0.00038163045690988925,-2.914483104290034e-05,0.050674376312395214
2021-02-24,0.012616678993284301,0.005732225396865335,0.006884453596418967,-0.03363264948380094
2021-02-25,0.003540901275720868,0.0006897258186034164,0.002851175457117456,-0.11401999509123466
2021-02-26,-0.0022704785251854397,-0.0015634860591889335,-0.0007069924659965053,0.036681004485539986
2021-03-01,-0.0083063928068383,-0.004683088610332995,-0.003623304196505305,0.1456182186162544
2021-03-02,0.0027644075245868583,0.0002569889107774774,0.002507418613809381,0.17133681440510073
2021-03-03,0.010641285366220365,0.0042375305651509605,0.006403754801069403,0.11729808780398933
2021-03-04,0.012478455167447947,0.005150666481197962,0.007327788686249986,-0.0943797668686259
2021-03-05,0.007761486573323724,0.0031342065349274184,0.004627280038396305,0.012161152553599565
2021-03-08,-0.006239393186323558,-0.0022003770468406667,-0.004039016139482893,-0.0272430041499578
2021-03-09,0.0007902353221733623,0.0003100554800552994,0.0004801798421180635,0.12941329352992229
2021-03-10,-0.002372673207982008,-0.0008874145262964227,-0.0014852586816855862,-0.027804381381256144
2021-03-11,0.009589007180176207,0.005273287399901025,0.00431571978027518,0.00010805238440162583
2021-03-12,-0.0018178168182466578,-0.0009348562626856349,-0.000882960555561022,-0.06792654402383771
2021-03-15,7.428732208712577e-06,-0.0010325607430200535,0.0010399894752287676,0.0671555141759041
2021-03-16,-0.004527364947671022,-0.00113835021724828,-0.0033890147304227423,0.04184854519682521
2021-03-17,0.004380160023790735,0.0018464479824800185,0.0025337120413107175,0.025845924655095106
2021-03-18,0.0026810259025344127,0.0025145054242789126,0.00016652047825549757,-0.21347994210928284
2021-03-19,0.0018562884649326286,-0.0007580912897252878,0.002614379754657916,-0.007533167427441063
2021-03-22,-0.017776803111851633,-0.006683960313459177,-0.011092842798392455,0.19745870772610366
2021-03-23,-0.0006496838715265227,-0.0005013015364332997,-0.00014838233509322646,-0.04058899157285103
2021-03-24,0.01573497723876118,0.003434592262621751,0.012300384976139432,-0.07162262852259396
2021-03-25,-0.0030978274506703193,-0.0004419464723014121,-0.002655880978368908,0.1642082918736584
2021-03-26,-0.0051752920532379095,-0.0017079466382716076,-0.003467345414966301,0.12754763706452482
2021-03-29,0.012308966163542386,0.0047219062056556215,0.00758705995788676,0.24043212661323007
2021-03-30,0.009622519404949056,0.004673175227474002,0.004949344177475055,0.08249050050469944
2021-03-31,0.016594316733522203,0.00713986181400407,0.009454454919518136,0.218891756380429
2021-04-01,0.00571290496353081,-5.240902131514562e-05,0.005765313984845956,0.2266486781717271
2021-04-02,0.014543549506801028,0.004288475301760256,0.010255074205040772,-0.06122065366888125
2021-04-05,0.016825450947311922,0.005176243251409066,0.011649207695902854,0.08296046433778274
2021-04-06,-0.005165185711751676,-0.0032565685241560446,-0.0019086171875956296,-0.12916679440464998
2021-04-07,0.005660274890027268,0.0028611913408372516,0.002799083549190017,-0.10099194092695214
2021-04-08,-0.008380547262419522,-0.0029845874753160508,-0.0053959597871034715,-0.15769053267391198
2021-04-09,-0.00609850016501217,-0.0017034385333814651,-0.004395061631630705,0.16552668672437093
2021-04-12,-0.010609274579553903,-0.00491373812565039,-0.005695536453903511,0.06278479777953153
2021-04-13,0.011212986551149565,0.005557501080420362,0.005655485470729203,-0.020555699095064803
2021-04-14,0.004220650120943161,-0.000346614414082274,0.004567264535025435,-0.06017900657924956
2021-04-15,-0.00118803478806587,-0.0009856105978800003,-0.00020242419018586671,0.035167466109771145
2021-04-16,-0.0037486913182198226,-0.002726535389176964,-0.0010221559290428575,0.14285481305931857
2021-04-19,0.001954361364883594,0.001127523747785058,0.0008268376170985376,-0.22422677071275346
2021-04-20,0.009016629243615314,0.006054964223344641,0.0029616650202706693,0.14470444609928768
2021-04-21,-0.013964856243143534,-0.005039246122222375,-0.00892561012092116,0.04633371203428669
2021-04-22,0.010065374326207103,0.0023087977833528735,0.0077565765428542315,0.16657800650902893
2021-04-23,0.0033711081736529673,-0.0008376863833913922,0.00420879455704436,-0.043308386933587524
2021-04-26,0.009495405445923708,0.002686262073946377,0.006809143371977332,0.0025915131375006573
2021-04-27,-0.002572769602694158,-0.0016736009696278853,-0.0008991686330662731,-0.0246779582974139
2021-04-28,0.00013948146256470301,-0.0007083297818715611,0.000847811244436265,0.13878954817562722
2021-04-29,-0.0012290868772865074,1.903932340978744e-05,-0.0012481262006962947,0.1310470113534655
2021-04-30,0.008446584348603922,0.003871520463942264,0.004575063884661659,-0.11126602837728937
2021-05-03,0.008348983900645278,0.0033083275139644697,0.00504065638668081,-0.020746512961608163
2021-05-04,-0.007184853611923564,-0.002660721262176112,-0.004524132349747453,-0.15632743102746105
2021-05-05,-0.0014432456216665753,0.0001229881099343126,-0.0015662337316008877,-0.006372630226420873
2021-05-06,-0.011181137440597688,-0.003901368197983283,-0.0072797692426144036,0.12417479807861205
2021-05-07,-0.0004448884337766826,-0.0020754899545722856,0.0016306015207956,-0.01111909122282817
2021-05-10,0.008119891620739329,0.0034176936750438744,0.004702197945695455,-0.08269301306369348
2021-05-11,-0.0007195254976512046,-0.0008951206227229315,0.00017559512507172442,-0.01495568495339961
2021-05-12,-0.00541476398475068,-0.00145362612079461,-0.00396113786395607,0.11700594972019554
2021-05-13,-0.0009947349239837402,-0.0007010511406715034,-0.00029368378331223743,0.002223040013647286
2021-05-14,0.007577282579581623,0.004241584706637602,0.003335697872944021,-0.11761029963906507
2021-05-17,0.00014501742359830216,-0.0021575970579170226,0.002302614481515324,0.05827737765027189
2021-05-18,-0.007153408696158424,-0.0022356881205362177,-0.004917720575622208,0.12311293239380003
2021-05-19,0.0038507263188514566,-0.0004520579183844189,0.004302784237235876,-0.1460966567953533
2021-05-20,0.00839651806216951,0.0022560104540764138,0.006140507608093096,0.022650801915453878
2021-05-21,-0.00978721857618578,-0.004708283134759584,-0.005078935441426196,-0.009672251510306346
2021-05-24,0.0015036075347429419,-0.0006254850453744371,0.0021290925801173794,-0.1180975007862677
2021-05-25,-0.0006582179488204082,-0.0013270326962198766,0.0006688147473994676,-0.010482950064536973
2021-05-26,-0.007946652152844345,-0.0031511151468551187,-0.004795537005989227,-0.0643347656101215
2021-05-27,-0.0006875663576556461,-0.0005822009875107031,-0.00010536537014494557,0.03282348662225752
2021-05-28,-0.004520607277609719,-0.0023040693292384496,-0.00221653794837127,0.01892411150455787
2021-05-31,0.0022011105608574994,0.0009416138710018227,0.0012594966898556764,0.010540051211720903
2021-06-01,0.0014079760227472173,-0.0008715798809266467,0.002279555903673864,-0.17565425302834456
2021-06-02,0.0007100954840819807,6.097132757982779e-05,0.0006491241565021524,-0.0919981561885504
2021-06-03,-0.014031596275073593,-0.005442916817764651,-0.008588679457308943,0.1409144530098064
2021-06-04,-0.00737769520950959,-0.0033015364565559466,-0.004076158752953644,0.05207280227970721
2021-06-07,0.010104005916342959,0.00045399031280272603,0.009650015603540235,-0.10820717885019952
2021-06-08,0.00432429791330793,0.00017890089300148446,0.004145397020306446,0.10860819446430896
2021-06-09,-0.007665949796251776,-0.0017458470339038329,-0.00592010276234794,0.24853469236010184
2021-06-10,0.008308549808806433,0.003394618478519143,0.004913931330287287,-0.11146726016704683
2021-06-11,0.018745013047566143,0.007218404171528166,0.011526608876037979,0.10835435951388635
2021-06-14,-0.00734977273028181,-0.003450568863134731,-0.0038992038671470785,0.1171514009817695
2021-06-15,0.007215693368092827,0.0010154758549493232,0.006200217513143503,-0.0043141361131056625
2021-06-16,0.00755340715842405,0.0022401778366669817,0.005313229321757061,-0.045873027711098135
2021-06-17,-0.0003367539388439249,-0.0023010961867260833,0.0019643422478821566,-0.03206205871709675
2021-06-18,-0.0032240441900551866,-0.00043955233411115124,-0.002784491855944038,0.0502546081278913
2021-06-21,-0.0031455589693448606,-0.0015005919527027456,-0.0016449670166421085,-0.0748587149291981
2021-06-22,0.00485106194433923,-0.00028007931167070566,0.005131141256009934,0.18445765800888123
2021-06-23,-0.006307332517316671,-0.001860469852476383,-0.004446862664840288,-0.07501576403458261
2021-06-24,0.01319479808164645,0.00561376872440391,0.007581029357242537,0.1185179900475595
2021-06-25,-0.005311648563997897,-0.0020263116465966905,-0.0032853369174012086,0.14557695134122833
2021-06-28,0.008649972860225827,0.004969133842649595,0.0036808390175762304,-0.034209281662410926
2021-06-29,0.009353551913336686,0.00521843602941759,0.004135115883919098,-0.05032343179866104
2021-06-30,-0.002137768563063112,-0.0009460648048510052,-0.0011917037582121082,0.056938307129319916
2021-07-01,-0.003559455941348347,-0.0014231301219191795,-0.0021363258194291666,0.12660712608203215
2021-07-02,0.0032624961824139244,0.0010029551428748272,0.002259541039539097,0.1454115667654361
2021-07-05,0.008349848806055816,0.0018649304977321748,0.006484918308323642,-0.002653746058221038
2021-07-06,0.009425881032278705,0.005151626522152606,0.004274254510126099,0.22880062054306338
2021-07-07,-0.00016838936619678233,-0.0007016140007633123,0.0005332246345665303,-0.19179540229292866
2021-07-08,0.013842348217941978,0.006115443960430238,0.00772690425751174,0.10927728197874212
2021-07-09,-0.010969725196949557,-0.00321322139619237,-0.007756503800757189,0.17824281312543439
2021-07-12,0.006460971545924292,0.0011510215240355913,0.005309950021888701,0.06290768114622035
2021-07-13,0.0104875987837172,0.004292577459403304,0.006195021324313897,0.11648195325932192
2021-07-14,0.004030452904612999,0.0018901286197693379,0.0021403242848436616,0.06696264194812863
2021-07-15,0.006650954268664173,0.0022134140274364493,0.004437540241227722,0.021684473413307894
2021-07-16,0.00392788812583814,0.0009175306538224647,0.0030103574720156748,-0.028035033234925174
2021-07-19,0.0012719594825108568,0.001963198912745186,-0.0006912394302343287,0.05874607982739562
2021-07-20,-0.001796435730601494,-0.003240014286883747,0.0014435785562822556,0.022532207831064594
2021-07-21,0.003683303041272963,0.0016259922155790908,0.0020573108256938706,-0.06142991779603703
2021-07-22,0.001354240932966773,0.0010290089167309816,0.00032523201623579044,-0.07658937947532114
2021-07-23,-0.004114376758127091,-0.0024706154861304074,-0.0016437612719966853,0.08309006274402737
2021-07-26,-0.0047148928512284315,-0.0032356882271107335,-0.0014792046241176998,-0.11347949071733966
2021-07-27,0.005183315161326413,0.0017032853156811678,0.0034800298456452456,0.06140206017216393
2021-07-28,-0.006344147813652749,-0.0014723276771610259,-0.004871820136491723,-0.270345237494427
2021-07-29,0.003889369272210557,0.003022510596529887,0.0008668586756806693,-0.09704547802489465
2021-07-30,-0.01545518106658822,-0.007099673344087336,-0.008355507722500884,-0.034909929368055787
2021-08-02,-0.006590920467473676,-0.00437857116758477,-0.002212349299888905,0.32496890061053024
2021-08-03,-0.0022022899620060387,-0.0010914919140988049,-0.0011107980479072334,0.07842273914758982
2021-08-04,0.02087468829964844,0.006443364835613907,0.01443132346403453,-0.22989155827854404
2021-08-05,0.005340458517835952,0.0022333168180525866,0.0031071416997833657,0.13309735227763062
2021-08-06,-0.014598358470943151,-0.0062463879989211255,-0.008351970472022026,0.2854499806836851
2021-08-09,0.00972383819702248,0.002106366174002068,0.007617472023020415,-0.12497733591689808
2021-08-10,0.01837829772652673,0.007526695668476875,0.010851602058049852,-0.17659304493968234
2021-08-11,-0.007453926578647614,-0.0023062832254969728,-0.005147643353150641,-0.12492605310338295
2021-08-12,-0.011284393143710303,-0.004764536573383271,-0.00651985657032703,-0.042831305216595214
2021-08-13,-0.008107088598330519,-0.0032841230230756784,-0.0048229655752548405,0.07581732233642025
2021-08-16,-0.0029851810993134203,-0.00018705049342285576,-0.0027981306058905628,0.27974431363310515
2021-08-17,0.005008536809124317,0.00205054629602449,0.002957990513099827,-0.06565097777280013
2021-08-18,0.02209936602847342,0.00838834813027945,0.013711017898193966,0.0798696585989714
2021-08-19,-0.004082364564194964,-0.0009457850647795569,-0.003136579499415409,-0.0799596439507968
2021-08-20,0.005235188629172863,0.003919675026336337,0.0013155136028365278,0.041904948573898045
2021-08-23,-0.005814541790635447,-0.0025615257514473083,-0.003253016039188138,-0.0888173728606646
2021-08-24,0.0028507329624501056,0.0029127760996628194,-6.204313721271462e-05,-0.13258598382806133
2021-08-25,-0.00531664424624236,-0.0009889874387636645,-0.004327656807478697,0.18687443841417742
2021-08-26,-0.008615358684127983,-0.003715319804528402,-0.00490003887959958,0.19713598878411173
2021-08-27,0.012799466237597864,0.005083266352317957,0.007716199885279906,0.13924441994396178
2021-08-30,0.012750870418585483,0.004613921088971384,0.0081369493296141,0.09535637589393994
2021-08-31,0.009079231865675396,0.004907469720048695,0.004171762145626702,-0.13100030953170974
2021-09-01,0.006074064201767631,0.0022130259298710087,0.0038610382718966205,-0.12910230756904512
2021-09-02,-0.009901436522764808,-0.0038297303178672403,-0.006071706204897566,0.08648949235931998
2021-09-03,-0.010320802115575269,-0.0034308842475183725,-0.006889917868056896,0.14303024134032982
2021-09-06,0.0059072012132689745,0.0022238333635401925,0.0036833678497287803,-0.020875243437113312
2021-09-07,0.009583731448731063,0.0035210142247938357,0.006062717223937226,0.10648813632117593
2021-09-08,-0.0012718447242482372,-0.0002946331435975634,-0.0009772115806506738,-0.026193078690399524
2021-09-09,0.006826056049586766,0.003966650667590386,0.0028594053819963796,0.28136239309427685
2021-09-10,-0.001504985473073656,-0.00035286696628180486,-0.0011521185067918508,0.0008610212366826746
2021-09-13,0.018762579235294202,0.0061754312394448705,0.012587147995849332,-0.23565631838498421
2021-09-14,4.713606369105474e-05,-2.310482347556153e-06,4.9446546038610026e-05,-0.0055832709173485795
2021-09-15,-0.014924914255436416,-0.005905299332257486,-0.009019614923178931,-0.1950744649299159
2021-09-16,-0.0003261780422784598,-0.00022218604424726566,-0.00010399199803119447,0.012784930225732958
2021-09-17,-0.01222286466860108,-0.005881112988078781,-0.0063417516805223005,-0.050879850213886434
2021-09-20,0.0008377045179798057,7.904233732766892e-05,0.0007586621806521371,0.11223453118639636
2021-09-21,-0.003461377039418642,-0.00127419138505952,-0.0021871856543591167,0.1693109501114995
2021-09-22,0.007683760160701445,0.0005291752867129999,0.007154584873988446,0.08001462724511803
2021-09-23,0.010635881428056153,0.004078471292899415,0.006557410135156738,-0.13352300563420957
2021-09-24,0.005612333364758553,0.0006990782913222273,0.004913255073436325,-0.09798781486896832
2021-09-27,-0.0085690272925366,-0.003291570071894623,-0.00527745722064198,-0.11723473344446633
2021-09-28,-0.005815503374167435,-0.0016728167835777443,-0.0041426865905896905,0.24040886264916292
2021-09-29,-0.0066163794627948965,-0.0023822302089487064,-0.00423414925384619,0.19914980189895837
2021-09-30,0.014551623968880085,0.005049665597750013,0.009501958371130076,-0.14520150542177915
2021-10-01,0.012120039536389378,0.004238564030975737,0.007881475505413639,0.09744670061717547
2021-10-04,-0.008739557158396668,-0.0037772040888467435,-0.004962353069549925,0.1122554383107011
2021-10-05,0.005895151974387681,0.003562194727786524,0.002332957246601159,-0.23614029857361762
2021-10-06,0.0061782527866432214,0.00199190734362852,0.004186345443014702,0.19536822343012128
2021-10-07,-0.014878722642528546,-0.007463648144263265,-0.007415074498265278,0.16590812605674524
2021-10-08,0.013108593698802913,0.005647351817144932,0.00746124188165798,-0.13419470077638707
2021-10-11,0.01015810753209249,0.004575760263316192,0.005582347268776298,0.20764517928795248
2021-10-12,-0.008076280397673115,-0.003419812040201192,-0.004656468357471922,0.1499601887421644
2021-10-13,0.012786219225976548,0.006054744370930971,0.006731474855045581,0.09305144729080551
2021-10-14,0.01042802601837586,0.0034819159627494153,0.006946110055626444,-0.030922568609264837
2021-10-15,0.006084617033379725,0.0009453069921049728,0.005139310041274753,0.2905121348669216
2021-10-18,-0.0018165023858877267,-0.0006914774624473072,-0.001125024923440421,0.2816187215026178
2021-10-19,0.018667772077828743,0.0063064695567376546,0.012361302521091092,0.017851234626889464
2021-10-20,0.020468058784601464,0.006620353025488922,0.013847705759112539,0.10865255113647286
2021-10-21,0.0010328762268910744,6.94533557130542e-05,0.0009634228711780206,-0.09773036194404575
2021-10-22,0.006749263863646417,0.004371950749854083,0.0023773131137923356,-0.07767048919757216
2021-10-25,-0.00616234192793199,-0.0023603833168358485,-0.00380195861109614,0.0632981612531832
2021-10-26,-0.004403056542065208,-0.0019438489304771881,-0.0024592076115880195,-0.07652407992719683
2021-10-27,0.0035947874326701873,0.0019988280453039713,0.0015959593873662158,0.10600323163779614
2021-10-28,-0.003867455579802607,-0.0024892990284422056,-0.001378156551360402,0.16712407566423665
2021-10-29,0.005299484296781323,0.0007042385523807529,0.00459524574440057,-0.049999762139028174
2021-11-01,0.008590752105816791,0.003402925695730182,0.005187826410086609,-0.08103474113641551
2021-11-02,-0.0022485685366563837,-0.0012747476346124248,-0.0009738209020439571,0.03311686143867834
2021-11-03,-0.005439840388826038,-0.00225033981731447,-0.003189500571511565,-0.04861177513797765
2021-11-04,0.0019090198540138337,0.00047286767676596106,0.0014361521772478757,0.07965637882549753
2021-11-05,-0.0026519287186087008,-0.0011699761616715699,-0.00148195255693713,0.10490401443278383
2021-11-08,0.004116678573651542,0.0017698806525890329,0.0023467979210625104,-0.0907215179881028
2021-11-09,0.005086060720289585,0.0012564837398134163,0.0038295769804761693,-0.0037941184821831155
2021-11-10,-0.004645595056750241,-0.0016618768067445159,-0.0029837182500057247,0.02013667654666359
2021-11-11,-0.0001858082390286584,-0.0011452794940693296,0.0009594712550406691,0.3462767296564508
2021-11-12,0.0012622261707314394,0.0003078004678023459,0.0009544257029290952,0.18642591059827496
2021-11-15,0.018081722129502077,0.009065096106230339,0.009016626023271744,-0.10337322249021816
2021-11-16,0.010252959727469034,0.003563056530727464,0.0066899031967415645,0.1391337468859248
2021-11-17,-0.005816812011821802,-0.0027294824254950464,-0.003087329586326755,-0.002258192524920216
2021-11-18,0.00816474751614868,0.0014729039565156308,0.006691843559633049,0.0766073917284133
2021-11-19,-0.0001534705528774148,-0.0006706574494752728,0.0005171868965978561,0.15053776573884659
2021-11-22,0.004574393515299834,0.002752468524895327,0.0018219249904045057,0.06553822829742487
2021-11-23,0.008712052392078793,0.0036778650792403805,0.00503418731283841,-0.00818178970106088
2021-11-24,0.0038980009529361696,0.0011493531034258587,0.002748647849510311,0.12242526800945092
2021-11-25,-0.0004370946831663556,0.00045455737287538114,-0.0008916520560417335,-0.10665130517519654
2021-11-26,0.006989023254761628,0.0029868297762799794,0.0040021934784816495,-0.009151130096648858
2021-11-29,-0.005841313467931564,-0.002539448967471712,-0.0033018645004598514,0.05432222700124236
2021-11-30,-0.0005241105250257191,-0.002199919484391219,0.0016758089593655002,-0.13993191618557824
2021-12-01,0.003035948889344329,0.001185848501447905,0.0018501003878964254,0.00219101517735338
2021-12-02,-0.008020121320336911,-0.0031451602297460288,-0.004874961090590883,0.11535332149506092
2021-12-03,0.00013621107368421087,-0.0012198934270765092,0.001356104500760718,-0.22456295188861597
2021-12-06,0.0077948244768786205,0.001505165692902034,0.006289658783976584,0.18264231860031752
2021-12-07,-0.016108189470936715,-0.007212218281452052,-0.008895971189484663,-0.05778326945207027
2021-12-08,0.012412715653840679,0.005180243410792002,0.007232472243048677,-0.20545399974580583
2021-12-09,-0.0037900606132226823,-0.0005070188688470478,-0.003283041744375631,0.11467834287919888
2021-12-10,-0.016852411103532163,-0.00641521622800089,-0.010437194875531275,0.10615946990524512
2021-12-13,0.006951687472625777,0.00246649334761297,0.004485194125012804,-0.027663393577243886
2021-12-14,0.006187906220488855,0.0014172479735899933,0.0047706582468988595,0.1068456449375075
2021-12-15,-0.0015589216036405893,-0.0017986162796440122,0.00023969467600342288,0.23576516709338716
2021-12-16,0.0056740118657523314,0.002718135035273645,0.0029558768304786855,0.07159569663909877
2021-12-17,0.014281921183969966,0.0061898013284435414,0.008092119855526426,0.08059654743980808
2021-12-20,0.003411313223139093,0.0013907417464991928,0.0020205714766399,0.11830125524966612
2021-12-21,0.00407608025171856,0.0021734225606814006,0.0019026576910371594,0.21177081406130774
2021-12-22,0.007366717937807483,0.00315777720058394,0.004208940737223543,0.07251147349680664
2021-12-23,0.013653647350926085,0.0052182712733530355,0.00843537607757305,-0.0401784402713243
2021-12-24,0.005231925352797224,0.0028522978187901643,0.0023796275340070604,0.0483821228943061
2021-12-27,-0.002402366014425895,-0.0015539988002250607,-0.0008483672142008368,-0.13172029779443709
2021-12-28,0.002626058858675967,0.001566636263678107,0.00105942259499786,0.1652935703641032
2021-12-29,-0.007079429258488329,-0.0012366191289275236,-0.005842810129560805,-0.013576704625717934
2021-12-30,0.008778820734050851,0.0020421352305360213,0.006736685503514828,0.23043778724475325
2021-12-31,-0.0007538129808025248,0.0014745403536899578,-0.0022283533344924825,0.14383478039534714
2022-01-03,0.01284748933337047,0.005254850339840716,0.007592638993529752,-0.06365924839641159
2022-01-04,0.008410973244267744,0.002376235401714327,0.006034737842553415,0.012596002222567394
2022-01-05,-0.003065844238429894,-0.001601453404541571,-0.0014643908338883233,-0.00981633459877098
2022-01-06,0.0007034506543614906,-0.0004835661913379589,0.0011870168456994488,-0.16731346829013424
2022-01-07,-0.0004965888884286846,0.00039118627820870257,-0.000887775166637387,0.11367546099751655
2022-01-10,-0.009853657758201854,-0.004526568731510595,-0.0053270890266912604,0.04013241684640485
2022-01-11,0.0058501797307945295,0.00428397978806981,0.001566199942724719,0.04226099371099058
2022-01-12,0.002313147510859986,0.0003744917776169355,0.0019386557332430505,-0.09751263691549832
2022-01-13,0.0024477683131241936,4.05010154461349e-05,0.0024072672976780587,0.12357137698021765
2022-01-14,-0.005833627481239793,-0.0030894418893675658,-0.0027441855918722263,0.059276946296259944
2022-01-17,0.007401547096774151,0.0025478105913895027,0.004853736505384648,-0.03433128095543188
2022-01-18,0.0035210465980015032,0.002268335298129825,0.0012527112998716782,-0.13468535603413767
2022-01-19,-0.001772710557513907,-0.0007275211125181641,-0.0010451894449957444,0.10210887797589299
2022-01-20,-0.007471465369479369,-0.00422295177550917,-0.0032485135939702005,-0.09208593950017521
2022-01-21,0.0065967672912702995,0.0042023245618420324,0.002394442729428266,0.09848640768895167
2022-01-24,-0.006165530029458433,-0.0040783374483560715,-0.0020871925811023605,0.12181099493253217
2022-01-25,0.005826803605899762,0.0021747798848138294,0.0036520237210859318,-0.27843680467069487
2022-01-26,0.0067151436519253815,0.0032322590312203426,0.0034828846207050398,0.011030931343376939
2022-01-27,-0.01609096236848836,-0.007536171255608652,-0.008554791112879712,0.3194451087797006
2022-01-28,0.0006356809295321513,-0.00034777098470631373,0.000983451914238466,-0.1314433430559632
2022-01-31,0.018968265040671534,0.006442898844133811,0.012525366196537721,0.007215124522130128
2022-02-01,-0.006287385076369966,-0.0030098912646931058,-0.00327749381167686,0.12760981137137145
2022-02-02,0.00039241513564194875,9.48108834792228e-05,0.00029760425216272465,0.04305405106994154
2022-02-03,0.007637421412261331,0.0019253392853663953,0.005712082126894936,0.07263500890849127
2022-02-04,0.002566952484538934,0.0018064502953201306,0.0007605021892188053,0.021853817125078917
2022-02-07,0.0038057610239478758,0.0011685493694311771,0.002637211654516699,-0.04899483507569381
2022-02-08,0.0010157826798238441,-0.0008253476916017799,0.0018411303714256227,0.06388090759083537
2022-02-09,-0.002712561804432862,-0.0005681765476630348,-0.0021443852567698267,0.08871243274839014
2022-02-10,0.0029718972086516904,0.001171597758794718,0.001800299449856972,0.08177259304871995
2022-02-11,0.00617292697882167,0.004330434544428056,0.001842492434393616,0.033293130407194164
2022-02-14,0.004727446921911983,0.0030276238507095437,0.001699823071202438,0.04221382862866282
2022-02-15,0.0018262526876174799,0.0004941262301775481,0.0013321264574399322,0.05181009479111625
2022-02-16,0.00251277316331377,-0.0008312724098657287,0.0033440455731794994,-0.16089018744552078
2022-02-17,0.0026470472288661934,0.0014706299867971138,0.0011764172420690795,0.058268771260066535
2022-02-18,-0.0072479081055271,-0.0028582045176017788,-0.004389703587925321,-0.034151220766685926
2022-02-21,0.0029002573412459033,0.0014135756583969362,0.0014866816828489685,0.03444211500784256
2022-02-22,-0.0014587524612235836,-0.001010533954158534,-0.00044821850706505,0.05337796386343506
2022-02-23,0.0017553938625872285,9.337419987220149e-05,0.0016620196627150276,0.08487968998050106
2022-02-24,0.00267252590601664,0.0013549783245633221,0.0013175475814533183,0.07999444459049578
2022-02-25,0.004092077802955449,0.0005783613326494214,0.0035137164703060277,0.026577215200290303
2022-02-28,0.003696869351290594,0.00026239722390180523,0.0034344721273887884,0.028574261194855045
2022-03-01,0.0013663155546234816,-0.00042406879185724177,0.0017903843464807234,0.007760629416545064
2022-03-02,0.0012150251342410365,0.00042423473937594144,0.000790790394865095,0.03198350794592384
2022-03-03,0.0004171256964222848,9.670302244411955e-05,0.0003204226739781657,-0.16685110465679107
2022-03-04,0.001716425825420585,0.0001044331457227066,0.0016119926796978783,0.040191718488747086
2022-03-07,-0.008654295149294586,-0.003693253413184069,-0.004961041736110516,-0.0178719825152119
2022-03-08,0.0021289155410458005,-9.668085104661472e-05,0.002225596392092415,0.09352597988787816
2022-03-09,-0.0009649659654045375,-0.001716017818591753,0.0007510518531872163,-0.010085241886206839
2022-03-10,0.0052354235653849016,0.0024671323507642275,0.002768291214620674,0.22167053856574923
2022-03-11,-0.0005630362362089225,-0.0017145710342717953,0.0011515347980628737,-0.20902502219432118
2022-03-14,0.011664712895683231,0.004747568116782312,0.0069171447789009195,0.22210591164312699
2022-03-15,-0.010108032165872746,-0.005072202771122573,-0.005035829394750169,0.024074404181195087
2022-03-16,0.010573147498046987,0.005311667973916892,0.005261479524130094,0.137897051502487
2022-03-17,0.001362902792750483,0.0024718712977261238,-0.0011089685049756378,-0.292572774090564
2022-03-18,0.006702416479468526,0.0032438719452473766,0.003458544534221149,0.14664789702066422
2022-03-21,-0.017305018590983465,-0.007329036857288234,-0.009975981733695233,0.287532912815488
2022-03-22,0.007999288989322218,0.003568333048483037,0.004430955940839185,-0.15687649452026037
2022-03-23,0.017412072416686776,0.005754390345253587,0.011657682071433192,0.11933562554338868
2022-03-24,-0.008191891398821214,-0.003658033906066848,-0.004533857492754364,-0.01071780240266951
2022-03-25,0.005619169547934121,0.0006984804092647103,0.004920689138669409,0.35569814557795204
2022-03-28,-0.0004592365998705829,-0.0007450071792580919,0.0002857705793875092,-0.1333628115765509
2022-03-29,0.016752274097457866,0.006606215101344119,0.010146058996113747,0.06734469514360075
2022-03-30,-0.005632005457238942,-0.0015788321975782273,-0.004053173259660713,0.03238830094733756
2022-03-31,0.0031283714040957963,0.0010722612942491716,0.0020561101098466247,0.029111249821723778
2022-04-01,0.0014130182837208656,0.0003787688127907373,0.0010342494709301292,-0.02101478532150079
2022-04-04,0.0015265569349909372,0.0013753262707800074,0.00015123066421092977,0.12106983790925378
2022-04-05,-0.0011094946278445692,-0.00011201722051961782,-0.0009974774073249518,0.07474475572003529
2022-04-06,0.005252296624484505,0.0021354059794080208,0.0031168906450764837,0.07744137016320908
2022-04-07,0.003937968496699274,0.001194185752962988,0.002743782743736285,-0.09842430634968369
2022-04-08,0.0036057780624624515,0.0018933926658934418,0.001712385396569007,0.08730511708005222
2022-04-11,-0.004846416302034109,-0.0012991606204817482,-0.0035472556815523606,0.047307116134950665
2022-04-12,0.004145876421016235,0.0019785287481145154,0.0021673476729017196,-0.2702518049842855
2022-04-13,0.002285168076531123,0.00010697809859215937,0.0021781899779389664,-0.1307675771427206
2022-04-14,-0.015390872891946343,-0.005892206658887503,-0.009498666233058839,0.20047072436373045
2022-04-15,-0.006481022271742337,-0.0031578488255444397,-0.0033231734461979003,-0.07297698447621118
2022-04-18,0.010468735362324694,0.0033961276283747998,0.007072607733949894,-0.2750845404057136
2022-04-19,-0.0033534053423199196,-0.000975398408309399,-0.0023780069340105184,0.10922212246251223
2022-04-20,-0.016627146044639402,-0.006129392682219171,-0.010497753362420235,0.14945060452633407
2022-04-21,0.006276630982749101,0.0035081168673271055,0.0027685141154219963,-0.1858532482400727
2022-04-22,0.008277091054408778,0.0035012242498610163,0.004775866804547762,-0.2376336590683325
2022-04-25,-0.010047335041341494,-0.003410932932264712,-0.00663640210907678,-0.10218658148328214
2022-04-26,-0.013286498356931662,-0.005663147225954399,-0.0076233511309772625,-0.18171407852049143
2022-04-27,-0.005835521430395234,-0.0007112205864856817,-0.0051243008439095525,0.2253629443424589
2022-04-28,-0.01214246475879165,-0.004816816907234206,-0.007325647851557444,-0.028473247421957993
2022-04-29,0.014552374140448056,0.0053350936341519705,0.009217280506296086,0.25039487843143415
2022-05-02,-0.0015274384904604202,-0.0012964324753334151,-0.0002310060151270053,-0.21889091338903838
2022-05-03,0.012973136789885396,0.004867833039865363,0.008105303750020035,-0.2785742530167462
2022-05-04,-0.011766742211727346,-0.003292274708744572,-0.008474467502982773,-0.20360556605064106
2022-05-05,-0.017708017298304575,-0.0049697031397625685,-0.012738314158542008,-0.08706538761010807
2022-05-06,-0.014020508959699236,-0.004989067105994498,-0.009031441853704737,0.007050156903070593
2022-05-09,-0.006127163379181894,-0.002342159637838954,-0.003785003741342941,0.25916369223623004
2022-05-10,0.00048664553735489405,0.0005330039518057217,-4.635841445082764e-05,-0.20712138545580785
2022-05-11,0.01789705441266936,0.004265457240091829,0.013631597172577533,-0.08637941821133248
2022-05-12,-0.013143102838466036,-0.003967607560596102,-0.009175495277869934,0.19275038097706634
2022-05-13,-0.005760691393462948,-0.0019688819792301575,-0.0037918094142327906,-0.05316997845222861
2022-05-16,0.011713046641135993,0.003969017785422125,0.007744028855713866,0.23072078827825548
2022-05-17,-0.0030871985981796076,-0.0018986200344892974,-0.0011885785636903102,-0.04160078893140145
2022-05-18,0.01523534691367332,0.003577475265597362,0.011657871648075958,-0.11162011632629198
2022-05-19,-0.0024272329288383427,0.00035593738349379983,-0.0027831703123321434,-0.18052710209436218
2022-05-20,-0.00662526222147842,-0.0037548122740355423,-0.0028704499474428774,0.12099325580726515
2022-05-23,-0.011440761915886655,-0.003561584704812525,-0.007879177211074131,-0.00935649208318639
2022-05-24,0.009489354311186481,0.0031704474574379762,0.006318906853748505,-0.047616224045400425
2022-05-25,-0.0006910885724402291,0.0008384672046240814,-0.0015295557770643106,0.138736466479006
2022-05-26,-0.0038491925235958663,-0.0033640622801315266,-0.00048513024346433925,0.11590211951452788
2022-05-27,0.012243497043436868,0.001237713887737005,0.011005783155699864,-0.008401760922661226
2022-05-30,0.009105096270705099,0.0010924101761576994,0.0080126860945474,-0.07839402604739341
2022-05-31,-0.0006246779131976706,0.0024871279612325645,-0.003111805874430232,0.07000346663173718
2022-06-01,-0.006435066104842662,0.00039807548070923664,-0.006833141585551899,-0.13063947181013813
2022-06-02,0.005107496171585188,0.0017442310879357721,0.0033632650836494162,0.1273724787858782
2022-06-03,-0.007878006267390578,-0.0018491229255444717,-0.006028883341846107,0.027779459415115372
2022-06-06,0.007230841107767463,0.002217421287092399,0.005013419820675064,0.1838425929518465
2022-06-07,0.0015645936502277902,0.000748025127603285,0.0008165685226245063,0.11513425416804887
2022-06-08,0.010394973858539344,0.0034924935970937314,0.006902480261445612,0.05065953607383926
2022-06-09,0.006170013918718955,0.0014784047031688018,0.004691609215550152,0.22637748642383826
2022-06-10,0.003042032417604996,0.001495578826186783,0.0015464535914182136,0.05065799580663469
2022-06-13,0.012848404861298353,0.003135316296380194,0.009713088564918159,0.13494812143463428
2022-06-14,0.002838014299635808,0.0031244223884815403,-0.000286408088845733,0.12479946988128544
2022-06-15,0.008559965545237597,0.005846933391314735,0.0027130321539228647,0.12511154146351658
2022-06-16,0.007135510680465967,0.0024821878711861725,0.004653322809279795,0.12408591078029538
2022-06-17,0.006927548483644707,0.002097034137825528,0.00483051434581918,-0.10141735542953648
2022-06-20,0.005849674310923755,0.0012805393741908543,0.0045691349367329,-0.06044917014065341
2022-06-21,-0.004432706906386245,-0.001045284940994908,-0.003387421965391337,-0.054883805884124115
2022-06-22,-0.0029184820759405572,-0.001779163631632108,-0.0011393184443084497,-0.0843307717366089
2022-06-23,-0.003340527032593075,-0.0005162875390872347,-0.0028242394935058387,-0.05442426088273484
2022-06-24,-0.005405190293320709,-0.0029552512256191695,-0.0024499390677015405,0.07156958089801503
2022-06-27,-0.0032034701863660484,-0.00036920092923457305,-0.0028342692571314745,0.05323541202071998
2022-06-28,0.004363574168739344,0.0029225416644025064,0.0014410325043368384,0.2936479351817703
2022-06-29,0.0032261630392705688,-0.0005783909962236993,0.0038045540354942676,-0.08319370950462845
2022-06-30,0.018731245441377914,0.008395714600576126,0.010335530840801787,0.1829956960257078
2022-07-01,-0.004457738099992975,0.00021604617261318168,-0.004673784272606157,-0.11043907411176344
2022-07-04,0.01017754921231357,0.004228307531596066,0.005949241680717497,0.17107788608610333
2022-07-05,-0.005924740438769409,-0.00016904692079752065,-0.0057556935179718886,-0.22079015418879372
2022-07-06,0.009464029075295175,0.004725956848229535,0.004738072227065639,0.03521288920532573
2022-07-07,-0.012338335367314613,-0.004808190798598857,-0.0075301445687157575,-0.1629762103674881
2022-07-08,0.002206226163378208,0.0017025965571700477,0.0005036296062081594,-0.020690880906002063
2022-07-11,-0.00792321490814621,-0.0032981173491807687,-0.004625097558965443,0.19445586912964213
2022-07-12,-0.001165156547759511,-0.000305916224405934,-0.0008592403233535777,-0.15332349873211226
2022-07-13,0.01165941101454043,0.0037110921888648947,0.007948318825675534,-0.25705871451096457
2022-07-14,-0.007741642175622732,-0.0015223281637082933,-0.0062193140119144365,-0.09168145246465814
2022-07-15,-0.016354567747372102,-0.004925516728721522,-0.011429051018650578,0.34326729834937386
2022-07-18,-0.005155535156538398,-0.001953483766787832,-0.003202051389750567,0.3824722029466879
2022-07-19,0.022096961077538967,0.006348143946527822,0.015748817131011145,0.14013438867526049
2022-07-20,0.026244056555732035,0.00891345195445574,0.017330604601276296,0.07974296849029466
2022-07-21,0.007626740794958146,0.004909643311689655,0.0027170974832684894,-0.04954969599540588
2022-07-22,0.004583747814632736,0.0004304275982456064,0.004153320216387129,0.012716073964138064
2022-07-25,-0.0026848144532293917,-3.23003989485815e-07,-0.002684491449239908,0.09340130960861567
2022-07-26,0.0006858477181699027,0.0011939014186160262,-0.0005080537004461243,-0.05011323406587083
2022-07-27,0.0054695552884315435,0.001339879852716162,0.0041296754357153815,0.09590524961576143
2022-07-28,-0.0025363667654081513,-0.001855638911650634,-0.0006807278537575173,-0.05477658622321824
2022-07-29,0.004731313172506937,0.00033135895615683635,0.004399954216350098,0.1693906776681385
2022-08-01,-0.002375841072272542,-0.0002563495791668381,-0.0021194914931057032,0.11272786161814242
2022-08-02,0.007644066678857513,0.001822432660958469,0.005821634017899044,-0.05717504871384044
2022-08-03,0.005526020052555631,0.0022602030155743046,0.003265817036981326,-0.06574626381430679
2022-08-04,-0.002823879059827474,-0.0026926021809905486,-0.0001312768788369256,0.14442869347840778
2022-08-05,-0.0034665051347760106,-0.0036501431189069483,0.00018363798413093685,0.2644113246812277
2022-08-08,0.007207904818638841,0.0036712530503453782,0.0035366517682934627,0.00878850763779032
2022-08-09,0.015038075954276718,0.008307994074918341,0.006730081879358377,-0.11266611526850401
2022-08-10,0.0004921844630410349,-0.00014852638352002472,0.0006407108465610605,0.06893223694723445
2022-08-11,-0.005788834514424785,-0.004165178016914525,-0.0016236564975102593,0.17561494235721234
2022-08-12,0.002880770280401179,0.0018409936806463231,0.001039776599754856,0.11326240953023951
2022-08-15,0.00896133213905823,0.0027699360781808756,0.0061913960608773536,0.2704537456749664
2022-08-16,0.0053819499431733905,0.0014853730927324282,0.0038965768504409626,-0.049129475056534574
2022-08-17,0.01259724471762165,0.005551864506190076,0.007045380211431572,-0.013396440706792537
2022-08-18,-0.0026491480368352653,-0.0011840246671803827,-0.0014651233696548818,0.09842092719212397
2022-08-19,-0.0007634436570067547,8.70987871586541e-05,-0.0008505424441654095,-0.004575961402952792
2022-08-22,0.005086553571608808,0.0015662650579357177,0.00352028851367309,-0.09126360420322405
2022-08-23,-0.00024180461305215622,-0.0013821593179415984,0.0011403547048894434,0.122934710146041
2022-08-24,-0.004710497861840935,-0.0011429032321815524,-0.0035675946296593822,0.033990409324310904
2022-08-25,0.006358031614050057,0.002674370421229754,0.003683661192820304,-0.07620744437505866
2022-08-26,0.0013968258929823855,0.0011613698574461347,0.00023545603553625058,-0.048404296630416975
2022-08-29,-0.003780947090367662,-0.0014640911296006968,-0.002316855960766965,0.0928619901960749
2022-08-30,-0.0026075862761705303,-0.0016249372498267967,-0.0009826490263437331,0.12713229491677497
2022-08-31,0.0049216398190498,0.001213856402091108,0.0037077834169586916,0.0006479265035389258
2022-09-01,0.006045331934990967,0.0021176180083051915,0.003927713926685776,0.14231987390046108
2022-09-02,2.9926955935696484e-05,-0.00023161734989421076,0.00026154430582990724,0.04155314783263006
2022-09-05,0.0054391267575216624,0.0028858791899698997,0.002553247567551764,0.08652005131588075
2022-09-06,0.001731545062319979,0.0002597852488912082,0.0014717598134287684,0.10738885972948596
2022-09-07,0.004142040601626086,0.0024480834681476684,0.0016939571334784174,-0.07846544923088968
2022-09-08,0.004487755787403008,0.0025952653597518657,0.001892490427651142,0.1151070512263928
2022-09-09,-0.0038381186739938097,-0.0012302821805754462,-0.002607836493418364,0.20554958647350374
2022-09-12,0.005026274069760482,0.0030600578723385483,0.001966216197421931,0.011805065927832925
2022-09-13,0.009371050287183054,0.0030173772939177113,0.006353672993265339,-0.21849085104224497
2022-09-14,0.0005244799771677599,0.00034091826490750647,0.00018356171226025213,0.011547529581893675
2022-09-15,-0.013820567277974323,-0.005731104986270483,-0.00808946229170384,0.08732109787331359
2022-09-16,0.0005592330501649548,-0.0013941023828771236,0.0019533354330420784,0.21685415512914394
2022-09-19,0.004774065666308879,0.0019482947836685575,0.002825770882640321,0.11827806056029014
2022-09-20,0.01367833595517328,0.004268499771877474,0.009409836183295807,-0.010425409152591013
2022-09-21,0.00704315173710659,0.00377607272158882,0.0032670790155177694,0.19008235690194772
2022-09-22,-0.0005663791751136173,0.001276881444227558,-0.001843260619341175,0.10995760289466343
2022-09-23,0.011281584669726707,0.005867024471474504,0.005414560198252207,0.15560272675404588
2022-09-26,0.005311159958771678,0.001900973633870184,0.0034101863249014937,0.14410126979178614
2022-09-27,0.007905406824880765,0.00393640733515225,0.0039689994897285155,0.07783841008205533
2022-09-28,0.007694813967897023,0.005604742185231059,0.002090071782665962,-0.06136125529647653
2022-09-29,0.0037478764765348687,0.0004904190991026252,0.0032574573774322426,0.012776694745730652
2022-09-30,-0.0032760914506036257,-0.001136783755502935,-0.0021393076951006906,-0.14337915848722674
2022-10-03,0.0004893209481272069,-0.0003506235368017675,0.0008399444849289742,0.16172978845322095
2022-10-04,-0.007463878395133475,-0.002322875456932885,-0.0051410029382005906,0.1901383077985857
2022-10-05,0.008275470171968452,0.0026170140748927803,0.005658456097075671,0.12843467098151704
2022-10-06,0.00859448496466594,0.003308411862686487,0.005286073101979453,-0.11282361132750453
2022-10-07,0.005664621111339684,0.002894760091870289,0.0027698610194693968,0.12405268362850655
2022-10-10,-0.004937962419684732,-0.0021178615827678847,-0.0028201008369168486,0.14269286764925718
2022-10-11,0.005655951595377876,0.002801222467419539,0.002854729127958337,0.09483745381360265
2022-10-12,0.006427869894970388,0.001602079428287044,0.004825790466683344,0.1473630805797425
2022-10-13,0.004212584939125604,0.001299083906238876,0.002913501032886726,-0.08204954233270838
2022-10-14,0.005850177676991226,0.002717856999973005,0.00313232067701822,0.2600380628292395
2022-10-17,-0.003345598079370893,-0.00013038248544356215,-0.0032152155939273305,-0.23741704649344467
2022-10-18,0.013125591769939288,0.0069074701221312,0.0062181216478080885,0.18190563039690982
2022-10-19,-0.011013693701793368,-0.00441261845717191,-0.006601075244621459,0.03962304955941257
2022-10-20,0.008299261980840515,0.002327022370264783,0.005972239610575732,-0.03537227439874099
2022-10-21,0.0019172834437197843,0.00025354658937511154,0.0016637368543446726,-0.04170092637173301
2022-10-24,-0.0016954040369068476,0.000671201497575288,-0.0023666055344821347,-0.04813436171608065
2022-10-25,-0.002418534555646204,-0.0011626317358864784,-0.001255902819759726,-0.11002875608741101
2022-10-26,-0.0027512644428788224,-0.001238024238308991,-0.001513240204569831,0.018066789772270303
2022-10-27,-0.005946733220268509,-0.0027760744407952813,-0.003170658779473228,-0.3286718224228904
2022-10-28,0.0008392287243058928,-0.0008909229928969805,0.0017301517172028736,0.10385981615703364
2022-10-31,-0.01622049942128856,-0.00638552645562489,-0.009834972965663668,0.08615541986670314
2022-11-01,0.005962697591666436,0.0026629044273740717,0.003299793164292364,-0.0513886763738809
2022-11-02,0.003941447501238533,0.0009547506487372554,0.0029866968525012775,0.17544404180392326
2022-11-03,-0.002487684578303432,-0.0015002280472699754,-0.000987456531033458,0.2801366498661282
2022-11-04,0.00850127916388528,0.002066609155501442,0.006434670008383839,-0.082314314583671
2022-11-07,0.015620242654440078,0.005546319391108482,0.010073923263331598,0.07424060483775814
2022-11-08,-0.004572672883297049,-0.0004068959446562881,-0.004165776938640762,-0.01980975142120475
2022-11-09,0.00426542822131071,0.0015186620157301711,0.0027467662055805434,-0.07691705582590667
2022-11-10,-0.0011429836903028632,-0.0002539803867241189,-0.0008890033035787431,0.09829751316945344
2022-11-11,-0.004287533968610487,-0.0014500790113212,-0.0028374549572892874,-0.054800191577807876
2022-11-14,0.007340647221426862,0.0032998020769984364,0.004040845144428425,0.06707128211851457
2022-11-15,-0.003906749602520063,-0.0006404249818379292,-0.0032663246206821334,0.18493998001414458
2022-11-16,0.0038751915995523566,0.0008795651004081663,0.00299562649914419,0.16976329121201647
2022-11-17,0.00813046211280751,0.002381652421818539,0.005748809690988971,0.1610409243099523
2022-11-18,0.008806529926583602,0.003080532207509086,0.005725997719074515,-0.05559626089184381
2022-11-21,0.008068328454164133,0.005027554977888893,0.00304077347627524,-0.035001921486149355
2022-11-22,-0.0027670843955921705,0.00010901942634630041,-0.0028761038219384735,-0.17704509298945395
2022-11-23,-0.0017927124519422559,0.0006277917816038068,-0.002420504233546063,0.19356907356051636
2022-11-24,-0.010090774020740087,-0.0028675063254461706,-0.007223267695293917,0.12227507721048994
2022-11-25,0.010074615453887605,0.0022144942419649333,0.007860121211922673,-0.05188379104469228
2022-11-28,0.005647988801187275,0.0023627047330275763,0.0032852840681597,-0.1760583597781494
2022-11-29,-0.002602625805426733,-0.001300579153627062,-0.001302046651799671,0.1200393416738644
2022-11-30,-0.007786467237158735,-0.002809190263157065,-0.004977276974001671,0.016229287568742663
2022-12-01,0.005864506580930257,0.0013936381359967338,0.0044708684449335226,-0.07120483834131434
2022-12-02,0.0007491335464160204,0.0003106997724111318,0.0004384337740048873,-0.07180223629147493
2022-12-05,-0.0033379099302905412,-0.0022022150020326228,-0.001135694928257919,0.11511053401333449
2022-12-06,-0.003544702964348945,-0.0019529662463286341,-0.0015917367180203097,0.08292652801825642
2022-12-07,0.0059780161763650155,0.0032698301553726787,0.002708186020992338,0.16964661339869633
2022-12-08,0.004223216172979587,0.0027723122638993528,0.0014509039090802346,0.26245186087518374
2022-12-09,0.008305746849803439,0.0020134541827536937,0.006292292667049747,-0.04344271493327115
2022-12-12,0.012393345144071637,0.0050658525004291625,0.007327492643642474,0.13404013646492752
2022-12-13,-0.0025895204073114932,-0.0018112420937694562,-0.0007782783135420357,-0.0043298300527546164
2022-12-14,0.0060435428651183405,0.001406250932779388,0.004637291932338952,0.06782205839532097
2022-12-15,-0.00019113183950859392,-0.000501732680795253,0.0003106008412866578,0.03313136622261667
2022-12-16,0.003198471194407522,0.0005889291882907833,0.0026095420061167376,-0.08921481717801077
2022-12-19,0.0019309754642101657,0.0024604787833279566,-0.0005295033191177918,0.1315193181508732
2022-12-20,-0.004676283561495765,-0.002459153204981399,-0.0022171303565143657,-0.024676021553149907
2022-12-21,0.006708703940862736,0.002991590284658915,0.0037171136562038215,-0.07252881466395021
2022-12-22,-0.0012455585144831055,-5.99039560276347e-05,-0.0011856545584554715,0.05288885283256783
2022-12-23,-0.00374878968671785,-0.0030766428937483896,-0.0006721467929694597,-0.11606743168199582
2022-12-26,0.0029529741442877924,0.0009319642348325392,0.0020210099094552514,-0.068948376558004
2022-12-27,-0.00539686182460729,-0.0028688824576236305,-0.0025279793669836584,-0.03014264447314537
2022-12-28,-0.0030568059220174495,-0.001583771696054363,-0.0014730342259630857,0.16849031459387512
2022-12-29,-0.0013345823198217329,-0.0020866654887677447,0.0007520831689460123,0.10648235030593473
2022-12-30,0.007608738305745248,0.0023372027140632166,0.00527153559168203,-0.06751579760269322
2023-01-02,0.004490982994348044,0.001512440658518203,0.002978542335829841,-0.06434097920270922
2023-01-03,-0.0028517361970458585,-0.0024882267031769,-0.0003635094938689576,0.23947443489326353
2023-01-04,-0.002541354380653148,-0.0013997201273635263,-0.0011416342532896227,0.025224033416878844
2023-01-05,0.009761273424356037,0.0025167893980172565,0.007244484026338781,0.2624654086504648
2023-01-06,0.0009885346230196117,-0.0002737693685325197,0.0012623039915521305,0.09366794589569273
2023-01-09,0.016566603459877965,0.0030675913488773226,0.013499012111000644,-0.009283898450441908
2023-01-10,0.004692527917662888,0.0009167803965487546,0.003775747521114134,0.04692605249306335
2023-01-11,-0.0004164689427766,0.00016884812203891118,-0.0005853170648155107,-0.07280444443635303
2023-01-12,0.00204639675978436,0.0005031881396043688,0.0015432086201799915,-0.05662568931198498
2023-01-13,-0.004043980489342602,-0.0022764858244359917,-0.0017674946649066103,0.13461808115832774
2023-01-16,-0.002682623583366975,9.114128892982395e-05,-0.0027737648722967988,0.16858723451602692
2023-01-17,0.0067469239150871625,0.002671531239435697,0.004075392675651466,0.14760978261706525
2023-01-18,0.006874684034756602,0.0029172511607785685,0.003957432873978033,0.00688615847698183
2023-01-19,0.005107195015473401,0.0022377155737289905,0.0028694794417444113,-0.03448807735237762
2023-01-20,0.0002793461937704606,-0.0013011879062638856,0.0015805341000343469,-0.05514809070356531
2023-01-23,-0.0014290141585584213,2.425252420716964e-05,-0.0014532666827655923,-0.126900901630727
2023-01-24,-0.002235415695121973,-0.0011428013304073154,-0.0010926143647146573,0.006734177875843134
2023-01-25,-0.006167446673809251,-0.004050043874330722,-0.0021174027994785277,-0.20966239552369637
2023-01-26,0.0002921323849186299,0.0001750232650330058,0.00011710911988562639,0.07968546936463596
2023-01-27,-0.00822130570659998,-0.0048363886292761985,-0.003384917077323783,-0.24333295279184844
2023-01-30,0.0033000345448981074,0.00037246678602328607,0.00292756775887482,0.07424382566763119
2023-01-31,-0.009592766810903914,-0.004381449136717594,-0.005211317674186321,-0.172216232467843
2023-02-01,0.003087383509443432,0.00013936714411683093,0.0029480163653266035,0.1782506960321779
2023-02-02,-0.008551351410028394,-0.0023442675319514947,-0.0062070838780769,-0.12800532734432254
2023-02-03,0.00825088157278913,0.0017549112615195313,0.006495970311269599,-0.12601842750917583
2023-02-06,-0.006199096158753291,-0.002770177301932769,-0.0034289188568205203,-0.02091253010120453
2023-02-07,-0.006410349042791916,-0.002834316293617129,-0.0035760327491747863,0.17223564270599534
2023-02-08,-0.0012493865626124956,-0.0003628428062203391,-0.0008865437563921538,0.04021802013263373
2023-02-09,0.008804783401471613,0.004213343885492278,0.004591439515979338,0.0018956262389454043
2023-02-10,0.00240023102866637,-0.00043010630299797456,0.002830337331664344,0.018069331007879844
2023-02-13,0.00022764947774256286,-0.003750035381708875,0.003977684859451439,-0.20954124991446038
2023-02-14,0.0008975628200364066,-0.0013232761336555883,0.002220838953691996,-0.061354622841523314
2023-02-15,-0.01497685818867233,-0.008209642198098686,-0.006767215990573637,-0.37452394040243625
2023-02-16,-0.003721922686280843,-0.003331639190603513,-0.000390283495677329,-0.44423078323392706
2023-02-17,-0.022047194533488256,-0.012019755477507027,-0.01002743905598123,-0.29667886538710686
2023-02-20,-0.04426582491345332,-0.024070684262187433,-0.02019514065126589,-0.3397448629443065
2023-02-21,-0.03681389156055882,-0.027192326312487376,-0.009621565248071444,0.567670404875096
2023-02-22,-0.045425919286288585,-0.030697413182468155,-0.014728506103820423,0.350025373234468
2023-02-23,0.055856683428723325,0.02600543048539422,0.0298512529433291,0.27479418948008855
2023-02-24,0.032073116925182964,0.021868089398546585,0.010205027526636379,0.48799854964566103
2023-02-27,0.016662712398702196,0.011520551076701246,0.005142161322000951,0.1137138838796043
2023-02-28,0.028227786026949434,0.0164935104755363,0.011734275551413135,0.4262433707325556
2023-03-01,0.006182071183797154,0.005457492149702422,0.0007245790340947335,0.25354753167410393
2023-03-02,0.027124568181029363,0.016089505428833525,0.011035062752195846,0.01320643336445698
2023-03-03,0.014893020189476016,0.00784844326558159,0.0070445769238944266,-0.1664011383902329
2023-03-06,0.0007288006076567734,0.0010219567708573095,-0.0002931561632005357,-0.2478753302710569
2023-03-07,-0.01341322146081754,-0.01032365334246859,-0.0030895681183489496,-0.1434541483328715
2023-03-08,-0.01443639394797124,-0.005421724103238358,-0.009014669844732884,-0.28146750428389306
2023-03-09,-0.008305199613423117,-0.003520727196826328,-0.004784472416596788,-0.0732183755170102
2023-03-10,-0.017969914406907726,-0.00693364829474306,-0.011036266112164664,0.12196947177751338
2023-03-13,-0.004288801857339007,-0.0037866371198398696,-0.0005021647374991375,0.2525874828255839
2023-03-14,0.0065351035854970254,0.004517755832584338,0.0020173477529126863,-0.31719790447888796
2023-03-15,0.016630620029318983,0.006067429765830805,0.010563190263488181,0.05641368471952507
2023-03-16,-0.018054798969018928,-0.0064746861767014646,-0.011580112792317465,0.11849866784256038
2023-03-17,0.0032820616486246316,0.0016949199545485162,0.0015871416940761128,-0.18117719777241614
2023-03-20,0.00727229092873902,0.0040592047127387156,0.003213086216000304,0.22849642329037978
2023-03-21,-0.009903382522422751,-0.005874347156271214,-0.004029035366151538,-0.0028624183308569484
2023-03-22,0.012011612807620803,0.004995188829489123,0.007016423978131681,-0.24636844352690832
2023-03-23,-0.00015046256253380792,-0.00081928987677953,0.0006688273142457218,0.03768322556037264
2023-03-24,-0.01217588214894137,-0.004929660251531064,-0.007246221897410306,-0.03390102350423698
2023-03-27,0.0018292977590595198,0.0008817621442826148,0.0009475356147769054,0.031808898166700295
2023-03-28,-0.0019832862960889068,-0.0016797643332468852,-0.0003035219628420207,-0.13837876608774327
2023-03-29,0.0018537019621458386,0.0007740521187373649,0.0010796498434084735,0.22439486151140237
2023-03-30,-0.00895400273907305,-0.0040764047853357,-0.004877597953737351,0.18464412489943155
2023-03-31,0.014996598189420134,0.004788767688277296,0.010207830501142837,0.21254110869656462
2023-04-03,0.011972222338413774,0.0034953372204231704,0.008476885117990605,-0.27336967732273604
2023-04-04,0.014621274773879428,0.006155199959660344,0.008466074814219085,0.03478148050383745
2023-04-05,-0.01754249320660117,-0.006597185551828692,-0.010945307654772477,0.043204281724205866
2023-04-06,0.002197330317646461,0.0010231562736792831,0.0011741740439671772,0.0638136382639145
2023-04-07,0.0028708282127215116,0.0004144614384321878,0.0024563667742893217,0.15080198926718597
2023-04-10,0.004091222422453883,0.0007096226578469245,0.003381599764606958,-0.08312161306545796
2023-04-11,0.010218779738239552,0.0035156412258231995,0.006703138512416353,0.11494903589210138
2023-04-12,-0.00585416987671511,-0.004644195553655556,-0.0012099743230595504,-0.13887807966353913
2023-04-13,0.006654188128285698,0.003471768357911381,0.003182419770374317,0.018198963106660325
2023-04-14,-0.008454603561678544,-0.004384740885954929,-0.004069862675723616,0.0488259426806538
2023-04-17,0.001117029102416691,-0.002027220053778553,0.003144249156195245,-0.20500640473196524
2023-04-18,0.003038455332881232,0.0009817427748063622,0.0020567125580748698,-0.21073833153277047
2023-04-19,-0.01872601556470152,-0.01274949775671792,-0.005976517807983601,0.21528547423988706
2023-04-20,-0.018266424955811156,-0.012075425214567552,-0.006190999741243604,-0.1731476206630879
2023-04-21,0.01806475582426219,0.010482624575416911,0.007582131248845277,-0.27239556176559343
2023-04-24,-0.011267104912860102,-0.005774148744547931,-0.005492956168312172,0.06046285602810255
2023-04-25,-0.018587478988039967,-0.009124879409804443,-0.009462599578235528,0.3467039592726934
2023-04-26,0.004787042785779861,-0.004025903106945682,0.008812945892725545,0.07041524042968274
2023-04-27,0.023142679951623772,0.010010194016404057,0.013132485935219713,0.08501079971211478
2023-04-28,0.00459253831593643,0.002142976879210806,0.0024495614367256273,0.056107900491227415
2023-05-01,0.0053757875582521614,0.002600715295516414,0.002775072262735748,0.2819769473128233
2023-05-02,0.004101765717012042,-0.0003799986885567874,0.0044817644055688294,0.016781527390633075
2023-05-03,0.021547816831821987,0.010355796881859728,0.011192019949962259,-0.09633650705542997
2023-05-04,0.001215475490556732,-0.0015101019608985905,0.0027255774514553235,-0.02162974566708725
2023-05-05,-0.006224809310306593,-0.001810517359175607,-0.004414291951130984,0.04662517235697062
2023-05-08,-0.0012273094160378994,-7.764557395964489e-05,-0.0011496638420782548,-0.03133185417210806
2023-05-09,0.0028869253201965605,0.0027072468138900213,0.00017967850630653918,0.03684920014551401
2023-05-10,-0.0015095938682467029,0.00017223047973217477,-0.0016818243479788768,-0.07777172553074659
2023-05-11,0.0022010555326563647,0.0004714826918993942,0.0017295728407569697,0.1451740502040899
2023-05-12,-0.005243820493405386,-0.003768951346323558,-0.0014748691470818278,0.0988904418218414
2023-05-15,0.007973699743130107,0.0034801218442779185,0.004493577898852188,0.13255332492922312
2023-05-16,0.005079684515236604,0.003376910060964011,0.0017027744542725924,0.01942272285642539
2023-05-17,0.007249282726478134,0.004296047675864523,0.0029532350506136116,-0.09827599736613923
2023-05-18,0.0011869144590227663,0.0011944439177737805,-7.529458751013782e-06,0.033658573970591035
2023-05-19,-0.006142221786752201,-0.0017338396725167004,-0.004408382114235499,0.06252191000522898
2023-05-22,0.0016637008177814308,0.0004042517877276431,0.0012594490300537869,0.056808182387395524
2023-05-23,0.0032770373744838515,0.0014490166509986062,0.0018280207234852453,0.07479582742860984
2023-05-24,0.0029112653504737886,0.00037401050944415107,0.002537254841029634,-0.09159780223766875
2023-05-25,0.004486186486460529,0.001074795640696665,0.0034113908457638637,-0.1226491695078082
2023-05-26,-0.005418224422376676,-0.0020746528011958915,-0.003343571621180783,-0.12808196054053841
2023-05-29,-0.006713300928690072,-0.0044170672147621475,-0.0022962337139279254,0.12879856723116725
2023-05-30,-0.006697224369157901,-0.00450943964435015,-0.002187784724807751,0.163064373405366
2023-05-31,0.006702997682751071,-0.00014610680458140585,0.006849104487332476,-0.22336313738067376
2023-06-01,0.009080919417467127,0.0021187566124930696,0.006962162804974057,-0.27392188390535366
2023-06-02,-0.013807639492920637,-0.009796493211600324,-0.004011146281320314,0.030660048914608613
2023-06-05,-0.018166198610015484,-0.01173889775851824,-0.006427300851497245,-0.41045671079329454
2023-06-06,0.0018638756859590238,0.00012449109728042244,0.0017393845886786042,0.48030795779633223
2023-06-07,-0.028375514801108392,-0.016526316496750813,-0.011849198304357579,-0.17570734281912395
2023-06-08,0.030416685489946943,0.016285056882829732,0.014131628607117213,0.17052989262819834
2023-06-09,-0.009912990191775104,-0.004856050614799195,-0.005056939576975909,-0.17649583770351718
2023-06-12,0.008697152964479668,0.005531194870245304,0.0031659580942343633,-0.02982554373866877
2023-06-13,-0.00809416262194675,-0.004178213591562842,-0.003915949030383908,-0.24936017652070003
2023-06-14,-0.001323294899204724,-0.0016638978386596505,0.00034060293945492766,0.04067615173909811
2023-06-15,-0.012827792237572265,-0.007381236769604049,-0.005446555467968218,0.13603305395424045
2023-06-16,0.002207649068040822,0.00044476020206800186,0.0017628888659728219,-0.03446992795921892
2023-06-19,0.006954070287388383,0.003302757398868623,0.0036513128885197615,0.01318835099794782
2023-06-20,-0.0017469229399630878,-0.0024314894637325613,0.0006845665237694767,-0.06660096677329508
2023-06-21,0.0006369472545327932,0.000605475669523421,3.14715850093728e-05,0.3535690512009251
2023-06-22,-0.0039054329037333615,-0.00491879308531331,0.0010133601815799503,0.04814591999593066
2023-06-23,0.021790429310404362,0.00986026820771304,0.011930161102691322,0.08746217475222605
2023-06-26,0.003031677944795123,0.0014243243052725237,0.0016073536395226004,-0.22037987640488663
2023-06-27,0.0039482920391552346,0.001586349450478492,0.0023619425886767416,0.1244905596804754
2023-06-28,-0.012197801464064868,-0.005914558762050081,-0.006283242702014786,0.1335580344239371
2023-06-29,0.006762650318405145,0.002898414787566162,0.0038642355308389827,0.29014545079551274
2023-06-30,0.008783927496587183,0.00548619276047521,0.0032977347361119727,-0.24269701330450047
2023-07-03,0.01792886284463598,0.010193456523324396,0.0077354063213115835,0.12909415621513112
2023-07-04,-0.01118963558111372,-0.005133943164809866,-0.006055692416303857,-0.11812703295687711
2023-07-05,0.006488124201397484,0.003763718613417101,0.002724405587980384,-0.2629222393105029
2023-07-06,-0.006617183561762882,-0.003928940424421715,-0.002688243137341166,-0.052021643641267684
2023-07-07,-0.01589946363975598,-0.006062543310384573,-0.009836920329371404,0.24812510880313154
2023-07-10,-0.0034941327510475736,-0.0016538942528354673,-0.001840238498212107,0.11273968331698436
2023-07-11,0.01313642789743,0.008768656409705988,0.00436777148772401,-0.09099531392189047
2023-07-12,0.005862486549425952,0.0033328795781352146,0.002529606971290738,-0.17042994449004154
2023-07-13,-0.004742449162671766,-0.002304548453131135,-0.002437900709540629,0.24061842084158916
2023-07-14,-0.008918180535076058,-0.0019435929855174691,-0.006974587549558588,0.022765530678891564
2023-07-17,0.013890206958445865,0.0061101408915373735,0.007780066066908491,0.0777597070661278
2023-07-18,0.0011957825975913642,0.0009986135160205145,0.0001971690815708491,0.03742409009403911
2023-07-19,0.0038033635821016127,0.0013539444846081459,0.0024494190974934677,0.07392296484263788
2023-07-20,0.0019844359658213423,0.002858645146259119,-0.0008742091804377771,-0.03385145024446451
2023-07-21,0.004664232754276267,0.0019343976211207217,0.002729835133155549,0.07203292385314132
2023-07-24,-0.001942058667466128,-0.0021115492668675566,0.00016949059940143257,-0.030215188481246023
2023-07-25,0.00387115248325214,0.0017240386636767028,0.0021471138195754366,-0.12411000435106001
2023-07-26,-0.0015324175850709094,0.0002362839957418747,-0.0017687015808127877,-0.06350107860594896
2023-07-27,-0.007602828536361301,-0.001490001990452007,-0.0061128265459092935,0.07512849784806078
2023-07-28,-0.0036018472500878402,0.00024006941143316866,-0.0038419166615210063,-0.11812043481693774
2023-07-31,0.004422922878756164,0.0017661688247005633,0.002656754054055601,0.06512150720540799
2023-08-01,-0.006110202156568165,-0.00283451785169733,-0.0032756843048708352,0.16425252865325018
2023-08-02,0.004130463348157835,0.0008514536170323907,0.0032790097311254426,0.12614693705126337
2023-08-03,0.011023041519330689,0.0029625418853329102,0.008060499633997777,0.04334416656030836
2023-08-04,0.007097429794696749,0.0014849427531859437,0.0056124870415108045,0.22082772239401974
2023-08-07,0.002524968367215853,0.0008057339010685423,0.0017192344661473113,0.155841744679409
2023-08-08,0.013165999382157425,0.0037128970080224626,0.009453102374134962,0.18024895618819542
2023-08-09,0.008398266573143446,0.0025117944030940966,0.005886472170049348,-0.021989451624549985
2023-08-10,0.011036787773007192,0.003688961466465571,0.0073478263065416185,-0.03528931952397549
2023-08-11,-0.0009098842411174931,-0.00037947026499725745,-0.0005304139761202363,-0.05729180001341659
2023-08-14,-0.001870282782837488,8.494700294127324e-05,-0.001955229785778762,0.052003809747088674
2023-08-15,-0.002713036186270449,-0.0013287199636730276,-0.0013843162225974214,0.02478963794813116
2023-08-16,0.0032360015883129956,-8.391145774359812e-05,0.0033199130460565916,-0.021833365448593607
2023-08-17,0.0016564396945471993,-0.0013870592892864905,0.0030434989838336894,0.17178722554438608
2023-08-18,-0.0014193115544358838,-0.0006778580053129549,-0.0007414535491229307,0.10281334246836311
2023-08-21,0.009425364617322775,0.004145964908424778,0.005279399708897997,-0.05497837888524627
2023-08-22,0.005913531442352912,0.0026339985887010465,0.0032795328536518627,0.047832868584107735
2023-08-23,-0.0033604180754296066,-0.0017363801665867637,-0.0016240379088428433,0.05870216736479819
2023-08-24,0.0029042575546333244,0.0010789840310406924,0.0018252735235926316,-0.010900635397743908
2023-08-25,0.0036538041320947653,-0.0005541041873672325,0.004207908319461997,0.06600880925286601
2023-08-28,-0.0006313056067273829,-0.000435141489142022,-0.00019616411758536113,-0.06650947162888751
2023-08-29,0.003924946863450878,0.002562536133819687,0.001362410729631192,-0.03816259014908678
2023-08-30,-0.0029970420424168375,-6.935653306005748e-05,-0.0029276855093567783,-0.06726229355295506
2023-08-31,-0.002313057469665119,-0.0006782807711496232,-0.0016347766985154964,0.10692989671844212
2023-09-01,-0.0033495226865527467,-0.0006660988974839122,-0.0026834237890688336,0.09416115666468354
2023-09-04,0.005479457277483264,0.0016534492425105771,0.0038260080349726867,0.08404763254720876
2023-09-05,0.004718576111410714,0.002288000511219093,0.002430575600191621,0.1804074616246711
2023-09-06,0.004615500983526044,0.0011310387119467698,0.0034844622715792754,0.014098794449964099
2023-09-07,0.009882060218906648,0.003474225618936215,0.006407834599970433,-0.08609314559819473
2023-09-08,0.0008729202410835631,-0.0018776624224176564,0.002750582663501219,0.07610097708362136
2023-09-11,-0.00500122317132419,-0.003294879247373257,-0.001706343923950933,0.20681240571554843
2023-09-12,0.003979015908148726,0.0016741842625691036,0.0023048316455796217,0.007053841250186477
2023-09-13,0.011467256766066747,0.004311136279261292,0.007156120486805454,0.0012553735807715677
2023-09-14,0.0004078183933058615,-0.0002569440173997607,0.0006647624107056216,-0.15018498424138788
2023-09-15,0.00021034798127679815,-0.0002651768276766067,0.00047552480895340227,-0.0075088937671502634
2023-09-18,-0.009434498833851123,-0.004145022353255448,-0.005289476480595675,0.16888503128163232
2023-09-19,-0.0003775598222484466,0.0006211514625838357,-0.000998711284832283,-0.016961415821634178
2023-09-20,0.00983445538634256,0.0032197232001583004,0.006614732186184254,-0.03177807772680161
2023-09-21,-0.0009512296406636229,0.0006832691218036455,-0.001634498762467268,-0.1884746150409936
2023-09-22,-0.001835429219694486,-0.000723103184934841,-0.0011123260347596434,-0.16870774369098798
2023-09-25,-0.012468995866325078,-0.004033425276132888,-0.00843557059019219,-0.255755730276809
2023-09-26,-0.010654573544518764,-0.004286597367440401,-0.006367976177078363,0.010955445160018099
2023-09-27,-0.029420365806757418,-0.01413972967513702,-0.015280636131620395,0.38270080263043826
2023-09-28,-0.00024096694018701636,0.003651727873095617,-0.0038926948132826378,0.24427969860706208
2023-09-29,0.036190173490263225,0.009413610730995663,0.02677656275926757,-0.3973958300195919
2023-10-02,0.019986953221934087,0.009968470158469422,0.010018483063464666,0.023131153519531163
2023-10-03,-0.02808955351248591,-0.00957362653431048,-0.01851592697817543,0.10117000442018226
2023-10-04,0.0014184683599030037,0.001630248184004323,-0.00021177982410131718,-0.21617760411803613
2023-10-05,0.0070689849096076335,0.001334391402872271,0.005734593506735362,-0.3495047418623181
2023-10-06,-0.015223413312179048,-0.005363376379025771,-0.009860036933153278,-0.36443467823818615
2023-10-09,-0.02284825484574772,-0.009062068459849804,-0.013786186385897917,0.2809931790758249
2023-10-10,-0.03097925741196616,-0.011612441414144636,-0.019366815997821522,0.17456614848414964
2023-10-11,0.024608303859112453,0.008553128142385295,0.016055175716727155,0.21952868063058242
2023-10-12,0.012854259043763642,0.005724861364538392,0.00712939767922525,-0.04124216830472156
2023-10-13,0.01599963717421398,0.008415333315731506,0.007584303858482473,0.06801833648309494
2023-10-16,-0.0029635630627888434,-0.0018586230143637743,-0.0011049400484250682,-0.08063322623871932
2023-10-17,0.005657050459767112,0.0031061196094588697,0.0025509308503082473,-0.13923694953351937
2023-10-18,-0.007574348826204164,-0.004556786961893742,-0.003017561864310422,-0.16728146088991633
2023-10-19,-0.011528020801720478,-0.005910474466770203,-0.005617546334950277,0.2655728116161149
2023-10-20,-0.013943761833070788,-0.005730177828399349,-0.00821358400467144,0.09132935088034674
2023-10-23,0.031282049714481855,0.008982619030199639,0.022299430684282216,-0.24939925489600392
2023-10-24,0.007505141519148254,0.0024794679354858094,0.005025673583662444,-0.024620051497738164
2023-10-25,-0.01811331418196841,-0.007466548682613792,-0.010646765499354616,0.1771464619937276
2023-10-26,-0.0019500955357188942,-0.0024811388398249474,0.000531043304106053,-0.06494034697100663
2023-10-27,0.014878392797606799,0.00478811344652743,0.01009027935107937,-0.051921511043775584
2023-10-30,-0.0052510600050298915,-0.002900140445582893,-0.0023509195594469978,0.22281256341552494
2023-10-31,-0.004503540277130505,-0.004017562845945571,-0.00048597743118493353,0.07112517278403194
2023-11-01,0.016306631007163133,0.006558760664671497,0.009747870342491638,0.17150084959950387
2023-11-02,0.004722865446468097,0.0015375908635439017,0.003185274582924195,0.22564678622174755
2023-11-03,0.0119482749780485,0.003909237031428238,0.008039037946620267,0.24789280052951923
2023-11-06,0.01718340999060271,0.0061435394935402746,0.011039870497062437,-0.05232965417176996
2023-11-07,0.02636501295784414,0.010257714875061056,0.01610729808278309,-0.13005422331715802
2023-11-08,-0.0036066168181502468,-0.00022177110707409867,-0.0033848457110761433,0.04755950699338584
2023-11-09,-0.008288294898916908,-0.0009221986972813984,-0.007366096201635509,-0.03927724501172631
2023-11-10,0.0031510113666063004,0.0025219983467239726,0.0006290130198823277,0.09604049425974791
2023-11-13,-0.0032160183826539885,-0.00243988243967011,-0.0007761359429838792,0.3178821949683659
2023-11-14,0.0073063439645996864,0.004446033496783859,0.0028603104678158256,-0.0016692514772499855
2023-11-15,0.02498058028842418,0.007954059284886869,0.017026521003537305,0.16467577170543196
2023-11-16,-0.00011584511108362824,0.0009311727042051882,-0.001047017815288813,-0.014038755104829022
2023-11-17,0.01126563059344099,0.003526188517847405,0.007739442075593584,0.07253898131062204
2023-11-20,-0.0008174674827620885,0.0006576176227300248,-0.0014750851054921108,0.0684738681779058
2023-11-21,0.00511610056045302,0.003090293049200811,0.0020258075112522117,0.044910554522685366
2023-11-22,0.004711575148856728,0.0026971410097234435,0.002014434139133284,-0.10730007893826236
2023-11-23,0.003126412617214162,-0.00017747839076489788,0.0033038910079790616,0.11885178323232645
2023-11-24,-0.0071413078814321915,-0.0009880309010903282,-0.006153276980341859,0.06690255290808793
2023-11-27,0.007895512589797909,0.0017006055837212198,0.006194907006076687,-0.1122528432394633
2023-11-28,0.004218419320165019,0.0022382033771703716,0.0019802159429946464,-0.022708055230306348
2023-11-29,-0.00770371136631333,-0.0007627201271355449,-0.006940991239177784,-0.0015679964117689554
2023-11-30,-0.0016053969393151593,-0.002780198518771924,0.0011748015794567634,-0.034776663072905174
2023-12-01,-0.00010691594378317744,0.0009173968360451316,-0.001024312779828309,0.10307791348055474
2023-12-04,-0.0025833849303942206,0.00013486910428433044,-0.0027182540346785515,0.23406974497715277
2023-12-05,0.0077194353049896735,0.001838753962578342,0.005880681342411331,-0.07627675910330398
2023-12-06,0.018100780868332687,0.0042833064529586365,0.01381747441537405,0.013480482688477475
2023-12-07,-0.005058124773632248,-0.0030000766435890175,-0.002058048130043231,-0.052321322876132996
2023-12-08,0.0009127475045932094,-0.0011498999370428069,0.002062647441636016,0.18433422098054641
2023-12-11,-0.0032297728681322307,-0.000605736544031712,-0.0026240363241005196,0.0961477235171947
2023-12-12,0.016234395307286403,0.002793307226714503,0.0134410880805719,0.042013871013349205
2023-12-13,0.00645323807092779,0.002692808596663038,0.0037604294742647525,-0.19701813523909084
2023-12-14,0.0029695782122147324,-0.001719682635956836,0.004689260848171568,0.2751698246915228
2023-12-15,-0.012122646604336618,-0.0035249462873475227,-0.008597700316989094,-0.0012926736161580057
2023-12-18,0.01680246047786737,0.0067250424204446674,0.010077418057422701,0.2720125297114933
2023-12-19,-7.982838801338411e-05,-0.002487891958970598,0.0024080635709572158,0.10547957437265985
2023-12-20,0.018967237658927067,0.005857871174470813,0.013109366484456257,-0.056974434305233676
2023-12-21,0.007435513127450268,0.003975574051523656,0.003459939075926611,0.11137323135075404
2023-12-22,-0.004598146187725271,-0.005901582221546957,0.0013034360338216866,0.04724929960737515
2023-12-25,0.008631885033659244,0.001962856149497532,0.006669028884161713,-0.013061184635378704
2023-12-26,0.003219135875376128,0.006257915901496346,-0.0030387800261202184,-0.10066673285238058
2023-12-27,-0.000781595313768267,0.002273970992414885,-0.0030555663061831518,-0.05044055771588994
2023-12-28,-0.0057202221178029155,-0.00024259767472093342,-0.005477624443081981,0.223841753423246
2023-12-29,-0.003544063223013712,-0.005671749941076474,0.0021276867180627657,0.013372282638525763
2024-01-01,0.013957821488324097,0.0039837577705325675,0.00997406371779153,0.14374390602936282
2024-01-02,0.0009649469461123009,0.004613689480389337,-0.0036487425342770427,0.025354854984260485
2024-01-03,0.007730257510919806,0.003771424810025762,0.003958832700894045,0.04816157555094935
2024-01-04,0.0012807730919158521,0.0012078711430089407,7.29019489069116e-05,0.040853059169323094
2024-01-05,0.002759243774190657,-0.00022056067447502543,0.0029798044486656823,-0.13057157235494152
2024-01-08,0.0021380861333016843,0.0026624122845508467,-0.0005243261512491619,-0.020538202647927876
2024-01-09,-0.007855396830240294,-0.0028915960887044797,-0.004963800741535815,0.11900551223409495
2024-01-10,-0.001150807279857691,-0.0006625156790288373,-0.000488291600828852,-0.1669982163239076
2024-01-11,0.0065194098304667755,0.0022444634830128146,0.004274946347453961,0.318748994952077
2024-01-12,-0.011100491969487534,-0.004926676814099357,-0.006173815155388172,-0.12077065365782438
2024-01-15,0.02432045243348937,0.009040758952782035,0.015279693480707335,-0.3277558389345896
2024-01-16,-0.010593155856492474,-0.006814153232827426,-0.0037790026236650467,0.04704925826339388
2024-01-17,-0.02105328614059026,-0.007752458529204047,-0.013300827611386203,-0.03566289269178666
2024-01-18,0.002652496718883263,0.0026268110999790144,2.5685618904250015e-05,-0.0852401545403274
2024-01-19,-0.0022066698703843853,0.0018701278512127627,-0.004076797721597147,-0.2680485872836503
2024-01-22,-0.005357014931573851,-0.0025840606277201055,-0.0027729543038537453,0.13676517946611472
2024-01-23,-0.016042167656112327,-0.005708121681377692,-0.010334045974734639,-0.19423799372890216
2024-01-24,0.008584032636134959,0.004330880315239956,0.004253152320895001,-0.08343719914609635
2024-01-25,-0.014498592419529175,-0.006304464911822282,-0.008194127507706893,0.1754459179986384
2024-01-26,-0.006060119644914167,-0.0018538721309586262,-0.004206247513955543,-0.38110423820236833
2024-01-29,0.012806028412668945,0.003480170994831229,0.009325857417837716,0.05541226019026731
2024-01-30,-0.02559974821238989,-0.009871717079505378,-0.015728031132884502,-0.35446804669057713
2024-01-31,0.0036104551065782382,0.002329397934103068,0.0012810571724751717,0.12258191677903296
2024-02-01,-0.025069863187155615,-0.00959989256181359,-0.015469970625342028,-0.022709316346745678
2024-02-02,0.008457003369876452,0.0017586533828393871,0.006698349987037064,0.01500163046279526
2024-02-05,-0.0013928086868127405,-0.0021000296224460164,0.0007072209356332754,0.21717929341071684
2024-02-06,0.00089660231395084,-0.00018698536475168087,0.00108358767870252,0.42817454641888875
2024-02-07,0.015202606243969363,0.00673683931893796,0.008465766925031402,0.0949576292107343
2024-02-08,0.035060027345600236,0.015049366749853807,0.020010660595746427,-0.09709107350260006
2024-02-09,0.006788237012083327,0.0007119695866483673,0.006076267425434961,-0.1735931543967495
2024-02-12,-0.006834444702274901,-0.003266659021568556,-0.003567785680706344,-0.17099720646416322
2024-02-13,-0.010739740538921468,-0.0029698681601718646,-0.0077698723787496034,0.06848583657859676
2024-02-14,-0.01162471846372752,-0.003438732061024862,-0.008185986402702659,0.17639656594223882
2024-02-15,0.0043171954697381505,-0.0005428905186392781,0.004860085988377429,-0.034817151870457974
2024-02-16,0.010542408838565113,0.005564344150425121,0.004978064688139992,0.0571580448378334
2024-02-19,-0.0018568910930059773,-8.08114192022407e-05,-0.0017760796738037375,0.16436409240463398
2024-02-20,0.0035825954194022612,0.0019718753124122624,0.0016107201069899993,0.1385952127045744
2024-02-21,0.010840860606333307,0.002285393266438609,0.008555467339894702,0.04598941974637829
2024-02-22,0.008228871719963228,0.003733875226854623,0.004494996493108607,0.04454510420996948
2024-02-23,0.002677590469027164,0.0021046361623586474,0.0005729543066685175,0.005606960294715235
2024-02-26,0.0022227908965880335,0.0009439435928355138,0.0012788473037525202,0.1649147748700139
2024-02-27,0.00029695354831425877,-0.0010127242744964338,0.0013096778228106933,0.03525330231911928
2024-02-28,0.010412146468744717,0.005370496659542854,0.005041649809201866,-0.03579632683736298
2024-02-29,0.002328544023958362,-0.0001912455678878336,0.0025197895918461968,0.23950458134795813
2024-03-01,-0.0025407247421920993,-0.002474280431284363,-6.644431090773416e-05,0.11105121563824413
2024-03-04,0.016684028357819517,0.0043049382755433255,0.012379090082276195,0.14125546268224512
2024-03-05,0.005755561004440644,0.0035979318588220547,0.0021576291456185904,0.034459234043772005
2024-03-06,0.008274683898048748,0.000759512411065818,0.0075151714869829325,0.026531420620772985
2024-03-07,0.0019374013223146746,-0.0002651143261576897,0.002202515648472363,-0.09735873460124576
2024-03-08,0.001582406040259068,0.0004337620126652307,0.0011486440275938377,0.038447763048525666
2024-03-11,-0.005267717084101688,-0.002218663887055154,-0.003049053197046535,0.09840663352886735
2024-03-12,0.001847345543323848,0.001533367773079282,0.0003139777702445667,-0.0905010607363297
2024-03-13,0.005714871486473235,0.0011562639721774516,0.004558607514295783,-0.08720892062896775
2024-03-14,-0.004619561004454039,-9.064492434152083e-06,-0.0046104965120198765,0.1329347753578421
2024-03-15,-0.01054713208774318,-0.007306147237106812,-0.0032409848506363705,0.21219921542171175
2024-03-18,0.009718110795458024,0.0051038771460603025,0.004614233649397722,0.13255482978198524
2024-03-19,0.012574623849976964,0.008145236687546072,0.0044293871624308985,0.07212978480992419
2024-03-20,0.008942727647479776,0.0037890576589849206,0.005153669988494854,0.15249818926164643
2024-03-21,0.003911521186549485,0.004623754515068718,-0.0007122333285192323,-0.13509824468192896
2024-03-22,0.00899529255061673,0.003550583035812614,0.005444709514804116,0.04050792128516802
2024-03-25,-0.007204376775249644,-0.004058223074299164,-0.003146153700950484,0.241976168341736
2024-03-26,0.0021493974464051103,0.0006485300389892914,0.0015008674074158184,-0.013280631820151472
2024-03-27,0.014551968307994363,0.005062076243110406,0.009489892064883957,-0.05305457427409628
2024-03-28,-0.0008430924756719655,0.001324870458498429,-0.0021679629341703963,0.2084366474437064
2024-03-29,-0.003485764458599277,-0.0010843468537934805,-0.0024014176048057965,-0.12047487322259645
2024-04-01,0.014050835140380028,0.006133609252293876,0.007917225888086153,0.07955753891867084
2024-04-02,-0.007593356249854444,-0.004338901403432646,-0.003254454846421801,0.02247346199528832
2024-04-03,0.004857719651595862,0.0010125799617112376,0.0038451396898846243,0.07049994385848944
2024-04-04,0.001870294319560317,-0.001912366757968945,0.0037826610775292657,0.06129450308363469
2024-04-05,0.004906286200257723,-0.0001659957630693377,0.005072281963327062,-0.17862063000015482
2024-04-08,0.004298083017516665,0.0014142598611863403,0.002883823156330326,0.21291217791952707
2024-04-09,-0.010748542631442183,-0.0036193625081358052,-0.007129180123306378,0.030892657044788423
2024-04-10,0.010804625075145532,0.004764376042567245,0.006040249032578288,0.19202069540741398
2024-04-11,0.001634165918391273,-0.00010733578042057199,0.001741501698811843,-0.22473154398492534
2024-04-12,0.009680347714641012,0.003801567038126394,0.005878780676514619,0.18432822447553437
2024-04-15,-0.01172531480229649,-0.004706102697551139,-0.007019212104745353,-0.005200723205027878
2024-04-16,0.009643078909659843,0.004383988678974705,0.00525909023068514,0.309071372338479
2024-04-17,-0.0002386450590880025,0.0009186208988103488,-0.0011572659578983516,-0.13709200588119744
2024-04-18,0.01647671390190683,0.006781999149346537,0.009694714752560295,0.13175715942342564
2024-04-19,-0.00704709900820671,-0.002274219055494827,-0.004772879952711883,0.11141122925806875
2024-04-22,0.007598923453094885,0.0035425889963840457,0.004056334456710838,0.11252548827494624
2024-04-23,0.006325374358930212,0.0014431484605490694,0.004882225898381143,-0.036938915620780804
2024-04-24,0.005855226401063984,0.0007368756919570118,0.005118350709106972,0.05465316430811578
2024-04-25,-0.001933499925547107,-0.0019228970517288398,-1.060287381826619e-05,-0.13733321233918677
2024-04-26,0.003083626645025186,-4.23468569604353e-05,0.0031259735019856186,-0.019190086286527776
2024-04-29,-0.0073632052928659635,-0.002622480899364628,-0.004740724393501336,0.03535138762305146
2024-04-30,-0.0010958396175386417,0.00010733328965479476,-0.0012031729071934369,-0.018783144371438458
2024-05-01,0.001982590511290198,0.0012821292818037044,0.0007004612294864935,0.02650719097845172
2024-05-02,-0.0011930709925089943,0.00016749286463544483,-0.0013605638571444409,-0.12146661296990136
2024-05-03,0.001583936856441325,-0.0011684812178205089,0.002752418074261834,0.12404720418268793
2024-05-06,-0.007299824733003806,-0.0026793268521029343,-0.004620497880900871,0.167749543446933
2024-05-07,0.006623280085729303,0.0027113757424528998,0.003911904343276404,0.13046166134717363
2024-05-08,0.009675076545263863,0.0048740269112115975,0.0048010496340522655,-0.15389783664789927
2024-05-09,0.0074371669563007906,0.0026614076376378776,0.004775759318662912,-0.017509781715929748
2024-05-10,-0.00836744761135837,-0.0015654821150284277,-0.006801965496329939,0.09906792293177348
2024-05-13,-0.0009767461144679652,-0.0010712419087886655,9.449579432069949e-05,-0.16406979105628988
2024-05-14,0.004602741954195564,0.0029506208900039613,0.001652121064191602,-0.005798898337753569
2024-05-15,-0.008542569855602462,-0.002917237917988253,-0.0056253319376142075,-0.20779986646881068
2024-05-16,-0.0003683757995730395,-0.002717040240386149,0.0023486644408131085,0.11506241401900932
2024-05-17,-0.011195608530046024,-0.002340957789701852,-0.008854650740344173,0.03401580025149883
2024-05-20,0.006024032149937325,0.001637921876460507,0.004386110273476818,0.15462704544101444
2024-05-21,0.0017673765859676075,0.0006587780287767393,0.0011085985571908678,0.16721113762485404
2024-05-22,0.008699921726616114,0.002152238666005621,0.006547683060610493,-0.25909771562791817
2024-05-23,0.00978854100582121,0.0034228417169109154,0.006365699288910295,0.1475317748135182
2024-05-24,-0.014736648340363666,-0.004434729470590287,-0.010301918869773379,-0.07398239710257654
2024-05-27,0.009209977503104705,0.005291058303305153,0.0039189191997995535,-0.1527229499243471
2024-05-28,-0.0038574003515920306,-0.0016612210890414956,-0.0021961792625505364,0.0464555381737568
2024-05-29,-0.007623883088607121,-0.002504292194692046,-0.005119590893915076,-0.08148278807763357
2024-05-30,0.0022228860707562367,0.0004173731635928957,0.001805512907163341,0.15190261054336168
2024-05-31,-0.004203251692996714,0.00026802736049122595,-0.004471279053487941,0.2882687019198839
2024-06-03,0.00821463183199468,0.002052293151434118,0.006162338680560563,0.006750620242730727
2024-06-04,0.016475042768065763,0.004996798331809813,0.011478244436255952,0.09663397680085982
2024-06-05,0.0003364778881406129,0.0019163262300790698,-0.0015798483419384567,-0.03913380048122075
2024-06-06,0.004890083053251381,0.0021101582389405145,0.0027799248143108666,-0.1937738872226364
2024-06-07,-0.00199337190511336,-0.0007619415152943084,-0.0012314303898190524,0.1394001202079708
2024-06-10,-0.009965329282981578,-0.0029891107408117745,-0.006976218542169803,0.10951851565939145
2024-06-11,0.006717426630330804,0.003236895750654328,0.003480530879676476,-0.03221411667034403
2024-06-12,0.005757401063684275,0.0007641522234730176,0.004993248840211259,0.16611298304192737
2024-06-13,-0.0018505699006386841,-0.0010348159336398535,-0.0008157539669988298,-0.11839184475967723
2024-06-14,0.009939002467607306,0.004008540706493782,0.005930461761113524,0.10318973824088737
2024-06-17,-0.007797130426482693,-0.003064652423904899,-0.004732478002577794,-0.19219378802784853
2024-06-18,0.005533296483813475,0.0018448612605227225,0.0036884352232907525,-0.004521452348124032
2024-06-19,-0.009207513883704794,-0.003717854190211834,-0.005489659693492961,0.024767630631186987
2024-06-20,-0.0002113618351437033,-0.0007732813372501397,0.0005619195021064358,0.036952011454905107
2024-06-21,0.0014976230646880397,-5.7957597640777986e-05,0.0015555806623288176,-0.03523725045885609
2024-06-24,0.0024703722498683306,-0.0006816793890454202,0.0031520516389137504,-0.05729990130162264
2024-06-25,-0.0020323205272360003,-0.0013808282581297031,-0.0006514922691062972,0.01685948085622551
2024-06-26,-0.002986967058518134,-0.0011548868835334763,-0.0018320801749846568,-0.019488933015379982
2024-06-27,0.0008833955746453256,0.0016258597744331776,-0.0007424641997878522,-0.21044549265020843
2024-06-28,-0.0011642318267177812,0.0009510375754908634,-0.002115269402208644,0.1387519520123399
2024-07-01,-0.012921140701883901,-0.0052219058196215536,-0.007699234882262346,-0.09109767585899245
2024-07-02,0.00780376512968073,0.002493577847378698,0.0053101872823020325,0.11570085210247022
2024-07-03,-0.005071825823371479,-0.0016893944701528805,-0.0033824313532185984,-0.12025104888137068
2024-07-04,0.006423997458057724,0.0022531901454884962,0.004170807312569229,0.12369848303361793
2024-07-05,-0.006112669841253993,-0.001401744449992381,-0.004710925391261613,-0.13746511349390364
2024-07-08,0.005968778951293685,0.0018588917165004186,0.004109887234793267,-0.0016618820711320939
2024-07-09,-0.007253973615266357,-0.004026137571224707,-0.0032278360440416492,0.07509163650745306
2024-07-10,-9.167666741404933e-05,0.0006190046582736422,-0.0007106813256876913,-0.1494628311199719
2024-07-11,0.004184317977508914,0.0028667581696605587,0.0013175598078483566,0.028429133554623107
2024-07-12,-0.008897741018375966,-0.0029029544187361075,-0.0059947865996398605,-0.2505068123021244
2024-07-15,0.0015737604072478019,0.001350661641200679,0.00022309876604712105,0.07937366722617474
2024-07-16,-0.016581721504807488,-0.00424212821499188,-0.01233959328981561,-0.24924286094923484
2024-07-17,0.004986653638880991,0.0016853963865854325,0.0033012572522955613,-0.2672775437367149
2024-07-18,-0.013758027200412852,-0.006547818369274915,-0.0072102088311379355,0.06121576297012287
2024-07-19,-0.017219924508576113,-0.00638056918546306,-0.01083935532311305,0.1392557739614661
2024-07-22,0.004107260769591664,0.0015481235181801752,0.0025591372514114892,0.2353268603043188
2024-07-23,0.008573221897647802,0.001316460857016831,0.007256761040630972,-0.26972933621969436
2024-07-24,0.014407703020408554,0.004774346511963099,0.009633356508445455,-0.12003836011010917
2024-07-25,-0.014684959667982002,-0.006574592284144001,-0.008110367383838002,0.09399736115488547
2024-07-26,-0.007969513759139027,-0.001998766184073934,-0.005970747575065093,-0.09709655900116268
2024-07-29,0.005959115661030768,0.003189150697618071,0.0027699649634126983,-0.3308734505649816
2024-07-30,-0.006511980098772341,-0.0022737153852553822,-0.004238264713516959,-0.011658960185334369
2024-07-31,-0.022533042619249537,-0.008209972932630958,-0.014323069686618586,-0.14722986404004568
2024-08-01,-0.000800202970300428,-0.0006963581983878862,-0.0001038447719125409,0.3220714438493397
2024-08-02,-0.010446512147121764,-0.0031184274903547967,-0.007328084656766969,0.04005541814961792
2024-08-05,0.024324743077556124,0.007168793661428212,0.01715594941612791,0.4177195171364715
2024-08-06,0.0026749507771967477,0.0010247452844683452,0.0016502054927284016,-0.3506686234090635
2024-08-07,0.030088362588307195,0.009012877486896399,0.021075485101410798,-0.019305859091285453
2024-08-08,-0.020867492695206866,-0.008464687002616707,-0.012402805692590158,0.038902988284992106
2024-08-09,-0.0012177600414332113,-0.0013690433857044305,0.0001512833442712195,-0.026138974122622297
2024-08-12,0.0024985495328416615,-0.00023461014000321096,0.0027331596728448707,-0.18081213627876008
2024-08-13,-0.0014397341910755094,0.0003950156662400725,-0.0018347498573155828,-0.025146532939770466
2024-08-14,-0.011083732183443239,-0.0032479489727868845,-0.007835783210656354,-0.0671507531659325
2024-08-15,-0.0015571834337397995,-0.0013257821154985232,-0.00023140131824127643,-0.00649762783917036
2024-08-16,-0.003943082108701257,-0.003184837898473444,-0.0007582442102278137,0.0006232260702371998
2024-08-19,-0.00042148933749829596,7.018986060368902e-05,-0.0004916791981019828,-0.01484263723160389
2024-08-20,4.284135494624016e-05,-0.0013984026910555248,0.0014412440460017648,0.06924404925498658
2024-08-21,-0.0009569386896163511,-0.0018408617333534709,0.0008839230437371198,-0.055726725302790686
2024-08-22,0.004767004991754089,0.00015112752819501207,0.0046158774635590765,-0.031044054957605764
2024-08-23,-0.0035910638753708034,-0.0009773665509513166,-0.0026136973244194873,-0.006303247583890927
2024-08-26,-0.002182726406221913,-0.0013178547847379589,-0.0008648716214839525,-0.054933172940549786
2024-08-27,-0.0003756356818591051,0.0006741456183591583,-0.001049781300218263,0.275202494848228
2024-08-28,-0.0032323257105232,-0.0018806267142924054,-0.0013516989962307946,-0.1623807389600007
2024-08-29,0.018437680862819245,0.006095228726745434,0.012342452136073812,-0.12342640823062852
2024-08-30,-0.009582744808515588,-0.003849570960517866,-0.0057331738479977235,-0.13519070284967416
2024-09-02,-0.00729571466340719,-0.003903018524350408,-0.0033926961390567823,0.3147054297102897
2024-09-03,-0.009933135739196273,-0.004474843555414283,-0.00545829218378199,-0.10784382651952872
2024-09-04,0.023492231618840197,0.009664154086439973,0.013828077532400226,0.27450061335227494
2024-09-05,-0.007344997070748566,-0.002303316027170924,-0.005041681043577641,0.01527134518845632
2024-09-06,0.019933025797037533,0.007725694365019546,0.012207331432017984,0.1356601363770527
2024-09-09,0.0008445670538611214,0.0012888701865898296,-0.00044430313272870656,0.2669236814243361
2024-09-10,0.007173896963076278,0.002693687265435999,0.0044802096976402795,0.09459097728426
2024-09-11,0.018081771424547338,0.005772623514981888,0.01230914790956545,0.09871400040491793
2024-09-12,0.005508698703433901,0.0030619111422769685,0.0024467875611569323,0.2356505488993099
2024-09-13,0.005004959811047931,0.004051471563250588,0.0009534882477973423,0.03264217765853358
2024-09-16,0.013595267815956116,0.004983897817352803,0.008611369998603315,-0.00594490951754682
2024-09-17,0.001981115440064796,0.001212886167920126,0.0007682292721446701,-0.09666441085475157
2024-09-18,-0.0003780296125125394,0.0002943678479619301,-0.0006723974604744697,-0.018612073165977586
2024-09-19,-0.005850766274416573,-0.00144461259388405,-0.004406153680532521,-0.21379011162958023
2024-09-20,-0.0011249574026960681,0.00046724826467646507,-0.0015922056673725342,-0.02068746426551758
2024-09-23,-0.012933848633126927,-0.004110496906342594,-0.00882335172678433,0.25555637224164357
2024-09-24,-0.0013581638125393768,-0.0007291900021113105,-0.0006289738104280681,-0.027469777204831153
2024-09-25,0.01721944583390243,0.007286571282291701,0.009932874551610729,0.010878575868099134
2024-09-26,-0.001697089655447911,0.0004891889766705515,-0.0021862786321184633,-0.046765846062666934
2024-09-27,0.0006710508107866477,0.0005959494631446712,7.510134764197613e-05,0.0550513241407994
2024-09-30,-0.002657423231349504,0.0001756405209139885,-0.002833063752263493,-0.027428473006651827
2024-10-01,0.003446636344212231,0.0006050876363606307,0.0028415487078515995,0.08206264117052132
2024-10-02,-0.0017336944039483748,0.00012603057175797418,-0.0018597249757063487,0.014374792523196818
2024-10-03,0.005057141649244867,0.003005075820005524,0.0020520658292393426,0.12765875593574114
2024-10-04,0.0008249874127138604,0.000426913742139501,0.0003980736705743596,-0.1688777083204239
2024-10-07,0.0073863863880577986,0.0029905697281159965,0.004395816659941802,0.1254803162559495
2024-10-08,-0.01015683878865086,-0.0019385505033783258,-0.008218288285272532,-0.18360629548610502
2024-10-09,0.007771611965677392,0.0037816678719732807,0.003989944093704112,0.31534404765932994
2024-10-10,-0.012581168859759113,-0.002531006752599909,-0.010050162107159205,0.010278173231092445
2024-10-11,0.021215200890374243,0.00732215802242673,0.013893042867947512,0.08592562991192466
2024-10-14,0.0007066308201733752,0.00018439249085321248,0.0005222383293201609,0.10829408348137584
2024-10-15,0.005158552478073523,0.0025114739227035665,0.0026470785553699572,0.13170650281084315
2024-10-16,0.007727803145576325,0.0006322494897064296,0.007095553655869891,-0.1389107167829784
2024-10-17,0.009234908782428266,0.004165757304520993,0.005069151477907275,0.036984600922057395
2024-10-18,-0.0075611392049090695,-0.0007701610672651744,-0.006790978137643896,0.09833072994050784
2024-10-21,0.002365852123693212,0.00014105046980864401,0.0022248016538845674,-0.07493311571704854
2024-10-22,0.005295392708904903,0.0021915387177397464,0.0031038539911651566,-0.0315742760324309
2024-10-23,-0.0038004847418830743,-0.00016957032859299913,-0.0036309144132900765,-0.10201288509074408
2024-10-24,-0.0018557669497157579,-0.0019988333557052086,0.0001430664059894511,0.23088281614097803
2024-10-25,-0.005323849897306592,-0.001545344909311608,-0.0037785049879949847,0.004487445034874575
2024-10-28,0.014423785725163014,0.004213436704357124,0.01021034902080589,-0.11656669400566387
2024-10-29,0.0002519270456071705,-0.0026179215694650303,0.002869848615072202,-0.20449821611325825
2024-10-30,-0.006906406522641679,-0.0015450959424394561,-0.005361310580202221,-0.09499443101748435
2024-10-31,-0.012340526473718447,-0.0020865501707956037,-0.010253976302922848,-0.06447607837522075
2024-11-01,-0.005666210507299227,-0.0013952918354003356,-0.004270918671898891,0.014638258096200932
2024-11-04,-0.0035307061292803926,-0.001486352866353507,-0.0020443532629268847,-0.13028752158324416
2024-11-05,0.0009434232799100536,-0.0014081459907159255,0.0023515692706259812,0.0332389119194099
2024-11-06,-0.008480977119428922,-0.004277085858696697,-0.004203891260732227,0.15556500270459245
2024-11-07,0.002127796041519864,0.0010459621951583154,0.001081833846361549,0.021510256425098736
2024-11-08,0.01025613946087692,0.002451635514536324,0.0078045039463405935,0.18232914308708337
2024-11-11,0.001394984430331934,-0.00011240164258892113,0.0015073860729208546,0.016390932317085705
2024-11-12,0.010394666944707379,0.0055582661877811535,0.004836400756926224,-0.05588527415709036
2024-11-13,0.0008279035481289804,0.001577518356852152,-0.0007496148087231709,0.008514521522359323
2024-11-14,-0.0033487462145707107,-0.0002378354238827306,-0.00311091079068798,-0.20700666506857177
2024-11-15,0.0004912640364624146,-0.0011607567630046523,0.001652020799467067,-0.03213021136802037
2024-11-18,-0.011095092967425314,-0.002730465006255298,-0.008364627961170018,-0.1898872864910916
2024-11-19,-0.00163617681661383,-0.0006141036655086364,-0.0010220731511051935,-0.035958742783827914
2024-11-20,-0.010388053928914969,-0.0032366107723222006,-0.007151443156592769,0.014469520436582863
2024-11-21,-0.0022375467247510885,-0.0009155494810668217,-0.0013219972436842669,-0.0050592136182322075
2024-11-22,0.0008212541957002383,-0.00017696202886872568,0.0009982162245689638,0.007189283271296948
2024-11-25,-0.0002957104227355013,0.0012726165582193705,-0.001568326980954872,-0.13204710364552152
2024-11-26,0.00047798127613768015,0.001006312229907434,-0.0005283309537697546,-0.13830687497761507
2024-11-27,-0.00797578860314187,-0.0026188470647574135,-0.0053569415383844556,-0.105335001061156
2024-11-28,-0.008861797342435435,-0.0021171234189895673,-0.00674467392344587,-0.213646688673391
2024-11-29,-0.0070140031364846565,-0.0022617370675236323,-0.0047522660689610224,-0.2931161368116766
2024-12-02,-0.013864853766340803,-0.005139492319142578,-0.008725361447198226,0.3157479068178767
2024-12-03,-0.025278782543776912,-0.009400570005595108,-0.0158782125381818,-0.14509694354988686
2024-12-04,0.02655371711940429,0.01061297495434134,0.01594074216506295,0.15656041021112446
2024-12-05,-0.01103706687148138,-0.007232840124644988,-0.003804226746836393,0.1910270291059045
2024-12-06,0.012159109968446866,0.002610346089455264,0.009548763878991604,0.20324194926830522
2024-12-09,0.01435017107171513,0.002943092008631963,0.011407079063083171,0.27185137891573413
2024-12-10,0.014759399274151994,0.00485662927322157,0.009902770000930424,-0.10283086946848494
2024-12-11,0.01780739445130969,0.007028381401800487,0.010779013049509206,0.007531496668902933
2024-12-12,-0.006712969966075922,-0.0032877436832840423,-0.00342522628279188,-0.23573814151977543
2024-12-13,0.00047875933572355013,0.0020351270903714563,-0.0015563677546479079,0.04150281593277068
2024-12-16,-0.015438882106796413,-0.005048711555488744,-0.010390170551307669,-0.20278390765437948
2024-12-17,0.003505044438068071,0.0015860860099455483,0.001918958428122522,-0.1389512161793651
2024-12-18,-0.01332818448315497,-0.003736732779131172,-0.009591451704023798,0.18036736285832988
2024-12-19,-0.010340095425333968,-0.004642142702017892,-0.0056979527233160755,0.22806582980377144
2024-12-20,0.014325234882525004,0.007373019413888973,0.006952215468636032,0.17641467576216233
2024-12-23,0.01703062628010748,0.006230002957318523,0.010800623322788954,-0.22942812935141343
2024-12-24,0.014122820492414017,0.005064452906674538,0.009058367585739479,0.041341746905060386
2024-12-25,-0.014922668076983621,-0.002946818673200565,-0.01197584940378306,0.33741421911901714
2024-12-26,0.0028344202358076146,0.0009456778217518617,0.001888742414055752,-0.04226649060533962
2024-12-27,0.02287885721336172,0.009132162430061324,0.013746694783300394,-0.04130241819355985
2024-12-30,-0.002507628138818871,-0.0014211578293483796,-0.0010864703094704915,0.16775792728298622
2024-12-31,-0.0025401874226824005,0.00260885333251009,-0.0051490407551924924,-0.03433239648511984
2025-01-01,0.009925016580136293,0.004163738931739855,0.0057612776483964385,-0.2136029692330649
2025-01-02,-0.0019558761730191516,-0.0013899293572038022,-0.0005659468158153483,0.20236751134191294
2025-01-03,-0.01408861269270988,-0.0055892068268939285,-0.008499405865815947,-0.0016345123042471083
2025-01-06,0.011113056878783284,0.0039406986497874125,0.007172358228995869,0.02785771612599381
2025-01-07,-7.618689881874925e-05,0.00039967574552601283,-0.0004758626443447621,-0.21229373463381068
2025-01-08,0.0017628565545772046,0.0011435011208313015,0.0006193554337459023,-0.06497046576888975
2025-01-09,-0.014104112360288721,-0.004473646007309487,-0.009630466352979235,-0.1116777771779994
2025-01-10,-0.003841712574760232,-0.0012902026094329857,-0.0025515099653272474,0.17684384213992904
2025-01-13,-0.009193505573208163,-0.004404143641789041,-0.00478936193141912,-0.28575343257044283
2025-01-14,0.015031233884309143,0.003206135076752919,0.01182509880755623,0.09838420096315194
2025-01-15,-0.017474831113122286,-0.006288875188905241,-0.011185955924217048,0.11753995786900935
2025-01-16,0.0064087340879466865,0.0017323095461952345,0.004676424541751451,-0.02914250860298491
2025-01-17,0.007779088982747299,0.0027718347642057273,0.005007254218541573,0.07214705691561665
2025-01-20,-0.0019064577596760843,-0.001223219022367275,-0.0006832387373088087,-0.14791841366061761
2025-01-21,0.004275067758059685,0.0028176913544688056,0.0014573764035908775,-0.024529610108444233
2025-01-22,-0.008955631691603476,-0.0047310333105202405,-0.004224598381083234,0.23447925573169237
2025-01-23,-0.001575400352550913,-0.0023646782119748464,0.0007892778594239332,0.20068700643035026
2025-01-24,0.015808972550511936,0.004363395541467852,0.011445577009044082,0.23736031161759294
2025-01-27,0.012412491243146171,0.0055478257787438656,0.006864665464402305,0.0023337190617866137
2025-01-28,0.014688858443729025,0.004533242550880744,0.010155615892848281,-0.0943802550042604
2025-01-29,0.00016688824086584985,0.001962916091107143,-0.0017960278502412927,-0.045962887489960844
2025-01-30,-0.006024075388058124,-0.002247603307109297,-0.0037764720809488235,-0.23466934898212102
2025-01-31,-0.003051738163327855,-0.0010296937818262686,-0.0020220443815015844,
2025-02-03,-0.018499744759247,-0.008020469811146493,-0.010479274948100505,
