,ls_ret,long_excess_ret,short_excess_ret,ic
2017-01-02,0.010520066625313594,0.003458397145341569,0.007061669479972025,-0.09489683609150651
2017-01-03,-0.006327987504956919,-0.0007665494224660189,-0.0055614380824909,0.005503996178803437
2017-01-04,-0.00404641590287714,-0.00345636363466583,-0.0005900522682113094,-0.0663004665062126
2017-01-05,0.0012349525420931847,6.24964684995781e-05,0.0011724560735936074,-0.28560501618321693
2017-01-06,0.001024829624796086,0.0028103601545644424,-0.0017855305297683616,-0.32677306756748276
2017-01-09,-0.018480690305359714,-0.00800921400801705,-0.010471476297342663,-0.09054553131647974
2017-01-10,-0.018973297712491732,-0.007086553540903288,-0.011886744171588446,-0.09225429478888203
2017-01-11,-0.005198526209664661,-0.0026431295856715717,-0.0025553966239930887,0.11129245248248337
2017-01-12,-0.004616281438523678,-0.0032804445634008446,-0.0013358368751228325,0.09034034091709403
2017-01-13,0.0021243083964837296,0.0006626273304694381,0.0014616810660142915,-0.19231921507103011
2017-01-16,0.0044764113227342296,0.001064646139314185,0.0034117651834200437,0.4475410465002637
2017-01-17,-0.010009920958154821,-0.0032207075276130676,-0.006789213430541755,-0.2949369902979789
2017-01-18,0.02844935651471762,0.014017208117112816,0.014432148397604806,-0.3303703100018642
2017-01-19,-0.013413670717099781,-0.006210578930565412,-0.007203091786534369,0.3222457321848535
2017-01-20,-0.01753765713344075,-0.006005304410327268,-0.011532352723113483,0.020594391593444616
2017-01-23,0.014525261171330267,0.006436190029455671,0.008089071141874595,0.106782178523356
2017-01-24,1.3807780314926184e-05,0.00021733620534683702,-0.00020352842503191214,0.10996366663231864
2017-01-25,0.004114053028591594,0.003210688494845026,0.000903364533746568,-0.19155249787538736
2017-01-26,0.008614697582903052,0.0029794367655956253,0.005635260817307425,0.10749913825577839
2017-01-27,-0.008830634053684557,-0.0024819772897885896,-0.006348656763895968,-0.19265120453503556
2017-01-30,0.005277439295879177,0.0020395496579455183,0.003237889637933659,-0.00445736236559291
2017-01-31,-0.007155062862034017,-0.002888812116578686,-0.004266250745455331,0.41072238910466613
2017-02-01,0.0007167688124542666,-0.0005734345003657491,0.0012902033128200157,0.11831728636776323
2017-02-02,0.023157967280353874,0.007202312163625164,0.01595565511672871,0.1859135552710971
2017-02-03,0.005457723519873034,0.0034781209657401523,0.001979602554132879,0.35808822956803726
2017-02-06,0.009388321150098926,0.0048722500195224425,0.004516071130576485,0.03080988376976655
2017-02-07,0.016333824625636192,0.008363167650911009,0.007970656974725186,0.0692845648637058
2017-02-08,0.0020767177722705405,0.002075170424140781,1.5473481297587077e-06,-0.012304316482489632
2017-02-09,0.0031441915100863522,0.0004814527073923793,0.0026627388026939742,0.13038434066375468
2017-02-10,-0.0007079956551450828,-0.00019591088812272,-0.0005120847670223635,0.22430567878830174
2017-02-13,0.0049820431952332595,0.0023035277059233654,0.002678515489309895,0.0692663014490182
2017-02-14,0.008541003760896585,0.003309265162561901,0.005231738598334685,-0.02707806456482437
2017-02-15,0.0012223418706949116,0.0002422126970353898,0.0009801291736595214,0.07320768057592211
2017-02-16,-0.0017920040431074506,-0.0004451057119469713,-0.0013468983311604784,0.10019513604357277
2017-02-17,0.00368928821192497,0.003149484623629767,0.0005398035882952026,-0.22151432182641329
2017-02-20,0.0044821110792299685,0.002363703518796682,0.0021184075604332867,-0.1403576436436273
2017-02-21,-0.009533620933090335,-0.003367878676964463,-0.006165742256125872,-0.14626351692357673
2017-02-22,-0.004883734456048541,-0.002176780007702641,-0.0027069544483458996,-0.06798211285206571
2017-02-23,-0.006990381838372913,-0.0019543605940303306,-0.0050360212443425825,-0.020829031061227694
2017-02-24,-0.0051676560333899675,-0.0025757328557776188,-0.002591923177612348,-0.10967176146736592
2017-02-27,-0.0013744127122817169,-0.0007046995588758447,-0.0006697131534058722,0.03399807468106378
2017-02-28,-0.006496738927760278,-0.0016958252791981722,-0.004800913648562108,-0.027736949559214633
2017-03-01,0.001978754980583509,0.0002947106694802049,0.0016840443111033033,-0.15292197539656943
2017-03-02,-0.0011578320340325096,-0.0013665762086191705,0.0002087441745866614,0.11914642770900553
2017-03-03,-0.008939170530150083,-0.004428873164575404,-0.00451029736557468,-0.011952282830168613
2017-03-06,0.007483441873225338,0.0030833476058175543,0.0044000942674077845,0.06574786055117894
2017-03-07,0.0006896096657466288,0.0005187506047788478,0.0001708590609677818,0.2209795021990136
2017-03-08,0.002969329059209701,0.0016847614970415784,0.001284567562168122,-0.09468291193848423
2017-03-09,0.010005032767506356,0.0034159490599612913,0.006589083707545064,0.013401755332376312
2017-03-10,-0.005997887050576008,-0.00332377752713123,-0.002674109523444778,-0.08152195566838774
2017-03-13,0.0022763792454621374,0.0007320215192419947,0.0015443577262201423,0.11233592124119084
2017-03-14,-0.003388352777791924,-0.0021648159466358015,-0.0012235368311561221,-0.004685200267694418
2017-03-15,0.00568974779284207,0.0015924847814697551,0.004097263011372313,0.13499954125206068
2017-03-16,-0.001195374857807349,-0.0012151606344389123,1.9785776631563775e-05,0.05498922152807975
2017-03-17,0.008238466855719601,0.003304843659531353,0.0049336231961882495,-0.22318026832364335
2017-03-20,0.0012183224449085915,0.0004084278180135645,0.0008098946268950274,-0.07736185587608452
2017-03-21,-0.009043194976410204,-0.003692413517597579,-0.005350781458812622,-0.03078268420220105
2017-03-22,-0.0028133664157868527,-0.0015319986798949352,-0.0012813677358919176,0.033525899068993566
2017-03-23,-0.002039796727784749,-0.0007877932844378936,-0.0012520034433468556,0.1319873660316638
2017-03-24,0.0010173762208146374,0.001427277137743533,-0.0004099009169288969,0.23457592085459153
2017-03-27,0.006903475421497813,0.0029179103169669,0.003985565104530913,-0.05728081904059677
2017-03-28,0.012003326728866101,0.005980728150038948,0.006022598578827152,0.0781354894518928
2017-03-29,-0.0011737744320777833,-0.00027953140423472877,-0.000894243027843055,0.208777389593098
2017-03-30,0.0016623171092238396,0.000674398654765763,0.000987918454458077,-0.04285732733914104
2017-03-31,0.013308776115185623,0.006029936348887453,0.007278839766298173,-0.03749621801497632
2017-04-03,-0.001777972449901989,-0.0011874232370885206,-0.0005905492128134687,-0.15934210503315274
2017-04-04,-0.0011932421960315826,-0.0014226269022912155,0.00022938470625963152,0.05676529418838009
2017-04-05,-0.008069855062285343,-0.005496181612794703,-0.0025736734494906377,-0.027432325915102456
2017-04-06,0.0017682868165232986,0.0021148372394012138,-0.00034655042287791427,0.03709220980671771
2017-04-07,-0.0006775552977575089,3.9558194400692026e-05,-0.0007171134921582006,-0.06807984157509296
2017-04-10,0.003182117212642319,0.0013606591382508927,0.0018214580743914268,0.11825336139345734
2017-04-11,-0.003033994495390501,-0.000432516520709008,-0.0026014779746814922,-0.14750693620063346
2017-04-12,0.004757588471556155,0.0024488673187006045,0.00230872115285555,-0.24260062109261915
2017-04-13,-0.005637777331469642,-0.0038336364109873835,-0.0018041409204822582,-0.036735382727472565
2017-04-14,-0.014140851929048164,-0.009122992081599241,-0.005017859847448923,-0.01614325477798805
2017-04-17,-0.0018629903890193368,0.00017460226090487523,-0.002037592649924211,0.04314221201073802
2017-04-18,-0.0018138503661139643,0.0008257765002915255,-0.0026396268664054903,-0.16939521636205412
2017-04-19,0.002238829202660487,0.00024033211902372252,0.0019984970836367626,-0.03400687943488763
2017-04-20,-0.0067901593310434275,-0.004004475819939175,-0.002785683511104254,0.006282001719463422
2017-04-21,-0.000731013523563649,0.0010524486990072437,-0.0017834622225708953,0.15363313354838581
2017-04-24,0.0015027092656989473,0.00046934527507491025,0.0010333639906240366,-0.03597461357782175
2017-04-25,0.006382995386196468,0.0036883257571830638,0.0026946696290134032,-0.17907436877050362
2017-04-26,-0.0001758635643777668,-2.548594992276762e-05,-0.00015037761445499918,-0.16498467118764248
2017-04-27,-0.006673243163955006,-0.003571274497596647,-0.003101968666358359,0.001930921568673469
2017-04-28,-0.009427644993887855,-0.002873318492552061,-0.006554326501335792,0.07158539639446133
2017-05-01,0.0002452326443652868,-0.00035178925845474277,0.0005970219028200311,-0.02979133981196008
2017-05-02,0.0039027923820950817,0.0006590257939517331,0.0032437665881433504,-0.10656119713079343
2017-05-03,-0.0015687838547889126,-0.00042036597240084714,-0.001148417882388066,-0.09587348386707817
2017-05-04,-0.008502326246945599,-0.008375074232776905,-0.00012725201416868837,-0.06888395144705353
2017-05-05,-0.007049557894302965,-0.0002985628708047673,-0.006750995023498196,0.189008073442992
2017-05-08,-0.003393833788203313,-0.0009700906173957128,-0.0024237431708076,0.18942200632214753
2017-05-09,0.009079180192318742,0.004767745230823458,0.004311434961495284,0.16275214713908165
2017-05-10,0.00807605487775671,0.002605580287655871,0.005470474590100839,0.2829924666488846
2017-05-11,0.007891168664744668,0.003275857544771439,0.004615311119973229,-0.040666498478250594
2017-05-12,0.014201076363163149,0.0063290758157579004,0.007872000547405247,0.08889079708378629
2017-05-15,0.0006137650472738125,0.001313674130324103,-0.0006999090830502909,-0.037023881694321
2017-05-16,0.004968522872100675,0.002252675762081321,0.0027158471100193534,-0.0023469243155624384
2017-05-17,-0.0011707707449355106,-0.0011163620095651066,-5.440873537040404e-05,-0.119483153093277
2017-05-18,0.0004359822551728297,0.0010898481408906126,-0.0006538658857177821,-0.07794029607619908
2017-05-19,-0.008331188860616675,-0.005052771023344933,-0.0032784178372717403,-0.016206255960671923
2017-05-22,-0.004269042614552494,-0.0028641494993242624,-0.0014048931152282305,0.16139708318036416
2017-05-23,0.001228666201948479,0.001616922856802627,-0.00038825665485414836,0.10774160693445921
2017-05-24,0.0062523104548032876,0.002644124802570881,0.003608185652232407,0.0747281232038836
2017-05-25,0.005248243101588076,0.0027145411461618474,0.0025337019554262288,-0.10827582483834772
2017-05-26,0.003960547454842977,0.0021270834002269055,0.001833464054616072,-0.12766502093304735
2017-05-29,-0.0039739806270676845,-0.0014030880252718005,-0.002570892601795884,-0.039280342292667754
2017-05-30,-0.003297444919707279,-0.0011170393996103832,-0.002180405520096896,0.19256797834882866
2017-05-31,-0.0015573716846243426,-0.0006068674268830837,-0.0009505042577412591,0.11649638911870662
2017-06-01,0.007672674518362675,0.003127536490926151,0.004545138027436524,-0.03373981741887833
2017-06-02,0.005114003321272419,0.00142639312310141,0.00368761019817101,-0.1247140219938281
2017-06-05,0.0001957307092758945,-0.00011574268668806172,0.00031147339596395655,-0.1401091247272218
2017-06-06,-0.004505140626389464,-0.0020845869854827902,-0.002420553640906674,0.05928731729048824
2017-06-07,-0.004484556361210592,-0.0018395663496689476,-0.0026449900115416442,-0.04084625874878232
2017-06-08,0.0022608151544332095,0.0013315419115421732,0.0009292732428910354,0.30096521171981067
2017-06-09,-0.00499837088742859,-0.0034228899289632797,-0.0015754809584653112,0.06510397896924201
2017-06-12,0.012604273938982582,0.006344962242785264,0.006259311696197317,0.09283230295462712
2017-06-13,0.0035109253703333016,0.000977564396123752,0.00253336097420955,0.07422913168285138
2017-06-14,0.002815625762710228,0.0005623254394211599,0.002253300323289068,0.04397587584014369
2017-06-15,0.00315188745453713,0.0013463952148067074,0.0018054922397304218,0.15917589303863922
2017-06-16,0.0021964329469124125,0.00042367134216494094,0.0017727616047474703,0.006253168522608889
2017-06-19,0.005466369427662725,0.004352644250517327,0.0011137251771453967,0.051854678337609664
2017-06-20,6.354563020024239e-05,0.0008355397232514188,-0.0007719940930511762,-0.20456772199599502
2017-06-21,0.0024143321095536734,0.00047463374368194265,0.001939698365871731,0.005894476504878353
2017-06-22,-0.009448501164743356,-0.0031805846271056896,-0.006267916537637666,-0.0704295064064139
2017-06-23,0.0007548887978647237,0.0011346728063537604,-0.00037978400848903644,0.22338783325546244
2017-06-26,-0.004708136298905551,-0.002199639238851036,-0.002508497060054516,0.0196704311333379
2017-06-27,0.010883102225638177,0.0050749108418767655,0.00580819138376141,-0.13074055053853134
2017-06-28,-0.001097037056825204,-0.0018453935436029203,0.0007483564867777157,-0.1770894180961426
2017-06-29,-0.00819834788923052,-0.005497220142601077,-0.00270112774662944,0.32888251731743945
2017-06-30,-0.007718639454514098,-0.003654672788639987,-0.0040639666658741115,-0.08967492234420393
2017-07-03,0.016808455965255254,0.006506395933546448,0.010302060031708806,0.050879266430892064
2017-07-04,-0.004174135545139346,-0.0016221426843779543,-0.002551992860761391,0.12519376240315172
2017-07-05,0.002972164905711666,0.0019373203201734368,0.0010348445855382295,-0.09046331623257053
2017-07-06,0.005299876410935912,0.0017005883415335179,0.0035992880694023927,0.05376198057493175
2017-07-07,-0.0055293525062681675,-0.001886309853797027,-0.00364304265247114,0.1313252867009
2017-07-10,0.004707800636656018,0.003752473828935156,0.000955326807720861,-0.08203274952648572
2017-07-11,0.0050396179168746185,0.002045148575871585,0.0029944693410030344,-0.2170033759888224
2017-07-12,-0.0024300043437777336,-0.001729204004814447,-0.0007008003389632857,0.024789902942552688
2017-07-13,-0.01082602894658342,-0.005985957305389339,-0.004840071641194083,-0.1728672212549913
2017-07-14,0.0005305209602054137,-0.0006516346511179472,0.0011821556113233616,-0.18457190314155286
2017-07-17,-0.010556424944391714,-0.007985054786096867,-0.002571370158294846,-0.11114854032909768
2017-07-18,-0.013447392446251392,-0.006147599899775515,-0.007299792546475871,-0.0823003142466277
2017-07-19,-0.006891715870560382,-0.0018172891560578521,-0.005074426714502532,-0.10642184699988827
2017-07-20,-0.005073450025240534,-0.002123257580432963,-0.0029501924448075705,0.16285040931190284
2017-07-21,-0.013261453769392561,-0.005629117522773716,-0.007632336246618847,0.32888881428960276
2017-07-24,0.009198735689447731,0.005347014806696352,0.00385172088275138,0.18658197583851005
2017-07-25,0.017256001942307777,0.00821367086338778,0.009042331078919998,0.17325109419666343
2017-07-26,0.009087649488528284,0.0035882699472348303,0.005499379541293453,0.03501782164143438
2017-07-27,0.011397594544333216,0.006149941411672372,0.005247653132660842,0.0781867782726042
2017-07-28,0.00033242966561864914,0.00018683180760300654,0.00014559785801564185,0.0912562980152753
2017-07-31,0.0015663143165989255,0.0003135116195611292,0.0012528026970377965,0.08926840965115167
2017-08-01,0.00620751797757319,0.0038576336476804363,0.002349884329892759,0.21297401083123194
2017-08-02,0.004218537409619594,0.0024034209004541373,0.001815116509165457,0.15001460825817248
2017-08-03,0.013624514443766557,0.008268707299016655,0.0053558071447499,0.0023699962511707605
2017-08-04,0.008271935470117356,0.005662399282684357,0.0026095361874329997,0.04590057949683051
2017-08-07,-0.0010479259913982661,-0.00016164307153867553,-0.0008862829198595899,0.08034957015236444
2017-08-08,0.004875316598089081,0.003833371207038059,0.0010419453910510204,-0.0183591314280934
2017-08-09,0.0024180013194888827,1.2184117519182039e-05,0.0024058172019697,0.14495027699548224
2017-08-10,-0.0002941291067243988,0.00020836569063246123,-0.0005024947973568603,0.01997593111394617
2017-08-11,0.007523243825946977,0.0034724076972648607,0.004050836128682117,0.14090576120716097
2017-08-14,0.001371830430515755,0.0007860113196592198,0.0005858191108565353,-0.045203488042416064
2017-08-15,0.005029726555152502,0.002333164909095714,0.002696561646056788,-0.023833790106167867
2017-08-16,-0.0009825699090543906,0.0005032463898505882,-0.001485816298904978,0.1558619541296631
2017-08-17,-0.002053985502603461,0.0009577012794384672,-0.0030116867820419307,0.12921454839710841
2017-08-18,0.007302695625072583,0.0039239307515769525,0.0033787648734956285,-0.09555925244188443
2017-08-21,0.007435891193162919,0.0023782236416755986,0.005057667551487319,-0.0017680162003980173
2017-08-22,-0.0053192625916247726,-0.0015275417267972737,-0.003791720864827499,-0.019943804178674963
2017-08-23,0.0011356369145714329,0.00035586790773991,0.0007797690068315227,0.051282631222440006
2017-08-24,-0.0009196730507114023,0.0010100659922908082,-0.0019297390430022088,0.21194101063914728
2017-08-25,0.002539635397641118,0.0013192445623015046,0.001220390835339614,0.09860330693138
2017-08-28,0.012510456821613695,0.005971666926366793,0.006538789895246902,0.005270045257230627
2017-08-29,0.006197978967071126,0.0023953534377363535,0.0038026255293347726,-0.3037392898354939
2017-08-30,0.0009559502409090198,-0.0006612989835207,0.001617249224429719,-0.15979548281726477
2017-08-31,-0.020719133907070877,-0.008766306707557417,-0.011952827199513464,0.014336434407118405
2017-09-01,-0.011354265484896873,-0.0040010115431508425,-0.007353253941746032,0.20255805297259535
2017-09-04,0.0010808092982459837,-0.0014486839076929478,0.0025294932059389316,-0.44029224894582375
2017-09-05,0.009639665304936179,0.0036420901323509034,0.005997575172585276,-0.17791073455432416
2017-09-06,-0.026748291724940823,-0.01240527035478868,-0.014343021370152139,-0.03910907497848574
2017-09-07,-0.010840746763183175,-0.005373550702274861,-0.00546719606090831,0.19732482285017672
2017-09-08,-0.0005895090892733074,0.0002221384192631886,-0.0008116475085364954,-0.08446789593599308
2017-09-11,0.014105083764957279,0.005301870926591461,0.008803212838365819,0.26087646948918697
2017-09-12,-0.005870163177747311,-0.0024233749830357607,-0.0034467881947115504,-0.027737774087933754
2017-09-13,0.01567397389847542,0.0076655454356091245,0.008008428462866294,-0.003843805210892631
2017-09-14,-0.0020947775661309255,-0.0014167134527428632,-0.000678064113388061,0.055145251783812195
2017-09-15,-0.0004565799793819444,-0.0008231517670987207,0.0003665717877167768,-0.32176087395346603
2017-09-18,0.0008414728741285061,-0.00018364451179423336,0.0010251173859227392,0.2635550891230326
2017-09-19,-0.019566236307100814,-0.009360586103787788,-0.010205650203313026,-0.1667487223226903
2017-09-20,0.017172379626480005,0.00662817493095166,0.010544204695528345,0.22869742978276728
2017-09-21,-0.01286594137926975,-0.005828255919815957,-0.007037685459453791,0.023491653409678293
2017-09-22,0.010386584385923922,0.005369132537236018,0.005017451848687904,0.1780357387089418
2017-09-25,0.0014160912597533477,-0.0016521692666761033,0.003068260526429452,-0.19178545504216812
2017-09-26,0.01144098175485538,0.003895297194032473,0.007545684560822908,-0.1092180049906088
2017-09-27,-0.011488923507355673,-0.0036092287228596635,-0.007879694784496006,-0.16543011247870462
2017-09-28,-0.006715141560321002,-0.003536420799666775,-0.0031787207606542274,0.09482457133320991
2017-09-29,-0.006754394600354688,-0.004902128503937585,-0.0018522660964171017,-0.001163888459235211
2017-10-02,0.005859960151473411,0.0009971915055928798,0.004862768645880531,-0.003942266887941791
2017-10-03,0.0004920759638726831,-0.0011153708411975093,0.001607446805070194,-0.05050195356934715
2017-10-04,-0.00041884916644803765,0.0005002096910950993,-0.0009190588575431376,-0.16580307799624772
2017-10-05,-0.0012353364520379887,-0.0005473996716302948,-0.0006879367804076941,0.09446849233658022
2017-10-06,-0.007961930459914916,-0.0012099653419165128,-0.006751965117998401,0.045936210080278685
2017-10-09,0.004285657088675348,0.0015003860855791057,0.002785271003096242,0.10532950773949182
2017-10-10,0.0001658247643470234,-0.0013056963698032111,0.0014715211341502347,0.19695224886920562
2017-10-11,0.005204755131745863,0.0016974525666955198,0.003507302565050343,0.01608226538984462
2017-10-12,0.009770079954375916,0.0032825116499855898,0.006487568304390328,-0.1781228770734359
2017-10-13,0.0009780460417589878,-0.00031365984436683425,0.0012917058861258218,-0.05400701651499744
2017-10-16,-0.008549380231235196,-0.0029022741572373827,-0.005647106073997817,0.0015226191984746133
2017-10-17,-0.002793924404908623,-0.0009867961122144503,-0.0018071282926941717,0.07275816414253676
2017-10-18,0.0004777388789387422,-0.0011167776296628139,0.001594516508601557,0.04905547387138256
2017-10-19,0.0034098274802685014,0.0009700378740560853,0.0024397896062124166,-0.1574809707934471
2017-10-20,0.0032014441870276467,0.002183018321562152,0.001018425865465496,0.021164236061370197
2017-10-23,-0.005514247059922757,-0.0018109708620333382,-0.0037032761978894177,-0.1339784013425167
2017-10-24,0.0009867870205410106,-0.0003095632081029035,0.0012963502286439145,-0.02300620403302373
2017-10-25,-0.006736891327312141,-0.003414454716914769,-0.0033224366103973718,-0.18335053078417718
2017-10-26,-0.003548142920130298,-0.0011205695224351404,-0.002427573397695157,0.08518677768929415
2017-10-27,-0.012389628990428423,-0.0064107280942099915,-0.005978900896218432,-0.15487069140896056
2017-10-30,0.0032221751269952466,-0.000519922564566731,0.0037420976915619776,-0.20764924516651895
2017-10-31,-0.010787038935815957,-0.005807333116936306,-0.0049797058188796525,0.12584838009409
2017-11-01,-0.013835448731901779,-0.005267512878071021,-0.008567935853830758,0.08537211082328569
2017-11-02,0.004493208481916561,0.0011552053048382617,0.003338003177078299,0.03951554782662471
2017-11-03,0.004060398778335424,5.2044896988732645e-05,0.004008353881346692,-0.039815807564388954
2017-11-06,0.004703296973781919,0.003896420951601219,0.0008068760221806998,0.003343167820733705
2017-11-07,-0.002355814874318585,-0.001403354184666411,-0.0009524606896521735,-0.1275101643820253
2017-11-08,0.00021253423305205455,-0.0006205044786171164,0.0008330387116691719,0.07952060108603817
2017-11-09,-0.005695112989190947,-0.0026765550584698546,-0.0030185579307210938,-0.051466245982701865
2017-11-10,0.0041462659331117655,0.0004961932783478533,0.003650072654763914,-0.018774559680518523
2017-11-13,-0.0018598367757747002,0.00037955626449961283,-0.0022393930402743135,0.09024923184132516
2017-11-14,-0.0003073180227926601,-0.0005003749311207964,0.0001930569083281354,0.004376486099103999
2017-11-15,0.004721128838489235,0.002127195404942472,0.0025939334335467632,-0.20424968667252286
2017-11-16,0.00016228360778587766,-0.0013671563111325898,0.0015294399189184661,-0.08907441123750692
2017-11-17,-0.02034017231044899,-0.006981566974488818,-0.013358605335960172,-0.15411051221997654
2017-11-20,-0.003777931635890681,0.0002773337504270012,-0.004055265386317687,0.16946364962163324
2017-11-21,-0.012376550979235356,-0.004472496517590786,-0.007904054461644567,-0.014155210407596298
2017-11-22,0.010542239485117245,0.006413349720718848,0.004128889764398399,0.2799195903670782
2017-11-23,0.00024466915553602946,0.0009049340205093829,-0.0006602648649733527,0.15129694744508287
2017-11-24,0.01650068726747191,0.008170516944258058,0.008330170323213853,0.029524282154639498
2017-11-27,0.006420603434240864,0.0016168461817562063,0.0048037572524846596,0.21644545158841208
2017-11-28,0.001102381789930649,0.00019005093519077615,0.000912330854739872,0.017267026206823667
2017-11-29,0.01300386478129141,0.006455698319251895,0.0065481664620395084,0.1886352301401454
2017-11-30,-0.002011572963827744,0.0006703264083415521,-0.002681899372169295,-0.0848082723954352
2017-12-01,0.011134510314512798,0.00505652562253169,0.006077984691981106,-0.12018336700862144
2017-12-04,-0.0038984029812099996,-0.0013907369924013799,-0.002507665988808621,0.06112489552691884
2017-12-05,-0.007607429899894566,-0.003695419313922005,-0.003912010585972559,0.07619279544319628
2017-12-06,0.005228589244847452,0.0031322459185185213,0.00209634332632893,0.14216468341534486
2017-12-07,0.002624921517088245,9.60662434215595e-05,0.0025288552736666865,-0.2663523332749402
2017-12-08,0.007961744105921369,0.0030986918088148855,0.004863052297106481,0.12975664925087146
2017-12-11,-0.017556969251036787,-0.007839968304033558,-0.00971700094700323,0.006694038306944616
2017-12-12,0.005714852980154663,0.0029587903445049447,0.0027560626356497205,-0.060322027116356744
2017-12-13,0.0024458712726682552,0.0003582321361200588,0.002087639136548196,0.08819557138081763
2017-12-14,-0.001773758711142958,-0.0015025704087022677,-0.00027118830244069045,0.11883838007698047
2017-12-15,0.004619479527767758,0.0030215230432635272,0.0015979564845042308,-0.18174162161670102
2017-12-18,0.006583466741319692,0.001823932831548239,0.004759533909771452,0.07420800295325186
2017-12-19,-0.009174593947719113,-0.005203325005596419,-0.003971268942122696,-0.02139272131940715
2017-12-20,0.0036855726838243585,0.0012838772655841442,0.002401695418240214,0.35487351133312445
2017-12-21,-0.0005406784908580151,-0.0011646625523952583,0.0006239840615372416,0.10129260441108714
2017-12-22,0.01914668638983122,0.008304057640675763,0.010842628749155453,0.291826399426526
2017-12-25,0.005154854815377873,0.0023607672127102294,0.002794087602667644,-0.01698754695180175
2017-12-26,0.015767818164992273,0.007040710466807667,0.008727107698184605,-0.04518247424962973
2017-12-27,-0.0006439246373880133,-0.0010098881036703523,0.00036596346628233953,0.12965575229706924
2017-12-28,-0.002966965773390887,-0.003391666164590499,0.000424700391199611,-0.16717979266542246
2017-12-29,0.007173673001693355,0.0027795136854860767,0.004394159316207278,-0.1848899960966519
2018-01-01,-0.007865807616900946,-0.0033595781553193427,-0.004506229461581603,0.026940332490537833
2018-01-02,-0.012818794261678644,-0.007733775709674037,-0.005085018552004602,-0.10599943203861356
2018-01-03,-0.000868008550358177,-0.0021582841575615488,0.0012902756072033714,-0.11229874066871963
2018-01-04,-0.008777235578398294,-0.005787124831377336,-0.002990110747020963,-0.1513745440554083
2018-01-05,-0.006959612169282283,-0.0025455030484238216,-0.004414109120858465,0.0670797681398425
2018-01-08,-0.010954897765229784,-0.007309966028234433,-0.0036449317369953473,0.1592454016534807
2018-01-09,0.0020103114980622367,0.0020763809652970984,-6.606946723486037e-05,0.06109918243355441
2018-01-10,0.0071966313013809725,0.00419639238279387,0.0030002389185871036,0.07264491894815127
2018-01-11,0.0029963139884947206,0.002260853391709277,0.0007354605967854443,-0.06542868981850915
2018-01-12,0.0030405097059447907,0.0023983633746816166,0.0006421463312631746,0.012657200142935105
2018-01-15,-0.0034506653349695784,-0.0032543610883959823,-0.00019630424657359619,-0.12690798216365518
2018-01-16,0.0006629455493969539,-0.0021224913583685837,0.002785436907765537,-0.008183862056876167
2018-01-17,-0.00534830990653787,-0.004529834558120151,-0.0008184753484177243,0.0015950894894908472
2018-01-18,-0.0018079675755102952,-0.0006901119664869558,-0.0011178556090233414,-0.05010561346703144
2018-01-19,0.001398784667510804,0.0015423003170802058,-0.00014351564956940031,0.11195801712219468
2018-01-22,-0.003001934840253442,-0.002232813279754319,-0.0007691215604991239,0.09474911627302006
2018-01-23,0.004851497793935818,0.003488200412410651,0.0013632973815251668,0.061884783061181864
2018-01-24,0.0034617858497079357,0.0020950014431683713,0.0013667844065395653,0.0517687065667884
2018-01-25,0.0031892252198285763,0.0027956328357967193,0.00039359238403185656,-0.1009969739529995
2018-01-26,0.002975785249650097,0.0009956692926232358,0.001980115957026862,0.07610852967224693
2018-01-29,-0.0030161686630729356,-0.002808133084270195,-0.00020803557880274062,-0.1777497260041086
2018-01-30,0.003945368349881665,0.0011762108832498869,0.0027691574666317796,-0.11037804673931237
2018-01-31,-0.00887663697470308,-0.006793014641489958,-0.002083622333213124,0.06421583392079913
2018-02-01,-0.007267923742450043,-0.003025964068918033,-0.004241959673532011,0.12015009344531298
2018-02-02,0.0030327310542134396,0.002172103852019821,0.0008606272021936187,-0.03119440458714395
2018-02-05,0.002941727418401489,0.0017403605352397516,0.001201366883161737,0.2074229101898875
2018-02-06,-0.002503403022862235,-0.001329390906160131,-0.0011740121167021036,-0.044200275114423385
2018-02-07,0.009166327652491394,0.004207486677131644,0.004958840975359751,-0.05780879020184516
2018-02-08,-0.00411628889202094,-0.0019104515348475279,-0.0022058373571734076,0.20241894942182503
2018-02-09,-0.001403874178090733,0.0007385630012432527,-0.002142437179333985,-0.06567467100549863
2018-02-12,0.008214509158444967,0.004010648505073621,0.004203860653371345,0.13299734237487498
2018-02-13,-0.0014623411598741855,-0.00039016945939389716,-0.0010721717004802886,-0.2195445579285933
2018-02-14,0.005793101524435339,0.0011137137085269599,0.004679387815908383,0.1805095073023155
2018-02-15,-0.014452024701901888,-0.007925052474843212,-0.006526972227058676,0.1451031169060635
2018-02-16,0.009346058877086026,0.005727069072061063,0.003618989805024963,0.13121875091771082
2018-02-19,0.006770300181630483,0.003770903020332549,0.0029993971612979325,0.13028077568052707
2018-02-20,0.006072841954615289,0.0029640009577372953,0.003108840996877993,-0.04891697568703367
2018-02-21,0.005980480899967326,0.003415933075685742,0.0025645478242815843,0.04045851154795507
2018-02-22,-0.0012545314056145295,-0.0006707496109350846,-0.0005837817946794453,-0.08800340147604971
2018-02-23,0.002119495545753544,0.0009552665217330801,0.0011642290240204646,0.1674936148579205
2018-02-26,-0.0065035736774779595,-0.003960874462681958,-0.0025426992147959994,-0.12575158728078747
2018-02-27,0.007529970639892817,0.004368217124600636,0.0031617535152921802,0.07063738527189624
2018-02-28,-0.011007243179193653,-0.006875083972199866,-0.0041321592069937865,0.06379000805103327
2018-03-01,0.00399925052432214,0.0026263153477271467,0.0013729351765949926,-0.2878896499647815
2018-03-02,0.003569686348410214,0.002249215258299235,0.00132047109011098,-0.16927109177195285
2018-03-05,-0.023156017316325425,-0.010729667907924387,-0.012426349408401038,0.15555384981969197
2018-03-06,-0.012467545080710544,-0.005053284541683469,-0.007414260539027074,0.054710127954065144
2018-03-07,0.0063516710877644265,0.004743504867313097,0.0016081662204513267,0.22203106071626946
2018-03-08,0.00020822224368857332,0.0012052305448157566,-0.0009970083011271794,0.020112224251896335
2018-03-09,0.014200492423902764,0.005800277408150045,0.00840021501575272,0.20355567008759512
2018-03-12,0.0017573363192028703,0.000539523697324136,0.0012178126218787347,0.23674565756046603
2018-03-13,0.012830127454147829,0.006484372791075433,0.006345754663072396,-0.08879088091335198
2018-03-14,0.01165545686123107,0.005727884175440352,0.005927572685790722,0.05737332859722211
2018-03-15,-0.004546236796217037,-0.001408602911444217,-0.00313763388477282,-0.15212317204500053
2018-03-16,0.0015520458857040966,0.00016367274805375296,0.0013883731376503439,0.10513555884123049
2018-03-19,-0.009109633468204507,-0.004754470289890581,-0.004355163178313926,-0.00911300126886424
2018-03-20,0.005052520867052336,0.0010215862663727274,0.004030934600679609,0.018184909551571933
2018-03-21,-0.00012996284769476178,-0.0004735044650691529,0.0003435416173743922,0.19471231193043975
2018-03-22,0.0010987895093336397,0.0002718834962835443,0.0008269060130500945,0.11159993696929502
2018-03-23,0.008159611489450483,0.003925673310249619,0.0042339381792008655,0.24133787761949707
2018-03-26,0.004830315188090997,0.001774484478394879,0.0030558307096961185,0.05187093745616366
2018-03-27,0.013279881510418085,0.006865464128779142,0.006414417381638941,-0.14204607525439794
2018-03-28,0.0023767640429754044,0.0011938135595711604,0.0011829504834042432,0.060597313852949586
2018-03-29,-0.006955497955769007,-0.003762150919280413,-0.003193347036488593,-0.0613551084648006
2018-03-30,0.002335898869222552,0.0017525221341326577,0.0005833767350898939,-0.04615379338814055
2018-04-02,-0.0026428831485739777,-0.0022427974607466877,-0.00040008568782729133,0.10448041090111987
2018-04-03,-0.0010002563697026152,-0.00015085434263682718,-0.0008494020270657876,0.16962296802524482
2018-04-04,0.00357085015758865,0.0006594247249900251,0.0029114254325986223,0.009014760830750163
2018-04-05,0.008267044571490969,0.0021003650309890584,0.006166679540501912,0.06501592231070169
2018-04-06,0.0028941167390291716,0.0011399912907105864,0.0017541254483185854,-0.09598153408985444
2018-04-09,0.006162863769710013,0.002160930201920871,0.004001933567789141,0.05130269203379228
2018-04-10,-0.0049324302373707435,-0.0012708270880841584,-0.0036616031492865877,0.04793525452185752
2018-04-11,0.0024852697475802555,0.0003484620081749745,0.00213680773940528,-0.045203007590680376
2018-04-12,0.001302032439974137,0.0012626151019799053,3.941733799422975e-05,0.08308807623172872
2018-04-13,-0.0022468053296683162,-0.0018945368377532995,-0.00035226849191501673,0.0374384979377811
2018-04-16,0.001956844806241309,0.0004293129771832582,0.0015275318290580509,-0.1352496852022572
2018-04-17,-0.00018053288743614428,-0.00034746629779470323,0.00016693341035855375,-0.06337889531156021
2018-04-18,-0.00696259720329938,-0.005104122446510979,-0.0018584747567884012,0.11406959341189231
2018-04-19,-0.005339623098161502,-0.00298967531144452,-0.002349947786716983,0.10171427944329356
2018-04-20,0.0035408783905031484,-0.0006207274245028094,0.004161605815005959,0.08807125376179273
2018-04-23,0.006989425665048541,0.0027773628126408455,0.004212062852407696,0.019264474122708274
2018-04-24,0.0032708420719060436,0.0007683024430168162,0.002502539628889227,-0.08498321882905345
2018-04-25,0.0003099043278133513,-0.0007831338604613741,0.0010930381882747267,0.18120853651807892
2018-04-26,-0.0020113599124432363,-0.0013231429717300456,-0.0006882169407131915,0.1900672014879372
2018-04-27,0.007260020242908297,0.0018881200919835944,0.005371900150924702,-0.0035699278052533164
2018-04-30,0.01000824899767366,0.0038205208282980335,0.006187728169375628,-0.06517986716889573
2018-05-01,-8.499340106644026e-05,-8.928027270731654e-05,4.286871640876494e-06,-0.04597096192607686
2018-05-02,-0.001428194013341408,-0.00017806083928488883,-0.001250133174056518,0.056746699082568325
2018-05-03,-0.0022890078577898036,-0.0001453589881673066,-0.0021436488696224953,0.023223749937635884
2018-05-04,0.0037667345813325375,0.001100644910170991,0.002666089671161545,0.10659203938613529
2018-05-07,0.0022925695774878257,0.0009625175129518507,0.0013300520645359755,-0.11830374393636521
2018-05-08,0.006303954588812896,0.003620258078001093,0.0026836965108117984,0.1531235310777738
2018-05-09,-0.005462033470275711,-0.0019779554671276373,-0.003484078003148074,-0.1469092334362771
2018-05-10,0.005578817545342578,0.0033136040236642792,0.002265213521678299,-0.05502413346594731
2018-05-11,-0.004283189442759463,-0.0019859211673041548,-0.0022972682754553095,0.12927199019453559
2018-05-14,-0.001522101024194832,-0.00032498837857969885,-0.0011971126456151336,0.0035295541861624325
2018-05-15,0.005926781729121217,0.002830972210570607,0.003095809518550611,-0.18493979299484084
2018-05-16,0.00042088048984175765,0.0006867961044773798,-0.0002659156146356239,-0.03231475241815212
2018-05-17,-0.006493568244540398,-0.0006164044159285113,-0.005877163828611888,-0.02939337745848662
2018-05-18,-0.0025603825549295,-0.001648005096639997,-0.0009123774582895029,0.045497537463692846
2018-05-21,-0.0012488761874740368,-0.0015725410168920678,0.00032366482941803207,-0.16533699217793255
2018-05-22,0.00234233445812323,2.7436382994814506e-05,0.0023148980751284158,0.09144262246418773
2018-05-23,-0.008841888734206944,-0.00391248418936088,-0.004929404544846064,0.07333470899092964
2018-05-24,0.005679742306627895,-0.0004932852584444685,0.006173027565072363,-0.14195908624548126
2018-05-25,0.0032294187016037247,0.002771608288726208,0.00045781041287751637,0.05393686205336476
2018-05-28,-0.006152326412672712,-0.003429684090708325,-0.0027226423219643865,0.0011522290841515155
2018-05-29,0.005581140842763119,0.0028598611958369127,0.002721279646926206,-0.21545627788353133
2018-05-30,0.0012602141898982741,0.0010114304191192781,0.000248783770778996,0.05370151160969814
2018-05-31,-0.009906318548198097,-0.005388072219632467,-0.00451824632856563,-0.0779589702313081
2018-06-01,0.0026052889978500993,-0.0002144325980299299,0.00281972159588003,0.16104857360522098
2018-06-04,-0.002371392291744545,-0.0014411158343897246,-0.000930276457354821,0.11584468567490366
2018-06-05,0.006331143961741482,0.0024325417595845583,0.003898602202156925,-0.022148977248970962
2018-06-06,0.0070140010386629155,0.0026549958274230314,0.004359005211239885,0.32886870175723565
2018-06-07,0.00038576521640698374,-0.0009717122835346328,0.001357477499941617,0.033996928496917336
2018-06-08,0.01335959561842981,0.005645184229687195,0.007714411388742615,-0.1050485093993855
2018-06-11,0.00035300730495724914,0.0009795825253529232,-0.0006265752203956738,-0.15031061854176384
2018-06-12,-0.0046196194987863145,-0.0020216872414113626,-0.00259793225737495,0.08504270750630294
2018-06-13,-0.007032302955671316,-0.003646584267220864,-0.0033857186884504527,0.051947543620215725
2018-06-14,0.003801296174549264,0.0011885514585901272,0.0026127447159591368,-0.0446727961360466
2018-06-15,0.0025490679031865662,-0.0003942547995789856,0.002943322702765553,-0.0929291160031641
2018-06-18,-0.0028810349360924086,-0.0017606541276671186,-0.001120380808425291,0.09393711860112734
2018-06-19,-0.004697386820679155,-0.0043359202690824265,-0.0003614665515967279,-0.16527019565462917
2018-06-20,0.005310178511865878,0.0006482548390486318,0.0046619236728172465,0.16841518160239433
2018-06-21,-0.014868465101202844,-0.009053308596744629,-0.005815156504458217,0.005767135616990253
2018-06-22,0.005052049695647075,0.003930792343518161,0.0011212573521289168,0.20322197755888968
2018-06-25,0.0014387227137462122,0.002895553026550906,-0.0014568303128046946,0.07443433136692439
2018-06-26,0.00951345809769218,0.00480055546931326,0.004712902628378918,0.06077465381358944
2018-06-27,0.0010990869442672195,0.0011364262745006681,-3.733933023344904e-05,0.08329584551159565
2018-06-28,0.004881064701502881,0.0030353082733648243,0.001845756428138058,-0.11944997997389123
2018-06-29,0.0055791078223647265,0.0031347822830697356,0.0024443255392949895,0.06902316522116964
2018-07-02,-0.004668417124086382,-0.001268859196677491,-0.0033995579274088902,-0.018378549237926943
2018-07-03,0.004906555676911834,0.003561417153526829,0.0013451385233850047,-0.0463044883535717
2018-07-04,0.0004919440747947464,-0.0007824601526352155,0.0012744042274299623,0.034147465464637226
2018-07-05,-0.0007206499136110136,0.0003905995565327419,-0.0011112494701437554,-0.016578324936366864
2018-07-06,0.000671427904551305,0.0013735468132697638,-0.0007021189087184632,0.12164812128553336
2018-07-09,-0.0016907687075593024,-0.00031283600480384866,-0.0013779327027554564,0.15174857662371327
2018-07-10,0.011988188043498004,0.004053931634883395,0.00793425640861461,0.05396561337231342
2018-07-11,0.009372392288875955,0.004869650350882438,0.004502741937993517,-0.14161905245904438
2018-07-12,0.0046330252502409155,0.0018193638761718062,0.0028136613740691093,-0.12805319612645766
2018-07-13,-0.006074803490706679,-0.002041463396787781,-0.004033340093918898,0.007424441147167129
2018-07-16,-0.006138325191335626,1.5728434611107095e-05,-0.006154053625946735,0.06880305649569128
2018-07-17,-0.0009763196437755522,0.00011196001503480796,-0.0010882796588103545,0.042086981652548795
2018-07-18,0.006875410907689873,0.004577520553763991,0.0022978903539258855,-0.11632213336882045
2018-07-19,0.004441747359093356,0.0017719510836761605,0.002669796275417191,0.04154674206669024
2018-07-20,-0.007402238101615972,-0.004184052602632091,-0.0032181854989838804,-0.1503015661970301
2018-07-23,0.0017112295722157469,-0.0007764638679032335,0.002487693440118982,0.35229242086343615
2018-07-24,-0.007193368055675531,-0.0025083137158570766,-0.004685054339818452,0.31913745708763575
2018-07-25,0.030918021793781343,0.013473548533909165,0.017444473259872178,0.14853497136919763
2018-07-26,0.024932373838478024,0.012090729529860227,0.0128416443086178,0.1101953885566761
2018-07-27,0.009077513004173048,0.003216517028693463,0.005860995975479587,-0.057984134599200175
2018-07-30,0.008583086378327375,0.0029350361014271117,0.005648050276900265,0.011423960755513447
2018-07-31,-0.0032061695343249133,-0.0026541209779201336,-0.0005520485564047793,-0.15678499357480732
2018-08-01,0.0016178342037567847,0.0016128622245454608,4.971979211323453e-06,0.06841138783013809
2018-08-02,-0.008855338334188292,-0.004748513663245305,-0.004106824670942989,0.0601276009990101
2018-08-03,0.004492459302677724,0.0009362140242663271,0.003556245278411397,0.1382966023988443
2018-08-06,0.0036969789545724173,0.0001171960860080366,0.0035797828685643794,0.12878044825681897
2018-08-07,0.009860411051653249,0.005853938861339347,0.004006472190313904,0.16372450285011292
2018-08-08,0.010969446810101192,0.005087391178804333,0.005882055631296861,-0.07295556002099512
2018-08-09,0.011708232694158922,0.005707268778434204,0.00600096391572472,-0.20503630861908534
2018-08-10,-0.003648263043100341,-0.0014167893114090668,-0.0022314737316912713,-0.09366735124526884
2018-08-13,-0.012185942136805766,-0.004898567742117957,-0.0072873743946878025,0.033215315817526056
2018-08-14,-0.003050317848875074,-0.001160152304917188,-0.0018901655439578884,-0.0018172856944290718
2018-08-15,0.003149922820420613,-0.00018163695932141462,0.0033315597797420266,-0.015645458030931297
2018-08-16,0.0005489932052003659,3.2040775962914256e-05,0.0005169524292374518,0.015010499213040778
2018-08-17,8.464446893248533e-05,0.001253293263762596,-0.0011686487948301101,0.026465621373655837
2018-08-20,0.0014895251225895,0.0006997746662206327,0.0007897504563688673,0.07628704520240193
2018-08-21,0.002686765270630503,0.00021215316615332187,0.0024746121044771805,0.10395955057883212
2018-08-22,0.004682687443889271,0.0027321270261287927,0.0019505604177604795,0.10429961458947577
2018-08-23,0.006283729285257006,0.0033311318397913083,0.002952597445465698,0.07979364510412035
2018-08-24,0.0075511649646891905,0.004336185016641758,0.003214979948047433,-0.03628548930320267
2018-08-27,0.005339302118955106,0.002891782648754053,0.002447519470201054,0.03045432385748329
2018-08-28,-0.00010359439274336987,0.0019607089691737363,-0.0020643033619171074,0.044929666107675154
2018-08-29,0.0011177375215941547,-0.00014397056657739198,0.0012617080881715476,0.004153121021162958
2018-08-30,0.0023700058900600254,0.0006867395402862086,0.0016832663497738203,0.11810581375027829
2018-08-31,-0.00023182098819263578,0.000168815696594481,-0.000400636684787117,0.013350990277264566
2018-09-03,0.007765085306524764,0.004151448171106315,0.0036136371354184467,0.043211747249959756
2018-09-04,0.0010044465237722877,0.00013181995552348155,0.000872626568248807,0.07420781971763758
2018-09-05,0.002600404388243143,0.0004377601111993923,0.0021626442770437543,-0.063619226507238
2018-09-06,0.006604088534575163,0.0032100410672056007,0.003394047467369562,0.1563655051177728
2018-09-07,-0.007651526429800716,-0.005935370675427237,-0.0017161557543734773,0.002601932434138102
2018-09-10,0.009724626249570175,0.004988701709065145,0.004735924540505029,0.029554312000098466
2018-09-11,-0.0018383045298950218,-0.0015708158855489984,-0.00026748864434603115,0.1244764887443795
2018-09-12,0.0012045758703171502,0.0011241900721951394,8.038579812201171e-05,0.25408358503976647
2018-09-13,0.008852409373828448,0.004160180548674383,0.004692228825154065,-0.08117796126307135
2018-09-14,0.015088554441900154,0.006178408983239524,0.00891014545866063,-0.0811039745509784
2018-09-17,-0.002932404537369993,0.00021246464434760554,-0.003144869181717601,-0.08533866995010204
2018-09-18,-0.006288309216920993,-0.0028806920707260333,-0.0034076171461949593,-0.2069486279023313
2018-09-19,-0.004265143901614548,-0.001537891672043162,-0.0027272522295713857,0.12691903438091176
2018-09-20,-0.009110918079136521,-0.002719134522006804,-0.0063917835571297155,-0.08242395397157697
2018-09-21,0.007116933949853064,0.0034488811973637755,0.0036680527524892885,0.1619368318658613
2018-09-24,-0.005814894398721915,-0.0025092710180029537,-0.003305623380718964,-0.011393288023374432
2018-09-25,0.011728093069096546,0.0029650286269558347,0.008763064442140712,0.005810163838473448
2018-09-26,-0.000825404262150052,0.0004727863418727621,-0.0012981906040228156,0.08155562526838209
2018-09-27,0.0010651226070078562,0.0003830927602108238,0.0006820298467970325,0.20931827936828562
2018-09-28,0.00421380096669793,0.0011283811890352505,0.0030854197776626763,-0.06442488115603222
2018-10-01,0.012758223163046974,0.004968532412779036,0.007789690750267938,-0.043656652899395305
2018-10-02,-0.002861368483392049,-0.0005638578745896239,-0.0022975106088024277,-0.1300663021604332
2018-10-03,-0.0008479926952664994,7.215110142412139e-05,-0.0009201437966906209,-0.04330629415270514
2018-10-04,-0.0038437696817401326,-0.0019009500478458273,-0.0019428196338943035,-0.019573019997696568
2018-10-05,-0.004084548903745258,-0.002296941077502477,-0.0017876078262427817,-0.12853046189989933
2018-10-08,0.00036902256430599797,0.0008425701321425263,-0.00047354756783652774,0.1215229721092996
2018-10-09,-0.006740434415674038,-0.004362293882469732,-0.0023781405332043044,0.0011943325141097797
2018-10-10,0.006903217543376523,0.0018541494663967054,0.005049068076979819,0.016492530127909206
2018-10-11,0.0007607107226000416,-0.0005126190056747326,0.0012733297282747737,-0.03183403677348763
2018-10-12,0.0010274742123784117,-0.0005076760024738773,0.0015351502148522843,0.09273531780930386
2018-10-15,8.588682677142592e-06,0.0008659226626298866,-0.000857333979952744,-0.1733725806487622
2018-10-16,0.0040985268863382735,0.0030898136884126987,0.00100871319792558,0.25375159623779997
2018-10-17,-0.0070659394219625676,-0.003913094662985483,-0.0031528447589770853,-0.06113905783797153
2018-10-18,0.011032171484350572,0.00593076247435232,0.005101409009998252,0.01894860152991034
2018-10-19,-0.0035046726601513324,-0.003173439416329908,-0.0003312332438214216,0.18020872867988452
2018-10-22,0.0013205135565552326,0.0011811359117592307,0.00013937764479600217,0.12367578195792205
2018-10-23,0.008476189343262776,0.0030071951475701296,0.0054689941956926474,0.23470831010740198
2018-10-24,0.006341900763272637,0.003909975616077617,0.0024319251471950198,0.1260836868449115
2018-10-25,0.009931928123414261,0.003938393002610695,0.005993535120803566,-0.02353550308907776
2018-10-26,0.006075654645911151,0.0025837402028237658,0.003491914443087385,-0.03865613658764509
2018-10-29,0.0003832427869981383,0.0015703502262071605,-0.0011871074392090218,0.11987643878360424
2018-10-30,-0.0025121760864744505,-0.0005974480777051986,-0.001914728008769252,-0.04044281321603866
2018-10-31,0.005006432952215426,0.002294006228415855,0.002712426723799572,-0.05421629894752263
2018-11-01,-0.0029184050363793433,-0.00034865827028823706,-0.002569746766091106,0.18072963215520227
2018-11-02,-0.002589300528779208,-0.0022261550709609963,-0.0003631454578182109,0.18472644712210462
2018-11-05,0.008715985649108074,0.004891471547755825,0.0038245141013522575,0.15520458185941138
2018-11-06,0.008161327765142706,0.0032930747516868256,0.004868253013455879,0.13257894718337965
2018-11-07,0.006491085831753782,0.0018207608433273726,0.004670324988426408,0.006902590383801636
2018-11-08,0.006535230574638416,0.0010399891202654754,0.005495241454372938,-0.11093562991086663
2018-11-09,0.0006970154028481152,0.0007812402801708283,-8.422487732271354e-05,0.09246933950327815
2018-11-12,-0.005040887178434949,-0.002194274158896989,-0.0028466130195379524,-0.029532847078993823
2018-11-13,0.0005054798723414867,-0.000215915094375488,0.0007213949667169745,0.02150904536021819
2018-11-14,-0.002083146614089806,-0.0013902322980174908,-0.0006929143160723135,0.08414743155570018
2018-11-15,-0.00023333807182503966,-0.0008624948959881783,0.0006291568241631388,-0.04312807119300319
2018-11-16,0.003874216371987853,-0.00020975609351342938,0.004083972465501282,0.12035372058675044
2018-11-19,-0.0024235512999007847,0.0011645905083159276,-0.0035881418082167136,0.11293798513203052
2018-11-20,0.005907289409944901,0.002996919262108576,0.0029103701478363254,-0.07161293457273842
2018-11-21,0.004479976116959704,0.001530907423744152,0.0029490686932155514,0.031041892153435984
2018-11-22,-0.0027062746617550434,-0.002737707097741845,3.143243598680359e-05,-0.1883923320701289
2018-11-23,0.00040840099901747287,6.433531179489242e-05,0.0003440656872225802,-0.03943548919288984
2018-11-26,-0.011066527373881866,-0.008115513496843009,-0.002951013877038857,0.027580578492820314
2018-11-27,-0.0028603095779193184,0.0005326296496330676,-0.003392939227552386,-0.0060860075995219105
2018-11-28,0.0020251404082207323,0.0016606268532824778,0.00036451355493825367,-0.09303930422753823
2018-11-29,-0.001332077689422626,-0.0002933004487618105,-0.0010387772406608162,-0.08417791002726065
2018-11-30,-0.0036143398708261324,-0.002588256119052063,-0.0010260837517740687,0.13687861903037998
2018-12-03,-0.00400153177039615,-0.0016220524286405876,-0.002379479341755561,-0.07591661672972504
2018-12-04,0.0036579088509870157,0.0009429813291139113,0.002714927521873103,-0.10629056675562111
2018-12-05,-0.003834724084670463,-0.0014712792990751108,-0.002363444785595352,0.013232702622652937
2018-12-06,-0.004571070358101018,-0.002658817773661399,-0.00191225258443962,0.14481578199350859
2018-12-07,-0.0009088676501320594,-0.0005411981645142179,-0.00036766948561783863,-0.2987602579081162
2018-12-10,0.007103733990483514,0.004342896579972577,0.00276083741051094,0.19353206202631618
2018-12-11,-0.01892185883744397,-0.007877560978726616,-0.01104429785871736,0.0204379032310498
2018-12-12,0.010270623818584174,0.0051988666162803765,0.005071757202303797,-0.05757899193109597
2018-12-13,0.00013035194060269503,0.0015212879742725564,-0.001390936033669861,-0.05230381569150145
2018-12-14,-0.0033677588984387012,-0.0017219740676687346,-0.0016457848307699693,-0.1334888037138048
2018-12-17,-0.0004283492035057372,0.0005793431218985151,-0.0010076923254042532,-0.009012226732279941
2018-12-18,-0.005293911640457975,-0.001257486689001201,-0.004036424951456775,-0.08484087024868135
2018-12-19,-0.0014511711668389825,-0.000520026607032641,-0.000931144559806342,-0.057732297298437416
2018-12-20,-0.003315662030358687,0.0005578420257034075,-0.003873504056062093,0.10567499495373323
2018-12-21,-0.002541916428971959,-0.0019815539304481504,-0.0005603624985238082,0.13473316141202824
2018-12-24,0.00589691631969293,0.003582558019728656,0.0023143582999642746,0.04583139618579895
2018-12-25,0.008092206135065165,0.003467418080006957,0.004624788055058209,0.0489819563747216
2018-12-26,0.001639850018966646,0.0010565166024874206,0.0005833334164792267,0.05812243565662305
2018-12-27,0.002612263496612433,0.0012132700060561805,0.001398993490556253,-0.14896568807330351
2018-12-28,0.0029344251430418744,0.002043686676477554,0.0008907384665643209,0.17911450014405075
2018-12-31,-0.01009200998192851,-0.0039034376614124205,-0.00618857232051609,0.1297913404795064
2019-01-01,0.008422422779435711,0.0046364492196770656,0.003785973559758647,-0.09052398959032822
2019-01-02,0.009901900006462962,0.0039882259765153605,0.0059136740299476,0.024987200713521115
2019-01-03,-0.00349377534670817,-0.0007259373177046183,-0.002767838029003552,-0.07099082734222414
2019-01-04,0.0010075073496537245,-0.0006397585169092036,0.0016472658665629275,-0.01785548536848018
2019-01-07,-0.0037940831644888698,-0.0014311802505015368,-0.002362902913987334,0.06152520342728264
2019-01-08,0.00039993443758177204,0.0007478274148983747,-0.00034789297731660247,0.04157507542200626
2019-01-09,0.0034088243683932217,0.0018146372399853433,0.0015941871284078776,0.025937365459658374
2019-01-10,0.0012648600803508592,0.0012318649693951883,3.2995110955672674e-05,-0.11169620706439574
2019-01-11,0.00034543300081457375,-0.0002844915326848897,0.0006299245334994638,0.11694124469915261
2019-01-14,-0.007418309254621904,-0.003682808621121067,-0.0037355006335008413,0.16905759362365613
2019-01-15,0.007684644873471786,0.0019651289429993713,0.005719515930472414,0.08779234852093884
2019-01-16,0.00923834614636716,0.004227242514631057,0.005011103631736101,-0.07963329967144933
2019-01-17,0.004264977495925508,0.0017731790395657098,0.002491798456359797,0.030543853577830765
2019-01-18,-0.003111384487390424,-0.0012228084537078102,-0.0018885760336826134,0.061671187780315766
2019-01-21,0.0017498682343983485,0.00178226336811841,-3.2395133720063835e-05,-0.12421556735091246
2019-01-22,0.0022182027098274345,0.0004718058277712392,0.0017463968820561953,0.046655161513429515
2019-01-23,-0.005831920002135904,-0.0030122891034155153,-0.00281963089872039,-0.21222241252469806
2019-01-24,0.0014119675398283375,0.0008900319546880017,0.0005219355851403352,-0.13143326877151248
2019-01-25,-0.01129175222259688,-0.005251926270753639,-0.00603982595184324,0.10485280667859526
2019-01-28,-0.006931581118644587,-0.0035080541069218247,-0.0034235270117227625,0.2924770004237666
2019-01-29,0.0066095722465371876,0.002825776665833956,0.0037837955807032315,-0.10071536624117473
2019-01-30,0.02074447070985854,0.008803836144139966,0.011940634565718575,0.22824186092740387
2019-01-31,-0.006554942140799474,-0.003435543322256704,-0.003119398818542769,0.10220482940613192
2019-02-01,0.009826542510425803,0.005696372507071747,0.004130170003354057,0.02894534613702473
2019-02-04,0.004005655869971213,0.0029509739035628872,0.0010546819664083258,-0.12853571830201005
2019-02-05,-0.00039447633896480213,0.0005371220387884248,-0.0009315983777532285,0.009630586574690072
2019-02-06,-0.0057039443761922924,-0.0017928652505057683,-0.003911079125686523,-0.06774738059081649
2019-02-07,0.00032829593474923335,-0.001550898582038737,0.0018791945167879703,0.0653493377874272
2019-02-08,-0.0028659870899572976,-0.0014535922531440336,-0.0014123948368132619,-0.0424100638923368
2019-02-11,0.003398372998881039,-0.0005060641542116145,0.0039044371530926533,-0.020393163038947382
2019-02-12,-0.0016815925234496608,-0.0011610973598831231,-0.0005204951635665363,-0.03447612000618207
2019-02-13,-0.0004121231984504997,-0.0010894464564407957,0.0006773232579902961,0.2410284490410034
2019-02-14,-0.0022438776965675363,-0.001406000073906991,-0.0008378776226605454,-0.1256532044765675
2019-02-15,0.012297761041586586,0.004359154061066864,0.007938606980519722,0.10834680425873404
2019-02-18,-0.006635498958938568,-0.001942249164734117,-0.004693249794204449,0.039323608963205435
2019-02-19,0.004653339941339268,0.0005883244560164419,0.004065015485322825,0.047196411631913085
2019-02-20,0.0009367239078593991,-0.0013073308045116535,0.0022440547123710524,0.008354283008467828
2019-02-21,0.001611891148116249,0.0005044422677155649,0.0011074488804006834,-0.2488855225946726
2019-02-22,0.0005427318125074665,0.0008373018803463847,-0.000294570067838916,-0.17578015867819147
2019-02-25,-0.013149376689874828,-0.007402870255148972,-0.005746506434725858,0.00043462588836561957
2019-02-26,-0.009761163740839086,-0.004182500647074419,-0.005578663093764665,0.013988943907614047
2019-02-27,-0.0009129829279550156,-0.001298615282675497,0.00038563235472048076,-0.18488201137848706
2019-02-28,0.0008103044232930523,0.0014284203781547312,-0.0006181159548616783,0.006994718903506379
2019-03-01,-0.009556850197971494,-0.0036377827577518135,-0.00591906744021968,0.030081654623809358
2019-03-04,-0.001207154347547859,-0.0012522571789374676,4.510283138960927e-05,-0.09679943605507524
2019-03-05,-8.276102734235081e-05,-0.0006239679648327272,0.0005412069374903759,0.13154002560268527
2019-03-06,-0.004661071894174407,-0.0017171836560203185,-0.002943888238154087,-0.16657241538013473
2019-03-07,0.004817781873044858,0.0021721709124781522,0.0026456109605667057,-0.05243498804481244
2019-03-08,-0.009187624090376474,-0.005421484779079961,-0.0037661393112965146,-0.03163107000478712
2019-03-11,-0.0027958430771323523,-0.0006572067196014136,-0.0021386363575309386,-0.007833587767323607
2019-03-12,-0.0006425032070257999,-0.0006902919298367076,4.7788722810908346e-05,0.09028323771513683
2019-03-13,0.000595934138282253,0.0017991169483359444,-0.001203182810053693,-0.0016444247622136223
2019-03-14,0.004409196526732329,0.0017689202815720506,0.002640276245160278,0.07315038272434764
2019-03-15,-0.0008628335167954488,0.001280670598081313,-0.00214350411487676,0.0031063406168790864
2019-03-18,0.0028620776553042863,0.0023518884793122703,0.0005101891759920138,0.09272168395451594
2019-03-19,0.00043744673105615504,-8.845428117338922e-05,0.0005259010122295443,0.2803373418363898
2019-03-20,0.0032815461247006077,0.0013149150212002168,0.001966631103500392,0.18013400197272975
2019-03-21,0.01573146301887237,0.006687781368877063,0.009043681649995305,-0.0741832802603512
2019-03-22,0.011025415932891042,0.0031229935763487458,0.007902422356542295,-0.07819130094081145
2019-03-25,-0.0027802396214024927,-0.0007319149180739421,-0.00204832470332855,0.0013953873263981987
2019-03-26,-0.0037017525408108696,-0.0013951565050092502,-0.0023065960358016188,0.12278512353939415
2019-03-27,0.0005461547642661868,0.0006953435872707361,-0.0001491888230045501,-0.04098986243908367
2019-03-28,0.005027757338717777,0.0015446024679513033,0.003483154870766474,0.11631789253711732
2019-03-29,-0.0005714637837397166,0.00022713099973262815,-0.0007985947834723451,0.08389951943185234
2019-04-01,0.005018992954078548,0.0030203625236563236,0.0019986304304222234,-0.05651314289488481
2019-04-02,0.004098117848366273,0.0022059625074827916,0.001892155340883481,0.010920676425050894
2019-04-03,-0.0013546404967523802,-0.00013433325904435058,-0.0012203072377080307,-0.011075650996729934
2019-04-04,7.774594250350812e-05,0.00037579053870849446,-0.00029804459620498634,-0.20464256814658474
2019-04-05,-0.0002559968923999199,0.00034283629555899395,-0.0005988331879589141,0.05771014953075185
2019-04-08,-0.008899461985990323,-0.0031704766190868436,-0.005728985366903479,-0.172168732798494
2019-04-09,0.0017946562566517495,1.1654235994815534e-05,0.0017830020206569333,0.0516377691317126
2019-04-10,-0.0065847822126567914,-0.0026576393768373814,-0.003927142835819408,-0.1042921085192455
2019-04-11,0.0031593118661906055,0.0016327163508663596,0.0015265955153242472,0.16087328139567478
2019-04-12,-0.00435600190948373,-0.00020864583728194205,-0.0041473560722017876,-0.017031716288748625
2019-04-15,0.008965127242842692,0.005076232828967232,0.0038888944138754603,0.15898505331812365
2019-04-16,-0.0020098616756931576,-0.0003825532751856156,-0.0016273084005075421,0.042308637494316514
2019-04-17,0.005385575461521639,0.001362262260146553,0.004023313201375084,0.04718409666929484
2019-04-18,0.003377384714140416,0.001081051284114943,0.002296333430025473,-0.17102457482516734
2019-04-19,0.00251966514129196,-7.178825305621458e-05,0.002591453394348176,-0.11579943052601456
2019-04-22,-0.009896060601684721,-0.003506331602545907,-0.006389728999138814,-0.01677623338527115
2019-04-23,-0.004960220253778751,-0.0006824761562035414,-0.00427774409757521,0.17234592641326335
2019-04-24,-0.0017265953029908924,-0.0009109350887437093,-0.0008156602142471835,0.07884806162854538
2019-04-25,0.009808070703025959,0.003881143388196828,0.00592692731482913,0.14742673378161555
2019-04-26,0.001396045966127172,5.903456938004866e-05,0.0013370113967471247,-0.11959536272268152
2019-04-29,0.007641616011329597,0.004680320679828004,0.002961295331501595,0.06645537906093406
2019-04-30,-0.004569826989557459,-0.0014754931230439756,-0.0030943338665134802,-0.15872404883078534
2019-05-01,0.0024538162304451588,0.0006278316256964093,0.0018259846047487503,0.04305077545095098
2019-05-02,-0.008200067147613396,-0.004273527784477196,-0.0039265393631362,-0.042521739477352535
2019-05-03,0.0020851359601859174,0.0010633902404554516,0.0010217457197304707,0.050121571171946815
2019-05-06,-0.003662510786461172,-0.0012759378573142556,-0.0023865729291469174,0.13930215415696198
2019-05-07,0.0006073887115121601,-0.0006050527253736622,0.0012124414368858208,-0.20582192989868517
2019-05-08,0.008131036901447411,0.004103809064206128,0.004027227837241284,0.08316796511375783
2019-05-09,-0.00999390457331357,-0.0038375722257877262,-0.006156332347525845,-0.1286635916676021
2019-05-10,0.005418535604240028,0.00312463213795116,0.0022939034662888672,-0.11098526557824694
2019-05-13,-0.007804927693813832,-0.0032405903697197017,-0.00456433732409413,-0.023115660239140034
2019-05-14,-0.00558619523475124,-0.003349565026838546,-0.002236630207912693,-0.1316122805514662
2019-05-15,-0.0016067587343881653,-0.0017703741789443367,0.00016361544455617202,0.03509784006840875
2019-05-16,-0.006328164692703746,-0.003415743882791952,-0.0029124208099117945,-0.21431966233891234
2019-05-17,0.0025502553671828253,0.000723499950055646,0.0018267554171271794,-0.037233961506335726
2019-05-20,-0.011711639411208247,-0.003139835246897119,-0.00857180416431113,-0.12145295955390363
2019-05-21,-0.0004689113047473192,-0.0003409396805639231,-0.00012797162418339003,-0.43973112620814325
2019-05-22,-0.012150999655284083,-0.006481115968133319,-0.005669883687150781,-0.11722153516647371
2019-05-23,-0.05252195152746171,-0.024369660641492038,-0.028152290885969673,-0.20414726569670844
2019-05-24,-0.009115660594599236,-0.0015900594827476557,-0.007525601111851583,0.07254146265993199
2019-05-27,-0.011753917388030664,-0.003854838804854023,-0.00789907858317664,0.2540491664078567
2019-05-28,0.007131129741441571,0.0018329285577825052,0.005298201183659064,0.23309324122853162
2019-05-29,0.019023738705571374,0.007119574281537824,0.011904164424033546,-0.22704654762847107
2019-05-30,0.013917932738584635,0.00614536575092784,0.007772566987656796,0.0935447030491847
2019-05-31,-0.013691600902644308,-0.00430462377629574,-0.009386977126348568,0.021475636222549725
2019-06-03,0.005897073967695824,0.001935122154059235,0.003961951813636589,0.017630539138274535
2019-06-04,-0.0004958126567318121,-0.0013077232335743467,0.0008119105768425346,-0.07487655899290693
2019-06-05,-0.0013211916955623284,-0.0009017776903017666,-0.0004194140052605627,0.2257406160177347
2019-06-06,-0.003480904357456051,0.0009600718716558793,-0.00444097622911193,0.029151012003373653
2019-06-07,0.0195345987382425,0.007214496223844795,0.012320102514397704,-0.18694385440568445
2019-06-10,0.001283700647170189,0.001204409263457308,7.929138371287961e-05,-0.3166080625930699
2019-06-11,-0.01362627864287597,-0.006472067376915115,-0.007154211265960856,-0.24850415236090928
2019-06-12,-0.025350029446019662,-0.01315440452316099,-0.012195624922858674,0.5377432250475674
2019-06-13,-0.02435174621613793,-0.013023696908080088,-0.011328049308057841,0.07407485853097244
2019-06-14,0.055159792571045925,0.024410699061089704,0.030749093509956214,0.020464955971023983
2019-06-17,0.002300629030701397,-0.0002108916229817525,0.00251152065368315,0.036207392107877004
2019-06-18,0.004592401351146857,0.0017846738843847881,0.0028077274667620694,-0.01517689852647492
2019-06-19,0.0003945926300992289,-0.0012882507713270208,0.0016828434014262428,0.3143479901506871
2019-06-20,3.8467762839949774e-05,0.0005447863305463874,-0.0005063185677064378,0.21883961359685034
2019-06-21,0.019428399136418077,0.0086881739118643,0.01074022522455378,-0.002596738917961141
2019-06-24,0.016211685502803434,0.006562587907970589,0.009649097594832845,0.07045436634523339
2019-06-25,8.814117244970113e-05,-0.00034085645579996706,0.0004289976282496682,-0.06722302833580716
2019-06-26,0.006859939955892132,6.233547081304497e-05,0.00679760448507908,0.1157772600399192
2019-06-27,-0.006938440080274084,-0.0030282997337042934,-0.003910140346569793,-0.033890993852365284
2019-06-28,0.009691300056607587,0.004323334978679106,0.005367965077928482,-0.11890158713182701
2019-07-01,-0.003940338668930586,-0.0027382515320292893,-0.0012020871369012968,0.1410880519400757
2019-07-02,-0.01059283972920328,-0.005043521784626585,-0.005549317944576698,-0.0962042562599773
2019-07-03,0.012690934791265058,0.0025399399139372225,0.010150994877327839,0.07764985569524145
2019-07-04,-0.0067188677476928485,-0.0031366633673428138,-0.0035822043803500343,-0.22155112533391225
2019-07-05,0.005113764106299098,0.0027527530987274534,0.002361011007571648,0.16027612752922915
2019-07-08,-0.015579661806301777,-0.0075760887698654595,-0.00800357303643632,0.13137303102250553
2019-07-09,0.007182857373822068,0.002721806605613117,0.004461050768208949,0.13347231207700402
2019-07-10,0.00763182541270864,0.0031624887902437504,0.0044693366224648895,0.20547564008576058
2019-07-11,0.008530665264406415,0.002074312380565005,0.006456352883841412,0.055080329157730194
2019-07-12,0.008772759540053821,0.004638508868221047,0.0041342506718327725,0.04668009486241862
2019-07-15,0.002048860806929795,0.0003672398102364527,0.0016816209966933442,-0.10588714715399712
2019-07-16,0.0033048662288714557,-0.0004069122666847478,0.0037117784955562044,-0.03499836605953922
2019-07-17,-0.005789408482920438,-0.003642628340119785,-0.0021467801428006507,0.30578471465709345
2019-07-18,-0.000726550480248913,-0.0007538317542759789,2.7281274027065455e-05,0.3389998157750262
2019-07-19,0.016672709295582233,0.00779423449964885,0.00887847479593338,-0.1553520894532405
2019-07-22,0.0196167608657837,0.012033920484787176,0.007582840380996523,0.021319683879323967
2019-07-23,-0.007723214226876846,-0.0038221458590385017,-0.0039010683678383463,0.16835329505161606
2019-07-24,0.0031657974655552026,0.00415966000083192,-0.000993862535276717,0.03796870436314056
2019-07-25,0.009170908224418104,0.0044707972823696054,0.0047001109420484995,-0.18656763243661392
2019-07-26,0.0030433284077478803,0.0025054755712705223,0.0005378528364773563,-0.19778629741362042
2019-07-29,-0.012974175412391846,-0.0085193511348046,-0.0044548242775872444,0.2542585347185881
2019-07-30,-0.014981079901058094,-0.0075039383074020465,-0.007477141593656046,0.08251868741331335
2019-07-31,0.011696686056526406,0.007873261979222848,0.0038234240773035565,0.09980995914519367
2019-08-01,0.004453943019290658,0.00255934850221757,0.0018945945170730887,0.16465909583621874
2019-08-02,0.0037857477827948987,0.0022514870034063992,0.001534260779388499,-0.10689303389008865
2019-08-05,0.01122039737955669,0.004881918027609076,0.006338479351947613,-0.13753551845541293
2019-08-06,-0.005914805340168252,-0.0006004373449526278,-0.005314367995215626,-0.0828385359617247
2019-08-07,-0.006279400032902701,-0.002389768115178348,-0.0038896319177243524,-0.12857544210529578
2019-08-08,-0.006600966680571712,-0.003029036495757618,-0.003571930184814094,-0.0001017755037998194
2019-08-09,-0.00693349133329447,-0.00423620205145669,-0.00269728928183778,-0.03593814775864891
2019-08-12,-0.003165948620846134,-0.00404675351274773,0.0008808048919015966,-0.14338468895008677
2019-08-13,-0.003848355589606901,-0.003036384700349352,-0.0008119708892575491,0.13942932380470857
2019-08-14,-0.012163012626454884,-0.005637223813344239,-0.006525788813110648,0.30915165076607287
2019-08-15,0.009518613599789763,0.002994824444017743,0.006523789155772022,-0.055859936290892975
2019-08-16,0.021315399312533772,0.008788297541177565,0.012527101771356202,-0.16086233790009485
2019-08-19,-0.000785477934354436,0.0015886433323668014,-0.0023741212667212352,0.05739141963666402
2019-08-20,-0.00787505679079558,-0.0032499654380439315,-0.004625091352751649,-0.05751325087071102
2019-08-21,0.004355701958466933,0.0026404218073043974,0.0017152801511625352,-0.27013093420508744
2019-08-22,-0.0019298526010267097,-0.001726819705060707,-0.000203032895966003,-0.18727967769739365
2019-08-23,-0.013391529817556046,-0.005757357244942094,-0.007634172572613954,-0.018686134044619624
2019-08-26,-0.007885833289872142,-0.0030387615698717232,-0.004847071720000419,-0.08729137217817233
2019-08-27,-0.0005858389110901614,-2.242776700675693e-05,-0.0005634111440834064,-0.10977039802329183
2019-08-28,-0.001713166631359351,-0.0019880569247022915,0.0002748902933429414,-0.2877750301387658
2019-08-29,-0.006793222385615607,-0.0055193733012795345,-0.0012738490843360747,0.1133880114377174
2019-08-30,-0.016362910770883803,-0.007674136785914427,-0.008688773984969377,0.01254759702619908
2019-09-02,0.006518562570992578,0.0021105601107299556,0.0044080024602626226,0.15219092793292638
2019-09-03,0.00337298661657647,0.0003795526352825297,0.002993433981293942,-0.06228686896601041
2019-09-04,0.007952594019542646,0.00316120046825304,0.004791393551289602,-0.04791920792834145
2019-09-05,-0.003846280524806954,-0.00207043218238467,-0.0017758483424222852,0.08123642284511197
2019-09-06,-3.936449067146143e-05,0.0016524714557170084,-0.0016918359463884702,0.016506120636310517
2019-09-09,0.004843279001166177,0.0022120053489149334,0.0026312736522512443,-0.13845752010002219
2019-09-10,0.0012308751516575348,0.0005816564068541244,0.0006492187448034095,-0.04773839459260267
2019-09-11,-0.006479150195588189,-0.0014215160353942434,-0.005057634160193945,0.18398914948137993
2019-09-12,-0.001995390687442312,-0.0004514908512663583,-0.0015438998361759528,0.024809254828957194
2019-09-13,0.01065052252315865,0.0034338771554721153,0.007216645367686533,0.03644922051248165
2019-09-16,0.002159798120795143,0.002430907553363686,-0.00027110943256854225,0.11014302882361673
2019-09-17,0.00010205405531153451,3.080965776278751e-06,9.897308953525554e-05,0.13127353880789883
2019-09-18,0.004892486160153019,0.0017951011109595526,0.003097385049193466,-0.05582730343328442
2019-09-19,0.00886476832868579,0.0032892137435418956,0.005575554585143895,-0.0498038537591681
2019-09-20,-0.0033412817542997474,-9.233413439838512e-05,-0.0032489476199013606,-0.031120801559912876
2019-09-23,-0.003072947214035883,-0.00048309043737424363,-0.0025898567766616393,-0.09346385311306489
2019-09-24,-0.0017656387814605785,-0.0015218613188205496,-0.0002437774626400293,0.08496661652196758
2019-09-25,-0.0028650607414970057,-0.0007469808945628606,-0.002118079846934145,-0.1561460413806131
2019-09-26,0.006727364622043996,0.002759478209724252,0.003967886412319744,0.04278100304390418
2019-09-27,-0.00808984851122594,-0.003231768660176588,-0.00485807985104935,0.22858020061812093
2019-09-30,0.003733906537418105,0.002070607047867351,0.0016632994895507541,-0.0796452455425265
2019-10-01,0.011768959154238083,0.0036834026970762363,0.008085556457161846,0.01988553253783855
2019-10-02,-0.0032965830038639357,-0.00140083210482349,-0.0018957508990404461,-0.2152360196863848
2019-10-03,0.001608316468588359,0.001200163654826001,0.00040815281376235845,-0.025368104169235968
2019-10-04,-0.013109064749493402,-0.004769703908301467,-0.008339360841191934,-0.09153046535174807
2019-10-07,-0.0028139103357821076,-0.002576375641212175,-0.00023753469456993257,-0.13378616181816264
2019-10-08,-0.005292080909935871,-0.0021440060724389493,-0.0031480748374969215,-0.025922829130375875
2019-10-09,-0.007536565145206385,-0.002732716784393508,-0.0048038483608128756,0.1648347224253601
2019-10-10,3.774355754516425e-05,-0.0007231063325522057,0.00076084989009737,0.08042937593986776
2019-10-11,0.010531895812988254,0.0031375266834797414,0.007394369129508507,0.06647079018003856
2019-10-14,0.006487925774580091,0.0014066330663197492,0.005081292708260344,-0.16320371633438865
2019-10-15,0.006214264706938342,0.000399667319133358,0.005814597387804987,-0.02972264093582414
2019-10-16,-0.008534974833519116,-0.0012433170675124096,-0.007291657766006706,-0.08907212204799586
2019-10-17,-0.0019925440332872546,-0.0014448120995147994,-0.0005477319337724579,-0.08160537695453703
2019-10-18,-0.003541745103566467,-0.0028619481614894846,-0.0006797969420769857,-0.08316854877540476
2019-10-21,-0.010377789312064754,-0.004463535475834,-0.0059142538362307534,0.07733811110694802
2019-10-22,-0.006407888347329283,-0.002762333587093789,-0.003645554760235502,0.123797859300675
2019-10-23,0.01207052521534456,0.005153582479309335,0.006916942736035229,0.25055332863175395
2019-10-24,0.011767285829121281,0.005400572195104512,0.006366713634016766,-0.08520938352208773
2019-10-25,0.019039985443771258,0.008375410338030922,0.010664575105740343,-0.044192116964096945
2019-10-28,-0.004902965540740942,-0.003431858790292265,-0.0014711067504486774,-0.024008148747564156
2019-10-29,-0.0024125467017705876,-0.002340710675113461,-7.183602665712663e-05,-0.14637514905086907
2019-10-30,0.0005460250640766638,0.0024756899078394214,-0.001929664843762757,-0.1837574609599025
2019-10-31,-0.007545743941020503,-0.0026784128602608953,-0.0048673310807596055,0.20637094727958208
2019-11-01,-0.013049163515211867,-0.004695436809710456,-0.008353726705501411,-0.07825429691656224
2019-11-04,0.015904277449364596,0.007637478022275865,0.00826679942708873,0.08572152257831725
2019-11-05,-0.007900682348952538,-0.005024898368353349,-0.002875783980599188,-0.1264955108755747
2019-11-06,0.004314942357052341,0.002433523137119035,0.0018814192199333047,-0.1233012072988801
2019-11-07,-0.004524717446074384,-0.0012300309729705028,-0.0032946864731038805,-0.1010299268379338
2019-11-08,-0.00841596397563067,-0.004295324013879196,-0.004120639961751474,-0.05910827572427146
2019-11-11,-0.004099012446013941,-0.0027974211245961594,-0.0013015913214177808,0.13198903684627739
2019-11-12,-0.001975232586693402,-0.0011271589070153201,-0.0008480736796780894,-0.2260168292089763
2019-11-13,0.006987108201078271,0.003072875206195922,0.003914232994882348,-0.040293257102542994
2019-11-14,-0.0161205339356163,-0.006520928178625015,-0.009599605756991285,-0.08682864341124155
2019-11-15,-0.002568447002570422,-0.0025816372855918795,1.3190283021456532e-05,0.21530693176349616
2019-11-18,-0.0057015760312777225,-0.0024739834706097776,-0.0032275925606679457,0.04524708742640802
2019-11-19,0.018294059954456696,0.0056003128811573325,0.012693747073299365,0.20680425407763467
2019-11-20,0.003952907452965871,0.0035873889085576965,0.00036551854440817697,0.011105753823122094
2019-11-21,0.01591882138889117,0.0037800780892541987,0.012138743299636974,0.08705362826831779
2019-11-22,-0.0012804827679519593,-0.000978051186849539,-0.00030243158110241936,-0.09693472815908201
2019-11-25,0.0032971325882184474,0.0015567820348981343,0.001740350553320313,0.0404713099783332
2019-11-26,-0.005014136541872879,-0.0013404314728321896,-0.0036737050690406857,0.06270092666200812
2019-11-27,0.0009893250460713326,0.0015531910299948944,-0.0005638659839235626,0.25471287610610477
2019-11-28,0.0020040901839512475,-0.00040238538210335406,0.0024064755660546007,0.02178007559954419
2019-11-29,0.013779274022595944,0.005467372591355386,0.008311901431240555,0.056098174636635884
2019-12-02,0.0020828584783670005,0.000878915701580287,0.0012039427767867143,0.14839231753859472
2019-12-03,0.003222708341626206,0.001997434167163189,0.001225274174463017,0.005504289259884127
2019-12-04,0.00950494365073794,0.003222899418708774,0.0062820442320291655,0.0169575442113285
2019-12-05,0.0015817980905429175,-0.0026945635655206204,0.004276361656063536,0.0986882480872737
2019-12-06,0.0002364618453504681,0.00021413083809937103,2.233100725109946e-05,-0.08885526611591765
2019-12-09,0.004351166771588448,0.002145113106492928,0.00220605366509552,-0.20609835709928698
2019-12-10,-0.00354858982444006,-0.0011730951094687616,-0.002375494714971299,-0.04818816451966317
2019-12-11,-0.010689379006649074,-0.005357961464922039,-0.005331417541727037,0.08917826368860786
2019-12-12,-0.0024171590073655417,-0.0013242526526314113,-0.0010929063547341304,-0.06806073553417037
2019-12-13,0.0042385932602798,0.0005784818214658975,0.003660111438813899,-0.1546813587773634
2019-12-16,-0.004460193639605453,-0.0011397031697121128,-0.003320490469893341,-0.14239667286373564
2019-12-17,-0.009679124563806561,-0.00459330419471712,-0.00508582036908944,0.19561869422015207
2019-12-18,-0.010892214918938072,-0.004392065106474847,-0.006500149812463227,0.36014110453501974
2019-12-19,0.017032792729329296,0.0036202221515823987,0.013412570577746898,0.03305836354428181
2019-12-20,0.026744208954029403,0.01187826826090994,0.014865940693119459,-0.19987137715272604
2019-12-23,0.0010360818970617345,0.003639903582820042,-0.002603821685758307,0.13059612704859358
2019-12-24,-0.014032440875470903,-0.0053433713553875,-0.008689069520083404,-0.12128525285654318
2019-12-25,0.005839262503067378,0.0032184247243306173,0.0026208377787367617,0.015121974235812045
2019-12-26,-0.004066895492634812,-0.002102174997221762,-0.0019647204954130505,0.19138185145748024
2019-12-27,0.0007905051938835614,0.0007270958618565365,6.34093320270254e-05,0.045209414456488455
2019-12-30,0.009987709476321383,0.004544721848223694,0.005442987628097685,-0.001925102030588109
2019-12-31,0.0027531202643783174,0.00167414287597609,0.0010789773884022278,0.027950463088206024
2020-01-01,0.0006611202236536206,-0.001044494221702441,0.0017056144453560587,0.1847864347434381
2020-01-02,-0.0009146724187256025,0.0003034344425040464,-0.0012181068612296475,0.14135150084373851
2020-01-03,0.005359626973117856,0.0012137456817144857,0.004145881291403378,0.05422208193833491
2020-01-06,0.005079379722143738,0.002996438065462378,0.00208294165668136,0.08880321026313678
2020-01-07,0.0018309227458091861,-0.0010208917567152403,0.0028518145025244277,0.017275075828043846
2020-01-08,0.0037110430659116323,0.001972367549542487,0.0017386755163691456,-0.12789010494986555
2020-01-09,0.0012214565227881358,0.0005780362899207377,0.0006434202328673977,-0.08830547368655195
2020-01-10,-0.0074140490938413885,-0.0016499655566777488,-0.005764083537163643,-0.13436604966752105
2020-01-13,-0.003909587532355157,0.00032296877283501807,-0.004232556305190177,-0.16399788578562094
2020-01-14,-0.006573260424972771,-0.0016234293640419498,-0.004949831060930823,0.0629343895999012
2020-01-15,-0.009195196901430055,-0.004171620555485924,-0.005023576345944129,-0.054351913844602154
2020-01-16,0.002305172445369005,-0.0013670892644043458,0.003672261709773349,-0.04755167598455559
2020-01-17,-0.002859141049106024,-0.0016643252749899847,-0.0011948157741160383,-0.1171429059803519
2020-01-20,-0.001657017327025446,-0.00028135270844730897,-0.001375664618578137,0.02303292882622913
2020-01-21,-0.005436671563003224,-0.0012285441096879096,-0.004208127453315315,-0.09336878881753057
2020-01-22,0.0009281339817105498,-0.0009545132849786489,0.0018826472666891997,0.10016115796037914
2020-01-23,-0.004284021787966871,-0.0022105491205546514,-0.0020734726674122195,-0.08674397043516104
2020-01-24,0.004299333898158508,0.0003022513282413819,0.003997082569917128,0.0673958734916314
2020-01-27,-0.006085249368084347,-0.0011594757279253876,-0.004925773640158958,-0.11702010587284799
2020-01-28,0.0034966661876131844,0.0020661558384849274,0.0014305103491282576,-0.05212711146109365
2020-01-29,-0.008574609739936252,-0.0035814967047250092,-0.004993113035211243,-0.13936678969806318
2020-01-30,-0.002937689278548036,-0.001227466595970996,-0.0017102226825770393,-0.24945000044031226
2020-01-31,-0.0077624122497826535,-0.005811308769611927,-0.0019511034801707218,0.2511867079914996
2020-02-03,-0.01762836724205191,-0.006829372038782946,-0.010798995203268963,-0.14537456511037025
2020-02-04,0.013718512508223526,0.006602596896638644,0.007115915611584887,-0.01956952011703213
2020-02-05,-0.007217778463675637,-0.0032250200997569964,-0.003992758363918642,0.04351105956242988
2020-02-06,-0.00034354594117678603,0.0004800015696992191,-0.0008235475108760056,0.05918996976085897
2020-02-07,0.0010292505367432154,-0.0003484288383931271,0.0013776793751363418,0.05339045561059244
2020-02-10,0.003676450500626951,0.003029456160144408,0.0006469943404825429,0.09231784276144643
2020-02-11,0.005030229368619448,0.002787156409666444,0.0022430729589530043,-0.13304007737643975
2020-02-12,0.007147372626022226,0.0023104621817574087,0.004836910444264814,0.002052905321858383
2020-02-13,-0.005819143148264517,-0.0020016501632013984,-0.0038174929850631183,-0.1838749238309228
2020-02-14,0.00028624044556532823,0.0015297894666635927,-0.0012435490210982636,-0.005039586330623287
2020-02-17,-0.010327827428315277,-0.004970822944886618,-0.005357004483428662,0.0930486160821096
2020-02-18,-0.0020535910523881047,-0.0012710205607268524,-0.0007825704916612532,0.17208010661532616
2020-02-19,0.004030733348238391,0.0018658459589169251,0.0021648873893214647,-0.1253625508543525
2020-02-20,0.010001094096561643,0.005310136250316668,0.004690957846244975,-0.2533506879463882
2020-02-21,-0.006699984046083025,-0.0021792235272489885,-0.004520760518834037,-0.023420301883720504
2020-02-24,-0.01252883797096134,-0.004280727895801096,-0.008248110075160246,0.14404014145324
2020-02-25,-0.0013961677622253777,-0.0004682814036632534,-0.0009278863585621242,0.05437940237858369
2020-02-26,0.00743032427071719,0.0010053891758438158,0.006424935094873373,0.08629226426357486
2020-02-27,0.004522072430150858,-0.0005048559991820984,0.005026928429332957,0.08411892156027903
2020-02-28,0.0038678561991803036,0.0003186016481894279,0.0035492545509908757,0.1400282326129255
2020-03-02,0.004989882481512184,0.0020059124389332226,0.002983970042578962,0.06680938106306895
2020-03-03,0.005592865295473039,0.003641888256829604,0.0019509770386434335,0.23671011568533465
2020-03-04,0.0025169084865075838,0.0007863747657428513,0.0017305337207647318,-0.15325437505568243
2020-03-05,0.012025929818790915,0.004128225794094876,0.007897704024696037,-0.11022178847138962
2020-03-06,-0.004636063576667486,-0.001527813398135182,-0.0031082501785323034,-0.10834374182868974
2020-03-09,-0.006300835285149662,-0.0021983113391947145,-0.0041025239459549475,-0.07652578416928885
2020-03-10,-0.00478253571659392,-0.0018402870378837336,-0.0029422486787101854,-0.07420749791804813
2020-03-11,-0.003726612675139532,-0.0026948636475435453,-0.0010317490275959865,-0.09267877355528648
2020-03-12,-0.004293864098345449,-0.0017057798831887072,-0.0025880842151567414,0.018458694279439684
2020-03-13,-0.004371631452884319,-0.002446590350507122,-0.0019250411023771959,0.10700387016077387
2020-03-16,0.00260438870128413,0.0017346245697225041,0.0008697641315616256,-0.26495044829562375
2020-03-17,0.005646878259374008,0.0027462716503763173,0.00290060660899769,0.0552929652752908
2020-03-18,-0.014715269553970777,-0.007623441944568876,-0.007091827609401901,-0.17850893070857876
2020-03-19,0.0033959350072105634,0.003444295037615593,-4.836003040503169e-05,-0.18030433574305976
2020-03-20,-0.009562603466806183,-0.005481053836904679,-0.004081549629901506,-0.1327507653431406
2020-03-23,-0.010944277037133668,-0.003604141908843497,-0.007340135128290173,-0.2580319439141665
2020-03-24,-0.007456388944460277,-0.004939602127356071,-0.0025167868171042038,-0.1910047764597961
2020-03-25,-0.017670667270035505,-0.0070318252710647785,-0.010638841998970729,-0.12739319178086392
2020-03-26,-0.016120682453714272,-0.007850155304666671,-0.008270527149047597,-0.2987027005914338
2020-03-27,-0.009650390823298985,-0.0033229867875185165,-0.006327404035780467,0.50060910037494
2020-03-30,-0.020836258334017553,-0.008357694468764085,-0.012478563865253471,-0.21465714202226285
2020-03-31,0.04278442309941876,0.01840655075359541,0.02437787234582335,0.014845708035230243
2020-04-01,-0.013263659127292155,-0.005671509904808525,-0.007592149222483632,-0.2555208133440759
2020-04-02,0.003550018006109149,0.0019042839991731172,0.0016457340069360327,-0.022551314733197266
2020-04-03,-0.016826672905424597,-0.006211576783682719,-0.010615096121741874,-0.12172441939806426
2020-04-06,-0.0029498291905119363,-0.004275136960985736,0.0013253077704737989,-0.4490998564956665
2020-04-07,-0.0075565387301867485,-0.005519695596877374,-0.0020368431333093757,0.3627436554328607
2020-04-08,-0.0339129923855557,-0.01621762396595938,-0.01769536841959632,0.045847773275090056
2020-04-09,0.02911524324292753,0.013960683125976864,0.015154560116950667,-0.19190332511729483
2020-04-10,0.0016652674331979942,-0.0016068954328321318,0.003272162866030128,-0.08630911344086693
2020-04-13,-0.012263817825452895,-0.004712065504006204,-0.0075517523214466906,0.38290797740354965
2020-04-14,-0.009459739643569907,-0.006126678052213133,-0.003333061591356771,0.257172684161025
2020-04-15,0.029260967082063667,0.01220695857772775,0.017054008504335916,-0.09442342871382808
2020-04-16,0.01845741652098628,0.01088625598897382,0.007571160532012461,0.37117012127001353
2020-04-17,-0.007166655346244912,-0.0010324297026860947,-0.006134225643558821,-0.33819397434206966
2020-04-20,0.02815356545643794,0.01354598029735816,0.01460758515907978,-0.07871383758078648
2020-04-21,-0.022760201787708094,-0.009145358201927068,-0.013614843585781026,-0.22763712133455122
2020-04-22,-0.005079987714396006,-0.0021373945723481644,-0.002942593142047841,-0.2835017221507789
2020-04-23,-0.01622008387218804,-0.007503117997819822,-0.00871696587436822,0.14127198251959394
2020-04-24,-0.023641861803493605,-0.009310799176082104,-0.014331062627411498,0.002670710066056968
2020-04-27,0.01074533016818002,0.002653180849407452,0.008092149318772567,0.3579993144771916
2020-04-28,2.0105059915907818e-05,9.476186353587538e-06,1.0628873562320822e-05,-0.1543235728915253
2020-04-29,0.02265514899188499,0.010452014088701491,0.012203134903183496,-0.11239780557500308
2020-04-30,-0.012573545039760057,-0.007203404884244837,-0.005370140155515221,-0.10226111966055443
2020-05-01,-0.010968470859851216,-0.00445520543268212,-0.006513265427169098,-0.17302963405669244
2020-05-04,-0.005144794607823052,-0.00020754946766765592,-0.004937245140155397,-0.10561423719884462
2020-05-05,-0.011487835975697582,-0.006436627501752393,-0.005051208473945188,0.21730355927486503
2020-05-06,-0.006774167924768398,-0.001901346458583631,-0.004872821466184764,-0.22568441977759146
2020-05-07,0.01759973970003015,0.005587418275490488,0.01201232142453966,-0.0058243334576344
2020-05-08,-0.015240560107278115,-0.007717028448776249,-0.0075235316585018685,0.026957183071144534
2020-05-11,0.0012647738829645707,0.0015868463528746282,-0.0003220724699100584,0.31719887249509704
2020-05-12,0.003017761106953339,0.0014113697803758585,0.0016063913265774825,0.4483688422003305
2020-05-13,0.022811687300876782,0.011271501164901856,0.011540186135974927,0.18479117558947175
2020-05-14,0.028241050284167624,0.013096607750006577,0.015144442534161046,-0.0982911153274072
2020-05-15,0.012764035501250947,0.004530295259455575,0.008233740241795372,0.2309252488205441
2020-05-18,-0.008048797587822547,-0.0039403678221657315,-0.004108429765656818,-0.03648781294154178
2020-05-19,0.014089580601880182,0.006453542213814492,0.00763603838806569,0.1767458396457708
2020-05-20,-0.0037842561439365655,-0.0024086246187184886,-0.0013756315252180752,-0.10150965135272288
2020-05-21,0.011047378834430917,0.0034431102119687577,0.007604268622462158,-0.02937351586193699
2020-05-22,-0.004771813801785631,-0.000650240766241008,-0.004121573035544626,-0.11217478942238053
2020-05-25,-0.001905346934204341,-0.0008759831451281251,-0.0010293637890762151,-0.05386651979220058
2020-05-26,-0.006936333693576717,-0.002649931713896863,-0.004286401979679855,0.22059009917415134
2020-05-27,-0.004056702253053689,-0.0037349689857184842,-0.00032173326733520545,-0.13631661979457618
2020-05-28,0.013967358041638674,0.005912199397475329,0.008055158644163347,0.022949567708448942
2020-05-29,-0.008895153689425563,-0.007405407521932306,-0.0014897461674932555,0.005571571307447549
2020-06-01,2.5557337098575453e-05,-0.0028789500511897,0.002904507388288277,-0.01189937935046686
2020-06-02,-0.001505611296535633,0.0003899544450162891,-0.0018955657415519224,-0.20408452794502752
2020-06-03,-0.0005374795604250143,-0.0002778691708262941,-0.00025961038959871827,-0.22371365721113887
2020-06-04,-0.014027730280571629,-0.00816190467317336,-0.005865825607398269,-0.04248347445330793
2020-06-05,-0.01656394493269117,-0.010319343380011213,-0.006244601552679955,0.2704911701735835
2020-06-08,-0.0031315559405414766,-0.0021256924211601053,-0.0010058635193813704,-0.006958279000646654
2020-06-09,0.015567940793837018,0.00805307661064362,0.007514864183193396,0.04500558030601167
2020-06-10,-0.001036606715228346,0.0019022946093138508,-0.002938901324542197,-0.1406838200026832
2020-06-11,0.0033780108176905232,-7.842621630281196e-06,0.003385853439320805,0.21226484536174228
2020-06-12,-0.009483045920954903,-0.003509615688723546,-0.0059734302322313575,-0.0330724549339319
2020-06-15,0.015512005055347083,0.005091899223107989,0.010420105832239096,0.12815736577209486
2020-06-16,-0.004034163861813827,-0.0029363338989011317,-0.0010978299629126973,0.16304929009599636
2020-06-17,0.007732685391912609,0.0018867050742931353,0.005845980317619475,0.09289091481847384
2020-06-18,0.006692469309011013,0.006464162385993847,0.00022830692301716894,0.30516104142387923
2020-06-19,0.0060734642368215665,0.004388952545556596,0.0016845116912649696,-0.15163444523629674
2020-06-22,0.01664053231856116,0.00808924719886894,0.008551285119692218,0.13600398650944678
2020-06-23,-0.009114663026961414,-0.0054830332550300145,-0.0036316297719313994,0.24013021688822336
2020-06-24,0.0069499520403345635,0.004813688214303864,0.0021362638260307,-0.10851120253941743
2020-06-25,0.014084898161964295,0.0074297723823387035,0.006655125779625591,-0.09249444244138244
2020-06-26,-0.005326098748553741,-0.0027334681717078955,-0.002592630576845844,0.11641677917263318
2020-06-29,-0.0037954500067847166,-0.0026566865849373318,-0.0011387634218473844,-0.025571577306755775
2020-06-30,0.005654081230736235,0.003518687864636245,0.002135393366099989,-0.14446541724739234
2020-07-01,-0.0027101113110370935,-0.00203169318455351,-0.0006784181264835837,0.1380192401880233
2020-07-02,-0.009434554681191922,-0.007538715194913927,-0.0018958394862779934,0.05719425300177944
2020-07-03,0.007837286375754494,0.0020890287737436444,0.005748257602010851,0.10196987359384752
2020-07-06,0.0018398393824324369,0.0013268474596173606,0.0005129919228150752,0.03863338244358771
2020-07-07,0.005360301581654033,0.0005264005457647127,0.004833901035889321,0.14961009807807124
2020-07-08,0.0015344298856262103,0.0009168927883225937,0.0006175370973036162,-0.000114839012471418
2020-07-09,0.008458860333730408,0.005007454664521327,0.00345140566920908,-0.11854266740388303
2020-07-10,0.0002075096957401372,0.00023805828766762602,-3.0548591927488395e-05,-0.06417777748308699
2020-07-13,-0.0064429028585185335,-0.0023296356927766807,-0.004113267165741851,0.0007303238441092017
2020-07-14,-0.0030041609766821176,-0.0010552808964447327,-0.0019488800802373845,0.09855947487240714
2020-07-15,-0.0001021008746066365,0.0012965023585259612,-0.0013986032331325974,-0.1411252014808405
2020-07-16,0.0061333634144929775,0.0015499382635985918,0.004583425150894386,-0.047286679763151804
2020-07-17,-0.008714123657643947,-0.0032880021259290544,-0.005426121531714892,0.11403298092452259
2020-07-20,-0.0004243155261658821,-0.0003231642511819701,-0.00010115127498391266,-0.20639789088920746
2020-07-21,0.008761610138366946,0.0035939581617928417,0.005167651976574104,-0.0558006693536151
2020-07-22,-0.012622044605342875,-0.005804152459863761,-0.006817892145479113,0.2276634972156624
2020-07-23,-0.0015668719566287815,-0.001394237458624453,-0.00017263449800432925,-0.2245828677493379
2020-07-24,0.015438508485965627,0.005297806368158715,0.010140702117806911,0.06778527673475822
2020-07-27,-0.01708377287917694,-0.006381958727675888,-0.010701814151501052,-0.2687056863372163
2020-07-28,0.0055926246523182515,0.002575704534078856,0.0030169201182393946,0.023500427709043734
2020-07-29,-0.014734429958479126,-0.006783517846755011,-0.007950912111724117,0.1497373325634779
2020-07-30,0.00020440658031592332,5.847045242066227e-05,0.00014593612789526138,-0.02294098520805007
2020-07-31,0.010558647740935932,0.0035332973239896176,0.007025350416946316,-0.1978237646991751
2020-08-03,0.00047966797160843333,-0.0003434834902898403,0.0008231514618982742,-0.01822802855449432
2020-08-04,-0.011429509536954513,-0.0046547280861413435,-0.006774781450813167,0.015076004008508441
2020-08-05,-0.0010104421694239396,-0.0008341955016931293,-0.00017624666773081,-0.07187004147903715
2020-08-06,0.0019772622907585254,0.00013661160807231995,0.0018406506826862045,0.053782335150825325
2020-08-07,-0.0024337360646968995,-0.001208045791460426,-0.0012256902732364725,-0.009234083278367182
2020-08-10,0.0029303252073468993,0.000329958452409072,0.0026003667549378273,0.041072845260601384
2020-08-11,0.0011892125808710755,0.000542799639428747,0.0006464129414423276,0.0817712922439896
2020-08-12,0.0016235394680910458,0.0008681748407265355,0.0007553646273645099,-0.05934908238890383
2020-08-13,0.005244249221790087,0.0032168165931978345,0.002027432628592251,-0.23470983908629314
2020-08-14,-0.002546592055839971,-0.0011232327688488878,-0.001423359286991083,0.08007052915749563
2020-08-17,-0.013959873668776733,-0.005449631083319319,-0.008510242585457411,0.1570802095114644
2020-08-18,0.002195158374956726,0.0016374706860952052,0.0005576876888615193,0.07585126157467163
2020-08-19,0.009440027989809786,0.00392521783019357,0.005514810159616218,-0.12644591167778169
2020-08-20,0.003080777518066306,0.0007260345881816377,0.0023547429298846688,-0.03302795114570732
2020-08-21,-0.008823152423498768,-0.002875411578173508,-0.00594774084532526,0.22729479575756467
2020-08-24,-0.004285727206661049,-0.0009565891592121616,-0.003329138047448889,0.058480636565699885
2020-08-25,0.011638289402124913,0.005286037432798355,0.006352251969326556,-0.07370361197327122
2020-08-26,0.0009549935161134269,0.0006920023885416183,0.00026299112757180746,0.03850631759051807
2020-08-27,-0.0031428909694727995,-0.0013111193504811887,-0.0018317716189916108,-0.06412238797369611
2020-08-28,0.0035504931879997764,0.00158495255829372,0.001965540629706054,0.16254768080217588
2020-08-31,-0.003105803716395445,-0.0029951768682755066,-0.00011062684811993882,-0.21736847884910399
2020-09-01,0.011252787780175563,0.0036337194559124646,0.007619068324263104,-0.07116395940224748
2020-09-02,-0.013541982388202284,-0.005799596666884501,-0.0077423857213177825,-0.11006557282265748
2020-09-03,-0.003090682100732092,-0.0016684502988498946,-0.0014222318018821956,0.07331362121027984
2020-09-04,-0.008510429710099325,-0.002679415756685073,-0.00583101395341425,-0.052387775640592577
2020-09-07,0.004622107882901402,0.0017919806639852646,0.0028301272189161374,0.18107515900759513
2020-09-08,-0.004154311581163069,-0.0014836689552590447,-0.002670642625904025,0.13442688915661224
2020-09-09,0.014059526266699821,0.004083155857451599,0.00997637040924822,-0.11768600855273348
2020-09-10,0.007181974018508611,0.0030100512579953964,0.004171922760513215,0.015922228988987427
2020-09-11,-0.00783231087840879,-0.00336103713275548,-0.0044712737456533095,-0.2581157567003975
2020-09-14,0.002922754027241163,0.002127375273214184,0.0007953787540269791,0.315330972285075
2020-09-15,-0.016003954595518115,-0.007156653929952821,-0.008847300665565293,-0.08461720175315682
2020-09-16,0.022499219462566743,0.011705165104207651,0.010794054358359093,-0.19197198913192506
2020-09-17,-0.005298023491398702,-0.0026122921683112785,-0.0026857313230874234,0.021437784098770164
2020-09-18,-0.013600708608677507,-0.006842470043873549,-0.006758238564803957,-0.13521689763075823
2020-09-21,0.0020112995125727714,0.0020713164269659514,-6.001691439317877e-05,-0.23424177078103936
2020-09-22,-0.010981577980899195,-0.004861517422669595,-0.0061200605582296015,-0.05692768929567951
2020-09-23,-0.01662827130451929,-0.007529226809855764,-0.009099044494663524,-0.15661453483193907
2020-09-24,-0.003850297150277845,-0.001942072383635151,-0.0019082247666426938,0.039934258493565855
2020-09-25,-0.0111672703611242,-0.004897084193583876,-0.006270186167540322,0.1621902773347797
2020-09-28,0.00293754042449871,-0.00040834434706639965,0.00334588477156511,-0.19092480840191975
2020-09-29,0.009443779829726792,0.002552719837002406,0.006891059992724387,-0.07227284828860277
2020-09-30,-0.012258903524422118,-0.0047280859329649596,-0.007530817591457158,-0.01316786037554347
2020-10-01,-0.0033930155224532283,-0.0035363648669252375,0.0001433493444720085,-0.14335059163769398
2020-10-02,-0.001858713841799127,-0.003717635103153055,0.0018589212613539265,-0.23677922883652747
2020-10-05,-0.008824227250469784,-0.003871507006797469,-0.004952720243672315,-0.1601366131162058
2020-10-06,-0.014453209650486047,-0.006773262244177448,-0.007679947406308599,-0.13242080257653557
2020-10-07,-0.009969538327918729,-0.005291338556988882,-0.004678199770929844,-0.1861224412500609
2020-10-08,-0.010792898090798635,-0.006645644458273011,-0.004147253632525622,0.2518818477036712
2020-10-09,-0.014848595814124788,-0.008240178830352322,-0.006608416983772462,0.05605257345920925
2020-10-12,0.01818474875565987,0.004798870823388594,0.013385877932271271,-0.4716767629063122
2020-10-13,0.006969484210361563,0.004289135759496236,0.0026803484508653233,-0.046641098622986626
2020-10-14,-0.0373703010311604,-0.013629057931275803,-0.023741243099884603,0.11974359733022663
2020-10-15,-0.003456178228984093,-0.002861129633278269,-0.0005950485957058223,0.3905185121809608
2020-10-16,0.007827919053998232,0.004498540251724661,0.003329378802273568,-0.4482015606633012
2020-10-19,0.03188522965834254,0.01152693971720041,0.02035828994114213,0.024206721755294196
2020-10-20,-0.03215840387499153,-0.012875854156324126,-0.0192825497186674,-0.25258756408310507
2020-10-21,0.002243126547908026,-0.0007980666813934608,0.0030411932293014903,0.39461115630753113
2020-10-22,-0.01639975654135583,-0.007904194544919424,-0.008495561996436404,0.10442020530083483
2020-10-23,0.027861318056747443,0.013178063707531319,0.014683254349216121,-0.15696736128506708
2020-10-26,0.004598587250158793,0.002261030349987262,0.002337556900171532,-0.1572810419223335
2020-10-27,-0.011002086732762092,-0.0044016404804352646,-0.006600446252326827,-0.14316784059266538
2020-10-28,-0.008556595902333907,-0.004737514695129964,-0.0038190812072039417,0.32355232126891187
2020-10-29,-0.01039583878268133,-0.006047452821036201,-0.004348385961645128,0.1234264285727352
2020-10-30,0.02289683732273813,0.008910369311716243,0.013986468011021888,-0.02596912838797304
2020-11-02,0.009500898141560979,0.002183050953911525,0.007317847187649454,-0.13072259869767724
2020-11-03,-0.0014794229219435551,-0.0027357748940362225,0.001256351972092667,-0.2374974850645752
2020-11-04,-0.009132587772378567,-0.0032838374997139065,-0.00584875027266466,-0.09472185144225391
2020-11-05,-0.01466031197969201,-0.009007362885507837,-0.005652949094184175,-0.07723611681822708
2020-11-06,-0.009218578686959824,-0.004333246657822164,-0.004885332029137664,-0.05848635667425657
2020-11-09,-0.0034757748202868385,-0.00105715833961009,-0.0024186164806767494,-0.05128057691214873
2020-11-10,-0.0018753333330265337,-0.0009122721179214456,-0.0009630612151050868,-0.10793624302303377
2020-11-11,-0.003925070992186522,-0.0028347212134615983,-0.0010903497787249214,-0.17517188073566956
2020-11-12,-0.00780812958624987,-0.003415018089437019,-0.00439311149681285,-0.09172462518792097
2020-11-13,-0.013222806097968786,-0.0056676487405980915,-0.007555157357370694,0.3754013488572411
2020-11-16,-0.008201342341120695,-0.004864252606798008,-0.0033370897343226883,-0.4032298473317368
2020-11-17,0.03493130879934683,0.014273103139854075,0.020658205659492758,0.3022294070300347
2020-11-18,-0.030576926083956728,-0.012982491788678831,-0.0175944342952779,0.1667492768337722
2020-11-19,0.02213806809879272,0.009411876645876551,0.012726191452916171,-0.2053120574332926
2020-11-20,0.009295985711950613,0.006104558145580155,0.0031914275663704568,0.07593417461912447
2020-11-23,-0.014082314568060172,-0.0051947180457941715,-0.008887596522265999,-0.15657356395359256
2020-11-24,0.0074124545883489205,0.00226085438451175,0.0051516002038371695,0.03362132873250184
2020-11-25,-0.013368698351275604,-0.005759954709515915,-0.00760874364175969,-0.2947754576395731
2020-11-26,0.002904836808197882,0.003175152554250405,-0.0002703157460525237,0.15252314758976895
2020-11-27,-0.020884614954165784,-0.011779826969510424,-0.009104787984655362,-0.25937216207012426
2020-11-30,0.010876583398707682,0.009227141870810411,0.001649441527897269,0.08045700544816922
2020-12-01,-0.018429908380557306,-0.008398944468313886,-0.010030963912243424,0.08889780578615164
2020-12-02,0.007042476109535997,0.0017798817500286508,0.005262594359507346,-0.22665135400314063
2020-12-03,0.0034873694229572328,0.0028987794628015833,0.0005885899601556482,0.22790831435114936
2020-12-04,-0.015741765592609515,-0.006843958032955888,-0.008897807559653626,0.2627045112316657
2020-12-07,0.0151995420551622,0.005094149632819364,0.010105392422342836,0.38958538041143037
2020-12-08,0.01855134884040644,0.00822334610821505,0.010328002732191387,-0.12308295009227002
2020-12-09,0.03271797349824525,0.01469585169471834,0.01802212180352691,0.1669444480395597
2020-12-10,-0.008919657207143813,-0.0038494317352968125,-0.005070225471847,-0.009020477248473713
2020-12-11,0.008702602685916683,0.0015790270421749963,0.007123575643741692,0.1837700086155393
2020-12-14,-0.0015399613927628759,0.0020721337983709773,-0.003612095191133851,0.25475234326375623
2020-12-15,0.01037325453119114,0.0015765999321480494,0.008796654599043092,0.08094062763721341
2020-12-16,0.018034821755583557,0.007199929091376153,0.010834892664207405,0.3217279413668295
2020-12-17,0.004165757655012216,-0.0003312622673583947,0.004497019922370612,0.15263163518185807
2020-12-18,0.020057273003415973,0.00887045758118933,0.011186815422226644,0.03080602809372085
2020-12-21,0.008315456671068228,0.004926154688115145,0.0033893019829530835,-0.06452472447604848
2020-12-22,0.0036400641754520497,0.003906189197318782,-0.00026612502186673225,-0.03186106059563121
2020-12-23,-0.004238326927962481,-7.958986195366093e-05,-0.004158737066008821,0.033797261177083066
2020-12-24,-0.0016536391466183968,0.0010273228223181882,-0.0026809619689365854,-0.05118463799161669
2020-12-25,0.0032017643640407786,0.0019867644231590844,0.0012149999408816938,0.11898775820126625
2020-12-28,-0.0028903355080865866,-0.0013470578734038714,-0.0015432776346827153,-0.13244852623008035
2020-12-29,0.007418010158091746,0.0031359610009687316,0.004282049157123014,0.05848372188086629
2020-12-30,-0.007266045242883295,-0.0002943981448891913,-0.006971647097994104,-0.23068493905939066
2020-12-31,0.0037494022393732124,0.0019594272098140556,0.0017899750295591573,-0.036974339770788185
2021-01-01,-0.01488441864053514,-0.0060173823113127915,-0.008867036329222346,-0.0315520097940648
2021-01-04,-0.0030018144064650246,-0.003385545752117889,0.0003837313456528657,0.1149928000970014
2021-01-05,-0.0014873345599784428,-0.0016309980966662321,0.00014366353668779017,-0.1394136210062786
2021-01-06,0.008075988109959322,0.004786555581370392,0.0032894325285889297,0.11145996082259314
2021-01-07,-0.009539094998676735,-0.005376679845759905,-0.004162415152916828,-0.21173991078022172
2021-01-08,0.0073947862278139565,0.003605030842277055,0.003789755385536901,-0.08286778780073177
2021-01-11,-0.012614259495622478,-0.005584501660147042,-0.007029757835475438,0.17251693438577798
2021-01-12,-0.003742819206169659,-0.00598818196897033,0.0022453627628006706,-0.0044065230345552535
2021-01-13,0.013252869783303967,0.008272963648502846,0.004979906134801121,-0.10184613901495823
2021-01-14,-0.0011465324768909894,-0.00012135211265426778,-0.0010251803642367247,0.15186232689493093
2021-01-15,-0.0062990550783751905,-0.0033828929195926965,-0.002916162158782494,-0.1789133940958254
2021-01-18,0.010810530794954061,0.005821657122568727,0.0049888736723853345,0.12346738912399365
2021-01-19,-0.01145592954163031,-0.004030089545706585,-0.0074258399959237255,-0.010670727161518966
2021-01-20,0.008039847112340612,0.0014519757305062999,0.006587871381834312,0.010553812092337946
2021-01-21,0.00034066268335982797,-0.0028334649433028984,0.0031741276266627257,0.17400517542804175
2021-01-22,-0.00017577688680609676,0.001053893442847743,-0.0012296703296538394,0.04264057376366107
2021-01-25,0.009981056658059154,0.005819837742671666,0.004161218915387491,-0.13201104661350702
2021-01-26,0.0031026976786493474,0.001420147065985474,0.0016825506126638724,0.09184802964038369
2021-01-27,-0.007054654987242398,-0.001056344684547109,-0.005998310302695289,0.15823705222498116
2021-01-28,0.005009893627406272,0.0023838189175406682,0.0026260747098656046,0.12742797269276382
2021-01-29,0.009307864816779605,0.0042435205027479975,0.0050643443140316055,-0.04672129389122519
2021-02-01,0.008417365923622912,0.0030838824992139597,0.005333483424408952,-0.26247013146431564
2021-02-02,-0.004666474330301009,-0.0027156099704682677,-0.001950864359832741,0.04009587009184644
2021-02-03,-0.018162435550037118,-0.006981076268852614,-0.011181359281184503,0.2282607997969762
2021-02-04,0.0024585937855707866,-0.0005776268587683701,0.0030362206443391576,0.1735404693891501
2021-02-05,0.013630290871219919,0.006349660435366649,0.00728063043585327,0.07376740871519065
2021-02-08,0.010991851746872165,0.00515818211716268,0.005833669629709484,0.11536464158697783
2021-02-09,0.0030582947550803897,0.0006713416146333449,0.0023869531404470436,0.3121986650642824
2021-02-10,0.006062989740002497,0.0037018444316696333,0.0023611453083328647,-0.17103798543799503
2021-02-11,0.02360426861444598,0.010261987967024537,0.013342280647421444,0.1276762261237959
2021-02-12,-0.010990092172809187,-0.004408791452128425,-0.006581300720680762,0.017659751431502776
2021-02-15,0.007567523692589509,0.0024413178493462935,0.005126205843243215,-0.0869014220158471
2021-02-16,0.00025379081275404597,0.000441591749694447,-0.00018780093694040169,-0.12837691841906615
2021-02-17,-0.004620906693847394,-0.0017007762637872683,-0.0029201304300601255,-0.05325400736913833
2021-02-18,-0.0061855472011205625,-0.004122371879357517,-0.0020631753217630446,0.008355308524211414
2021-02-19,-0.0016256250950387858,-0.001320471012194749,-0.0003051540828440365,-0.04293092074481817
2021-02-22,-0.0012347411813190268,-0.0004486722430662709,-0.0007860689382527559,-0.10811709199927855
2021-02-23,-0.0019929687950710952,-0.0009309898674269212,-0.001061978927644175,-0.047099443543045044
2021-02-24,-0.005727619500993273,-0.005021949394166151,-0.0007056701068271238,0.058209158484463855
2021-02-25,-0.0019084517297695935,-0.0031844313112114227,0.0012759795814418287,0.022216273388425748
2021-02-26,0.0034060615694104664,0.0037171516015833336,-0.0003110900321728668,0.095007554668523
2021-03-01,0.0003495009558468886,0.0005422905387185578,-0.00019278958287166875,0.04637995149211501
2021-03-02,0.009376938736986631,0.002772815430493382,0.006604123306493246,0.2139693517724046
2021-03-03,0.0033344646801951967,-0.0009613346324551949,0.004295799312650391,0.027441698394069167
2021-03-04,0.013863450918898502,0.007034481308427138,0.006828969610471362,-0.07487127302388492
2021-03-05,0.0019514763091469868,3.185680963496229e-05,0.0019196194995120242,0.0293460461131555
2021-03-08,-0.004547081543571578,-0.0023977570202783315,-0.002149324523293245,-0.1097551527793324
2021-03-09,-0.0010779341895124377,-0.0005900630565084889,-0.00048787113300394896,0.016922532419895314
2021-03-10,-0.009693784084985176,-0.006433832280585753,-0.0032599518043994226,-0.06236370712091177
2021-03-11,0.0020620357603328837,-0.0020023419149628047,0.004064377675295685,-0.04027570253799453
2021-03-12,-0.005098522677854269,-0.0026614922352340134,-0.0024370304426202553,-0.10152148271530496
2021-03-15,-0.0014644844547137647,-0.003260009781126477,0.0017955253264127155,0.016376186372051488
2021-03-16,-0.005986156981003201,-0.003329902711885684,-0.0026562542691175185,0.12685545747149451
2021-03-17,-0.0004094204694012833,-0.0028867807936606826,0.0024773603242594,-0.10124869931845289
2021-03-18,0.007987419584605353,0.005622255726461798,0.0023651638581435527,0.0518262806779463
2021-03-19,-0.008148016920153198,-0.006621937139922162,-0.0015260797802310357,0.023268366338885613
2021-03-22,0.003623361636753622,0.004680211013623545,-0.0010568493768699228,0.23313281481638276
2021-03-23,0.0021178706078459958,-5.0269008942147725e-05,0.0021681396167881443,-0.2755951741100955
2021-03-24,0.016404454086374087,0.006777486379955168,0.009626967706418915,-0.11235029137657375
2021-03-25,-0.020797161335684447,-0.013963663524239766,-0.006833497811444681,0.1456902788684698
2021-03-26,-0.005716166808725902,-0.004250556899039078,-0.0014656099096868255,0.19084477412964654
2021-03-29,0.008375209316363128,0.0032230403351246415,0.005152168981238488,0.20159410299461497
2021-03-30,0.011705539850771189,0.008457723595573927,0.0032478162551972606,0.02395414818073864
2021-03-31,0.014874324004699055,0.007344268396724342,0.007530055607974713,0.16748605123955698
2021-04-01,-0.0005744072998155115,-0.0016703749236483892,0.0010959676238328792,0.0005461178311929823
2021-04-02,0.008771830081007358,0.0018919436191054927,0.006879886461901859,-0.006198243768722905
2021-04-05,-0.0015349796249231756,-0.0025951127125171253,0.001060133087593949,-0.1807604207028653
2021-04-06,-0.0014467712080633226,0.0007406003701984007,-0.002187371578261722,-0.05915099069546723
2021-04-07,-0.012674389496599294,-0.006373930880778979,-0.0063004586158203185,-0.30677452214117484
2021-04-08,-0.0003092697479223944,0.000935133264816878,-0.001244403012739273,-0.1624111791641384
2021-04-09,-0.017005572366201233,-0.009337019287464447,-0.007668553078736789,0.12504416216003067
2021-04-12,-0.009973038618396077,-0.006801488427982599,-0.0031715501904134823,0.313395242339407
2021-04-13,0.0051720799862704555,0.0030444237523428734,0.0021276562339275825,0.048572829917565286
2021-04-14,0.018284187275400897,0.011306171738476312,0.006978015536924587,0.13202887880161454
2021-04-15,0.0013876371805920085,0.0008115548166913889,0.00057608236390062,-0.19360336288847999
2021-04-16,0.0076971871484711706,0.0030101483954582337,0.004687038753012938,-0.0543429295593084
2021-04-19,-0.01236617403477091,-0.005957585798354627,-0.006408588236416284,-0.12478993310366884
2021-04-20,-0.0019948186733755816,-0.0009090554724645612,-0.0010857632009110205,0.38270104551926987
2021-04-21,-0.0057540942413958525,-0.0036213249577325326,-0.002132769283663318,0.11326528812224096
2021-04-22,0.025085003512709446,0.014123901607340096,0.01096110190536935,0.1828658331614075
2021-04-23,0.00628310484287227,0.002379504552897947,0.003903600289974326,-0.03678305196104002
2021-04-26,0.008678239481270637,0.003912875540919928,0.004765363940350709,-0.07925127450710233
2021-04-27,-0.0016380018795463201,-0.0006385754357069026,-0.000999426443839417,0.02758561677243273
2021-04-28,-0.004260235079428274,-0.0026172967314299113,-0.0016429383479983628,0.01706770914957583
2021-04-29,0.0002689154331470946,0.000363386052557659,-9.447061941056508e-05,0.14637103211795577
2021-04-30,0.001125291892084142,-0.0008096049298455324,0.0019348968219296747,-0.1835912844795155
2021-05-03,0.009192167280413395,0.005570123258590815,0.00362204402182258,-0.1793076490373112
2021-05-04,-0.01161269901124918,-0.006369143193328441,-0.0052435558179207385,-0.11608132399681291
2021-05-05,-0.013165448310946105,-0.00636383493039477,-0.0068016133805513385,0.13193698695739578
2021-05-06,-0.008568896701028407,-0.002798482680453381,-0.005770414020575024,0.17120974769991656
2021-05-07,0.00860816969716772,0.004014387508189471,0.004593782188978249,0.007595262287019602
2021-05-10,0.010376933207028035,0.00498459510781832,0.005392338099209716,-0.06006225436818926
2021-05-11,0.0003757964181749197,0.0001001253592987604,0.00027567105887615906,0.07238091926305686
2021-05-12,-0.0012240034095750158,0.000493708350872181,-0.001717711760447202,0.24683352282301743
2021-05-13,0.0021636756819724172,0.0028070201967251712,-0.0006433445147527583,-0.08544300295299889
2021-05-14,0.013941117769036277,0.008268834863678475,0.005672282905357798,-0.20117874098691965
2021-05-17,-0.008564432672658683,-0.00550532857722833,-0.003059104095430353,-0.036027491825850806
2021-05-18,-0.010642379753212312,-0.004811730978547432,-0.00583064877466488,0.10390706520873966
2021-05-19,-0.0012820963045681894,-0.00335915295654062,0.00207705665197243,-0.1843895911326549
2021-05-20,0.004790893487214951,0.002218653604909405,0.0025722398823055477,-0.028231273656539414
2021-05-21,-0.012308045149850934,-0.005320818028732131,-0.006987227121118802,0.06863454727457484
2021-05-24,-0.0012084811801822293,-0.0017214096952101682,0.0005129285150279389,-0.18154078107146304
2021-05-25,0.0024413081551295512,0.00041876668406876376,0.0020225414710607886,0.15019890845098716
2021-05-26,-0.014730183241274453,-0.00606704944586649,-0.008663133795407963,-0.11747775776753361
2021-05-27,0.008960707590074385,0.005332495523028377,0.0036282120670460064,0.08510664875097165
2021-05-28,-0.006657443853152024,-0.003442411676720358,-0.003215032176431666,-0.0756770774324743
2021-05-31,0.00507700005273044,0.0013188900246255749,0.003758110028104865,-0.011084581129265761
2021-06-01,-0.005583910643958938,-0.0046249461188605095,-0.0009589645250984297,-0.13278728429137587
2021-06-02,-0.001446717196983745,-0.0021076276500310784,0.000660910453047333,-0.19396517654753323
2021-06-03,-0.010462422357140524,-0.006231636887514232,-0.004230785469626293,0.11632276800106783
2021-06-04,-0.016265854028039817,-0.011254229657465607,-0.0050116243705742095,0.01471293126209437
2021-06-07,0.005533082931968796,0.0005709641554719168,0.00496211877649688,-0.0755729695799759
2021-06-08,-0.00018826460081456005,-0.001462010089391487,0.0012737454885769217,0.13383658691390946
2021-06-09,-0.00502292721199161,-0.001027054690376521,-0.003995872521615089,0.26096727871816444
2021-06-10,0.00864745231546173,0.004214164701989591,0.004433287613472135,-0.15184305288947025
2021-06-11,0.017142320143628913,0.008187735061205658,0.008954585082423255,-0.002405255220285892
2021-06-14,-0.00949138138636215,-0.004764903716446158,-0.004726477669915996,0.0003934897087053622
2021-06-15,0.000677083750588487,-0.0018556353090055655,0.002532719059594053,-0.040934156577912814
2021-06-16,-0.002904999377852616,-0.0017550594062130942,-0.0011499399716395145,-0.2230005908021029
2021-06-17,-0.005028041229393871,-0.0036006113147686904,-0.001427429914625182,-0.07667513026492878
2021-06-18,-0.01845629775254963,-0.0071500259941059685,-0.011306271758443662,0.35403450531888303
2021-06-21,-0.004330426061414531,-0.0013746346408906873,-0.002955791420523844,-0.07891381527194467
2021-06-22,0.03464142512013831,0.01600163362230385,0.01863979149783447,0.23851481466484858
2021-06-23,-0.0065444267463650035,-0.001890874853856207,-0.004653551892508797,-0.04675191248244546
2021-06-24,0.01917161756118032,0.007432567870314495,0.011739049690865824,0.18516722238405434
2021-06-25,-0.0036849005833842416,-0.0013931624881933467,-0.002291738095190893,-0.016534083187188187
2021-06-28,0.011623702823426268,0.006374346396241778,0.005249356427184489,0.1134479341163124
2021-06-29,-0.0013019090785829656,-0.0020176772813394785,0.0007157682027565115,0.10156675543055749
2021-06-30,0.008573518289447194,0.0046238909445672546,0.0039496273448799395,-0.006932754536472057
2021-07-01,0.009368080698998677,0.005312615941952581,0.0040554647570460985,-0.03634027012469909
2021-07-02,-0.00015512237746637635,-0.0012332478017827693,0.001078125424316392,-0.09259912454712452
2021-07-05,-0.003381187673897352,-0.0029194722547471325,-0.00046171541915021944,0.1327170384336487
2021-07-06,-0.005440448610778492,-0.0030630872140815987,-0.002377361396696893,0.18262422516904694
2021-07-07,0.006530503085082005,0.0023647776061896993,0.0041657254788923055,0.042782561893115426
2021-07-08,0.011810294119342656,0.00462741807060837,0.0071828760487342835,0.06334703149301647
2021-07-09,0.0021299816817383897,0.0012146291211656644,0.0009153525605727231,0.22744915628747742
2021-07-12,0.004638591707171242,0.0017958630642771391,0.0028427286428941052,-0.17010839807545813
2021-07-13,0.011419369806038124,0.004999570435041357,0.006419799370996767,0.07093451741459837
2021-07-14,-0.012113602062555122,-0.007807712281819083,-0.0043058897807360386,0.011528823958184156
2021-07-15,0.005936910704785442,0.00292689283023876,0.0030100178745466853,-0.06978067482403871
2021-07-16,0.0018419805837301558,0.00020286114397028657,0.0016391194397598688,-0.15589418698827182
2021-07-19,-0.0020561042756925153,-0.001760303748110272,-0.00029580052758224344,0.006654128260081324
2021-07-20,-0.009017202875061837,-0.004703745717181523,-0.004313457157880314,-0.0036551487477432406
2021-07-21,0.001583286161169943,5.3863232044943504e-05,0.001529422929125,-0.1595807739452787
2021-07-22,0.0009328050389002026,-0.0005212266148610705,0.0014540316537612736,-0.05401451557724993
2021-07-23,-0.00894952100180963,-0.004563546118544681,-0.004385974883264949,0.08348356746370701
2021-07-26,-0.0015556868165247872,0.00018978626399844545,-0.0017454730805232382,-0.01137690659292354
2021-07-27,0.0029268869098464205,0.0016227313912743476,0.001304155518572073,0.06891502502429736
2021-07-28,-0.001248917234217373,-3.524508979041728e-05,-0.0012136721444269561,-0.31027092925006733
2021-07-29,0.006148552668457277,0.003738994949749254,0.0024095577187080233,-0.11132165511227965
2021-07-30,-0.01630720396096303,-0.008448387251722714,-0.007858816709240317,0.14024307403975364
2021-08-02,-0.007969057229968539,-0.0031921336044278695,-0.004776923625540668,0.3341249678828554
2021-08-03,0.006535641617195504,0.003941251709892106,0.002594389907303398,0.057882050473247945
2021-08-04,0.019250551234284076,0.0081652094912496,0.011085341743034475,-0.2668370784840925
2021-08-05,0.003073432573379131,0.00118316885425542,0.0018902637191237125,0.05399190170333712
2021-08-06,-0.016163756254413086,-0.006924568256577629,-0.009239187997835456,0.22596076838539195
2021-08-09,0.004262102628586009,0.00213023157782382,0.0021318710507621883,-0.15990904561520694
2021-08-10,0.015151178836182777,0.00576049229967397,0.009390686536508808,-0.3649463158096645
2021-08-11,-0.008291757172659665,-0.001972861675511063,-0.006318895497148601,-0.17221788953961836
2021-08-12,-0.02065185097099428,-0.010917118369720764,-0.009734732601273517,-0.07869260037390616
2021-08-13,-0.00947557813616972,-0.004106793545028646,-0.005368784591141073,-0.028888368282360386
2021-08-16,-0.004244084701214046,-0.001102681914014022,-0.0031414027872000254,0.37448368455405295
2021-08-17,-0.0025543154926767437,-0.003534139498257847,0.0009798240055811057,-0.030020642302026983
2021-08-18,0.028366734453056625,0.013862721919046523,0.014504012534010107,-0.004507366548393042
2021-08-19,-0.0027573876067046345,-0.0006588809313159139,-0.0020985066753887206,-0.10695430320474426
2021-08-20,2.961087253307282e-06,-6.0523984751396464e-06,9.01348572844617e-06,-0.0027850845234645687
2021-08-23,-0.008236146772437569,-0.00410881105874978,-0.004127335713687789,-0.08054750016556166
2021-08-24,-0.002084594379918531,-0.0005510549275963041,-0.001533539452322227,-0.20784103445551985
2021-08-25,-0.005111171658303498,-0.0017423962625139622,-0.003368775395789534,0.2056093022694752
2021-08-26,-0.011803840078428898,-0.005944750036044834,-0.005859090042384062,0.17691984668124366
2021-08-27,0.01615257165005763,0.005687363661769125,0.010465207988288506,0.22657928358509952
2021-08-30,0.01104341965506296,0.004230419537831312,0.006813000117231648,0.04766538064765542
2021-08-31,0.014579976631377427,0.008967869645129424,0.005612106986248004,-0.23573917440809303
2021-09-01,0.001639654347609138,0.0014624136150514413,0.00017724073255769544,-0.21023053092803892
2021-09-02,-0.016029407073308466,-0.006826742715128528,-0.00920266435817994,0.02261871335991296
2021-09-03,-0.015836915813272262,-0.005806360077563098,-0.010030555735709164,0.11209655124196187
2021-09-06,0.002532017960962937,-0.00042338733082942365,0.002955405291792359,0.04023002675487938
2021-09-07,0.008512294683210495,0.004119201131999052,0.0043930935512114435,-0.0024866110889414854
2021-09-08,0.0019403826388139857,0.0006917399838927557,0.0012486426549212278,-0.09317009043338872
2021-09-09,-0.0005190445283053977,-0.00018400460459941977,-0.0003350399237059777,0.277753445115728
2021-09-10,-0.0044844060752397,-0.002655802330377815,-0.0018286037448618842,0.01842896833803985
2021-09-13,0.017146108851736508,0.006864451108064924,0.010281657743671584,-0.24948785975454288
2021-09-14,0.0004875934117748691,0.0018100722288346017,-0.0013224788170597326,0.0231100269853843
2021-09-15,-0.014644497616043941,-0.006011168553862517,-0.008633329062181425,-0.19205076565459633
2021-09-16,0.0011530635299429556,0.00046664343817250185,0.0006864200917704533,-0.05834631147763589
2021-09-17,-0.011191834278357807,-0.005713496337164087,-0.005478337941193719,-0.06871485910429576
2021-09-20,-0.004381414863740627,-0.0027038868381589493,-0.0016775280255816784,0.13997624831637887
2021-09-21,-0.004146248502464284,-0.0010434459837313087,-0.003102802518732968,0.14216674421061826
2021-09-22,0.007009102084292274,0.0012272731665175386,0.005781828917774736,0.21012630461626688
2021-09-23,0.008167324990875552,0.002449131732029774,0.005718193258845775,-0.1596455327442588
2021-09-24,0.013012813777786895,0.003755993464045074,0.009256820313741823,-0.11344918660173316
2021-09-27,-0.010441588795272478,-0.0036506185233821653,-0.006790970271890313,-0.1380298535432007
2021-09-28,-0.0053856472001085395,-0.0017438890889103229,-0.0036417581111982166,0.2807529402612718
2021-09-29,-0.007698188441618123,-0.004301268760055756,-0.003396919681562368,0.2718727818123533
2021-09-30,0.015831403764034326,0.0070337982906604705,0.00879760547337386,-0.20279551689322065
2021-10-01,0.01640031179268244,0.007563666329518502,0.008836645463163937,-0.04118092555867175
2021-10-04,-0.009670699984111531,-0.0039487546576202045,-0.005721945326491329,0.06628639055816572
2021-10-05,-0.0028587760579754365,-0.0012127271672131169,-0.0016460488907623196,-0.32447733078720925
2021-10-06,0.004002073826552194,0.0008229482402196731,0.0031791255863325213,0.20718147166724651
2021-10-07,-0.01998634228512907,-0.009859427947732362,-0.010126914337396712,0.22279726746207548
2021-10-08,0.014031650052510058,0.00438732095744487,0.009644329095065188,-0.25214061485239275
2021-10-11,0.012921689213875532,0.006040056892315706,0.006881632321559827,0.2759941541763421
2021-10-12,-0.012881983238448427,-0.005783309716874855,-0.007098673521573571,0.23999152168716378
2021-10-13,0.01757611620065287,0.007420396078691379,0.01015572012196148,0.13964378598909385
2021-10-14,0.015778885345739395,0.00605355063021481,0.009725334715524586,-0.011012038572934429
2021-10-15,0.007428145696692864,0.0026454761868452015,0.004782669509847663,0.1127584195572931
2021-10-18,-0.0011883223183056164,-0.0009544996951038436,-0.00023382262320177302,0.20999047721432787
2021-10-19,0.007053716017491947,0.0015168898227237767,0.005536826194768171,0.03351322419645985
2021-10-20,0.01272362227772492,0.003567005670686619,0.009156616607038301,-0.10655263779105051
2021-10-21,0.0009239317314615957,0.00022321237965540995,0.0007007193518061856,-0.07522462415558669
2021-10-22,-0.007025848568531848,-0.0028162090343225137,-0.004209639534209332,0.0702477233175425
2021-10-25,-0.004904354794537298,-0.0019786319689598696,-0.002925722825577427,0.099594516646847
2021-10-26,0.003769006250714411,0.0031872405329700978,0.0005817657177443116,-0.02369920052824316
2021-10-27,0.006493678281136324,0.0028838293244966805,0.0036098489566396426,0.20487510308048185
2021-10-28,-0.0002999204387260175,-0.001681686090766672,0.0013817656520406542,0.07853738212398369
2021-10-29,0.008426269268618773,0.0033981494912712945,0.005028119777347478,-0.14405630406468153
2021-11-01,0.004135614348603328,0.0017641922101386456,0.0023714221384646813,-0.23445815889962793
2021-11-02,-0.006830350284647591,-0.00334755525250717,-0.003482795032140421,0.07688899847658384
2021-11-03,-0.01523700451685172,-0.008452366637302498,-0.0067846378795492195,0.002771108984592251
2021-11-04,0.0066883855793282996,0.004272113346048236,0.0024162722332800625,0.18304478887605072
2021-11-05,-0.0003240290394406107,0.001214716247886348,-0.0015387452873269567,-0.007113999929441769
2021-11-08,0.009129050105935019,0.00517197715604111,0.003957072949893911,0.007058440116139409
2021-11-09,-0.000861842052446638,-0.0012145590596250476,0.0003527170071784087,-0.17958644884853922
2021-11-10,0.002035187849644554,0.002209310682896236,-0.00017412283325168258,0.17633589571052027
2021-11-11,-0.00910455071100045,-0.004809018861181683,-0.004295531849818769,0.1902620884072067
2021-11-12,0.009581160540975499,0.007457655240476223,0.002123505300499276,-0.22060025387824653
2021-11-15,0.010010780510533427,0.003500338213469994,0.006510442297063431,0.13104553083614806
2021-11-16,-0.010629594413277273,-0.006107851396651202,-0.00452174301662607,-0.1274763830718058
2021-11-17,0.0065461391901889794,0.002586519042681471,0.003959620147507508,-0.2451142616649172
2021-11-18,-0.008116745327274898,-0.006066336572625876,-0.002050408754649023,0.2432999037697655
2021-11-19,-0.01665556343763098,-0.00881673269503913,-0.007838830742591847,0.40638348927453033
2021-11-22,0.015964763068492083,0.007821723875461508,0.008143039193030575,0.05109841407572886
2021-11-23,0.02353077598818434,0.011946729079389588,0.011584046908794752,0.11776247249435233
2021-11-24,0.003285794367097701,0.0005372821063524911,0.002748512260745209,0.004124375028812697
2021-11-25,0.006472956441444009,0.003159085967983106,0.003313870473460899,-0.0890589723144107
2021-11-26,0.00017754721045108875,-0.00037058512826946936,0.0005481323387205583,-0.006738676055612925
2021-11-29,-0.006191522510544363,-0.001254595285314674,-0.004936927225229691,-0.04671882988316904
2021-11-30,-0.0014696016452081361,-0.0016948520271806147,0.00022525038197247858,-0.21917730931007326
2021-12-01,-0.0027267196990681773,-0.0016435218395110139,-0.0010831978595571634,-0.1158459032252359
2021-12-02,-0.011901003314826566,-0.00659687391769047,-0.005304129397136097,0.04298755638362765
2021-12-03,-0.007158307784739861,-0.003429400940831207,-0.003728906843908652,-0.10791226065688145
2021-12-06,0.0020751912811244047,-0.00043786307542430583,0.0025130543565487105,0.13055924426822557
2021-12-07,-0.0065732639089306055,-0.0030286391640067974,-0.00354462474492381,-0.2096149929849728
2021-12-08,0.008174602047650525,0.0017274841957821525,0.006447117851868374,-0.17766314784033857
2021-12-09,-0.014513972008160774,-0.006441540461599539,-0.008072431546561232,0.24394518844312965
2021-12-10,-0.01289703596996046,-0.006887878322198107,-0.006009157647762352,0.24177632513970368
2021-12-13,0.01456282894739007,0.005334423026473096,0.009228405920916975,0.12147294778544167
2021-12-14,0.011030706132869987,0.004722618086049931,0.006308088046820062,0.3124877497762628
2021-12-15,0.0034034364257794075,0.0008314153333596466,0.0025720210924197614,0.269136601022147
2021-12-16,0.015154820234885975,0.008524016943950795,0.00663080329093518,-0.01565497410210697
2021-12-17,0.015778401999705833,0.008380952317729423,0.007397449681976415,0.02909967491588415
2021-12-20,-0.00046195841242814215,0.00037241625228522687,-0.0008343746647133694,0.02757584013804082
2021-12-21,0.0006849169185853475,0.000558548724353621,0.00012636819423172616,0.3558805194268552
2021-12-22,0.0015903347720718258,0.0016470809814799594,-5.674620940813394e-05,-0.21006333390052784
2021-12-23,0.020148489660806672,0.010165067662708159,0.009983421998098513,0.07688839208853913
2021-12-24,-0.013979448611321884,-0.004788321189576325,-0.009191127421745559,-0.10072631610597339
2021-12-27,0.004647633555525276,0.00290604735489507,0.0017415862006302067,-0.3127694662687384
2021-12-28,-0.0056970595115138955,-0.0032539628370837886,-0.0024430966744301078,0.04329845622038978
2021-12-29,-0.014704001549630846,-0.006928419120279618,-0.007775582429351228,-0.03524172014911073
2021-12-30,0.001234729587551099,0.00013554781434220106,0.0010991817732088974,0.22948527495573937
2021-12-31,4.208213931122302e-05,0.0020026013924891706,-0.0019605192531779473,0.3125402964162653
2022-01-03,0.012197924049213393,0.004399179163920253,0.007798744885293139,0.12099154264717406
2022-01-04,0.01538576004481317,0.005615638154179331,0.00977012189063384,0.15274143711686786
2022-01-05,0.005606123467017198,0.0038711699172085676,0.0017349535498086305,-0.032008692762144846
2022-01-06,0.007686978549450493,0.00392224036492345,0.003764738184527044,-0.04441698772154558
2022-01-07,-0.0009330349884474966,-0.00039535484710173175,-0.000537680141345765,0.08668340701733838
2022-01-10,-0.0029675780684420136,-0.0017640049140428375,-0.001203573154399177,0.039837915212453404
2022-01-11,0.005464341557329972,0.0034970374430184133,0.00196730411431156,0.07554469673164584
2022-01-12,0.002685523582474884,0.0021242008717201367,0.0005613227107547445,-0.2102315283044516
2022-01-13,0.0022393971833422743,0.0009740911323581711,0.001265306050984104,0.16073133254168803
2022-01-14,-0.012931472034675484,-0.008085696917842555,-0.004845775116832929,-0.019022468302359246
2022-01-17,0.006985633374915063,0.0023888441031693452,0.004596789271745717,-0.023575120901330317
2022-01-18,-0.002490019607190055,-0.00039526395657602247,-0.002094755650614033,-0.04708789881906454
2022-01-19,-0.0018157491299957734,-0.0013675806942474314,-0.00044816843574834245,0.1047813616003426
2022-01-20,-0.0025678359872216318,-0.0014288375932869416,-0.00113899839393469,-0.27136068936699914
2022-01-21,0.00726955164291238,0.005821372989646856,0.0014481786532655246,0.05850067503873806
2022-01-24,-0.017123069128057066,-0.010525402723409866,-0.006597666404647201,0.29317285840044066
2022-01-25,0.0033946686341896825,0.0025660851151090964,0.0008285835190805862,-0.404344875188424
2022-01-26,0.016460314064567272,0.008709811756782614,0.007750502307784657,0.08837478292822377
2022-01-27,-0.02176955186277836,-0.0121852948512667,-0.00958425701151166,0.3559688408916652
2022-01-28,0.005454062711717283,0.005083940595435682,0.0003701221162816029,-0.28277727599504643
2022-01-31,0.0183421563021492,0.007377740118145142,0.010964416184004058,-0.15405029680803264
2022-02-01,-0.014295643002977238,-0.006733357909584253,-0.007562285093392986,0.07197605502898499
2022-02-02,-0.007340778203648675,-0.0031436161026078234,-0.004197162101040852,0.2551153015629343
2022-02-03,0.003895533062812085,0.0013134769219028182,0.002582056140909266,0.07871577355532068
2022-02-04,0.015538720628565223,0.008057372739528619,0.007481347889036604,-0.026768112581579444
2022-02-07,0.0036868127806537103,0.0012399253696064524,0.0024468874110472588,0.17618242036035897
2022-02-08,-0.0026871660939884047,-0.002187981526379723,-0.0004991845676086803,-0.01996195202340177
2022-02-09,0.008261809214197849,0.005360438648708204,0.002901370565489644,0.3854090826568514
2022-02-10,-0.001132231221290248,6.198350958119304e-05,-0.0011942147308714422,-0.004863905341012308
2022-02-11,0.025065407294216985,0.014248067140132301,0.01081734015408468,0.16232004087579446
2022-02-14,-2.1853801994535136e-05,0.00020461399670003953,-0.00022646779869457418,0.23239166521746463
2022-02-15,0.006323261302671186,0.00287914124282698,0.0034441200598442066,-0.04138941310276115
2022-02-16,0.012313269191531,0.005115154804530935,0.007198114387000064,-0.09934069477232106
2022-02-17,-0.0025030369381340897,-0.000696393257374528,-0.0018066436807595617,0.009346973111506805
2022-02-18,-0.0029433050313203432,-0.0008011041666862583,-0.002142200864634085,0.01818180403268831
2022-02-21,0.0021384045758225155,0.0020531367382430497,8.526783757946584e-05,-0.049594461064671275
2022-02-22,0.001065702358103228,5.679850016493198e-07,0.001065134373101579,0.12358831171169538
2022-02-23,-0.002487900294393716,-0.0009077814083286581,-0.0015801188860650583,0.09819077705252571
2022-02-24,0.00553479525544724,0.002419145727160975,0.003115649528286267,0.203617052294648
2022-02-25,0.0030414854743937556,-0.0004859909948293946,0.0035274764692231507,0.07316172709963537
2022-02-28,0.00807933530125189,0.0033671074534434176,0.004712227847808473,0.15942863706188237
2022-03-01,0.0028609536665424058,0.0003959539908516803,0.002464999675690727,0.10367058523912814
2022-03-02,0.007655725941505756,0.003943279806610148,0.003712446134895607,0.1062622392291427
2022-03-03,0.005777597307549268,0.0025175422970603444,0.0032600550104889253,-0.16172134154690865
2022-03-04,0.006011409724849816,0.002179605206420936,0.0038318045184288782,0.06356572123267568
2022-03-07,-0.007423232989386409,-0.004299838091812523,-0.003123394897573885,-0.15801080922064117
2022-03-08,0.002872265391681238,0.00020498068868360472,0.002667284702997633,0.02150719482968208
2022-03-09,-0.00810812282926219,-0.00412187771732663,-0.003986245111935562,-0.046347643663192564
2022-03-10,0.0009991441083364654,0.0006086066324519691,0.00039053747588449613,0.2022304562168166
2022-03-11,-0.0020706933182751876,-0.0018435661894253726,-0.0002271271288498142,-0.22951811552636422
2022-03-14,0.008559918038000592,0.003746066419748192,0.0048138516182524,0.1364233112928423
2022-03-15,-0.011800819289951497,-0.006310516055347663,-0.005490303234603835,0.007703217661185646
2022-03-16,0.007882881923207165,0.004101988255634127,0.003780893667573039,0.09247252977409408
2022-03-17,-0.0006779657457082291,9.565962505292055e-06,-0.0006875317082135225,-0.30304397954982687
2022-03-18,0.004023463324473418,0.001833430863281956,0.0021900324611914624,0.19348726832627913
2022-03-21,-0.018602976394034076,-0.007496136826242908,-0.011106839567791167,0.3120127318981273
2022-03-22,0.01095932918159534,0.00466829671956389,0.00629103246203145,-0.225285101551213
2022-03-23,0.01883984078858039,0.007142528518362756,0.011697312270217631,0.08573050276640107
2022-03-24,-0.012022797745236104,-0.005711601916553569,-0.006311195828682534,-0.0574825863171511
2022-03-25,0.0036270948197092857,0.001785469942950869,0.0018416248767584168,0.2388863342273149
2022-03-28,-0.002717429169657056,-0.0016093861266657098,-0.0011080430429913461,-0.1518063303933935
2022-03-29,0.008268384827168017,0.0037985041045570864,0.004469880722610928,0.022952298298749105
2022-03-30,-0.00503586871135837,-0.0027914511155125734,-0.0022444175958457966,0.003319627402533654
2022-03-31,7.306947552786225e-05,0.0005117660758769084,-0.00043869660034904796,-0.114606997130923
2022-04-01,-3.160406754689469e-05,-0.0009299023134950526,0.0008982982459481564,-0.16163696985450204
2022-04-04,-0.005912588701296386,-0.003284110079644492,-0.0026284786216518932,0.15198481988255313
2022-04-05,-0.0073143066427390525,-0.004382492763255197,-0.0029318138794838557,0.10864476453282042
2022-04-06,0.0052340554994106244,0.00229306541351849,0.002940990085892134,0.13876097135363474
2022-04-07,0.004082708389711277,0.00284140881361853,0.0012412995760927477,-0.23342103217492272
2022-04-08,0.007288144114389395,0.003432614435068277,0.00385552967932112,-0.027035991951868486
2022-04-11,-0.012284230115242885,-0.005475130119283693,-0.006809099995959193,0.05892099426681826
2022-04-12,-0.0020990452221204578,-0.001145874329251222,-0.0009531708928692353,-0.2742455087277186
2022-04-13,0.0011772628549734186,0.00012216425820998564,0.0010550985967634312,-0.009547301036421018
2022-04-14,-0.0135834951497208,-0.004761819794112099,-0.008821675355608703,0.08248646375284634
2022-04-15,-0.001304662648791437,-0.0007404601526942913,-0.000564202496097144,-0.21957778209306653
2022-04-18,0.004388903677385247,-0.0007189343247443426,0.00510783800212959,-0.29298503983675195
2022-04-19,-0.007365456962816672,-0.00399903619302645,-0.0033664207697902213,0.1185553636712188
2022-04-20,-0.01581805431667468,-0.006234863207092286,-0.009583191109582393,0.13390431964663424
2022-04-21,0.005210259800712846,0.002107138775197621,0.003103121025515225,-0.10836563733270965
2022-04-22,0.006114488093443425,0.0037888007331903003,0.0023256873602531276,-0.1662756438784585
2022-04-25,-0.0062600431610787535,-0.0029575685900285614,-0.0033024745710501895,-0.09602656938970465
2022-04-26,-0.008028189106686635,-0.0038526609616469907,-0.004175528145039645,-0.060935063358845194
2022-04-27,-0.0037171587735249758,-0.0006999070424646637,-0.0030172517310603124,0.12559417130879685
2022-04-28,-0.002695017742405584,-6.970456424502535e-05,-0.002625313178160559,0.01724627122621142
2022-04-29,0.006506628014067914,0.0018592880643261674,0.004647339949741746,0.2876381749790431
2022-05-02,-0.00017042615258413098,0.0011742879162906128,-0.001344714068874744,-0.24482662742237027
2022-05-03,0.014157523857176144,0.006342464168128678,0.007815059689047466,-0.22631604298077249
2022-05-04,-0.011240818144457095,-0.0039369925207797364,-0.00730382562367736,-0.30076630846089547
2022-05-05,-0.011781237402450458,-0.004593086713623612,-0.007188150688826849,-0.006853912919887881
2022-05-06,-0.02079665079441249,-0.009910265262754901,-0.010886385531657591,-0.02551297246918025
2022-05-09,-0.001363271321070135,0.0006878067346243939,-0.00205107805569453,0.2899863298457208
2022-05-10,-0.0013423338448043248,0.0006460946680279626,-0.001988428512832289,-0.25425173527439654
2022-05-11,0.01872874338778567,0.007218729338648355,0.01151001404913732,-0.27848420890973136
2022-05-12,-0.015677904065632107,-0.005953076999920762,-0.009724827065711343,0.10896420567434043
2022-05-13,-0.01846613452699221,-0.006887229661326252,-0.011578904865665955,0.005989879232075673
2022-05-16,0.0071616200356386175,0.002186104663705271,0.004975515371933347,0.2696668017530352
2022-05-17,-0.0009107162609956709,-6.198073708228854e-05,-0.0008487355239133821,-0.02312408879455394
2022-05-18,0.016862017915393508,0.006028251766262916,0.010833766149130591,-0.288137183222064
2022-05-19,0.0012884321762520465,0.0014871376746321634,-0.00019870549838011623,-0.4633404075097023
2022-05-20,-0.015479752851739664,-0.006922129830194656,-0.008557623021545007,0.19651688455708122
2022-05-23,-0.025584747600194864,-0.011115490332287814,-0.014469257267907053,-0.1469967185296814
2022-05-24,0.018643071648467645,0.006524705790842765,0.012118365857624883,-0.14184880512959158
2022-05-25,-0.008558084998342666,-0.0022217213902571576,-0.006336363608085508,0.21083192324799094
2022-05-26,-0.007817067853938294,-0.004093452550149521,-0.003723615303788775,0.13958474724130981
2022-05-27,0.020617566877255376,0.00805059863695049,0.012566968240304885,-0.13313707551238646
2022-05-30,0.006866848200002082,0.0013928138352598568,0.005474034364742225,-0.16958548512315072
2022-05-31,-0.007437996458149529,-0.0021597398760874117,-0.005278256582062119,-0.058472156793146185
2022-06-01,-0.009388291644186576,-0.005540612545378389,-0.003847679098808188,-0.11480467039911699
2022-06-02,-0.005796418159077233,-0.0037753427359811347,-0.002021075423096098,-0.01824064815823802
2022-06-03,-0.005178673981306416,-0.003288490180128511,-0.0018901838011779063,0.1010368850922662
2022-06-06,-0.002336046375175255,-0.002654714643677985,0.0003186682685027281,0.07495082684705114
2022-06-07,0.00807701230989448,0.0031595201184514933,0.0049174921914429855,-0.013040648362596852
2022-06-08,0.002444413686560486,0.0011078853330766534,0.0013365283534838308,0.09793949497018276
2022-06-09,-0.002751822052375627,-0.0033277011312041384,0.0005758790788285093,0.07106851442582585
2022-06-10,0.007629164980548612,0.0037118766367527176,0.003917288343795894,0.04011623373264556
2022-06-13,0.0027198590005190963,-0.001066298538643793,0.0037861575391628897,0.03620634198676861
2022-06-14,0.003118932222301987,0.001962242417057322,0.0011566898052446668,0.17679188278940378
2022-06-15,0.0029262439050742658,0.0029883633115015996,-6.2119406427333e-05,0.14139245224200456
2022-06-16,0.010785665347044338,0.0053773011228585325,0.005408364224185806,0.08173342144069663
2022-06-17,0.006677426285195607,0.00258859113743508,0.004088835147760528,0.04399172381503558
2022-06-20,0.0018301227920938014,-3.808954139474137e-05,0.0018682123334885416,-0.08624999605798919
2022-06-21,0.003824587340096233,0.0032379908013646192,0.0005865965387316127,-0.09776696850785684
2022-06-22,-0.004121561251010285,-0.0019686416382654805,-0.0021529196127448033,-0.06459438738809314
2022-06-23,-0.003830716583930399,-0.001625512739219342,-0.0022052038447110565,-0.12949303572573798
2022-06-24,-0.0038535985444868364,-0.0011730722304451684,-0.0026805263140416685,0.17209209295728276
2022-06-27,-0.004320635215842895,-0.0012113133496040006,-0.003109321866238895,0.13343449307900357
2022-06-28,0.00814078923127789,0.005932038460076016,0.002208750771201873,0.4079971402993777
2022-06-29,0.009148779895191141,0.0059661774751567686,0.0031826024200343724,-0.2129841786849702
2022-06-30,0.024218204847453274,0.012817441939179205,0.011400762908274072,0.02826860682329998
2022-07-01,-0.01140833878862667,-0.004330924090156567,-0.007077414698470101,-0.160479536773493
2022-07-04,0.0014363326553419003,-0.00032490025236334846,0.0017612329077052492,0.09268668612365016
2022-07-05,-0.007711861037197749,-0.0039008546981552255,-0.0038110063390425237,-0.05896626465748219
2022-07-06,0.003304827745940587,0.00048504757162133507,0.0028197801743192518,0.05382502755157817
2022-07-07,-0.0034646467302349225,-0.0014998668817434325,-0.0019647798484914913,-0.024929754491425288
2022-07-08,0.0028414424142218188,0.000710976598044537,0.0021304658161772827,0.041257381674483534
2022-07-11,-0.0022489752890564128,-0.0015469811898542493,-0.0007019940992021635,0.2930483308450401
2022-07-12,0.0011640165570132232,0.0007464446721598371,0.000417571884853387,-0.034414203312760544
2022-07-13,0.018018690155565877,0.009286165588230545,0.008732524567335333,-0.2640158770330814
2022-07-14,-0.002114098813140745,-7.203195752368378e-05,-0.00204206685561706,-0.10699366039989827
2022-07-15,-0.015475018187556797,-0.005165064418028291,-0.010309953769528504,0.1327246130771031
2022-07-18,-0.006135495486626948,-0.002652080834337914,-0.0034834146522890333,0.2740181616957421
2022-07-19,0.006685510504121427,0.002271361589536905,0.004414148914584522,0.19485327141739228
2022-07-20,0.018367918747850646,0.0063582548824705695,0.01200966386538008,0.07591435387263884
2022-07-21,0.0103234087544378,0.004794769383464972,0.005528639370972827,-0.20572529143933949
2022-07-22,0.0040185660346834145,0.00022989673226436746,0.003788669302419046,0.0170756810732991
2022-07-25,-0.01108016708074215,-0.00501454890098897,-0.006065618179753179,0.20620715110052967
2022-07-26,0.0032950489082631054,0.0023225882123951835,0.000972460695867922,-0.09425527314118283
2022-07-27,0.01256122587625916,0.0055351486492965455,0.007026077226962614,0.07325431501046449
2022-07-28,-0.006646529437795206,-0.003121341424806775,-0.0035251880129884327,-0.18798430435278907
2022-07-29,0.0037329168995024345,0.0005762744705063117,0.003156642428996122,0.17106498666161907
2022-08-01,-0.006465866685977404,-0.0035884769985485053,-0.002877389687428899,0.18233355504581886
2022-08-02,0.007833088726848132,0.002531316225541425,0.005301772501306706,-0.08251272871469141
2022-08-03,0.008848776637594705,0.0039623904733067745,0.004886386164287929,0.10462726045009328
2022-08-04,-0.003160612260730074,-0.0020748712172755585,-0.0010857410434545146,0.15920457416684117
2022-08-05,0.0036274147073055763,-8.505056654578569e-05,0.0037124652738513633,0.065545810461242
2022-08-08,0.007612278380037594,0.0037201322502614445,0.0038921461297761525,-0.04532292384854934
2022-08-09,0.002315442676107101,0.0021205980786929033,0.00019484459741419776,-0.1624244178510626
2022-08-10,-0.001897396107457174,-0.0004843892316423793,-0.0014130068758147947,0.03995662431834994
2022-08-11,-0.008689046503846732,-0.005289499591907626,-0.003399546911939106,0.12396261645214544
2022-08-12,0.0016896803942491676,0.0007361021338507661,0.0009535782603984017,0.14010006602389774
2022-08-15,0.005763033035487336,0.0011456677457297691,0.00461736528975757,0.19031590022422126
2022-08-16,0.005851924149854054,0.0017600056449328903,0.004091918504921164,0.04283789776202491
2022-08-17,0.007312093492128791,0.0036365945079614515,0.003675498984167339,-0.024441581377158246
2022-08-18,0.00045240335043627254,-0.0001830711679080728,0.0006354745183443471,-0.0856700347020035
2022-08-19,-0.0015125352757010433,-0.003716946809386482,0.0022044115336854377,0.0036270659561162765
2022-08-22,-0.005417875301285667,-0.00393134990951512,-0.001486525391770549,-0.02005080094648906
2022-08-23,-0.00029571600299333747,-0.0008666855253490861,0.00057096952235575,-0.024459292955197217
2022-08-24,-0.002813994089011773,-0.000589904872906782,-0.00222408921610499,-0.01746022538039536
2022-08-25,-0.001674928318584739,-0.0012747292613743992,-0.0004001990572103396,-0.003333643475092793
2022-08-26,0.00047888283081425705,0.0010924467382642544,-0.000613563907449997,0.3728918817224346
2022-08-29,0.0006320894569942636,-0.001245858987011208,0.001877948444005472,0.2630376196789872
2022-08-30,0.019153620406995028,0.011757435527176235,0.0073961848798187926,0.028687950360339273
2022-08-31,0.010629168709464523,0.006341371037377218,0.004287797672087306,-0.006317223333589046
2022-09-01,-0.0004249172176282556,-0.0012099105116759874,0.0007849932940477327,-0.03344516396252048
2022-09-02,-0.0006849979789039493,-0.0015999170661501801,0.000914919087246233,0.021551649929825906
2022-09-05,-0.0021341021619868785,-0.001385439808439387,-0.000748662353547491,0.19879073455808022
2022-09-06,0.0006354601598876149,0.0004095948149312502,0.00022586534495636773,-0.1114929407372993
2022-09-07,0.007116527929647896,0.004783491975407411,0.002333035954240486,-0.2726115618824563
2022-09-08,-0.004486468695628047,-0.0029299797867184327,-0.0015564889089096125,0.18712148766983358
2022-09-09,-0.011850859619154427,-0.00647708267614067,-0.00537377694301376,-0.060373343310359776
2022-09-12,0.00915472599506835,0.005388162751301004,0.003766563243767342,0.017968704545700247
2022-09-13,-0.0032216774721933027,-0.002751907936650408,-0.0004697695355428966,0.1498664103049455
2022-09-14,-0.0010800161698254667,-0.0006752516918211108,-0.000404764478004355,-0.1171696009248572
2022-09-15,0.010798286914694321,0.006402637886818364,0.004395649027875957,0.14738414941454384
2022-09-16,-0.007389153183214462,-0.005094511547527953,-0.002294641635686507,-0.1269015208272404
2022-09-19,0.006940312687641316,0.0029581762105272604,0.003982136477114054,-0.12937656238199205
2022-09-20,-0.009628090608381483,-0.004902026871252508,-0.0047260637371289785,0.2620581148533618
2022-09-21,-0.007170785505959126,-0.004947236163530816,-0.0022235493424283097,0.41278755725927807
2022-09-22,0.02045523658590136,0.01041273659847396,0.010042499987427397,0.26968945580843984
2022-09-23,0.023482862190898478,0.01151590503260324,0.011966957158295235,0.05943827529727025
2022-09-26,0.010003449340289395,0.004552637689260286,0.005450811651029107,0.13435881091476784
2022-09-27,0.0012560306239120553,-0.00019008707423799403,0.001446117698150049,0.18329815271839897
2022-09-28,0.008557564538198153,0.004173156379912602,0.004384408158285551,-0.014712813297541384
2022-09-29,0.006545331437810276,0.0026606168286479924,0.003884714609162283,-0.20632029097389898
2022-09-30,-0.00034362985059937145,-0.001178846738696943,0.0008352168880975713,-0.1730464334888456
2022-10-03,-0.007695168074029082,-0.004366714476371044,-0.0033284535976580345,0.25857317693065174
2022-10-04,-0.009657745700759415,-0.004523936245572601,-0.005133809455186813,0.15719848939268793
2022-10-05,0.011623833268850466,0.004922800202493633,0.006701033066356832,0.020843255206607885
2022-10-06,0.006607672541219589,0.0029537532962426736,0.0036539192449769166,-0.21500523742715993
2022-10-07,0.00043953876619899754,0.00040864200744534195,3.0896758753656134e-05,0.057667216137810326
2022-10-10,-0.009089994794083987,-0.004194187373303101,-0.004895807420780885,0.19103019107922908
2022-10-11,0.0035139501505509784,0.0015188863198721167,0.001995063830678862,-0.1158787243186902
2022-10-12,0.007965186050166717,0.003961242112378893,0.004003943937787824,0.02223218726302829
2022-10-13,-0.005865520175251571,-0.002745648912652116,-0.003119871262599454,-0.1356994993302192
2022-10-14,0.0002484738833728587,-0.0006071157491465088,0.000855589632519368,0.37723114444831385
2022-10-17,-0.004910497100159672,-0.0020350656249318675,-0.0028754314752278045,-0.31768875447415745
2022-10-18,0.01819140273577509,0.009370966903364121,0.008820435832410968,0.10366364581345844
2022-10-19,-0.014101232094259257,-0.006533191825474122,-0.007568040268785136,0.1267010722249216
2022-10-20,0.004550611628843476,0.001850581262227909,0.002700030366615566,-0.1086848593316337
2022-10-21,0.005211469059726611,0.003139428242834987,0.002072040816891623,-0.2327599745618166
2022-10-24,-0.00600438277430976,-0.002671089359914631,-0.0033332934143951286,-0.08453133143182175
2022-10-25,-0.012457414457867754,-0.0062796157840283836,-0.00617779867383937,-0.1301874113567258
2022-10-26,-0.0022295856878972917,-0.0005082921508713318,-0.0017212935370259598,0.09490249337908614
2022-10-27,-0.007176479236205742,-0.0030468807287716932,-0.004129598507434048,-0.4364120202269502
2022-10-28,0.004562301964788547,0.001817772058459591,0.0027445299063289554,0.08411667214743077
2022-10-31,-0.020383937089033053,-0.009075538575779054,-0.011308398513253997,0.11184950301800593
2022-11-01,0.004961695063045534,0.002260826249967136,0.0027008688130783992,-0.024933203330447608
2022-11-02,0.004293582189965364,0.0013946927418485554,0.00289888944811681,0.18236894846612126
2022-11-03,-0.002659203724856251,-0.0007852466798724811,-0.0018739570449837761,0.2532848177381729
2022-11-04,0.005814362716173993,0.0031244458024553383,0.002689916913718655,-0.18003859940933106
2022-11-07,0.011900849582827642,0.0044114611750377866,0.007489388407789854,0.0909083509282552
2022-11-08,-0.009993478965990777,-0.0024299014827290147,-0.007563577483261762,-0.02682677162239055
2022-11-09,0.005070523772870842,0.0019410062686028434,0.0031295175042680007,-0.13298811845594907
2022-11-10,0.0012200884690648757,-0.0006572456080618343,0.0018773340771267091,0.11552226876034154
2022-11-11,-0.00666421945523085,-0.0035374977502031224,-0.003126721705027728,0.017939053568329033
2022-11-14,0.008169414681759137,0.003774924225897442,0.004394490455861693,0.04032194309239086
2022-11-15,0.0015115313187231403,0.0017965012842033265,-0.0002849699654801866,0.10713097266553259
2022-11-16,0.0009575028342572111,2.4432799388681998e-05,0.0009330700348685285,0.12501469108591837
2022-11-17,0.004176731482677968,0.0017822926286824245,0.002394438853995544,0.24295543848714568
2022-11-18,0.0057947685180398875,0.00086177328253015,0.0049329952355097375,0.006714001987931528
2022-11-21,0.009311935750974778,0.005757783198826638,0.0035541525521481385,-0.04506656503992222
2022-11-22,0.0008121817371006244,0.0025598997908566415,-0.0017477180537560158,-0.21258513847721291
2022-11-23,-0.0033954442351224827,-0.0006385160726523884,-0.0027569281624700934,0.26093733567343314
2022-11-24,-0.011179851820370295,-0.004152838070452143,-0.007027013749918153,0.020949791642302498
2022-11-25,0.012803001831046584,0.004609984846071971,0.008193016984974611,-0.12302129022465194
2022-11-28,0.0011371889670607359,0.000231766266424092,0.0009054227006366441,-0.18866970840676459
2022-11-29,-0.006101741974190192,-0.0021783887053944996,-0.0039233532687956915,0.11596265361397405
2022-11-30,-0.008437234033468369,-0.0025747152204067866,-0.005862518813061583,-0.06719762196598261
2022-12-01,0.005155987805495343,0.002544749619691286,0.002611238185804057,0.012884371731900905
2022-12-02,-0.0038046313646047923,-0.002393366877336091,-0.0014112644872687008,8.165070756092601e-05
2022-12-05,-0.0006252753233215798,-0.0006683497963655182,4.307447304393794e-05,0.1171481897853047
2022-12-06,0.0018477078428166794,0.0005954441277977486,0.001252263715018933,-0.047087531901696976
2022-12-07,0.00597274566080205,0.0029130671296263063,0.0030596785311757433,0.18923780680098415
2022-12-08,-0.0027914413728384437,-0.002244914956852523,-0.0005465264159859196,-0.04819618906532433
2022-12-09,0.0065768200544407095,0.00286377319417562,0.003713046860265091,0.023125923295284134
2022-12-12,-0.0036935796446325407,-0.002735567407535503,-0.0009580122370970376,0.027333130106708764
2022-12-13,6.341252120612871e-05,-0.00045191634599898826,0.0005153288672051172,-0.024469537018679342
2022-12-14,0.0006696356927628508,-0.0005927058562200729,0.0012623415489829235,-0.05851888614532145
2022-12-15,-0.0008088847661400835,-0.0001306361310814139,-0.0006782486350586699,-0.08451322988943259
2022-12-16,-0.002635947050585729,-0.0022333782794056152,-0.0004025687711801127,-0.10355807225004365
2022-12-19,-0.005398231781866195,-0.0025930846295055213,-0.002805147152360672,0.09323653657654939
2022-12-20,-0.004492734343225974,-0.0027112771481797257,-0.0017814571950462478,-0.10631025616379298
2022-12-21,0.005816347315624757,0.0036114356366743414,0.002204911678950417,-0.17480406087863004
2022-12-22,-0.005662463760978849,-0.002362805010918693,-0.003299658750060155,0.09496309554434347
2022-12-23,-0.008360554966198022,-0.003972655195552598,-0.004387899770645425,-0.14639817465768465
2022-12-26,0.004585287818916368,0.0023271153562250783,0.002258172462691291,-0.06775057866943335
2022-12-27,-0.004998784838257365,-0.0022659561103935185,-0.002732828727863847,-0.16009304898280524
2022-12-28,-0.0026706484333939903,-0.0019234663276484344,-0.0007471821057455563,0.08314619684932353
2022-12-29,-0.00548640437394526,-0.004828896141484807,-0.0006575082324604513,0.06476345268082061
2022-12-30,0.0023713040799063704,0.00010869108818173942,0.002262612991724631,-0.09677968070834034
2023-01-02,0.003313263983214075,0.0013639377725146616,0.0019493262106994131,0.01713690235027479
2023-01-03,-0.004757248956887675,-0.003308964480426191,-0.0014482844764614842,0.10515231840669871
2023-01-04,0.0010739685860326191,0.0005193251023251873,0.0005546434837074316,0.11775536259018088
2023-01-05,0.0035468770970010994,0.00019983162786500405,0.003347045469136098,0.17457948920530564
2023-01-06,0.003132560686191964,0.0018452550713192496,0.0012873056148727151,0.11969778464112053
2023-01-09,0.01057229527996998,0.005691460901216883,0.004880834378753095,-0.03808928441535816
2023-01-10,0.005974225450704189,0.004202727214737741,0.0017714982359664476,-0.04972678485516604
2023-01-11,-0.002298229812214964,-0.0018346150132211685,-0.0004636147989937941,0.3193581563160822
2023-01-12,-0.0016845800059699916,-0.0008231642538375321,-0.0008614157521324587,0.01919308216983913
2023-01-13,0.01801451180164845,0.007658167741668477,0.010356344059979972,-0.1874226858202789
2023-01-16,0.0020356362516883372,0.0020958333511399453,-6.019709945160809e-05,-0.060651163797979926
2023-01-17,-0.010455298340382169,-0.007222631685902255,-0.0032326666544799138,-0.1212423639555589
2023-01-18,-0.0032073370264869144,-0.0024316301084661486,-0.0007757069180207654,-0.1205970813885203
2023-01-19,-0.004621966851653828,-0.0019927385569900747,-0.0026292282946637534,-0.1538857671225295
2023-01-20,-0.005162070438476184,-0.0032294106069611014,-0.0019326598315150822,-0.09473380743434294
2023-01-23,-0.007429643996456487,-0.002442962679659818,-0.0049866813167966685,-0.08938961220253078
2023-01-24,-0.0023593101791996836,-0.0012381193437662687,-0.0011211908354334154,0.27496634527540326
2023-01-25,-0.005130295386911373,-0.004207442510145173,-0.0009228528767661996,-0.2069912837094145
2023-01-26,0.012416386408276876,0.005571448503471091,0.0068449379048057864,-0.08588405307243076
2023-01-27,-0.007891053877063545,-0.00522104078581031,-0.002670013091253236,-0.17074794903003426
2023-01-30,-0.003554055836283104,-0.0014285306239919218,-0.002125525212291182,-0.11075770582593146
2023-01-31,-0.006725560150257387,-0.0026180953690303965,-0.004107464781226991,0.04449902956508206
2023-02-01,-0.005385158051390388,-0.0022586567519764372,-0.0031265012994139453,0.04752607510949044
2023-02-02,0.0038725477449833455,0.005102886658250771,-0.0012303389132674253,-0.21261761474654933
2023-02-03,-0.0005481496648595018,-0.0009561737313804764,0.0004080240665209744,0.09408875643955052
2023-02-06,-0.011238996297238409,-0.0037058598628890993,-0.007533136434349316,-0.06946304967725099
2023-02-07,0.005237993181668947,0.002833923507993689,0.002404069673675258,0.23019885620166738
2023-02-08,-0.004777676873927514,-0.004496176960277643,-0.0002814999136498686,-0.13371883083146394
2023-02-09,0.010142494463711571,0.0034514819265183197,0.006691012537193244,-0.15889569088073097
2023-02-10,-0.008818474128202395,-0.005467101052793487,-0.003351373075408907,-0.08792244252152988
2023-02-13,-0.010415431973525813,-0.005833219667222143,-0.004582212306303676,-0.30837472118438913
2023-02-14,-0.005637644270731117,-0.00123486711435742,-0.004402777156373695,0.11467245804880491
2023-02-15,-0.024531331252098863,-0.010405926026262773,-0.014125405225836087,-0.35085880645019035
2023-02-16,0.006345353813125771,0.0037245633775352116,0.002620790435590565,-0.517604154331699
2023-02-17,-0.02054556882650755,-0.009132302284600588,-0.011413266541906962,-0.10886345045846452
2023-02-20,-0.05087100904683588,-0.023325420280840295,-0.02754558876599559,-0.19623561134743603
2023-02-21,-0.015304853171878827,-0.01428272408919052,-0.0010221290826883042,0.6155451858944473
2023-02-22,-0.02873874283228571,-0.01936020099870253,-0.009378541833583179,0.4608484045319062
2023-02-23,0.05899970589006858,0.02539085137381561,0.03360885451625295,0.38143816753045495
2023-02-24,0.04430404967039482,0.026989185646436528,0.017314864023958293,0.4790986804433755
2023-02-27,0.02199518303698013,0.014551265625354443,0.007443917411625684,0.3839054627210014
2023-02-28,0.02254606872521284,0.012329175626927504,0.010216893098285332,0.5876989975233095
2023-03-01,0.02185194341353515,0.012460158013319348,0.009391785400215805,0.347702651795932
2023-03-02,0.03478794134804013,0.019252748052501458,0.015535193295538662,0.2187044070721645
2023-03-03,0.018827815881686097,0.010087686361375298,0.008740129520310797,-0.39088472182080325
2023-03-06,0.013860566079181968,0.0057216801961155125,0.008138885883066455,-0.003633715953492984
2023-03-07,-0.034730924717449124,-0.01654512426626118,-0.01818580045118794,0.018658826880149974
2023-03-08,0.004126809551633017,0.0012734215945394561,0.002853387957093563,-0.19256735979210685
2023-03-09,0.003628060866099708,0.0011927360347629614,0.002435324831336747,-0.2046252930121354
2023-03-10,-0.010792335772895803,-0.005020775516009568,-0.0057715602568862365,0.11480678434772276
2023-03-13,-0.01085028714359339,-0.005337948547753962,-0.0055123385958394285,0.15837909035329523
2023-03-14,0.007080716343286418,0.004896649129790627,0.002184067213495792,-0.18679101301898055
2023-03-15,0.008563265719618839,0.005716934666423813,0.0028463310531950253,0.3099743777046188
2023-03-16,-0.009032681102788653,-0.0034377776642148025,-0.005594903438573849,0.33814559001055056
2023-03-17,0.018012861362476394,0.008126130437497315,0.00988673092497908,-0.13650110658059195
2023-03-20,0.018289212682848305,0.007121166232597261,0.011168046450251046,0.12230890306979156
2023-03-21,-0.00647919766224726,-0.0033145445563742054,-0.003164653105873055,0.10593923358874309
2023-03-22,0.005355283282836743,0.0031002474752186036,0.0022550358076181398,-0.07151146394737216
2023-03-23,0.004891875848574832,0.003117204310545515,0.0017746715380293158,0.10756325634003301
2023-03-24,-0.0034218999847369473,-0.0016164699521932675,-0.0018054300325436798,0.1070105640455097
2023-03-27,0.004608327229743448,0.001547919402295934,0.003060407827447513,0.1394645566093309
2023-03-28,0.006246958179057281,0.004084799714901333,0.0021621584641559454,-0.16204056696154734
2023-03-29,0.007421427776146059,0.004136049544657922,0.003285378231488139,0.2612650898783999
2023-03-30,-0.009369589861307075,-0.0035756253734979017,-0.0057939644878091745,0.24856452097936543
2023-03-31,0.01546523557030523,0.006666984965807102,0.008798250604498126,0.32549431428355863
2023-04-03,0.014003254987239457,0.006434969341308692,0.0075682856459307665,-0.46761468404089185
2023-04-04,0.02420811544828335,0.01220662315475846,0.012001492293524894,-0.01723695183913655
2023-04-05,-0.03000165959472358,-0.014558766492458065,-0.015442893102265511,0.02666920884278645
2023-04-06,-0.00327677850924849,-0.002930070434232143,-0.00034670807501634496,0.10371355060853933
2023-04-07,0.0023479284961316314,0.0004078508351283462,0.0019400776610032852,0.2573700117538383
2023-04-10,0.006898780602819636,0.0034082489388556746,0.003490531663963962,0.08946362625544808
2023-04-11,0.01541857338425217,0.0074098362347210294,0.00800873714953114,0.0849304520941846
2023-04-12,0.004480514838619526,0.00285886887869213,0.0016216459599273925,-0.02416026382235738
2023-04-13,0.0038218573296722124,0.001161711748225172,0.0026601455814470407,0.05073477599939124
2023-04-14,-0.00018582340630570902,0.0002810694222753138,-0.00046689282858102324,-0.0961746523701925
2023-04-17,0.0023188891870649523,0.000482141930458009,0.0018367472566069428,-0.08579334977874915
2023-04-18,-0.007040451017727429,-0.003322176973347692,-0.0037182740443797366,0.046811259616941166
2023-04-19,-0.008552158159248282,-0.004007582773678426,-0.004544575385569856,0.15192890444569435
2023-04-20,0.005042148673164712,0.0018945569649945412,0.0031475917081701735,-0.21169881893621673
2023-04-21,0.011968507839624887,0.0056701528224020956,0.006298355017222784,-0.3506828906267384
2023-04-24,-0.011525902818043958,-0.006397810736068985,-0.005128092081974974,0.10955242958294897
2023-04-25,-0.022511943232473887,-0.010771308760206062,-0.011740634472267829,0.2868935641728787
2023-04-26,0.009724828905794923,0.0021108770106772444,0.007613951895117679,0.11251400466015217
2023-04-27,0.020143009848379072,0.008939006055216647,0.011204003793162429,-0.014935385522177215
2023-04-28,0.008875384445350295,0.0049923425378508995,0.003883041907499399,0.18126000439569953
2023-05-01,-0.0018659767361050834,-0.001602406254342261,-0.00026357048176282264,0.328736413661859
2023-05-02,0.017572195186697948,0.008435175780324211,0.009137019406373738,-0.08720070869586784
2023-05-03,0.027095250923075416,0.01125588403565633,0.01583936688741909,-0.24756071970070773
2023-05-04,-0.008339131172727596,-0.0038595895690056994,-0.004479541603721897,-0.08314190399494066
2023-05-05,-0.013727664174845472,-0.00613765125347181,-0.0075900129213736615,-0.22018882080290078
2023-05-08,-0.003164195597940451,-0.0012425925272784057,-0.0019216030706620466,-0.13742481491717465
2023-05-09,-0.01419426294107616,-0.008953324319426404,-0.005240938621649755,-0.19080711102003586
2023-05-10,-0.005461329626942051,-0.003444964558168973,-0.0020163650687730784,-0.27309870526035385
2023-05-11,-0.012773609841844627,-0.009706876505761363,-0.0030667333360832666,0.18636097146337194
2023-05-12,-0.019744630715275414,-0.011289245649466354,-0.008455385065809059,0.036701881828529945
2023-05-15,0.008247038609407687,0.004946576093557542,0.0033004625158501444,0.2722011761313867
2023-05-16,-0.00034357188536482343,-0.0009086893966131779,0.0005651175112483548,0.008471683970279476
2023-05-17,0.014831094034404805,0.006577821571328081,0.008253272463076725,-0.23137220143803716
2023-05-18,0.0034130423677674777,0.00036242799155105157,0.003050614376216426,-0.051992885959419075
2023-05-19,-0.013111421641903808,-0.005094733772451048,-0.008016687869452758,0.15110486417398616
2023-05-22,-0.0026230877391574424,-0.0027988232665287233,0.00017573552737128184,-0.060846847264726944
2023-05-23,0.008899713962248687,0.0038573571274428194,0.005042356834805867,0.028525246486437585
2023-05-24,-0.00303088955337539,-0.0015715208983370851,-0.001459368655038304,-0.15934013644068873
2023-05-25,-0.0007446951248338538,-0.00168431650351843,0.0009396213786845749,-0.11105724747935994
2023-05-26,-0.006712529528960815,-0.004206436313418925,-0.00250609321554189,-0.07369483504650698
2023-05-29,-0.003075372673381243,-0.0028658196692582325,-0.00020955300412301044,0.010915337480414329
2023-05-30,-0.002678909447331044,-0.0018967823061386347,-0.0007821271411924083,0.08247923628794054
2023-05-31,0.00031396749965466265,-0.0018373774198348972,0.0021513449194895604,-0.17037089486721332
2023-06-01,0.0070113090843112215,0.0027907624626823634,0.004220546621628858,-0.06534171593960847
2023-06-02,-0.008638420079705283,-0.005470077109874939,-0.003168342969830342,0.08453826985991207
2023-06-05,-0.0002747328058853632,-0.00023869938470914539,-3.60334211762178e-05,-0.20721756328948204
2023-06-06,0.0024531542649614815,0.0010315532813530304,0.0014216009836084554,0.23682326617317967
2023-06-07,-0.012243297620237903,-0.007546267116344874,-0.004697030503893029,-0.06698181268449525
2023-06-08,0.013552640782662075,0.006423761874986833,0.007128878907675245,0.15943288443572706
2023-06-09,-0.0034461194781287784,-0.0003854341347954548,-0.003060685343333324,-0.02539574770089565
2023-06-12,0.007162736866835988,0.004579854191590115,0.002582882675245873,-0.017782437716593436
2023-06-13,-2.958290334703791e-05,-0.00043840766580573176,0.0004088247624586955,-0.06574684379805303
2023-06-14,-0.0014989037410804052,-0.0001364218656768187,-0.001362481875403586,0.23211130874485875
2023-06-15,-0.004891620270231933,-0.002344015865099222,-0.0025476044051327114,0.2164751541401969
2023-06-16,0.013426604726200164,0.007386921362668079,0.006039683363532083,-0.18197136424444044
2023-06-19,0.008090920184415533,0.004492519822482889,0.003598400361932645,-0.031028774832915978
2023-06-20,-0.008994477107476844,-0.0038376238762665126,-0.005156853231210332,-0.16713858796734435
2023-06-21,-0.0015887931897823836,-0.0013269021510269145,-0.0002618910387554693,0.1659274183456122
2023-06-22,-0.012098367673128278,-0.0060290832812120165,-0.006069284391916261,0.20302021809130835
2023-06-23,0.008527351122411065,0.0031573132072701634,0.005370037915140901,-0.10247142510959094
2023-06-26,0.014278241516807776,0.005783868561236926,0.008494372955570848,-0.2187852517316564
2023-06-27,-0.004305365295097405,-0.001248862497777229,-0.0030565027973201743,0.1663475817356072
2023-06-28,-0.012799279528661686,-0.005623274413153393,-0.007176005115508293,0.29654071502532425
2023-06-29,0.009789961795686081,0.0038721971963806157,0.005917764599305464,0.27308644658528114
2023-06-30,0.01744749627676855,0.00994203447983885,0.007505461796929701,-0.30906591039064946
2023-07-03,0.014080803222122785,0.00818345239386363,0.0058973508282591566,0.157420708993758
2023-07-04,-0.013778529368347878,-0.005526604795327159,-0.008251924573020718,-0.24895283928231993
2023-07-05,0.008156326640936863,0.00299002533882943,0.005166301302107433,-0.24887966334084885
2023-07-06,-0.014261813282882996,-0.005657749946899458,-0.008604063335983535,-0.13267459065783468
2023-07-07,-0.014897277570254558,-0.007990622983841327,-0.006906654586413225,0.31025632598853153
2023-07-10,-0.008059109755406137,-0.004806034340519034,-0.003253075414887105,0.09898336315185496
2023-07-11,0.0187840046453644,0.008575268754581183,0.010208735890783215,-0.11758362791327277
2023-07-12,0.004943878794372903,0.0033554516336297907,0.0015884271607431125,-0.15034585388464344
2023-07-13,-0.00684053090687745,-0.0028982226709598925,-0.003942308235917558,0.18482391409833623
2023-07-14,-0.007251521484421515,-0.002330027875472989,-0.004921493608948527,-0.026592220966502607
2023-07-17,0.00837439535487887,0.00402581671936407,0.004348578635514801,-0.006810529239376557
2023-07-18,-0.0018057977452051288,-0.0002897976535585142,-0.0015160000916466145,-0.037422850018033395
2023-07-19,0.0006574455937113775,-0.00102472994251241,0.0016821755362237869,-0.17976663959646863
2023-07-20,0.00045873912633996063,-0.00015195987970771435,0.0006106990060476755,-0.08592270099010443
2023-07-21,-0.012339913711024535,-0.005015190567596008,-0.0073247231434285295,0.045818055081920474
2023-07-24,-0.005239779478157736,-0.0030093213020936614,-0.0022304581760640724,0.06962808380301734
2023-07-25,0.003635874726873962,0.0013354170932027426,0.0023004576336712193,-0.22627256587312283
2023-07-26,0.004233538045545758,0.00047118306143501335,0.0037623549841107433,-0.16021753144708356
2023-07-27,-0.01007855273596647,-0.004773082970473537,-0.005305469765492931,0.35707260924024153
2023-07-28,-0.005986754281791294,-0.0033865104182561672,-0.002600243863535125,-0.16085391019099143
2023-07-31,0.021703550927054574,0.010004450682376285,0.011699100244678282,0.015435513667844701
2023-08-01,-0.007586714596833336,-0.004760131401000824,-0.0028265831958325122,0.05413387131950473
2023-08-02,-0.0027641811072527224,-0.0020056798074061643,-0.0007585012998465573,0.14265026541416675
2023-08-03,0.0017068332904192876,9.570644622795485e-05,0.0016111268441913323,0.12662598384726045
2023-08-04,0.0040984724666424015,0.00181897964913676,0.002279492817505639,0.10376774793486811
2023-08-07,0.005410159351057289,0.002157550595218443,0.003252608755838845,0.046541877648304184
2023-08-08,0.005633327074663739,0.0016232854659121807,0.0040100416087515585,0.12515804035856648
2023-08-09,0.0009710484364003555,-0.0008081552085358497,0.001779203644936207,-0.06445623901631413
2023-08-10,0.004267471142036754,3.403129328768614e-05,0.004233439848749068,-0.15099929647705948
2023-08-11,-0.0013267192674675911,-0.0011508673347803682,-0.00017585193268722203,0.0514749009339916
2023-08-14,-0.00548898983019123,-0.0034035132301706945,-0.0020854766000205343,0.022731184987540645
2023-08-15,0.001359726586500535,0.00067171348440586,0.0006880131020946759,0.04484199757174489
2023-08-16,0.00024801562124845055,-0.0006400578991334026,0.0008880735203818518,-0.05578600511916992
2023-08-17,0.0018556808829277849,0.0006637416764680096,0.001191939206459775,0.037419556890629674
2023-08-18,-0.00442204741652327,-0.002823784686201189,-0.0015982627303220802,0.04301798478260637
2023-08-21,0.0034339169385871103,0.0019569276335287293,0.001476989305058381,0.04494241820702237
2023-08-22,0.0018861545875141666,0.0003856000868826294,0.001500554500631534,0.01854640798838486
2023-08-23,0.001941778732158811,0.0011420043084358713,0.0007997744237229403,-0.031659441522315264
2023-08-24,0.0016355449966170298,-0.0010283669058133438,0.002663911902430374,0.05307399316714432
2023-08-25,-0.004214093484075754,-0.0028512073235970586,-0.0013628861604786935,0.1824447272137408
2023-08-28,0.0006154134614107351,0.00016931014918355027,0.00044610331222718486,0.07690580855286269
2023-08-29,0.012794721485559456,0.0062173582734350984,0.006577363212124359,-0.3095289356651982
2023-08-30,0.0035921103901408527,0.003643678815226911,-5.156842508605847e-05,0.001358187177353315
2023-08-31,-0.018087011742421197,-0.010726983260929066,-0.0073600284814921285,0.10179206523777011
2023-09-01,-2.107591228384673e-05,0.0012684573353218941,-0.0012895332476057422,0.07683777521063656
2023-09-04,0.003969639423703514,0.0009207425466576484,0.0030488968770458636,-0.04378819394466662
2023-09-05,0.003608424268448997,0.0020678565792661106,0.0015405676891828875,-0.005189283929291891
2023-09-06,-0.001080912798892131,-0.0016662969680950965,0.0005853841692029654,0.06395082359059076
2023-09-07,-0.002380712444810764,-0.003291798548560691,0.0009110861037499281,0.03690955909427622
2023-09-08,0.0011762448067056436,0.0004458392487609445,0.0007304055579446986,-0.030412919429871704
2023-09-11,0.002000930006985326,-0.0007984071339790641,0.0027993371409643893,0.041011924205654415
2023-09-12,-0.0030732769999505054,-0.0027483716371210177,-0.00032490536282948825,0.09197141006049336
2023-09-13,-3.140509257076109e-05,-0.0009682028546627759,0.0009367977620920124,0.07835658088681076
2023-09-14,0.005206621159030135,0.0026943070151056125,0.0025123141439245223,-0.1381417848457712
2023-09-15,0.005699773924713966,0.0013162986610208947,0.004383475263693072,0.02510647531519091
2023-09-18,-0.008407507114743378,-0.0035834756411223445,-0.004824031473621033,0.34863917512218573
2023-09-19,0.0014099175989635419,0.0008292575006991387,0.0005806600982644027,-0.0012684955199223867
2023-09-20,0.017923118485660333,0.009526194616040796,0.008396923869619544,0.175344899892222
2023-09-21,0.0002569118603814734,0.00037506287082340363,-0.00011815101044193067,0.11689245360405616
2023-09-22,0.011807529455996892,0.00726604090949997,0.00454148854649692,-0.09268385705540369
2023-09-25,0.008863832908514708,0.007565628013755828,0.0012982048947588892,-0.22082591394056786
2023-09-26,-0.013013448877905478,-0.009113691647644737,-0.0038997572302607447,0.129931300791332
2023-09-27,-0.026039112628214626,-0.01656726922813992,-0.009471843400074703,0.335840787234841
2023-09-28,0.016103072921602346,0.012916990632849734,0.003186082288752598,0.27274360961251876
2023-09-29,0.026893848296993456,0.010175124486326268,0.016718723810667187,-0.38519378481243766
2023-10-02,0.024427457877178517,0.012485032118239283,0.011942425758939237,-0.041261380303701696
2023-10-03,-0.024011395752901597,-0.010127153601059528,-0.013884242151842072,0.01974703781488003
2023-10-04,-0.0019913299407301813,0.0007371956510714862,-0.0027285255918016657,-0.11162311650061446
2023-10-05,-0.0006133224087342965,-0.0004409674731980836,-0.00017235493553621316,-0.25981711302588606
2023-10-06,-0.008965066046636834,-0.0018607367070618544,-0.00710432933957498,-0.36826722373226684
2023-10-09,-0.014443806556892088,-0.007589734138326986,-0.006854072418565102,0.21301562859725529
2023-10-10,-0.02966290438316445,-0.012680348025863427,-0.016982556357301025,0.10568650881568396
2023-10-11,0.01398292068107699,0.0034585148442997406,0.010524405836777249,0.12622148373496608
2023-10-12,0.007929801412653042,0.002305818950556271,0.005623982462096772,-0.2045087578381321
2023-10-13,0.008050350114080791,0.003346301023541139,0.004704049090539652,-0.1873589865641277
2023-10-16,-0.013203766833381887,-0.00887487362691773,-0.004328893206464155,-0.047431780488989723
2023-10-17,-0.011970669223523689,-0.007200764307708777,-0.004769904915814912,-0.16179349738219478
2023-10-18,-0.005376052036903626,-0.0012641482737425873,-0.004111903763161041,-0.271948475755457
2023-10-19,-0.01429319606251529,-0.006260214297880033,-0.008032981764635258,0.3716336039848642
2023-10-20,-0.018732139092670144,-0.011189846774081379,-0.0075422923185887655,0.06603410930718089
2023-10-23,0.04075284631772583,0.018485843866958455,0.02226700245076737,-0.3706989457399855
2023-10-24,0.004899114334807456,-0.000945174001456231,0.005844288336263685,-0.046771151920541085
2023-10-25,-0.024356219639439187,-0.01142399329620562,-0.012932226343233565,-0.0062338560963535695
2023-10-26,-0.0057297272161478474,-0.0037293476183312456,-0.002000379597816602,-0.0630021940415134
2023-10-27,0.0009108295632739663,-0.0021875173668782395,0.0030983469301522105,-0.09819977845586174
2023-10-30,-0.007830223512881438,-0.0036146120437625822,-0.004215611469118856,0.2672839719727904
2023-10-31,-0.011609295253744371,-0.008782125590167833,-0.002827169663576542,0.07660028443668901
2023-11-01,0.017666305420731075,0.008621344663249916,0.009044960757481162,0.25741161500626614
2023-11-02,0.0033266518738184134,0.0014550807677847727,0.0018715711060336402,0.3282334497847113
2023-11-03,0.01663574013799362,0.009539629740578676,0.007096110397414937,0.40920956649180745
2023-11-06,0.02177705250538501,0.010172526398080582,0.011604526107304426,-0.2050599692843974
2023-11-07,0.04503628651033007,0.021478233306725304,0.02355805320360477,-0.24416602567636542
2023-11-08,-0.011946554462723111,-0.00798537915026757,-0.003961175312455541,-0.06619433399774821
2023-11-09,-0.01563116189673878,-0.0064545533846960546,-0.009176608512042727,-0.10957967694033412
2023-11-10,-0.002831027124473783,-0.0020355248433961176,-0.0007955022810776646,0.00013035691849573543
2023-11-13,-0.007103019923619608,-0.0017754695702235784,-0.0053275503533960315,0.23750644040534175
2023-11-14,-0.0006120534871944588,-0.003567537900069211,0.0029554844128747513,0.0404153658570896
2023-11-15,0.015241671991527768,0.006369758517319284,0.008871913474208485,-0.06771481462223317
2023-11-16,-0.00020270089117258808,-0.0008036671376817975,0.0006009662465092103,0.04312437784651345
2023-11-17,-0.005541777492975352,-0.004670424736948746,-0.0008713527560266046,-0.19110792325565204
2023-11-20,0.0009001435532530669,-0.000527481597787845,0.001427625151040909,-0.07466745961909058
2023-11-21,-0.014385914705918844,-0.007441619514622647,-0.006944295191296197,0.05533955318443937
2023-11-22,-0.0036170222151169903,-0.0013375246980832874,-0.0022794975170337033,-0.11623372194260483
2023-11-23,0.0047673683397208,0.004176226283379672,0.000591142056341129,0.019977054825690573
2023-11-24,-0.009011031821753902,-0.004557314519852074,-0.004453717301901829,0.02458743810132836
2023-11-27,-0.00033380129582479033,-0.0015595148847927318,0.0012257135889679402,-0.018387651063263892
2023-11-28,0.0026498310461019556,0.0008953474118537467,0.001754483634248209,-0.051304240592077964
2023-11-29,-0.0020932681683157595,0.0005354474258742227,-0.0026287155941899804,-0.041657373711265426
2023-11-30,-0.005704440988426252,-0.00301026668347534,-0.0026941743049509123,-0.04512515233254447
2023-12-01,-0.00508559635034829,-0.0009102058463897229,-0.004175390503958563,-0.033058258726818036
2023-12-04,-0.0021489042762643266,-0.0014998288427105974,-0.0006490754335537301,0.3691096979342038
2023-12-05,-0.0037969316437540526,-0.003725761494289886,-7.117014946416735e-05,0.06749548516539353
2023-12-06,0.030721875438553932,0.013992472340821752,0.016729403097732187,0.13267920270493516
2023-12-07,0.0026725795670609702,0.0001014686423746686,0.002571110924686302,-0.01646070579066361
2023-12-08,0.0072657213788712895,0.0020072275679050714,0.005258493810966218,0.21262420948551897
2023-12-11,-0.0007257929330903104,0.0015133699671499865,-0.0022391629002402992,0.017078072630309266
2023-12-12,0.018937375288496462,0.005004757931077391,0.013932617357419075,-0.012061742899229573
2023-12-13,0.0002445487331139565,-0.000753105991841363,0.0009976547249553203,-0.09887710913685868
2023-12-14,-0.0025071339986448547,-0.0023251706920742847,-0.0001819633065705678,0.12694349963372914
2023-12-15,-0.00654888843428956,-0.0012185206867703722,-0.005330367747519186,0.1209735188214783
2023-12-18,0.007300436005188432,0.0017145343203234485,0.005585901684864984,0.041483073343068395
2023-12-19,0.006891520495597058,0.0018345075483568469,0.005057012947240211,-0.10428576558942673
2023-12-20,0.001090480355576743,-0.002956377396616215,0.004046857752192958,0.01645446320096826
2023-12-21,-0.0060722858644800745,-0.002867049811765259,-0.0032052360527148136,0.1890018286367598
2023-12-22,0.0026038726294962916,-0.003639448516500138,0.006243321145996433,0.1334893107988507
2023-12-25,0.01205247563278869,0.004213403011959426,0.007839072620829264,-0.15166387100338885
2023-12-26,0.009981790613881722,0.007002777597727668,0.002979013016154053,0.062251758246499464
2023-12-27,-0.006304230441457875,-0.000833282115281838,-0.005470948326176037,-0.06793715662756526
2023-12-28,0.004616242651026453,0.0034742150693751694,0.0011420275816512826,0.2805595934626905
2023-12-29,-0.008994282046633913,-0.005598002154715374,-0.0033962798919185445,0.13280007238866864
2024-01-01,0.013785119217304267,0.004680502039654859,0.009104617177649408,0.0447380678984
2024-01-02,0.010968906832302616,0.007538207000288719,0.0034306998320138976,0.049837686984171695
2024-01-03,0.0007260169215558246,0.0005444273985206675,0.00018158952303515665,-0.022985349769916008
2024-01-04,0.0032914475801229613,0.0016921895391110928,0.0015992580410118667,-0.011614650291605667
2024-01-05,-0.0031343355615052557,-0.0030813236363927492,-5.3011925112506075e-05,-0.2619937393613399
2024-01-08,0.0017485867075250731,0.0015137675923835208,0.00023481911514155237,-0.16778863949762543
2024-01-09,-0.013222408139752818,-0.0061979343807502685,-0.00702447375900255,0.07731552131692739
2024-01-10,-0.009147049944880446,-0.004910271340305847,-0.004236778604574599,0.04838652341456592
2024-01-11,0.004644573995754181,0.0007559183572882671,0.003888655638465914,0.08378640167982074
2024-01-12,0.0062776136847457805,0.005035187810448488,0.0012424258742972944,0.2923796959012377
2024-01-15,0.0038094556993159773,-0.0009404699713024892,0.004749925670618467,0.08873784690493836
2024-01-16,0.023390055036949634,0.013386498412251386,0.010003556624698248,0.18085143010907653
2024-01-17,0.006877209590267977,0.0045006405834138,0.002376569006854179,0.23171445876291394
2024-01-18,0.009010581071170835,0.006052827408583535,0.0029577536625872997,-0.188921733495061
2024-01-19,0.014840860434159485,0.00947842550502652,0.0053624349291329695,-0.12510450453428354
2024-01-22,-0.010239338438257186,-0.005116426321567329,-0.005122912116689859,0.16505376766225724
2024-01-23,-0.003980106676771699,-0.0005542017726711517,-0.0034259049041005466,-0.175708582820638
2024-01-24,0.009659902416928313,0.00570356724952046,0.003956335167407853,-0.03564460195796351
2024-01-25,-0.012380101349082129,-0.0059326745682846856,-0.006447426780797443,0.14051669563971086
2024-01-26,-0.0012456902773897505,0.0015770717950310108,-0.0028227620724207616,-0.29359850231573786
2024-01-29,0.01226567911528515,0.0033395469592513716,0.00892613215603378,0.02462854613807161
2024-01-30,-0.018695905727998112,-0.0070118417665218594,-0.01168406396147625,-0.25756566695408545
2024-01-31,-0.00027559088402737543,0.00013768337096462663,-0.0004132742549920014,0.16604961735810317
2024-02-01,-0.01652554727247988,-0.005632370767989002,-0.01089317650449088,-0.017810875439565454
2024-02-02,0.009243005051002963,0.0032963864145404034,0.0059466186364625605,-0.02424923346725409
2024-02-05,-0.0013196011966383635,-0.0019737486298007116,0.0006541474331623488,0.24221066595336432
2024-02-06,-0.002637967892975179,-0.0020905120716377054,-0.0005474558213374742,0.4257307654597183
2024-02-07,0.014847468898140202,0.007287449496805116,0.007560019401335086,0.0823390013897066
2024-02-08,0.03483204061187763,0.01653588509667259,0.01829615551520503,-0.18456088468439324
2024-02-09,0.0023809454151117984,-0.0012247639718952043,0.0036057093870070023,-0.17454650625756538
2024-02-12,-0.012779267404782444,-0.006943796486462686,-0.005835470918319761,-0.3365020625058884
2024-02-13,-0.010924701512171536,-0.0029007839502727256,-0.00802391756189881,0.11449379212945926
2024-02-14,-0.02146163123617744,-0.010164280178491088,-0.011297351057686353,0.2338249036503481
2024-02-15,0.006877789175715518,0.0020974994066222355,0.004780289769093282,0.02047944390763705
2024-02-16,0.009962534226399894,0.004410995902015009,0.005551538324384884,-0.06615821532472273
2024-02-19,0.001159819261410775,0.0001944059689361925,0.0009654132924745819,0.24231718287009282
2024-02-20,-0.00437785393859601,-0.0016014682288784865,-0.0027763857097175245,0.23712593851319042
2024-02-21,0.017061274008123347,0.006904883728558014,0.010156390279565332,0.026876934341378868
2024-02-22,0.010582093661265059,0.00418708453101535,0.00639500913024971,-0.01766385010520915
2024-02-23,0.0004528714978837055,0.0002769778571821216,0.00017589364070158455,0.06002139072658775
2024-02-26,-0.00027036928744742753,-0.0005661360619953685,0.00029576677454794037,0.08478124067920544
2024-02-27,0.003600767127060629,0.00014468958727022283,0.003456077539790405,0.2291484879738848
2024-02-28,0.004886819104421451,0.0007637548533129589,0.004123064251108493,0.15146474896904283
2024-02-29,0.013272150988143976,0.005209623781563241,0.008062527206580733,0.1727053904716552
2024-03-01,0.01035745663693367,0.006360193231400282,0.003997263405533387,0.05099628134785486
2024-03-04,0.010247388400331046,0.0009298140931254329,0.009317574307205614,0.1575760741528099
2024-03-05,0.0045474181453285635,0.002667419722300034,0.0018799984230285305,0.036684056403606266
2024-03-06,0.007900045369302357,0.0014569485406048938,0.006443096828697462,0.010030138476963305
2024-03-07,0.0011909981424998303,0.00022110578736171844,0.0009698923551381133,-0.10101915153865201
2024-03-08,0.001449130068479832,0.0019887574244666587,-0.0005396273559868277,-0.009076214227794834
2024-03-11,-0.005599818559755944,-0.005236351723875991,-0.0003634668358799536,0.027489459058377175
2024-03-12,-6.264892530461917e-05,0.0005623493998254642,-0.0006249983251300835,-0.16811365256360197
2024-03-13,0.0017409683099803318,-0.001271955016824082,0.003012923326804413,-0.12242674429244454
2024-03-14,-0.014146862875288473,-0.007522264977771045,-0.006624597897517445,0.2497868687015151
2024-03-15,-0.014977177231662142,-0.009596692373552354,-0.005380484858109786,0.237489859741417
2024-03-18,0.017943425763152436,0.009123691860862516,0.008819733902289918,0.21498627677285298
2024-03-19,0.015209301598897586,0.007722371575591209,0.007486930023306377,-0.0075551540814670455
2024-03-20,0.016257635166409927,0.007783406354939858,0.008474228811470069,0.06181337887554121
2024-03-21,0.0014939229850366785,0.0002195474474643508,0.0012743755375723281,-0.1577330553281286
2024-03-22,0.001823443227082271,-0.00011724636225563239,0.0019406895893379033,-0.029119933648983402
2024-03-25,-0.00850856843958114,-0.0050648174090477255,-0.003443751030533416,0.21728900153015696
2024-03-26,-0.0028328682880286917,-0.002512376442863492,-0.0003204918451652,0.11094441714042648
2024-03-27,0.012362928854001615,0.005025397707590617,0.007337531146410996,-0.2436424322485557
2024-03-28,0.008831897519472873,0.006050999332948868,0.002780898186524005,0.3437752360266023
2024-03-29,-0.014452441088122395,-0.007901782402702855,-0.0065506586854195414,-0.299733833944792
2024-04-01,0.024068664961492025,0.013430560941481401,0.010638104020010626,0.09872254209237101
2024-04-02,-0.018536331401681937,-0.011846014891566153,-0.006690316510115784,0.034519582892355107
2024-04-03,0.004998631068618788,0.0019458427226370606,0.003052788345981728,0.17223971743748348
2024-04-04,-0.00042704193770286324,0.00019511428491875323,-0.0006221562226216178,0.33742452164478837
2024-04-05,0.011296751184108542,0.004554914276990422,0.0067418369071181195,0.2984175438207813
2024-04-08,0.022328808662090076,0.01268355193097082,0.009645256731119253,0.0253335487706104
2024-04-09,0.019548454707586604,0.011369213906824292,0.008179240800762311,0.2761585534979653
2024-04-10,0.0005275429429295346,-0.0008348061882516456,0.0013623491311811802,-0.19416165506705652
2024-04-11,0.014675866492941041,0.007579548552128543,0.007096317940812499,0.16470779563285942
2024-04-12,-0.012323868394431255,-0.007046794133419194,-0.005277074261012062,-0.03841066660146557
2024-04-15,0.009684957909492904,0.006161393847972209,0.0035235640615206964,-0.1080992524952663
2024-04-16,-0.0012727089665731646,0.0003214419282350546,-0.0015941508948082187,-0.12713561114620212
2024-04-17,-0.0034393175246543086,-0.0013076638481760057,-0.0021316536764783025,-0.07978887744336324
2024-04-18,-0.007607031012462064,-0.004346714222887942,-0.0032603167895741223,-0.04095118276982101
2024-04-19,-0.0026283332519716836,-0.0008035451122923075,-0.0018247881396793756,0.1569248987771635
2024-04-22,-0.0037796099895197155,-0.0019200811793474853,-0.0018595288101722288,0.07646115697896666
2024-04-23,0.007247200511084405,0.0037067611011918113,0.003540439409892594,-0.003813817757174204
2024-04-24,0.001769852716653758,0.0008774536189109163,0.0008923990977428419,0.037931497070407265
2024-04-25,0.0004496117588755793,-0.0005540967546753019,0.0010037085135508814,-0.10757857610855412
2024-04-26,0.0018765218083347335,0.00015822134376355414,0.0017183004645711791,-0.05273527379047163
2024-04-29,-0.006009911146558156,-0.0029816566488542317,-0.0030282544977039225,-0.024389860061401702
2024-04-30,-0.0020226050315727186,-0.0003369075277279295,-0.0016856975038447891,-0.07214172510789797
2024-05-01,-0.00018119398883737064,7.549776500937822e-05,-0.00025669175384674834,0.05942543334544123
2024-05-02,-0.006256606495561368,-0.003194767545087863,-0.003061838950473506,-0.11398352430641627
2024-05-03,0.0024273540839243805,0.0003227162879410484,0.0021046377959833325,0.055462469622467196
2024-05-06,-0.007304860943044637,-0.002861889551980055,-0.004442971391064582,0.03874954969669854
2024-05-07,0.0033034452714699823,0.001657982869475147,0.0016454624019948336,0.05970191110479538
2024-05-08,0.00042529448501842744,-0.00021036547126281014,0.0006356599562812376,-0.24473162868734696
2024-05-09,0.0031791095948465256,0.0013921125585892164,0.00178699703625731,-0.04047160606529924
2024-05-10,-0.010880499585761837,-0.004886458702586933,-0.005994040883174904,0.013804621463709284
2024-05-13,-0.001863531723503054,-0.0005580336728755369,-0.0013054980506275165,-0.11771472229892863
2024-05-14,-0.00023123018873010115,-0.0008807394175444367,0.0006495092288143359,0.07541491916857677
2024-05-15,-0.005855986814784719,-0.0022258698114301354,-0.003630117003354584,-0.17386793493662187
2024-05-16,0.005554839354385077,0.0028418177085023887,0.0027130216458826906,0.04336997271380597
2024-05-17,-0.010073937135828949,-0.003709448996573655,-0.006364488139255294,0.1056777672444169
2024-05-20,0.0009395358705089596,-0.0007192653730364505,0.00165880124354541,0.22476326700524193
2024-05-21,0.005870084401791734,0.0031428832432022855,0.002727201158589449,0.017233103205463726
2024-05-22,0.011119004699260223,0.005114885495820901,0.006004119203439321,-0.1951666918673071
2024-05-23,0.0014805885691309662,-0.0010732629768341372,0.002553851545965105,0.25314481376077763
2024-05-24,-0.009622561644021546,-0.002581495709195636,-0.00704106593482591,0.1435273600244384
2024-05-27,0.014278315876484376,0.007677569807059692,0.006600746069424686,-0.09746550635950262
2024-05-28,0.007184465851168406,0.003807846700241634,0.003376619150926772,0.057334161186810936
2024-05-29,-0.004328661738842095,-0.0022826257375360326,-0.0020460360013060622,-0.11008514849190869
2024-05-30,0.0029143435203432258,0.002000856041358321,0.0009134874789849048,-0.006980594438163239
2024-05-31,-0.004913924321653423,-0.000133715184268874,-0.004780209137384549,0.21818719345778564
2024-06-03,-0.0015489048392135704,-0.00029344888582894923,-0.0012554559533846212,-0.0606574167580233
2024-06-04,0.011610189202978648,0.0034988849275784653,0.008111304275400183,0.06218589593634438
2024-06-05,-0.001953990346412223,-0.0005003475494584544,-0.0014536427969537693,-0.08243081160820004
2024-06-06,0.0031943240740203603,0.00017490633681141628,0.003019417737208943,-0.13980862395098143
2024-06-07,-0.002630323150606197,-0.0013241533592467302,-0.001306169791359466,0.01693019640364141
2024-06-10,-0.00628103352834971,-0.0033166796756322666,-0.002964353852717443,0.03851645271289278
2024-06-11,0.0009488446737086479,0.0007113526486380333,0.00023749202507061492,0.020127185941668076
2024-06-12,-0.00024763663796984527,-0.0015704861243303943,0.0013228494863605487,0.115585231463684
2024-06-13,-0.00037130661620877884,-0.0005520139147217702,0.00018070729851299167,-0.02218952792307711
2024-06-14,0.003005415929368273,0.000906325511661103,0.0020990904177071706,0.12932001240548838
2024-06-17,0.0018659490804553694,0.002823181288457332,-0.0009572322080019626,-0.11930787386365523
2024-06-18,0.005406930031075667,0.002987941540366948,0.0024189884907087193,0.007756037636879155
2024-06-19,-0.006471528322366061,-0.0031256192940420586,-0.0033459090283240013,-0.014536929282273632
2024-06-20,-0.0006495503626976883,-0.001157368652007767,0.0005078182893100782,0.0070154330841972
2024-06-21,-0.0018331059167029115,-0.002322016731541865,0.0004889108148389519,0.09226146424929946
2024-06-24,0.0013308434621057583,-0.0008699706490854645,0.002200814111191222,-0.019057965067888222
2024-06-25,0.003973124428518987,0.0018876580058437217,0.002085466422675265,0.055581347830661564
2024-06-26,-0.0031037198956257997,-0.0017200322939126492,-0.0013836876017131513,-0.14632202186578927
2024-06-27,0.0029207852327391465,0.0013909206788798973,0.001529864553859249,-0.29060143128169874
2024-06-28,-0.006309834697014529,-0.00229869127516049,-0.004011143421854039,0.12483772824234596
2024-07-01,-0.015089719515887088,-0.005645126239828222,-0.009444593276058868,-0.07212006583373784
2024-07-02,0.008274315165390754,0.0038191410373555504,0.004455174128035204,0.04988409560475523
2024-07-03,-0.0016229186384256998,0.00017578437534686818,-0.0017987030137725669,-0.04377727307278831
2024-07-04,0.003116658800104156,0.000152674474424849,0.002963984325679307,0.06523038254659454
2024-07-05,-0.0025811419403599803,-0.0015976953656152149,-0.0009834465747447646,-0.11564032284636266
2024-07-08,0.0019554243286108554,-0.0002387121512598565,0.002194136479870713,0.00558920068972777
2024-07-09,-0.005260748813289717,-0.003113718034925458,-0.0021470307783642605,-0.08934354893066901
2024-07-10,-0.0009040042197354386,-5.723262520279627e-05,-0.0008467715945326422,-0.13496974659368263
2024-07-11,-0.004518845019290988,-0.001584636301202856,-0.002934208718088132,0.050476205458243724
2024-07-12,-0.0064814472404738175,-0.0024870981763280148,-0.0039943490641458045,-0.18006870915040124
2024-07-15,0.002742153439549127,0.000725424897865859,0.0020167285416832674,0.10224018743120845
2024-07-16,-0.009192127390055744,-0.002699875908324538,-0.006492251481731206,-0.20175690043053193
2024-07-17,0.005332891486586407,0.002300277152579234,0.003032614334007172,-0.10100064290345491
2024-07-18,-0.011338999216547265,-0.0056957758679321,-0.005643223348615167,0.05146433046509235
2024-07-19,-0.00429871791147878,-0.00198839721970886,-0.0023103206917699202,0.11447478776330874
2024-07-22,0.0016001401745416514,0.000995847065840355,0.0006042931087012968,0.24734518413297332
2024-07-23,0.0035729889704516154,-6.447916735010349e-05,0.0036374681378017184,-0.15140536981809724
2024-07-24,0.013436740248210045,0.005647212713288928,0.0077895275349211136,-0.0726678085094563
2024-07-25,-0.008473485410948122,-0.004141142872919729,-0.004332342538028392,0.09813232479973492
2024-07-26,-0.005857245737961711,-0.002289202460280349,-0.003568043277681362,-0.018782341704914593
2024-07-29,0.0063696466947864095,0.0025900787703381327,0.0037795679244482755,-0.2750415018926593
2024-07-30,0.0005403652899752089,0.0019566521167332165,-0.001416286826758005,-0.045691556852284064
2024-07-31,-0.017047428877820608,-0.006643560333917782,-0.01040386854390283,-0.1274742040128592
2024-08-01,-0.0035718038832763905,-0.0005926080793302734,-0.002979195803946117,0.28884034855511204
2024-08-02,-0.008165737900164293,-0.003180639801205991,-0.004985098098958302,-0.01300277548758048
2024-08-05,0.02276196291162102,0.008750221799164662,0.014011741112456354,0.3968709296341574
2024-08-06,0.0022341712124102795,0.002599704552720088,-0.00036553334030980586,-0.32193211201771293
2024-08-07,0.02613146999863345,0.00974270965678252,0.01638876034185093,-0.00031021999343842075
2024-08-08,-0.019652472743380903,-0.007619528936361485,-0.012032943807019417,0.019735406828513307
2024-08-09,-0.0024073662437293134,-0.001576726280795547,-0.0008306399629337685,-0.040241052640601904
2024-08-12,0.0024242764002274965,-0.0002629644373424115,0.0026872408375699063,-0.174497361399978
2024-08-13,-0.001773878137299697,-0.00028519843049285313,-0.0014886797068068432,0.022793201423963693
2024-08-14,-0.009253536090328328,-0.003422588327882529,-0.005830947762445799,-0.02158606913217145
2024-08-15,0.0016255173328649905,0.0003740859838995941,0.0012514313489653966,-0.0370811612637256
2024-08-16,0.0015367629183865752,0.0005670432766196223,0.0009697196417669529,-0.06386101997909269
2024-08-19,-0.002428349943776077,-0.0005905978098138236,-0.0018377521339622508,0.009396083028826269
2024-08-20,-0.004854524315479562,-0.0019607662758545663,-0.0028937580396249953,0.06652936475010926
2024-08-21,0.0001607403771606142,-8.762613092304535e-05,0.0002483665080836601,-0.08975243752552979
2024-08-22,0.003350303442978458,0.0009765268821536797,0.002373776560824779,-0.017153562204534237
2024-08-23,-0.007461146921166197,-0.002037433645459658,-0.005423713275706539,0.0073467094147650095
2024-08-26,-0.001336671628143797,-0.0014756017881099037,0.00013893015996610872,-0.05635257475575889
2024-08-27,-0.0018486119047044607,7.036228341563561e-05,-0.0019189741881200963,0.21016195402331153
2024-08-28,-0.003395156208843216,-0.0017792937912935528,-0.0016158624175496637,-0.19995088414095163
2024-08-29,0.013158796181612873,0.0024838258549227995,0.010674970326690073,-0.03914390142761926
2024-08-30,-0.010026302590509437,-0.0033646042725156457,-0.00666169831799379,-0.08614806979171107
2024-09-02,-0.002808823612573812,6.653489881717264e-05,-0.002875358511390985,0.19974511779550802
2024-09-03,-0.004702746142759425,-0.0015214835511533058,-0.003181262591606119,-0.0418519596792796
2024-09-04,0.010798547542365155,0.003347019305447449,0.007451528236917705,0.17112890171219056
2024-09-05,-0.0018238615765966606,-0.0003744921570200113,-0.0014493694195766497,-0.032911325363308215
2024-09-06,0.01089350724472497,0.0015946468395879113,0.00929886040513706,0.0307819714195501
2024-09-09,-0.0027042015884158185,-4.503836948509775e-05,-0.0026591632189307234,0.12659512158091377
2024-09-10,-0.0004213390179049197,-0.0021146642742833326,0.0016933252563784123,0.051539712484481956
2024-09-11,0.008372375799032048,0.00018839894610624477,0.008183976852925805,0.023648290362641038
2024-09-12,0.0009988765559080545,0.0016792955396577915,-0.0006804189837497383,0.11361132965026792
2024-09-13,-0.00023183347263458498,0.001155446602785602,-0.0013872800754201886,0.02097200788352
2024-09-16,0.00517848358349001,0.0005437806357981526,0.004634702947691857,0.05602652450365441
2024-09-17,0.00011140002974894115,-0.00042342050198615217,0.0005348205317350935,0.007052951151455837
2024-09-18,0.004978511091886407,0.004122770693419979,0.0008557403984664259,-0.01500355892550976
2024-09-19,0.0020351192034401646,0.0028579710832586707,-0.0008228518798185066,-0.15674446511181567
2024-09-20,0.00017162904207097904,0.0006944378377229629,-0.0005228087956519839,0.012116497292934729
2024-09-23,-0.009555655626602969,-0.0034583974721038606,-0.006097258154499109,0.26650521448971887
2024-09-24,0.0013830694452122332,-0.0014225335725394032,0.0028056030177516355,0.002953869825843828
2024-09-25,0.01433870388355798,0.0076637072342926865,0.006674996649265293,-0.0969829714432168
2024-09-26,-0.00034997669957906666,0.0002437862545608318,-0.0005937629541398984,-0.10617539422416732
2024-09-27,-0.004082378238745061,-0.003929171529382487,-0.0001532067093625725,-0.0018438436139424832
2024-09-30,-0.005759063454027746,-0.0024444797155364958,-0.00331458373849125,-0.11011520000503472
2024-10-01,-0.0013997353012429113,-0.0003021474026734241,-0.0010975878985694863,0.014536513455202266
2024-10-02,-0.005061061227177201,-0.0029097685569723854,-0.002151292670204816,-0.11650350318407254
2024-10-03,0.00189285948049244,0.0018463801352266553,4.647934526578416e-05,-0.07299666456203537
2024-10-04,-0.004746086955392796,-0.002888261779220761,-0.0018578251761720357,-0.15042964618611102
2024-10-07,-0.004551272492900651,-0.00362430643378472,-0.0009269660591159305,-0.10318935814580235
2024-10-08,-0.007142620299038616,-0.0004391970054242189,-0.006703423293614397,-0.1561277955370231
2024-10-09,-0.005567004471926927,-0.004217260721670445,-0.0013497437502564811,0.3025294626469735
2024-10-10,-0.006592262428764828,-0.0013391663934492993,-0.005253096035315529,0.029190726765867852
2024-10-11,0.017581161874527424,0.007518369992919614,0.01006279188160781,0.0149458883492886
2024-10-14,0.002300405729833609,-0.00020356181979387655,0.002503967549627487,0.13909126037912115
2024-10-15,0.001179466057190976,-0.0008913793036107315,0.002070845360801708,0.24293841683104545
2024-10-16,0.007463578679799828,0.0010777816347294217,0.006385797045070397,-0.16121998406851645
2024-10-17,0.011230939623214965,0.006661287520368856,0.004569652102846112,0.05391471616339586
2024-10-18,-0.007804790648568316,-0.0013623237964675468,-0.006442466852100769,0.08998132136285107
2024-10-21,0.003106522483602927,0.0017066737126793462,0.0013998487709235808,-0.12934645560054167
2024-10-22,0.0039761616742888355,0.0016128820059843462,0.002363279668304489,0.07788462309017026
2024-10-23,-0.005531032800985921,-0.0014857390316787619,-0.00404529376930716,-0.23722350201426287
2024-10-24,0.005091770448386751,0.0024349748582131103,0.002656795590173641,0.16004960192170048
2024-10-25,-0.009952138771905782,-0.00528661234229354,-0.004665526429612242,0.1463149280077408
2024-10-28,0.006687044680177096,0.0009482170567027401,0.005738827623474356,-0.04652253914934795
2024-10-29,0.00758795700214174,0.002831657990992097,0.004756299011149641,-0.1633481146516915
2024-10-30,-0.001993799727080017,0.0017163996542276395,-0.00371019938130766,-0.021247573990032017
2024-10-31,-0.007125061756071106,-0.00043160985226924596,-0.006693451903801861,-0.0908617463361732
2024-11-01,0.00030569655355699825,-0.00013508251318368296,0.0004407790667406812,0.005091950149357233
2024-11-04,-0.0042569385808585766,-0.0015634818761574455,-0.0026934567047011294,0.09640280014017338
2024-11-05,0.0018320801392862384,-0.0005821777843954268,0.0024142579236816654,-0.14138826572409602
2024-11-06,0.007518826968996621,0.004454865494669308,0.003063961474327313,0.1129611095116627
2024-11-07,-0.009268678163957612,-0.005049211556798151,-0.0042194666071594614,0.1517905964102792
2024-11-08,0.007477106036608089,0.001411684843387424,0.0060654211932206666,0.026458685274736275
2024-11-11,0.00589062236562478,0.0021661566094432066,0.0037244657561815732,0.03389938901848671
2024-11-12,0.0023411619045344235,0.0009299536671607009,0.0014112082373737226,0.11206985938697181
2024-11-13,0.0022508304955453744,0.00045172316464738016,0.0017991073308979925,0.03555230508439293
2024-11-14,0.0058411427265702195,0.003407880756736918,0.0024332619698333013,-0.08146482521825132
2024-11-15,0.002390022461016276,0.0007342406907995475,0.0016557817702167283,0.02653633132753006
2024-11-18,-0.00431824648047685,-0.001175423570669045,-0.003142822909807802,-0.1062927394148063
2024-11-19,0.0022909583761325973,0.0008680378624742026,0.0014229205136583939,-0.05217508729489594
2024-11-20,-0.0041340688613562045,-0.0013078095375220764,-0.0028262593238341277,-0.006504749984022101
2024-11-21,-0.0015765563492526444,-0.0014399061211832478,-0.0001366502280693957,-0.06474016527799897
2024-11-22,-0.000627540432399344,-0.0020975674274949702,0.0014700269950956263,0.11799053907668403
2024-11-25,-0.0020215521438941134,-0.0011382690763523781,-0.0008832830675417358,-0.023615033089667784
2024-11-26,0.007347351333411963,0.00471556240506751,0.0026317889283444546,-0.19526225270405198
2024-11-27,-0.002729370338434808,-0.0004173911502523258,-0.002311979188182482,-0.0847966108368424
2024-11-28,-0.01177468977885666,-0.0037215270757272306,-0.008053162703129429,-0.010723376269293984
2024-11-29,-0.005135973352571868,-0.0011807180738681484,-0.003955255278703719,-0.11568662446318535
2024-12-02,0.0008455403603444208,0.0032173867113567175,-0.0023718463510122995,0.30680529603642054
2024-12-03,-0.007514879714789813,0.0005973961277243311,-0.008112275842514147,-0.08554873642985715
2024-12-04,0.023127693945242028,0.008760038031914247,0.014367655913327783,0.13110509262617231
2024-12-05,-0.009695803784175335,-0.005485666726591948,-0.0042101370575833895,0.1558888989644047
2024-12-06,0.005937803916457764,0.0002657532698184936,0.0056720506466392704,0.09705078321792378
2024-12-09,0.011021337222010975,0.0021012561484777684,0.008920081073533204,0.2782860899214321
2024-12-10,0.005632308830397139,0.002803411834685696,0.002828896995711443,-0.14670366678133478
2024-12-11,0.016208711059051497,0.007008523229806831,0.009200187829244665,-0.028845153752930248
2024-12-12,-0.009842776378766797,-0.005160757711020179,-0.00468201866774662,-0.21225997290078533
2024-12-13,-0.0021461456727317647,-0.0012248305929280154,-0.0009213150798037459,0.030414819809640267
2024-12-16,-0.01394252830725512,-0.004300360331752805,-0.009642167975502316,-0.22080083622869073
2024-12-17,0.00467310358003596,0.0033567607727002574,0.0013163428073357016,-0.12664863786189717
2024-12-18,-0.012548331925739696,-0.00378084895503927,-0.008767482970700425,0.12399951456568825
2024-12-19,-0.007987407151291245,-0.0031653755146196553,-0.004822031636671589,0.197082888945501
2024-12-20,0.010011889249130004,0.005016207916408563,0.0049956813327214425,0.22579515432877648
2024-12-23,0.010952236648600133,0.0043245166308138955,0.006627720017786238,-0.29927951195302316
2024-12-24,0.01871128081090881,0.007499147245177657,0.011212133565731159,0.1651644686292011
2024-12-25,-0.021585350818602925,-0.008510753580332693,-0.01307459723827023,0.30828195315598506
2024-12-26,0.011716683300763323,0.005255976198237377,0.006460707102525943,-0.00983439176537924
2024-12-27,0.018168973254496144,0.008572145601997552,0.009596827652498592,-0.13874439402475472
2024-12-30,0.0011062177901034918,0.0010347638651645658,7.145392493892577e-05,0.05258737184486338
2024-12-31,-0.011204250470638012,-0.0035348053564580838,-0.00766944511417993,-0.009436173354778933
2025-01-01,0.002761203412024804,0.0011713939913278026,0.0015898094206970015,-0.20744420469409486
2025-01-02,-0.001210179625014352,-0.0005007136155934318,-0.00070946600942092,0.18652825458267364
2025-01-03,-0.012545896922114202,-0.005853935275877153,-0.006691961646237051,-0.04097729486894432
2025-01-06,0.010216762098493343,0.0055875424605074196,0.004629219637985923,-0.01217083318288471
2025-01-07,-0.002916355178996743,-0.002302729967844563,-0.0006136252111521787,-0.19459066794993993
2025-01-08,-0.0012633540419363775,0.0004689126917010976,-0.001732266733637475,-0.15006182817544264
2025-01-09,-0.009569743711868084,-0.004435473017452561,-0.005134270694415524,-0.1831392340394812
2025-01-10,-0.008341447774823764,-0.003226339110992564,-0.0051151086638312,0.07462253342312142
2025-01-13,-0.014791322074656242,-0.006461239695004967,-0.008330082379651277,-0.18093498849882597
2025-01-14,0.0050147707642189294,-0.00239570482156886,0.007410475585787786,0.16767888149962173
2025-01-15,-0.010695919031428582,-0.0037448089639660334,-0.006951110067462548,-0.006723552932677682
2025-01-16,0.009069690151005838,0.004387800501918594,0.004681889649087244,0.04595835809718538
2025-01-17,-0.001013154614887211,-0.0002841648433535779,-0.0007289897715336349,0.13222490229273554
2025-01-20,0.0017791758333134803,0.0013155107902718503,0.0004636650430416304,-0.21681470440894543
2025-01-21,0.008889930301268228,0.0037237485485228858,0.005166181752745342,-0.10325605882477637
2025-01-22,-0.013196838849476377,-0.006428519917185552,-0.006768318932290827,0.13307865416384623
2025-01-23,-0.008162347208841035,-0.004653879125509354,-0.003508468083331679,0.24445471739332023
2025-01-24,0.007640497620684383,0.0017796197095069789,0.0058608779111774065,0.10171422635556127
2025-01-27,0.013944672273587463,0.006132873917983754,0.007811798355603708,0.009580120613442442
2025-01-28,0.005921652210740973,0.0012842856947248224,0.00463736651601615,-0.15630385829242138
2025-01-29,0.0005567370647281353,0.0020216622112769287,-0.0014649251465487945,-0.10525304466038986
2025-01-30,-0.0090546188572731,-0.005154529593716508,-0.0039000892635565956,-0.21281733661024776
2025-01-31,-0.007448488902393656,-0.004179377762910469,-0.003269111139483187,
2025-02-03,-0.02006324397715377,-0.006092794445386872,-0.013970449531766897,
