,ls_ret,long_excess_ret,short_excess_ret,ic
2017-01-02,0.00919749642392437,0.002015044793381611,0.007182451630542758,-0.09489683609150651
2017-01-03,-0.005956675981961907,-8.748149710791639e-05,-0.005869194484853991,0.005503996178803437
2017-01-04,-0.004652501030582813,-0.004275084955103348,-0.000377416075479465,-0.0663004665062126
2017-01-05,0.00026682136920088534,-0.00037882845414065943,0.0006456498233415459,-0.28560501618321693
2017-01-06,-0.005366489732299979,-0.0020713402786680796,-0.0032951494536319,-0.32677306756748276
2017-01-09,-0.016948725150665252,-0.007014907204863145,-0.009933817945802103,-0.09054553131647974
2017-01-10,-0.01787630247957779,-0.0068292275634711085,-0.01104707491610668,-0.09225429478888203
2017-01-11,-0.004789145878822619,-0.0023069327150035037,-0.002482213163819116,0.11129245248248337
2017-01-12,-0.004624803982088843,-0.002775479937748392,-0.0018493240443404506,0.09034034091709403
2017-01-13,0.005803000281440122,0.0013645468476667253,0.004438453433773395,-0.19231921507103011
2017-01-16,0.004451938345823501,0.0018133465509675055,0.002638591794855996,0.4475410465002637
2017-01-17,-0.010025923069275303,-0.0027570314639744744,-0.007268891605300829,-0.2949369902979789
2017-01-18,0.0292150227197103,0.012972264899318742,0.016242757820391557,-0.3303703100018642
2017-01-19,-0.013923821222121185,-0.0055586549651123664,-0.00836516625700882,0.3222457321848535
2017-01-20,-0.019653410451749335,-0.006548345178568542,-0.013105065273180798,0.020594391593444616
2017-01-23,0.016939821874851005,0.007510687844476415,0.009429134030374587,0.106782178523356
2017-01-24,0.0010460424557656453,0.001972139241049142,-0.0009260967852834975,0.10996366663231864
2017-01-25,0.005065009990126006,0.003154489494418926,0.001910520495707081,-0.19155249787538736
2017-01-26,0.006280566010275015,0.0012510570171149378,0.005029508993160076,0.10749913825577839
2017-01-27,-0.009147956290518653,-0.0022287713722653835,-0.0069191849182532695,-0.19265120453503556
2017-01-30,0.005562040334677099,0.0015161689647330695,0.0040458713699440315,-0.00445736236559291
2017-01-31,-0.009462329060847478,-0.0025394323788152104,-0.006922896682032266,0.41072238910466613
2017-02-01,-0.00022153954512016297,-0.0006418960173872933,0.000420356472267131,0.11831728636776323
2017-02-02,0.025462243042993975,0.007009226314445307,0.018453016728548675,0.1859135552710971
2017-02-03,0.005666770703336992,0.0034697668306525077,0.0021970038726844797,0.35808822956803726
2017-02-06,0.008727033367162906,0.005204121853784471,0.003522911513378438,0.03080988376976655
2017-02-07,0.01786416554005389,0.009273341636239503,0.008590823903814387,0.0692845648637058
2017-02-08,0.0013673995558667743,0.0013717067754741973,-4.307219607422794e-06,-0.012304316482489632
2017-02-09,0.0035393143941357995,0.0005289561769217452,0.003010358217214055,0.13038434066375468
2017-02-10,-0.000553220780664416,0.0002856201296423319,-0.0008388409103067505,0.22430567878830174
2017-02-13,0.005832478864552532,0.0027489550236638035,0.0030835238408887288,0.0692663014490182
2017-02-14,0.010011793769737244,0.002898926126440866,0.007112867643296378,-0.02707806456482437
2017-02-15,0.00316892077351519,0.00041576084517497107,0.0027531599283402187,0.07320768057592211
2017-02-16,-0.0009855389880635036,3.3226797571419414e-05,-0.0010187657856349213,0.10019513604357277
2017-02-17,0.003117340994531883,0.003099454110625722,1.788688390616175e-05,-0.22151432182641329
2017-02-20,0.004766520108066307,0.002013357592948896,0.0027531625151174105,-0.1403576436436273
2017-02-21,-0.010683401306502019,-0.00406356099690264,-0.0066198403095993775,-0.14626351692357673
2017-02-22,-0.006615527401804689,-0.0025437121464669168,-0.004071815255337771,-0.06798211285206571
2017-02-23,-0.007247647380249156,-0.0018642434082851902,-0.005383403971963966,-0.020829031061227694
2017-02-24,-0.003739200411319306,-0.0028745497456658152,-0.0008646506656534913,-0.10967176146736592
2017-02-27,-0.0009949011802186155,-0.00012151970650998468,-0.0008733814737086306,0.03399807468106378
2017-02-28,-0.005747728502943363,-0.0010907105811095138,-0.004657017921833849,-0.027736949559214633
2017-03-01,0.0016684636323296455,-5.8441946237405926e-05,0.0017269055785670514,-0.15292197539656943
2017-03-02,-0.0013520307836860643,-0.001524014871016081,0.00017198408733001694,0.11914642770900553
2017-03-03,-0.008018396406544781,-0.0037606094889782666,-0.004257786917566515,-0.011952282830168613
2017-03-06,0.006830663164356937,0.0032478845492159665,0.0035827786151409703,0.06574786055117894
2017-03-07,-0.0005418890719040916,0.0003442994150311008,-0.0008861884869351931,0.2209795021990136
2017-03-08,0.0031593334172437936,0.001547946086974397,0.001611387330269396,-0.09468291193848423
2017-03-09,0.011976648990507363,0.00357013416499938,0.008406514825507982,0.013401755332376312
2017-03-10,-0.004679294337990825,-0.0030544761015346474,-0.001624818236456176,-0.08152195566838774
2017-03-13,0.0006195333120858668,0.0007686043891594599,-0.00014907107707359249,0.11233592124119084
2017-03-14,-0.0036904237191219638,-0.0022179144666313695,-0.0014725092524905947,-0.004685200267694418
2017-03-15,0.005967115234022845,0.0008102546559568633,0.0051568605780659815,0.13499954125206068
2017-03-16,-0.0002492986430242029,-0.0009409006412184786,0.000691601998194276,0.05498922152807975
2017-03-17,0.00722214484247879,0.002147808416615932,0.005074336425862859,-0.22318026832364335
2017-03-20,0.002773560626105672,0.0005864912110842401,0.0021870694150214324,-0.07736185587608452
2017-03-21,-0.00972446910668833,-0.003992876418318501,-0.005731592688369829,-0.03078268420220105
2017-03-22,-0.0036343080417664455,-0.002130849253769682,-0.0015034587879967625,0.033525899068993566
2017-03-23,-0.0013640765423048023,-0.000852184484507754,-0.0005118920577970483,0.1319873660316638
2017-03-24,0.0017342550858419953,0.0016992645673953241,3.499051844667138e-05,0.23457592085459153
2017-03-27,0.0071684651606775795,0.002830584850050855,0.0043378803106267246,-0.05728081904059677
2017-03-28,0.013234067832513728,0.005892283296332876,0.007341784536180852,0.0781354894518928
2017-03-29,-0.00279657957698075,-0.0015098316852771864,-0.0012867478917035636,0.208777389593098
2017-03-30,0.00351828330476455,0.0012339978642222074,0.0022842854405423427,-0.04285732733914104
2017-03-31,0.012004526078882617,0.004922578846244266,0.007081947232638355,-0.03749621801497632
2017-04-03,-0.0020046549695864327,-0.0019367215999965821,-6.793336958985075e-05,-0.15934210503315274
2017-04-04,-0.0017077580873820124,-0.0018495058826412687,0.0001417477952592571,0.05676529418838009
2017-04-05,-0.008570642801293365,-0.00499068489053772,-0.0035799579107556436,-0.027432325915102456
2017-04-06,0.002695161806833485,0.0031238695145930258,-0.00042870770775953887,0.03709220980671771
2017-04-07,-0.001126774101595859,0.0003974258376755182,-0.0015241999392713772,-0.06807984157509296
2017-04-10,0.0016243237401378629,0.0008201706059231331,0.0008041531342147298,0.11825336139345734
2017-04-11,-0.002428457922824963,-0.0001070821845916706,-0.002321375738233292,-0.14750693620063346
2017-04-12,0.005168936701559566,0.003118055716760582,0.0020508809847989847,-0.24260062109261915
2017-04-13,-0.006514977732396087,-0.003805771222107973,-0.002709206510288116,-0.036735382727472565
2017-04-14,-0.015794595047957317,-0.01029001333325456,-0.00550458171470276,-0.01614325477798805
2017-04-17,-0.0018136496853068066,0.000653088073476053,-0.0024667377587828613,0.04314221201073802
2017-04-18,-0.000813361315144636,0.0017410921971733732,-0.0025544535123180096,-0.16939521636205412
2017-04-19,0.0021469733985116685,0.0006684260431578729,0.0014785473553537952,-0.03400687943488763
2017-04-20,-0.008878273230342345,-0.0053051224185603875,-0.0035731508117819574,0.006282001719463422
2017-04-21,-0.001645246204426395,0.0010890435941344062,-0.0027342897985608017,0.15363313354838581
2017-04-24,0.0003001166440464826,0.0006892681099412538,-0.0003891514658947697,-0.03597461357782175
2017-04-25,0.006901070594334861,0.003531794285643813,0.0033692763086910476,-0.17907436877050362
2017-04-26,-0.0015001702761180073,-0.0007141782056044937,-0.0007859920705135144,-0.16498467118764248
2017-04-27,-0.009179584407231092,-0.004466773149938607,-0.004712811257292485,0.001930921568673469
2017-04-28,-0.009208392904783834,-0.00207578132470986,-0.007132611580073973,0.07158539639446133
2017-05-01,0.00010813112947326655,0.00026070165189631244,-0.0001525705224230461,-0.02979133981196008
2017-05-02,0.004052005094816051,0.000830856591349606,0.003221148503466444,-0.10656119713079343
2017-05-03,-0.0015180293398656254,-0.0018715404443071732,0.00035351110444154735,-0.09587348386707817
2017-05-04,-0.007583089333062509,-0.007660873103590017,7.778377052750779e-05,-0.06888395144705353
2017-05-05,-0.006093496520386952,0.0004264806753328052,-0.006519977195719754,0.189008073442992
2017-05-08,-0.003497290145510316,-0.0005082869043129223,-0.002989003241197394,0.18942200632214753
2017-05-09,0.010375869383423574,0.005003256742694034,0.005372612640729541,0.16275214713908165
2017-05-10,0.010668949923021406,0.002101706549906421,0.008567243373114986,0.2829924666488846
2017-05-11,0.008917334331467044,0.0027918036256106716,0.006125530705856372,-0.040666498478250594
2017-05-12,0.017456114338214913,0.006672468571338977,0.010783645766875936,0.08889079708378629
2017-05-15,-0.0020146104219243336,0.0012563285129436434,-0.0032709389348679757,-0.037023881694321
2017-05-16,0.0048731665150012395,0.0019803691721957833,0.0028927973428054567,-0.0023469243155624384
2017-05-17,-0.001587413906648369,-0.001570584249000511,-1.6829657647856634e-05,-0.119483153093277
2017-05-18,-9.735920819330557e-05,0.0014689819595510231,-0.0015663411677443312,-0.07794029607619908
2017-05-19,-0.006708582371583021,-0.005765189565268407,-0.0009433928063146153,-0.016206255960671923
2017-05-22,-0.004668743162799971,-0.003857360645095915,-0.000811382517704063,0.16139708318036416
2017-05-23,-0.000860885193117264,0.001954967530890259,-0.002815852724007523,0.10774160693445921
2017-05-24,0.007064903114039678,0.002986754561346121,0.004078148552693556,0.0747281232038836
2017-05-25,0.004166144228742509,0.0032991679996996637,0.0008669762290428457,-0.10827582483834772
2017-05-26,0.0032994840755551655,0.0015970442004346157,0.001702439875120549,-0.12766502093304735
2017-05-29,-0.0045589881870720245,-0.0027047975853171317,-0.0018541906017548928,-0.039280342292667754
2017-05-30,-0.004635872267167102,-0.0011655307113095856,-0.0034703415558575146,0.19256797834882866
2017-05-31,-0.0016281755509710998,-0.00039243587560411114,-0.0012357396753669883,0.11649638911870662
2017-06-01,0.009335826267510613,0.002989128751356511,0.006346697516154102,-0.03373981741887833
2017-06-02,0.006611935619826178,0.0007939277415962053,0.005818007878229971,-0.1247140219938281
2017-06-05,-0.0014337612299917869,-0.0004440804050976103,-0.0009896808248941761,-0.1401091247272218
2017-06-06,-0.00530441053957665,-0.00312960022508953,-0.002174810314487118,0.05928731729048824
2017-06-07,-0.005973146316146988,-0.0024787627247909267,-0.0034943835913560616,-0.04084625874878232
2017-06-08,0.0025153971693104684,0.001609941730636913,0.0009054554386735548,0.30096521171981067
2017-06-09,-0.002458656509169308,-0.0024443955176105467,-1.4260991558759026e-05,0.06510397896924201
2017-06-12,0.01455475401395158,0.007842014957366788,0.006712739056584792,0.09283230295462712
2017-06-13,0.0030908129878932243,0.0008103777454613274,0.0022804352424318965,0.07422913168285138
2017-06-14,0.004047322132893889,0.0009574710061022794,0.0030898511267916104,0.04397587584014369
2017-06-15,0.0032732102556088344,0.0013344847542885504,0.0019387255013202827,0.15917589303863922
2017-06-16,0.0018067559465030057,0.0009139321991390777,0.0008928237473639269,0.006253168522608889
2017-06-19,0.006820583702939132,0.004163023436432217,0.0026575602665069153,0.051854678337609664
2017-06-20,0.0002915844715359557,0.001860093627613234,-0.0015685091560772785,-0.20456772199599502
2017-06-21,0.0025077820990932927,0.00017694277687708472,0.002330839322216208,0.005894476504878353
2017-06-22,-0.010670458560863445,-0.004079344148496548,-0.006591114412366898,-0.0704295064064139
2017-06-23,0.0002815691202926572,0.0011857636971950886,-0.000904194576902432,0.22338783325546244
2017-06-26,-0.003949581618099393,-0.0018060594652985484,-0.002143522152800846,0.0196704311333379
2017-06-27,0.011832169541836926,0.0052693887557299654,0.00656278078610696,-0.13074055053853134
2017-06-28,0.0010811467301417607,-0.0009169379024870656,0.0019980846326288267,-0.1770894180961426
2017-06-29,-0.009072146464428398,-0.005394106175982075,-0.0036780402884463194,0.32888251731743945
2017-06-30,-0.009955405300174407,-0.004228318993643359,-0.005727086306531048,-0.08967492234420393
2017-07-03,0.01906962450022455,0.006404290748788534,0.012665333751436017,0.050879266430892064
2017-07-04,-0.004430912527198738,-0.001221701871963527,-0.003209210655235211,0.12519376240315172
2017-07-05,0.00253949114697039,0.0022413557240488075,0.0002981354229215824,-0.09046331623257053
2017-07-06,0.007546082021237615,0.0019901063222839827,0.005555975698953631,0.05376198057493175
2017-07-07,-0.004363494255948974,-0.0007703193303005634,-0.00359317492564841,0.1313252867009
2017-07-10,0.0029481199107544665,0.003080048980955173,-0.00013192907020070574,-0.08203274952648572
2017-07-11,0.0061057755714491405,0.001092556088244536,0.005013219483204606,-0.2170033759888224
2017-07-12,-0.003697939077672241,-0.0022642483516541988,-0.0014336907260180426,0.024789902942552688
2017-07-13,-0.011108611411009332,-0.006775441021270222,-0.00433317038973911,-0.1728672212549913
2017-07-14,0.0012281680906982982,-0.0005736518569087823,0.001801819947607081,-0.18457190314155286
2017-07-17,-0.01300856931418714,-0.009781644201648024,-0.0032269251125391224,-0.11114854032909768
2017-07-18,-0.014938356864348419,-0.007793465213100599,-0.00714489165124782,-0.0823003142466277
2017-07-19,-0.007772406545410344,-0.002332984082669869,-0.0054394224627404755,-0.10642184699988827
2017-07-20,-0.005424811889726681,-0.0030765134011688762,-0.002348298488557805,0.16285040931190284
2017-07-21,-0.009349873367895455,-0.006127377083670331,-0.003222496284225121,0.32888881428960276
2017-07-24,0.010576052379252486,0.005534192875853368,0.005041859503399116,0.18658197583851005
2017-07-25,0.017897539694551254,0.009008245181873577,0.00888929451267768,0.17325109419666343
2017-07-26,0.013319593401195038,0.0043146554910164225,0.009004937910178618,0.03501782164143438
2017-07-27,0.010020433625376853,0.00664258331717529,0.0033778503082015666,0.0781867782726042
2017-07-28,0.0017201505771980844,0.00022038039835203327,0.0014997701788460507,0.0912562980152753
2017-07-31,0.0037334668148038723,0.0006718817477584381,0.0030615850670454342,0.08926840965115167
2017-08-01,0.004526332637017291,0.004941683006704164,-0.0004153503696868732,0.21297401083123194
2017-08-02,0.004132073360306708,0.0025962313443723354,0.0015358420159343727,0.15001460825817248
2017-08-03,0.012179671156533296,0.009201608069765495,0.0029780630867678043,0.0023699962511707605
2017-08-04,0.00885124643002279,0.007036924242398667,0.0018143221876241217,0.04590057949683051
2017-08-07,0.0001277061188103023,-7.304867118834973e-05,0.0002007547899986516,0.08034957015236444
2017-08-08,0.002723079611931762,0.0036938062727543304,-0.0009707266608225719,-0.0183591314280934
2017-08-09,0.004233832192896054,8.958913903443343e-05,0.00414424305386162,0.14495027699548224
2017-08-10,-0.0010190517883178537,0.0011251450899869633,-0.0021441968783048188,0.01997593111394617
2017-08-11,0.007378940744988178,0.004065087454561096,0.0033138532904270837,0.14090576120716097
2017-08-14,0.0009194297754118936,0.0011649539758609023,-0.0002455242004490085,-0.045203488042416064
2017-08-15,0.007084742428766805,0.003382541644052016,0.00370220078471479,-0.023833790106167867
2017-08-16,-0.0024170474527354,0.0009099310602490758,-0.0033269785129844756,0.1558619541296631
2017-08-17,-0.0012448826034309368,0.0013347307837064115,-0.0025796133871373514,0.12921454839710841
2017-08-18,0.008030547165288884,0.003647111976703908,0.004383435188584976,-0.09555925244188443
2017-08-21,0.006348440855165783,0.0021235928064322566,0.004224848048733526,-0.0017680162003980173
2017-08-22,-0.005264527355343293,-0.0012290986833969862,-0.0040354286719463065,-0.019943804178674963
2017-08-23,-9.55966578591557e-05,0.0005596491872414259,-0.0006552458451005807,0.051282631222440006
2017-08-24,-0.0011075187893301642,0.000610853820459866,-0.0017183726097900307,0.21194101063914728
2017-08-25,0.0028326876335154636,0.0019027817876492111,0.0009299058458662518,0.09860330693138
2017-08-28,0.011422918989554498,0.005167151046179354,0.0062557679433751425,0.005270045257230627
2017-08-29,0.0054451758619042875,0.0014353066382777717,0.004009869223626516,-0.3037392898354939
2017-08-30,0.0005077864725244203,0.000566410547801606,-5.862407527718744e-05,-0.15979548281726477
2017-08-31,-0.020760410039973514,-0.008868657507739554,-0.011891752532233964,0.014336434407118405
2017-09-01,-0.009480229085157953,-0.0029325324498345046,-0.006547696635323452,0.20255805297259535
2017-09-04,0.0009332352563720471,-0.0033151712891207755,0.004248406545492822,-0.44029224894582375
2017-09-05,0.009839898861536463,0.004901383170369438,0.004938515691167022,-0.17791073455432416
2017-09-06,-0.026467069329677212,-0.011434926744428177,-0.015032142585249032,-0.03910907497848574
2017-09-07,-0.011177538139147685,-0.0063035473699254085,-0.004873990769222278,0.19732482285017672
2017-09-08,-0.0022376458561238245,-0.0008099786303460456,-0.0014276672257777807,-0.08446789593599308
2017-09-11,0.01147560434762811,0.004808914867463457,0.006666689480164651,0.26087646948918697
2017-09-12,-0.00531796371833141,-0.0028010051483227764,-0.002516958570008634,-0.027737774087933754
2017-09-13,0.017477140041734916,0.00828370529975498,0.009193434741979933,-0.003843805210892631
2017-09-14,-0.0013744882100813279,-0.0011507335920037777,-0.0002237546180775497,0.055145251783812195
2017-09-15,-0.00020494966133334676,-0.0015839190491650406,0.0013789693878316946,-0.32176087395346603
2017-09-18,0.0029817106173122276,-5.5338618581712916e-05,0.0030370492358939415,0.2635550891230326
2017-09-19,-0.022088977661909332,-0.01049461580967136,-0.011594361852237976,-0.1667487223226903
2017-09-20,0.017134779201389984,0.006500417185608365,0.010634362015781613,0.22869742978276728
2017-09-21,-0.0111446167203808,-0.0054831351495927515,-0.00566148157078805,0.023491653409678293
2017-09-22,0.011647253824160406,0.005588273949235183,0.006058979874925224,0.1780357387089418
2017-09-25,0.0014732494348911646,-0.002525846633740513,0.003999096068631677,-0.19178545504216812
2017-09-26,0.012047723614993311,0.002964358612046584,0.009083365002946731,-0.1092180049906088
2017-09-27,-0.010369106083343748,-0.0025998895673256597,-0.007769216516018088,-0.16543011247870462
2017-09-28,-0.006445957159036158,-0.0028408374752303387,-0.0036051196838058188,0.09482457133320991
2017-09-29,-0.009999110861294647,-0.006623166031000181,-0.003375944830294471,-0.001163888459235211
2017-10-02,0.005685939772485412,0.00129145154373979,0.004394488228745621,-0.003942266887941791
2017-10-03,-8.518650571391574e-05,-0.0023121995669563786,0.0022270130612424633,-0.05050195356934715
2017-10-04,-0.00021038323813527752,0.00048582723480036956,-0.0006962104729356464,-0.16580307799624772
2017-10-05,-0.0025406491406514964,-0.00048334371082519624,-0.0020573054298262997,0.09446849233658022
2017-10-06,-0.008211124042219315,-0.0017925439169692824,-0.006418580125250029,0.045936210080278685
2017-10-09,0.004220208240218629,0.0013918530945347032,0.002828355145683925,0.10532950773949182
2017-10-10,0.0018471020939603237,0.00023214278781271186,0.001614959306147612,0.19695224886920562
2017-10-11,0.005119730621667368,0.0012977120796770006,0.0038220185419903675,0.01608226538984462
2017-10-12,0.010713315117416996,0.003812596057825692,0.006900719059591304,-0.1781228770734359
2017-10-13,0.0008379286392702972,0.00011171868801933358,0.0007262099512509636,-0.05400701651499744
2017-10-16,-0.00878527448584273,-0.0022267817553769925,-0.006558492730465736,0.0015226191984746133
2017-10-17,-0.002976933866776078,-0.0006930210081837205,-0.0022839128585923564,0.07275816414253676
2017-10-18,7.379731579434555e-05,-0.0008817889362144533,0.0009555862520087984,0.04905547387138256
2017-10-19,0.0036366955313238006,0.0009101634446236212,0.002726532086700179,-0.1574809707934471
2017-10-20,0.0025252714884777486,0.0025944245867025404,-6.915309822479176e-05,0.021164236061370197
2017-10-23,-0.008221792460569277,-0.0018885866460106203,-0.006333205814558659,-0.1339784013425167
2017-10-24,0.0010506931726960485,0.0006605506660522214,0.0003901425066438289,-0.02300620403302373
2017-10-25,-0.006548872892489115,-0.0025339932198855334,-0.004014879672603581,-0.18335053078417718
2017-10-26,-0.0012094470879326757,-0.0008399173065452431,-0.0003695297813874326,0.08518677768929415
2017-10-27,-0.012602698592836917,-0.007482487342706588,-0.005120211250130329,-0.15487069140896056
2017-10-30,0.004878337542535632,0.0005119624676872096,0.004366375074848423,-0.20764924516651895
2017-10-31,-0.01184904001975327,-0.00503275916696358,-0.006816280852789687,0.12584838009409
2017-11-01,-0.011643357892958424,-0.0046995600623213375,-0.0069437978306370884,0.08537211082328569
2017-11-02,0.007383741009128442,0.0019412544265898172,0.0054424865825386266,0.03951554782662471
2017-11-03,0.005241330384929885,0.000642767755053922,0.0045985626298759635,-0.039815807564388954
2017-11-06,0.0019764859763632776,0.003337445592691817,-0.0013609596163285421,0.003343167820733705
2017-11-07,-0.0018628999538688688,-0.001185408987999133,-0.0006774909658697355,-0.1275101643820253
2017-11-08,0.0001725901543046798,-0.0002771591798645936,0.000449749334169274,0.07952060108603817
2017-11-09,-0.006677428363293781,-0.0028946989683409224,-0.0037827293949528554,-0.051466245982701865
2017-11-10,0.004493505012640283,0.00024233101843290552,0.004251173994207377,-0.018774559680518523
2017-11-13,-0.0025582785911658365,-0.0006732876515119805,-0.001884990939653857,0.09024923184132516
2017-11-14,-0.0010372255565611935,-0.001424283402393537,0.0003870578458323483,0.004376486099103999
2017-11-15,0.004874435682943158,0.001657454106180989,0.003216981576762169,-0.20424968667252286
2017-11-16,0.00019664828211247293,-0.0013556426091981648,0.0015522908913106342,-0.08907441123750692
2017-11-17,-0.017141046443592663,-0.007068841124440117,-0.010072205319152545,-0.15411051221997654
2017-11-20,-0.006103947525451367,0.0003456256233538794,-0.006449573148805251,0.16946364962163324
2017-11-21,-0.011851230029053854,-0.004619357220795605,-0.007231872808258252,-0.014155210407596298
2017-11-22,0.009492942275889293,0.005711050258136893,0.0037818920177523987,0.2799195903670782
2017-11-23,-0.0007279451821441585,0.0008498173691287849,-0.0015777625512729434,0.15129694744508287
2017-11-24,0.017149124213299026,0.0079784586645323,0.009170665548766726,0.029524282154639498
2017-11-27,0.007690807939415285,0.0023581496502859114,0.005332658289129375,0.21644545158841208
2017-11-28,0.0017059315423090817,-0.0002812657270560761,0.0019871972693651582,0.017267026206823667
2017-11-29,0.012627325837430111,0.0058656174885612054,0.006761708348868908,0.1886352301401454
2017-11-30,0.0010506331268658776,0.003518814868946528,-0.0024681817420806485,-0.0848082723954352
2017-12-01,0.011579361950929424,0.004253833149080245,0.007325528801849177,-0.12018336700862144
2017-12-04,-0.0056458002241989505,-0.0034306828505684082,-0.0022151173736305423,0.06112489552691884
2017-12-05,-0.007341331852185219,-0.0028062439053024406,-0.004535087946882777,0.07619279544319628
2017-12-06,0.003550126313649747,0.0020842212063660196,0.0014659051072837266,0.14216468341534486
2017-12-07,0.004477039181138421,0.0008920930028528257,0.003584946178285593,-0.2663523332749402
2017-12-08,0.00774229111456768,0.0033132398804755787,0.004429051234092101,0.12975664925087146
2017-12-11,-0.017754693852445425,-0.008267826623597575,-0.009486867228847848,0.006694038306944616
2017-12-12,0.00645717278727422,0.0032204239642981275,0.003236748822976091,-0.060322027116356744
2017-12-13,0.00036703589733006435,-0.0009813335543178443,0.0013483694516479086,0.08819557138081763
2017-12-14,-0.0037829124383702284,-0.003173233730582606,-0.000609678707787623,0.11883838007698047
2017-12-15,0.0048038182611614185,0.003685231492254762,0.001118586768906657,-0.18174162161670102
2017-12-18,0.006723914001384213,0.0021118215837458475,0.004612092417638364,0.07420800295325186
2017-12-19,-0.009519220365422817,-0.005933433542431201,-0.003585786822991618,-0.02139272131940715
2017-12-20,0.003566751571960355,0.000891198676472563,0.002675552895487791,0.35487351133312445
2017-12-21,-0.0014871227690681325,-0.001901500479512483,0.0004143777104443497,0.10129260441108714
2017-12-22,0.019180953711878154,0.007938234082425333,0.011242719629452825,0.291826399426526
2017-12-25,0.0056641615365436195,0.0031449354498455182,0.002519226086698101,-0.01698754695180175
2017-12-26,0.018417993646435774,0.007853656557143292,0.010564337089292483,-0.04518247424962973
2017-12-27,-0.0009589736406494915,-0.001599780709416061,0.000640807068766569,0.12965575229706924
2017-12-28,-0.002900608977120948,-0.004261774022139422,0.0013611650450184726,-0.16717979266542246
2017-12-29,0.006114930801779073,0.0024325583952876173,0.0036823724064914565,-0.1848899960966519
2018-01-01,-0.008591628023352702,-0.004424499895376813,-0.004167128127975889,0.026940332490537833
2018-01-02,-0.01337625497171958,-0.007174617184872337,-0.006201637786847243,-0.10599943203861356
2018-01-03,0.0017462607047076138,-0.0014453490404328587,0.0031916097451404734,-0.11229874066871963
2018-01-04,-0.007500136897257402,-0.006545852702352528,-0.0009542841949048732,-0.1513745440554083
2018-01-05,-0.0060963806665245545,-0.0030051997659427745,-0.0030911809005817782,0.0670797681398425
2018-01-08,-0.009910620693429717,-0.008070086764617495,-0.0018405339288122217,0.1592454016534807
2018-01-09,0.0034503093319020626,0.0020852141591357724,0.0013650951727662841,0.06109918243355441
2018-01-10,0.007418491080918367,0.004016242561761911,0.0034022485191564557,0.07264491894815127
2018-01-11,0.0032495909226248334,0.0025415820314243394,0.0007080088912004949,-0.06542868981850915
2018-01-12,0.0034020285825844985,0.003334328793910689,6.769978867380883e-05,0.012657200142935105
2018-01-15,-0.0029426294932098796,-0.002880773397821588,-6.185609538829351e-05,-0.12690798216365518
2018-01-16,0.0006107965148037291,-0.0032069789100158466,0.0038177754248195743,-0.008183862056876167
2018-01-17,-0.006614235268968487,-0.004892102795432684,-0.001722132473535802,0.0015950894894908472
2018-01-18,-0.0004941714179243187,-0.0010090962834878418,0.0005149248655635227,-0.05010561346703144
2018-01-19,7.806471466938148e-05,0.0005353231971485725,-0.0004572584824791906,0.11195801712219468
2018-01-22,-0.00261382171888577,-0.002617200795198945,3.37907631317233e-06,0.09474911627302006
2018-01-23,0.005106504226582436,0.0033354364702601613,0.001771067756322275,0.061884783061181864
2018-01-24,0.004672734409510333,0.0026607473410798312,0.0020119870684305024,0.0517687065667884
2018-01-25,0.0027063218688889897,0.0030192738907476417,-0.00031295202185865206,-0.1009969739529995
2018-01-26,0.0024013271073242293,0.00020098913104384586,0.002200337976280383,0.07610852967224693
2018-01-29,-0.004673551314445109,-0.0036677633611300123,-0.0010057879533150963,-0.1777497260041086
2018-01-30,0.0037156090956335687,0.0020203456412422743,0.0016952634543912944,-0.11037804673931237
2018-01-31,-0.008886272281517234,-0.006663453232058428,-0.0022228190494588042,0.06421583392079913
2018-02-01,-0.006566712758315393,-0.002182109031412718,-0.004384603726902674,0.12015009344531298
2018-02-02,0.00286049822325209,0.002508917915289219,0.0003515803079628711,-0.03119440458714395
2018-02-05,0.005813492989485599,0.0035645186851022102,0.002248974304383391,0.2074229101898875
2018-02-06,-0.0015413513574597856,-0.0018503642772197508,0.0003090129197599657,-0.044200275114423385
2018-02-07,0.010975052950428103,0.005154340588615495,0.005820712361812608,-0.05780879020184516
2018-02-08,-0.0024704543309791707,-0.0006345121668666076,-0.001835942164112564,0.20241894942182503
2018-02-09,-0.002881735005144427,0.0005797420079127055,-0.003461477013057131,-0.06567467100549863
2018-02-12,0.00873991835598371,0.004183044679441028,0.0045568736765426825,0.13299734237487498
2018-02-13,-0.0028057194431729167,-0.00135786434870281,-0.0014478550944701067,-0.2195445579285933
2018-02-14,0.007077580109338728,0.0006974384576227712,0.006380141651715958,0.1805095073023155
2018-02-15,-0.012927571005622147,-0.006774234405381815,-0.0061533366002403285,0.1451031169060635
2018-02-16,0.00908876751758796,0.005498721111544265,0.0035900464060436964,0.13121875091771082
2018-02-19,0.006346071092824092,0.0044177678749983875,0.001928303217825703,0.13028077568052707
2018-02-20,0.005777629682764993,0.002433290697569367,0.0033443389851956253,-0.04891697568703367
2018-02-21,0.004972387945125301,0.002134791709461554,0.0028375962356637485,0.04045851154795507
2018-02-22,-0.0019295656054801413,-0.0005241546810455283,-0.0014054109244346132,-0.08800340147604971
2018-02-23,0.001421525871369539,0.0006546287888447751,0.0007668970825247638,0.1674936148579205
2018-02-26,-0.004590507067563452,-0.003723809242493638,-0.0008666978250698142,-0.12575158728078747
2018-02-27,0.007549766359870284,0.004444108550797561,0.0031056578090727233,0.07063738527189624
2018-02-28,-0.007197918072641222,-0.005619758179629744,-0.0015781598930114799,0.06379000805103327
2018-03-01,0.0037348777763414236,0.0022885441526003026,0.0014463336237411214,-0.2878896499647815
2018-03-02,0.0030701396065449943,0.001782140737458619,0.001287998869086376,-0.16927109177195285
2018-03-05,-0.021350376779319988,-0.01036183777731138,-0.010988539002008621,0.15555384981969197
2018-03-06,-0.013504608085700281,-0.005684617396005962,-0.007819990689694318,0.054710127954065144
2018-03-07,0.009516959182678478,0.005479168307359641,0.004037790875318839,0.22203106071626946
2018-03-08,0.0035537480152495046,0.0028388987018784333,0.0007148493133710722,0.020112224251896335
2018-03-09,0.01501182415780287,0.00594251786390699,0.00906930629389588,0.20355567008759512
2018-03-12,0.0013063212859697035,-4.8977238027082814e-05,0.0013552985239967882,0.23674565756046603
2018-03-13,0.012842753562530654,0.007085959771837427,0.005756793790693226,-0.08879088091335198
2018-03-14,0.011187324428429742,0.005544657785272043,0.005642666643157698,0.05737332859722211
2018-03-15,-0.0049360255222718925,-0.0005948901610067399,-0.004341135361265156,-0.15212317204500053
2018-03-16,0.0026787043395177738,0.00023845664980965905,0.0024402476897081153,0.10513555884123049
2018-03-19,-0.0092457065197035,-0.004777461706629867,-0.004468244813073632,-0.00911300126886424
2018-03-20,0.005935699645021738,0.0013139418447242956,0.004621757800297443,0.018184909551571933
2018-03-21,-0.0005112255552941168,-0.0011576161605207271,0.0006463906052266103,0.19471231193043975
2018-03-22,0.0009498602444237727,0.0003171378201296624,0.0006327224242941073,0.11159993696929502
2018-03-23,0.008921994702361878,0.003689092537210923,0.0052329021651509565,0.24133787761949707
2018-03-26,0.005079712085808324,0.001584870344500812,0.0034948417413075104,0.05187093745616366
2018-03-27,0.012760292358386448,0.0064130146253662396,0.006347277733020205,-0.14204607525439794
2018-03-28,0.003146441392704152,0.0020659611395231134,0.0010804802531810386,0.060597313852949586
2018-03-29,-0.009169735389551193,-0.00659347231462277,-0.002576263074928424,-0.0613551084648006
2018-03-30,0.0032667180036363083,0.002732996088048299,0.0005337219155880086,-0.04615379338814055
2018-04-02,-0.002848096814991308,-0.001554243237950434,-0.0012938535770408736,0.10448041090111987
2018-04-03,-0.002357773985150181,-0.001215525766504762,-0.0011422482186454195,0.16962296802524482
2018-04-04,0.005392630578992001,0.0017861059395697203,0.0036065246394222823,0.009014760830750163
2018-04-05,0.008961162468679017,0.0019501854128960334,0.007010977055782984,0.06501592231070169
2018-04-06,0.0005162504959524555,0.0014096780501365997,-0.0008934275541841441,-0.09598153408985444
2018-04-09,0.0036669269747453145,0.0013061852033303713,0.002360741771414942,0.05130269203379228
2018-04-10,-0.006283394004952619,-0.0018725055352527536,-0.004410888469699866,0.04793525452185752
2018-04-11,0.0036599802746940116,0.0010851699436695231,0.00257481033102449,-0.045203007590680376
2018-04-12,0.003248701974787223,0.002149996538718696,0.001098705436068527,0.08308807623172872
2018-04-13,-0.0026489270966291055,-0.0018747156818226252,-0.0007742114148064812,0.0374384979377811
2018-04-16,0.004594182869637899,0.0014097378805786461,0.003184444989059252,-0.1352496852022572
2018-04-17,0.002319998903112209,-0.0001821373082443803,0.002502136211356594,-0.06337889531156021
2018-04-18,-0.008689098011301473,-0.006544929726807059,-0.0021441682844944134,0.11406959341189231
2018-04-19,-0.0033403070758006755,-0.0021741828829753215,-0.001166124192825354,0.10171427944329356
2018-04-20,0.0064851329283190165,-0.0005380814962503439,0.007023214424569361,0.08807125376179273
2018-04-23,0.005777040958226648,0.0017907904784553279,0.00398625047977132,0.019264474122708274
2018-04-24,0.004859738334896001,0.0006330637488087647,0.004226674586087236,-0.08498321882905345
2018-04-25,0.0011065934300020827,0.0001605618970395989,0.0009460315329624797,0.18120853651807892
2018-04-26,-0.004092999098353991,-0.0017806054962573627,-0.002312393602096627,0.1900672014879372
2018-04-27,0.010165535750503983,0.0017318047117600632,0.008433731038743925,-0.0035699278052533164
2018-04-30,0.010406004949462061,0.003999264380171926,0.0064067405692901334,-0.06517986716889573
2018-05-01,-0.0001851088614119574,-0.00113352733902313,0.0009484184776111719,-0.04597096192607686
2018-05-02,-0.003646404118963756,-0.0012880098449502483,-0.002358394274013508,0.056746699082568325
2018-05-03,-0.0021619801371945274,-0.000301720888302626,-0.0018602592488919014,0.023223749937635884
2018-05-04,0.0024988720472350467,0.0005257425445423977,0.0019731295026926493,0.10659203938613529
2018-05-07,0.0010046330059167842,0.0005429488875636872,0.00046168411835309855,-0.11830374393636521
2018-05-08,0.005527536239399249,0.002630763585823998,0.002896772653575252,0.1531235310777738
2018-05-09,-0.0066874043108319315,-0.0014958262525873926,-0.005191578058244539,-0.1469092334362771
2018-05-10,0.0069591896497362745,0.004295798250541606,0.002663391399194667,-0.05502413346594731
2018-05-11,-0.006487481683129087,-0.002183993567902418,-0.004303488115226668,0.12927199019453559
2018-05-14,-0.0022344690413592795,-0.0005886214791427534,-0.0016458475622165266,0.0035295541861624325
2018-05-15,0.005723426533376711,0.002109915155275351,0.00361351137810136,-0.18493979299484084
2018-05-16,0.00016459890478262205,0.0007501052243840851,-0.0005855063196014629,-0.03231475241815212
2018-05-17,-0.010181039747666557,-0.0015684567333942977,-0.008612583014272259,-0.02939337745848662
2018-05-18,-0.0017309996530072446,-0.0016755846124486867,-5.5415040558558747e-05,0.045497537463692846
2018-05-21,-0.0016086351045999326,-0.002269245899412145,0.000660610794812215,-0.16533699217793255
2018-05-22,0.002319372480098721,-0.00039108856998491554,0.002710461050083637,0.09144262246418773
2018-05-23,-0.00984446921883458,-0.004235347791599958,-0.005609121427234621,0.07333470899092964
2018-05-24,0.006241873253329431,-0.001065522646261607,0.007307395899591038,-0.14195908624548126
2018-05-25,0.003927037300254825,0.0022551972670916166,0.0016718400331632126,0.05393686205336476
2018-05-28,-0.007618367835678621,-0.0033337290718329533,-0.004284638763845671,0.0011522290841515155
2018-05-29,0.0026833012597026855,0.0021279062307698747,0.0005553950289328108,-0.21545627788353133
2018-05-30,6.0408377943752326e-05,0.0017711004512999764,-0.001710692073356225,0.05370151160969814
2018-05-31,-0.011313711450486014,-0.006271986613922958,-0.005041724836563056,-0.0779589702313081
2018-06-01,0.003100147417431565,-0.00024514311183482934,0.0033452905292663936,0.16104857360522098
2018-06-04,-0.004235862593447564,-0.0021598904346777394,-0.002075972158769824,0.11584468567490366
2018-06-05,0.008242613255896088,0.002431934117055834,0.005810679138840256,-0.022148977248970962
2018-06-06,0.0059238588456913335,0.002501101476060537,0.003422757369630796,0.32886870175723565
2018-06-07,-0.0011980577867449892,-0.001257158987203865,5.910120045887757e-05,0.033996928496917336
2018-06-08,0.018145830668603743,0.006530139143154407,0.011615691525449338,-0.1050485093993855
2018-06-11,0.0017038787143661958,0.0015714886654499835,0.00013239004891621182,-0.15031061854176384
2018-06-12,-0.005104157731535824,-0.0014601620086171618,-0.0036439957229186613,0.08504270750630294
2018-06-13,-0.007917103214612262,-0.004159310323947519,-0.0037577928906647414,0.051947543620215725
2018-06-14,0.00435172071331367,0.001413744021598936,0.002937976691714733,-0.0446727961360466
2018-06-15,0.003253080929657934,-0.0010191029096979455,0.00427218383935588,-0.0929291160031641
2018-06-18,-0.002639211199880217,-0.0027549935431212657,0.00011578234324104847,0.09393711860112734
2018-06-19,-0.00619902800731891,-0.004639057421261639,-0.0015599705860572695,-0.16527019565462917
2018-06-20,0.0060291331077849605,-0.00015967748163197605,0.006188810589416937,0.16841518160239433
2018-06-21,-0.012673692665641896,-0.00907997758355424,-0.0035937150820876604,0.005767135616990253
2018-06-22,0.008730474883307433,0.0052723278426974815,0.003458147040609951,0.20322197755888968
2018-06-25,0.0002806907808236797,0.0037861747889015064,-0.0035054840080778298,0.07443433136692439
2018-06-26,0.009417045622703887,0.005119056210262037,0.004297989412441847,0.06077465381358944
2018-06-27,0.003421657827393671,0.0011826899674145692,0.0022389678599791032,0.08329584551159565
2018-06-28,0.0028094251384182803,0.002996403555970733,-0.00018697841755245352,-0.11944997997389123
2018-06-29,0.004479297509085418,0.0036874862247592197,0.0007918112843261974,0.06902316522116964
2018-07-02,-0.0053549457727388615,-0.0008849531621489062,-0.004469992610589953,-0.018378549237926943
2018-07-03,0.004312197904175327,0.0054196296090425426,-0.0011074317048672157,-0.0463044883535717
2018-07-04,-0.001067810040330468,-0.0007434942766236397,-0.00032431576370682905,0.034147465464637226
2018-07-05,-0.0026802867056133386,0.0007053908817172619,-0.0033856775873306005,-0.016578324936366864
2018-07-06,0.0021000955716368834,0.0026128916305982186,-0.0005127960589613352,0.12164812128553336
2018-07-09,-0.0008932579857493933,0.0003761051599125709,-0.0012693631456619642,0.15174857662371327
2018-07-10,0.009990101829626553,0.003916239950988436,0.006073861878638117,0.05396561337231342
2018-07-11,0.011506250840681905,0.00403114222012479,0.0074751086205571155,-0.14161905245904438
2018-07-12,0.003913500555758127,0.0008691700990326222,0.0030443304567255042,-0.12805319612645766
2018-07-13,-0.00798835721011238,-0.002301313021978301,-0.005687044188134081,0.007424441147167129
2018-07-16,-0.008364071201925857,0.0008471407858433623,-0.009211211987769218,0.06880305649569128
2018-07-17,0.0005423955739791778,0.001366725393679668,-0.0008243298197004971,0.042086981652548795
2018-07-18,0.0050845855283608386,0.0041259487925124,0.00095863673584844,-0.11632213336882045
2018-07-19,0.003483099681227034,0.0019713174230185163,0.0015117822582085168,0.04154674206669024
2018-07-20,-0.01231512932460142,-0.005339510823791971,-0.006975618500809452,-0.1503015661970301
2018-07-23,0.002950257298023811,-0.0018874957993537111,0.004837753097377523,0.35229242086343615
2018-07-24,-0.010830729114647168,-0.0030432575770098468,-0.007787471537637321,0.31913745708763575
2018-07-25,0.03087656340273047,0.012574196868963923,0.018302366533766542,0.14853497136919763
2018-07-26,0.026433578293285756,0.011490426106755578,0.014943152186530178,0.1101953885566761
2018-07-27,0.009536459891525944,0.0028291628608048576,0.006707297030721086,-0.057984134599200175
2018-07-30,0.0070349632724604795,0.0017558986253693246,0.005279064647091155,0.011423960755513447
2018-07-31,-0.0037433147975082246,-0.0022784761401125585,-0.001464838657395667,-0.15678499357480732
2018-08-01,0.0007636147377625032,0.0001996935495831815,0.0005639211881793221,0.06841138783013809
2018-08-02,-0.009483100698750059,-0.004531421025396847,-0.004951679673353212,0.0601276009990101
2018-08-03,0.00490470017291398,0.0006898536344600095,0.00421484653845397,0.1382966023988443
2018-08-06,0.004761746015262184,0.0009710146697581483,0.0037907313455040345,0.12878044825681897
2018-08-07,0.00992929584228103,0.005976428307346276,0.0039528675349347585,0.16372450285011292
2018-08-08,0.009467574242064536,0.003256505760889346,0.006211068481175191,-0.07295556002099512
2018-08-09,0.011717218660353478,0.005424268307639065,0.006292950352714415,-0.20503630861908534
2018-08-10,-0.00422386954697863,-0.002227687905444354,-0.00199618164153428,-0.09366735124526884
2018-08-13,-0.012130732823556131,-0.004304119171664615,-0.007826613651891516,0.033215315817526056
2018-08-14,-0.006594136535485972,-0.002648545816451872,-0.0039455907190340984,-0.0018172856944290718
2018-08-15,0.0022561926522884166,-9.447346780969493e-06,0.0022656399990693844,-0.015645458030931297
2018-08-16,-0.00012271638771414837,-0.0005549426304353716,0.0004322262427212233,0.015010499213040778
2018-08-17,-0.0014086246215908246,0.0014187103432688752,-0.0028273349648596994,0.026465621373655837
2018-08-20,0.001116281289178699,0.0007730996354116089,0.00034318165376709007,0.07628704520240193
2018-08-21,0.001981086925821418,-0.0009475989876534818,0.0029286859134749,0.10395955057883212
2018-08-22,0.0057617674346413655,0.003085489081895855,0.002676278352745507,0.10429961458947577
2018-08-23,0.007492916730167961,0.0032427900747512765,0.0042501266554166835,0.07979364510412035
2018-08-24,0.006846838982734903,0.004702102306532084,0.0021447366762028216,-0.03628548930320267
2018-08-27,0.00507836433772876,0.002671792794775165,0.0024065715429535985,0.03045432385748329
2018-08-28,-0.0024237181588676496,0.0021317806991451825,-0.0045554988580128325,0.044929666107675154
2018-08-29,0.0021500119658515488,0.0006224223853250549,0.0015275895805264951,0.004153121021162958
2018-08-30,0.002848118164101748,0.0012333179877225993,0.0016148001763791487,0.11810581375027829
2018-08-31,0.00030582053108185855,0.0011201164014221447,-0.0008142958703402873,0.013350990277264566
2018-09-03,0.009379956040882133,0.004607922454754571,0.004772033586127558,0.043211747249959756
2018-09-04,0.0008833577146585402,-0.00018208212605732958,0.0010654398407158715,0.07420781971763758
2018-09-05,0.00296221236722167,0.000148606230378788,0.0028136061368428805,-0.063619226507238
2018-09-06,0.006205967937923865,0.0008041055773804814,0.005401862360543385,0.1563655051177728
2018-09-07,-0.006056255542335421,-0.0076475198333766994,0.0015912642910412764,0.002601932434138102
2018-09-10,0.012465216694712188,0.005225838292796898,0.007239378401915289,0.029554312000098466
2018-09-11,0.0002077444321431747,-0.00024910342507745986,0.00045684785722063803,0.1244764887443795
2018-09-12,0.002191576733246582,0.001967215583053239,0.00022436115019334318,0.25408358503976647
2018-09-13,0.008598337451208644,0.003573817421443843,0.005024520029764802,-0.08117796126307135
2018-09-14,0.015698050254347815,0.005580921684290556,0.01011712857005726,-0.0811039745509784
2018-09-17,-0.004088136067515614,-5.556178582814125e-05,-0.004032574281687476,-0.08533866995010204
2018-09-18,-0.005125547793600848,-0.002599049856858408,-0.0025264979367424383,-0.2069486279023313
2018-09-19,-0.00465488208558065,-0.000437063365707804,-0.004217818719872847,0.12691903438091176
2018-09-20,-0.010327874023229239,-0.002622924074827504,-0.007704949948401735,-0.08242395397157697
2018-09-21,0.007673474537866407,0.0028118049816197414,0.004861669556246666,0.1619368318658613
2018-09-24,-0.006076323379011024,-0.003605824381614789,-0.0024704989973962366,-0.011393288023374432
2018-09-25,0.013615298085646935,0.003445126064223158,0.010170172021423778,0.005810163838473448
2018-09-26,-0.0006491193171220266,0.0003522751295097354,-0.0010013944466317586,0.08155562526838209
2018-09-27,0.00035049308251368393,-0.0008621522209705723,0.001212645303484256,0.20931827936828562
2018-09-28,0.005411002281528802,0.0010371935201193665,0.004373808761409435,-0.06442488115603222
2018-10-01,0.014101448273855476,0.005170022544099757,0.00893142572975572,-0.043656652899395305
2018-10-02,-0.003423305595644361,-0.0009347871031099401,-0.002488518492534418,-0.1300663021604332
2018-10-03,-0.002199088367262206,-0.00017825432354586185,-0.0020208340437163448,-0.04330629415270514
2018-10-04,-0.006685000103014227,-0.002361090732385471,-0.004323909370628757,-0.019573019997696568
2018-10-05,-0.0026676091059228773,-0.001703618234223975,-0.0009639908716989019,-0.12853046189989933
2018-10-08,-0.0011170225269924068,-0.0009550764902887573,-0.00016194603670365015,0.1215229721092996
2018-10-09,-0.008737781171162149,-0.006520169668159992,-0.002217611503002155,0.0011943325141097797
2018-10-10,0.0073149638602409296,0.0021346366692834573,0.005180327190957474,0.016492530127909206
2018-10-11,7.051986023418402e-05,-0.0014537480910505297,0.0015242679512847141,-0.03183403677348763
2018-10-12,0.001060164277938104,7.51103904392883e-05,0.0009850538874988171,0.09273531780930386
2018-10-15,-0.0019474253091992587,-0.0007801422096739806,-0.0011672830995252785,-0.1733725806487622
2018-10-16,0.004277659745731211,0.003913460329550172,0.00036419941618103663,0.25375159623779997
2018-10-17,-0.008857538182334757,-0.004473176932773923,-0.004384361249560834,-0.06113905783797153
2018-10-18,0.013873587339266953,0.0079044278455156,0.005969159493751352,0.01894860152991034
2018-10-19,-0.0034649910845504436,-0.004293630197148381,0.000828639112597937,0.18020872867988452
2018-10-22,0.0010667764641203747,0.0017265020102441749,-0.0006597255461237999,0.12367578195792205
2018-10-23,0.009285277829257105,0.0023813687051081954,0.006903909124148911,0.23470831010740198
2018-10-24,0.0059525666834656195,0.003821383472817923,0.0021311832106476972,0.1260836868449115
2018-10-25,0.011581937482061556,0.0034351210218980036,0.008146816460163553,-0.02353550308907776
2018-10-26,0.006233313676864177,0.0031997965623728787,0.003033517114491296,-0.03865613658764509
2018-10-29,-0.0012896839853391113,0.0011386636089117368,-0.002428347594250848,0.11987643878360424
2018-10-30,-0.0021487104245776936,-0.0019144145671818567,-0.00023429585739583557,-0.04044281321603866
2018-10-31,0.006824501723591691,0.0022486601822732377,0.004575841541318453,-0.05421629894752263
2018-11-01,-0.0021371382223242027,-0.0006435471211525294,-0.0014935911011716716,0.18072963215520227
2018-11-02,-0.002947040342600802,-0.0015200940095580536,-0.0014269463330427463,0.18472644712210462
2018-11-05,0.009212802381994066,0.005414728824362652,0.0037980735576314123,0.15520458185941138
2018-11-06,0.00991290456527942,0.0037532729623100452,0.006159631602969375,0.13257894718337965
2018-11-07,0.008121399643567354,0.002423338466122518,0.005698061177444834,0.006902590383801636
2018-11-08,0.00676204101031717,0.0007086896088651469,0.006053351401452023,-0.11093562991086663
2018-11-09,0.0003508023828540114,0.000625519248110282,-0.0002747168652562698,0.09246933950327815
2018-11-12,-0.006532003611308264,-0.0031735177201266326,-0.00335848589118163,-0.029532847078993823
2018-11-13,0.005114843598561398,0.0017125058713314961,0.0034023377272299022,0.02150904536021819
2018-11-14,-0.0014226312557336542,-0.0012033899091723702,-0.00021924134656128337,0.08414743155570018
2018-11-15,0.0010497546295814442,-0.00018703607871188577,0.0012367907082933296,-0.04312807119300319
2018-11-16,0.004390195303045072,-0.00044340399697333265,0.004833599300018404,0.12035372058675044
2018-11-19,-0.0025863391309525322,0.0013613369915941673,-0.003947676122546697,0.11293798513203052
2018-11-20,0.005723789427533765,0.00282357148130076,0.0029002179462330043,-0.07161293457273842
2018-11-21,0.0053866408660829595,0.0023091528535566534,0.003077488012526306,0.031041892153435984
2018-11-22,-0.0034759406591389815,-0.0030316981113060783,-0.0004442425478329015,-0.1883923320701289
2018-11-23,0.0013266703605616713,-0.0005008702087220844,0.0018275405692837563,-0.03943548919288984
2018-11-26,-0.011626603339410967,-0.008810457462471298,-0.0028161458769396658,0.027580578492820314
2018-11-27,-0.001703777800061869,0.0017622750311379904,-0.003466052831199858,-0.0060860075995219105
2018-11-28,0.001135617824308416,0.0017128236103380948,-0.0005772057860296796,-0.09303930422753823
2018-11-29,-0.00027431855306032807,0.000448807922046106,-0.0007231264751064344,-0.08417791002726065
2018-11-30,-0.004159587072837626,-0.003112102561691279,-0.0010474845111463481,0.13687861903037998
2018-12-03,-0.004010383494534014,-0.0010201858007950393,-0.002990197693738975,-0.07591661672972504
2018-12-04,0.005747092694727219,0.0015840233911594602,0.00416306930356776,-0.10629056675562111
2018-12-05,-0.00349872456993049,-0.0012308840847312479,-0.002267840485199243,0.013232702622652937
2018-12-06,-0.0048097183908621015,-0.0031930890384677686,-0.0016166293523943338,0.14481578199350859
2018-12-07,0.0007037039313510901,0.0007854141480269604,-8.171021667587389e-05,-0.2987602579081162
2018-12-10,0.007621673937196932,0.005728251431252,0.0018934225059449288,0.19353206202631618
2018-12-11,-0.02011418058620868,-0.007433454451712968,-0.012680726134495713,0.0204379032310498
2018-12-12,0.011883841337687873,0.005724701158340824,0.00615914017934705,-0.05757899193109597
2018-12-13,0.0010828394479781211,0.002457159105457055,-0.0013743196574789347,-0.05230381569150145
2018-12-14,-0.0029074209843847425,-0.0012601555969852414,-0.0016472653873995033,-0.1334888037138048
2018-12-17,-0.0027180255731189523,0.00033040343607286873,-0.0030484290091918158,-0.009012226732279941
2018-12-18,-0.006443267345926272,-0.0015385304999179896,-0.004904736846008282,-0.08484087024868135
2018-12-19,-0.00046335835795761096,-0.0005030936605959048,3.973530263829284e-05,-0.057732297298437416
2018-12-20,-0.003967736688360552,0.000542920025626727,-0.004510656713987278,0.10567499495373323
2018-12-21,-0.002768145864006431,-0.0024908938414750477,-0.0002772520225313834,0.13473316141202824
2018-12-24,0.005605724681904295,0.0037031655081545475,0.0019025591737497453,0.04583139618579895
2018-12-25,0.00696609678442215,0.0024026022874080624,0.004563494497014088,0.0489819563747216
2018-12-26,0.002539453541759267,0.0024545315358286014,8.492200593066511e-05,0.05812243565662305
2018-12-27,0.0025215155644717317,0.0005987266259013897,0.001922788938570343,-0.14896568807330351
2018-12-28,0.0034695041778291316,0.0018211444893378426,0.0016483596884912894,0.17911450014405075
2018-12-31,-0.009329793298831929,-0.0031999873910917853,-0.006129805907740143,0.1297913404795064
2019-01-01,0.009366924109042024,0.005607355591195205,0.003759568517846819,-0.09052398959032822
2019-01-02,0.008422122540474024,0.003716154418661259,0.004705968121812766,0.024987200713521115
2019-01-03,-0.00492078292004214,-0.000903800794394224,-0.0040169821256479145,-0.07099082734222414
2019-01-04,0.0015925797813129928,-0.00029472503621353827,0.001887304817526532,-0.01785548536848018
2019-01-07,-0.003951858693807467,-0.0007025838733861305,-0.0032492748204213384,0.06152520342728264
2019-01-08,-0.0008666659187113088,0.0002927211473586445,-0.0011593870660699538,0.04157507542200626
2019-01-09,0.0033171318415345786,0.002036667084312013,0.0012804647572225662,0.025937365459658374
2019-01-10,0.0021605626679731893,0.00156089195338871,0.0005996707145844819,-0.11169620706439574
2019-01-11,0.0014868789742839704,-0.0007966316487357543,0.0022835106230197242,0.11694124469915261
2019-01-14,-0.006485199367041186,-0.003089508027553041,-0.0033956913394881418,0.16905759362365613
2019-01-15,0.007192639235189573,0.0018527262707234288,0.005339912964466145,0.08779234852093884
2019-01-16,0.009559213524340212,0.003466756735529531,0.00609245678881068,-0.07963329967144933
2019-01-17,0.004062094791140248,0.0015852010935758646,0.002476893697564384,0.030543853577830765
2019-01-18,-0.004027061716378892,-0.0009593021242228529,-0.00306775959215604,0.061671187780315766
2019-01-21,0.0015291062891049237,0.002073167051009364,-0.0005440607619044378,-0.12421556735091246
2019-01-22,0.003067825568040374,0.0007919694743025276,0.002275856093737846,0.046655161513429515
2019-01-23,-0.006329211797033586,-0.0033609001005218842,-0.0029683116965117003,-0.21222241252469806
2019-01-24,0.0024609446408110063,0.000781978818845246,0.0016789658219657601,-0.13143326877151248
2019-01-25,-0.011987726550352545,-0.006097891888750668,-0.005889834661601879,0.10485280667859526
2019-01-28,-0.007492650649546525,-0.004210765666079557,-0.003281884983466969,0.2924770004237666
2019-01-29,0.006461301671760977,0.0026630156992097295,0.003798285972551243,-0.10071536624117473
2019-01-30,0.020851423780510817,0.0067797851074315706,0.014071638673079243,0.22824186092740387
2019-01-31,-0.005768740709166414,-0.0033286712658336885,-0.0024400694433327243,0.10220482940613192
2019-02-01,0.011748830076505172,0.005956883986016853,0.005791946090488317,0.02894534613702473
2019-02-04,0.006260612093346593,0.004511922146441706,0.0017486899469048869,-0.12853571830201005
2019-02-05,0.0014483609027257653,0.0011519557510897647,0.00029640515163600195,0.009630586574690072
2019-02-06,-0.0063332666869040126,-0.001452956614972068,-0.004880310071931944,-0.06774738059081649
2019-02-07,0.0005020100931992938,-0.0017205564445502248,0.002222566537749519,0.0653493377874272
2019-02-08,-0.0034230845508454177,-0.001288846333724756,-0.0021342382171206584,-0.0424100638923368
2019-02-11,0.004520831646959627,-0.0007464094542711953,0.005267241101230825,-0.020393163038947382
2019-02-12,-0.0023810521371875498,-0.0013151372236575223,-0.001065914913530027,-0.03447612000618207
2019-02-13,-0.0009943094192472943,-0.0017416584307628157,0.0007473490115155212,0.2410284490410034
2019-02-14,-0.001928029818739066,-0.0009162832792049807,-0.0010117465395340867,-0.1256532044765675
2019-02-15,0.01577929631911893,0.005632329974480995,0.010146966344637938,0.10834680425873404
2019-02-18,-0.0064707210637053505,-0.0020447709641480197,-0.004425950099557329,0.039323608963205435
2019-02-19,0.0050277446294842345,0.0005858077630941953,0.00444193686639004,0.047196411631913085
2019-02-20,0.0019703515056991236,-0.0011203786458647586,0.003090730151563882,0.008354283008467828
2019-02-21,0.0023816883082098442,0.0001106713125946816,0.002271016995615162,-0.2488855225946726
2019-02-22,0.0006153665666995835,0.0018511384319634533,-0.0012357718652638641,-0.17578015867819147
2019-02-25,-0.01602883312214194,-0.00814247860193742,-0.00788635452020452,0.00043462588836561957
2019-02-26,-0.012296079788750039,-0.005321816593948958,-0.006974263194801083,0.013988943907614047
2019-02-27,2.7096090044229776e-05,-0.0012870389697002896,0.0013141350597445194,-0.18488201137848706
2019-02-28,0.0006792746707041805,0.0010676721310416207,-0.00038839746033744044,0.006994718903506379
2019-03-01,-0.009625075320953776,-0.0033343558779933636,-0.006290719442960412,0.030081654623809358
2019-03-04,0.0003546274426876201,1.4172935064772803e-05,0.0003404545076228472,-0.09679943605507524
2019-03-05,0.001600658245235153,-0.0004504589959913232,0.002051117241226476,0.13154002560268527
2019-03-06,-0.004567549707659303,-0.0015846578786255089,-0.0029828918290337944,-0.16657241538013473
2019-03-07,0.00660830732709567,0.0021855834844636763,0.004422723842631994,-0.05243498804481244
2019-03-08,-0.008728391090143003,-0.005009909510530635,-0.0037184815796123677,-0.03163107000478712
2019-03-11,-0.002467386761661854,2.2621793244045115e-05,-0.0024900085549059005,-0.007833587767323607
2019-03-12,-0.0015346591189854782,-0.00041615450854757836,-0.0011185046104378996,0.09028323771513683
2019-03-13,-0.0003863348082396319,0.0017724930950378777,-0.0021588279032775087,-0.0016444247622136223
2019-03-14,0.004946391961845473,0.0018246317581730748,0.003121760203672396,0.07315038272434764
2019-03-15,-7.784778804685848e-05,0.002154751976222455,-0.002232599764269311,0.0031063406168790864
2019-03-18,0.0032322348344038664,0.002612470694999633,0.000619764139404233,0.09272168395451594
2019-03-19,0.0001475527780517836,-3.1925971370003886e-06,0.00015074537518878356,0.2803373418363898
2019-03-20,0.00414592916480435,0.0010289959234334285,0.0031169332413709208,0.18013400197272975
2019-03-21,0.016355860148237623,0.0062795436567985394,0.010076316491439082,-0.0741832802603512
2019-03-22,0.012870391592681085,0.003495548624061539,0.009374842968619547,-0.07819130094081145
2019-03-25,-0.0035347470801104994,-0.0006358613691000163,-0.0028988857110104826,0.0013953873263981987
2019-03-26,-0.003753139869603629,-0.0022653690918166608,-0.0014877707777869674,0.12278512353939415
2019-03-27,5.892522767663008e-05,0.0006147535337283567,-0.0005558283060517273,-0.04098986243908367
2019-03-28,0.005136799650767107,0.001310542807640415,0.0038262568431266927,0.11631789253711732
2019-03-29,-0.0018933519501031387,-0.0002986242368849068,-0.0015947277132182327,0.08389951943185234
2019-04-01,0.005401737881450663,0.003687718355701702,0.0017140195257489632,-0.05651314289488481
2019-04-02,0.0035877912029361196,0.0018484525261517348,0.0017393386767843846,0.010920676425050894
2019-04-03,-0.0021926850239842445,-0.00013897238972514388,-0.002053712634259101,-0.011075650996729934
2019-04-04,0.00047942477221060145,0.0007364947161383004,-0.0002570699439276994,-0.20464256814658474
2019-04-05,-0.00048046061975833606,0.0003496808114047782,-0.0008301414311631134,0.05771014953075185
2019-04-08,-0.0098915462833656,-0.003200289140884194,-0.006691257142481406,-0.172168732798494
2019-04-09,0.0025630885074697553,-0.00024792605898606157,0.002811014566455817,0.0516377691317126
2019-04-10,-0.008360140834850654,-0.003500972979839821,-0.004859167855010832,-0.1042921085192455
2019-04-11,0.002206588773640267,0.0013131392425800303,0.0008934495310602385,0.16087328139567478
2019-04-12,-0.004967187552396227,0.0003019096177390504,-0.005269097170135278,-0.017031716288748625
2019-04-15,0.008230548787336771,0.005792363471968053,0.002438185315368716,0.15898505331812365
2019-04-16,-0.0008364498789141732,0.0011586748279457967,-0.00199512470685997,0.042308637494316514
2019-04-17,0.008584602937403653,0.0022584487500086244,0.006326154187395026,0.04718409666929484
2019-04-18,0.0022831184732121177,0.0010566547032832847,0.0012264637699288348,-0.17102457482516734
2019-04-19,0.0026893444159813464,-0.001677447127849712,0.004366791543831055,-0.11579943052601456
2019-04-22,-0.009137198749652502,-0.0036902605235376463,-0.005446938226114854,-0.01677623338527115
2019-04-23,-0.0057823976345471526,-0.0001319070583059613,-0.005650490576241191,0.17234592641326335
2019-04-24,-0.0007725608734092237,-0.0006766065392999412,-9.595433410928243e-05,0.07884806162854538
2019-04-25,0.009807635472169871,0.0037828197677728164,0.006024815704397052,0.14742673378161555
2019-04-26,0.004433830754697243,-0.0007247700096127078,0.0051586007643099506,-0.11959536272268152
2019-04-29,0.007523225912267209,0.004473904702447888,0.003049321209819324,0.06645537906093406
2019-04-30,-0.006121490734363877,-0.0017500689838872603,-0.004371421750476619,-0.15872404883078534
2019-05-01,0.0036992539733151663,0.000458642622553301,0.003240611350761865,0.04305077545095098
2019-05-02,-0.009998156988793163,-0.004703798486252337,-0.005294358502540826,-0.042521739477352535
2019-05-03,0.002573584789869369,0.0019090504861224225,0.0006645343037469508,0.050121571171946815
2019-05-06,-0.002928448550921362,-0.00085892830751008,-0.0020695202434112808,0.13930215415696198
2019-05-07,0.002913130138949872,0.0004095877872696378,0.0025035423516802345,-0.20582192989868517
2019-05-08,0.008250876881676104,0.004285662406410772,0.003965214475265333,0.08316796511375783
2019-05-09,-0.010781006555733795,-0.0034782233631529607,-0.007302783192580833,-0.1286635916676021
2019-05-10,0.004801223967317714,0.0029588472325658244,0.0018423767347518897,-0.11098526557824694
2019-05-13,-0.007557804796081903,-0.0033805912170461255,-0.0041772135790357785,-0.023115660239140034
2019-05-14,-0.006082656982596151,-0.00281261180987133,-0.00327004517272482,-0.1316122805514662
2019-05-15,-0.0012726281721133037,-0.001967623248200683,0.000694995076087378,0.03509784006840875
2019-05-16,-0.008860072823088762,-0.0036930681042068297,-0.005167004718881931,-0.21431966233891234
2019-05-17,0.002518374359275274,0.0008771606085103203,0.0016412137507649562,-0.037233961506335726
2019-05-20,-0.01483900680761188,-0.004765557086246843,-0.010073449721365039,-0.12145295955390363
2019-05-21,-0.0026588234666014635,-0.0017409996056080013,-0.0009178238609934691,-0.43973112620814325
2019-05-22,-0.011510431735172855,-0.00552887164912301,-0.0059815600860498586,-0.11722153516647371
2019-05-23,-0.054818282688731956,-0.025269514945207867,-0.029548767743524086,-0.20414726569670844
2019-05-24,-0.008199752394338218,-0.0007344883919315759,-0.0074652640024066436,0.07254146265993199
2019-05-27,-0.014564662797597942,-0.004934808300902465,-0.009629854496695473,0.2540491664078567
2019-05-28,0.006266362686707095,0.000904734623950498,0.005361628062756598,0.23309324122853162
2019-05-29,0.021824538520744122,0.007958949388817242,0.01386558913192688,-0.22704654762847107
2019-05-30,0.016643418453425454,0.006525485574664003,0.010117932878761452,0.0935447030491847
2019-05-31,-0.014702844761785887,-0.004700631574051057,-0.01000221318773483,0.021475636222549725
2019-06-03,0.006440981104665714,0.001391156511569778,0.005049824593095935,0.017630539138274535
2019-06-04,0.0012985764409489012,-0.0012692436459916538,0.0025678200869405543,-0.07487655899290693
2019-06-05,0.0010477042742214051,0.0002342743538876063,0.0008134299203337997,0.2257406160177347
2019-06-06,-0.0051866366770270305,0.0016257641598675446,-0.006812400836894574,0.029151012003373653
2019-06-07,0.017778164641851266,0.0060424645929114595,0.011735700048939805,-0.18694385440568445
2019-06-10,0.0016904756989865595,0.001010105522807482,0.0006803701761790779,-0.3166080625930699
2019-06-11,-0.013286577587886244,-0.004837943493906404,-0.00844863409397984,-0.24850415236090928
2019-06-12,-0.025769881495802466,-0.013668672424670703,-0.012101209071131762,0.5377432250475674
2019-06-13,-0.022674083187794694,-0.012714304516950877,-0.009959778670843819,0.07407485853097244
2019-06-14,0.05557033062419267,0.023236900345929647,0.03233343027826301,0.020464955971023983
2019-06-17,0.005967500516892519,-0.0010305262777509031,0.0069980267946434214,0.036207392107877004
2019-06-18,0.0017537003074801797,-0.00020182760755801943,0.0019555279150382035,-0.01517689852647492
2019-06-19,0.002466003916583908,-0.0014104213570289015,0.0038764252736128157,0.3143479901506871
2019-06-20,-0.0009578406642317963,0.00021041482155834297,-0.001168255485790139,0.21883961359685034
2019-06-21,0.023076893246747682,0.00874910891656927,0.014327784330178412,-0.002596738917961141
2019-06-24,0.015448623577136583,0.006876186761690075,0.008572436815446512,0.07045436634523339
2019-06-25,-0.00018572471664184045,0.0008845045209895938,-0.0010702292376314347,-0.06722302833580716
2019-06-26,0.006846359402219792,0.0007648647230360031,0.006081494679183792,0.1157772600399192
2019-06-27,-0.005423976612543268,-0.0027409903053522387,-0.002682986307191028,-0.033890993852365284
2019-06-28,0.007897641536548344,0.0038916663786317486,0.004005975157916598,-0.11890158713182701
2019-07-01,-0.002287375851412474,-0.0023423392073816836,5.496335596921406e-05,0.1410880519400757
2019-07-02,-0.008683102575215335,-0.005079158976329132,-0.003603943598886208,-0.0962042562599773
2019-07-03,0.011559251688950467,0.0019791804670213353,0.009580071221929137,0.07764985569524145
2019-07-04,-0.006872693096143273,-0.004056345089349183,-0.0028163480067940907,-0.22155112533391225
2019-07-05,0.005073271635311266,0.0023273535700771477,0.0027459180652341167,0.16027612752922915
2019-07-08,-0.014581664868107063,-0.007055061551162789,-0.007526603316944276,0.13137303102250553
2019-07-09,0.010145901323574028,0.003058039340145929,0.007087861983428098,0.13347231207700402
2019-07-10,0.010829681330311062,0.0037928049662231955,0.007036876364087868,0.20547564008576058
2019-07-11,0.008865933592262213,0.0006119916173494173,0.008253941974912795,0.055080329157730194
2019-07-12,0.011201803941523515,0.005570712618102137,0.005631091323421378,0.04668009486241862
2019-07-15,0.003648696762698353,0.00037241159490281756,0.0032762851677955365,-0.10588714715399712
2019-07-16,0.0029287197970704615,-0.0008124752418720519,0.003741195038942515,-0.03499836605953922
2019-07-17,-0.008613628680384051,-0.004494751230157367,-0.004118877450226686,0.30578471465709345
2019-07-18,-0.002460056953360402,-0.0009706004734951856,-0.001489456479865216,0.3389998157750262
2019-07-19,0.017821992495142762,0.009123410235382398,0.008698582259760364,-0.1553520894532405
2019-07-22,0.02097622756825182,0.012811023554949157,0.008165204013302667,0.021319683879323967
2019-07-23,-0.009671790825573868,-0.004028629267580435,-0.005643161557993431,0.16835329505161606
2019-07-24,0.0012021937959804337,0.004343405027943052,-0.0031412112319626137,0.03796870436314056
2019-07-25,0.010327877310609905,0.0036650286463928827,0.006662848664217022,-0.18656763243661392
2019-07-26,0.0025712625875279004,0.0012887662962831597,0.0012824962912447429,-0.19778629741362042
2019-07-29,-0.012840354468743112,-0.008680122441566539,-0.004160232027176573,0.2542585347185881
2019-07-30,-0.013438231431648545,-0.00767942449115782,-0.005758806940490727,0.08251868741331335
2019-07-31,0.013221531522828314,0.008809019599959146,0.004412511922869171,0.09980995914519367
2019-08-01,0.004869751798890386,0.0030383755942790967,0.0018313762046112906,0.16465909583621874
2019-08-02,0.006136953844393708,0.0024181624611908014,0.0037187913832029077,-0.10689303389008865
2019-08-05,0.010434652248873813,0.0043868847802126364,0.006047767468661179,-0.13753551845541293
2019-08-06,-0.006538733193550802,-0.0014984987677986866,-0.005040234425752115,-0.0828385359617247
2019-08-07,-0.00833965270570294,-0.0033120784291006174,-0.0050275742766023234,-0.12857544210529578
2019-08-08,-0.005055418632886714,-0.002791525822175821,-0.0022638928107108925,-0.0001017755037998194
2019-08-09,-0.008540409112911112,-0.004587361094024711,-0.003953048018886401,-0.03593814775864891
2019-08-12,-7.144486185849553e-06,-0.00378503748145928,0.003777892995273431,-0.14338468895008677
2019-08-13,-0.002575832940128715,-0.0026783191751547962,0.00010248623502607992,0.13942932380470857
2019-08-14,-0.011935988887851284,-0.007247850197966515,-0.004688138689884769,0.30915165076607287
2019-08-15,0.010546064547616144,0.0023928465967808224,0.00815321795083532,-0.055859936290892975
2019-08-16,0.02233875661054712,0.008003957000337885,0.014334799610209236,-0.16086233790009485
2019-08-19,-0.003263431626919854,-0.0006585707270358662,-0.0026048608998839873,0.05739141963666402
2019-08-20,-0.009036715754790245,-0.004451949744896067,-0.004584766009894177,-0.05751325087071102
2019-08-21,0.0032240492193771017,0.0004271103662927579,0.0027969388530843433,-0.27013093420508744
2019-08-22,-0.003191977559263965,-0.0023913896023318583,-0.0008005879569321065,-0.18727967769739365
2019-08-23,-0.015073735580790584,-0.006840425381175673,-0.00823331019961491,-0.018686134044619624
2019-08-26,-0.011068486583122959,-0.0048193541100429,-0.00624913247308006,-0.08729137217817233
2019-08-27,-0.0010721890834434118,-0.000731016916521077,-0.0003411721669223343,-0.10977039802329183
2019-08-28,-0.005090526767119037,-0.003157869934549441,-0.0019326568325695966,-0.2877750301387658
2019-08-29,-0.008534466308054758,-0.0070134408422924495,-0.0015210254657623094,0.1133880114377174
2019-08-30,-0.01783480509419494,-0.008802466148846073,-0.009032338945348866,0.01254759702619908
2019-09-02,0.00753449967008096,0.0018646715249108232,0.005669828145170138,0.15219092793292638
2019-09-03,0.0008515836489860706,0.0001824524221901644,0.0006691312267959083,-0.06228686896601041
2019-09-04,0.009477676261244699,0.004634092637960968,0.004843583623283729,-0.04791920792834145
2019-09-05,-0.004162740547543634,-0.0016602497591371068,-0.002502490788406528,0.08123642284511197
2019-09-06,-0.0026635954042696234,0.0017433730999411104,-0.004406968504210729,0.016506120636310517
2019-09-09,0.005363981927671431,0.002838971949407879,0.0025250099782635526,-0.13845752010002219
2019-09-10,0.0010674703177925237,0.0003124959249327687,0.0007549743928597554,-0.04773839459260267
2019-09-11,-0.008768462324094662,-0.002074155864400907,-0.006694306459693754,0.18398914948137993
2019-09-12,-0.002681958357771841,-0.00018363371388121705,-0.002498324643890628,0.024809254828957194
2019-09-13,0.011829991393408443,0.003048281178528349,0.008781710214880094,0.03644922051248165
2019-09-16,0.0014652915926914008,0.003907487275832244,-0.002442195683140842,0.11014302882361673
2019-09-17,0.0022218728805454037,0.0013383178460680827,0.0008835550344773223,0.13127353880789883
2019-09-18,0.006453513083920432,0.0031186688051303363,0.0033348442787900947,-0.05582730343328442
2019-09-19,0.008318281403628634,0.0030519499771871836,0.005266331426441449,-0.0498038537591681
2019-09-20,-0.003133108892636485,-6.322040405859312e-05,-0.0030698884885778923,-0.031120801559912876
2019-09-23,-0.0029041223203050146,-0.0009083592463059265,-0.0019957630739990883,-0.09346385311306489
2019-09-24,-0.0018426813879480245,-0.0010481619630608552,-0.0007945194248871693,0.08496661652196758
2019-09-25,-0.005574007568757254,-0.0015586755857989413,-0.004015331982958313,-0.1561460413806131
2019-09-26,0.0058734054773758575,0.0032742972897573243,0.0025991081876185337,0.04278100304390418
2019-09-27,-0.008882516554119327,-0.003558671973424051,-0.005323844580695278,0.22858020061812093
2019-09-30,0.002691358243115093,0.002152038121357608,0.0005393201217574846,-0.0796452455425265
2019-10-01,0.0140651825407728,0.004300369225335051,0.00976481331543775,0.01988553253783855
2019-10-02,-0.004212735106238192,-0.0015185031870263927,-0.002694231919211798,-0.2152360196863848
2019-10-03,0.0011827390061173511,0.0010487715863529263,0.00013396741976442464,-0.025368104169235968
2019-10-04,-0.013777880871897142,-0.004786555741398586,-0.008991325130498556,-0.09153046535174807
2019-10-07,-0.0014990367981581622,-0.0024327277453751297,0.0009336909472169672,-0.13378616181816264
2019-10-08,-0.0064724818768879,-0.003160830640642662,-0.003311651236245237,-0.025922829130375875
2019-10-09,-0.007644819531362644,-0.0039811274422367725,-0.003663692089125873,0.1648347224253601
2019-10-10,-0.001678426827431766,-0.0011116112511243845,-0.000566815576307382,0.08042937593986776
2019-10-11,0.010822501528437263,0.00222003893869766,0.008602462589739603,0.06647079018003856
2019-10-14,0.005071785119655355,-0.00030757789857615257,0.005379363018231508,-0.16320371633438865
2019-10-15,0.004473232920912871,-0.0015054799138797953,0.005978712834792663,-0.02972264093582414
2019-10-16,-0.011532357302102508,-0.00289932872349949,-0.008633028578603017,-0.08907212204799586
2019-10-17,-0.002088744546052032,-0.0023725289232428975,0.00028378437719086755,-0.08160537695453703
2019-10-18,-0.006153223440877587,-0.004282624527468297,-0.0018705989134092903,-0.08316854877540476
2019-10-21,-0.007056741077965986,-0.002208520337921292,-0.0048482207400446925,0.07733811110694802
2019-10-22,-0.006012505504752322,-0.003170071832539964,-0.0028424336722123536,0.123797859300675
2019-10-23,0.006942376223442522,0.0028419240777475515,0.004100452145694972,0.25055332863175395
2019-10-24,0.011623376774948388,0.00559661183402833,0.006026764940920054,-0.08520938352208773
2019-10-25,0.0187979705025261,0.007524959435488629,0.01127301106703748,-0.044192116964096945
2019-10-28,-0.006388987441554167,-0.0048051407364387,-0.0015838467051154674,-0.024008148747564156
2019-10-29,-0.0032423383348826763,-0.004664404475604039,0.0014220661407213647,-0.14637514905086907
2019-10-30,-0.0018076683155142709,0.0015902388157274967,-0.003397907131241768,-0.1837574609599025
2019-10-31,-0.00908277091419522,-0.0038709844218046447,-0.005211786492390575,0.20637094727958208
2019-11-01,-0.012721520097436222,-0.00413887456636195,-0.008582645531074271,-0.07825429691656224
2019-11-04,0.016740989852370814,0.0074749088105125275,0.009266081041858283,0.08572152257831725
2019-11-05,-0.00614174222255111,-0.004839929669726389,-0.001301812552824723,-0.1264955108755747
2019-11-06,0.005446599008969782,0.002753156927031479,0.002693442081938304,-0.1233012072988801
2019-11-07,-0.00730221074499037,-0.0017241155376023568,-0.005578095207388015,-0.1010299268379338
2019-11-08,-0.008885273288113185,-0.004730790926751117,-0.004154482361362068,-0.05910827572427146
2019-11-11,-0.006490249850038949,-0.002873687111857738,-0.003616562738181209,0.13198903684627739
2019-11-12,-0.004133228274706524,-0.0012800422034109499,-0.0028531860712955673,-0.2260168292089763
2019-11-13,0.010334867738464523,0.003116553178750857,0.007218314559713665,-0.040293257102542994
2019-11-14,-0.016007944653793817,-0.0060624379389706785,-0.00994550671482314,-0.08682864341124155
2019-11-15,-0.002938872450887421,-0.0023749047907204415,-0.0005639676601669789,0.21530693176349616
2019-11-18,-0.006417773740573952,-0.0019133287113192472,-0.004504445029254704,0.04524708742640802
2019-11-19,0.01741415545754438,0.00406181103693728,0.013352344420607102,0.20680425407763467
2019-11-20,0.0033618848456098784,0.002971799764594687,0.00039008508101518943,0.011105753823122094
2019-11-21,0.016056000739616574,0.0022303891642494788,0.013825611575367094,0.08705362826831779
2019-11-22,0.0007444354728039553,-0.00044605891104787434,0.001190494383851829,-0.09693472815908201
2019-11-25,0.005183118218277345,0.0021818889993391235,0.003001229218938221,0.0404713099783332
2019-11-26,-0.005903981508587543,-0.0011991263639335795,-0.004704855144653967,0.06270092666200812
2019-11-27,0.0026015963056615164,0.0028696642159814975,-0.00026806791031998116,0.25471287610610477
2019-11-28,0.004381650551602942,-0.0004665007189378935,0.004848151270540838,0.02178007559954419
2019-11-29,0.015915615459516162,0.0064544419365019454,0.00946117352301422,0.056098174636635884
2019-12-02,0.001348235172644573,0.0005437668574376376,0.0008044683152069361,0.14839231753859472
2019-12-03,0.0035609438465244855,0.002318416997430444,0.0012425268490940406,0.005504289259884127
2019-12-04,0.011687500917430756,0.0036778719321117954,0.008009628985318961,0.0169575442113285
2019-12-05,0.00040150768236540567,-0.002789867287152494,0.0031913749695179003,0.0986882480872737
2019-12-06,0.001180922610961637,0.0005930845228513393,0.0005878380881102971,-0.08885526611591765
2019-12-09,0.006290425482942534,0.003350786879212723,0.002939638603729809,-0.20609835709928698
2019-12-10,-0.00536548622312735,-0.0010002088657603896,-0.00436527735736696,-0.04818816451966317
2019-12-11,-0.011506508718495026,-0.00556407498064288,-0.005942433737852145,0.08917826368860786
2019-12-12,-0.0033048441795972346,-0.002270780212014582,-0.001034063967582652,-0.06806073553417037
2019-12-13,0.005644741901419489,-6.774334101523026e-05,0.0057124852424347144,-0.1546813587773634
2019-12-16,-0.004271762784795239,-0.001090270723793479,-0.003181492061001761,-0.14239667286373564
2019-12-17,-0.012471968931894475,-0.004660968129541743,-0.007811000802352734,0.19561869422015207
2019-12-18,-0.010978045188556065,-0.005337323052478461,-0.005640722136077603,0.36014110453501974
2019-12-19,0.017334633253915196,0.0015778453720610396,0.015756787881854153,0.03305836354428181
2019-12-20,0.03436146059952249,0.013027502103758831,0.02133395849576366,-0.19987137715272604
2019-12-23,0.0021361803810198195,0.004019120668117309,-0.0018829402870974878,0.13059612704859358
2019-12-24,-0.01610465777617018,-0.005757168039596035,-0.01034748973657415,-0.12128525285654318
2019-12-25,0.00813209201048206,0.00445822425682663,0.0036738677536554323,0.015121974235812045
2019-12-26,-0.0057830709349183575,-0.0028777507381318145,-0.002905320196786545,0.19138185145748024
2019-12-27,0.0008459530989998657,0.0005385758441542206,0.0003073772548456443,0.045209414456488455
2019-12-30,0.01123544992314289,0.005560489217202709,0.005674960705940183,-0.001925102030588109
2019-12-31,0.0025472809608028876,0.0021789295653038853,0.00036835139549900344,0.027950463088206024
2020-01-01,-9.824097108354461e-05,-0.00111947318051063,0.0010212322094270906,0.1847864347434381
2020-01-02,0.0015702556700583456,0.002229076128112133,-0.0006588204580537894,0.14135150084373851
2020-01-03,0.009565667475561382,0.002276693733909041,0.007288973741652341,0.05422208193833491
2020-01-06,0.007184817072835466,0.003560045126171209,0.003624771946664258,0.08880321026313678
2020-01-07,0.003342275645295341,-0.0014759759604169639,0.004818251605712304,0.017275075828043846
2020-01-08,0.00510743747622136,0.0028470026472697477,0.0022604348289516126,-0.12789010494986555
2020-01-09,0.0008623238003058324,0.0008216281816893539,4.069561861647867e-05,-0.08830547368655195
2020-01-10,-0.0083060176728448,-0.0001777659840105153,-0.008128251688834291,-0.13436604966752105
2020-01-13,-0.0049627874244102385,-3.2998488297769635e-05,-0.00492978893611247,-0.16399788578562094
2020-01-14,-0.007234670389866368,-0.001363247326411551,-0.005871423063454815,0.0629343895999012
2020-01-15,-0.009100698822512073,-0.004983265142470878,-0.004117433680041194,-0.054351913844602154
2020-01-16,0.0036036497909645447,-0.0019409223868672165,0.0055445721778317626,-0.04755167598455559
2020-01-17,-0.0027884137720765472,-0.0024921817432777588,-0.00029623202879878823,-0.1171429059803519
2020-01-20,-0.00264751241067019,-0.0002545871173744458,-0.002392925293295744,0.02303292882622913
2020-01-21,-0.006638424650566607,-0.001526640513822718,-0.00511178413674389,-0.09336878881753057
2020-01-22,0.0012063810780052744,-0.0016962502749666326,0.002902631352971908,0.10016115796037914
2020-01-23,-0.004755107798408827,-0.0031181883200816427,-0.0016369194783271849,-0.08674397043516104
2020-01-24,0.005249858823930736,-0.0001719666733772541,0.005421825497307993,0.0673958734916314
2020-01-27,-0.005180279701309391,-0.0001226710735676795,-0.00505760862774171,-0.11702010587284799
2020-01-28,0.003933185110399938,0.0025834742199495123,0.0013497108904504257,-0.05212711146109365
2020-01-29,-0.007496922081375731,-0.0029816088377275208,-0.004515313243648211,-0.13936678969806318
2020-01-30,-0.003145347314279262,-0.0016482962486829935,-0.0014970510655962681,-0.24945000044031226
2020-01-31,-0.009549641541263773,-0.006766478708368686,-0.0027831628328950885,0.2511867079914996
2020-02-03,-0.018613803496799898,-0.006221476034212825,-0.012392327462587074,-0.14537456511037025
2020-02-04,0.014296479238087795,0.005349378322247234,0.00894710091584056,-0.01956952011703213
2020-02-05,-0.0074653862078734225,-0.0031800687172149006,-0.004285317490658521,0.04351105956242988
2020-02-06,-0.0011393912651506222,0.000864497015086195,-0.0020038882802368187,0.05918996976085897
2020-02-07,0.0026324479387430594,-0.00022189913894533723,0.0028543470776883975,0.05339045561059244
2020-02-10,0.0035530408867883775,0.0030771437805562664,0.0004758971062321128,0.09231784276144643
2020-02-11,0.0030711219662163895,0.0021955699214857762,0.0008755520447306132,-0.13304007737643975
2020-02-12,0.0059613283876480665,0.0014153210357692198,0.004546007351878845,0.002052905321858383
2020-02-13,-0.007514599260923273,-0.0017001687035406018,-0.005814430557382671,-0.1838749238309228
2020-02-14,0.00011404335106739247,0.0005847626959610648,-0.0004707193448936721,-0.005039586330623287
2020-02-17,-0.012099849706558979,-0.005632686533697659,-0.006467163172861322,0.0930486160821096
2020-02-18,-0.00030344295497396635,-0.0006304515503880838,0.0003270085954141175,0.17208010661532616
2020-02-19,0.005363394781016403,0.003175945235127728,0.002187449545888675,-0.1253625508543525
2020-02-20,0.010323691312029091,0.004999161067606212,0.0053245302444228804,-0.2533506879463882
2020-02-21,-0.007043502296697699,-0.002871943320222831,-0.0041715589764748685,-0.023420301883720504
2020-02-24,-0.015266277233685295,-0.004935978688976543,-0.010330298544708752,0.14404014145324
2020-02-25,-0.0012801011753467858,-0.0005334892656625201,-0.0007466119096842655,0.05437940237858369
2020-02-26,0.008016678408488995,0.0006495493064005743,0.007367129102088421,0.08629226426357486
2020-02-27,0.0029900321282882794,-0.0010355128125999055,0.004025544940888185,0.08411892156027903
2020-02-28,0.0044233067561410535,6.505907858107347e-05,0.0043582476775599795,0.1400282326129255
2020-03-02,0.00440457258154154,0.00141381370451364,0.0029907588770279004,0.06680938106306895
2020-03-03,0.007052313962455713,0.004282949707218932,0.0027693642552367795,0.23671011568533465
2020-03-04,0.003841323202957852,0.00011474478038175787,0.0037265784225760947,-0.15325437505568243
2020-03-05,0.01312987387629708,0.0035995670590102838,0.009530306817286796,-0.11022178847138962
2020-03-06,-0.008708165567314465,-0.002988236562980082,-0.005719929004334381,-0.10834374182868974
2020-03-09,-0.006280881589747328,-0.0026327942952800555,-0.0036480872944672726,-0.07652578416928885
2020-03-10,-0.006375961963569984,-0.000994010284509402,-0.005381951679060582,-0.07420749791804813
2020-03-11,-0.004721027444287022,-0.0027436106654297326,-0.0019774167788572904,-0.09267877355528648
2020-03-12,-0.0043424314160138144,-0.002149442457282128,-0.002192988958731686,0.018458694279439684
2020-03-13,-0.005662874746570533,-0.0028105152565297,-0.0028523594900408365,0.10700387016077387
2020-03-16,0.0012420724765098464,0.002442460608230862,-0.0012003881317210162,-0.26495044829562375
2020-03-17,0.006437734112880618,0.003402809034328501,0.003034925078552118,0.0552929652752908
2020-03-18,-0.017340562341775327,-0.008310765033189477,-0.009029797308585854,-0.17850893070857876
2020-03-19,0.0034832729976545297,0.0039656923329127545,-0.0004824193352582235,-0.18030433574305976
2020-03-20,-0.011371094271711492,-0.005068163934727997,-0.006302930336983496,-0.1327507653431406
2020-03-23,-0.011468859838943163,-0.003420896887595632,-0.008047962951347529,-0.2580319439141665
2020-03-24,-0.00884774944980454,-0.00481409250596606,-0.00403365694383848,-0.1910047764597961
2020-03-25,-0.018166755659814685,-0.0077565954624888725,-0.01041016019732581,-0.12739319178086392
2020-03-26,-0.01502856006501943,-0.008590668758550218,-0.006437891306469214,-0.2987027005914338
2020-03-27,-0.009268474804059502,-0.003290075497352405,-0.005978399306707096,0.50060910037494
2020-03-30,-0.02241377152343388,-0.007518717697537968,-0.01489505382589591,-0.21465714202226285
2020-03-31,0.045107532014210694,0.01826509575014592,0.026842436264064774,0.014845708035230243
2020-04-01,-0.013733446007961204,-0.004605196164911767,-0.009128249843049437,-0.2555208133440759
2020-04-02,0.0009035605699040852,0.0007276803384967598,0.00017588023140732538,-0.022551314733197266
2020-04-03,-0.020329792255470908,-0.0067321873637067094,-0.0135976048917642,-0.12172441939806426
2020-04-06,-0.0016671164495723524,-0.0038841607221757066,0.0022170442726033536,-0.4490998564956665
2020-04-07,-0.009046415863900438,-0.006165702848400881,-0.0028807130154995583,0.3627436554328607
2020-04-08,-0.0364087099172888,-0.01666544553636327,-0.01974326438092552,0.045847773275090056
2020-04-09,0.02834185810175012,0.013214321081257089,0.015127537020493027,-0.19190332511729483
2020-04-10,0.003787626847849471,-0.0007128927945034211,0.004500519642352891,-0.08630911344086693
2020-04-13,-0.013747806268077409,-0.005716142958883593,-0.008031663309193818,0.38290797740354965
2020-04-14,-0.006612442298720649,-0.00580841540478224,-0.0008040268939384105,0.257172684161025
2020-04-15,0.03192645555161176,0.011350195695633109,0.020576259855978656,-0.09442342871382808
2020-04-16,0.018045585503328847,0.011507076629042299,0.006538508874286549,0.37117012127001353
2020-04-17,-0.006604680398509751,-8.692003514295527e-05,-0.006517760363366799,-0.33819397434206966
2020-04-20,0.027502120306377942,0.013591660050278787,0.013910460256099159,-0.07871383758078648
2020-04-21,-0.02348504312611423,-0.008333722057397151,-0.015151321068717076,-0.22763712133455122
2020-04-22,-0.005190202632724527,-0.0018307374862534496,-0.0033594651464710756,-0.2835017221507789
2020-04-23,-0.017297589728487755,-0.006921452262122251,-0.010376137466365506,0.14127198251959394
2020-04-24,-0.02306592539309791,-0.009314424937117946,-0.013751500455979965,0.002670710066056968
2020-04-27,0.011705094675853215,0.003604997729916415,0.008100096945936799,0.3579993144771916
2020-04-28,0.00019756978323452225,-0.0008963468035068749,0.0010939165867413973,-0.1543235728915253
2020-04-29,0.026905136786975606,0.013106340431301683,0.013798796355673925,-0.11239780557500308
2020-04-30,-0.012524126342548318,-0.007680273811498672,-0.004843852531049644,-0.10226111966055443
2020-05-01,-0.010387699455591964,-0.004461633594854318,-0.0059260658607376455,-0.17302963405669244
2020-05-04,-0.007957755375397921,-0.0010712843129702448,-0.006886471062427677,-0.10561423719884462
2020-05-05,-0.013442300327522732,-0.005439338726200012,-0.008002961601322717,0.21730355927486503
2020-05-06,-0.00774471814474891,-0.0032472623725111893,-0.004497455772237719,-0.22568441977759146
2020-05-07,0.01734950703281475,0.005179708794314782,0.012169798238499969,-0.0058243334576344
2020-05-08,-0.01628188583386337,-0.008644037058007219,-0.007637848775856154,0.026957183071144534
2020-05-11,-0.000368379481635065,0.0011886868576954923,-0.001557066339330556,0.31719887249509704
2020-05-12,0.0016380286908831056,0.0009206058903474361,0.0007174228005356695,0.4483688422003305
2020-05-13,0.02494696236492242,0.012585292583060934,0.012361669781861477,0.18479117558947175
2020-05-14,0.03331529471155608,0.014793220763501962,0.01852207394805411,-0.0982911153274072
2020-05-15,0.01503446595234393,0.005181672363024229,0.009852793589319703,0.2309252488205441
2020-05-18,-0.006641781998096147,-0.004140821821878523,-0.002500960176217621,-0.03648781294154178
2020-05-19,0.015596765867328215,0.005624284100994641,0.009972481766333573,0.1767458396457708
2020-05-20,-0.0023663378946064883,-0.0017001353847411896,-0.0006662025098652978,-0.10150965135272288
2020-05-21,0.011601109911993965,0.003381106285876434,0.008220003626117533,-0.02937351586193699
2020-05-22,-0.00640668395719325,-0.0014131290613109727,-0.004993554895882282,-0.11217478942238053
2020-05-25,-0.0019253592209958524,-0.0025478392297254744,0.000622480008729622,-0.05386651979220058
2020-05-26,-0.006394476566251271,-0.0017062810964144377,-0.004688195469836837,0.22059009917415134
2020-05-27,-0.003665078321911733,-0.004079140024751578,0.0004140617028398474,-0.13631661979457618
2020-05-28,0.015147160856672054,0.004956423082521982,0.010190737774150072,0.022949567708448942
2020-05-29,-0.009827759774681161,-0.007117333826720196,-0.0027104259479609656,0.005571571307447549
2020-06-01,0.0017625615367571263,-0.0016341855357104307,0.0033967470724675583,-0.01189937935046686
2020-06-02,0.00037429716631140974,0.0020495907042314757,-0.0016752935379200657,-0.20408452794502752
2020-06-03,-0.0007127668020323044,0.0006407852056179754,-0.0013535520076502806,-0.22371365721113887
2020-06-04,-0.013237543573043492,-0.007405648560343631,-0.00583189501269986,-0.04248347445330793
2020-06-05,-0.015248217367417976,-0.00986567618117106,-0.0053825411862469166,0.2704911701735835
2020-06-08,-0.002750621006238787,-0.002791829786538068,4.1208780299282696e-05,-0.006958279000646654
2020-06-09,0.01681329858318925,0.0087671746400534,0.008046123943135851,0.04500558030601167
2020-06-10,-0.0004383323312259313,0.003701671755644007,-0.00414000408686994,-0.1406838200026832
2020-06-11,0.002531012266660379,-0.0006662925183717073,0.003197304785032086,0.21226484536174228
2020-06-12,-0.009030700993063525,-0.003540968896056351,-0.005489732097007174,-0.0330724549339319
2020-06-15,0.01603543523759064,0.004924198959824981,0.011111236277765661,0.12815736577209486
2020-06-16,-0.002364824814956989,-0.0031554468078773146,0.0007906219929203259,0.16304929009599636
2020-06-17,0.008666138858366642,0.00371094722306434,0.0049551916353023015,0.09289091481847384
2020-06-18,0.009857531297143333,0.007872969022499548,0.001984562274643789,0.30516104142387923
2020-06-19,0.00588142044603036,0.003678601114521189,0.0022028193315091708,-0.15163444523629674
2020-06-22,0.01955106373209268,0.008624519028135847,0.010926544703956835,0.13600398650944678
2020-06-23,-0.009557165265965204,-0.005313691869894174,-0.004243473396071031,0.24013021688822336
2020-06-24,0.007948252839412657,0.0050036285134140565,0.0029446243259986004,-0.10851120253941743
2020-06-25,0.014345220148853217,0.007830833699986196,0.00651438644886702,-0.09249444244138244
2020-06-26,-0.00653270124101747,-0.0024979016699883984,-0.004034799571029072,0.11641677917263318
2020-06-29,-0.005385306365928981,-0.0031269498479422173,-0.002258356517986764,-0.025571577306755775
2020-06-30,0.007215874328802085,0.0033455501326036204,0.0038703241961984642,-0.14446541724739234
2020-07-01,-0.0014279188435397017,-0.0016719077286751443,0.00024398888513544166,0.1380192401880233
2020-07-02,-0.01024220342345672,-0.007478171986218994,-0.0027640314372377253,0.05719425300177944
2020-07-03,0.009019654770352768,0.001426815142649195,0.007592839627703573,0.10196987359384752
2020-07-06,0.0033164385223156067,0.0016823165748703177,0.0016341219474452877,0.03863338244358771
2020-07-07,0.006373598375962625,0.00044156444820960504,0.00593203392775302,0.14961009807807124
2020-07-08,0.002352517532970417,0.00037048628090724164,0.0019820312520631763,-0.000114839012471418
2020-07-09,0.009404594343887733,0.005913607460595929,0.0034909868832918075,-0.11854266740388303
2020-07-10,-6.289818206836953e-06,0.0004585136359881374,-0.0004648034541949748,-0.06417777748308699
2020-07-13,-0.007286452929193704,-0.0028948118663609437,-0.004391641062832761,0.0007303238441092017
2020-07-14,-0.0034766219329618094,-0.001745874520965553,-0.001730747411996256,0.09855947487240714
2020-07-15,4.540397740918062e-05,0.0019717268948334643,-0.0019263229174242835,-0.1411252014808405
2020-07-16,0.006777944040457224,0.0011281162137520254,0.005649827826705199,-0.047286679763151804
2020-07-17,-0.010042812629563119,-0.004471184126150023,-0.005571628503413096,0.11403298092452259
2020-07-20,-0.003583421546027643,-0.0015019608729302625,-0.0020814606730973797,-0.20639789088920746
2020-07-21,0.007873725009230366,0.003486042461344662,0.004387682547885704,-0.0558006693536151
2020-07-22,-0.01555558929984585,-0.006619374135046469,-0.008936215164799383,0.2276634972156624
2020-07-23,-0.004262420319962672,-0.002329114479391607,-0.0019333058405710656,-0.2245828677493379
2020-07-24,0.01783108356561743,0.006288943641451323,0.011542139924166108,0.06778527673475822
2020-07-27,-0.0184744595585642,-0.004941749619309462,-0.013532709939254737,-0.2687056863372163
2020-07-28,0.004887676568381429,0.002013730559502483,0.0028739460088789475,0.023500427709043734
2020-07-29,-0.01622580008040972,-0.008019629882612022,-0.008206170197797697,0.1497373325634779
2020-07-30,0.0016198294254575014,0.001705727567870055,-8.589814241255402e-05,-0.02294098520805007
2020-07-31,0.009084736015286952,0.002538465449966944,0.006546270565320007,-0.1978237646991751
2020-08-03,-0.0015587543752108028,-0.00391372696959673,0.002354972594385928,-0.01822802855449432
2020-08-04,-0.012445413682254925,-0.005287593273348837,-0.007157820408906087,0.015076004008508441
2020-08-05,-0.0011386543678465154,-0.001201840953768233,6.318658592171806e-05,-0.07187004147903715
2020-08-06,0.0010126113815179696,-0.001130933221587021,0.002143544603104991,0.053782335150825325
2020-08-07,-0.004056847712376145,-0.0019870329486690757,-0.0020698147637070686,-0.009234083278367182
2020-08-10,0.00362554322044512,0.0008817986325069874,0.0027437445879381333,0.041072845260601384
2020-08-11,-0.0005200374443249146,-0.00010176133613130998,-0.00041827610819360466,0.0817712922439896
2020-08-12,0.0022705138236954895,0.0010073786945141855,0.0012631351291813057,-0.05934908238890383
2020-08-13,0.004983829862258491,0.0032717172282918485,0.0017121126339666422,-0.23470983908629314
2020-08-14,-0.003710787215224938,-0.00027284173888595916,-0.003437945476338979,0.08007052915749563
2020-08-17,-0.015702402388384697,-0.005992126915737908,-0.009710275472646792,0.1570802095114644
2020-08-18,0.004837156923593062,0.002781287748960531,0.0020558691746325308,0.07585126157467163
2020-08-19,0.01019691568952117,0.004721770254528796,0.005475145434992376,-0.12644591167778169
2020-08-20,0.005015234807463777,0.001149325278741528,0.00386590952872225,-0.03302795114570732
2020-08-21,-0.008429220172439921,-0.0026533672886023957,-0.0057758528838375255,0.22729479575756467
2020-08-24,-0.002186194461861797,0.000569107407676064,-0.002755301869537862,0.058480636565699885
2020-08-25,0.015600757723429538,0.007195100062680482,0.008405657660749057,-0.07370361197327122
2020-08-26,0.00371436777920386,0.0024472846633719126,0.0012670831158319482,0.03850631759051807
2020-08-27,-0.005218962088119774,-0.00326166927662889,-0.001957292811490886,-0.06412238797369611
2020-08-28,0.0027182991133646054,0.0011622321096066103,0.0015560670037579943,0.16254768080217588
2020-08-31,-0.004922458194476575,-0.003510072330296353,-0.0014123858641802225,-0.21736847884910399
2020-09-01,0.011738352465840683,0.003627719742411382,0.008110632723429304,-0.07116395940224748
2020-09-02,-0.014848045470320878,-0.005368971126317887,-0.009479074344002992,-0.11006557282265748
2020-09-03,-0.004892890774478106,-0.002585283810066387,-0.0023076069644117174,0.07331362121027984
2020-09-04,-0.007887888698294444,-0.0027051215953872877,-0.005182767102907156,-0.052387775640592577
2020-09-07,0.004969543123748129,0.0015364523959376332,0.0034330907278104957,0.18107515900759513
2020-09-08,-0.003361713461150319,-0.0008381305599362582,-0.002523582901214061,0.13442688915661224
2020-09-09,0.013103481723301386,0.0035539539968107684,0.009549527726490616,-0.11768600855273348
2020-09-10,0.008594804707463504,0.004039117067802298,0.004555687639661205,0.015922228988987427
2020-09-11,-0.008550664782293386,-0.0029127691231435847,-0.005637895659149801,-0.2581157567003975
2020-09-14,0.001031437485801928,0.0005384327766947885,0.0004930047091071411,0.315330972285075
2020-09-15,-0.016801755928406742,-0.007467492223370708,-0.009334263705036032,-0.08461720175315682
2020-09-16,0.023869407778827383,0.011964104156567838,0.011905303622259545,-0.19197198913192506
2020-09-17,-0.005701504946043672,-0.0019626629077124447,-0.0037388420383312275,0.021437784098770164
2020-09-18,-0.014382164542661377,-0.006870701858392653,-0.007511462684268725,-0.13521689763075823
2020-09-21,0.0013796782528299745,0.001467502347379925,-8.782409454995014e-05,-0.23424177078103936
2020-09-22,-0.008881389990142118,-0.004149668118461243,-0.0047317218716808745,-0.05692768929567951
2020-09-23,-0.017846031305625117,-0.007708517321838941,-0.010137513983786175,-0.15661453483193907
2020-09-24,-0.00426545265976215,-0.001799112660133306,-0.0024663399996288447,0.039934258493565855
2020-09-25,-0.012181230963359506,-0.004736087124345693,-0.007445143839013815,0.1621902773347797
2020-09-28,0.0029597657749205475,0.0009200560064483096,0.0020397097684722388,-0.19092480840191975
2020-09-29,0.012489059061735572,0.0034754525694902427,0.009013606492245326,-0.07227284828860277
2020-09-30,-0.014632458779815187,-0.006097096324921068,-0.00853536245489412,-0.01316786037554347
2020-10-01,-0.005117544611980872,-0.004136492993114212,-0.0009810516188666597,-0.14335059163769398
2020-10-02,-0.0010435148561892009,-0.0029892727532049813,0.0019457578970157802,-0.23677922883652747
2020-10-05,-0.009347640112836671,-0.003377321453076642,-0.005970318659760029,-0.1601366131162058
2020-10-06,-0.01666378303212459,-0.006024738587104196,-0.01063904444502039,-0.13242080257653557
2020-10-07,-0.011435193624970197,-0.006807253922613332,-0.004627939702356864,-0.1861224412500609
2020-10-08,-0.010166255302726971,-0.007245358408171986,-0.0029208968945549866,0.2518818477036712
2020-10-09,-0.015222775247153394,-0.00807802144925416,-0.007144753797899231,0.05605257345920925
2020-10-12,0.020562259563483003,0.004714506442353279,0.015847753121129717,-0.4716767629063122
2020-10-13,0.004847993051516066,0.005098803862241881,-0.0002508108107258135,-0.046641098622986626
2020-10-14,-0.03742682773665723,-0.013415350530271389,-0.024011477206385842,0.11974359733022663
2020-10-15,-0.0038150995738810284,-0.002535921916588757,-0.001279177657292272,0.3905185121809608
2020-10-16,0.010051734892132895,0.0042915991154031,0.005760135776729793,-0.4482015606633012
2020-10-19,0.03427059086098272,0.012762996117136074,0.021507594743846642,0.024206721755294196
2020-10-20,-0.035503984693701106,-0.013913822219442385,-0.021590162474258726,-0.25258756408310507
2020-10-21,0.0017756513772148007,-0.002014709177431356,0.003790360554646155,0.39461115630753113
2020-10-22,-0.018872646171742405,-0.00898514024134672,-0.009887505930395685,0.10442020530083483
2020-10-23,0.029358043670931727,0.01444404052617983,0.014914003144751895,-0.15696736128506708
2020-10-26,0.00694159134815229,0.0034978204938057016,0.003443770854346587,-0.1572810419223335
2020-10-27,-0.011463045353248436,-0.004967141610866913,-0.006495903742381523,-0.14316784059266538
2020-10-28,-0.011403740949311568,-0.005509119869665883,-0.005894621079645683,0.32355232126891187
2020-10-29,-0.009632159651248206,-0.006325942191463837,-0.0033062174597843674,0.1234264285727352
2020-10-30,0.02513823388780784,0.009669663086501145,0.0154685708013067,-0.02596912838797304
2020-11-02,0.008394083391083437,0.0017539721144822357,0.006640111276601197,-0.13072259869767724
2020-11-03,-0.0017580393043040194,-0.0031370402554591996,0.0013790009511551815,-0.2374974850645752
2020-11-04,-0.009071143806485592,-0.002606130087717115,-0.006465013718768477,-0.09472185144225391
2020-11-05,-0.017223666184240122,-0.009836898117002718,-0.007386768067237404,-0.07723611681822708
2020-11-06,-0.007315701205386776,-0.0024240858722733433,-0.004891615333113428,-0.05848635667425657
2020-11-09,-0.005287638248740379,-0.0027346048776157404,-0.0025530333711246385,-0.05128057691214873
2020-11-10,-0.0042821010603697664,-0.0011204020180253299,-0.003161699042344434,-0.10793624302303377
2020-11-11,-0.0038900649568338764,-0.004104523790303718,0.00021445883346984333,-0.17517188073566956
2020-11-12,-0.008505554102740655,-0.004199438022622919,-0.0043061160801177376,-0.09172462518792097
2020-11-13,-0.014871775558995768,-0.00605462008448961,-0.008817155474506158,0.3754013488572411
2020-11-16,-0.008006670552494976,-0.005420045569755303,-0.0025866249827396727,-0.4032298473317368
2020-11-17,0.03551043301824182,0.013487138852665715,0.022023294165576107,0.3022294070300347
2020-11-18,-0.03278226640612436,-0.013988032908820315,-0.018794233497304046,0.1667492768337722
2020-11-19,0.025142771107173032,0.00920690297067455,0.015935868136498478,-0.2053120574332926
2020-11-20,0.012632162651167463,0.0070258497403023375,0.005606312910865128,0.07593417461912447
2020-11-23,-0.014132150736982053,-0.004705409467475635,-0.009426741269506416,-0.15657356395359256
2020-11-24,0.005876188516747626,0.001313561562331764,0.004562626954415861,0.03362132873250184
2020-11-25,-0.012167765010645527,-0.005778863419343745,-0.006388901591301779,-0.2947754576395731
2020-11-26,0.002346026823060978,0.004903423849131896,-0.0025573970260709187,0.15252314758976895
2020-11-27,-0.022976114389701693,-0.012133747525198055,-0.010842366864503636,-0.25937216207012426
2020-11-30,0.012115616023359732,0.00892203354433865,0.003193582479021082,0.08045700544816922
2020-12-01,-0.018089095791865926,-0.008910804642554664,-0.00917829114931126,0.08889780578615164
2020-12-02,0.005989474308626264,0.0011934034097751713,0.004796070898851094,-0.22665135400314063
2020-12-03,0.006571549508477999,0.004359755516270535,0.002211793992207464,0.22790831435114936
2020-12-04,-0.017506640565821775,-0.006997858604992941,-0.010508781960828838,0.2627045112316657
2020-12-07,0.017836220895801252,0.005298227655573024,0.01253799324022823,0.38958538041143037
2020-12-08,0.02116327089557278,0.009170768590492387,0.011992502305080394,-0.12308295009227002
2020-12-09,0.036136864619658725,0.01544648383405616,0.02069038078560256,0.1669444480395597
2020-12-10,-0.008928346303500851,-0.0030032004199843053,-0.005925145883516548,-0.009020477248473713
2020-12-11,0.011372041895665421,0.0014195779610974568,0.009952463934567973,0.1837700086155393
2020-12-14,-0.0005684474339744416,0.003095863747152868,-0.0036643111811273076,0.25475234326375623
2020-12-15,0.014749489562316634,0.002502386771054693,0.012247102791261944,0.08094062763721341
2020-12-16,0.019390236219431423,0.007498354823897414,0.011891881395534008,0.3217279413668295
2020-12-17,0.005482517574013482,0.00025452018200984236,0.0052279973920036395,0.15263163518185807
2020-12-18,0.02308242682323306,0.009167733427327048,0.013914693395906012,0.03080602809372085
2020-12-21,0.009469330414503395,0.005406212286960086,0.00406311812754331,-0.06452472447604848
2020-12-22,0.002266305707816438,0.004526838799213362,-0.0022605330913969242,-0.03186106059563121
2020-12-23,-0.00465663513376296,-0.0003370271839159122,-0.00431960794984705,0.033797261177083066
2020-12-24,-0.001998491186109425,0.0015821925740811009,-0.0035806837601905254,-0.05118463799161669
2020-12-25,0.002240993133765871,0.0018253297683921148,0.00041566336537375657,0.11898775820126625
2020-12-28,-0.003003359763787114,-0.000725523523846955,-0.002277836239940159,-0.13244852623008035
2020-12-29,0.008498131016601945,0.0022348024747490744,0.00626332854185287,0.05848372188086629
2020-12-30,-0.009298216544572085,-0.0004960387993127981,-0.00880217774525929,-0.23068493905939066
2020-12-31,0.003540176985905548,0.0022303692751087876,0.0013098077107967605,-0.036974339770788185
2021-01-01,-0.016303924331619913,-0.00578563351208042,-0.010518290819539488,-0.0315520097940648
2021-01-04,-0.0031857043839504076,-0.003995250142298779,0.0008095457583483685,0.1149928000970014
2021-01-05,-0.002097458470785804,-0.0015311185223462996,-0.0005663399484395065,-0.1394136210062786
2021-01-06,0.008962036841284826,0.0040433407646262905,0.004918696076658537,0.11145996082259314
2021-01-07,-0.01098349918765456,-0.006603602390694432,-0.004379896796960122,-0.21173991078022172
2021-01-08,0.006583411286633645,0.0033896059964615014,0.0031938052901721433,-0.08286778780073177
2021-01-11,-0.014399952859689123,-0.006917198588893827,-0.007482754270795295,0.17251693438577798
2021-01-12,-0.006630033194694956,-0.009368209586123163,0.0027381763914282077,-0.0044065230345552535
2021-01-13,0.012460410622164401,0.009123602569505358,0.003336808052659046,-0.10184613901495823
2021-01-14,-0.00021473421447885986,-0.00037153858769232995,0.00015680437321347052,0.15186232689493093
2021-01-15,-0.00644817706684903,-0.0035353740946114124,-0.0029128029722376176,-0.1789133940958254
2021-01-18,0.010223414675027263,0.005420335849598954,0.004803078825428311,0.12346738912399365
2021-01-19,-0.01272688390099835,-0.005444982454051438,-0.00728190144694691,-0.010670727161518966
2021-01-20,0.009539516695190917,0.0009292839526008475,0.00861023274259007,0.010553812092337946
2021-01-21,-0.0007256728451890786,-0.0031910035820088174,0.002465330736819737,0.17400517542804175
2021-01-22,0.0007857257245486326,0.0019127323401962517,-0.0011270066156476213,0.04264057376366107
2021-01-25,0.012621463735902966,0.007882123005924453,0.0047393407299785115,-0.13201104661350702
2021-01-26,0.0026224353916891488,0.0019502289593292428,0.0006722064323599047,0.09184802964038369
2021-01-27,-0.009123033261860316,-0.001004553257858809,-0.008118480004001508,0.15823705222498116
2021-01-28,0.005914483582358134,0.0027943629701548327,0.003120120612203301,0.12742797269276382
2021-01-29,0.01006576389578841,0.004625710041745504,0.005440053854042906,-0.04672129389122519
2021-02-01,0.008679821219037511,0.0018638170845750156,0.006816004134462494,-0.26247013146431564
2021-02-02,-0.003098944374303785,-0.0019029654015899921,-0.001195978972713793,0.04009587009184644
2021-02-03,-0.019647731283150713,-0.006784958243110883,-0.012862773040039828,0.2282607997969762
2021-02-04,0.002873408658287057,-0.0006805021585319787,0.0035539108168190347,0.1735404693891501
2021-02-05,0.014865371768385496,0.006943936707424336,0.007921435060961164,0.07376740871519065
2021-02-08,0.011788812575671291,0.004853869517137916,0.006934943058533373,0.11536464158697783
2021-02-09,0.00475906439391921,0.0016413082781124352,0.0031177561158067754,0.3121986650642824
2021-02-10,0.007895752276157813,0.004076960497535555,0.0038187917786222537,-0.17103798543799503
2021-02-11,0.02224499450562458,0.008876612599356695,0.013368381906267886,0.1276762261237959
2021-02-12,-0.010882551849527479,-0.0036617800346123597,-0.007220771814915121,0.017659751431502776
2021-02-15,0.0077104880574148564,0.0017791955049107047,0.005931292552504152,-0.0869014220158471
2021-02-16,0.0010520848082759768,0.0027002502603620713,-0.0016481654520860947,-0.12837691841906615
2021-02-17,-0.005700391779364394,-0.0016310632571509692,-0.004069328522213425,-0.05325400736913833
2021-02-18,-0.008685575687035565,-0.005840142923823155,-0.0028454327632124092,0.008355308524211414
2021-02-19,-0.003486535807757668,-0.0019087401321469654,-0.0015777956756107027,-0.04293092074481817
2021-02-22,0.0005297262293644965,0.0005293821633658349,3.4406599866074195e-07,-0.10811709199927855
2021-02-23,-0.0026743272481687262,-0.0026753023710574817,9.751228887558763e-07,-0.047099443543045044
2021-02-24,-0.008200585678843395,-0.0060840945410489,-0.0021164911377944927,0.058209158484463855
2021-02-25,-0.0032217263668238454,-0.0034587358842341712,0.00023700951741032622,0.022216273388425748
2021-02-26,0.003941285370778557,0.002878958390220421,0.0010623269805581353,0.095007554668523
2021-03-01,0.00161312370625093,0.0005543130338883995,0.0010588106723625305,0.04637995149211501
2021-03-02,0.0071427625333712235,-0.0004504575609499666,0.007593220094321189,0.2139693517724046
2021-03-03,0.0033792594160627727,-0.0008454496364298809,0.0042247090524926536,0.027441698394069167
2021-03-04,0.015522562788827394,0.008785726080228191,0.006736836708599202,-0.07487127302388492
2021-03-05,0.0018104256331462297,9.03682021608979e-05,0.0017200574309853317,0.0293460461131555
2021-03-08,-0.004935490481821796,-0.0027969822575703235,-0.0021385082242514723,-0.1097551527793324
2021-03-09,0.0019029473080408362,8.527690812606091e-05,0.0018176703999147744,0.016922532419895314
2021-03-10,-0.009595529621022754,-0.0074079187664880565,-0.0021876108545346978,-0.06236370712091177
2021-03-11,0.001282030139581279,-0.0024762921118972256,0.003758322251478506,-0.04027570253799453
2021-03-12,-0.004073893465141027,-0.002523005852731231,-0.0015508876124097964,-0.10152148271530496
2021-03-15,-0.0027713908746393625,-0.0045809763073934515,0.0018095854327540885,0.016376186372051488
2021-03-16,-0.006791349372490529,-0.0038729931589715234,-0.0029183562135190067,0.12685545747149451
2021-03-17,0.0010643441692982998,-0.0021342078490550545,0.003198552018353352,-0.10124869931845289
2021-03-18,0.008106234252027444,0.007198539616220785,0.0009076946358066596,0.0518262806779463
2021-03-19,-0.007308009812028995,-0.006977913906029514,-0.00033009590599948277,0.023268366338885613
2021-03-22,0.004317536331285622,0.005977297544771562,-0.0016597612134859412,0.23313281481638276
2021-03-23,0.002001468353227524,0.0010149716618742845,0.0009864966913532384,-0.2755951741100955
2021-03-24,0.01861909333120649,0.006207667282446096,0.012411426048760393,-0.11235029137657375
2021-03-25,-0.020906326617287044,-0.014525671668557066,-0.0063806549487299795,0.1456902788684698
2021-03-26,-0.008131930169242813,-0.0040674848385325105,-0.004064445330710306,0.19084477412964654
2021-03-29,0.010911018169614563,0.003920802704956889,0.0069902154646576745,0.20159410299461497
2021-03-30,0.014346992246694671,0.010029517049575925,0.004317475197118744,0.02395414818073864
2021-03-31,0.013967377848919767,0.006542569047688691,0.0074248088012310795,0.16748605123955698
2021-04-01,0.001676164406455993,-0.002686747142094193,0.004362911548550187,0.0005461178311929823
2021-04-02,0.011133705769262406,0.0020924672104824064,0.009041238558780008,-0.006198243768722905
2021-04-05,4.040441951002737e-05,-0.003834828050803032,0.0038752324703130586,-0.1807604207028653
2021-04-06,-0.0005212756040427334,0.0007902743251589541,-0.0013115499292016882,-0.05915099069546723
2021-04-07,-0.012301228112422218,-0.005870517866053762,-0.006430710246368454,-0.30677452214117484
2021-04-08,-0.0038170881332636334,0.0009652416590669906,-0.00478232979233063,-0.1624111791641384
2021-04-09,-0.018476238493211103,-0.008918608185450712,-0.009557630307760388,0.12504416216003067
2021-04-12,-0.010914885744444582,-0.006605829190686276,-0.0043090565537583034,0.313395242339407
2021-04-13,0.008502970224620668,0.004829014663436435,0.003673955561184233,0.048572829917565286
2021-04-14,0.021008000950306895,0.012082348292628602,0.008925652657678291,0.13202887880161454
2021-04-15,0.0028239912993389916,0.0008496902160719643,0.001974301083267028,-0.19360336288847999
2021-04-16,0.008222802698610213,0.002952979041072731,0.005269823657537483,-0.0543429295593084
2021-04-19,-0.010777790040924889,-0.0059473151408908406,-0.0048304749000340486,-0.12478993310366884
2021-04-20,-0.003564623275684599,-0.0006561374370074279,-0.0029084858386771717,0.38270104551926987
2021-04-21,-0.007772159163345291,-0.004178791278480186,-0.003593367884865105,0.11326528812224096
2021-04-22,0.026564059007126578,0.014299656812287398,0.012264402194839178,0.1828658331614075
2021-04-23,0.008257100657461098,0.00242519097885624,0.005831909678604856,-0.03678305196104002
2021-04-26,0.010395375430179146,0.004236373282226631,0.006159002147952513,-0.07925127450710233
2021-04-27,-0.0021814990089422436,-0.0013666418478693438,-0.0008148571610728998,0.02758561677243273
2021-04-28,-0.0042604919715258,-0.002450722305088816,-0.0018097696664369847,0.01706770914957583
2021-04-29,0.0013734043169284773,0.0014595956958452366,-8.61913789167593e-05,0.14637103211795577
2021-04-30,0.0010372905774334185,-0.0002673167209387558,0.0013046072983721752,-0.1835912844795155
2021-05-03,0.00935932174832214,0.005857340349136401,0.0035019813991857413,-0.1793076490373112
2021-05-04,-0.01182377937104813,-0.0057939006065582735,-0.006029878764489854,-0.11608132399681291
2021-05-05,-0.012469163382915496,-0.007884476942869794,-0.004584686440045695,0.13193698695739578
2021-05-06,-0.00828047715722313,-0.0020857503878558697,-0.006194726769367259,0.17120974769991656
2021-05-07,0.009188670473933784,0.00368785677552997,0.005500813698403818,0.007595262287019602
2021-05-10,0.011145781139308437,0.0055841093454739275,0.0055616717938345075,-0.06006225436818926
2021-05-11,0.000493035744858594,0.0001704985684978788,0.0003225371763607085,0.07238091926305686
2021-05-12,-0.003996284702901342,0.0007055988918256983,-0.004701883594727035,0.24683352282301743
2021-05-13,0.004816479876707538,0.003632981576762437,0.0011834982999450981,-0.08544300295299889
2021-05-14,0.015933970541894958,0.010689522910724301,0.005244447631170657,-0.20117874098691965
2021-05-17,-0.005569489133017036,-0.005543659666542895,-2.5829466474143817e-05,-0.036027491825850806
2021-05-18,-0.012286339470070556,-0.00500157203584281,-0.00728476743422774,0.10390706520873966
2021-05-19,-0.0023882413180321077,-0.0034139407339357566,0.00102569941590365,-0.1843895911326549
2021-05-20,0.007105828520259682,0.002342271793989558,0.004763556726270125,-0.028231273656539414
2021-05-21,-0.012424449044622572,-0.005805805659071217,-0.006618643385551354,0.06863454727457484
2021-05-24,-0.0018857889696130138,-0.0028400466856379923,0.000954257716024978,-0.18154078107146304
2021-05-25,0.004693403599720668,0.0007440242980601551,0.003949379301660512,0.15019890845098716
2021-05-26,-0.012235980890407243,-0.005441194750429339,-0.006794786139977904,-0.11747775776753361
2021-05-27,0.009836050818900679,0.006528582098172267,0.0033074687207284154,0.08510664875097165
2021-05-28,-0.008324406607929716,-0.0033887225833484757,-0.004935684024581241,-0.0756770774324743
2021-05-31,0.005705997719128402,0.0011530185936278784,0.004552979125500524,-0.011084581129265761
2021-06-01,-0.0056290174984867086,-0.004868677672181187,-0.0007603398263055228,-0.13278728429137587
2021-06-02,-0.0007485896741725663,-0.0014143208047093445,0.000665731130536782,-0.19396517654753323
2021-06-03,-0.01058001505609092,-0.004811407074664959,-0.005768607981425962,0.11632276800106783
2021-06-04,-0.015763825034252138,-0.010813439979477077,-0.004950385054775061,0.01471293126209437
2021-06-07,0.008280363027262223,-0.0005816087339886832,0.008861971761250902,-0.0755729695799759
2021-06-08,0.0012181399605417096,-0.002142370235372764,0.003360510195914476,0.13383658691390946
2021-06-09,-0.005340904096439189,-0.0012449001227092839,-0.004096003973729903,0.26096727871816444
2021-06-10,0.010223019995801542,0.005459236679122192,0.0047637833166793465,-0.15184305288947025
2021-06-11,0.019762249354553715,0.00986843633466015,0.009893813019893562,-0.002405255220285892
2021-06-14,-0.009963585986703999,-0.006042492245764011,-0.003921093740939987,0.0003934897087053622
2021-06-15,-0.000161165549187655,-0.003466500921839798,0.0033053353726521465,-0.040934156577912814
2021-06-16,0.0002668782807138141,-0.00038503448465507933,0.0006519127653688978,-0.2230005908021029
2021-06-17,-0.003100894151950716,-0.005046970929071318,0.001946076777120602,-0.07667513026492878
2021-06-18,-0.017760372319591055,-0.007735729927027285,-0.010024642392563773,0.35403450531888303
2021-06-21,-0.00748129396566376,-0.0024476465753793114,-0.005033647390284446,-0.07891381527194467
2021-06-22,0.03375402392638149,0.015311908663066615,0.01844211526331489,0.23851481466484858
2021-06-23,-0.006768335461342244,-0.0011063077624690193,-0.005662027698873228,-0.04675191248244546
2021-06-24,0.01781785735287547,0.004661047394534476,0.013156809958340999,0.18516722238405434
2021-06-25,-0.003402713863803689,-0.001665954881233318,-0.001736758982570372,-0.016534083187188187
2021-06-28,0.013431905059893164,0.007562578204138604,0.005869326855754562,0.1134479341163124
2021-06-29,-0.001091527473585757,-0.0017384794461620216,0.0006469519725762676,0.10156675543055749
2021-06-30,0.007231830166439733,0.003601081371574376,0.0036307487948653606,-0.006932754536472057
2021-07-01,0.007213116751441398,0.0033689486660660323,0.0038441680853753667,-0.03634027012469909
2021-07-02,-0.0004097114994043789,-0.0021097769001044786,0.0017000654007001004,-0.09259912454712452
2021-07-05,-0.002433205084753398,-0.004189331677582517,0.0017561265928291202,0.1327170384336487
2021-07-06,-0.006105377091466007,-0.002897002641719673,-0.003208374449746333,0.18262422516904694
2021-07-07,0.00847273335063699,0.0025759311590127726,0.005896802191624217,0.042782561893115426
2021-07-08,0.01112317225846332,0.004746829859594651,0.006376342398868672,0.06334703149301647
2021-07-09,0.0025384990217788258,0.0022924902543433653,0.0002460087674354596,0.22744915628747742
2021-07-12,0.003741953411351504,0.001320577047342503,0.002421376364009001,-0.17010839807545813
2021-07-13,0.014036439696819456,0.005921109026681375,0.008115330670138081,0.07093451741459837
2021-07-14,-0.01134904865010905,-0.006935665706397989,-0.004413382943711054,0.011528823958184156
2021-07-15,0.004271152806242271,0.0025543571516497866,0.001716795654592488,-0.06978067482403871
2021-07-16,0.0005951678329481841,-0.0005289301230794307,0.001124097956027614,-0.15589418698827182
2021-07-19,-0.004179416399861604,-0.0030977752127685234,-0.0010816411870930797,0.006654128260081324
2021-07-20,-0.01007910780882364,-0.005946471745096624,-0.0041326360637270135,-0.0036551487477432406
2021-07-21,0.00035314291568868956,-0.0010893482832347676,0.0014424911989234582,-0.1595807739452787
2021-07-22,-0.00022303629808072593,-0.00128740207078729,0.001064365772706564,-0.05401451557724993
2021-07-23,-0.010812825141568498,-0.00619860454212901,-0.004614220599439487,0.08348356746370701
2021-07-26,-0.0035204945137135477,-0.002241952199489302,-0.0012785423142242444,-0.01137690659292354
2021-07-27,0.005241056343664433,0.00246795486015296,0.0027731014835114722,0.06891502502429736
2021-07-28,-0.0006485363092014159,-5.4047581321791966e-05,-0.0005944887278796239,-0.31027092925006733
2021-07-29,0.004544736622115611,0.0027098414627761917,0.0018348951593394197,-0.11132165511227965
2021-07-30,-0.018195632648470666,-0.009385733081210984,-0.00880989956725968,0.14024307403975364
2021-08-02,-0.007729482889398316,-0.0018401483850411385,-0.005889334504357178,0.3341249678828554
2021-08-03,0.009281999181347537,0.005376611257448496,0.0039053879238990404,0.057882050473247945
2021-08-04,0.02175525434137672,0.008137124498442295,0.013618129842934425,-0.2668370784840925
2021-08-05,0.0039688128426100516,0.0020083900851357393,0.0019604227574743123,0.05399190170333712
2021-08-06,-0.01738339067566317,-0.008132574915920803,-0.009250815759742365,0.22596076838539195
2021-08-09,0.0040176575624098,0.001617343011684218,0.002400314550725582,-0.15990904561520694
2021-08-10,0.015171340521340348,0.005185933365460693,0.009985407155879655,-0.3649463158096645
2021-08-11,-0.009836503318497917,-0.002121068476769461,-0.007715434841728456,-0.17221788953961836
2021-08-12,-0.02362789363167119,-0.01216702407003481,-0.011460869561636382,-0.07869260037390616
2021-08-13,-0.011640522748072566,-0.006710334364843406,-0.0049301883832291605,-0.028888368282360386
2021-08-16,-0.005594277390513247,-0.0013358027059388756,-0.004258474684574371,0.37448368455405295
2021-08-17,-0.001901274827578179,-0.003533982698910098,0.0016327078713319221,-0.030020642302026983
2021-08-18,0.02978259881920001,0.014350354262953294,0.015432244556246717,-0.004507366548393042
2021-08-19,-0.0018510754565305132,-0.0015079301625122374,-0.00034314529401827457,-0.10695430320474426
2021-08-20,-0.00029644242047939507,0.0003693087773762545,-0.0006657511978556494,-0.0027850845234645687
2021-08-23,-0.00776604636119901,-0.0042245589067296686,-0.0035414874544693435,-0.08054750016556166
2021-08-24,-0.00018915226769896667,-0.00037131485359396393,0.00018216258589499618,-0.20784103445551985
2021-08-25,-0.0049361928304303805,-0.001079999140873665,-0.003856193689556718,0.2056093022694752
2021-08-26,-0.01366750995334039,-0.005898153182345083,-0.007769356770995307,0.17691984668124366
2021-08-27,0.014121036397606094,0.0047500120638398645,0.009371024333766229,0.22657928358509952
2021-08-30,0.011369864566530555,0.0049553198675764375,0.0064145446989541215,0.04766538064765542
2021-08-31,0.0147419537081305,0.00905719181392238,0.0056847618942081225,-0.23573917440809303
2021-09-01,0.003022762504695868,0.0009163887753292684,0.0021063737293665983,-0.21023053092803892
2021-09-02,-0.01771976450026066,-0.006987333074604287,-0.010732431425656375,0.02261871335991296
2021-09-03,-0.01677697315697742,-0.00449615420761483,-0.012280818949362591,0.11209655124196187
2021-09-06,0.001540701483276296,-0.0009641969586834387,0.002504898441959731,0.04023002675487938
2021-09-07,0.007512020843626649,0.0019151742044265178,0.005596846639200133,-0.0024866110889414854
2021-09-08,0.0024611554514660976,0.00020624196122241006,0.0022549134902436867,-0.09317009043338872
2021-09-09,-0.0001592211199614393,0.000685778648405723,-0.0008449997683671632,0.277753445115728
2021-09-10,-0.005311114108439876,-0.0024804793776349544,-0.0028306347308049208,0.01842896833803985
2021-09-13,0.018389222404933243,0.006870344734105172,0.011518877670828069,-0.24948785975454288
2021-09-14,0.0010128952508523335,0.001057441933975398,-4.4546683123064534e-05,0.0231100269853843
2021-09-15,-0.015775521148232004,-0.005777621780797302,-0.009997899367434709,-0.19205076565459633
2021-09-16,0.001348417364203516,0.00040128625328803014,0.0009471311109154864,-0.05834631147763589
2021-09-17,-0.011932001790550081,-0.005622048844033429,-0.006309952946516652,-0.06871485910429576
2021-09-20,-0.003695593971382935,-0.0023928268576656753,-0.0013027671137172594,0.13997624831637887
2021-09-21,-0.004717850413757491,-0.0008990089611079083,-0.003818841452649581,0.14216674421061826
2021-09-22,0.009561705251108134,0.0008417748028785696,0.008719930448229567,0.21012630461626688
2021-09-23,0.00894453019205118,0.002753172088010448,0.006191358104040733,-0.1596455327442588
2021-09-24,0.014763784084519381,0.0037196727212815226,0.01104411136323786,-0.11344918660173316
2021-09-27,-0.010177444660340764,-0.0036611267464326525,-0.006516317913908113,-0.1380298535432007
2021-09-28,-0.006700212175943302,-0.0020735845200749864,-0.004626627655868315,0.2807529402612718
2021-09-29,-0.0077429020307543854,-0.003946370968793671,-0.003796531061960713,0.2718727818123533
2021-09-30,0.01699130711893923,0.005939429689859244,0.011051877429079985,-0.20279551689322065
2021-10-01,0.016427819521830207,0.007040085759125902,0.009387733762704308,-0.04118092555867175
2021-10-04,-0.012129119800216467,-0.004467652356859602,-0.0076614674433568624,0.06628639055816572
2021-10-05,-0.0024721730823136943,-0.0005111934749689835,-0.0019609796073447117,-0.32447733078720925
2021-10-06,0.0036255353023397193,0.0006377110602910517,0.002987824242048667,0.20718147166724651
2021-10-07,-0.020290929075975857,-0.009543091211386408,-0.010747837864589448,0.22279726746207548
2021-10-08,0.013805230944515582,0.0037716876468876764,0.010033543297627907,-0.25214061485239275
2021-10-11,0.013523668173253157,0.007778259394515527,0.00574540877873763,0.2759941541763421
2021-10-12,-0.015060030284709973,-0.007059987655952145,-0.008000042628757828,0.23999152168716378
2021-10-13,0.01706661168169718,0.00723726153824578,0.009829350143451394,0.13964378598909385
2021-10-14,0.01654809797221318,0.0073530779291194745,0.009195020043093706,-0.011012038572934429
2021-10-15,0.009124193523312424,0.0026535892603275595,0.0064706042629848635,0.1127584195572931
2021-10-18,-0.0006427124147448781,-0.001397636386181328,0.0007549239714364497,0.20999047721432787
2021-10-19,0.007178330846804628,0.0010258610502547416,0.006152469796549885,0.03351322419645985
2021-10-20,0.015144012940929973,0.004447063286770768,0.010696949654159203,-0.10655263779105051
2021-10-21,0.0019266700731857046,3.172420326070027e-05,0.0018949458699250039,-0.07522462415558669
2021-10-22,-0.00657762815900005,-0.0024928570456442343,-0.0040847711133558135,0.0702477233175425
2021-10-25,-0.004707685833173417,-0.0029232009548772163,-0.0017844848782962008,0.099594516646847
2021-10-26,0.003998486765949109,0.003988944756467676,9.542009481432537e-06,-0.02369920052824316
2021-10-27,0.005603373544053601,0.0032355071819956563,0.002367866362057945,0.20487510308048185
2021-10-28,-0.0011885780478738963,-0.0018400415974925057,0.000651463549618609,0.07853738212398369
2021-10-29,0.010153546693119062,0.004162161972753079,0.0059913847203659845,-0.14405630406468153
2021-11-01,0.004000422401388919,0.0019925297141075962,0.0020078926872813215,-0.23445815889962793
2021-11-02,-0.006448981341472145,-0.003497535082833904,-0.002951446258638242,0.07688899847658384
2021-11-03,-0.015685628643835953,-0.00920218616426216,-0.006483442479573789,0.002771108984592251
2021-11-04,0.004432082117247384,0.0035983681379713923,0.00083371397927599,0.18304478887605072
2021-11-05,0.00015020591755500012,0.001645373355403771,-0.0014951674378487698,-0.007113999929441769
2021-11-08,0.009440573608752272,0.006028919174805225,0.003411654433947045,0.007058440116139409
2021-11-09,-0.000341910470892695,-0.0017346380215234767,0.0013927275506307813,-0.17958644884853922
2021-11-10,0.0003603242247393492,0.0017144977231864523,-0.0013541734984471032,0.17633589571052027
2021-11-11,-0.008942557456943629,-0.005050578856690472,-0.003891978600253157,0.1902620884072067
2021-11-12,0.011045539376994255,0.008412468852781012,0.0026330705242132435,-0.22060025387824653
2021-11-15,0.009944711953157272,0.003226039434294836,0.006718672518862441,0.13104553083614806
2021-11-16,-0.012195657580259641,-0.006471808465834006,-0.005723849114425639,-0.1274763830718058
2021-11-17,0.007347042186437379,0.0030785114485194784,0.004268530737917901,-0.2451142616649172
2021-11-18,-0.007470549957883305,-0.006990921553558443,-0.0004796284043248611,0.2432999037697655
2021-11-19,-0.01661058615010621,-0.008529356663601042,-0.008081229486505167,0.40638348927453033
2021-11-22,0.014392134648340493,0.00784878550951238,0.006543349138828113,0.05109841407572886
2021-11-23,0.023707502606023285,0.011814590101563292,0.01189291250445999,0.11776247249435233
2021-11-24,0.0030328579621159233,4.241583613600296e-05,0.0029904421259799203,0.004124375028812697
2021-11-25,0.00706905260380492,0.0037839168269049803,0.0032851357768999417,-0.0890589723144107
2021-11-26,0.00023373098055456596,-2.350909688655922e-06,0.000236081890243222,-0.006738676055612925
2021-11-29,-0.004835781397635894,-0.0013092634130963457,-0.003526517984539548,-0.04671882988316904
2021-11-30,-0.0003904043689869706,-0.0012864706385113832,0.0008960662695244124,-0.21917730931007326
2021-12-01,-0.002593216729356876,-0.0018240830346420017,-0.0007691336947148737,-0.1158459032252359
2021-12-02,-0.012475267355456909,-0.006829712626464628,-0.005645554728992282,0.04298755638362765
2021-12-03,-0.007153485777347323,-0.003944739115208366,-0.0032087466621389567,-0.10791226065688145
2021-12-06,0.0028775614488093315,-0.0010084032261585872,0.003885964674967919,0.13055924426822557
2021-12-07,-0.007697898253149298,-0.003678121985116495,-0.0040197762680328035,-0.2096149929849728
2021-12-08,0.008791165009495719,0.0017980576527639148,0.006993107356731803,-0.17766314784033857
2021-12-09,-0.0138911127814886,-0.006084433921022835,-0.007806678860465762,0.24394518844312965
2021-12-10,-0.014480908255419929,-0.006734262271519239,-0.007746645983900692,0.24177632513970368
2021-12-13,0.014902512604001803,0.005058493111397534,0.009844019492604269,0.12147294778544167
2021-12-14,0.013974618542904174,0.0072688797935050505,0.006705738749399123,0.3124877497762628
2021-12-15,0.006769341121491393,0.0024660951803602543,0.004303245941131139,0.269136601022147
2021-12-16,0.016645271053762973,0.009597709490390901,0.007047561563372072,-0.01565497410210697
2021-12-17,0.01635498376028811,0.008735326476642213,0.007619657283645897,0.02909967491588415
2021-12-20,-0.0007460835440601386,0.00024992098402780026,-0.0009960045280879388,0.02757584013804082
2021-12-21,0.0014589264690859276,0.0012489742391425464,0.000209952229943382,0.3558805194268552
2021-12-22,0.0017168658992631198,0.0004915749889783123,0.0012252909102848063,-0.21006333390052784
2021-12-23,0.022746611281144927,0.011799154512488357,0.01094745676865657,0.07688839208853913
2021-12-24,-0.015137688113012613,-0.004208851473250364,-0.01092883663976225,-0.10072631610597339
2021-12-27,0.004597802829011788,0.0027686663231781955,0.0018291365058335958,-0.3127694662687384
2021-12-28,-0.005492752080031891,-0.003830346413082754,-0.0016624056669491379,0.04329845622038978
2021-12-29,-0.016861809017657596,-0.006953211464189568,-0.00990859755346803,-0.03524172014911073
2021-12-30,0.002315238304727149,-9.797724658689583e-07,0.002316218077193016,0.22948527495573937
2021-12-31,-0.0019343189415176357,0.0019656309340167722,-0.0038999498755344073,0.3125402964162653
2022-01-03,0.012842264080001066,0.004141079466563944,0.00870118461343712,0.12099154264717406
2022-01-04,0.01820871822166966,0.006419852899025424,0.01178886532264424,0.15274143711686786
2022-01-05,0.005771836955954733,0.004383112621048075,0.0013887243349066584,-0.032008692762144846
2022-01-06,0.00847326289222326,0.0026597470461930993,0.005813515846030162,-0.04441698772154558
2022-01-07,-0.0016109343581149317,-0.0002374766926956772,-0.0013734576654192544,0.08668340701733838
2022-01-10,-0.0026172586861548143,-0.0027617387765303952,0.00014448009037558093,0.039837915212453404
2022-01-11,0.004470962108828773,0.0031044430881949575,0.001366519020633815,0.07554469673164584
2022-01-12,0.002276295222118364,0.0033123250596423775,-0.0010360298375240128,-0.2102315283044516
2022-01-13,0.004381707313800871,0.0007042360331265081,0.0036774712806743625,0.16073133254168803
2022-01-14,-0.012510543686021783,-0.008223527419251628,-0.0042870162667701574,-0.019022468302359246
2022-01-17,0.00954625905591849,0.00316948031050585,0.0063767787454126375,-0.023575120901330317
2022-01-18,-0.0011192970032541092,0.0008578257283721716,-0.0019771227316262804,-0.04708789881906454
2022-01-19,-0.0012072821835632731,-0.001483348949654976,0.00027606676609170325,0.1047813616003426
2022-01-20,-0.0026141879181240057,-0.0011972608902842666,-0.001416927027839739,-0.27136068936699914
2022-01-21,0.006762806972810625,0.005060255871785229,0.0017025511010253973,0.05850067503873806
2022-01-24,-0.018145335342177993,-0.011135613243814513,-0.007009722098363481,0.29317285840044066
2022-01-25,0.0034603761449666756,0.0019698008510497973,0.0014905752939168783,-0.404344875188424
2022-01-26,0.01618011566864104,0.008721493865015747,0.007458621803625295,0.08837478292822377
2022-01-27,-0.023430319270169545,-0.012211170555577066,-0.011219148714592475,0.3559688408916652
2022-01-28,0.005147007866326296,0.005842096738118313,-0.000695088871792017,-0.28277727599504643
2022-01-31,0.021017489207984477,0.00687559836202431,0.014141890845960165,-0.15405029680803264
2022-02-01,-0.013442680396613626,-0.006801328260416384,-0.0066413521361972415,0.07197605502898499
2022-02-02,-0.008498846469953735,-0.0031266376339065365,-0.005372208836047197,0.2551153015629343
2022-02-03,0.004314930708245653,0.001171017346350119,0.0031439133618955343,0.07871577355532068
2022-02-04,0.015227136782484258,0.008779413674100914,0.0064477231083833455,-0.026768112581579444
2022-02-07,0.004172148672438035,0.001958138733409269,0.002214009939028766,0.17618242036035897
2022-02-08,-0.0012487425128921165,-0.00171524367187674,0.0004665011589846252,-0.01996195202340177
2022-02-09,0.009768585422695625,0.005679082428484446,0.004089502994211178,0.3854090826568514
2022-02-10,-0.0009254458042680922,0.000280669521771278,-0.0012061153260393698,-0.004863905341012308
2022-02-11,0.026735676198876922,0.015922953579471186,0.01081272261940573,0.16232004087579446
2022-02-14,-0.00028229841602414954,0.00016315777134116947,-0.00044545618736531976,0.23239166521746463
2022-02-15,0.008810628487028304,0.004177260617581118,0.004633367869447185,-0.04138941310276115
2022-02-16,0.013704922522146164,0.0057419282592646665,0.007962994262881497,-0.09934069477232106
2022-02-17,-0.0020946648514640212,0.00042168516972715744,-0.0025163500211911787,0.009346973111506805
2022-02-18,-0.004430856876665012,-0.0015444373719687495,-0.002886419504696262,0.01818180403268831
2022-02-21,0.0004627142866118215,0.0009817973825947514,-0.00051908309598293,-0.049594461064671275
2022-02-22,0.0007675284615462338,-8.163180102082235e-05,0.0008491602625670563,0.12358831171169538
2022-02-23,-0.002517121255128236,-0.0014596680360486752,-0.0010574532190795608,0.09819077705252571
2022-02-24,0.006200063760668014,0.0029087177368049624,0.003291346023863051,0.203617052294648
2022-02-25,0.004693713729144371,-0.0006302613794509334,0.005323975108595305,0.07316172709963537
2022-02-28,0.009444643776369189,0.0023248921060766816,0.007119751670292506,0.15942863706188237
2022-03-01,0.0037729503293145203,-9.356170466587321e-05,0.003866512033980394,0.10367058523912814
2022-03-02,0.006729145648899132,0.003463737610395,0.003265408038504133,0.1062622392291427
2022-03-03,0.005936985351558509,0.0034594959850317106,0.002477489366526798,-0.16172134154690865
2022-03-04,0.0056605505626901,0.0014702132750175146,0.004190337287672584,0.06356572123267568
2022-03-07,-0.008300940510140893,-0.0036508972509189143,-0.00465004325922198,-0.15801080922064117
2022-03-08,0.0033852520258938618,0.0005632757631472624,0.002821976262746599,0.02150719482968208
2022-03-09,-0.0084362829175572,-0.0037564771586805286,-0.004679805758876672,-0.046347643663192564
2022-03-10,0.0011848607344302218,-5.0198411578584144e-05,0.0012350591460088072,0.2022304562168166
2022-03-11,-0.0023003647887615735,-0.0025816645882636895,0.00028129979950211603,-0.22951811552636422
2022-03-14,0.010437546097886372,0.00509214314301461,0.005345402954871762,0.1364233112928423
2022-03-15,-0.01102644251051155,-0.005909635305830196,-0.005116807204681356,0.007703217661185646
2022-03-16,0.006873818219438373,0.004192296352272813,0.00268152186716556,0.09247252977409408
2022-03-17,0.0005167175953990251,0.0010521130732055704,-0.0005353954778065436,-0.30304397954982687
2022-03-18,0.004568264178054505,0.0018761220499643712,0.002692142128090134,0.19348726832627913
2022-03-21,-0.017941043856576938,-0.007327347302099699,-0.010613696554477236,0.3120127318981273
2022-03-22,0.010814741567261492,0.004728422302147612,0.006086319265113882,-0.225285101551213
2022-03-23,0.018892846344605075,0.006197679180556781,0.012695167164048293,0.08573050276640107
2022-03-24,-0.011709970338056232,-0.005919981171093165,-0.005789989166963067,-0.0574825863171511
2022-03-25,0.004020812621104343,0.001050175332998296,0.002970637288106047,0.2388863342273149
2022-03-28,-0.002438196503854088,-0.0011920025080402372,-0.0012461939958138507,-0.1518063303933935
2022-03-29,0.011199168457208857,0.004741267571024806,0.006457900886184052,0.022952298298749105
2022-03-30,-0.006355241905172622,-0.002776564977649675,-0.003578676927522947,0.003319627402533654
2022-03-31,0.0010581515825889127,0.00013717270358163357,0.0009209788790072795,-0.114606997130923
2022-04-01,0.00014388219856070403,-0.000894588928338682,0.0010384711268993877,-0.16163696985450204
2022-04-04,-0.005964302645713239,-0.0033945182369943174,-0.002569784408718922,0.15198481988255313
2022-04-05,-0.008454847302905532,-0.0039832764546843015,-0.0044715708482212305,0.10864476453282042
2022-04-06,0.00653598515374601,0.0019707810930705482,0.004565204060675462,0.13876097135363474
2022-04-07,0.005674649181081725,0.002909211071565695,0.0027654381095160306,-0.23342103217492272
2022-04-08,0.006468653571336628,0.0038598043632787522,0.0026088492080578764,-0.027035991951868486
2022-04-11,-0.011410662089078736,-0.004896827095261444,-0.006513834993817292,0.05892099426681826
2022-04-12,-0.0012729196265334423,-0.0012069800868486989,-6.593953968474442e-05,-0.2742455087277186
2022-04-13,0.0028342885101145057,-3.479459964415496e-05,0.0028690831097586585,-0.009547301036421018
2022-04-14,-0.01544951681294784,-0.005439712874827474,-0.010009803938120367,0.08248646375284634
2022-04-15,-0.0004703680659277059,-0.0001134028114160128,-0.00035696525451169026,-0.21957778209306653
2022-04-18,0.004274984778260723,-0.0016971832193160953,0.0059721679975768185,-0.29298503983675195
2022-04-19,-0.009554899829550826,-0.004602908008647901,-0.004951991820902927,0.1185553636712188
2022-04-20,-0.017582120548721256,-0.007030022801061582,-0.01055209774765967,0.13390431964663424
2022-04-21,0.006756681037508457,0.0031823125611720494,0.0035743684763364075,-0.10836563733270965
2022-04-22,0.007382821365783092,0.004719437947486206,0.002663383418296885,-0.1662756438784585
2022-04-25,-0.005814106025510703,-0.002467712907965933,-0.0033463931175447704,-0.09602656938970465
2022-04-26,-0.009215122256603156,-0.0035978721519470533,-0.005617250104656106,-0.060935063358845194
2022-04-27,-0.005450117041655491,-0.0007882191480494358,-0.004661897893606056,0.12559417130879685
2022-04-28,-0.004054004918928053,0.0002906033197817286,-0.004344608238709782,0.01724627122621142
2022-04-29,0.00806517790067045,0.0012217894171109049,0.006843388483559547,0.2876381749790431
2022-05-02,0.0009203323126239158,0.0012173948940543064,-0.00029706258143039066,-0.24482662742237027
2022-05-03,0.014782106926780772,0.006123276026771125,0.00865883090000965,-0.22631604298077249
2022-05-04,-0.01308629617990668,-0.0043026143077872,-0.008783681872119482,-0.30076630846089547
2022-05-05,-0.014247428097666302,-0.004533358446190225,-0.009714069651476078,-0.006853912919887881
2022-05-06,-0.020662455978636453,-0.010140578147923292,-0.010521877830713162,-0.02551297246918025
2022-05-09,-0.0004831077979756136,0.0009816496487707427,-0.0014647574467463553,0.2899863298457208
2022-05-10,-0.0014584315358541723,0.00038093170634893696,-0.0018393632422031084,-0.25425173527439654
2022-05-11,0.019880476841802497,0.006647678261033433,0.013232798580769067,-0.27848420890973136
2022-05-12,-0.016024102275100028,-0.005310001274118819,-0.01071410100098121,0.10896420567434043
2022-05-13,-0.018574807715004693,-0.007313154976968639,-0.011261652738036058,0.005989879232075673
2022-05-16,0.0065538524423208195,0.0018139888866720135,0.004739863555648803,0.2696668017530352
2022-05-17,0.0003441551171934386,-6.575499365002804e-05,0.0004099101108434675,-0.02312408879455394
2022-05-18,0.017620727326147785,0.00563652752720842,0.011984199798939364,-0.288137183222064
2022-05-19,-0.0013402971624298962,0.0005558884953145182,-0.0018961856577444148,-0.4633404075097023
2022-05-20,-0.01699003373910263,-0.007763027578359119,-0.009227006160743512,0.19651688455708122
2022-05-23,-0.02905622843633538,-0.011751342335908143,-0.017304886100427238,-0.1469967185296814
2022-05-24,0.015366692163829883,0.00536941183801725,0.009997280325812628,-0.14184880512959158
2022-05-25,-0.010543918511754423,-0.003950027189436748,-0.006593891322317675,0.21083192324799094
2022-05-26,-0.011287743716121759,-0.007113579139472793,-0.004174164576648969,0.13958474724130981
2022-05-27,0.018388404924379223,0.004643674940991794,0.013744729983387428,-0.13313707551238646
2022-05-30,0.01083464358591011,0.0010275637178238622,0.009807079868086249,-0.16958548512315072
2022-05-31,-0.01118336888584287,-0.001896274427427791,-0.009287094458415083,-0.058472156793146185
2022-06-01,-0.013791715978976202,-0.006384483343286492,-0.00740723263568971,-0.11480467039911699
2022-06-02,-0.004254715074969207,-0.0037945115410896596,-0.0004602035338795475,-0.01824064815823802
2022-06-03,-0.007135705189070906,-0.004468760345104159,-0.002666944843966749,0.1010368850922662
2022-06-06,-0.0009752160729907622,-0.0025358611508205127,0.0015606450778297525,0.07495082684705114
2022-06-07,0.005762786322923177,0.0014575795167689658,0.004305206806154211,-0.013040648362596852
2022-06-08,0.004346384124326706,0.0010603994813320836,0.003285984642994622,0.09793949497018276
2022-06-09,-0.000712779481597269,-0.002927256963387321,0.0022144774817900517,0.07106851442582585
2022-06-10,0.005950972957941506,0.0012451522780544443,0.004705820679887063,0.04011623373264556
2022-06-13,0.004045455738800274,-0.001853689894528535,0.005899145633328811,0.03620634198676861
2022-06-14,0.0022759846371098805,0.0006659242595514533,0.0016100603775584272,0.17679188278940378
2022-06-15,0.0022969385021194525,0.0030941906177583993,-0.0007972521156389472,0.14139245224200456
2022-06-16,0.010155598071259733,0.003948851230002904,0.006206746841256831,0.08173342144069663
2022-06-17,0.007915134119467062,0.0022653466565174868,0.005649787462949576,0.04399172381503558
2022-06-20,0.003999475085882954,0.0015431451058099416,0.0024563299800730107,-0.08624999605798919
2022-06-21,0.001961469262833326,0.001991673601717819,-3.0204338884494072e-05,-0.09776696850785684
2022-06-22,-0.0042018748283480225,-0.0031505501606448934,-0.0010513246677031282,-0.06459438738809314
2022-06-23,-0.005964078311317397,-0.002216613921605661,-0.0037474643897117367,-0.12949303572573798
2022-06-24,-0.004087304778532095,-0.0013093171127899939,-0.0027779876657421008,0.17209209295728276
2022-06-27,-0.007533131247726489,-0.00231710465507016,-0.005216026592656327,0.13343449307900357
2022-06-28,0.010367365525561537,0.007083766172369501,0.0032835993531920367,0.4079971402993777
2022-06-29,0.007997916563043304,0.00488965969723018,0.0031082568658131215,-0.2129841786849702
2022-06-30,0.025926409461165888,0.01241287819888046,0.013513531262285428,0.02826860682329998
2022-07-01,-0.01126262891517648,-0.0029249896764301088,-0.00833763923874637,-0.160479536773493
2022-07-04,0.0015693811133188028,0.0010830933006619296,0.00048628781265687426,0.09268668612365016
2022-07-05,-0.008532104033506944,-0.00278029311015051,-0.005751810923356434,-0.05896626465748219
2022-07-06,0.00507470484061424,0.0007060955523614815,0.0043686092882527575,0.05382502755157817
2022-07-07,-0.0032553297218359135,-0.0018179600730867276,-0.0014373696487491837,-0.024929754491425288
2022-07-08,0.003297211173526726,0.00025524145228083845,0.003041969721245887,0.041257381674483534
2022-07-11,-0.0012005443434928839,-0.000518488701265959,-0.0006820556422269248,0.2930483308450401
2022-07-12,0.0023187081923792476,0.0011605172447256367,0.0011581909476536113,-0.034414203312760544
2022-07-13,0.01763338567399663,0.009201224345272664,0.00843216132872397,-0.2640158770330814
2022-07-14,-0.001696413223521868,0.000705258166567321,-0.0024016713900891894,-0.10699366039989827
2022-07-15,-0.016568822828850326,-0.004723134746893468,-0.01184568808195686,0.1327246130771031
2022-07-18,-0.00596211812175026,-0.0018125186354091384,-0.0041495994863411205,0.2740181616957421
2022-07-19,0.008569235445246605,0.0026822119678266837,0.005887023477419921,0.19485327141739228
2022-07-20,0.01878006362305692,0.006383694366439371,0.012396369256617551,0.07591435387263884
2022-07-21,0.010743015552344134,0.005238087796766704,0.005504927755577434,-0.20572529143933949
2022-07-22,0.004360698764647757,-0.0004965296485092341,0.004857228413156991,0.0170756810732991
2022-07-25,-0.01118022440833016,-0.005856860144496676,-0.005323364263833487,0.20620715110052967
2022-07-26,0.000918869403724993,0.0014617305631055028,-0.0005428611593805092,-0.09425527314118283
2022-07-27,0.012072151148607381,0.004912296548039433,0.007159854600567946,0.07325431501046449
2022-07-28,-0.004756409265033012,-0.0018517799910866281,-0.0029046292739463835,-0.18798430435278907
2022-07-29,0.003619938744501935,2.0375353603495003e-05,0.0035995633908984413,0.17106498666161907
2022-08-01,-0.008232542039922953,-0.0038936124167997443,-0.004338929623123209,0.18233355504581886
2022-08-02,0.00773300761324453,0.002004550289087803,0.005728457324156727,-0.08251272871469141
2022-08-03,0.008944544843657493,0.003999540497454369,0.004945004346203126,0.10462726045009328
2022-08-04,-0.00407625418635369,-0.0027355719168435585,-0.0013406822695101314,0.15920457416684117
2022-08-05,0.00552734473112157,0.00029677364641812407,0.0052305710847034455,0.065545810461242
2022-08-08,0.007894475666239374,0.004121821942538604,0.0037726537237007703,-0.04532292384854934
2022-08-09,0.003697295049673754,0.0028258341349877616,0.0008714609146859924,-0.1624244178510626
2022-08-10,-0.002516246919438994,-0.0011654834709805659,-0.0013507634484584267,0.03995662431834994
2022-08-11,-0.008280657451853494,-0.005991373912262219,-0.002289283539591275,0.12396261645214544
2022-08-12,0.0016587544992422826,0.0009757240502319063,0.0006830304490103767,0.14010006602389774
2022-08-15,0.006272369429370368,0.0007032780383310518,0.005569091391039317,0.19031590022422126
2022-08-16,0.006582662468734641,0.0014212644909019807,0.005161397977832659,0.04283789776202491
2022-08-17,0.008784488005472626,0.004166847202941533,0.004617640802531093,-0.024441581377158246
2022-08-18,0.0023030387060856182,0.000385955509558774,0.0019170831965268469,-0.0856700347020035
2022-08-19,-0.0013769428365954604,-0.004596088124007382,0.003219145287411922,0.0036270659561162765
2022-08-22,-0.004368548692520479,-0.0037367975340066306,-0.0006317511585138495,-0.02005080094648906
2022-08-23,0.0001743652144035714,-0.0023283641226897788,0.00250272933709335,-0.024459292955197217
2022-08-24,-0.001023741639529201,0.0008765880842677657,-0.001900329723796966,-0.01746022538039536
2022-08-25,-0.0012477461454204345,-0.001175726970724125,-7.201917469631036e-05,-0.003333643475092793
2022-08-26,-0.0007077690294810947,0.0004120539830645179,-0.0011198230125456128,0.3728918817224346
2022-08-29,-0.0001630748306390644,-0.0015999335604324893,0.001436858729793425,0.2630376196789872
2022-08-30,0.01981978580000404,0.012496897925662323,0.007322887874341715,0.028687950360339273
2022-08-31,0.013764227017946305,0.007871289537711938,0.005892937480234368,-0.006317223333589046
2022-09-01,0.0013461181619825254,-0.0008152060883552278,0.0021613242503377528,-0.03344516396252048
2022-09-02,-0.0002885132808543925,-0.0011454427093106467,0.0008569294284562542,0.021551649929825906
2022-09-05,-0.0012616207770518003,-0.001151920933642513,-0.00010969984340928728,0.19879073455808022
2022-09-06,0.0008993048961828662,0.0012305854035684592,-0.00033128050738559164,-0.1114929407372993
2022-09-07,0.009398942938210381,0.005313908707087687,0.004085034231122695,-0.2726115618824563
2022-09-08,-0.004611255537750181,-0.003182056142962502,-0.0014291993947876808,0.18712148766983358
2022-09-09,-0.013195377404756101,-0.006072328616675305,-0.007123048788080795,-0.060373343310359776
2022-09-12,0.00812569140160733,0.004815513579211303,0.0033101778223960272,0.017968704545700247
2022-09-13,-0.0027556779138535213,-0.0028148959892180837,5.9218075364561584e-05,0.1498664103049455
2022-09-14,0.0007896804215334044,-9.706775970830424e-05,0.0008867481812417088,-0.1171696009248572
2022-09-15,0.009361183441977845,0.006909367524390025,0.002451815917587817,0.14738414941454384
2022-09-16,-0.00565940156395591,-0.0050070341282829715,-0.0006523674356729396,-0.1269015208272404
2022-09-19,0.007948540571195765,0.003930703971524274,0.0040178365996714925,-0.12937656238199205
2022-09-20,-0.007946987960782179,-0.003900250812800928,-0.00404673714798125,0.2620581148533618
2022-09-21,-0.00767546105068739,-0.00530579188085026,-0.0023696691698371283,0.41278755725927807
2022-09-22,0.016328286351812722,0.009597771470135946,0.006730514881676777,0.26968945580843984
2022-09-23,0.02442101943766428,0.011480377079908365,0.012940642357755912,0.05943827529727025
2022-09-26,0.012963921503962021,0.004681769521005815,0.00828215198295621,0.13435881091476784
2022-09-27,0.002979130276477394,0.00020965511003670284,0.0027694751664406906,0.18329815271839897
2022-09-28,0.00710056500496698,0.0031171474609298817,0.003983417544037098,-0.014712813297541384
2022-09-29,0.008715176416319142,0.0036313628881079873,0.005083813528211154,-0.20632029097389898
2022-09-30,-0.0007753625227685646,-0.0010336717755431999,0.0002583092527746354,-0.1730464334888456
2022-10-03,-0.007929173615482137,-0.004304235424298326,-0.0036249381911838095,0.25857317693065174
2022-10-04,-0.008935827845749126,-0.004546791098498962,-0.0043890367472501635,0.15719848939268793
2022-10-05,0.013450034195826428,0.005620907434557305,0.00782912676126912,0.020843255206607885
2022-10-06,0.007028862986032418,0.003451119831095849,0.0035777431549365696,-0.21500523742715993
2022-10-07,0.0009049630100130248,0.00017670635409296545,0.0007282566559200614,0.057667216137810326
2022-10-10,-0.009334905906172284,-0.004747096462634606,-0.004587809443537676,0.19103019107922908
2022-10-11,0.002644269776951729,0.0010405222543492056,0.0016037475226025233,-0.1158787243186902
2022-10-12,0.008625301579370588,0.0035675066784676204,0.005057794900902966,0.02223218726302829
2022-10-13,-0.005098035322428583,-0.002504697414403157,-0.002593337908025426,-0.1356994993302192
2022-10-14,0.0008829996679511562,-0.00032630587244636324,0.001209305540397521,0.37723114444831385
2022-10-17,-0.005481425337145842,-0.00135331658706166,-0.004128108750084183,-0.31768875447415745
2022-10-18,0.018965749836907093,0.010275904161395268,0.008689845675511829,0.10366364581345844
2022-10-19,-0.01455152301022989,-0.006101872185539651,-0.008449650824690243,0.1267010722249216
2022-10-20,0.004696276536264912,0.0018856002520714543,0.0028106762841934568,-0.1086848593316337
2022-10-21,0.005987836878595944,0.0036402572012839947,0.0023475796773119494,-0.2327599745618166
2022-10-24,-0.005153844629518507,-0.001528637750304077,-0.003625206879214431,-0.08453133143182175
2022-10-25,-0.013109760984728016,-0.005841749641390877,-0.007268011343337139,-0.1301874113567258
2022-10-26,-0.004763628321899952,-0.0016847515078633208,-0.0030788768140366306,0.09490249337908614
2022-10-27,-0.006905220167216299,-0.0034931765989084556,-0.0034120435683078418,-0.4364120202269502
2022-10-28,0.0043548275893367915,0.0015017468276951875,0.0028530807616416057,0.08411667214743077
2022-10-31,-0.021240935869087162,-0.00833894544918046,-0.012901990419906698,0.11184950301800593
2022-11-01,0.004769739901944782,0.0019386871772109592,0.002831052724733823,-0.024933203330447608
2022-11-02,0.0050470530743406085,0.0012642880853655318,0.0037827649889750755,0.18236894846612126
2022-11-03,-0.0012055218340594003,0.0008643202286882021,-0.002069842062747601,0.2532848177381729
2022-11-04,0.008786689528045823,0.003715208154189976,0.005071481373855845,-0.18003859940933106
2022-11-07,0.014139678088194071,0.005576430700152462,0.008563247388041609,0.0909083509282552
2022-11-08,-0.010028568165009927,-0.0016675570207094273,-0.008361011144300498,-0.02682677162239055
2022-11-09,0.0052325625583330695,0.002403715477768062,0.0028288470805650084,-0.13298811845594907
2022-11-10,-0.0015406593221502622,-0.0015824334424902574,4.1774120339998014e-05,0.11552226876034154
2022-11-11,-0.0073301859572886055,-0.003566216384098219,-0.0037639695731903865,0.017939053568329033
2022-11-14,0.008521881798216571,0.004022042944399291,0.00449983885381728,0.04032194309239086
2022-11-15,0.0012606945162086112,0.0020408043930143626,-0.0007801098768057523,0.10713097266553259
2022-11-16,0.00232295823539639,0.0014635447643364923,0.0008594134710598975,0.12501469108591837
2022-11-17,0.004740613286718048,0.0013056886800088586,0.003434924606709189,0.24295543848714568
2022-11-18,0.006427356811742924,0.0008895259044740204,0.005537830907268905,0.006714001987931528
2022-11-21,0.012102658422228874,0.007065876821777405,0.005036781600451471,-0.04506656503992222
2022-11-22,0.0004211166594519292,0.0028120759486186322,-0.0023909592891667025,-0.21258513847721291
2022-11-23,-0.002307103564437349,0.0006858892867870735,-0.0029929928512244224,0.26093733567343314
2022-11-24,-0.012013821291460478,-0.004646613146906826,-0.007367208144553653,0.020949791642302498
2022-11-25,0.013407280399722318,0.004057547430063098,0.009349732969659222,-0.12302129022465194
2022-11-28,0.0009549459810396837,-0.00021208087053212936,0.001167026851571813,-0.18866970840676459
2022-11-29,-0.006105580826193387,-0.002320772098029545,-0.003784808728163844,0.11596265361397405
2022-11-30,-0.008232995550695017,-0.001796799280579531,-0.006436196270115488,-0.06719762196598261
2022-12-01,0.0055863014715135904,0.0027191072113861743,0.002867194260127417,0.012884371731900905
2022-12-02,-0.0030337704610755027,-0.002533876399137645,-0.0004998940619378592,8.165070756092601e-05
2022-12-05,0.0005962905059396008,-0.000989150126101965,0.0015854406320415654,0.1171481897853047
2022-12-06,3.9876716120697785e-06,0.0004170499773337461,-0.00041306230572167764,-0.047087531901696976
2022-12-07,0.006012370500257021,0.0029107472388037944,0.0031016232614532262,0.18923780680098415
2022-12-08,-0.0023673251062227988,-0.001435938634018712,-0.0009313864722040859,-0.04819618906532433
2022-12-09,0.009152976114134615,0.0031496046516986034,0.006003371462436012,0.023125923295284134
2022-12-12,-0.0022532596812512742,-0.002454489463133253,0.00020122978188197825,0.027333130106708764
2022-12-13,0.0013597919775755161,-0.0011346580354450887,0.002494450013020605,-0.024469537018679342
2022-12-14,0.0012206691305920352,-0.0012797773758254638,0.002500446506417499,-0.05851888614532145
2022-12-15,-0.001068838234310259,-0.0002009737476293405,-0.000867864486680919,-0.08451322988943259
2022-12-16,-0.0027317986246230006,-0.002729482014296714,-2.3166103262865084e-06,-0.10355807225004365
2022-12-19,-0.004875643160353464,-0.0022399902376030057,-0.002635652922750458,0.09323653657654939
2022-12-20,-0.005358672009003456,-0.0033955498831174193,-0.001963122125886036,-0.10631025616379298
2022-12-21,0.004745884733756362,0.002473739472818339,0.002272145260938021,-0.17480406087863004
2022-12-22,-0.005378546932992808,-0.002172128944815193,-0.003206417988177614,0.09496309554434347
2022-12-23,-0.0090081847789498,-0.004542948881386079,-0.004465235897563721,-0.14639817465768465
2022-12-26,0.005282874026086427,0.0022603697646595526,0.0030225042614268754,-0.06775057866943335
2022-12-27,-0.006798260055570731,-0.003415845934438358,-0.00338241412113237,-0.16009304898280524
2022-12-28,-0.0030011090425539956,-0.0019285077447443785,-0.0010726012978096167,0.08314619684932353
2022-12-29,-0.007031567535001762,-0.005469370569126903,-0.0015621969658748576,0.06476345268082061
2022-12-30,0.0037152864456439314,-0.00011211486261872208,0.0038274013082626526,-0.09677968070834034
2023-01-02,0.0027119613836552557,0.0006101095963777494,0.0021018517872775045,0.01713690235027479
2023-01-03,-0.004146706225108558,-0.003301441209456491,-0.000845265015652066,0.10515231840669871
2023-01-04,0.0006701232431899457,-2.7250852579157377e-05,0.0006973740957691022,0.11775536259018088
2023-01-05,0.004305377270347157,0.00013336622482553427,0.0041720110455216244,0.17457948920530564
2023-01-06,0.00460031590575275,0.0020015735155190575,0.002598742390233692,0.11969778464112053
2023-01-09,0.010899933287022583,0.004924281147538279,0.005975652139484304,-0.03808928441535816
2023-01-10,0.0059487915808139604,0.0030235255558607554,0.0029252660249532046,-0.04972678485516604
2023-01-11,-0.00170107053079508,-0.0013483287268081946,-0.0003527418039868859,0.3193581563160822
2023-01-12,-0.0021572811878964966,-0.001069707348342156,-0.0010875738395543398,0.01919308216983913
2023-01-13,0.017630759066515872,0.006067898171916462,0.011562860894599413,-0.1874226858202789
2023-01-16,0.0008999047284763955,0.0005153509514506729,0.00038455377702572256,-0.060651163797979926
2023-01-17,-0.009270401859799595,-0.006652786747677093,-0.0026176151121225038,-0.1212423639555589
2023-01-18,-0.0026051076600915003,-0.0025380175212455064,-6.709013884599472e-05,-0.1205970813885203
2023-01-19,-0.0041729338450507535,-0.0017474662559412383,-0.002425467589109516,-0.1538857671225295
2023-01-20,-0.004949252165803301,-0.004079079265141013,-0.0008701729006622833,-0.09473380743434294
2023-01-23,-0.006462289499190364,-0.0021292600630562694,-0.004333029436134093,-0.08938961220253078
2023-01-24,-0.003786512553222268,-0.001689045227805613,-0.0020974673254166533,0.27496634527540326
2023-01-25,-0.0043676395488993856,-0.004537007640806376,0.00016936809190698857,-0.2069912837094145
2023-01-26,0.011921634098079682,0.005553016679826293,0.0063686174182533885,-0.08588405307243076
2023-01-27,-0.008072447846649898,-0.0056179895100597075,-0.0024544583365901903,-0.17074794903003426
2023-01-30,-0.003538960372714449,-0.0015081671013786918,-0.002030793271335757,-0.11075770582593146
2023-01-31,-0.006641475487826289,-0.00321442840758768,-0.00342704708023861,0.04449902956508206
2023-02-01,-0.0047161813951178575,-0.002221748636919811,-0.0024944327581980473,0.04752607510949044
2023-02-02,0.0021939073777040687,0.005357531494033993,-0.003163624116329925,-0.21261761474654933
2023-02-03,0.0021806366001029124,0.00015206607127392878,0.0020285705288289827,0.09408875643955052
2023-02-06,-0.011467958197181593,-0.002525743843970696,-0.008942214353210895,-0.06946304967725099
2023-02-07,0.0047541008179345454,0.0031516580155405618,0.0016024428023939837,0.23019885620166738
2023-02-08,-0.003833914197311407,-0.004119448678355335,0.00028553448104393087,-0.13371883083146394
2023-02-09,0.01217752207384485,0.003052043594779723,0.009125478479065124,-0.15889569088073097
2023-02-10,-0.007856114545683138,-0.0063646593019124915,-0.0014914552437706482,-0.08792244252152988
2023-02-13,-0.009745423361824029,-0.006138579860725222,-0.0036068435010988102,-0.30837472118438913
2023-02-14,-0.004574440925955187,-0.0013046505358885185,-0.0032697903900666715,0.11467245804880491
2023-02-15,-0.022801502646592565,-0.009706139014006375,-0.013095363632586197,-0.35085880645019035
2023-02-16,0.006977556024358254,0.004160609254188874,0.0028169467701693804,-0.517604154331699
2023-02-17,-0.02125685460963815,-0.008362630552264057,-0.012894224057374087,-0.10886345045846452
2023-02-20,-0.05387333582040098,-0.02340574204859809,-0.03046759377180288,-0.19623561134743603
2023-02-21,-0.013452598484478722,-0.015230867247368524,0.0017782687628897995,0.6155451858944473
2023-02-22,-0.025843622518104438,-0.017681457997601097,-0.008162164520503345,0.4608484045319062
2023-02-23,0.06141010997484494,0.02558827791624839,0.03582183205859655,0.38143816753045495
2023-02-24,0.041789139848259,0.026734927205573362,0.015054212642685643,0.4790986804433755
2023-02-27,0.022873764973974357,0.01609629382050916,0.006777471153465193,0.3839054627210014
2023-02-28,0.027415841045862806,0.016197325575954193,0.011218515469908614,0.5876989975233095
2023-03-01,0.021209456048444666,0.013620549545757758,0.007588906502686911,0.347702651795932
2023-03-02,0.03738729206968268,0.02132740297921708,0.016059889090465594,0.2187044070721645
2023-03-03,0.02015926166472378,0.010590535741901644,0.009568725922822137,-0.39088472182080325
2023-03-06,0.01213506713274589,0.005828712556287707,0.00630635457645818,-0.003633715953492984
2023-03-07,-0.032142610747291855,-0.016649260890632255,-0.015493349856659594,0.018658826880149974
2023-03-08,-0.000349671899771764,0.00041167759828667633,-0.0007613494980584293,-0.19256735979210685
2023-03-09,0.001067178399011313,-0.00024993933291146166,0.0013171177319227772,-0.2046252930121354
2023-03-10,-0.012104478263039373,-0.005707510350146557,-0.006396967912892815,0.11480678434772276
2023-03-13,-0.011883921479393125,-0.006019523280254867,-0.00586439819913826,0.15837909035329523
2023-03-14,0.006074200173971777,0.004690660356329965,0.0013835398176418115,-0.18679101301898055
2023-03-15,0.010315404178441828,0.006406581761130688,0.0039088224173111415,0.3099743777046188
2023-03-16,-0.010515977310954239,-0.003801983386457536,-0.006713993924496703,0.33814559001055056
2023-03-17,0.017602763742370492,0.0071067148780934765,0.010496048864277015,-0.13650110658059195
2023-03-20,0.020565151078288442,0.00803625823367343,0.012528892844615008,0.12230890306979156
2023-03-21,-0.007338500338775538,-0.0037967541533063015,-0.0035417461854692365,0.10593923358874309
2023-03-22,0.0063538320914583515,0.003742344599173831,0.0026114874922845213,-0.07151146394737216
2023-03-23,0.005092016970391761,0.0027471596229806123,0.0023448573474111455,0.10756325634003301
2023-03-24,-0.0035166889679975736,-0.001091940096077982,-0.002424748871919593,0.1070105640455097
2023-03-27,0.00522932717555772,0.0021378532758915343,0.0030914738996661857,0.1394645566093309
2023-03-28,0.0062292025471818654,0.003948641319767649,0.002280561227414218,-0.16204056696154734
2023-03-29,0.008014438031560378,0.004097164655026773,0.003917273376533605,0.2612650898783999
2023-03-30,-0.0103513129959604,-0.0038411480314132287,-0.00651016496454717,0.24856452097936543
2023-03-31,0.017361766289552733,0.006474353231578241,0.010887413057974499,0.32549431428355863
2023-04-03,0.015856581112714062,0.006290998185367256,0.009565582927346807,-0.46761468404089185
2023-04-04,0.022625561823932987,0.010925002840642649,0.011700558983290338,-0.01723695183913655
2023-04-05,-0.030027038314139134,-0.014715411916236461,-0.015311626397902674,0.02666920884278645
2023-04-06,-0.0010410028698237001,-0.002632437870231097,0.0015914350004073985,0.10371355060853933
2023-04-07,0.0017855326835751564,-0.0008478258597705568,0.0026333585433457145,0.2573700117538383
2023-04-10,0.006548398359595419,0.0026952129516110233,0.0038531854079843944,0.08946362625544808
2023-04-11,0.01723538452314745,0.006693351398979665,0.010542033124167783,0.0849304520941846
2023-04-12,0.006149058011736812,0.0023726389402708506,0.0037764190714659612,-0.02416026382235738
2023-04-13,0.0048589198085006394,0.001574746503350835,0.0032841733051498026,0.05073477599939124
2023-04-14,-0.0014640877942303306,-0.0003422548911163163,-0.0011218329031140138,-0.0961746523701925
2023-04-17,0.0030742825059516575,0.0004742629233741428,0.0026000195825775156,-0.08579334977874915
2023-04-18,-0.005907386766156222,-0.0028923614698571787,-0.003015025296299042,0.046811259616941166
2023-04-19,-0.007872634684851098,-0.005214313118609596,-0.0026583215662415,0.15192890444569435
2023-04-20,0.004201250282114394,0.0014506548720730136,0.0027505954100413774,-0.21169881893621673
2023-04-21,0.013047329245666678,0.005880354959922854,0.007166974285743824,-0.3506828906267384
2023-04-24,-0.01360065513167499,-0.007683321882583368,-0.005917333249091623,0.10955242958294897
2023-04-25,-0.023565917479522906,-0.011641309243351848,-0.011924608236171058,0.2868935641728787
2023-04-26,0.008552070285013626,-0.0009040157668259692,0.009456086051839594,0.11251400466015217
2023-04-27,0.01886287225181837,0.008068995703583048,0.010793876548235323,-0.014935385522177215
2023-04-28,0.007345935542929137,0.003707547258409532,0.003638388284519605,0.18126000439569953
2023-05-01,-0.0009298009214652372,-0.002139004410119289,0.0012092034886540524,0.328736413661859
2023-05-02,0.013109722944815081,0.0050459634485212485,0.008063759496293833,-0.08720070869586784
2023-05-03,0.025196871840167445,0.00968288281860898,0.015513989021558466,-0.24756071970070773
2023-05-04,-0.005981975085508113,-0.004794151296870111,-0.0011878237886380032,-0.08314190399494066
2023-05-05,-0.016032066211748835,-0.007606954372265013,-0.008425111839483818,-0.22018882080290078
2023-05-08,-0.0050024071695068525,-0.002451216886099981,-0.0025511902834068727,-0.13742481491717465
2023-05-09,-0.013806414945627536,-0.007812974588373909,-0.005993440357253625,-0.19080711102003586
2023-05-10,-0.007117424972530261,-0.005860290922855821,-0.00125713404967444,-0.27309870526035385
2023-05-11,-0.011437067272807182,-0.009368228418011694,-0.002068838854795488,0.18636097146337194
2023-05-12,-0.018616518712256204,-0.010825401038887792,-0.00779111767336841,0.036701881828529945
2023-05-15,0.010429813754400684,0.005755893170085235,0.00467392058431545,0.2722011761313867
2023-05-16,0.002052776822000565,0.000787199934321703,0.0012655768876788619,0.008471683970279476
2023-05-17,0.015626933481215743,0.006896497859079297,0.008730435622136448,-0.23137220143803716
2023-05-18,0.0005379478455589354,-0.0025740045189474956,0.0031119523645064297,-0.051992885959419075
2023-05-19,-0.014822188440706935,-0.005839035731897891,-0.008983152708809044,0.15110486417398616
2023-05-22,-0.0026289310996926033,-0.003117017206461962,0.0004880861067693594,-0.060846847264726944
2023-05-23,0.00818458928620953,0.0019179977504918725,0.00626659153571766,0.028525246486437585
2023-05-24,-0.003244988653138327,-0.001982414234611797,-0.0012625744185265318,-0.15934013644068873
2023-05-25,0.0017844239879892883,-0.00035608104071013433,0.002140505028699422,-0.11105724747935994
2023-05-26,-0.0096350130404518,-0.006664018584923578,-0.0029709944555282196,-0.07369483504650698
2023-05-29,-0.006083738663662785,-0.005139679283766669,-0.0009440593798961134,0.010915337480414329
2023-05-30,-0.003787490399080212,-0.0037950440943730354,7.553695292823791e-06,0.08247923628794054
2023-05-31,0.000571003225510376,-0.002677759334367232,0.0032487625598776083,-0.17037089486721332
2023-06-01,0.00450697705608771,-0.00038179445532730404,0.004888771511415013,-0.06534171593960847
2023-06-02,-0.010767221267685348,-0.007650692386711788,-0.0031165288809735583,0.08453826985991207
2023-06-05,-0.004275769077341284,-0.0027463310442491754,-0.001529438033092108,-0.20721756328948204
2023-06-06,0.004972214676901999,0.0029482842020244326,0.0020239304748775663,0.23682326617317967
2023-06-07,-0.014094668765244235,-0.009198517460026583,-0.004896151305217658,-0.06698181268449525
2023-06-08,0.01484583455089731,0.007336654924457231,0.007509179626440078,0.15943288443572706
2023-06-09,-0.003702912865766758,-0.0004494773773915223,-0.003253435488375236,-0.02539574770089565
2023-06-12,0.008028451636990412,0.0046400016722895916,0.00338844996470082,-0.017782437716593436
2023-06-13,-0.0011536356121325186,-0.0011225186736871472,-3.1116938445371195e-05,-0.06574684379805303
2023-06-14,-0.0008121312874249885,-0.00011818864034089356,-0.0006939426470840954,0.23211130874485875
2023-06-15,-0.003435900336913507,-0.001395890575836222,-0.0020400097610772843,0.2164751541401969
2023-06-16,0.01225049820914546,0.006090603353632948,0.0061598948555125115,-0.18197136424444044
2023-06-19,0.010924552492691246,0.0061014992600691605,0.0048230532326220855,-0.031028774832915978
2023-06-20,-0.009385550499820212,-0.004877826971141915,-0.004507723528678294,-0.16713858796734435
2023-06-21,-0.0014717285306708656,-0.0026802049507180224,0.0012084764200471572,0.1659274183456122
2023-06-22,-0.010167638693079163,-0.00446947039406162,-0.005698168299017543,0.20302021809130835
2023-06-23,0.010127044565730308,0.0030360792126831954,0.007090965353047113,-0.10247142510959094
2023-06-26,0.012756254095407647,0.004216072528669922,0.008540181566737724,-0.2187852517316564
2023-06-27,-0.004648130995341612,-0.001648283196371808,-0.0029998477989698034,0.1663475817356072
2023-06-28,-0.01186598934515952,-0.006496794401775819,-0.005369194943383698,0.29654071502532425
2023-06-29,0.008944070900532286,0.0037580322015523197,0.005186038698979967,0.27308644658528114
2023-06-30,0.019109981570791093,0.01149261921153055,0.007617362359260539,-0.30906591039064946
2023-07-03,0.016557067968528363,0.010890357811252395,0.00566671015727597,0.157420708993758
2023-07-04,-0.014619383818349319,-0.005588120384659587,-0.009031263433689731,-0.24895283928231993
2023-07-05,0.007680354047628363,0.0022361216328890057,0.005444232414739359,-0.24887966334084885
2023-07-06,-0.014564431672407854,-0.004210208230126741,-0.010354223442281117,-0.13267459065783468
2023-07-07,-0.015559712287678766,-0.007900649213286938,-0.00765906307439183,0.31025632598853153
2023-07-10,-0.008769871037991369,-0.005008280401183649,-0.003761590636807721,0.09898336315185496
2023-07-11,0.017241164766256263,0.007420399699098492,0.009820765067157771,-0.11758362791327277
2023-07-12,0.0050852601891259825,0.0030877233458479654,0.001997536843278018,-0.15034585388464344
2023-07-13,-0.0061315014208854325,-0.0020079154768650274,-0.004123585944020406,0.18482391409833623
2023-07-14,-0.007792529332112955,-0.00168970125031276,-0.006102828081800194,-0.026592220966502607
2023-07-17,0.010519667178227138,0.004456932079707253,0.006062735098519885,-0.006810529239376557
2023-07-18,-0.001383644732387622,-0.0006061935662045113,-0.00077745116618311,-0.037422850018033395
2023-07-19,-0.00033055942622672754,-0.0016204192241388142,0.0012898597979120869,-0.17976663959646863
2023-07-20,-0.0019617749661724904,-0.0003254336876959245,-0.0016363412784765655,-0.08592270099010443
2023-07-21,-0.011197522616278398,-0.004843830580375699,-0.0063536920359027,0.045818055081920474
2023-07-24,-0.004881429762731634,-0.003541976395087087,-0.0013394533676445441,0.06962808380301734
2023-07-25,0.002447718157195802,0.0005625909555262397,0.0018851272016695629,-0.22627256587312283
2023-07-26,0.0036729888625762013,0.00028096528783058683,0.0033920235747456166,-0.16021753144708356
2023-07-27,-0.013591184925306438,-0.0050079791192323385,-0.0085832058060741,0.35707260924024153
2023-07-28,-0.00901051189968756,-0.003742010898355552,-0.005268501001332007,-0.16085391019099143
2023-07-31,0.0215106099062006,0.009511958782120827,0.01199865112407977,0.015435513667844701
2023-08-01,-0.008149060868502169,-0.004887163094800164,-0.003261897773702004,0.05413387131950473
2023-08-02,0.0009600262142167358,-0.0008354048740094478,0.0017954310882261851,0.14265026541416675
2023-08-03,0.0035852556434599523,0.0008460369754899263,0.0027392186679700246,0.12662598384726045
2023-08-04,0.007987668721683671,0.0018937278114999102,0.006093940910183759,0.10376774793486811
2023-08-07,0.007215958611884434,0.002202870691065542,0.005013087920818893,0.046541877648304184
2023-08-08,0.006052777484266232,0.0013832788138314726,0.004669498670434758,0.12515804035856648
2023-08-09,0.0024684712813227783,-0.001186501397075915,0.0036549726783986925,-0.06445623901631413
2023-08-10,0.007553830755317296,0.0011901867200515715,0.006363644035265724,-0.15099929647705948
2023-08-11,-0.0026230575189134836,-0.0021929173527095325,-0.00043014016620395064,0.0514749009339916
2023-08-14,-0.007783128577571091,-0.0036244059011497623,-0.004158722676421329,0.022731184987540645
2023-08-15,0.002480474868973672,8.925134637187068e-05,0.002391223522601801,0.04484199757174489
2023-08-16,0.001386024473717789,-0.0008777733165707844,0.002263797790288574,-0.05578600511916992
2023-08-17,0.0029299493959129455,0.0004780424705188392,0.002451906925394106,0.037419556890629674
2023-08-18,-0.0031926245800665927,-0.0021501821497250453,-0.0010424424303415482,0.04301798478260637
2023-08-21,0.0020199586375605925,0.0015221516874355675,0.0004978069501250255,0.04494241820702237
2023-08-22,0.0024566612831239507,0.00026082851939955923,0.0021958327637243875,0.01854640798838486
2023-08-23,0.002690908913018958,0.0012937738234385528,0.0013971350895804052,-0.031659441522315264
2023-08-24,0.0011058608821436927,-0.0010479003210001406,0.002153761203143833,0.05307399316714432
2023-08-25,-0.001940390809323631,-0.002157323244727687,0.0002169324354040561,0.1824447272137408
2023-08-28,0.0030086358969357062,0.0002574973901487325,0.002751138506786972,0.07690580855286269
2023-08-29,0.010715206288304462,0.004973207632963368,0.005741998655341092,-0.3095289356651982
2023-08-30,0.004112418073850691,0.004104690066218639,7.728007632053224e-06,0.001358187177353315
2023-08-31,-0.018357073881932626,-0.009956938007539815,-0.008400135874392811,0.10179206523777011
2023-09-01,8.354177824227197e-05,0.0014023501859671376,-0.0013188084077248655,0.07683777521063656
2023-09-04,0.005114066533240655,0.0012533815058607773,0.0038606850273798787,-0.04378819394466662
2023-09-05,0.003761612299217026,0.002071484007572146,0.0016901282916448792,-0.005189283929291891
2023-09-06,-0.0023813517557448073,-0.001980716704553723,-0.00040063505119108424,0.06395082359059076
2023-09-07,-0.0002980681509220692,-0.002086446119661989,0.0017883779687399206,0.03690955909427622
2023-09-08,0.0038728391941810023,-0.00030654608772433993,0.004179385281905342,-0.030412919429871704
2023-09-11,0.0020999794892820997,-0.0008566860984866621,0.0029566655877687623,0.041011924205654415
2023-09-12,-0.0015548597197799887,-0.0020653319591350957,0.0005104722393551072,0.09197141006049336
2023-09-13,0.0022406488105027574,-0.0003605214042221253,0.002601170214724882,0.07835658088681076
2023-09-14,0.005212124706185468,0.001404106257966351,0.0038080184482191188,-0.1381417848457712
2023-09-15,0.004330262014319533,0.0008060334552444232,0.003524228559075117,0.02510647531519091
2023-09-18,-0.008523060492590148,-0.002752446616926886,-0.005770613875663261,0.34863917512218573
2023-09-19,0.0012331497438287488,0.0013349746526464356,-0.00010182490881768683,-0.0012684955199223867
2023-09-20,0.02090013034211005,0.00845180880885614,0.012448321533253918,0.175344899892222
2023-09-21,-7.098772645490296e-05,0.001158920343207739,-0.0012299080696626403,0.11689245360405616
2023-09-22,0.01208279085985352,0.006212092334183246,0.005870698525670272,-0.09268385705540369
2023-09-25,0.009020387321147698,0.007225536089865231,0.0017948512312824655,-0.22082591394056786
2023-09-26,-0.004620486235801229,-0.0014826353847810642,-0.0031378508510201686,0.129931300791332
2023-09-27,-0.025607401507472517,-0.015870207473645294,-0.009737194033827223,0.335840787234841
2023-09-28,0.014174977799790036,0.01683373239606588,-0.0026587545962758474,0.27274360961251876
2023-09-29,0.031020733625082814,0.009099102466833528,0.02192163115824929,-0.38519378481243766
2023-10-02,0.022422678929045172,0.013114661995215347,0.009308016933829828,-0.041261380303701696
2023-10-03,-0.027344160354869054,-0.011002134964371045,-0.016342025390498005,0.01974703781488003
2023-10-04,-0.0027947163670480005,0.00032777067511504526,-0.003122487042163046,-0.11162311650061446
2023-10-05,0.0014076478393469259,0.00048211241926644777,0.000925535420080479,-0.25981711302588606
2023-10-06,-0.00770651060326843,-0.0007336649668658038,-0.006972845636402626,-0.36826722373226684
2023-10-09,-0.01705341054332006,-0.008974135795447397,-0.008079274747872664,0.21301562859725529
2023-10-10,-0.03088229123625304,-0.013296511614962633,-0.01758577962129041,0.10568650881568396
2023-10-11,0.018323365548915137,0.0033104854982286824,0.015012880050686458,0.12622148373496608
2023-10-12,0.007654094414541996,0.0025013996380509078,0.0051526947764910895,-0.2045087578381321
2023-10-13,0.00905925428563156,0.0043201478079297004,0.004739106477701861,-0.1873589865641277
2023-10-16,-0.014968811323785296,-0.009715449328614397,-0.005253361995170895,-0.047431780488989723
2023-10-17,-0.014258026143472267,-0.007366858704540791,-0.006891167438931478,-0.16179349738219478
2023-10-18,-0.004432252469948493,0.0008246108195571061,-0.0052568632895056006,-0.271948475755457
2023-10-19,-0.013217580157174147,-0.005618447222037586,-0.007599132935136562,0.3716336039848642
2023-10-20,-0.0223982970727162,-0.011121941724523271,-0.011276355348192928,0.06603410930718089
2023-10-23,0.043295815667515725,0.01887396946881477,0.02442184619870095,-0.3706989457399855
2023-10-24,0.005363919613905731,-0.0021244239719844793,0.007488343585890208,-0.046771151920541085
2023-10-25,-0.02706697268577153,-0.0128269058639735,-0.014240066821798028,-0.0062338560963535695
2023-10-26,-0.003661766854224389,-0.003484482323590903,-0.00017728453063348484,-0.0630021940415134
2023-10-27,-0.00044164798133069106,-0.0036800163717124086,0.003238368390381722,-0.09819977845586174
2023-10-30,-0.004971153064094217,-0.00290034216225768,-0.002070810901836537,0.2672839719727904
2023-10-31,-0.008409936644704739,-0.009398709030624928,0.000988772385920194,0.07660028443668901
2023-11-01,0.019121528055663993,0.00882377335773265,0.010297754697931344,0.25741161500626614
2023-11-02,0.0049416931468920225,0.0019606374444239784,0.0029810557024680436,0.3282334497847113
2023-11-03,0.017944557713824336,0.010457263034846669,0.007487294678977671,0.40920956649180745
2023-11-06,0.024740899469242635,0.0108794402176355,0.01386145925160713,-0.2050599692843974
2023-11-07,0.0430795901390496,0.019324766181386475,0.02375482395766312,-0.24416602567636542
2023-11-08,-0.014364010189001184,-0.00817867237014936,-0.006185337818851822,-0.06619433399774821
2023-11-09,-0.01583210536368524,-0.006790050250764283,-0.009042055112920958,-0.10957967694033412
2023-11-10,-0.00431865127542012,-0.002383249082810586,-0.0019354021926095344,0.00013035691849573543
2023-11-13,-0.009022007883649038,-0.0033074854844178866,-0.005714522399231148,0.23750644040534175
2023-11-14,2.4297677477334812e-05,-0.003867594826221784,0.003891892503699119,0.0404153658570896
2023-11-15,0.018374783278285525,0.0053366252207568765,0.013038158057528648,-0.06771481462223317
2023-11-16,0.00279172703765375,0.0007881198638925863,0.0020036071737611627,0.04312437784651345
2023-11-17,-0.004527438053488027,-0.0050709278528054385,0.0005434897993174115,-0.19110792325565204
2023-11-20,0.0030197472400055095,0.00136930612774897,0.0016504411122565382,-0.07466745961909058
2023-11-21,-0.013130556010264164,-0.006585558062714644,-0.006544997947549518,0.05533955318443937
2023-11-22,-0.0050152740206128085,-0.002088682129384276,-0.002926591891228532,-0.11623372194260483
2023-11-23,0.003830195907834481,0.00377063142656652,5.9564481267961045e-05,0.019977054825690573
2023-11-24,-0.007667514199927289,-0.0027640115888895173,-0.0049035026110377695,0.02458743810132836
2023-11-27,0.0013029175864327797,-0.0014075002541526372,0.0027104178405854187,-0.018387651063263892
2023-11-28,0.001496516931037284,-0.00011605143360408736,0.001612568364641371,-0.051304240592077964
2023-11-29,-0.0012328913143425844,0.0017232596508673509,-0.0029561509652099357,-0.041657373711265426
2023-11-30,-0.003586942181107477,-0.0035128194601009907,-7.412272100648654e-05,-0.04512515233254447
2023-12-01,-0.0027991207575117647,0.0008548943043899977,-0.003654015061901765,-0.033058258726818036
2023-12-04,-0.003363392453902536,-0.00237584334687254,-0.0009875491070299967,0.3691096979342038
2023-12-05,-0.002441430991314446,-0.00462044487868698,0.002179013887372537,0.06749548516539353
2023-12-06,0.028839317919110947,0.01102846755194866,0.01781085036716229,0.13267920270493516
2023-12-07,0.004418828710714957,-0.00013937277742605194,0.00455820148814101,-0.01646070579066361
2023-12-08,0.008842625126869839,0.0022442771397652014,0.006598347987104639,0.21262420948551897
2023-12-11,-0.0009763377431473619,0.0008611121610943928,-0.0018374499042417567,0.017078072630309266
2023-12-12,0.01874599473126147,0.004812484502741434,0.013933510228520032,-0.012061742899229573
2023-12-13,0.0011336875743472022,-0.0013643488675954005,0.0024980364419426027,-0.09887710913685868
2023-12-14,-0.0008402845025947533,-0.003002305722929123,0.002162021220334369,0.12694349963372914
2023-12-15,-0.005960634446227117,-0.0016422253110146088,-0.004318409135212507,0.1209735188214783
2023-12-18,0.007600197293512826,0.0013032122482795287,0.0062969850452332995,0.041483073343068395
2023-12-19,0.007389215689322415,0.0010562138634894452,0.006333001825832971,-0.10428576558942673
2023-12-20,0.002889147402191167,-0.0029657780834178547,0.005854925485609022,0.01645446320096826
2023-12-21,-0.007328067071699367,-0.0024531809581647794,-0.004874886113534586,0.1890018286367598
2023-12-22,0.0013350080325449606,-0.0029897065743921536,0.004324714606937119,0.1334893107988507
2023-12-25,0.014396381783908889,0.003227555575025867,0.011168826208883022,-0.15166387100338885
2023-12-26,0.009056147371723097,0.007154098096048337,0.0019020492756747602,0.062251758246499464
2023-12-27,-0.00884289301522408,-0.00020825251421554961,-0.00863464050100853,-0.06793715662756526
2023-12-28,0.003607601159511268,0.0029326131442245873,0.0006749880152866813,0.2805595934626905
2023-12-29,-0.004793839021766065,-0.0053908559780757,0.000597016956309631,0.13280007238866864
2024-01-01,0.01716262728982838,0.006131004793349017,0.011031622496479362,0.0447380678984
2024-01-02,0.008529056515303267,0.007605816228915548,0.0009232402863877109,0.049837686984171695
2024-01-03,0.002368993058239849,0.0012215688579910724,0.0011474242002487765,-0.022985349769916008
2024-01-04,0.0025640428436003292,0.001855679138366633,0.0007083637052336961,-0.011614650291605667
2024-01-05,-0.0013119827030653728,-0.0032623274098529088,0.0019503447067875357,-0.2619937393613399
2024-01-08,-0.0006099718418606616,0.0004223521933731005,-0.0010323240352337624,-0.16778863949762543
2024-01-09,-0.015573854125479292,-0.007205834700987851,-0.00836801942449144,0.07731552131692739
2024-01-10,-0.009348712125451557,-0.005338642495814424,-0.004010069629637134,0.04838652341456592
2024-01-11,0.004207225727161057,-0.0003552937102474069,0.004562519437408465,0.08378640167982074
2024-01-12,0.0032085655713933545,0.0032824177019381545,-7.385213054479818e-05,0.2923796959012377
2024-01-15,0.0062881580223282515,-0.0011191098579122014,0.007407267880240452,0.08873784690493836
2024-01-16,0.025152307815495246,0.012798833080441534,0.01235347473505371,0.18085143010907653
2024-01-17,0.005785709566523163,0.004802009695027486,0.0009836998714956788,0.23171445876291394
2024-01-18,0.010176060083467062,0.007749757121407918,0.0024263029620591476,-0.188921733495061
2024-01-19,0.01552946633371239,0.010972323344738848,0.004557142988973542,-0.12510450453428354
2024-01-22,-0.011706559380999753,-0.003806912975131252,-0.0078996464058685,0.16505376766225724
2024-01-23,-0.00740464511078152,-0.0005929356380927325,-0.006811709472688788,-0.175708582820638
2024-01-24,0.010221300931577634,0.006342064225970447,0.0038792367056071867,-0.03564460195796351
2024-01-25,-0.012896986969875965,-0.006822032854443905,-0.00607495411543206,0.14051669563971086
2024-01-26,-0.0025215035454323738,0.001233279591514938,-0.003754783136947314,-0.29359850231573786
2024-01-29,0.010226072670263063,0.002640588892793696,0.007585483777469371,0.02462854613807161
2024-01-30,-0.019950011197380827,-0.005926209062870429,-0.014023802134510394,-0.25756566695408545
2024-01-31,0.00154969532587499,0.001051594653735461,0.0004981006721395302,0.16604961735810317
2024-02-01,-0.017847525737624173,-0.006108907413525256,-0.011738618324098917,-0.017810875439565454
2024-02-02,0.011211881371412194,0.002666982067361791,0.008544899304050403,-0.02424923346725409
2024-02-05,-0.0010524161670283252,-0.0016414344802042555,0.000589018313175929,0.24221066595336432
2024-02-06,-0.001375368809212768,-0.0021024425205767704,0.0007270737113640024,0.4257307654597183
2024-02-07,0.016564630832909225,0.007871075665318004,0.008693555167591217,0.0823390013897066
2024-02-08,0.034622105224839356,0.01605037408500588,0.018571731139833483,-0.18456088468439324
2024-02-09,0.005750672761355662,-0.000844280907649909,0.006594953669005572,-0.17454650625756538
2024-02-12,-0.01274116060494181,-0.00681681330861451,-0.005924347296327301,-0.3365020625058884
2024-02-13,-0.010563205459189224,-0.002054676531500838,-0.008508528927688387,0.11449379212945926
2024-02-14,-0.02228848005003408,-0.00969336224010211,-0.012595117809931968,0.2338249036503481
2024-02-15,0.007066547841176096,0.0020854666223687644,0.004981081218807332,0.02047944390763705
2024-02-16,0.013698547667275074,0.005809841651498511,0.007888706015776563,-0.06615821532472273
2024-02-19,0.001047199354052043,0.000582694664668296,0.00046450468938374727,0.24231718287009282
2024-02-20,-0.004043807181745728,-0.0011499271510359813,-0.002893880030709746,0.23712593851319042
2024-02-21,0.01569740720157436,0.005910208813179992,0.009787198388394371,0.026876934341378868
2024-02-22,0.014078500490002473,0.006286725373909827,0.0077917751160926476,-0.01766385010520915
2024-02-23,0.0015492588146706842,0.0009843147485764968,0.0005649440660941869,0.06002139072658775
2024-02-26,-0.0008757396625010651,-0.0001966056807487255,-0.0006791339817523393,0.08478124067920544
2024-02-27,0.0031173708077626427,0.00034665840117459497,0.0027707124065880478,0.2291484879738848
2024-02-28,0.005270995576844245,0.000822858376017621,0.004448137200826624,0.15146474896904283
2024-02-29,0.01495605519906713,0.0042231739259242975,0.01073288127314283,0.1727053904716552
2024-03-01,0.010557234360209665,0.00596309242712843,0.004594141933081235,0.05099628134785486
2024-03-04,0.011793954556730487,-0.0005494683567018035,0.012343422913432291,0.1575760741528099
2024-03-05,0.002714588004933697,0.0015952113401569478,0.0011193766647767502,0.036684056403606266
2024-03-06,0.008819205047111978,0.001565731762004226,0.007253473285107748,0.010030138476963305
2024-03-07,0.0020277836510673693,0.0006331269567263157,0.0013946566943410545,-0.10101915153865201
2024-03-08,0.0006137093219029491,0.0017295231551471002,-0.001115813833244151,-0.009076214227794834
2024-03-11,-0.005410315021419535,-0.005747122050500958,0.00033680702908142277,0.027489459058377175
2024-03-12,-0.00042801771211755366,0.0004783013887680607,-0.0009063191008856141,-0.16811365256360197
2024-03-13,0.0015594315869916684,-0.002351044610238495,0.003910476197230163,-0.12242674429244454
2024-03-14,-0.011665301959947184,-0.0058294697374510485,-0.005835832222496132,0.2497868687015151
2024-03-15,-0.014472603605987462,-0.009458117226138023,-0.005014486379849438,0.237489859741417
2024-03-18,0.0181475462944612,0.00976296886149891,0.008384577432962292,0.21498627677285298
2024-03-19,0.014153008652500357,0.007767149349614321,0.006385859302886033,-0.0075551540814670455
2024-03-20,0.014247772781417123,0.006499504986805094,0.0077482677946120295,0.06181337887554121
2024-03-21,-0.0004096532406707835,0.0004880029479826138,-0.0008976561886533951,-0.1577330553281286
2024-03-22,0.003559648504780822,-0.00023776744628407475,0.003797415951064898,-0.029119933648983402
2024-03-25,-0.008449133163633882,-0.005186386910078174,-0.003262746253555708,0.21728900153015696
2024-03-26,-0.0015194867458453185,-0.0027447963268269135,0.0012253095809815948,0.11094441714042648
2024-03-27,0.012855398404308615,0.004945441430150334,0.007909956974158281,-0.2436424322485557
2024-03-28,0.006967549757857178,0.006326857365143726,0.0006406923927134503,0.3437752360266023
2024-03-29,-0.015929746413891062,-0.009322719978213097,-0.006607026435677966,-0.299733833944792
2024-04-01,0.022909823024776902,0.012924099490897407,0.009985723533879493,0.09872254209237101
2024-04-02,-0.018874459487660738,-0.012234315315279902,-0.0066401441723808316,0.034519582892355107
2024-04-03,0.005961383468379228,0.0020936235502291164,0.0038677599181501108,0.17223971743748348
2024-04-04,0.00280519916192793,0.0008228080934445312,0.001982391068483398,0.33742452164478837
2024-04-05,0.012049583868170063,0.0041808695949787,0.007868714273191364,0.2984175438207813
2024-04-08,0.02340372730285756,0.01181653671961858,0.011587190583238979,0.0253335487706104
2024-04-09,0.018572627039739054,0.011168244965379527,0.00740438207435953,0.2761585534979653
2024-04-10,0.0013209377596877236,-0.0006777470558031991,0.0019986848154909236,-0.19416165506705652
2024-04-11,0.01554864469827046,0.008822422784794764,0.0067262219134756945,0.16470779563285942
2024-04-12,-0.0099786455635088,-0.005799780559426572,-0.004178865004082228,-0.03841066660146557
2024-04-15,0.00857169139282371,0.005288952357196093,0.003282739035627617,-0.1080992524952663
2024-04-16,-0.0020369406819935173,0.00024162388478219375,-0.002278564566775712,-0.12713561114620212
2024-04-17,-0.005011859654003309,-0.0018692882283157953,-0.0031425714256875154,-0.07978887744336324
2024-04-18,-0.00680873188360905,-0.0032781979326787346,-0.0035305339509303143,-0.04095118276982101
2024-04-19,-0.004042455768574552,-0.0014879484461868524,-0.002554507322387699,0.1569248987771635
2024-04-22,-0.0023709566421929794,-0.0011863058419797467,-0.0011846508002132366,0.07646115697896666
2024-04-23,0.008785601758757413,0.00435460227886772,0.004430999479889694,-0.003813817757174204
2024-04-24,0.0039603314204187355,0.0021367157733572515,0.0018236156470614845,0.037931497070407265
2024-04-25,-0.00019842468359558053,3.29504242092965e-05,-0.00023137510780487508,-0.10757857610855412
2024-04-26,0.0021229404265459997,0.000624310599116126,0.0014986298274298725,-0.05273527379047163
2024-04-29,-0.005623527687374095,-0.0033214848228490385,-0.0023020428645250564,-0.024389860061401702
2024-04-30,-0.002926999318383487,-0.00013470967332487134,-0.002792289645058616,-0.07214172510789797
2024-05-01,-0.0013620752844744882,-9.999324415519264e-05,-0.0012620820403192962,0.05942543334544123
2024-05-02,-0.0045612094075521,-0.002289773913641959,-0.002271435493910144,-0.11398352430641627
2024-05-03,0.0034774123348956716,0.0009049824223151103,0.0025724299125805625,0.055462469622467196
2024-05-06,-0.006744903498531827,-0.0030444852439129406,-0.003700418254618887,0.03874954969669854
2024-05-07,0.0030113178761277497,0.0009289747075557214,0.002082343168572029,0.05970191110479538
2024-05-08,0.0022344193310487666,-0.0005620813717405137,0.0027965007027892807,-0.24473162868734696
2024-05-09,0.003400325471139526,0.0010083466074561865,0.0023919788636833396,-0.04047160606529924
2024-05-10,-0.0133287895333871,-0.004385134668848949,-0.008943654864538155,0.013804621463709284
2024-05-13,-0.00225234955670535,0.0003682908078257042,-0.002620640364531055,-0.11771472229892863
2024-05-14,0.0006623998688863176,-0.0007502885789621794,0.0014126884478484984,0.07541491916857677
2024-05-15,-0.0060809471547037895,-0.00265027495403015,-0.0034306722006736405,-0.17386793493662187
2024-05-16,0.0047726143809497,0.0016176582766206874,0.0031549561043290146,0.04336997271380597
2024-05-17,-0.009268158155322868,-0.00321763925946274,-0.0060505188958601295,0.1056777672444169
2024-05-20,0.0022660368392932724,-0.0007270665680448277,0.0029931034073380994,0.22476326700524193
2024-05-21,0.005420171672527881,0.002966912164901552,0.002453259507626329,0.017233103205463726
2024-05-22,0.012508700016976352,0.005105316470791555,0.0074033835461847965,-0.1951666918673071
2024-05-23,0.0009877718771004586,-0.0018675847949949772,0.0028553566720954356,0.25314481376077763
2024-05-24,-0.011028822906141295,-0.0021511711077309686,-0.008877651798410328,0.1435273600244384
2024-05-27,0.015584697294260052,0.00904558236768753,0.006539114926572522,-0.09746550635950262
2024-05-28,0.007611770626784493,0.0033949472088650717,0.004216823417919421,0.057334161186810936
2024-05-29,-0.004797962557191237,-0.0020171265033902814,-0.0027808360538009564,-0.11008514849190869
2024-05-30,0.002724420153609735,0.001532504550571784,0.0011919156030379512,-0.006980594438163239
2024-05-31,-0.005578242589406946,-0.00018180334604439227,-0.005396439243362552,0.21818719345778564
2024-06-03,-0.0003639486939120127,-0.00011509251874257777,-0.00024885617516943494,-0.0606574167580233
2024-06-04,0.0122490738182329,0.002130342914631246,0.010118730903601655,0.06218589593634438
2024-06-05,-0.0030221850301194973,-0.0011519318503755982,-0.0018702531797439,-0.08243081160820004
2024-06-06,0.0031159642637132055,0.000829343798909643,0.0022866204648035633,-0.13980862395098143
2024-06-07,-0.004154140882085169,-0.0013318873307425934,-0.002822253551342575,0.01693019640364141
2024-06-10,-0.007101644929098181,-0.002456892405640409,-0.0046447525234577704,0.03851645271289278
2024-06-11,0.0008049470042099031,0.0004097671603760488,0.0003951798438338545,0.020127185941668076
2024-06-12,0.0020249137793088125,-0.0017919859022464653,0.0038168996815552787,0.115585231463684
2024-06-13,0.0011542995759827022,0.0003029800446452645,0.000851319531337439,-0.02218952792307711
2024-06-14,0.0068080484359907215,0.0018144739631005627,0.004993574472890159,0.12932001240548838
2024-06-17,-0.0014594440744265936,0.0010460782717100527,-0.0025055223461366467,-0.11930787386365523
2024-06-18,0.006793203410542908,0.0034550980722216815,0.003338105338321226,0.007756037636879155
2024-06-19,-0.005690060311668733,-0.002318955753805709,-0.0033711045578630238,-0.014536929282273632
2024-06-20,0.0003636619511584458,-0.00226424671748928,0.0026279086686477257,0.0070154330841972
2024-06-21,-0.0008641509244912614,-0.001786683063093212,0.0009225321386019496,0.09226146424929946
2024-06-24,0.00045724444246654505,-0.001224598135102714,0.0016818425775692596,-0.019057965067888222
2024-06-25,0.005230374175360968,0.002293672089904529,0.002936702085456439,0.055581347830661564
2024-06-26,-0.000977257281040281,-0.00038677141819556775,-0.0005904858628447123,-0.14632202186578927
2024-06-27,0.0028372155672234853,0.0015045426574750063,0.0013326729097484786,-0.29060143128169874
2024-06-28,-0.008519379556384574,-0.0024838137966084464,-0.006035565759776128,0.12483772824234596
2024-07-01,-0.01738237040699782,-0.006326076482200769,-0.01105629392479705,-0.07212006583373784
2024-07-02,0.006858652034111991,0.00365631867364492,0.00320233336046707,0.04988409560475523
2024-07-03,-0.0039436315372300265,-6.351286785118843e-05,-0.003880118669378837,-0.04377727307278831
2024-07-04,0.002706732999943893,-0.00033664025420112546,0.0030433732541450195,0.06523038254659454
2024-07-05,-0.0021886141485235825,-0.001251508852444144,-0.0009371052960794393,-0.11564032284636266
2024-07-08,0.0030929306511988885,-0.00018867469553922062,0.0032816053467381095,0.00558920068972777
2024-07-09,-0.006224742946612116,-0.00419400881341225,-0.0020307341331998663,-0.08934354893066901
2024-07-10,0.0003051553121543854,0.00031507423155358467,-9.918919399198682e-06,-0.13496974659368263
2024-07-11,-0.004878537758875947,-0.0016236793500792005,-0.003254858408796748,0.050476205458243724
2024-07-12,-0.007895288764229003,-0.002238623462291074,-0.005656665301937928,-0.18006870915040124
2024-07-15,0.002725898720326685,0.0011599409395076242,0.0015659577808190613,0.10224018743120845
2024-07-16,-0.011668713786617928,-0.002845220750792578,-0.00882349303582535,-0.20175690043053193
2024-07-17,0.006326568373454965,0.002466360756778186,0.00386020761667678,-0.10100064290345491
2024-07-18,-0.01134835599504624,-0.0060197111338347944,-0.005328644861211446,0.05146433046509235
2024-07-19,-0.006396270216705489,-0.0015606243799225362,-0.004835645836782953,0.11447478776330874
2024-07-22,0.0033713457284351702,0.00027927140515720227,0.003092074323277969,0.24734518413297332
2024-07-23,0.006887801216936756,-0.00013336350734516767,0.007021164724281923,-0.15140536981809724
2024-07-24,0.014763553195201234,0.005781395329145387,0.008982157866055848,-0.0726678085094563
2024-07-25,-0.008051715811750489,-0.004604367095614947,-0.003447348716135541,0.09813232479973492
2024-07-26,-0.004782512420171053,-0.0016039998024228366,-0.003178512617748217,-0.018782341704914593
2024-07-29,0.006077727362002367,0.0019641448499291047,0.004113582512073264,-0.2750415018926593
2024-07-30,-0.0012480728114414245,0.0013951457493487675,-0.0026432185607901913,-0.045691556852284064
2024-07-31,-0.01847581890678505,-0.007609538716609637,-0.010866280190175413,-0.1274742040128592
2024-08-01,-0.0030711713451364057,-0.0011210274372143256,-0.00195014390792208,0.28884034855511204
2024-08-02,-0.008827332043392068,-0.003685407906517481,-0.005141924136874587,-0.01300277548758048
2024-08-05,0.021415640974020916,0.008027707486439835,0.013387933487581077,0.3968709296341574
2024-08-06,-0.0008549201840001236,0.00030802955376041385,-0.0011629497377605366,-0.32193211201771293
2024-08-07,0.02792277691958114,0.009256044700301537,0.018666732219279607,-0.00031021999343842075
2024-08-08,-0.018963946944222713,-0.0075321001618375485,-0.011431846782385166,0.019735406828513307
2024-08-09,-1.932586961549826e-05,-0.0019006714776326102,0.001881345608017112,-0.040241052640601904
2024-08-12,0.0012396340937086124,-0.0008823103333476696,0.0021219444270562816,-0.174497361399978
2024-08-13,-0.00220874399303121,-2.4270753401025875e-05,-0.0021844732396301843,0.022793201423963693
2024-08-14,-0.010575673551788506,-0.003393131068775283,-0.007182542483013225,-0.02158606913217145
2024-08-15,0.0014031809373077644,0.00022525332888878526,0.001177927608418978,-0.0370811612637256
2024-08-16,-0.0012411031960112735,-0.0014343437023320495,0.00019324050632077558,-0.06386101997909269
2024-08-19,-0.0023607549251956177,-0.0016245524804729926,-0.0007362024447226268,0.009396083028826269
2024-08-20,-0.00430037630466696,-0.0033136752622086748,-0.000986701042458286,0.06652936475010926
2024-08-21,0.0006025039324683273,0.0006238187027981547,-2.1314770329827412e-05,-0.08975243752552979
2024-08-22,0.0044728153638974935,0.00012284262736354974,0.004349972736533943,-0.017153562204534237
2024-08-23,-0.005644449328418013,-0.0023493011599569945,-0.0032951481684610185,0.0073467094147650095
2024-08-26,-0.0011841543824970709,-0.0010337335917021493,-0.00015042079079492267,-0.05635257475575889
2024-08-27,0.0004343016763262347,0.0006616198261051032,-0.00022731814977887052,0.21016195402331153
2024-08-28,-0.0032471803609632906,-0.0027041690521904718,-0.0005430113087728184,-0.19995088414095163
2024-08-29,0.01379523301092251,0.0020948117056498582,0.01170042130527265,-0.03914390142761926
2024-08-30,-0.011565155630282969,-0.0047009247054441445,-0.006864230924838826,-0.08614806979171107
2024-09-02,-0.002275503666156568,-0.00025812408258241507,-0.002017379583574155,0.19974511779550802
2024-09-03,-0.006271190228321524,-0.0019093635848916688,-0.004361826643429854,-0.0418519596792796
2024-09-04,0.014519079312805168,0.003634361689191375,0.010884717623613793,0.17112890171219056
2024-09-05,-0.002784791134940371,0.0010658706917267614,-0.0038506618266671328,-0.032911325363308215
2024-09-06,0.012207149493751663,0.0018733031170049246,0.01033384637674674,0.0307819714195501
2024-09-09,-0.0018015181226541926,0.0005929639688581501,-0.0023944820915123427,0.12659512158091377
2024-09-10,0.0016480990708119194,-0.0002079408649220387,0.0018560399357339576,0.051539712484481956
2024-09-11,0.008626441776822941,0.0021084091474096386,0.006518032629413299,0.023648290362641038
2024-09-12,0.0029527849140875443,0.0018400199666008654,0.0011127649474866799,0.11361132965026792
2024-09-13,0.0011905196019380447,0.001086738393018578,0.0001037812089194675,0.02097200788352
2024-09-16,0.006463885661378574,0.0006926702397058834,0.005771215421672691,0.05602652450365441
2024-09-17,0.0012448055800647027,-0.00118389427734134,0.0024286998574060427,0.007052951151455837
2024-09-18,0.0035687063768264833,0.0026677793133106135,0.0009009270635158698,-0.01500355892550976
2024-09-19,0.00043913074610961336,0.002038878952972791,-0.0015997482068631766,-0.15674446511181567
2024-09-20,-0.0008818655392526082,0.00042171826543458844,-0.0013035838046871972,0.012116497292934729
2024-09-23,-0.009248984558601257,-0.0029459589725192607,-0.0063030255860819975,0.26650521448971887
2024-09-24,0.000744730688696311,-0.0012908716185537957,0.0020356023072501048,0.002953869825843828
2024-09-25,0.0176130263238408,0.009367454018303223,0.008245572305537576,-0.0969829714432168
2024-09-26,0.0001800805131522271,0.0011412280407199233,-0.0009611475275676986,-0.10617539422416732
2024-09-27,-0.005953845597856963,-0.00388619380094734,-0.0020676517969096227,-0.0018438436139424832
2024-09-30,-0.005936725325126608,-0.0023435279981551477,-0.003593197326971463,-0.11011520000503472
2024-10-01,-0.00010801643808165933,-0.0011109553766705258,0.001002938938588866,0.014536513455202266
2024-10-02,-0.006791077609879508,-0.0038231568468380353,-0.0029679207630414735,-0.11650350318407254
2024-10-03,0.0009027472216607819,0.0009720439420298809,-6.929672036910025e-05,-0.07299666456203537
2024-10-04,-0.006595758836438178,-0.0036710625706790406,-0.002924696265759136,-0.15042964618611102
2024-10-07,-0.004153038721565281,-0.0031479613097434604,-0.0010050774118218215,-0.10318935814580235
2024-10-08,-0.008876100824784348,0.0005622279693673002,-0.00943832879415165,-0.1561277955370231
2024-10-09,-0.0062747292348880185,-0.003754462299801568,-0.002520266935086448,0.3025294626469735
2024-10-10,-0.010416921669500364,-0.001270051572970497,-0.009146870096529867,0.029190726765867852
2024-10-11,0.02003140041303232,0.007813611320516655,0.012217789092515667,0.0149458883492886
2024-10-14,0.0019665870902168805,0.0004323592386834118,0.0015342278515334696,0.13909126037912115
2024-10-15,0.0008763743185499447,-0.0009874127912250482,0.001863787109774995,0.24293841683104545
2024-10-16,0.009685140256111672,0.0014383889691473375,0.008246751286964338,-0.16121998406851645
2024-10-17,0.017117881196149532,0.0061025614703648385,0.011015319725784694,0.05391471616339586
2024-10-18,-0.008677235871893379,-0.0007259565291169185,-0.007951279342776462,0.08998132136285107
2024-10-21,0.003369711268654796,0.0013659711421501774,0.0020037401265046197,-0.12934645560054167
2024-10-22,0.004812678030122103,0.0021257583330265978,0.0026869196970955053,0.07788462309017026
2024-10-23,-0.006741196343034503,-0.0017975443310614004,-0.004943652011973105,-0.23722350201426287
2024-10-24,0.004497092211057172,0.0027055719830508954,0.0017915202280062758,0.16004960192170048
2024-10-25,-0.012483761732279925,-0.005813182286213001,-0.006670579446066924,0.1463149280077408
2024-10-28,0.010025856062570348,0.0015299630842803896,0.00849589297828996,-0.04652253914934795
2024-10-29,0.008025911520316235,0.002317598641693174,0.005708312878623061,-0.1633481146516915
2024-10-30,-0.0027445834400158893,0.002174921504824994,-0.004919504944840881,-0.021247573990032017
2024-10-31,-0.00972175114629223,-0.00037817077368905525,-0.009343580372603175,-0.0908617463361732
2024-11-01,-0.0012856539713491208,-0.00043620985400751044,-0.0008494441173416099,0.005091950149357233
2024-11-04,-0.004958978105938918,-0.0010499916989077586,-0.003908986407031159,0.09640280014017338
2024-11-05,0.00032603127521569833,-0.0013323587526747858,0.0016583900278904842,-0.14138826572409602
2024-11-06,0.006200125621991966,0.003723653621618363,0.0024764720003736026,0.1129611095116627
2024-11-07,-0.008870921765486853,-0.005635799604269687,-0.0032351221612171655,0.1517905964102792
2024-11-08,0.0073558242619802955,0.0006182723276020093,0.006737551934378288,0.026458685274736275
2024-11-11,0.0096887356323201,0.0019802172802485408,0.00770851835207156,0.03389938901848671
2024-11-12,0.0014820009946282964,0.0005845057857313521,0.0008974952088969441,0.11206985938697181
2024-11-13,0.001743809470990401,0.00135034899043141,0.00039346048055899016,0.03555230508439293
2024-11-14,0.006702050858900777,0.0037772372476186193,0.002924813611282158,-0.08146482521825132
2024-11-15,0.0020706662540907494,-5.213260443232264e-05,0.0021227988585230716,0.02653633132753006
2024-11-18,-0.004428849458906368,-0.0007965970476379869,-0.0036322524112683795,-0.1062927394148063
2024-11-19,0.0013634175821017286,0.0004758547335521881,0.0008875628485495411,-0.05217508729489594
2024-11-20,-0.005778062331925966,-0.0011700110512821607,-0.0046080512806438035,-0.006504749984022101
2024-11-21,-0.003187805293929366,-0.0024051347189460543,-0.0007826705749833119,-0.06474016527799897
2024-11-22,-0.0003684849427702838,-0.0015752209455957744,0.0012067360028254906,0.11799053907668403
2024-11-25,-0.0036930745692229485,-0.001515948095392241,-0.002177126473830707,-0.023615033089667784
2024-11-26,0.007980238821002938,0.004355034466264524,0.003625204354738419,-0.19526225270405198
2024-11-27,-0.0014264089618608142,0.0011579034713203352,-0.0025843124331811525,-0.0847966108368424
2024-11-28,-0.012424415006117608,-0.0024578337234074047,-0.009966581282710205,-0.010723376269293984
2024-11-29,-0.00549990511419228,0.0005023648702937398,-0.006002269984486018,-0.11568662446318535
2024-12-02,-0.0006130011915587204,0.0028477322370624673,-0.003460733428621186,0.30680529603642054
2024-12-03,-0.010025884718312497,0.000909332008911426,-0.010935216727223925,-0.08554873642985715
2024-12-04,0.025536260282076104,0.008816109184065415,0.016720151098010692,0.13110509262617231
2024-12-05,-0.006337788801453534,-0.005652139922462619,-0.0006856488789909153,0.1558888989644047
2024-12-06,0.009923717680987619,0.0006072562082743279,0.00931646147271329,0.09705078321792378
2024-12-09,0.011483252645227121,0.0020575056317930157,0.009425747013434106,0.2782860899214321
2024-12-10,0.006928093794267491,0.0019204965796956828,0.005007597214571807,-0.14670366678133478
2024-12-11,0.017818287318769728,0.005788556183608217,0.012029731135161509,-0.028845153752930248
2024-12-12,-0.009459349290972557,-0.004676354598225957,-0.004782994692746602,-0.21225997290078533
2024-12-13,-0.0018072461370371917,-0.0003741580878553752,-0.0014330880491818156,0.030414819809640267
2024-12-16,-0.01365983021499245,-0.004175577982280318,-0.009484252232712131,-0.22080083622869073
2024-12-17,0.002497315922565424,0.0009174998837056126,0.0015798160388598107,-0.12664863786189717
2024-12-18,-0.01418946570323508,-0.0037719867886883292,-0.010417478914546748,0.12399951456568825
2024-12-19,-0.009174719545678042,-0.0033204718947918784,-0.0058542476508861635,0.197082888945501
2024-12-20,0.009599850285133134,0.0043760843542120665,0.005223765930921068,0.22579515432877648
2024-12-23,0.014372017235436163,0.004659807406065977,0.009712209829370187,-0.29927951195302316
2024-12-24,0.017929170829125304,0.006562457561878912,0.011366713267246389,0.1651644686292011
2024-12-25,-0.01933382542482886,-0.007258941408852209,-0.012074884015976645,0.30828195315598506
2024-12-26,0.011046015650287974,0.004130892217710376,0.006915123432577596,-0.00983439176537924
2024-12-27,0.020418193070500603,0.009724334137675428,0.010693858932825175,-0.13874439402475472
2024-12-30,-0.0005714095685154993,0.00046992120075441406,-0.0010413307692699132,0.05258737184486338
2024-12-31,-0.008482154289137504,-0.0013871514186567582,-0.007095002870480746,-0.009436173354778933
2025-01-01,0.003066448048022236,0.0003950030307173602,0.0026714450173048756,-0.20744420469409486
2025-01-02,-0.0005278756243477307,-0.0005864355221699314,5.855989782220061e-05,0.18652825458267364
2025-01-03,-0.013415866792174925,-0.0066224516831531015,-0.0067934151090218225,-0.04097729486894432
2025-01-06,0.010223797035203512,0.004911836576833898,0.005311960458369614,-0.01217083318288471
2025-01-07,-0.0030586662145216216,-0.002113334963865508,-0.0009453312506561146,-0.19459066794993993
2025-01-08,-0.0007622135903733515,0.001006316242479377,-0.001768529832852729,-0.15006182817544264
2025-01-09,-0.012580181316559885,-0.005283101758188565,-0.007297079558371322,-0.1831392340394812
2025-01-10,-0.008685156486507471,-0.0033365115292242993,-0.005348644957283171,0.07462253342312142
2025-01-13,-0.014742037832522625,-0.005354301421118559,-0.009387736411404064,-0.18093498849882597
2025-01-14,0.006092535871779664,-0.0016035334694816036,0.007696069341261262,0.16767888149962173
2025-01-15,-0.010829294590226253,-0.0029283461252255826,-0.007900948465000668,-0.006723552932677682
2025-01-16,0.010648239009883839,0.00405637413191947,0.006591864877964369,0.04595835809718538
2025-01-17,-0.00043737732093906056,-0.0008915861360576198,0.00045420881511855707,0.13222490229273554
2025-01-20,0.002929245804446961,0.0024082714548035976,0.0005209743496433633,-0.21681470440894543
2025-01-21,0.0076952039236756154,0.0030974847645430237,0.004597719159132591,-0.10325605882477637
2025-01-22,-0.012796063811623844,-0.005852037500563968,-0.0069440263110598765,0.13307865416384623
2025-01-23,-0.006476866985428603,-0.004107306325898766,-0.002369560659529834,0.24445471739332023
2025-01-24,0.008760680196019131,0.0009993714022137144,0.007761308793805417,0.10171422635556127
2025-01-27,0.01470184382013067,0.006527117993374087,0.008174725826756582,0.009580120613442442
2025-01-28,0.006194963999803543,0.00134887897981582,0.004846085019987723,-0.15630385829242138
2025-01-29,0.000589156687230768,0.0015407869099686678,-0.0009516302227379004,-0.10525304466038986
2025-01-30,-0.009934404103917167,-0.004836533850228187,-0.00509787025368898,-0.21281733661024776
2025-01-31,-0.006932674253711473,-0.0036682461777664994,-0.0032644280759449723,
2025-02-03,-0.01724202976782741,-0.0061642843665989655,-0.011077745401228446,
