,ls_ret,long_excess_ret,short_excess_ret,ic
2017-01-02,0.005685720802336635,0.0024986663877425343,0.0031870544145940986,0.11584483479115142
2017-01-03,-0.006344222706693032,-0.003797695747752293,-0.0025465269589407392,0.055325725625422664
2017-01-04,0.0057805573983693275,0.00391097701090828,0.0018695803874610476,0.03784346284863349
2017-01-05,0.002756971754361226,0.0005466404725586052,0.0022103312818026206,-0.08891958065400697
2017-01-06,0.0029367237993187943,-0.0002595560093443805,0.0031962798086631744,-0.045810917347569126
2017-01-09,-0.005310071649768369,-0.0023299462126555844,-0.0029801254371127853,-0.05889403662981045
2017-01-10,-0.0025061585017757577,-0.0009838958475682572,-0.001522262654207504,-0.03498721965805051
2017-01-11,-0.0031886280310241236,-0.0007522411595780251,-0.002436386871446099,0.06450377551481772
2017-01-12,-0.001775899544436561,-0.0015841048995891675,-0.0001917946448473937,0.00466547688491583
2017-01-13,0.0033208714609404702,0.0013529595340696391,0.0019679119268708302,-0.08757448552820789
2017-01-16,0.00024032404213014072,0.000842260027403968,-0.0006019359852738266,0.08032341113628501
2017-01-17,-0.004541776411128252,-0.0018336186885342313,-0.0027081577225940203,-0.0200356198083145
2017-01-18,0.005152501104300482,0.0037787089699984587,0.001373792134302023,-0.08235525672285024
2017-01-19,-0.0009725910759849908,-0.0006287873196008881,-0.00034380375638410265,0.06723970875821464
2017-01-20,-0.00474362193217954,-0.0009023532894059227,-0.0038412686427736157,0.019382800716242862
2017-01-23,0.0035852188479527265,0.002863743192861382,0.0007214756550913435,0.0889138431872352
2017-01-24,0.0009783624493975855,0.0005076252931082437,0.0004707371562893397,0.14574648209963023
2017-01-25,0.004135277073282871,0.0010058805300558853,0.0031293965432269855,-0.003232029897552359
2017-01-26,0.008458251227396404,0.005881246534353676,0.002577004693042729,-0.01917758101991741
2017-01-27,-0.00015050651938536947,0.0005503186663056289,-0.0007008251856909986,0.012704457790938789
2017-01-30,-0.0010143534406066026,-0.0003567645255769087,-0.0006575889150296941,0.03417198082697871
2017-01-31,0.0006326827453469523,0.0008775266086045418,-0.00024484386325758934,0.06643869920282315
2017-02-01,0.0016942223658250417,0.0004188484205172446,0.001275373945307798,-0.061767502193019186
2017-02-02,0.004262454353656223,0.0012348605658888383,0.003027593787767388,0.055155565248762986
2017-02-03,-0.0029116259026315035,-0.0006072267977492683,-0.0023043991048822335,0.019526308354156773
2017-02-06,0.0025999417540761042,0.0014491431004754318,0.0011507986536006733,0.02366553647164206
2017-02-07,0.0010026711723842108,0.0008819265869339198,0.0001207445854502897,0.0665165993541856
2017-02-08,0.0010735359660516588,0.0016922159296239424,-0.0006186799635722832,0.046587802018030866
2017-02-09,0.003478784661818871,0.0025570277935222274,0.0009217568682966439,0.13695101802069817
2017-02-10,0.0021205957511523828,0.000304604101563407,0.0018159916495889775,0.05105340979225304
2017-02-13,0.0061950052185947135,0.0027539798386234395,0.0034410253799712744,0.026234449594978747
2017-02-14,0.0022744895091526924,0.0002176577169670556,0.002056831792185637,0.032694036315808576
2017-02-15,0.0012051966996124018,0.0002545717264295531,0.0009506249731828492,0.05682567017556806
2017-02-16,0.0011178286937050747,0.00034698479234365233,0.0007708439013614232,0.0206636499668225
2017-02-17,0.0022423960077387526,0.0022657297637795858,-2.333375604083622e-05,-0.08416845136470917
2017-02-20,0.00102842322214691,0.001614961651561522,-0.0005865384294146125,-0.08009802454658112
2017-02-21,-0.00405391815764987,-0.0014010219600364823,-0.0026528961976133875,-0.0633009135312661
2017-02-22,-0.0035618754590900593,-0.0034038606261647206,-0.00015801483292533954,-0.001304783186139011
2017-02-23,-0.0031001485509579733,-0.001544034294464645,-0.0015561142564933291,0.0005740592670868791
2017-02-24,-7.971478706468008e-05,-5.844808313550283e-06,-7.386997875113033e-05,-0.025109018614496798
2017-02-27,3.669214656395244e-05,-0.0002546783109152219,0.0002913704574791739,0.017899201712356767
2017-02-28,-0.0013328611452782639,-0.0005903688416083706,-0.0007424923036698939,-0.047224837641843924
2017-03-01,0.0008866685506770358,0.0006531222823074963,0.0002335462683695391,-0.08681981526482986
2017-03-02,-0.002304238109574674,-0.0018898325371573788,-0.00041440557241729506,-0.019908282544623932
2017-03-03,-0.0046435390036673185,-0.0029059404549234063,-0.0017375985487439096,-0.01100623550600015
2017-03-06,-0.0011283471102236107,-0.00027320715612113786,-0.0008551399541024732,-0.05318762583554941
2017-03-07,-0.00048080878642328635,-0.0004030972479011014,-7.771153852218458e-05,0.12009684937258468
2017-03-08,-0.002539205205607314,-0.0014697725235684495,-0.0010694326820388643,-0.04949758963741599
2017-03-09,0.00643005778124796,0.003465570592035603,0.0029644871892123567,0.09717487922411411
2017-03-10,-0.002401004055030599,-0.0013126762115210511,-0.001088327843509547,-0.014059552798966968
2017-03-13,0.004459303217590953,0.0013394379422475332,0.003119865275343419,0.05597530426373947
2017-03-14,-0.0006505695077189548,-0.0007533852200211997,0.00010281571230224412,0.006133651997564597
2017-03-15,0.002910516373804495,0.0011204927524091062,0.0017900236213953882,0.1005335530484148
2017-03-16,0.0002892962557081662,-0.0016449111761876567,0.0019342074318958228,-0.012256291387465257
2017-03-17,0.005195236598707672,0.00221023452681955,0.0029850020718881227,-0.08390504971402354
2017-03-20,-0.0005670068608099334,0.0015776153189444087,-0.002144622179754342,-0.056737283604192904
2017-03-21,-0.003648022513304678,-0.0017753497918563824,-0.0018726727214482958,-0.057922999792117215
2017-03-22,-0.0026870327058099294,-0.0006298528447911391,-0.0020571798610187902,0.04170419537967582
2017-03-23,-0.0024335577469039196,-0.0010181776881269377,-0.0014153800587769806,0.092129472460407
2017-03-24,0.0020920009540398984,0.002241232802718842,-0.0001492318486789445,0.11712015016220349
2017-03-27,0.005014458079944871,0.002985492884260971,0.0020289651956839003,-0.017035848548079723
2017-03-28,0.006351535874248309,0.0033530569208928087,0.002998478953355501,0.06336066439789532
2017-03-29,-0.0007869713145741358,5.661659509543517e-05,-0.0008435879096695708,0.1165128078021844
2017-03-30,0.002859681140563942,0.0015619600155758048,0.0012977211249881383,-0.10445746673834685
2017-03-31,0.00648051487847791,0.0034239644926364818,0.0030565503858414264,-0.04092091037840362
2017-04-03,-0.004834359738035391,-0.00227869961362813,-0.00255566012440726,-0.08923717660000004
2017-04-04,-0.0018204751653481802,-0.0009633621184291525,-0.000857113046919029,0.012250712575247482
2017-04-05,-0.004760324567312559,-0.004570942016977511,-0.0001893825503350502,0.015246795313824337
2017-04-06,0.0005887469970763805,0.0014719132118258,-0.0008831662147494191,0.020750646647955236
2017-04-07,0.0006210039150838235,0.0011219981532216827,-0.0005009942381378604,-0.034322504862253876
2017-04-10,0.0008900939035466469,0.0002491806909388364,0.0006409132126078097,0.03600818061763282
2017-04-11,-0.0012208821765903224,-0.00015035114764189953,-0.001070531028948424,-0.01427487898275113
2017-04-12,0.001536081272259666,0.0018576012021409025,-0.0003215199298812364,-0.06948449876698051
2017-04-13,-0.0005904578884532064,-3.653363778457954e-05,-0.0005539242506686264,-0.0694702192085564
2017-04-14,-0.004256643747743001,-0.0037458555970297513,-0.000510788150713249,-0.03359196357575309
2017-04-17,-0.0031860647083683203,-0.0010294490496628311,-0.00215661565870549,-0.006036626927237265
2017-04-18,-0.0016036888014415228,-0.0017621599783440405,0.00015847117690251768,-0.05429997448385109
2017-04-19,-0.0003023196410997745,-0.0024361101000380976,0.0021337904589383214,-0.0407087069183574
2017-04-20,-0.0027812731387834013,-0.0019498801157710978,-0.0008313930230123036,-0.04615052416063721
2017-04-21,-0.0018916590778065249,-0.0006440311169757396,-0.0012476279608307841,0.015587867269047167
2017-04-24,-0.00212228864628276,-0.0007927421913841073,-0.0013295464548986526,-0.04097636911706961
2017-04-25,0.0006484739119241528,0.0008790379128320149,-0.00023056400090786314,-0.0750034155697112
2017-04-26,-0.0016406992768402742,-0.0008168011564677132,-0.0008238981203725617,-0.08765342082478801
2017-04-27,-0.0037964482522828812,-0.0024620269947027897,-0.0013344212575800917,0.07995570523578781
2017-04-28,-0.004808253318500255,-0.002692491952211783,-0.0021157613662884725,0.052659236613471355
2017-05-01,0.00441067293096618,0.002773196169313861,0.001637476761652319,-0.03249304008357654
2017-05-02,0.0027863125064938464,0.00204731986603514,0.000738992640458706,-0.05164638013482927
2017-05-03,-0.001509214042954854,-0.0007370632003265883,-0.0007721508426282659,-0.16909889412087972
2017-05-04,-0.0034941256257500016,-0.0028871618490974027,-0.0006069637766526054,-0.08805875174818514
2017-05-05,-0.010308502132236575,-0.004323947029397467,-0.005984555102839108,0.04177704263134544
2017-05-08,-0.004359123780548109,-0.0020344965108312725,-0.0023246272697168362,0.10201397977391073
2017-05-09,0.002318726547560789,0.002137926227833601,0.00018080031972718635,0.055347613315933845
2017-05-10,0.005545022826262763,0.0020383558039619963,0.0035066670223007704,0.21735062337101663
2017-05-11,0.002896721759956854,0.0022853437192684144,0.00061137804068844,-0.0924537283493518
2017-05-12,0.012989616257744509,0.006199973205237048,0.006789643052507458,0.020761301974013685
2017-05-15,-0.004355185064535468,-0.00035706941718136737,-0.003998115647354101,-0.01668053312933834
2017-05-16,0.0011452819168481414,0.0034822786482194977,-0.002336996731371357,-0.12493657449234927
2017-05-17,-0.0007046950898314417,0.00011409948494286483,-0.0008187945747743066,-0.0070894301656025645
2017-05-18,-0.004967159962148407,-0.0017050647857335312,-0.0032620951764148753,0.04204338341442078
2017-05-19,-0.0003854864026833268,-0.00021409581923955388,-0.0001713905834437729,-0.10957662398309305
2017-05-22,0.002404730858547287,0.0003226594854564245,0.002082071373090858,0.035458556759149974
2017-05-23,-0.0056721598754716504,-0.0030360327412045033,-0.002636127134267148,-0.02971841112109957
2017-05-24,0.0015385011531072433,-0.00017175660295095892,0.0017102577560582028,-0.014957679003569615
2017-05-25,-0.0010806814563644922,-0.000751323728446298,-0.00032935772791819334,-0.029357495460288492
2017-05-26,-0.0006714489198797059,0.000638392572208938,-0.0013098414920886432,-0.06361133472008065
2017-05-29,-0.0012109748525941997,-0.0008715626074289624,-0.0003394122451652361,-0.03752135718974561
2017-05-30,-0.0022221179942555178,-0.0012816988426481383,-0.0009404191516073791,0.1747849307656705
2017-05-31,-0.0015310681979071158,-0.000904702271517974,-0.0006263659263891419,0.0948864433578406
2017-06-01,0.00818255145113984,0.004409443783192559,0.003773107667947281,0.027791557572063762
2017-06-02,0.005150054843194782,0.0011969824242814286,0.003953072418913354,-0.08667289520161404
2017-06-05,0.0011785903906050999,0.0009922901683793485,0.0001863002222257529,-0.08776823315154472
2017-06-06,-0.003595591788640888,-0.0023152585007295313,-0.001280333287911356,0.050076487232485443
2017-06-07,-0.003724772587226369,-0.0021577270879312134,-0.0015670454992951553,0.0036444675390710354
2017-06-08,0.002148041304313511,0.0009850890938247665,0.0011629522104887446,0.053276898237497476
2017-06-09,0.00021910960108958836,-0.0006644896910354345,0.0008835992921250226,0.055781222363383544
2017-06-12,0.0023917210309426793,0.0008595425949218466,0.0015321784360208318,0.13972840755878008
2017-06-13,0.0025949606723118116,0.0006541920336598367,0.0019407686386519758,0.002788752925361691
2017-06-14,0.005983419369655226,0.0026482613569230673,0.0033351580127321577,0.03883781836745243
2017-06-15,0.00011780594639686741,0.0013624841287858853,-0.0012446781823890161,0.12866725118062455
2017-06-16,0.0015974383065087143,0.0014340089237928223,0.00016342938271589162,-0.067265189365217
2017-06-19,0.005581094523055465,0.0038216351041646304,0.0017594594188908349,0.09591060313538846
2017-06-20,-0.0030340791424986542,-0.0020088264738459204,-0.001025252668652734,-0.04209164123566387
2017-06-21,0.004343748862978158,0.0013360509809704174,0.003007697882007741,0.02632139846431025
2017-06-22,-0.002030188328617554,-0.0010704373200502147,-0.0009597510085673387,-0.07602604846241828
2017-06-23,0.0011184000130485372,-0.001274259714305784,0.002392659727354321,0.1313513154253756
2017-06-26,-0.0040489996686775935,-0.002820564930803732,-0.0012284347378738623,-0.003207238984160859
2017-06-27,0.0067188151389786155,0.0043651069954182995,0.002353708143560315,-0.05044497145537959
2017-06-28,-0.00016603865063295547,-0.0001589991134521608,-7.039537180794989e-06,-0.11965890812979209
2017-06-29,-0.0031939814173541073,-0.0039228161233786744,0.0007288347060245663,0.10589946098547086
2017-06-30,-0.006302203399676154,-0.0036280560620890515,-0.002674147337587104,-0.0740036399081384
2017-07-03,0.0058547230398806336,0.0026047388216353306,0.0032499842182453025,0.06508849733393926
2017-07-04,-0.003517226796183324,-0.0012804280209967379,-0.0022367987751865854,0.08243077111412679
2017-07-05,0.0031620430446363326,0.0024734572178212507,0.0006885858268150817,-0.017205443241563145
2017-07-06,0.004487615885053385,0.0033397105455495613,0.001147905339503823,-0.01904646850566365
2017-07-07,-0.0007894935855900239,3.0068877175909014e-05,-0.000819562462765933,0.022959860030612293
2017-07-10,-0.0009833145896329504,-0.0002252393490760861,-0.0007580752405568648,-0.03011035470865553
2017-07-11,0.0010603921992737176,0.0017003920399620773,-0.0006399998406883595,-0.02359826144883112
2017-07-12,-0.0013247355831364326,-0.0011283714016675744,-0.00019636418146885847,-0.008559797612003688
2017-07-13,-0.0011715533264813078,-0.002025969062847136,0.0008544157363658267,-0.020126506452089504
2017-07-14,-0.00039417694696670133,0.0010940501820113852,-0.0014882271289780868,-0.041950182077384025
2017-07-17,-0.0014935804462022225,-0.002042066425820159,0.0005484859796179367,-0.07722845410538023
2017-07-18,-0.0032364949182496845,-0.002556550652378059,-0.0006799442658716251,-0.06938146077175572
2017-07-19,-0.005318038551933205,-0.0017289213115672438,-0.0035891172403659604,-0.09704576356488114
2017-07-20,-0.004396561302426108,-0.001976122646332047,-0.0024204386560940606,0.06602394523774148
2017-07-21,-0.008174638906612627,-0.004496042339309114,-0.003678596567303509,0.13900430029099614
2017-07-24,0.004061199712511544,0.0017481555696450338,0.002313044142866511,0.07189254456638992
2017-07-25,0.007444176132492476,0.005009915748755967,0.0024342603837365067,-0.013189584162098603
2017-07-26,0.005064401226718622,0.001660307930903375,0.0034040932958152442,0.08884624035058145
2017-07-27,-0.0007370116411353268,0.0012987560542914167,-0.0020357676954267413,0.015904524417969735
2017-07-28,0.0042660321549641,0.0028794196959801496,0.0013866124589839517,0.020590622682740152
2017-07-31,0.0007332587646777034,-0.00038066725383118427,0.0011139260185088875,0.020878406951550157
2017-08-01,0.0010181155618222363,0.0014240489881163325,-0.00040593342629409446,-0.02026696507071764
2017-08-02,0.00093066613719879,0.0006383976925930426,0.0002922684446057481,-0.037330811861351246
2017-08-03,-0.00110627518769667,6.48586046430484e-05,-0.001171133792339723,0.07323381107681003
2017-08-04,-0.0021930228070781263,8.584834235711783e-05,-0.0022788711494352437,-0.06524965719740934
2017-08-07,0.003927199376198884,0.0010029404838599668,0.002924258892338917,0.0895433567285043
2017-08-08,-0.003844285011115264,-0.0009810498002136327,-0.0028632352109016317,-0.06366973980131803
2017-08-09,0.004598970693864843,0.0016170464114134706,0.0029819242824513717,0.09995324343656103
2017-08-10,-0.003504198627932086,-0.0006347432065177579,-0.0028694554214143287,0.017387184866099598
2017-08-11,0.004982894793316995,0.003854109017210899,0.0011287857761060963,0.03233792734511581
2017-08-14,0.0007681174445837745,0.00013078179069371792,0.0006373356538900568,-0.04924714039888944
2017-08-15,0.0015393650186988229,0.0005909512777896152,0.0009484137409092085,-0.009513761063436663
2017-08-16,-0.0026077832420850194,0.0006910595823743995,-0.0032988428244594206,0.04956945018368144
2017-08-17,-0.0005044608331269986,0.0010423000340448983,-0.001546760867171898,0.05637223909906192
2017-08-18,0.002573830941001474,-6.458644164694227e-05,0.002638417382648416,-0.018166067145176445
2017-08-21,0.0027118295451536638,-0.00022883886570045434,0.002940668410854117,-0.010566356804699069
2017-08-22,-0.0009825225100668264,-0.0013005234522692564,0.00031800094220243037,0.0015442051143523714
2017-08-23,-0.0005796312707573872,-0.0012142768430845174,0.0006346455723271301,0.009488327260018683
2017-08-24,7.554156427941805e-05,-0.0005730463553139894,0.0006485879195934074,0.03840601922429884
2017-08-25,0.000509345358507544,-0.00012235250754316683,0.0006316978660507102,0.03151404964759206
2017-08-28,0.0020992410842231844,0.0013192504882638652,0.0007799905959593179,-0.04437466795382921
2017-08-29,0.001676203194540793,-0.0014063242083724144,0.003082527402913208,-0.01389313084053198
2017-08-30,-0.003964351107330588,-0.006762367134049631,0.00279801602671903,0.04147627814159467
2017-08-31,-0.0009392353490105102,0.0008295110367194485,-0.0017687463857299565,0.0942086694616676
2017-09-01,0.002256999740667856,0.001996628148125512,0.0002603715925423439,0.07972346276008321
2017-09-04,0.005989251655368781,0.002383183018521747,0.003606068636847033,-0.04456817586692665
2017-09-05,0.003944449542415568,0.003799080622577061,0.00014536891983850733,0.0233687069953745
2017-09-06,-0.002668274020378389,-0.00031141259936507196,-0.0023568614210133197,0.008545400089574598
2017-09-07,0.0014762470211279867,0.0012914609480199398,0.0001847860731080458,0.02004848474831556
2017-09-08,0.00049299249718347,-0.00015212687946405783,0.0006451193766475287,-0.01063162277191381
2017-09-11,0.0011529146591224707,0.0012268060822818849,-7.38914231594133e-05,0.12212670984590855
2017-09-12,-0.0006664893602284865,-0.0008023567652259518,0.00013586740499746527,-0.018267111405525806
2017-09-13,0.00820113314461007,0.005816873318160957,0.002384259826449113,0.02741810268608097
2017-09-14,-0.0009046814724908217,-0.0014305438491390857,0.0005258623766482649,0.1136846272958078
2017-09-15,0.00146124386585693,-0.00032671447519414844,0.0017879583410510772,-0.06346772134039273
2017-09-18,0.0062334999392282065,0.002858806834346597,0.00337469310488161,0.13479422209677358
2017-09-19,-0.004397667127058666,-0.0019706031860930702,-0.0024270639409655955,-0.03776533111571463
2017-09-20,0.008612161630400104,0.003544723716495328,0.005067437913904779,0.09488757834700715
2017-09-21,-0.0025434385123613928,-0.0007494799183023794,-0.0017939585940590138,-0.022659655291863336
2017-09-22,0.004847184718913081,0.0036168711702939714,0.0012303135486191085,0.09446709288177929
2017-09-25,-0.0013733791260723358,-0.0016703989922902847,0.0002970198662179506,-0.00200481292425225
2017-09-26,0.0065014800412169045,0.0023820700632843196,0.004119409977932585,-0.062421022244074094
2017-09-27,-0.00010772691270591502,0.0013277321342185303,-0.00143545904692444,0.030982524378118905
2017-09-28,-0.0037377483794932688,-0.000824106391539561,-0.0029136419879537074,0.03488293396727193
2017-09-29,0.0018380988508422441,0.0002713998342987606,0.0015666990165434866,0.0076875694048069475
2017-10-02,0.002161165493043739,0.0018225222822414382,0.0003386432108023016,0.03856811024921016
2017-10-03,0.0005701869570822391,1.9138053225707836e-05,0.0005510489038565314,-0.027901702889631137
2017-10-04,0.002049453763813821,0.002342551292967992,-0.00029309752915416924,-0.10848109751898061
2017-10-05,-0.0014318342794997258,-0.0006463443006502834,-0.0007854899788494424,-0.07120797826767307
2017-10-06,-0.0052021680310570155,-0.0010588884386916776,-0.0041432795923653405,-0.01594198887233624
2017-10-09,-0.0032555219088293767,-0.0013517124000005905,-0.0019038095088287858,-0.04237136866795293
2017-10-10,-0.0006338521977239409,-0.0006603349744366204,2.6482776712679587e-05,0.10447216708830719
2017-10-11,-0.002096934940337475,-0.0015494230382640914,-0.0005475119020733844,-0.01615576038835657
2017-10-12,0.005671222637726651,0.002455274336369131,0.003215948301357522,0.0010001506214242604
2017-10-13,-0.0008700662317888228,-0.0009570353560707998,8.696912428197718e-05,0.0038280833441902344
2017-10-16,4.4823229536002226e-05,0.00013636037962899868,-9.153715009299623e-05,0.05266808188268852
2017-10-17,0.0002205288295680461,0.0010188187881491895,-0.0007982899585811435,0.04239551693494995
2017-10-18,0.0023394880737771205,0.0007441291556747058,0.0015953589181024147,-0.018633396104685535
2017-10-19,0.0020036408333449504,0.001611196346243026,0.0003924444871019244,-0.055874123585025304
2017-10-20,-0.0008931052956423059,-0.00026828723488563945,-0.000624818060756668,-0.042049582290925515
2017-10-23,-0.0026224228700397834,-0.0023528811804898802,-0.00026954168954990317,-0.06422194148430843
2017-10-24,-0.0019871134886959587,-0.0006179801937961377,-0.0013691332948998197,-0.09656700861995822
2017-10-25,-0.0030234101290490343,-0.002703468027431372,-0.0003199421016176628,-0.011660330864101485
2017-10-26,-0.005131537805310855,-0.00334075769695932,-0.001790780108351533,0.00886680879527058
2017-10-27,-0.0007554696613292749,1.79226629103673e-05,-0.0007733923242396398,0.014492598053284511
2017-10-30,0.0005008459195354931,-3.812518108243547e-05,0.0005389711006179281,-0.09994013377351654
2017-10-31,0.0010537422425227067,-0.0016240271318452987,0.0026777693743680053,0.07608381830304103
2017-11-01,-0.005302089709977454,-0.002118431735980709,-0.003183657973996744,0.08035685335768719
2017-11-02,0.004221530470684217,0.002063933969059092,0.002157596501625123,0.0393194644207495
2017-11-03,0.004802528590134535,0.0028529999345993243,0.001949528655535211,0.004718850241622079
2017-11-06,0.0018413664725713487,0.0021762144179878276,-0.00033484794541647697,-0.012940232712926082
2017-11-07,0.00022085143103202945,0.001013658764548776,-0.0007928073335167467,-0.1362376457462278
2017-11-08,-0.0006361459048843839,-0.00043962533815079027,-0.00019652056673359272,0.030512437397968977
2017-11-09,-0.007109866301410212,-0.004521256719678134,-0.002588609581732078,-0.006793106580257796
2017-11-10,0.001684057644256956,0.0011732784348062516,0.0005107792094507044,0.026548543932301376
2017-11-13,-0.0002786477788813133,0.0011493988028161801,-0.001428046581697492,0.030339536806592144
2017-11-14,0.0013519561165867753,-0.0008940080247060132,0.0022459641412927896,0.07876692497966774
2017-11-15,0.00156159609293161,0.000752172559664459,0.000809423533267151,-0.0685428071720452
2017-11-16,0.005186526795315577,0.0016883469381798674,0.00349817985713571,-0.07255882683033765
2017-11-17,-0.005080126868401317,-0.005755550390186964,0.0006754235217856508,-0.011006454863301323
2017-11-20,-0.0048355833874556145,-0.0014554346926380721,-0.0033801486948175415,0.0060760428055711985
2017-11-21,-0.0008106017864866913,-1.4219669188759304e-05,-0.00079638211729793,-0.0645920583685466
2017-11-22,0.00034302622501078753,0.000507456645289478,-0.00016443042027869045,0.012581204604685014
2017-11-23,-0.003182200659686078,-0.0020013191961213207,-0.0011808814635647573,0.04045629970122265
2017-11-24,0.0007498109075902951,0.0003404628300113354,0.00040934807757895923,0.10139606917925229
2017-11-27,0.0020240164054507077,-0.0009570722067085728,0.0029810886121592805,-0.07536313041167512
2017-11-28,0.00566259437532354,0.003064672387511522,0.0025979219878120158,-0.04749115044442564
2017-11-29,-0.003911040546449984,0.00019876531464094183,-0.004109805861090925,-0.045163115879169
2017-11-30,-0.0027745550686120862,-0.0019067827878668595,-0.0008677722807452284,0.042560888840338394
2017-12-01,-0.0026399877465454313,-0.0003369639732641299,-0.002303023773281303,-0.03665901521458819
2017-12-04,0.002646066969566301,0.002111904375087688,0.0005341625944786099,0.0010726074390844523
2017-12-05,-0.0020597126929217512,-0.0022271997257225264,0.0001674870328007734,0.11117600630697978
2017-12-06,5.5507505908621794e-05,0.0007344266083612475,-0.0006789191024526254,0.02450808104153216
2017-12-07,0.005855531079389952,0.005177515764310168,0.0006780153150797857,-0.08570187498115567
2017-12-08,0.0011689012102973156,0.001541434448450103,-0.00037253323815278697,0.0623037954503872
2017-12-11,-0.005324774833364248,-0.004689897058348182,-0.0006348777750160642,0.03893317935301723
2017-12-12,0.0028321309965741526,0.0030387137876004694,-0.00020658279102632113,0.05127600275593353
2017-12-13,0.0019891087639101485,0.0011319273113427949,0.0008571814525673536,-0.05102591805913761
2017-12-14,0.0030409065000314324,0.0023057270767235243,0.000735179423307908,0.12209071799484608
2017-12-15,-0.00258366268646091,-0.0011190513506159037,-0.0014646113358450057,-0.013920352140666439
2017-12-18,0.006635442294618526,0.003195761867497895,0.00343968042712063,0.0503180107980507
2017-12-19,-0.0006783753579337813,-0.0008820967024299464,0.00020372134449616643,0.04768552559005442
2017-12-20,0.002094155277932867,0.001881912594960877,0.0002122426829719911,0.11063614348515018
2017-12-21,0.003240933793093168,0.00275227791936691,0.0004886558737262573,0.03931560356639634
2017-12-22,0.005882884664758996,0.0032684885627269032,0.0026143961020320926,0.08372573416420713
2017-12-25,0.002101919793837092,0.001450009986871896,0.0006519098069651958,0.0116220440732722
2017-12-26,0.004908815707981295,0.0032350725600364446,0.00167374314794485,0.06143338928009578
2017-12-27,0.0006260582760722342,0.0005405833314974804,8.547494457475293e-05,0.0419543161262767
2017-12-28,0.0037994237279520325,-0.00020785441838025095,0.004007278146332286,-0.034267086278369795
2017-12-29,0.0019897574757194642,0.001696542934859931,0.0002932145408595338,-0.1278609029887437
2018-01-01,-0.001729625653592491,-0.0015335857614111742,-0.00019603989218131695,-0.05628347517462293
2018-01-02,-0.00882756172750864,-0.005749582700900469,-0.003077979026608172,-0.029396197279439512
2018-01-03,-0.0035571607143524623,-0.0017371661891181951,-0.0018199945252342677,-0.04444497153179904
2018-01-04,-0.0019351283759972714,-0.001871589739227457,-6.353863676981236e-05,-0.02563412377287959
2018-01-05,-0.002157276745460451,-0.00025452824780353156,-0.0019027484976569219,0.03431393281182209
2018-01-08,-0.0016245313460099158,-0.0009811247356756418,-0.0006434066103342719,0.11768627594837236
2018-01-09,0.001622109706811022,0.0015626741840420628,5.943552276895664e-05,0.05913264168743569
2018-01-10,0.005519818930144921,0.002023084668108816,0.0034967342620361047,0.046877771803465244
2018-01-11,0.0030436449184433247,0.0017153921197553667,0.001328252798687958,-0.0006264804053347293
2018-01-12,0.0021349670297699658,0.0013396358486679923,0.0007953311811019733,0.11440822083993984
2018-01-15,-3.270554991894551e-05,-0.001071985056546914,0.0010392795066279659,-0.00015045702109120108
2018-01-16,0.005372730665285773,0.002068708270365212,0.0033040223949205617,-0.013859871465517674
2018-01-17,-8.901701809623831e-06,-0.00034614026887256136,0.0003372385670629349,0.03262720050077535
2018-01-18,-0.0008059789978109035,0.0002695708962596648,-0.0010755498940705687,-0.03884432415274337
2018-01-19,0.0014858658813914688,0.0008106559095122472,0.0006752099718792207,0.03864973295902795
2018-01-22,-0.0018775725350366214,-0.0002939455763771113,-0.0015836269586595106,0.006459259118250447
2018-01-23,0.0017258572828498537,0.0007934487871517496,0.000932408495698105,-0.07466519921525396
2018-01-24,0.0003009590602238458,0.00046577202263572504,-0.00016481296241188008,0.03855800332375545
2018-01-25,-0.0031697002190213624,-0.0007629158206495165,-0.002406784398371848,-0.05942639737251962
2018-01-26,0.0017431048145386348,0.0011618147473107148,0.0005812900672279196,-0.0014739712110407941
2018-01-29,-0.0026596549145527647,-0.0014298570932163093,-0.001229797821336455,-0.04765443391116857
2018-01-30,-7.281857435040067e-05,-0.0015464715211356422,0.0014736529467852429,-0.10381980037995833
2018-01-31,-0.0021728267145017235,-0.0006782918455383209,-0.0014945348689634035,-0.00934376555612241
2018-02-01,-0.0059981982796152395,-0.00360402168248646,-0.0023941765971287796,-0.044814362761651315
2018-02-02,-0.0003892693543539089,-0.0001371085907944554,-0.00025216076355945305,0.009722341415322374
2018-02-05,-0.001984905396988095,-0.0020941133621932215,0.00010920796520512421,0.04745411518108401
2018-02-06,0.000446348889317308,0.0007680542175791897,-0.0003217053282618815,-0.03661113266141164
2018-02-07,0.002348375500604375,0.000929663714615203,0.0014187117859891718,-0.07891184096109334
2018-02-08,-0.0019005358953539653,-0.0027259494268295735,0.0008254135314756106,0.061729589691154385
2018-02-09,-0.0037491029018824583,-0.0016787130667243859,-0.0020703898351580726,-0.048614560720889544
2018-02-12,0.0026114209130412456,0.0012714065710818213,0.0013400143419594244,0.14311539128648212
2018-02-13,-0.0020952797148128892,-0.0006696944300128849,-0.001425585284800003,-0.05502824444948448
2018-02-14,0.007062510982471438,0.004773714781205491,0.0022887962012659475,0.01719347741689084
2018-02-15,-0.0031715085226186315,-0.0028068370685230652,-0.00036467145409556714,0.07676669333630913
2018-02-16,0.0008262001558435479,-0.00040248551861319856,0.0012286856744567476,-0.055275778696740996
2018-02-19,0.0032538626008121324,0.001859695448854443,0.0013941671519576895,0.13483794691860887
2018-02-20,-0.0022508508996660565,-0.0008678386726904469,-0.0013830122269756096,-0.020549632009737546
2018-02-21,0.004783338645389286,0.003148784573822937,0.0016345540715663482,0.05776866753976698
2018-02-22,-0.0007871178487020443,-6.971187479500604e-05,-0.0007174059739070379,0.007565255856853318
2018-02-23,0.001998825149670105,0.00041885339724550153,0.0015799717524246028,0.059406767258786984
2018-02-26,0.0003455080434801592,-0.0012636198221791031,0.001609127865659258,-0.01741686676418942
2018-02-27,0.002538653846298209,0.0023344287572587205,0.0002042250890394899,0.001239410855337868
2018-02-28,-0.000966980387339552,-0.0009118631573876851,-5.5117229951870406e-05,0.026233979555268766
2018-03-01,8.735840820197239e-05,0.0012299512241076252,-0.001142592815905653,-0.19287565667953224
2018-03-02,0.0012398041162050093,0.001714933218896757,-0.0004751291026917476,-0.10881983702558323
2018-03-05,-0.013486489195957234,-0.007152481880242867,-0.00633400731571436,0.08107482990638927
2018-03-06,-0.008607546557267566,-0.0038156454264171562,-0.004791901130850409,-0.015213993285273876
2018-03-07,0.00482820623561858,0.002834765218147293,0.001993441017471285,0.1283718167232908
2018-03-08,-0.0009496031301779632,-0.0009332528279161305,-1.6350302261835398e-05,0.0863142710121396
2018-03-09,0.008492661813083209,0.003887663184013836,0.004604998629069373,0.07634415618933507
2018-03-12,0.005315827825911197,0.0022822986952075325,0.0030335291307036633,0.09103067296279717
2018-03-13,0.004667323499297719,0.0034730178954326986,0.0011943056038650167,-0.07276446619059228
2018-03-14,0.003927230136956346,0.0026437418586472694,0.0012834882783090765,0.0922833999965562
2018-03-15,-0.003945060764456897,-0.0022166536282681205,-0.0017284071361887768,-0.13018480816759964
2018-03-16,0.004009425497336122,0.0027247793716840122,0.0012846461256521106,0.080168441124002
2018-03-19,-0.007711909822755304,-0.0046941880635199594,-0.0030177217592353466,-0.025487145906018593
2018-03-20,0.004467645891837156,0.0027617755049943555,0.001705870386842799,-0.06685315101857066
2018-03-21,-0.00141986392086599,-0.00033773423967666666,-0.001082129681189323,0.07770444856397452
2018-03-22,-0.003223046946987428,-0.002131159282263026,-0.001091887664724402,-0.02375990260345324
2018-03-23,0.0033819323960226346,0.0014281516765604733,0.0019537807194621604,0.008175123409810492
2018-03-26,-0.0010038114346046243,-8.148463017953848e-05,-0.0009223268044250849,-0.0366924744958954
2018-03-27,0.0003754058116149832,0.00015208777530463166,0.00022331803631035763,-0.08180510956554586
2018-03-28,-0.0021498322534149183,-0.0012243290149054273,-0.0009255032385094911,0.014530601212071568
2018-03-29,-0.0050791339307498535,-0.0018354382725147295,-0.0032436956582351235,-0.052809655561017035
2018-03-30,0.0007811289505409583,0.000408780509407714,0.00037234844113324386,-0.051417886956327596
2018-04-02,-0.002377477589555454,-0.0010929897376154686,-0.0012844878519399842,0.00934934930782526
2018-04-03,-0.002577885254174153,-0.0016684256440931942,-0.0009094596100809585,0.05323747791697514
2018-04-04,0.0004472952964550464,0.0002070410638764751,0.00024025423257857323,0.002248019366612318
2018-04-05,0.002666199082600686,0.0001514610732471465,0.0025147380093535378,-0.07417570772636368
2018-04-06,0.00012677096437679154,0.00044860920775344616,-0.0003218382433766542,-0.11483136708706462
2018-04-09,-0.004096912268313576,-0.0010429368911673287,-0.0030539753771462487,0.025997473669093434
2018-04-10,-0.007296426972307599,-0.0017319204558838043,-0.005564506516423795,0.06730207820581077
2018-04-11,0.0018168042760718468,0.0006165764704797226,0.0012002278055921242,-0.14006926308868534
2018-04-12,0.0045030126919229805,0.0018693738669564933,0.002633638824966488,0.027235401317300446
2018-04-13,-0.008003084381151252,-0.0038296278261830737,-0.004173456554968178,0.14512301056057458
2018-04-16,0.00141948996749083,-0.0003458843850178674,0.0017653743525086977,-0.11133663060048692
2018-04-17,0.008658095107089824,0.0028765337803814753,0.005781561326708352,0.043425876599737755
2018-04-18,-0.006934809999996078,-0.0019623066554872092,-0.004972503344508869,0.24105016445558416
2018-04-19,0.0022012879261726335,-0.0002665705364467263,0.0024678584626193593,0.02892364836854104
2018-04-20,0.013423997052200723,0.004947417095347016,0.008476579956853705,0.11992195497654976
2018-04-23,0.0016055241590195676,0.0007203041782442958,0.0008852199807752766,0.11118157495944664
2018-04-24,0.0063685070107833515,0.0034263728501565827,0.002942134160626769,-4.813102835544341e-05
2018-04-25,0.004795147683595235,0.0028586207069619327,0.001936526976633303,0.1013757466875181
2018-04-26,-4.822192374162636e-06,0.00039359486680665655,-0.00039841705918081984,0.05766298368466143
2018-04-27,0.005599432535540223,0.0021545721227666384,0.003444860412773587,0.012010363146449324
2018-04-30,0.0030949135136433686,0.0012414768571899631,0.0018534366564534055,0.04674697023578987
2018-05-01,0.0006151277637324838,0.0007055259530441543,-9.039818931167029e-05,-0.003656880926928425
2018-05-02,0.002558142436729524,0.0015606934144265054,0.000997449022303018,0.05696197821256887
2018-05-03,-0.00016786370924857185,-0.00039686547848182506,0.00022900176923325473,0.16094264896460048
2018-05-04,0.0024773415020775654,0.0017641701195423303,0.0007131713825352354,0.05036701900225758
2018-05-07,0.006938976839028128,0.004358672691864497,0.0025803041471636314,-0.1008647802922481
2018-05-08,0.002557389408011393,0.0010067020911484238,0.0015506873168629719,0.08972864258309099
2018-05-09,-0.005571926604912322,-0.00282290382195632,-0.002749022782956002,-0.12390600395102504
2018-05-10,0.003989164558513438,0.0018637978714934238,0.0021253666870200147,-0.05436712185156661
2018-05-11,-0.005371028166233063,-0.0023150657817985164,-0.0030559623844345456,0.14320197904948556
2018-05-14,-0.00214779933839655,-0.0010982559567429212,-0.0010495433816536288,0.05692467884033539
2018-05-15,0.006149566687635546,0.0034813389019267395,0.0026682277857088084,-0.06962963906541808
2018-05-16,0.0025713873481878835,0.0008466101094732267,0.0017247772387146568,-0.08734317832351135
2018-05-17,-0.003733021193683398,-0.0005813965415039958,-0.003151624652179401,0.0786376601813379
2018-05-18,-0.004535690696999603,-0.0025449757600460392,-0.0019907149369535644,-0.02917748918058704
2018-05-21,0.004136034312779768,0.0004239698601531082,0.003712064452626663,-0.06956667663595875
2018-05-22,-0.001458797850577795,-0.0010493217751499596,-0.0004094760754278354,0.10743173560046201
2018-05-23,-0.004140170607088198,-0.0004090284504948594,-0.003731142156593338,-0.03969730968003463
2018-05-24,0.007178353952389707,0.0035848939652443814,0.003593459987145326,-0.017612314091031582
2018-05-25,-0.002125689735372578,-0.0017223778541688405,-0.0004033118812037384,0.02830907209143456
2018-05-28,-0.0009467421987345677,-0.0008841997798207032,-6.254241891386417e-05,-0.010301373612024387
2018-05-29,0.0014042280354923681,0.0008564255628813792,0.000547802472610989,-0.02154210186863318
2018-05-30,-0.0005223846008124118,0.0005016695911108505,-0.0010240541919232615,0.04074939118023745
2018-05-31,-0.0011160201111824817,-0.0008415606769613267,-0.00027445943422115524,-0.023821179226983385
2018-06-01,0.0022812020488245537,-0.00026186126288253557,0.002543063311707089,0.08173535707114783
2018-06-04,-0.0012640915839999985,-0.000433290028482791,-0.0008308015555172073,0.0627684459305573
2018-06-05,0.00414067030165177,0.0014206038027094938,0.0027200664989422765,-0.11317278004436544
2018-06-06,0.003138837016744005,0.0016000139289240945,0.00153882308781991,0.17844438624566858
2018-06-07,-0.0060370482995002455,-0.0023445462226172574,-0.00369250207688299,0.08439181053349448
2018-06-08,0.009732619563777689,0.0033296489170015356,0.0064029706467761535,0.0014438113563926976
2018-06-11,0.0041780842912757035,0.0007408529344169849,0.0034372313568587186,-0.12683064265784472
2018-06-12,7.092951833748856e-05,0.00011084954405561967,-3.9920025718129595e-05,0.14181680889309695
2018-06-13,-0.0065779614641869695,-0.001749601311776172,-0.004828360152410798,0.03719574181757055
2018-06-14,0.00706295263764281,0.0015872779335583155,0.0054756747040844945,0.027777452914288542
2018-06-15,0.0022678989016117392,0.0008785035766003127,0.0013893953250114265,0.022197505322033892
2018-06-18,0.0015884579511138272,0.0003066845048567586,0.0012817734462570677,0.09729840402777058
2018-06-19,0.0014526729201451115,0.00015652555068726773,0.0012961473694578438,-0.041273230336648044
2018-06-20,0.005945156526324384,0.002075356195260879,0.0038698003310635044,0.11254942439745819
2018-06-21,-0.0031158852174930614,-0.0036413636440172648,0.0005254784265242007,0.08785489808515985
2018-06-22,0.005806464444980194,0.0026196985359621533,0.0031867659090180425,0.12984621125050216
2018-06-25,0.004239721588183138,0.002662012254753505,0.0015777093334296381,0.028457781605179817
2018-06-26,0.005857805930760077,0.0031179792778741264,0.0027398266528859527,-0.06183590187383677
2018-06-27,0.001306732859709178,0.0006963934447376946,0.0006103394149714822,-0.04892109625445095
2018-06-28,-0.0028151476220879957,-0.0002279228533842619,-0.0025872247687037334,-0.09311483044800441
2018-06-29,-0.0026183620383214276,-0.0012460525965837222,-0.0013723094417377045,-0.14264245270508802
2018-07-02,-0.004121313926603893,-0.0028188374027582896,-0.0013024765238456026,0.04026261902027507
2018-07-03,-0.008735111272611815,-0.003462007582779247,-0.005273103689832567,-0.037764763677017435
2018-07-04,0.002324573550938796,0.0012781925694333542,0.0010463809815054418,-0.12912324644338807
2018-07-05,-0.0021621374377282583,0.00012033782282777888,-0.0022824752605560368,-0.07210632764239301
2018-07-06,-0.0077834805600017366,-0.004306015257657607,-0.0034774653023441314,0.06668485091389936
2018-07-09,-0.00383398329786581,-0.001791899710191655,-0.0020420835876741594,-0.060044740833281436
2018-07-10,0.005317356217438439,0.00129276281897878,0.004024593398459659,0.13758540685213932
2018-07-11,-0.004442699179480028,-0.0004273672990182958,-0.004015331880461731,-0.043415381369375276
2018-07-12,0.00977435066373125,0.003788619084679086,0.005985731579052165,-0.08061257520075271
2018-07-13,-0.0023943523260395528,-0.0013288309812036691,-0.0010655213448358836,-0.097365838066062
2018-07-16,-0.005191712344675247,-0.0015021275812217225,-0.003689584763453522,-0.08500204722103137
2018-07-17,-0.007072598065600463,-0.0025762229146264366,-0.004496375150974018,-0.0902476277944899
2018-07-18,-0.006190843015032973,-0.0021714516830757258,-0.004019391331957247,0.03591612466269031
2018-07-19,-0.007402388565275048,-0.004679492707816542,-0.0027228958574585065,-0.00976345300063732
2018-07-20,0.003733134150147839,0.0009448657370859925,0.002788268413061845,-0.023981389305018006
2018-07-23,-0.0007038822162262056,-0.0017480019284432935,0.00104411971221708,0.09986077108550699
2018-07-24,-0.0017064068866468125,0.0005352462096840024,-0.002241653096330818,0.20913962199399302
2018-07-25,0.008641556693136716,0.004609088641497099,0.004032468051639617,0.010855177992110469
2018-07-26,0.017110546374206323,0.008121919647164723,0.008988626727041604,0.1601738970862215
2018-07-27,0.0006838220925375378,-0.0002579439606908776,0.0009417660532284149,0.0006874932990446808
2018-07-30,0.01022516364192245,0.004798502091477277,0.005426661550445175,-0.04854113047731559
2018-07-31,4.834370882782755e-05,0.0004288239409033518,-0.0003804802320755245,-0.04018040982153783
2018-08-01,-0.003193314442046927,-0.0002626994800229756,-0.0029306149620239507,-0.04897285921124342
2018-08-02,-0.002419137877898316,-0.0003583712749704853,-0.0020607666029278295,-0.03588951907553378
2018-08-03,-0.0034982092007945866,-0.0021021357048862472,-0.0013960734959083407,0.09050982363108097
2018-08-06,-0.0028417153282363702,-0.002251024169973065,-0.0005906911582633043,-4.8267889730450974e-05
2018-08-07,0.006464997448153905,0.0018942001315111305,0.0045707973166427725,0.1354708473410453
2018-08-08,-2.4052514564223363e-06,5.659936484395979e-05,-5.900461630038451e-05,0.04988551703054835
2018-08-09,0.009614571753503887,0.0030389331657656483,0.006575638587738238,-0.016634132722187233
2018-08-10,0.002863166021504197,0.0014572481274960462,0.0014059178940081518,-0.04069117200521359
2018-08-13,-0.0009762636697141661,-6.942744706563142e-06,-0.000969320925007601,-0.019634669431396738
2018-08-14,-0.0028469356901980863,-0.0012661625644396594,-0.0015807731257584268,-0.026010850615552108
2018-08-15,-0.001338469573400171,-0.0013560588282325228,1.7589254832353282e-05,-0.04679967221035414
2018-08-16,-0.0017401842580504515,-0.00046664052324625355,-0.0012735437348041986,0.0752613833197476
2018-08-17,-0.004184813754514285,-0.0009934048993366024,-0.003191408855177683,0.0351898381800485
2018-08-20,0.0055655403589081566,0.0036878969221148545,0.001877643436793302,-0.02138571674006284
2018-08-21,0.0026035105350207316,0.0009160296503306405,0.0016874808846900921,0.05265781915023896
2018-08-22,-0.0016098451645113606,-0.0007026380098513786,-0.0009072071546599829,-0.005011240966281245
2018-08-23,0.003772688071680692,0.00025761522824026956,0.0035150728434404223,0.06595561448276122
2018-08-24,-0.0003205569007602501,0.0004239344752035223,-0.000744491375963773,-0.05848197637050925
2018-08-27,0.00419799004385027,0.0033860527931417334,0.0008119372507085325,-0.029391706832658706
2018-08-28,-0.003882805414498642,-0.0006304704702333915,-0.003252334944265252,-0.006406078356145956
2018-08-29,-0.0020735157877791355,-0.0012613207651302359,-0.0008121950226488983,0.0413082659357109
2018-08-30,-0.000407409078440525,-0.00048318996557665875,7.578088713613464e-05,0.09361413042526749
2018-08-31,0.0030278131147905077,0.0013669602945322393,0.0016608528202582667,-0.036110533065425186
2018-09-03,0.007353616032213638,0.002541350322563203,0.004812265709650435,0.07993016359726812
2018-09-04,-0.0023741661083543203,-0.0008718720713697427,-0.0015022940369845798,0.03565604108474147
2018-09-05,0.00542637460000118,0.0018637718445979196,0.0035626027554032658,0.08231753263956859
2018-09-06,0.0029288335112037083,3.2526886649226e-05,0.002896306624554484,0.09647180239853789
2018-09-07,0.00773446732760736,0.0015625600832906428,0.006171907244316717,-0.0069391841915145665
2018-09-10,0.007625159574791858,0.0027873685987005736,0.004837790976091284,0.05051195414297858
2018-09-11,-0.0005883935549324832,-0.0024871322683857056,0.001898738713453224,0.106403832341791
2018-09-12,0.0037306522305698493,0.00112979787114861,0.002600854359421239,0.09886019893885564
2018-09-13,0.007272354431130636,0.0034480054230350806,0.0038243490080955545,-0.014588637610489806
2018-09-14,0.006079170597303047,0.003119481287250421,0.0029596893100526257,-0.023244757772699243
2018-09-17,-0.0007187608824129211,0.0006910406954519013,-0.0014098015778648207,-0.09507016387521451
2018-09-18,-0.0014609042516806107,-0.0006270249518101605,-0.0008338792998704506,-0.1062299464353106
2018-09-19,-0.005085216705987132,-0.0015845122781563813,-0.0035007044278307503,0.10757267090101043
2018-09-20,-0.005279865770785945,-0.0015859239387749566,-0.003693941832010987,-0.00016286994401392956
2018-09-21,0.0064428238156926665,0.0029389440342175704,0.003503879781475098,0.0008692811594475187
2018-09-24,-2.6400677073424444e-05,-0.0011629700081970534,0.0011365693311236325,0.03168027354154959
2018-09-25,7.042814931763918e-05,1.8942007496838527e-05,5.1486141820799355e-05,0.01568837009077405
2018-09-26,0.0018118167532917976,0.0018232730505675747,-1.1456297275780347e-05,0.10884289012209244
2018-09-27,0.0009392219605961431,0.0001352806238789639,0.0008039413367171783,0.1416923434841852
2018-09-28,0.007112904907947821,0.0026547056365651064,0.004458199271382711,-0.08074468656681276
2018-10-01,0.009394831115136977,0.0036914447661197235,0.005703386349017256,0.04010769117320324
2018-10-02,-0.004277758296221994,-0.0018249919772871867,-0.002452766318934811,-0.010650148010788327
2018-10-03,0.00201697774867581,0.0015604328991603556,0.0004565448495154545,0.044835927260561424
2018-10-04,-0.0005419553058108376,-0.0004286225580294968,-0.00011333274778134103,0.080167177504907
2018-10-05,0.002730692329342102,0.0013226799174086016,0.0014080124119335014,0.030348604176749065
2018-10-08,0.004410307167780079,0.0014241040471373884,0.002986203120642691,0.11360270417985363
2018-10-09,0.0019849032565020476,0.0013087253134698162,0.0006761779430322287,0.0150021026102332
2018-10-10,0.0066600809616658,0.0016019174907124928,0.0050581634709533085,0.08939424312615968
2018-10-11,0.0008752901792237918,0.001189982894326932,-0.0003146927151031399,-0.02632959434751924
2018-10-12,0.005638714117471603,0.0025021354587157103,0.0031365786587558876,-0.07608789603801033
2018-10-15,-0.0015992106558344714,-0.000427536814578397,-0.0011716738412560733,-0.040580235025445964
2018-10-16,-0.0034976884522435418,-0.0016175257323947298,-0.0018801627198488033,0.0031236419962119696
2018-10-17,-0.002056495653740314,-0.00019165184698437254,-0.0018648438067559421,0.0916377421324034
2018-10-18,0.00016148500250569525,-0.0010185575142431019,0.0011800425167487966,-0.022739912685211815
2018-10-19,0.0051421131658466925,0.0029946327116576812,0.002147480454189013,0.06283887504832841
2018-10-22,-0.001259461894559995,0.0006649260289116946,-0.0019243879234716894,-0.0650420994678242
2018-10-23,0.003132360642502013,0.0007360722904973775,0.0023962883520046354,0.06985960307275997
2018-10-24,-0.0030896147070626732,-0.002197335644822577,-0.000892279062240096,-0.02614375606979799
2018-10-25,0.003415395900975171,0.0019891392394885132,0.0014262566614866579,-0.020199390416122658
2018-10-26,-0.0012752739378210217,0.00038473251267266695,-0.001660006450493686,-0.026055591827158095
2018-10-29,-0.0010957249373997834,-0.0002779052985672982,-0.0008178196388324852,0.005944332108697858
2018-10-30,-0.0014240265362156224,-0.0006810580265550637,-0.0007429685096605621,0.00753112449073215
2018-10-31,0.00033930899472967295,0.00037862490089872046,-3.9315906169047675e-05,0.05709060317056111
2018-11-01,0.0003852613777029858,-0.00034727767370982144,0.0007325390514128062,-0.005422879004049974
2018-11-02,0.003062933835282394,0.0014416559039195243,0.0016212779313628696,0.10988688687511956
2018-11-05,-0.00027099427093921213,-0.00023954147198646317,-3.14527989527455e-05,0.04021321108049098
2018-11-06,0.005841968082929257,0.002941051894881746,0.0029009161880475106,0.08965270668439616
2018-11-07,0.002069301291416343,0.0016048712579363102,0.0004644300334800313,0.01746342236603386
2018-11-08,0.004502137037788314,0.0025783714308127014,0.001923765606975613,0.020391433594950485
2018-11-09,0.0008482508650210398,-0.0001990617255877604,0.0010473125906088,-0.08961315692468151
2018-11-12,0.0011803197630739348,0.0004791017619270449,0.0007012180011468916,0.0012414418540710715
2018-11-13,-0.004799920035298527,-0.0023880637250914176,-0.002411856310207108,0.004010218053749359
2018-11-14,5.300431568332816e-05,-0.0006339319909182232,0.0006869363066015505,0.01224644060284967
2018-11-15,0.00020199136946900357,0.0010826358045179921,-0.0008806444350489881,-0.032324390614426296
2018-11-16,0.0006426540339595829,0.001802490381363099,-0.0011598363474035161,0.00028359619725791963
2018-11-19,-0.0018987626712672723,-0.0017372676225441228,-0.00016149504872314986,-0.009212948954325992
2018-11-20,1.1674886329032287e-05,-0.0004131854509709437,0.00042486033729997657,-0.020374135630308633
2018-11-21,-0.000433645836567389,-3.827297546744375e-05,-0.0003953728610999451,0.05389259639865514
2018-11-22,-0.0009905772152613377,-0.0012119281583885047,0.00022135094312716527,0.03888242553811529
2018-11-23,0.0022737247028667184,0.0013011469481881942,0.0009725777546785246,-0.11214529234055923
2018-11-26,0.002352123349657549,0.0014533451466894713,0.0008987782029680792,0.0035651566229372668
2018-11-27,-0.0048172527789720684,-0.0018105185763135027,-0.0030067342026585658,-0.03945774962916087
2018-11-28,0.00013760446388653286,-0.0006746789868095661,0.000812283450696099,0.02609959878292881
2018-11-29,-0.001741252629072099,-0.0006343337736043567,-0.0011069188554677428,-0.037015487059892806
2018-11-30,0.001158573219032022,0.0003471023009675,0.0008114709180645219,0.09062346412056375
2018-12-03,-0.0017301027196426288,-0.0009464003550163642,-0.000783702364626265,-0.04927230946205787
2018-12-04,0.00378689176248451,0.001030229867640657,0.002756661894843853,-0.04318205079457835
2018-12-05,-0.002257231383941916,-0.0006931097473356559,-0.0015641216366062598,-0.05614687190193814
2018-12-06,-0.0019448312128787662,-0.0012560902782048685,-0.0006887409346738975,-0.030585868871742847
2018-12-07,-0.0028961634720091984,-0.0014125453635428047,-0.0014836181084663946,-0.16202900285234964
2018-12-10,-0.001560134056112247,-0.0020770390700198312,0.000516905013907585,0.09296812875524804
2018-12-11,-0.010657754045309649,-0.00572102028524182,-0.00493673376006783,0.024691298226105548
2018-12-12,0.005594211989487816,0.0016714097614720083,0.003922802228015809,0.013714509661997727
2018-12-13,0.0012636911322970392,0.00033622140020752103,0.0009274697320895177,-0.05894055801620819
2018-12-14,0.0006840066976271483,0.0007190602479578076,-3.505355033065968e-05,-0.045876315656567516
2018-12-17,-0.002997068413024817,-0.002075266149986408,-0.0009218022630384098,-0.016773281046814373
2018-12-18,-0.002203536821175283,-0.001479327708409149,-0.0007242091127661349,-0.031760796284282446
2018-12-19,-0.0008494462920567902,-0.00012692097006909535,-0.0007225253219876951,0.06443814056843705
2018-12-20,-0.0014577418245794544,-0.0006403204257673942,-0.0008174213988120602,0.040726724940864475
2018-12-21,0.003003209475373406,0.00021150927210387797,0.0027917002032695273,0.047940282611241614
2018-12-24,0.0021485677127620817,0.0008618907413487295,0.001286676971413353,-0.03771747295776094
2018-12-25,0.002476156411599912,0.0014330917465713703,0.0010430646650285411,-0.02412039703619196
2018-12-26,-0.0020762327588814003,-0.0013190874216906438,-0.0007571453371907565,0.028959362995265484
2018-12-27,-0.0012233373224729055,-9.395390292647656e-05,-0.0011293834195464283,-0.0640315518364997
2018-12-28,0.001722429331502417,0.0010914291238767837,0.0006310002076256333,0.07294184356582092
2018-12-31,-0.003972262197738597,-0.0013053130578872026,-0.0026669491398513935,0.1817093621774757
2019-01-01,0.003778734054460274,0.001787960557305561,0.0019907734971547145,-0.0707562841956101
2019-01-02,0.011352177124831823,0.005152293397104845,0.006199883727726978,0.059155926027626385
2019-01-03,-0.003776188916271841,-0.0010313097865834848,-0.002744879129688357,0.01946030623841669
2019-01-04,0.003708978766917369,0.0008309860934313518,0.002877992673486013,0.06279976149638658
2019-01-07,0.0010681572032251617,6.736418767608332e-05,0.0010007930155490792,0.04327716511801057
2019-01-08,0.003042814931866841,0.0016276412718452806,0.0014151736600215578,0.13724083427771647
2019-01-09,0.002284999084825888,0.0007322375834972333,0.0015527615013286545,0.018531107377641118
2019-01-10,0.007102899888071107,0.003442600658199237,0.0036602992298718695,-0.006968251082337287
2019-01-11,0.0010423931199343716,-0.0007969502459085984,0.0018393433658429707,0.012335815416000635
2019-01-14,-0.0004038383046077976,-0.001123190104834807,0.0007193518002270131,0.13373589767397437
2019-01-15,0.0007428442204612294,-0.00039332238681216367,0.0011361666072733931,-0.0003119578996471134
2019-01-16,0.00751172513371676,0.003856971973011242,0.0036547531607055176,0.0017028865038994138
2019-01-17,-1.593140749256948e-05,-0.0003559194896967212,0.0003399880822041509,-0.029139944881310033
2019-01-18,8.336959810188445e-05,-0.0004325512927543908,0.0005159208908562746,0.006967263194823331
2019-01-21,-0.0014381328200757126,-0.0006049109996074144,-0.000833221820468296,0.018399455580594228
2019-01-22,0.0003418692909958151,0.00012741877321215762,0.0002144505177836579,0.05963847514074855
2019-01-23,0.0008969767197876991,-0.0005631465789935619,0.0014601232987812626,-0.07029539423112399
2019-01-24,0.0030838583421999854,0.0016217398842215828,0.0014621184579784031,0.013058466814596019
2019-01-25,-0.0038577723706477787,-0.0015706113719026627,-0.002287160998745117,-0.04048920106692356
2019-01-28,0.0007247652892978446,0.00012940049719192565,0.0005953647921059188,0.09381912641087721
2019-01-29,-0.002463107757877504,-0.00245838116387714,-4.7265940003628215e-06,-0.03609216072428879
2019-01-30,0.006590569607786871,0.003052477325779169,0.0035380922820077085,0.05744223233459963
2019-01-31,-0.002025503554264803,-0.0006748577151367216,-0.0013506458391280823,0.028868316539284792
2019-02-01,0.002902090426019518,0.0004812598744760189,0.002420830551543499,0.0831919586056823
2019-02-04,0.0017419862245133505,0.0019636268293973754,-0.00022164060488402432,-0.0019346549424933252
2019-02-05,0.0040980790930592835,0.0010343472952834293,0.0030637317977758524,0.05370220178401806
2019-02-06,-9.100744172191278e-05,-0.0001946971464397724,0.00010368970471785928,0.026549384419023474
2019-02-07,0.002767170388843748,0.0005773019420290831,0.002189868446814665,-0.006287486678324339
2019-02-08,0.0013376421968210892,0.0008374140450541218,0.0005002281517669689,-0.028384018158507624
2019-02-11,-0.0004400027806804995,-0.0012650297948348516,0.0008250270141543468,0.0026291045696152596
2019-02-12,-0.0015698376758136907,-0.000380701522382996,-0.0011891361534306956,-0.014856217967104077
2019-02-13,0.00012251743887143718,-0.000502152792715046,0.000624670231586483,0.14120948641906544
2019-02-14,-0.000834570937722821,-0.001602432489954654,0.0007678615522318331,-0.056136947110157306
2019-02-15,0.00905259926122411,0.0029799889257821517,0.006072610335441958,0.1230560747060094
2019-02-18,-0.002851219321651302,-0.0017139852109024443,-0.0011372341107488589,0.08178868272984142
2019-02-19,0.005687468185428297,0.002829119406336081,0.0028583487790922162,0.08569602465452963
2019-02-20,0.004070887468548767,0.0014309248092839021,0.002639962659264865,-0.02098952712802754
2019-02-21,0.004252239228065538,0.0008173354604634987,0.0034349037676020397,-0.12712621684552175
2019-02-22,-0.001536983074660974,9.598488590717782e-05,-0.0016329679605681519,-0.002266809590347089
2019-02-25,-0.008154942459927875,-0.004691475314992805,-0.0034634671449350705,0.08978488582167028
2019-02-26,-0.00015976197004869026,-0.0007479449509912462,0.0005881829809425559,0.03341843444959648
2019-02-27,0.0054983175597268326,0.0014921036822853097,0.004006213877441524,-0.057219923398611115
2019-02-28,0.0015997876254560007,0.00027291978548604767,0.0013268678399699528,-0.043276485404726374
2019-03-01,-0.0029706995379654173,-0.0014672080895428699,-0.0015034914484225474,0.046526883195272005
2019-03-04,-0.0021781890941697402,-0.00010608480073828557,-0.002072104293431456,-0.056351920237587116
2019-03-05,0.002445012864546313,0.0013312420958294796,0.0011137707687168333,0.12298486596651213
2019-03-06,-0.0026606497919771915,-0.0022164267148997926,-0.0004442230770773988,-0.10214851959283604
2019-03-07,0.006114620219611523,0.002037159385115731,0.004077460834495792,-0.06511181505799209
2019-03-08,-0.005334324431904023,-0.003083638845241602,-0.0022506855866624223,0.014551528583730903
2019-03-11,-0.003041242435649904,-0.0009573786546419891,-0.002083863781007915,-0.02451606313273423
2019-03-12,0.0006980150159256529,0.0002886646998301705,0.00040935031609548155,0.07125133892091787
2019-03-13,-0.0011995791993765206,-0.00034907811581970805,-0.0008505010835568125,-0.06125602354390837
2019-03-14,0.003885861755786114,0.0017879131503249907,0.0020979486054611227,0.06165744918812382
2019-03-15,-0.002882926660772267,-0.0008465077830883717,-0.0020364188776838942,0.01532357845184303
2019-03-18,0.0027027722131429937,0.0005017693447924437,0.0022010028683505517,-0.04062037853967795
2019-03-19,0.0007252264279106726,0.0007048061559137841,2.0420271996887847e-05,0.11907466765318891
2019-03-20,-0.0017994583325838683,-0.0011218132243087067,-0.0006776451082751616,0.13191138864363625
2019-03-21,0.006899449649046268,0.0038989426187318772,0.0030005070303143894,-0.03419755246546071
2019-03-22,0.009357941613539249,0.003263601952842407,0.00609433966069684,-0.028419107349253757
2019-03-25,-0.0016176634075291546,-0.00045143332668583225,-0.0011662300808433224,0.018366012838128103
2019-03-26,-0.0013602979176526274,-0.0008662573623036539,-0.0004940405553489732,0.07059240443274882
2019-03-27,0.0007738954404952567,0.000657015661734438,0.00011687977876081784,0.01840669360392683
2019-03-28,0.0028875558648362833,0.0011809805369537491,0.0017065753278825335,0.010487380650327144
2019-03-29,0.0008454205161652641,0.0004806348320519698,0.0003647856841132945,0.07468010762675364
2019-04-01,0.00048706891238749586,0.0005166397944846978,-2.957088209720217e-05,-0.0465402358370818
2019-04-02,0.0031644879113738623,0.0015711485674086117,0.0015933393439652513,-0.015475550463208778
2019-04-03,-0.0017901308010909991,-0.0008224725007025899,-0.00096765830038841,-0.036458702327315365
2019-04-04,-0.0006782961342530446,-0.0005947912171049424,-8.350491714810213e-05,-0.1198814890198915
2019-04-05,-0.0015762875658468188,-0.0007784954756533506,-0.0007977920901934684,0.018601169477625305
2019-04-08,-0.005766446961141471,-0.0023267741408644843,-0.0034396728202769865,-0.033662389350229464
2019-04-09,0.0008247339860621844,0.0006663693745194606,0.00015836461154272383,0.07728118990326446
2019-04-10,-0.0016226981879747348,-0.0009827446572701522,-0.0006399535307045827,-0.037361459389730754
2019-04-11,0.003283712381796511,0.0011668000088034536,0.002116912372993057,0.043185634074482136
2019-04-12,-0.0017653754122968152,-0.00015446447704903568,-0.0016109109352477786,-0.019716712212247987
2019-04-15,0.0021865198940543952,0.0018301273363126522,0.00035639255774174393,0.025784970276506905
2019-04-16,-0.0009616811789193492,-0.0003632238187630739,-0.0005984573601562749,0.07236704393259523
2019-04-17,0.0013783275557907918,-0.00033975390589431175,0.0017180814616851031,0.13320691767643372
2019-04-18,0.0038875568428799042,0.0018811108286720425,0.002006446014207861,-0.0061396892696127785
2019-04-19,0.00755998313815244,0.003974570697740921,0.0035854124404115263,0.025116985729241807
2019-04-22,-0.0003267865626467143,-0.00018455244163919152,-0.00014223412100752494,0.019243342962515012
2019-04-23,0.0012491456864771491,0.0008525866899536114,0.00039655899652353815,0.07407288380066364
2019-04-24,0.0008756572444798019,-0.00040095815748510295,0.0012766154019649032,0.09137808417574819
2019-04-25,0.004148563736057495,0.0016188427190586387,0.0025297210169988576,0.01255503004909316
2019-04-26,0.005108028782770685,0.0015923506814342694,0.0035156781013364145,0.04082926156897691
2019-04-29,0.0006448838121308159,0.0013898079074473333,-0.0007449240953165178,0.10154295595283702
2019-04-30,0.002080953625946437,0.0010748523648640325,0.0010061012610824045,-0.05657900263274967
2019-05-01,0.0056231146157670634,0.002362178178201767,0.0032609364375652964,-0.02562451172762609
2019-05-02,-0.0035435286524740386,-0.001138443306364513,-0.0024050853461095242,-0.04046330161552738
2019-05-03,-0.0015256145763578397,-0.000987586143987881,-0.0005380284323699587,0.06407118667194586
2019-05-06,-0.002770593894686472,-0.0010643661311483064,-0.0017062277635381661,0.13603665706297347
2019-05-07,0.0037013003124554814,0.0010234610554190546,0.002677839257036428,-0.010783519716815609
2019-05-08,0.008015054533443328,0.003468686052302601,0.004546368481140728,0.06844962339695032
2019-05-09,-0.0005645120167086255,-0.0005583173847196424,-6.194631988983013e-06,-0.027977224272975304
2019-05-10,0.003931560675149784,0.001723917392729932,0.002207643282419851,0.027793891707488392
2019-05-13,-0.0016409076385534111,-0.0015309220182522538,-0.00010998562030115739,0.01701457688978146
2019-05-14,0.0015169830608703792,0.0011162055069062976,0.0004007775539640818,-0.03217202219474059
2019-05-15,0.000933905159484183,0.0006299576241392147,0.00030394753534496773,-0.03368896802952442
2019-05-16,-0.002150547542398777,-0.0003444531042023427,-0.0018060944381964334,-0.06028356385100047
2019-05-17,-0.0024073128366260957,-0.0014075089649270203,-0.0009998038716990745,-0.10609060589288537
2019-05-20,-0.004153027568380122,-0.0018894650755340425,-0.0022635624928460784,-0.1461071049409594
2019-05-21,-0.007516936634668874,-0.0023091297043257783,-0.0052078069303430966,-0.18580118991658146
2019-05-22,-0.013773076066129583,-0.00516897714369674,-0.008604098922432843,-0.11190442267894499
2019-05-23,-0.023046918744834333,-0.010977560439474676,-0.012069358305359656,-0.11540135929569365
2019-05-24,-0.0077849754456411555,-0.003064283588560354,-0.004720691857080808,0.0367307219970503
2019-05-27,-0.008189126463256967,-0.003037217008776804,-0.0051519094544801615,0.12020879779384454
2019-05-28,0.0031618258338913254,0.001938305208630824,0.0012235206252605019,0.22803075808577988
2019-05-29,0.010277673284611634,0.0046606138183282325,0.005617059466283401,-0.11407036748415914
2019-05-30,0.016202625719276345,0.007303563714338116,0.00889906200493823,0.06927849643748026
2019-05-31,-0.007357564430876931,-0.004206418027217204,-0.003151146403659724,0.05669593243099088
2019-06-03,0.0047476181289759015,0.0023327998363996336,0.0024148182925762696,0.06603831224524287
2019-06-04,0.003404006557911369,0.0005060145071205885,0.0028979920507907803,0.025540907947323645
2019-06-05,0.003906423398529372,0.002064285164458446,0.0018421382340709225,0.07923653264267834
2019-06-06,0.001765262308515533,0.0014221487161919753,0.0003431135923235573,0.005925532192788184
2019-06-07,0.006220295867762597,0.004196677260101181,0.0020236186076614156,-0.02159406414113248
2019-06-10,0.0003395139094920282,-0.00017621792930085436,0.0005157318387928808,-0.09405140068010197
2019-06-11,-0.0015194186263535617,0.0003678941793933098,-0.0018873128057468758,-0.12063077139650635
2019-06-12,-0.0076305226733329404,-0.005159039040948138,-0.002471483632384801,0.14361230691960283
2019-06-13,-0.010969044122375121,-0.006919212106743685,-0.004049832015631439,0.1202621534786251
2019-06-14,0.014770383311501618,0.006635213831344284,0.008135169480157332,0.02995560077029767
2019-06-17,0.009636006741690142,0.004028086430698869,0.005607920310991273,0.0006800145978987301
2019-06-18,0.002552592529244958,0.0009950939828624744,0.0015574985463824784,0.04938261118919436
2019-06-19,3.294166594036219e-05,-0.0017106834622819186,0.0017436251282222787,0.09835635789759793
2019-06-20,0.003103665382233537,0.0016359129279996058,0.001467752454233931,0.06521615026548885
2019-06-21,0.007171621589154767,0.001314116880677044,0.005857504708477723,-0.06216128751800118
2019-06-24,0.004576811030369696,0.0014499509306651823,0.003126860099704514,-0.09965130170245734
2019-06-25,-0.004415230941023253,-0.0008118875423703111,-0.0036033433986529424,0.05923437412993132
2019-06-26,-0.009645300155687403,-0.005314392694410891,-0.004330907461276512,-0.03754063413984957
2019-06-27,0.004747491613389122,0.0009187575475235396,0.0038287340658655876,-0.053046420500523196
2019-06-28,-0.0025445160121753217,-0.001255219989070482,-0.0012892960231048398,-0.06918647402398664
2019-07-01,-0.003565062060605197,-0.002135307334235236,-0.001429754726369959,-0.020615232225077555
2019-07-02,-0.005027471398603087,-0.0031645435930511383,-0.0018629278055519484,0.00029044128529190306
2019-07-03,-0.0016816097466912615,-0.0010699789623643402,-0.0006116307843269247,0.09171033091621401
2019-07-04,1.5298880951261445e-05,-0.0006574175817387808,0.000672716462690042,-0.057407708339081036
2019-07-05,0.005961873371225184,0.003208943695470855,0.0027529296757543287,0.09769898945715086
2019-07-08,-0.003779361492100476,-0.004155600206204629,0.00037623871410415177,0.0188926938109494
2019-07-09,0.006153680286189091,0.0025560788835246977,0.003597601402664392,0.10927056969383978
2019-07-10,0.0015461062080184087,0.0002081808128852336,0.001337925395133173,0.20183913743058418
2019-07-11,0.007222176937538231,0.0030000243323307953,0.004222152605207434,0.044770198877259415
2019-07-12,0.01095751168747337,0.0059817661767209845,0.0049757455107523815,0.11057158534437875
2019-07-15,0.0029451730191173836,0.0006170072973744039,0.0023281657217429814,-0.0214150453955566
2019-07-16,0.006909096397894027,0.003719558312339844,0.0031895380855541805,0.0420531120688628
2019-07-17,-0.0017288424028930839,-0.00012689261777661803,-0.0016019497851164667,0.21085521951039657
2019-07-18,0.0029405810951769204,0.0012009792925026556,0.0017396018026742655,0.059480685641582334
2019-07-19,0.012231923872924873,0.005620859846423611,0.006611064026501263,-0.005844614686480497
2019-07-22,0.0036667836132440357,0.0021413751507669172,0.0015254084624771215,-0.06081978355241396
2019-07-23,-0.0003632965437472855,-0.0003102805363478572,-5.3016007399426905e-05,0.04848732636948691
2019-07-24,-0.003414442742059779,-0.00168442273033214,-0.0017300200117276454,0.04080733412046281
2019-07-25,0.002954351118755849,0.0006254899091552527,0.0023288612096005958,0.07198527111423841
2019-07-26,0.002739532890161366,-0.00010235187016558421,0.002841884760326952,0.043026955491914064
2019-07-29,0.00493436615667415,0.00268882630292535,0.0022455398537487986,0.047084720917353
2019-07-30,0.002912941456161669,0.0017662276913537455,0.0011467137648079224,0.08962619198622518
2019-07-31,0.0024375666278702787,0.001200535766043561,0.0012370308618267177,-0.018920584107364347
2019-08-01,0.005265813457871082,0.0026761956677814397,0.002589617790089642,0.11836493355476715
2019-08-02,-0.0011620229594025565,-0.0010668039013423704,-9.521905806018569e-05,-0.053854666399640656
2019-08-05,0.007462438635436955,0.0030112425756598665,0.004451196059777089,-0.0010489760002368627
2019-08-06,-0.003282239132980706,-0.002361405349586768,-0.0009208337833939376,0.010805617953054354
2019-08-07,-6.152751912926141e-05,0.00022315697169020265,-0.0002846844908194635,-0.008217051890769229
2019-08-08,0.0006595817051928783,0.0007193423376821318,-5.976063248925266e-05,0.12223676794259039
2019-08-09,-0.0005358117372347105,0.0007279063843120799,-0.0012637181215467913,0.14091832578821475
2019-08-12,0.00853716815977479,0.00348994605543234,0.005047222104342455,0.13338479404633302
2019-08-13,0.01004944296742608,0.004278935319378295,0.005770507648047784,0.11007778537544236
2019-08-14,0.011039818588166656,0.0035472511198774877,0.0074925674682891664,0.09960523400268174
2019-08-15,0.008282794676030941,0.0037799051876014674,0.0045028894884294735,-0.015797617275281436
2019-08-16,0.007165363138937229,0.003975662617966624,0.003189700520970607,0.035418855729394225
2019-08-19,-0.0009151264704301066,-2.393470891644267e-05,-0.0008911917615136676,0.08126978424420032
2019-08-20,0.0019772787473454263,0.0006256703756751124,0.0013516083716703141,-0.00020094050229404225
2019-08-21,0.004542441362212795,0.0021604824977874432,0.0023819588644253525,-0.017128496743632152
2019-08-22,-8.87519610290983e-06,0.0002862220308318138,-0.00029509722693472364,0.03280138122135324
2019-08-23,-0.0009508128807022001,-0.00043039306972893687,-0.000520419810973263,-0.03354568118571972
2019-08-26,0.00193309620108389,0.0014776941802087905,0.0004554020208751,-0.029222270596409635
2019-08-27,-0.0019065365137375238,0.00021395174866200087,-0.002120488262399525,0.06435796700676426
2019-08-28,-0.0016891299889263414,3.629721338114936e-05,-0.0017254272023074905,-0.01808611943656951
2019-08-29,0.004973804128213528,0.0017515884197198874,0.0032222157084936436,0.02012320374571833
2019-08-30,-0.0011066030808665327,0.0006027543386730172,-0.0017093574195395506,-0.013959473678074314
2019-09-02,0.001337903543135794,0.0016153832661551185,-0.0002774797230193256,0.06350781522493186
2019-09-03,-0.0009387183285994153,6.513032401987001e-05,-0.0010038486526192866,0.011803865482366421
2019-09-04,0.003928129084831047,0.0009693092291599911,0.0029588198556710563,-0.004003754993423624
2019-09-05,0.0007793152592459308,-0.00046506678463892163,0.0012443820438848515,0.0039571007573034785
2019-09-06,-0.0002197734244797254,0.00015595278589424638,-0.000375726210373975,0.061294627554405276
2019-09-09,0.0002602580980980611,0.00012340148723573655,0.000136856610862325,-0.02062013454493913
2019-09-10,0.00394586194490514,0.0016095312235719643,0.0023363307213331757,0.016827569584282394
2019-09-11,-0.001302857120914786,-0.0009178953797374587,-0.00038496174117732575,0.046796612066709486
2019-09-12,0.0009370625905248931,0.0001289325307828812,0.0008081300597420106,-0.08166274102125957
2019-09-13,0.0029988412854535422,0.0017247636035243657,0.0012740776819291765,-0.01419746047432381
2019-09-16,-0.004795493458765896,-0.0012121961430187748,-0.003583297315747123,0.007567252905027471
2019-09-17,-0.0008617715392561146,-0.0003825519092381614,-0.0004792196300179531,0.06332992674049522
2019-09-18,0.00044405340077606926,0.0005336083478475438,-8.955494707147543e-05,-0.01979845574957017
2019-09-19,0.0040015273864429995,0.002524310194803445,0.0014772171916395535,0.07946902342571321
2019-09-20,-0.0011011558081021142,0.0001915771385891012,-0.0012927329466912163,-0.05138624779724663
2019-09-23,0.004608753682385788,0.0013487016124367887,0.0032600520699489982,-0.061965035965181485
2019-09-24,-0.0030244701115642175,-0.0006921503200580984,-0.00233231979150612,0.011637861909230381
2019-09-25,-0.003680217870192678,-0.0017060616947890488,-0.001974156175403629,0.04755720936369694
2019-09-26,0.0007971993373037058,-0.0001486377781639652,0.0009458371154676707,0.036153212954532686
2019-09-27,0.002689462756903625,0.0008793113488563542,0.001810151408047269,0.0881027295263666
2019-09-30,0.002270269895226559,0.0016236015222388916,0.0006466683729876655,0.10692901195493199
2019-10-01,0.005398490639263514,0.002128529600921822,0.0032699610383416927,-0.015163216331426033
2019-10-02,0.005629906906846551,0.0019653845475324375,0.003664522359314114,0.016391428344286977
2019-10-03,-0.0008941985977720752,0.0001637489472958516,-0.001057947545067927,0.052604540733740365
2019-10-04,0.0010416900513917596,-8.016817096594174e-06,0.0010497068684883544,0.030330180510653372
2019-10-07,0.0030957932646413925,0.0012537183534722116,0.0018420749111691809,-0.027407854957759877
2019-10-08,0.0021242431317592438,0.0009429319053113039,0.0011813112264479403,-0.016861421473817927
2019-10-09,-0.0015414281740854182,-0.0012195101425107931,-0.00032191803157462576,0.06580912479193768
2019-10-10,-0.0010742484749775324,0.00010817236109516778,-0.0011824208360726998,0.02129117124071888
2019-10-11,0.004259415641595115,0.003087078936057997,0.0011723367055371178,-0.04456565853651988
2019-10-14,0.0013227080750046966,0.001465722173343148,-0.0001430140983384523,-0.008228180630014065
2019-10-15,-0.0029318343691682354,-0.0006167963914451777,-0.0023150379777230543,-0.07297054524108695
2019-10-16,-0.0005798645601984143,-0.0007920687331694921,0.00021220417297107726,0.01933312235031876
2019-10-17,-0.005072868154054555,-0.0019725695807456672,-0.0031002985733088843,0.02143492203487263
2019-10-18,0.001315609232993311,0.00040336739170891006,0.0009122418412844009,-0.0060396821960445185
2019-10-21,0.001831801938756822,0.0012242323778830066,0.0006075695608738167,0.0035121542807867397
2019-10-22,-0.0004321629048127857,-0.0004652044961961782,3.304159138339119e-05,0.09180858208605311
2019-10-23,0.00031028656630943295,-2.6844245259770652e-05,0.00033713081156920306,0.033350759947035805
2019-10-24,0.008583490954641502,0.005821552949105805,0.0027619380055356954,0.07981390981869772
2019-10-25,0.0024871341572212575,0.001465313234271931,0.0010218209229493277,-0.04729084050781912
2019-10-28,0.005918843416205959,0.0013316423585398383,0.004587201057666121,0.11643745603061749
2019-10-29,-0.003406772540211579,-0.0021173294506700163,-0.001289443089541563,0.05266027395620076
2019-10-30,0.00866571270486726,0.00385949849403963,0.004806214210827629,-0.0887819336514828
2019-10-31,0.0032117683311824593,0.0015605346709033378,0.0016512336602791224,-0.06294292309044001
2019-11-01,-0.006070153149968409,-0.002555925181086504,-0.003514227968881906,-0.023217347216862756
2019-11-04,-0.005064334167760131,-0.0019682760421629517,-0.0030960581255971772,0.10722307928397251
2019-11-05,-0.00181485225430018,-0.002165678750756064,0.0003508264964558836,0.10901280033242977
2019-11-06,0.006678605676801562,0.0031500002625241587,0.003528605414277403,-0.1111388246291855
2019-11-07,0.0062010029517945275,0.003915577176024192,0.0022854257757703375,-0.07547409748570438
2019-11-08,-0.007936986576037865,-0.004074539132420719,-0.003862447443617145,-0.010587176039652531
2019-11-11,-0.004759560476644536,-0.001749516129017024,-0.0030100443476275135,0.011118547477823005
2019-11-12,-0.0007327457445721755,0.00020758936393152488,-0.0009403351085036996,-0.0669718495143989
2019-11-13,0.0008648864367099844,2.248481419661781e-06,0.0008626379552903228,0.0047006656555743
2019-11-14,-0.004735818809262744,-0.0033150702164394495,-0.0014207485928232951,-0.06914227635504472
2019-11-15,0.00034286240207502636,0.0004222954149019326,-7.943301282690621e-05,0.15741291179518122
2019-11-18,-0.005077410752119445,-0.001999317252897823,-0.003078093499221621,0.03594546149828956
2019-11-19,0.012661531595462312,0.005167242571763715,0.0074942890236985955,-0.06168658002221573
2019-11-20,0.002667549559614826,0.0022060825325940815,0.0004614670270207469,-0.0046755285659209065
2019-11-21,-0.004765997547957231,-0.002449375691751873,-0.002316621856205357,0.18085755067473028
2019-11-22,-0.0003176306992858011,-0.0009317662398332241,0.0006141355405474237,0.013754456091356667
2019-11-25,0.010694428404286735,0.0041020215759402425,0.006592406828346492,0.07061285214596842
2019-11-26,0.0008326264401966225,0.0006172838573784457,0.00021534258281817598,-0.0406218045000525
2019-11-27,0.004503862867101509,0.0033188988570101077,0.0011849640100914,0.06524791992676353
2019-11-28,-0.0028179610650313127,-0.0018142220471972711,-0.0010037390178340398,0.05654796642797067
2019-11-29,0.004043283174642516,0.0016582634596053816,0.002385019715037134,0.1257500572005073
2019-12-02,0.0034841501139586907,0.0017397873327203352,0.0017443627812383546,-0.0025882363425624704
2019-12-03,0.00794192315176933,0.0032876589439191257,0.004654264207850202,0.007188586819170713
2019-12-04,-0.00020887250146170802,-0.000926966151669924,0.0007180936502082149,-0.06595212136978955
2019-12-05,0.0005093438621488566,-0.0015232084144675868,0.002032552276616445,0.15296282260847677
2019-12-06,-0.0040064428033765465,-0.002046025943970655,-0.0019604168594058932,-0.049770545482500365
2019-12-09,0.009710735017903344,0.005212890293967086,0.004497844723936257,-0.12568396974769
2019-12-10,-0.0030120985018678697,-0.002217584580937368,-0.0007945139209305013,-0.11339919753316835
2019-12-11,-0.007013842149963307,-0.003071519866779955,-0.003942322283183351,0.008402998584091352
2019-12-12,-0.007759815501530157,-0.004297012850229535,-0.003462802651300623,-0.13850492147424084
2019-12-13,0.0004872545870831975,-0.00035627189597847025,0.0008435264830616677,-0.22907105515122475
2019-12-16,-0.008676533083735765,-0.002548850982484547,-0.006127682101251216,-0.20269109899102708
2019-12-17,-0.01833545329865436,-0.007151531969225158,-0.011183921329429206,0.10225081452356365
2019-12-18,-0.015701135249509356,-0.007682188733560867,-0.00801894651594849,0.2818423192544429
2019-12-19,0.009006224502410776,0.0017930990031286946,0.007213125499282082,0.09864772158772221
2019-12-20,0.02719942122938132,0.01086357905032424,0.016335842179057078,-0.10300380062951733
2019-12-23,0.0061341954979656456,0.0027025898260998917,0.003431605671865753,0.1686406418228338
2019-12-24,-0.00833353810816085,-0.002298362276448966,-0.006035175831711884,-0.060050653877859524
2019-12-25,0.010442368500793109,0.00378969054468947,0.006652677956103639,0.004842613852140897
2019-12-26,-0.0028479008639027844,-0.0006353081116620349,-0.00221259275224075,0.10540018978140263
2019-12-27,0.0002711162664065319,0.00027892570079046685,-7.809434383935403e-06,-0.010002270124466892
2019-12-30,0.006130527753064415,0.0027794269839544264,0.0033511007691099867,0.03857264361106098
2019-12-31,-0.000555703806707319,0.0005258068660451475,-0.0010815106727524665,-0.008433792268852368
2020-01-01,0.001957520955689855,0.000586691504068421,0.0013708294516214317,0.048249848079539914
2020-01-02,-0.0004699159111328806,-0.0010546581471565127,0.0005847422360236313,0.07761401897607446
2020-01-03,0.0024839742623125813,0.0012532274907925724,0.001230746771520009,0.1145466943134939
2020-01-06,0.0039437812773556935,0.001406902864791143,0.0025368784125645513,0.08456994147215066
2020-01-07,0.007033496957118688,0.003024849739374681,0.004008647217744006,0.041685279581585064
2020-01-08,0.00483579107521232,0.0019991308658413517,0.002836660209370968,-0.09567915205984706
2020-01-09,0.0021168010166450007,0.00110159073257761,0.001015210284067391,-0.018395391485837145
2020-01-10,-0.006177076297083243,-0.002505510372210952,-0.0036715659248722915,-0.05399489215485725
2020-01-13,-0.0009126813898378073,0.0003046443342501412,-0.0012173257240879441,0.002464943809632025
2020-01-14,-0.0028924265693616737,-0.0006232850133111667,-0.0022691415560505074,0.10113555782546237
2020-01-15,0.00012747151731261558,-0.0011330911969322875,0.0012605627142449026,-0.07496154859349712
2020-01-16,0.005760996482115221,0.0020414053559932397,0.0037195911261219804,-0.07950736278899818
2020-01-17,-0.003827174816183776,-0.0009683324444159438,-0.002858842371767832,-0.08959147064248053
2020-01-20,-0.004405599663984855,-0.0012182411834838073,-0.0031873584805010473,0.0274439524963744
2020-01-21,-0.005052116164742313,-0.0021126354019271043,-0.002939480762815208,-0.039625008182677335
2020-01-22,0.0014311338229319043,0.0005278166464618879,0.0009033171764700164,0.024870204813265295
2020-01-23,-0.002030835103346461,-0.0012979703957348813,-0.0007328647076115793,-0.09074182476358791
2020-01-24,0.0013013605363363108,0.0010899734931584006,0.0002113870431779078,0.022656325418505863
2020-01-27,-0.005409128858316917,-0.0034909569191924317,-0.0019181719391244845,-0.03885008222300899
2020-01-28,0.0013069165895875417,-0.0008267718471037324,0.0021336884366912738,0.03605894609893028
2020-01-29,-0.002481838271992073,-0.0012843724960389434,-0.0011974657759531299,-0.014438492932463009
2020-01-30,0.0021582785643860136,-0.0003920887358068951,0.0025503673001929087,-0.1084763189447138
2020-01-31,-0.0009776684429364671,-0.00016310351848502352,-0.0008145649244514427,0.13318669573263783
2020-02-03,-0.008071861717501537,-0.005137331615469198,-0.0029345301020323403,-0.02335400019406893
2020-02-04,0.007571744969157349,0.0035767989167754914,0.0039949460523818585,-0.023575115510201947
2020-02-05,-0.0012072209187062167,-0.00037863275147490385,-0.0008285881672313129,0.05776272083965482
2020-02-06,-0.001373144464607424,-0.001409334540357441,3.6190075750019285e-05,-0.0018825606662004315
2020-02-07,0.003480820465056386,0.0014452626938484675,0.0020355577712079208,0.06956154875121126
2020-02-10,-5.2441130171807654e-05,3.434816478859598e-05,-8.678929496040363e-05,0.003538183447173415
2020-02-11,0.003985110011885388,0.0015128391542105395,0.0024722708576748464,-0.07738272933677558
2020-02-12,0.00022949099465805075,0.00029921147237754915,-6.972047771949819e-05,0.057219255928241834
2020-02-13,-0.00435664390257505,-0.002110925348810762,-0.0022457185537642877,-0.005113201450336095
2020-02-14,0.0031676627015491485,0.0015823104854513317,0.001585352216097817,-0.03287121549443577
2020-02-17,-0.00033048980921334043,0.0004946159314088653,-0.0008251057406222072,0.011827719140409101
2020-02-18,-0.0019689152563504416,-0.0005647431817857882,-0.0014041720745646535,0.06613705420659674
2020-02-19,0.0006873181124970309,0.0013981945112916771,-0.0007108763987946462,-0.019007460131199246
2020-02-20,0.003953710529804296,0.001953430877554301,0.0020002796522499942,-0.061084966975745225
2020-02-21,-0.0010674794089200667,-0.0009574721498096283,-0.00011000725911043674,-0.00022029303289436165
2020-02-24,-0.003662899175720712,-0.0011715315044430784,-0.002491367671277633,0.10173372644665125
2020-02-25,-1.0619372296377769e-05,0.00017715100633210892,-0.00018777037862848696,0.03086218715707574
2020-02-26,0.005642849612537737,0.0032675578975877757,0.0023752917149499654,0.08319069547620908
2020-02-27,0.0016951654885220997,0.0013912618109265138,0.0003039036775955859,0.09280842353885878
2020-02-28,0.004247775482036468,0.0018782068206601235,0.0023695686613763433,0.10903385079081948
2020-03-02,0.004843154314066921,0.0024691185812586707,0.002374035732808249,0.1029580639468958
2020-03-03,0.005463529767195076,0.001984971882334735,0.0034785578848603397,0.08891100817731086
2020-03-04,0.005893281516763408,0.00212218541784623,0.0037710960989171785,-0.0288921169979152
2020-03-05,0.0049118546243731385,0.002037531710913594,0.002874322913459545,-0.018769481753223297
2020-03-06,-0.0016405160569877128,-0.0013854565159488476,-0.0002550595410388658,-0.04977015465502007
2020-03-09,-0.0010708584115154437,-0.0011899263957499068,0.00011906798423446177,0.02242559295572819
2020-03-10,-0.0029179976036321524,-0.0013249212924066856,-0.0015930763112254672,-0.033158969402782845
2020-03-11,0.0013707601811185663,-0.00025113125969387917,0.0016218914408124459,-0.06132473351536488
2020-03-12,-0.0019463026319689965,-0.0016470279323763251,-0.00029927469959267154,0.006652819579061442
2020-03-13,-0.0037321294116013357,-0.00195954693284138,-0.0017725824787599535,0.08486870425456564
2020-03-16,0.0004448559333338301,8.365232517954652e-05,0.0003612036081542839,-0.04995475885315563
2020-03-17,0.005085547122771062,0.0020770547739393562,0.0030084923488317055,0.029420972044616068
2020-03-18,-0.003256959508678263,-0.0015399330535422959,-0.001717026455135967,-0.10130422828356374
2020-03-19,0.0018426594343933021,0.0004089231830079875,0.001433736251385315,-0.056055123062397225
2020-03-20,-0.006424373797032028,-0.002327401850483665,-0.004096971946548364,-0.050438947595887115
2020-03-23,-0.0035532109497624083,-0.0018617175337872164,-0.0016914934159751923,-0.14953092076377375
2020-03-24,-0.003336963896932714,-0.0003890555524276515,-0.0029479083445050625,-0.06783381290751558
2020-03-25,-0.010489564661627069,-0.004954035588376706,-0.005535529073250366,-0.006076996243889743
2020-03-26,-0.005384787434073892,-0.0030209263717347543,-0.0023638610623391374,-0.14188569335654688
2020-03-27,-0.00044808851068579847,-0.0011803841432361881,0.0007322956325503897,0.1914216720749292
2020-03-30,-0.010607985168544214,-0.005116375642340257,-0.005491609526203955,-0.10497273529031637
2020-03-31,0.017192292051603893,0.008923071443247218,0.008269220608356677,0.0512965482267527
2020-04-01,-0.0066982556807859035,-0.004030226451054457,-0.0026680292297314454,-0.03631380467940976
2020-04-02,0.00310830345475813,0.0013946521046861188,0.0017136513500720114,0.0653490627019472
2020-04-03,-0.002834653337318287,-0.0025081646612287282,-0.0003264886760895591,0.048309393209764684
2020-04-06,0.004768028215703649,0.0013905498902226842,0.0033774783254809657,-0.11459811397308152
2020-04-07,0.0035682388927997287,0.0005786413818143401,0.0029895975109853878,0.12522360047752018
2020-04-08,-0.009265345041460912,-0.006553319057353384,-0.002712025984107528,-0.07079771022045173
2020-04-09,0.009790703831679383,0.005446575900162654,0.004344127931516728,0.008004284325466866
2020-04-10,-0.006037012962205109,-0.0037662943141634,-0.002270718648041712,-0.1370284070740427
2020-04-13,0.0005599217059580313,-0.0011925660593688232,0.0017524877653268545,0.17484210030297054
2020-04-14,-0.010459534957310477,-0.005121922093864067,-0.00533761286344641,0.18302526850873077
2020-04-15,0.014525116316274355,0.006809297909585815,0.00771581840668854,-0.049809174186830174
2020-04-16,0.01280977125270906,0.008031283092539813,0.004778488160169246,0.17119941005647482
2020-04-17,-0.0034798978936141927,-0.0020146874016991074,-0.0014652104919150866,-0.14031661930604872
2020-04-20,0.012662207029733401,0.00676180048711263,0.005900406542620772,0.04496293336127157
2020-04-21,-0.009724080898507289,-0.004370000535193798,-0.005354080363313492,-0.030178939929057923
2020-04-22,0.0029680132041407753,0.0002796755692533754,0.002688337634887402,-0.06257703099121642
2020-04-23,-0.0022969415044616324,-0.0027335661711386083,0.0004366246666769741,0.03778099330504664
2020-04-24,-0.005089982607387677,-0.0048712541452189066,-0.00021872846216876816,0.005705539474980009
2020-04-27,0.0031066595407643442,-0.00012419765261930012,0.003230857193383646,0.043469500529204695
2020-04-28,0.00041374652536954506,-0.0006926164425814984,0.0011063629679510434,8.08114391068632e-05
2020-04-29,0.0032729628801861452,0.0039582930208468415,-0.000685330140660698,0.021167003078339335
2020-04-30,-2.8590914959241397e-06,-0.0012853029628478278,0.0012824438713519015,0.04804259318241162
2020-05-01,0.0019480554918060832,-0.0006798319829617564,0.00262788747476784,-0.08965035562505577
2020-05-04,0.0037111451146533986,-2.141765551201113e-05,0.0037325627701654098,0.01184083587083436
2020-05-05,-0.006949331505742359,-0.004676505410129244,-0.002272826095613115,0.11210506407212367
2020-05-06,0.0008571636101131616,-0.0006682430760202515,0.0015254066861334105,-0.03232709137506698
2020-05-07,0.008915821074149507,0.003685380668374146,0.005230440405775361,0.07891721234092744
2020-05-08,-0.002337702838401721,-0.002774702117860346,0.0004369992794586259,0.032107991245610375
2020-05-11,0.004966756074985002,0.002126939947196458,0.002839816127788542,0.05447320881246894
2020-05-12,0.0019528569442465009,0.0020460344403500415,-9.317749610354177e-05,0.07826528045611104
2020-05-13,0.0042803878162938,0.004197666793098669,8.272102319513072e-05,-0.012642181978967127
2020-05-14,0.005678115630887376,0.003574516908852892,0.0021035987220344894,0.019670721200773563
2020-05-15,-0.001028661038742995,0.0012584681330099871,-0.002287129171752984,-0.0279755810062231
2020-05-18,0.0013358118627777166,-0.0007015106093328921,0.0020373224721106104,0.022220651444576515
2020-05-19,-0.001857739976507966,0.001403189639908899,-0.0032609296164168656,0.05914457161534365
2020-05-20,0.0014316494120967607,2.6130619956007614e-05,0.0014055187921407529,-0.05666467590976631
2020-05-21,0.003853648063786222,0.002394729503433374,0.0014589185603528483,0.033808822070082005
2020-05-22,-0.003514674414954189,-0.0011951652741963477,-0.0023195091407578403,0.01165199237035403
2020-05-25,0.0021977760284329754,0.0011352381940721544,0.0010625378343608223,-0.05569362643853641
2020-05-26,0.000657829493759135,0.000978693090130706,-0.00032086359637156954,0.08801948713160657
2020-05-27,-0.0037407808702611144,-0.00025916909558942533,-0.003481611774671688,-0.11789649992454744
2020-05-28,0.005991254435486971,0.0036643363824852074,0.002326918053001765,0.031051086756370538
2020-05-29,-0.008434674044956075,-0.0025887001085769315,-0.00584597393637914,0.04049857332232598
2020-06-01,0.0023625793734678643,0.0007167716735646257,0.0016458076999032387,0.041441498966436736
2020-06-02,0.0027138103537244457,0.0017925077171358668,0.000921302636588581,-0.06559390169609458
2020-06-03,0.002458776862446127,0.0008039777396560248,0.0016547991227901064,-0.042497951151139204
2020-06-04,-0.004227502503643053,-0.003631368429831505,-0.000596134073811547,-0.054016422650751995
2020-06-05,-0.0028835758602982074,-0.0013508947615956622,-0.0015326810987025454,0.1511323609006051
2020-06-08,-0.0034630106781942576,-0.0009188288500923715,-0.002544181828101885,0.0037798673486715098
2020-06-09,0.009370636228418907,0.004581156369417411,0.004789479859001498,-0.02545626854601606
2020-06-10,0.00023591718426995887,-9.268504111611752e-05,0.00032860222538607596,-0.022727292647912827
2020-06-11,-0.001392724470062586,-0.0006375989740761111,-0.0007551254959864756,0.10745475848193727
2020-06-12,-0.0014501802374681056,-0.00016436787957800625,-0.0012858123578900968,-0.03994649797834128
2020-06-15,0.008087106509139763,0.0034442125431762994,0.004642893965963464,0.06049325191021662
2020-06-16,-0.00284851257242551,-0.001656863461621817,-0.0011916491108036938,0.03364203655211486
2020-06-17,0.004086018784750756,0.001858642216392697,0.002227376568358058,0.012858626672374807
2020-06-18,0.0020289068431344243,0.0014432206776100482,0.0005856861655243739,0.1578252039057305
2020-06-19,0.0008145407649651909,0.0007191632301897159,9.537753477547586e-05,-0.016388569926678816
2020-06-22,0.01006336727871485,0.0035386398700177433,0.006524727408697107,0.07968637539842174
2020-06-23,-0.0010465074721556355,-0.001091418678138641,4.491120598300617e-05,0.07439296893780684
2020-06-24,0.004645752405054661,0.00234010868809073,0.0023056437169639314,-0.041048822112231056
2020-06-25,0.004402448840120277,0.002460192867333792,0.0019422559727864858,-0.09249173247366008
2020-06-26,-0.002471729031070219,-0.00019607652052644996,-0.0022756525105437683,0.05430028269827332
2020-06-29,-0.005370433629528762,-0.0024748416149615823,-0.0028955920145671797,-0.044884045138080995
2020-06-30,0.0033514200831879157,0.0008929688902420243,0.0024584511929458914,-0.12273030175392566
2020-07-01,-0.0024850628759201855,-0.0018152890452860174,-0.0006697738306341682,0.11993573759267083
2020-07-02,-0.00867605700369782,-0.004536914409153429,-0.004139142594544395,0.08767052271168188
2020-07-03,0.007808255374765382,0.0025899719890748463,0.005218283385690535,0.06690487426728024
2020-07-06,0.005101920421654068,0.0025331685926243894,0.0025687518290296793,-0.06460324190044973
2020-07-07,0.004167908305950848,0.0015553262706528349,0.0026125820352980115,0.16054705309837183
2020-07-08,-0.003916727511841684,-0.0014105955705262484,-0.002506131941315437,0.04686844422539054
2020-07-09,0.010062230585082757,0.005267813581462421,0.004794417003620334,-0.014203133746194516
2020-07-10,0.002559439392549416,0.001103219427703433,0.001456219964845983,0.021665444568621534
2020-07-13,-0.000858195795950771,0.001212924579543142,-0.0020711203754939134,0.12476092890065192
2020-07-14,0.0011863837712714797,-9.946959212235248e-05,0.0012858533633938324,0.05249466401862216
2020-07-15,0.0077399104993941155,0.004367632463339722,0.003372278036054395,0.03591535644156302
2020-07-16,0.0036043675296597317,0.002166981020297007,0.001437386509362724,0.04225146702792051
2020-07-17,0.0025441967368606687,0.0005556505482687754,0.001988546188591892,0.08576094723331787
2020-07-20,0.0031900782101415967,0.001073759830800426,0.002116318379341171,-0.09571606271974728
2020-07-21,0.0059077195389162385,0.0035265461715292107,0.0023811733673870282,-0.12504922504361035
2020-07-22,-0.007273077176777333,-0.003171708498636309,-0.0041013686781410244,-0.02218343452797183
2020-07-23,-0.009489781683937453,-0.003384751617335099,-0.006105030066602352,-0.2000001783088319
2020-07-24,-0.0017386621383402372,-0.001346441256511519,-0.0003922208818287181,-0.026986768623310117
2020-07-27,-0.0164029394325663,-0.007059656558868322,-0.009343282873697983,-0.09719858161195354
2020-07-28,-0.0019457801957786076,0.00019216802714221376,-0.002137948222920821,-0.02891831030662769
2020-07-29,-0.005850817683793063,-0.0026310237599112725,-0.0032197939238817926,0.13368473613836354
2020-07-30,-0.0019694636308376697,-0.0011000398107232096,-0.0008694238201144597,0.21049640054085933
2020-07-31,0.008098691336066121,0.004919475092858535,0.0031792162432075863,-0.1393594812482097
2020-08-03,0.015188234747598357,0.006486929369704556,0.0087013053778938,0.06096362530880754
2020-08-04,-0.00874530745807026,-0.004329602684241144,-0.004415704773829117,0.06117036477675384
2020-08-05,0.003782365703565116,0.0006597445741210753,0.0031226211294440405,-0.06529274422812269
2020-08-06,0.004102843185731973,0.0025949560860850274,0.0015078870996469464,-0.00837892952106447
2020-08-07,-0.0036752904406079845,-0.0016464825841010723,-0.002028807856506911,0.08786961062793051
2020-08-10,-0.0005719212992767671,-0.0009841629035860049,0.00041224160430923876,0.005257324585152545
2020-08-11,0.0049399842686812965,0.0023144599590277674,0.00262552430965353,0.021535341325776305
2020-08-12,0.00029052412124920155,0.00021694879218973288,7.357532905946911e-05,-0.11764756470334466
2020-08-13,0.0013190512467139799,0.0015029590804552804,-0.0001839078337412996,-0.06982234066040226
2020-08-14,-0.007327985635664365,-0.0023119646581712693,-0.005016020977493096,-0.048469316023615296
2020-08-17,-0.004660555628559481,-0.002232339254477583,-0.0024282163740818995,0.037013309042888125
2020-08-18,-0.002920512499475487,-0.002003791741520185,-0.000916720757955302,0.0437306881988582
2020-08-19,0.0023857691556383905,0.0014406691369766803,0.0009451000186617084,-0.029192006962842836
2020-08-20,0.002863550002699479,0.0006174135805175117,0.0022461364221819675,-0.10221833275337101
2020-08-21,-0.001935987716146073,-0.001549608880628202,-0.0003863788355178714,-0.03322950936429716
2020-08-24,-0.006906013614416129,-0.0021554638951657417,-0.004750549719250386,-0.05433812699019655
2020-08-25,-0.0022697629948607015,-0.00039961525879843394,-0.0018701477360622675,0.053924247995232405
2020-08-26,-0.0033937597786795042,4.730568024035892e-05,-0.0034410654589198627,0.07859416115901997
2020-08-27,0.0039435105955619235,0.0003009575856209182,0.003642553009941006,-0.041950483427456435
2020-08-28,0.005575343796676794,0.0032458600934361288,0.0023294837032406647,0.024008147930036954
2020-08-31,-0.0032291673083121577,-0.0027873672847409494,-0.0004418000235712075,-0.05833775507624646
2020-09-01,0.0017430145097781934,0.0022285887075531637,-0.0004855741977749708,-0.013387602780200547
2020-09-02,-0.003942019094043991,-0.0018274370938099645,-0.0021145820002340266,-0.10588146119834055
2020-09-03,-0.0009329954633135742,-0.0016347286557058926,0.0007017331923923186,0.04121318514566557
2020-09-04,-0.0076741730670415054,-0.0034598290341831383,-0.004214344032858367,0.0020729205962680295
2020-09-07,0.002786701164807448,0.0013151219294589983,0.0014715792353484497,0.0761661751798793
2020-09-08,0.00012997680223546867,-0.00011871762439546107,0.0002486944266309292,0.04154977659371788
2020-09-09,0.005521153788594977,0.004164063030568873,0.0013570907580261055,0.014265950885664255
2020-09-10,0.002652472933272269,0.0006151439708752347,0.002037328962397034,-0.0003603843732293065
2020-09-11,0.0010512857839494842,0.00015941135309334616,0.0008918744308561381,-0.05350324721384877
2020-09-14,-6.423499259547536e-05,-0.0001354535767390027,7.121858414352832e-05,0.14775444745379696
2020-09-15,-0.003492231728338958,-0.00305913661375943,-0.0004330951145795278,-0.16914847514657794
2020-09-16,0.011183347107964425,0.006005781677578863,0.0051775654303855626,-0.119182279727261
2020-09-17,-0.011351394017655798,-0.004574346212874336,-0.0067770478047814615,0.03287253235808401
2020-09-18,-0.008925978475076122,-0.004207956118199914,-0.004718022356876208,0.01645223549589377
2020-09-21,0.002118477294474426,0.0016610463770192732,0.00045743091745515307,-0.09640562680600641
2020-09-22,0.001100766077975615,0.0005288287985013105,0.0005719372794743055,-0.033367067558541165
2020-09-23,-0.007332620519291133,-0.003897949951475097,-0.0034346705678160354,-0.01848097232853599
2020-09-24,-0.002500119668098399,-0.001655937611309011,-0.000844182056789388,0.019115341810458392
2020-09-25,-0.001442941630090227,-0.002592134907009937,0.0011491932769197109,0.07972567540433838
2020-09-28,0.0014165816588408628,0.00038426345840041065,0.0010323182004404532,-0.04763620419696278
2020-09-29,0.006130117546675783,0.0034987569963581856,0.002631360550317598,-0.016618801029952977
2020-09-30,-0.0036522027266969325,-0.001517841143051632,-0.0021343615836453005,-0.057856787088581864
2020-10-01,-0.001176632263769508,-0.0009246224477930678,-0.00025200981597644037,-0.08379981546124293
2020-10-02,-0.004571306949424921,-0.0020448344505247847,-0.0025264724989001374,-0.09687404813891402
2020-10-05,-0.005439822540585089,-0.0025363860140666097,-0.0029034365265184795,0.033786022489229545
2020-10-06,-0.00672548941212618,-0.003633946869561049,-0.003091542542565129,0.014485385185752568
2020-10-07,0.002419648548738011,0.0002850343111762488,0.0021346142375617628,-0.04070471225517067
2020-10-08,0.0011028374790192155,-0.0002964116992317991,0.0013992491782510146,0.08981986781339217
2020-10-09,-0.003308272525318172,-0.0024435148695567226,-0.0008647576557614493,0.06652194246273095
2020-10-12,0.007304681678811816,0.0042810481569158995,0.00302363352189592,-0.1359749011300084
2020-10-13,0.005735790290309722,0.0017954152205371596,0.003940375069772566,0.03593656297961129
2020-10-14,-0.010783870039717253,-0.006734779684824367,-0.004049090354892891,0.08447147202234782
2020-10-15,0.0029318661067990297,0.0007371134958255691,0.002194752610973459,0.09654579685570296
2020-10-16,0.007053669833950409,0.003816487611398151,0.003237182222552256,-0.07993444862317495
2020-10-19,0.008461983813073426,0.004424378489880054,0.004037605323193372,0.03407810979768384
2020-10-20,-0.0063869921190237,-0.003945096851952878,-0.00244189526707082,0.006842630699953757
2020-10-21,0.002487119183417448,0.0005976823520932482,0.0018894368313242,0.1407626783071802
2020-10-22,0.0004960094324861579,-0.0005314491229392905,0.0010274585554254484,0.020905115209524632
2020-10-23,0.01044821334056717,0.0050453687326312,0.00540284460793597,-0.009451450541816493
2020-10-26,0.0013871018824762266,0.0009555094659445956,0.0004315924165316301,0.0013603737340439751
2020-10-27,-0.000692993401659325,-0.000735799704658523,4.280630299919805e-05,-0.03041987404926778
2020-10-28,0.00011458360348143878,0.0012037134498050443,-0.001089129846323607,0.05165282020414114
2020-10-29,-0.002041791031726385,-0.0009478379542938732,-0.0010939530774325117,0.04263867647780137
2020-10-30,0.004015132181670598,0.002747018573872121,0.0012681136077984751,0.07561834480474061
2020-11-02,0.002909780887998094,0.0027156700204850268,0.00019411086751306567,0.010725230346451715
2020-11-03,0.005087849797353902,0.002194871089421419,0.0028929787079324826,-0.03257311316312399
2020-11-04,0.0007423065212413185,0.00035590607982119286,0.00038640044142012567,0.08166727260752407
2020-11-05,-0.002364304905088446,-0.0015347474482728203,-0.0008295574568156251,0.029415615229869043
2020-11-06,0.006263047695548073,0.0028028116604808632,0.003460236035067208,-0.06086059484205942
2020-11-09,0.0020118217545700245,0.0012611862872093727,0.0007506354673606514,0.014076574642359325
2020-11-10,-0.004448364394762165,-0.002073273242535076,-0.002375091152227088,-0.04811737749647973
2020-11-11,0.0010851495489674744,0.001798328681811799,-0.0007131791328443245,-0.056028669468918775
2020-11-12,-0.003772441014513955,-0.0018707968449382887,-0.0019016441695756652,0.005633487815178801
2020-11-13,-0.004736621155619559,-0.001187802942506356,-0.003548818213113203,0.12141426778468214
2020-11-16,0.0005020651080998846,0.0009647928660003803,-0.00046272775790049563,-0.09471686945840993
2020-11-17,0.011474604558346412,0.005847904460129028,0.005626700098217382,0.08196035022876866
2020-11-18,-0.007693468136970255,-0.004424159443292584,-0.003269308693677671,0.07253756719019501
2020-11-19,0.006817944700971704,0.0037121666844977513,0.0031057780164739524,0.04312962019273246
2020-11-20,0.005475409261420545,0.0025882504820507798,0.002887158779369764,0.06783075991044557
2020-11-23,0.0030199522971532927,0.001924396465083203,0.001095555832070088,-0.02712421110470093
2020-11-24,0.005238886759801143,0.001715000292250999,0.003523886467550144,0.017721907716001295
2020-11-25,-0.0020953144480155886,-0.00034565179637529035,-0.0017496626516402991,-0.08058493521112134
2020-11-26,0.0012468071540649814,0.0007774809042729262,0.0004693262497920559,0.06498433115587059
2020-11-27,-0.006308850984965602,-0.004315148574758983,-0.001993702410206617,-0.12132834734899532
2020-11-30,0.005176654211466095,0.0039739146866036475,0.0012027395248624482,-0.061731885478016134
2020-12-01,-0.008442243788565042,-0.0038091214716028028,-0.00463312231696224,-0.020083807940731332
2020-12-02,-0.004586030978885687,-0.002845471416958418,-0.0017405595619272712,-0.03229419504717694
2020-12-03,-0.001493391799307929,-0.0016081335829791965,0.00011474178367126657,0.07339033268340359
2020-12-04,-0.002486095019352622,-0.0010635181737390573,-0.0014225768456135645,0.05913338606836436
2020-12-07,0.005751671074867215,0.004041825108840958,0.001709845966026257,0.13857422222556537
2020-12-08,0.004750546893374052,0.0019667256092005536,0.0027838212841734995,0.0011270018405766255
2020-12-09,0.012863626995142069,0.006331372984270771,0.006532254010871302,-0.024074371810292573
2020-12-10,5.903976896095035e-05,-0.0018527172349072094,0.0019117570038681597,0.04733426490435949
2020-12-11,-0.0016376638605673651,-0.001503659576087217,-0.00013400428448014784,-0.05682693944050033
2020-12-14,0.0029796250445312286,0.0030678577611769654,-8.823271664573987e-05,0.0851640352023147
2020-12-15,-0.004597163383988422,-0.001999001269399156,-0.002598162114589268,-0.03073703741231928
2020-12-16,0.0064599510833058,0.0035852795510462297,0.0028746715322595685,0.12521182814756784
2020-12-17,-0.0020810704354032737,-0.0018085561770260945,-0.00027251425837718224,0.019843113638070026
2020-12-18,0.00896531460468383,0.0059360540275992316,0.003029260577084597,0.025617513503715127
2020-12-21,0.0012252369015374903,0.0005410813260701254,0.0006841555754673635,-0.08282318070530348
2020-12-22,0.0018742016721392794,0.0003113311796432384,0.0015628704924960405,0.01666027471932551
2020-12-23,-0.005953435502173477,-0.0022834878171568073,-0.0036699476850166717,0.01264919012795744
2020-12-24,0.001040900834101557,0.0004632392418594611,0.0005776615922420958,-0.030804636849669442
2020-12-25,0.0008447329234203469,0.0015717498811443982,-0.0007270169577240507,0.10171186053784291
2020-12-28,-0.0018035469889368513,-0.0008727535207724933,-0.000930793468164358,-0.04790537787548456
2020-12-29,0.007229966488303574,0.0027859919205035673,0.004443974567800008,0.08036190685888293
2020-12-30,-0.0033422320440532776,-0.0003860226865922611,-0.0029562093574610144,-0.10877565541432686
2020-12-31,0.004848240546742915,0.001944274575002357,0.0029039659717405584,0.00038740273388293995
2021-01-01,-0.007661654217286596,-0.003174022328724017,-0.00448763188856258,-0.007015249227047256
2021-01-04,2.6851603622428562e-05,-0.0008909695190760201,0.0009178211226984478,-0.05901858977562905
2021-01-05,-0.0005194341715249113,-0.0002831471646588396,-0.0002362870068660719,-0.0009319398652464613
2021-01-06,-0.0045794672677790405,-0.002122869449101802,-0.0024565978186772384,-0.014490878777675797
2021-01-07,-7.760032512545536e-05,-0.000747783961211437,0.0006701836360859803,-0.1485565452203543
2021-01-08,-0.0008507159085952157,-0.00021080354476650954,-0.0006399123638287062,0.006762168991353491
2021-01-11,-0.010074456084705231,-0.005432411543385278,-0.004642044541319954,0.06402003965042959
2021-01-12,0.0005173440089387303,-0.0008233419347296878,0.001340685943668419,-0.001584761679681719
2021-01-13,0.004635944332636794,0.004313815987970886,0.0003221283446659092,-0.13318764831102609
2021-01-14,-6.114606138769201e-05,-0.0006271785941848029,0.0005660325327971113,0.07051575522188673
2021-01-15,-0.008346218739905233,-0.0021194092071648183,-0.006226809532740418,-0.10774575685612556
2021-01-18,0.0047362469387859495,0.0024620302542850744,0.0022742166845008743,0.031764597419248385
2021-01-19,-0.007624167696059901,-0.0025783155785448226,-0.005045852117515079,0.042575859680072214
2021-01-20,0.002431790188566294,-0.0010443610735268363,0.0034761512620931317,-0.016524015745768058
2021-01-21,0.002885171843154905,0.0009936059131115324,0.0018915659300433735,0.07288291588544675
2021-01-22,-0.0010175962532922758,3.21871837909056e-05,-0.0010497834370831807,0.040047541129984224
2021-01-25,0.005288985224898018,0.003086891207932681,0.002202094016965337,-0.009950549791551133
2021-01-26,0.0024457495568053415,-8.035725565358476e-05,0.002526106812458925,-0.040766647531941765
2021-01-27,-0.0006742896481650889,0.001208787161821533,-0.001883076809986622,-0.00419646750358108
2021-01-28,-0.002602338797292398,-0.0006812625098081234,-0.0019210762874842754,0.11099862782735248
2021-01-29,-0.0002671636120691568,-0.00023517867329017508,-3.198493877898151e-05,-0.0014485802957897493
2021-02-01,0.007543699661756227,0.0038800795896825227,0.0036636200720737058,-0.09945109124428964
2021-02-02,-9.320661766982921e-05,0.00038697058213590116,-0.00048017719980573016,0.04085702224782598
2021-02-03,-0.007419787956798222,-0.0027663454254239356,-0.004653442531374286,0.011988261152446947
2021-02-04,0.00292184885361055,0.0017575693316029227,0.001164279522007627,0.035713949408966994
2021-02-05,0.0007857946141200077,0.0010149448763632392,-0.00022915026224323148,0.06457810624713635
2021-02-08,0.0024243084159102824,0.0028601881988012494,-0.00043587978289096746,0.03370877612251517
2021-02-09,0.004148088150272996,0.0011084539714744995,0.0030396341787984962,0.07738843691481366
2021-02-10,0.002285763075422188,0.0013439384048273481,0.0009418246705948426,-0.023316754711985892
2021-02-11,0.005489732793571085,0.001345531883158807,0.0041442009104122775,0.08415142932752386
2021-02-12,-0.001479810019196759,-0.0007654852880515633,-0.000714324731145197,0.02651143305603022
2021-02-15,0.00506372152935304,0.0017635644036476405,0.0033001571257053994,-0.09689695460926465
2021-02-16,0.0015786151332662648,0.0011749996402690768,0.0004036154929971884,-0.001740117538488268
2021-02-17,-0.006390337357806913,-0.0030563765229751727,-0.0033339608348317415,-0.04075177122260544
2021-02-18,-8.902582304424686e-05,0.0005107187450396162,-0.0005997445680838613,-0.02393675792215831
2021-02-19,-0.002656417638717846,-0.0006349589304304477,-0.0020214587082873978,-0.08577417206348871
2021-02-22,-0.0015143433118006053,-0.0008140375026989104,-0.0007003058091016954,-0.07673320904045204
2021-02-23,-0.005328574139764627,-0.002580376706350988,-0.0027481974334136383,0.00043827921939323976
2021-02-24,-0.0058069246831611784,-0.0032905845793996663,-0.0025163401037615104,0.037801168223505044
2021-02-25,5.617896780857616e-05,-0.00038159230863640814,0.00043777127644498495,0.03409924176778646
2021-02-26,0.0025806378604167563,0.0008932844390304459,0.001687353421386312,-0.007023749945871824
2021-03-01,0.0024619378729181353,0.000165305196254003,0.0022966326766641326,-0.0023009560179064257
2021-03-02,-0.0005459484127140082,-0.0028741706820868875,0.0023282222693728743,0.14690998095865113
2021-03-03,-0.00016665254497410078,1.1316864079395639e-05,-0.00017796940905349685,-0.018130909556592436
2021-03-04,0.010625344560916707,0.0065158943109487315,0.004109450249967976,-0.06871091295720516
2021-03-05,-0.0011935261355411147,-0.0006255870029294519,-0.0005679391326116637,-0.017784714602443883
2021-03-08,-0.004521286930049547,-0.0028164999899032168,-0.0017047869401463286,-0.1625980600568019
2021-03-09,-0.0011443150402794546,0.00023782904954748434,-0.0013821440898269376,0.009214417802523045
2021-03-10,-0.014169078115820577,-0.005786529449046935,-0.008382548666773642,0.011554794396122734
2021-03-11,0.0006453775333598768,-0.0008002294435788954,0.0014456069769387715,0.06620804134504973
2021-03-12,0.0007415603070020586,-0.0010553565649502388,0.0017969168719522968,-0.051691973023136155
2021-03-15,0.004534607247482246,0.0013366526484587232,0.0031979545990235246,0.030009588619417153
2021-03-16,-0.003447897128287605,-0.0015363410420193733,-0.0019115560862682304,-0.003886455701178197
2021-03-17,0.0019491813503615947,0.0014133892721440115,0.0005357920782175837,-0.07424459405237253
2021-03-18,-0.000243504018772997,0.00047569355874207443,-0.00071919757751507,-0.10830224120313071
2021-03-19,-0.005346922692236579,-0.0030093255925026374,-0.002337597099733942,-0.028755212746363473
2021-03-22,-0.008997323517065073,-0.004043001359790179,-0.004954322157274894,0.15793060000071227
2021-03-23,-0.0024641796611289137,-0.0009203270469359988,-0.0015438526141929101,-0.07552001157171542
2021-03-24,0.012574016377691078,0.006026146951231022,0.006547869426460058,-0.06740092936256273
2021-03-25,-0.005744493147688275,-0.005101842850823228,-0.0006426502968650481,0.06748308134861102
2021-03-26,-0.004851416237153964,-0.0030613758805470223,-0.0017900403566069381,0.10711888980490819
2021-03-29,0.005032574621811528,0.0014874803166361368,0.003545094305175394,0.018825949063386065
2021-03-30,0.008032118590215388,0.003809203582385726,0.004222915007829662,0.03301342158116322
2021-03-31,0.00129116672730692,0.0001842725632107689,0.0011068941640961574,0.10839433045287007
2021-04-01,0.002287883115629806,0.0002435153737880523,0.002044367741841755,0.03397310256369877
2021-04-02,0.007156275432720153,0.0026340245124893656,0.004522250920230786,-0.00874927282619092
2021-04-05,0.0024958079258092635,-0.00014418709408902698,0.0026399950198982888,-0.08630227203944177
2021-04-06,-0.0007301351538126207,0.00017442394062769546,-0.0009045590944403142,-0.047473523987790256
2021-04-07,-0.005852620353184246,-0.002582853356884251,-0.003269766996299996,-0.13987119891819086
2021-04-08,-0.0031001397587555705,-0.001149188823956624,-0.0019509509347989465,-0.01927139392145947
2021-04-09,-0.008399808380724499,-0.0036757924773957503,-0.00472401590332875,-0.03507247980173646
2021-04-12,-0.0012876563942304483,-0.00037300288381906035,-0.0009146535104113881,0.1032250781633367
2021-04-13,-0.0023745723768373323,-0.0005881478314382331,-0.0017864245453990987,0.046267565387179445
2021-04-14,0.006895425322811239,0.0026382846808203596,0.0042571406419908775,0.07903293226040202
2021-04-15,0.0026806856313711398,0.0012034230473970935,0.0014772625839740462,-0.00244904975587708
2021-04-16,0.004916184698412094,0.0027688943616044955,0.0021472903368075992,-0.06933808292860928
2021-04-19,-0.0001464519739425565,-0.0013997395435347785,0.0012532875695922211,-0.05117746680087343
2021-04-20,-0.0046072994963258125,-0.0023420334245304267,-0.0022652660717953875,0.09472366002590195
2021-04-21,-0.0031735199649824556,-0.001031816018719503,-0.0021417039462629534,0.035700256166450645
2021-04-22,0.0065714582251826985,0.0031536879934754396,0.00341777023170726,0.0882526655234671
2021-04-23,0.0025919477284993397,0.001235700926869896,0.0013562468016294453,0.0322767890562267
2021-04-26,0.005004087306809564,0.0014506900787248627,0.0035533972280847007,-0.06644913374508873
2021-04-27,0.0018964940551641977,-0.0007508785577082571,0.0026473726128724544,-0.09811503380687338
2021-04-28,-0.003564596288914139,-0.0020276272178934183,-0.0015369690710207197,-0.014825725741631896
2021-04-29,-0.004867391267617659,-0.0016968181512863824,-0.0031705731163312765,-0.00033095415728676397
2021-04-30,-0.0008974970244289064,-0.0002961225762442513,-0.0006013744481846548,-0.1735313478914048
2021-05-03,-4.061900728467675e-05,-0.0004224747638988946,0.0003818557566142161,-0.05683266450330999
2021-05-04,-0.011141693255163919,-0.00617768430328202,-0.004964008951881899,-0.13594982645870485
2021-05-05,-0.003932229452409295,-0.0022119595630461127,-0.0017202698893631803,0.0825587603901451
2021-05-06,-0.009657935130510635,-0.003319076571720406,-0.006338858558790227,0.03819860960960074
2021-05-07,0.00572844708313438,0.0028700903615156183,0.0028583567216187607,-0.0650272239757728
2021-05-10,0.0024920684729170957,0.0003232849910207048,0.0021687834818963922,-0.14961179841458674
2021-05-11,-0.00419689857597782,-0.0017172780242045507,-0.0024796205517732747,-0.04525551878175192
2021-05-12,-0.009825365059832204,-0.004292039602096384,-0.005533325457735813,0.05675543475245765
2021-05-13,-0.002988602533112928,-0.0006577073592047775,-0.0023308951739081443,0.028608359336299388
2021-05-14,0.003726813325876108,0.0019525191102133174,0.0017742942156627924,-0.13504251283015678
2021-05-17,0.0018564195875721851,0.0006402608998102594,0.0012161586877619274,-0.007421985863185972
2021-05-18,-0.008219528861967081,-0.00360015641908828,-0.004619372442878801,0.13646050280005104
2021-05-19,-0.000493159914702264,-0.0005456870228702907,5.252710816802588e-05,-0.09932095188738296
2021-05-20,0.009306605850262377,0.004339947242287216,0.00496665860797516,-0.02613420937474121
2021-05-21,-0.0066708008839183874,-0.0030456739080736445,-0.003625126975844743,0.04347177987199182
2021-05-24,-0.0017320801207327428,-6.287388143246322e-05,-0.0016692062393002796,-0.09802871548170307
2021-05-25,0.002959403476032918,0.001107397556368928,0.0018520059196639894,0.10892922535471969
2021-05-26,-0.00658263532447423,-0.003880336938236243,-0.0027022983862379883,-0.07969642729842008
2021-05-27,0.007095382832778308,0.0021116491169828923,0.004983733715795415,0.044876531253029664
2021-05-28,-0.005640009443893158,-0.0024578913948822678,-0.0031821180490108902,0.012064458474410879
2021-05-31,0.0030021668784249935,0.0012793662827372393,0.0017228005956877533,0.008200886135366675
2021-06-01,0.0008820185711302594,-0.0012400619004550723,0.0021220804715853317,-0.06332059238711109
2021-06-02,0.0005448630895669112,-0.0007285260358327848,0.0012733891253997008,-0.08883307884418953
2021-06-03,-0.005042398054182173,-0.003450605119756571,-0.0015917929344256027,0.034964293548748346
2021-06-04,-0.007186625137034518,-0.003885830363770569,-0.003300794773263945,0.08622387137676926
2021-06-07,0.0025032332852079012,0.0011477317283792934,0.001355501556828606,-0.013544405177266908
2021-06-08,0.007104650922188637,0.001949819067545551,0.005154831854643091,0.06587468882181045
2021-06-09,-0.0009573471160757567,-0.0007112481345537113,-0.00024609898152204435,0.09520515925884045
2021-06-10,0.005014016691084316,0.0018110741985714954,0.0032029424925128225,0.03684165925610799
2021-06-11,0.007199771277819867,0.004151734560019308,0.003048036717800558,0.02578327785345022
2021-06-14,0.0024204885244296604,0.0016463819965903733,0.0007741065278392871,0.017006995073620332
2021-06-15,0.0017226834965364318,0.001278016936676044,0.00044466655986038703,0.11016084946437758
2021-06-16,0.0011629142808863306,0.00020658746710325304,0.000956326813783076,-0.08137249449832074
2021-06-17,0.008253944290730468,0.003045738045507432,0.005208206245223036,0.01803609610913341
2021-06-18,-0.006527878671030844,-0.0037368607470440324,-0.0027910179239868105,0.16543991852297232
2021-06-21,0.001723486543882575,-0.0007019198143705246,0.002425406358253099,0.023181542677377338
2021-06-22,0.01575979545689232,0.0060517804465523295,0.00970801501033999,0.07234198114563455
2021-06-23,0.0020269819476705026,0.0007713191874542426,0.0012556627602162591,-0.03547250320245731
2021-06-24,0.005359064134782513,0.003649924380568881,0.0017091397542136275,-0.03711711869692446
2021-06-25,-0.0025720549287192107,-0.0005783632758008944,-0.001993691652918317,-0.03508868920524876
2021-06-28,-0.0026735392590197206,0.0004736782874729846,-0.0031472175464927078,-0.04219640066597632
2021-06-29,-0.002301868637751113,0.00015778406113791874,-0.002459652698889033,0.05313576859580946
2021-06-30,-0.0026808995524813116,-0.0019448755634667563,-0.0007360239890145549,-0.05501426179082233
2021-07-01,0.003757086893386537,0.00021786004406351266,0.003539226849323025,0.02720240605957297
2021-07-02,-0.003246125238266482,-0.0014044405576617474,-0.0018416846806047346,0.03102251614008744
2021-07-05,0.0018078648731360842,-0.00026096716119900897,0.0020688320343350925,0.06683153584805708
2021-07-06,0.0020356944552813224,0.00039973138116711476,0.001635963074114208,0.060762401107058994
2021-07-07,0.004257027666220969,0.001364977147407875,0.0028920505188130934,-0.009825565931708222
2021-07-08,0.003697075033712082,0.002625505695619974,0.0010715693380921086,0.09908550307103539
2021-07-09,-0.000535670913821502,-0.0011542887386187875,0.0006186178247972853,0.07593463270904595
2021-07-12,0.005846721985556604,0.003128714114023802,0.0027180078715328022,0.04971421810438105
2021-07-13,0.00466947285265128,0.0027930120973214505,0.0018764607553298316,-0.006145999030223608
2021-07-14,0.0032762631129327983,0.0019254664460896381,0.0013507966668431584,0.1046760447522182
2021-07-15,-0.0003652934012412651,0.0005663596916605541,-0.0009316530929018192,0.02618284893201521
2021-07-16,0.006180551160605629,0.002669216256159018,0.003511334904446611,0.03489284869955319
2021-07-19,0.0015692014663688813,0.0010525932059502745,0.0005166082604186064,0.07232363173979041
2021-07-20,0.0022466331133442555,0.00020527757710372442,0.002041355536240531,0.05984586091767475
2021-07-21,0.004533673951117657,0.0020085302297086546,0.0025251437214090008,0.056907385342326935
2021-07-22,0.003628877156095456,0.0014037144351494784,0.0022251627209459767,0.09457675326903889
2021-07-23,0.00380705506401044,0.002131962811436009,0.0016750922525744323,0.04372655232344092
2021-07-26,0.0057953365384427365,0.002771737834707577,0.0030235987037351628,-0.020678837020557436
2021-07-27,0.0027406060074943316,0.0008290876836497746,0.0019115183238445574,0.031272838840777244
2021-07-28,-0.001150017540678414,0.0006431968473032447,-0.001793214387981659,-0.03636696497260022
2021-07-29,0.0019839415914323522,0.0005174099840267211,0.0014665316074056328,0.009445589951839705
2021-07-30,-0.0020803446181649923,-0.0010778493764977692,-0.001002495241667227,-0.04833912016921055
2021-08-02,0.0006480687946827533,9.303201599367063e-05,0.0005550367786890829,0.19587481545614885
2021-08-03,-0.0030729040008756854,-0.0015271873825757503,-0.0015457166182999355,0.046733874216879134
2021-08-04,0.012635577250194338,0.004704690122088478,0.007930887128105859,-0.01978255846695684
2021-08-05,0.00316374147163513,0.0010738024800245084,0.002089938991610623,0.07229225081612434
2021-08-06,-0.0012565115711917218,-0.0008309672108029759,-0.0004255443603887457,0.09771025404450932
2021-08-09,0.005280641002746675,0.0040166318056603124,0.0012640091970863646,-0.04340141091425398
2021-08-10,0.0063302672572732276,0.002999371133285222,0.0033308961239880064,0.013107950620619261
2021-08-11,-0.0025862940403723993,5.9164904359521736e-05,-0.002645458944731921,0.014683545610153038
2021-08-12,0.0008372799099518503,0.0011581148768946073,-0.00032083496694275404,-0.02533251371240756
2021-08-13,0.0009518388129038048,0.0006395813647330582,0.0003122574481707486,0.027986823926102265
2021-08-16,-0.001785382905987551,-0.0005723159785204733,-0.0012130669274670759,0.08692290463152923
2021-08-17,0.0018428863766382824,0.0010622006127731579,0.0007806857638651254,0.033207927550613456
2021-08-18,0.006869877066979221,0.0021865954212824078,0.0046832816456968095,0.05304395515787932
2021-08-19,0.002045478283680759,0.0005540318751112855,0.001491446408569472,-0.001083039870156118
2021-08-20,0.0035104232911426572,0.0020627655307647306,0.0014476577603779264,0.017489810305108867
2021-08-23,-9.000870808226083e-05,-0.0013431073182404519,0.0012530986101581924,-0.07986983514162903
2021-08-24,0.0011815789083888361,-0.0007870081728254437,0.001968587081214279,-0.003342642061272034
2021-08-25,-0.004846388263830481,-0.0016093124344003212,-0.003237075829430159,0.06979405948912298
2021-08-26,-0.00021715209499176334,0.00019215906657554793,-0.0004093111615673106,-0.04108232457047083
2021-08-27,0.004779126400702964,0.0028923451944134824,0.0018867812062894822,0.008000145236134619
2021-08-30,-0.0025787700013141343,-0.0003234452968079067,-0.002255324704506227,0.013612701257652798
2021-08-31,0.0005279813657290691,0.0010553400025738562,-0.0005273586368447856,0.02503446027533851
2021-09-01,0.0008718761703231975,0.0014011745129159665,-0.0005292983425927694,-0.03281769741119745
2021-09-02,0.0018686086372995765,-0.0005246442959377659,0.002393252933237342,-0.03358677692938214
2021-09-03,-0.0026381174378976423,-0.0024774385563642934,-0.0001606788815333507,-0.021364617460611527
2021-09-06,-0.0022765157747014347,-0.0005469481874211396,-0.0017295675872802917,0.02473228083205675
2021-09-07,-0.0014175363379145215,0.00040091261443175874,-0.0018184489523462802,-0.04159701102695467
2021-09-08,0.0015065009973016588,0.0018566296238411856,-0.0003501286265395285,-0.05463579835752141
2021-09-09,-0.002656395234854615,-0.00101737536165079,-0.001639019873203825,0.04890059597324452
2021-09-10,-0.0031128346097965497,-0.00042182541976431946,-0.00269100919003223,0.020425535760206795
2021-09-13,0.0032290361981523563,0.0026979427509757885,0.0005310934471765717,-0.05443872122762029
2021-09-14,0.001114503618433615,9.595007422727626e-05,0.0010185535442063381,-0.023795826011413834
2021-09-15,-0.003454040519968146,-0.002130992775446739,-0.0013230477445214063,-0.06097363508107798
2021-09-16,-0.0013993915104675563,-0.0012324897003373183,-0.00016690181013023862,0.03880332339630419
2021-09-17,-0.0038100015565779716,-0.0022904772214118116,-0.0015195243351661608,-0.02318938645860901
2021-09-20,0.002485298061805481,0.0004176785095539315,0.0020676195522515485,0.10260136351389174
2021-09-21,-0.0015783295709893312,-0.002358211534711191,0.0007798819637218624,0.0019073128136564723
2021-09-22,0.007007117658921238,0.0018276368127496294,0.005179480846171609,0.1293983572969571
2021-09-23,0.00012573151431182405,0.0012205643520027017,-0.001094832837690879,-0.07478363865661543
2021-09-24,0.009058818186280942,0.0038613989291571265,0.005197419257123817,-0.055403650075934945
2021-09-27,-0.004776797059446345,-0.0021277914516336927,-0.0026490056078126503,-0.12620898917771392
2021-09-28,-0.0032791370895446873,-0.0012610886589031352,-0.0020180484306415516,0.1640143849329987
2021-09-29,-0.007088072521137804,-0.00409222142728019,-0.002995851093857615,0.02886464727193791
2021-09-30,0.009867570554052255,0.004852532617074351,0.005015037936977903,-0.08121988271880823
2021-10-01,0.0017550554149882945,0.0014257410219401011,0.00032931439304819386,-0.03842674300764163
2021-10-04,-0.0048596721999041624,-0.0021897819996690056,-0.0026698902002351577,0.0678940204547361
2021-10-05,-0.002315971619840002,-0.001501693114238858,-0.0008142785056011433,-0.06589998396328689
2021-10-06,0.00371707236321422,0.0015145316271753624,0.002202540736038856,0.05422527908632936
2021-10-07,-0.004136851825461053,-0.0026910693675123018,-0.001445782457948751,0.07316072958865119
2021-10-08,0.0036141887833585507,0.0022703152325736376,0.0013438735507849114,-0.12884788608945524
2021-10-11,0.004449413631771645,0.002006169319281527,0.002443244312490117,0.04995308529560027
2021-10-12,-0.007719311211498155,-0.0030207501755251205,-0.004698561035973034,0.08276981239640718
2021-10-13,0.003056204389716577,0.0014176267515162953,0.001638577638200283,0.05217652517970809
2021-10-14,0.005739518989186479,0.0032001150381028255,0.0025394039510836536,0.014312172649017057
2021-10-15,0.003406652294959264,0.0009433472706265487,0.0024633050243327145,0.028929642058398094
2021-10-18,0.0008300640493005022,-0.00042430392410289057,0.001254367973403392,0.08898251433606362
2021-10-19,0.0018590880467950787,0.0021774740327349,-0.0003183859859398211,0.047261782640411455
2021-10-20,0.006276259127258137,0.0027095796770203046,0.003566679450237833,-0.11332045528407923
2021-10-21,0.002725525892351445,0.0007569391262814943,0.00196858676606995,0.009855033787839577
2021-10-22,-0.0069895646995571286,-0.0021366392025961595,-0.004852925496960968,0.032334773607271265
2021-10-25,0.0006223414809282127,0.0007994849296657932,-0.00017714344873757948,0.09002781309811553
2021-10-26,0.0018285424047510585,0.0011436214470662478,0.000684920957684812,-0.007964512337926884
2021-10-27,0.005083962626657695,0.0014131658558458465,0.0036707967708118484,0.1545613715138958
2021-10-28,-0.000403603077095293,-0.0007643094158432187,0.0003607063387479261,0.005333518727673759
2021-10-29,0.0076555164748587454,0.004091575250178801,0.003563941224679944,-0.03528446039649572
2021-11-01,0.00027543958389881265,0.00046144931192815286,-0.00018600972802934016,-0.02554438513430458
2021-11-02,-0.0015792981986437603,-0.00056004286092717,-0.001019255337716591,-0.03785955542205509
2021-11-03,-0.0016872955986587494,-3.4853775645871804e-05,-0.0016524418230128776,-0.0014003225648097255
2021-11-04,-0.0021725090163539768,-0.0015011126309223896,-0.0006713963854315871,0.016965869351311908
2021-11-05,-7.732496656031435e-05,-0.0003948856199091737,0.0003175606533488591,0.08459180333185665
2021-11-08,0.0008811694533134764,0.0015148857637588813,-0.0006337163104454032,-0.038187982679274514
2021-11-09,0.0040216413249980175,0.0025634272318956694,0.001458214093102349,0.06422667402159765
2021-11-10,-0.0019292986903700076,-0.0007951830561462639,-0.001134115634223744,0.018579748086201664
2021-11-11,0.0031606515391825315,0.0007292017992469174,0.0024314497399356115,0.07621776305825757
2021-11-12,0.0011486775332528708,-0.0005291108034998562,0.001677788336752726,-0.01004880696274741
2021-11-15,0.00395500887105908,0.0023724770874796464,0.0015825317835794356,0.06334496915298314
2021-11-16,-0.0005489222462781562,-0.0010345018081868336,0.0004855795619086792,0.04058949840647332
2021-11-17,0.0035496703237752644,0.0011521389448736438,0.0023975313789016215,-0.050803955915365046
2021-11-18,0.0023728929550342133,0.0007554171864099894,0.0016174757686242235,0.009570004470989633
2021-11-19,-0.003438942402223568,-0.00158609874151717,-0.0018528436607063974,0.08354236742730668
2021-11-22,0.0005732917556714358,0.0011810010155459327,-0.0006077092598744957,0.005496283165309208
2021-11-23,0.004834324786122626,0.0028065651544606947,0.002027759631661928,0.03614293069958706
2021-11-24,0.00031849132829379873,-0.0005570648885199567,0.000875556216813754,-0.12337949864607742
2021-11-25,0.0021483505308666903,0.00018620440908180894,0.0019621461217848787,0.0071351266476828955
2021-11-26,-0.006987371222229895,-0.0015494115011444268,-0.00543795972108547,-0.059393810880471305
2021-11-29,0.0003844843836498973,-0.0003584197444104695,0.000742904128060367,0.0019128122290997846
2021-11-30,-0.003449801653581867,-0.0013696291295239747,-0.0020801725240578916,-0.03486376310162097
2021-12-01,0.0001140796050282719,0.0007485276378010794,-0.0006344480327728072,0.017725894356251118
2021-12-02,-0.0019831770930417592,-0.0004886164917538696,-0.0014945606012878902,0.033668344009645954
2021-12-03,0.001083939249314588,-0.000754572965758836,0.0018385122150734248,0.00028869280328937003
2021-12-06,0.00225865317949621,0.0008856173600058689,0.00137303581949034,0.1257155391901682
2021-12-07,1.7777633766159415e-05,0.00013405712434129413,-0.00011627949057513645,-0.0444937361598458
2021-12-08,0.008492991944535474,0.003301587276764546,0.005191404667770927,-0.0552722896032898
2021-12-09,-0.0029109910032160922,-0.0019589468307734115,-0.0009520441724426842,0.10998820929292591
2021-12-10,-0.004545934330187771,-0.0007845101271906196,-0.0037614242029971514,0.0417527504070435
2021-12-13,0.006692386209077047,0.003651985053701616,0.0030404011553754294,0.05221224100182145
2021-12-14,0.00239876986009462,0.0009196001660006174,0.0014791696940940017,0.08235321597644635
2021-12-15,0.0028981851652784838,-0.0003789766321920362,0.003277161797470521,-0.0069487164901690145
2021-12-16,0.004344551010506536,0.0021119988025810783,0.0022325522079254534,-0.02113823332855205
2021-12-17,-0.0004209555187752439,0.0002183178434214967,-0.0006392733621967406,-0.025010411657528316
2021-12-20,-0.001001920778180709,0.00025825560699833515,-0.001260176385179044,0.011315423306638189
2021-12-21,-0.0012538645176134752,-0.0005509401189037175,-0.0007029243987097566,0.11601934697626952
2021-12-22,0.0007118282167208969,0.0010388782743322666,-0.00032705005761136854,-0.01918157646404989
2021-12-23,0.007439339709814825,0.003068482772707941,0.004370856937106883,0.0014202671845672814
2021-12-24,-0.0013855666555891905,-0.0004443896482287594,-0.0009411770073604312,-0.0368331312007884
2021-12-27,8.173960899127001e-05,-2.780986767355123e-05,0.00010954947666482265,-0.05881740396233965
2021-12-28,-0.0020106733411867058,-0.0005384702710750726,-0.0014722030701116336,0.043052444633091505
2021-12-29,-0.0031757208693392503,-0.0009635949562075948,-0.0022121259131316568,-0.007523713859253525
2021-12-30,0.002309953899458463,0.0012064611424614149,0.0011034927569970494,0.07495664329030535
2021-12-31,-0.00041154570213352784,3.7980055425860474e-05,-0.00044952575755938815,0.15606926689100065
2022-01-03,0.004191459668547181,0.0009221963227504185,0.0032692633457967624,-0.06585007214708459
2022-01-04,0.00911004099321407,0.0035729609698758,0.005537080023338268,2.5149973886989736e-06
2022-01-05,-0.0031533250262351215,-0.0014631721386299784,-0.0016901528876051425,-0.08523388212663706
2022-01-06,2.062034394349722e-06,0.00012303732996051062,-0.00012097529556616068,0.030157687237907873
2022-01-07,-0.004289819515829137,-0.002032272053482912,-0.0022575474623462246,0.024243954315725562
2022-01-10,0.0017695778963295128,0.0012873403458284506,0.00048223755050106135,0.017558950611806172
2022-01-11,0.001257625126710934,0.0008792292818571625,0.0003783958448537718,0.039411812719594104
2022-01-12,0.0010051687407880998,0.0005529970043149559,0.00045217173647314583,-0.06358697355513003
2022-01-13,0.002292792853129359,0.0012486122122406093,0.001044180640888748,0.11360758540128815
2022-01-14,-0.003791470227645974,-0.0016636632590094277,-0.002127806968636547,-0.03996084285229543
2022-01-17,0.0067590804983673975,0.0027491103893157757,0.0040099701090516235,0.034645926526472734
2022-01-18,-0.0023504916450301765,-0.00041065235881837243,-0.0019398392862118043,0.026698143617985528
2022-01-19,0.0017674512927765011,-0.00033137428073824835,0.002098825573514749,-0.08236256408639138
2022-01-20,0.0014787650634153393,0.00014237646849765456,0.0013363885949176848,-0.045192195507211014
2022-01-21,-0.005332707230250448,-0.0029367572668479273,-0.0023959499634025215,0.04194669621320932
2022-01-24,-0.0030258807622543377,-0.0011261751295715957,-0.0018997056326827421,0.08871178539244653
2022-01-25,0.002481981203236641,0.00044474700247014963,0.0020372342007664913,-0.14694268283554168
2022-01-26,0.004905092084382014,0.0016948932863760993,0.003210198798005915,-0.017501366893392985
2022-01-27,-0.008537677226487787,-0.004646561364238907,-0.0038911158622488805,0.1447983540533212
2022-01-28,-0.0010181502716583996,-0.0010235860089413268,5.435737282927233e-06,-0.10123494860249439
2022-01-31,0.008575632480844447,0.004001957857227558,0.004573674623616889,0.031468876348374496
2022-02-01,-0.004833585526839558,-0.003100064834918692,-0.0017335206919208658,0.04155928827545683
2022-02-02,0.0017277151188339114,-0.00021434346358548129,0.001942058582419394,-0.006420451575714848
2022-02-03,0.0025073099077532438,0.001759206377931057,0.000748103529822187,0.12669602698687882
2022-02-04,-0.0003735797534142791,0.0009169919204227196,-0.0012905716738369957,0.054646996018767185
2022-02-07,0.006727895573945552,0.0026309518479977895,0.004096943725947762,-0.01021047269727796
2022-02-08,0.002549576426308495,0.000840769621248353,0.0017088068050601438,-0.0329520418364714
2022-02-09,-0.0005753640229124467,-0.0009498346235512862,0.0003744706006388399,-0.043676803562448734
2022-02-10,-0.0015256738781122801,-0.00012301066402533537,-0.0014026632140869445,-0.046037599429506616
2022-02-11,-0.003029247937600206,-0.0015026035063228395,-0.0015266444312773651,0.10176829999408298
2022-02-14,-0.00263258554374461,-0.000491994141181595,-0.002140591402563015,0.11775804978834914
2022-02-15,0.00554060774582739,0.002783837530218808,0.0027567702156085826,0.04434342722393879
2022-02-16,0.006961961116388761,0.002535801687237231,0.004426159429151529,-0.052956311964843066
2022-02-17,0.002249775166785118,0.0010178212022172207,0.001231953964567897,0.03161266488954838
2022-02-18,-0.0023664818100055897,-0.0006900811347572908,-0.0016764006752482993,-0.00870816721800342
2022-02-21,0.0015703756081682386,0.0008407268772883704,0.0007296487308798682,0.07521647215215185
2022-02-22,-0.00037038897077338527,-0.0003672144638454449,-3.174506927940021e-06,0.057477115650081394
2022-02-23,0.00382976308933652,0.002105192510698525,0.0017245705786379938,0.06119526707434252
2022-02-24,0.0028805408649802983,0.0008198024621175956,0.0020607384028627045,0.07516548002598115
2022-02-25,0.0029234203187579943,-0.00010619991432481244,0.0030296202330828068,0.02549017788600485
2022-02-28,0.003501519121080674,0.0023102278049510422,0.0011912913161296317,0.06461833082330098
2022-03-01,0.0013081573172670983,-0.0005190565418857346,0.0018272138591528342,0.05814388939053193
2022-03-02,0.0027333968146521057,0.001901090024976345,0.0008323067896757602,0.0261782815727246
2022-03-03,0.003395317576291608,0.0019701751700661203,0.0014251424062254863,-0.08226899291729887
2022-03-04,0.0014147761338471885,0.0015037235524387156,-8.894741859152714e-05,0.069498939271216
2022-03-07,-0.004186085714266255,-0.001762773178818431,-0.002423312535447822,-0.06827575619886982
2022-03-08,0.003700349460090439,0.0015425152859428967,0.0021578341741475427,0.03955210211907445
2022-03-09,-0.003646852639353717,-0.0012539649635782933,-0.0023928876757754233,-0.0029445087480231514
2022-03-10,0.0022051854520994153,0.0011440952837972495,0.0010610901683021658,0.035451894747897075
2022-03-11,-0.00021212570617649377,-0.0008199289787325422,0.0006078032725560468,0.004485765330530477
2022-03-14,0.0018715868364157179,0.0007994407692503459,0.0010721460671653717,0.0503928968297589
2022-03-15,0.00017636730352568134,-0.0006409534403172632,0.0008173207438429437,0.005082729104465511
2022-03-16,0.00255291937053215,0.001863016904408367,0.0006899024661237824,0.0704073989180633
2022-03-17,0.00023287838002378772,0.0005002854729421365,-0.0002674070929183491,-0.09962611488326668
2022-03-18,0.0034903021804964353,0.0017054420590765142,0.0017848601214199207,0.10796464928860289
2022-03-21,-0.005914862457868526,-0.0024241360475976215,-0.003490726410270904,0.013476099349958718
2022-03-22,0.005905799642218273,0.0027516175828991053,0.003154182059319166,-0.04575703336568142
2022-03-23,0.0008138174162620051,-0.0003008852759207913,0.0011147026921827959,0.07877820446201723
2022-03-24,-0.002384705816675904,-0.0018307041408290852,-0.0005540016758468179,9.525245670296798e-06
2022-03-25,0.0037078398096526853,0.002340558417658364,0.0013672813919943213,0.08803009842256486
2022-03-28,-2.4696333761776296e-06,-0.00034834982888702366,0.0003458801955108457,-0.1203530051563894
2022-03-29,0.004133114295271994,0.0011905873095115838,0.00294252698576041,0.039415689534606876
2022-03-30,-0.005051233139325137,-0.001869167163907049,-0.003182065975418087,0.06033029162901834
2022-03-31,0.001818548128330433,0.0005025527327992378,0.001315995395531195,-0.03457109486231941
2022-04-01,0.00261449136052677,0.0011541860569591767,0.0014603053035675915,-0.04605421720762303
2022-04-04,-0.0018033934639104599,-0.0008404343112333023,-0.0009629591526771585,0.049848953203681996
2022-04-05,-0.002416192972939788,-0.0010518461095963545,-0.001364346863343433,0.1358911437054037
2022-04-06,0.002147306692604321,0.0005287969346622181,0.001618509757942103,0.014081636388654686
2022-04-07,0.007125105701190697,0.003793881481666079,0.003331224219524617,-0.04160114730943945
2022-04-08,0.0006586587884137385,0.0007971390586390403,-0.00013848027022530032,0.06817957278558935
2022-04-11,-0.002040358701652779,-0.0012273804956122215,-0.0008129782060405585,-0.02695409401226132
2022-04-12,0.0032192143007365058,0.0012728174610504067,0.001946396839686099,-0.04316490837384926
2022-04-13,-0.001297422480146521,-0.0011135155246356325,-0.00018390695551088847,-0.05937379147954793
2022-04-14,-0.0024294177302784177,-0.0010909362113714466,-0.001338481518906971,-0.01273092200993326
2022-04-15,-0.0029263532345017193,-0.0014113970730780905,-0.0015149561614236293,-0.08292737649624762
2022-04-18,-0.0006650188506227075,-0.0006536340269490291,-1.1384823673678442e-05,-0.08896860973117843
2022-04-19,-0.0037961340956869493,-0.002659910448584789,-0.0011362236471021588,0.04083796252888572
2022-04-20,-0.005350050771746226,-0.0023592961658119374,-0.002990754605934287,0.12315176735286364
2022-04-21,0.0023344983884766176,0.000993232379376552,0.0013412660091000651,-0.05682789942254907
2022-04-22,0.00677910763559188,0.0026250208139939318,0.004154086821597949,-0.08154427335705103
2022-04-25,-0.003056795992855117,-0.0013656494921264993,-0.0016911465007286176,-0.021001600218859977
2022-04-26,-0.004528238286129066,-0.001121324236316613,-0.0034069140498124545,-0.0318811052175096
2022-04-27,-0.0011918320282676706,-5.512170298172577e-05,-0.0011367103252859462,0.08460242112240297
2022-04-28,-0.002109508796960877,0.00047679909461348607,-0.002586307891574364,-0.022349841262657037
2022-04-29,0.00543836242833331,0.0013425560871583421,0.004095806341174969,0.11266426887019232
2022-05-02,-0.0011985936157297824,-0.0009540589992601822,-0.00024453461646960044,-0.056668552433787316
2022-05-03,0.005801962155155328,0.0015660428660529968,0.004235919289102332,-0.08626266408571744
2022-05-04,-0.003026439137410504,-0.00040070978116677966,-0.0026257293562437257,-0.09437142743372959
2022-05-05,-0.0053890513117484185,-0.0015194227536108277,-0.0038696285581375934,-0.06607913182508825
2022-05-06,-0.006508801055312238,-0.003796969436060508,-0.0027118316192517294,0.05497776941690039
2022-05-09,-0.0046292844495344565,-0.0028190201671020776,-0.001810264282432379,0.12904928684674924
2022-05-10,0.003301146652362137,0.0016855524084916848,0.001615594243870453,-0.09016728089116183
2022-05-11,0.008857229350753566,0.0036096890718545147,0.005247540278899053,-0.04333377080959251
2022-05-12,-0.005701252292918744,-0.0026977662642689512,-0.0030034860286497923,0.028286800108817043
2022-05-13,-0.0028775335415842035,-0.0004769964452096178,-0.002400537096374585,6.537692768978693e-05
2022-05-16,0.0017063410556085621,0.0006740586816723483,0.0010322823739362143,0.053672080441967494
2022-05-17,-2.040596239488311e-06,-0.0006997676523116622,0.0006977270560721738,-0.02674054107356929
2022-05-18,0.0035169346536983405,0.0013614276658587784,0.0021555069878395625,-0.08973911975039411
2022-05-19,-0.0015565081001185977,-0.001006018566474582,-0.0005504895336440148,-0.17931796811002168
2022-05-20,-0.005312066300770729,-0.002712868379115662,-0.002599197921655067,-0.027292811061386455
2022-05-23,-0.011304799122595566,-0.005151185332630712,-0.006153613789964854,-0.05975563053427739
2022-05-24,-0.0021283727818554787,-0.0015591842190572323,-0.0005691885627982472,-0.05004337473062282
2022-05-25,-0.004291194237705031,-0.0005380621634426021,-0.0037531320742624297,0.10258592932298632
2022-05-26,-0.004055342978611353,-0.0027880494740919887,-0.001267293504519363,0.09673058689965994
2022-05-27,0.009076683653098862,0.0043724315603406675,0.004704252092758195,-0.007433075721655303
2022-05-30,0.007554800622902614,0.002709563402463493,0.004845237220439122,-0.042146685550082094
2022-05-31,-0.0005140353853903051,0.0010347684385684612,-0.0015488038239587672,-0.0006395757378020983
2022-06-01,-0.0034437056124390253,-0.0007615124375656484,-0.002682193174873378,-0.03597009816375241
2022-06-02,-4.1010926016204325e-05,0.0005910908464801592,-0.0006321017724963632,0.03671611472922775
2022-06-03,-0.0022271352090368094,-0.0003002036551121379,-0.0019269315539246724,0.04752497786047923
2022-06-06,0.0020896940131936905,0.00033476387279749234,0.0017549301403961964,0.055670915055880114
2022-06-07,0.0027192713332206296,0.0011575105129546532,0.0015617608202659772,0.014227814983720128
2022-06-08,0.0032348975917351184,0.0011710674695830751,0.0020638301221520437,-0.009629567257338139
2022-06-09,0.0007727079931425628,-0.0005541448480475292,0.0013268528411900932,0.07098464933035478
2022-06-10,-0.0005854775607084689,-2.300347286829374e-05,-0.0005624740878401747,-0.018670959796748158
2022-06-13,0.004032945180251373,0.0002341932726514888,0.0037987519075998837,-0.025665611610257537
2022-06-14,-0.0010645171541505485,-0.0006291891031101502,-0.00043532805104039805,0.02564214527297955
2022-06-15,-0.0016342546635246705,-0.0008857208683726173,-0.0007485337951520536,0.06488951905409963
2022-06-16,0.001476886406617891,0.000448451926550375,0.0010284344800675159,0.05457477919137167
2022-06-17,0.003628774763061765,0.0015228035327525021,0.002105971230309263,-0.08347224049824566
2022-06-20,0.0026662184946442155,0.0016519484441966086,0.0010142700504476056,0.06585595183132363
2022-06-21,-0.0037328684917750845,-0.0015956619268944314,-0.0021372065648806527,-0.04480503979717497
2022-06-22,0.0031964134565346013,0.00039702865034050086,0.0027993848061941004,-0.03157522579745301
2022-06-23,-0.0027504555950211953,-0.0022070642569226202,-0.000543391338098575,-0.0603720177872778
2022-06-24,-0.0020241552445481904,-0.002664424812381131,0.0006402695678329406,-0.11141734701026376
2022-06-27,-0.003530701488547304,-0.0007464401950489398,-0.002784261293498364,0.037527610709902806
2022-06-28,-0.00677128706704849,-0.0022447237066352695,-0.004526563360413221,0.17582313023448687
2022-06-29,0.002249396201429452,6.773044538285755e-05,0.002181665756046595,-0.18216789553937957
2022-06-30,0.01118165413062299,0.003924824754333641,0.00725682937628935,-0.004961060848686968
2022-07-01,-0.009685528398751914,-0.003202684052572639,-0.006482844346179277,-0.1778461120881366
2022-07-04,-0.0002717283781157988,-0.00023900631082461252,-3.272206729118543e-05,-0.0016182318906673042
2022-07-05,-0.009530532738218495,-0.0029173421437421105,-0.0066131905944763845,-0.05850921533869587
2022-07-06,-8.956113962483355e-05,-0.00013181347042737776,4.225233080254378e-05,0.11052927671079966
2022-07-07,-0.003247800165757944,-0.0014594166136287232,-0.00178838355212922,-0.026513740166692463
2022-07-08,0.006862758868702813,0.0016834095453600326,0.005179349323342781,-0.0018821392613595205
2022-07-11,-0.0012776648071982002,-0.00019206178230906376,-0.0010856030248891364,0.061117183877762854
2022-07-12,-0.00010654713123898563,8.96051506957653e-06,-0.00011550764630856173,-0.022753520852669837
2022-07-13,0.0036382324423268417,0.0008237371526721338,0.0028144952896547075,-0.12130642444699796
2022-07-14,-0.0011325433244693925,-0.0001392524901569301,-0.0009932908343124637,0.006155229874935057
2022-07-15,-0.007673936207549754,-0.0031446703182836976,-0.004529265889266058,0.010910585564752518
2022-07-18,0.0003365260361417325,-0.000913808066085495,0.001250334102227229,0.04497359295294513
2022-07-19,0.000704801866363687,0.0005381260497792882,0.0001666758165843954,0.04543362286078055
2022-07-20,0.003073544815200815,0.0016528667900015843,0.0014206780251992297,0.03285314840270357
2022-07-21,0.002468095086795327,0.00115909339118387,0.0013090016956114614,0.03571420371705214
2022-07-22,0.0018723371563061598,0.0008309179384695794,0.0010414192178365804,0.054811134314824754
2022-07-25,0.0019802429534632494,0.0019600865587593424,2.0156394703907052e-05,0.11341116483274022
2022-07-26,0.0029360948545582924,0.0015207791434127208,0.0014153157111455716,-0.0025619371144314424
2022-07-27,0.006628829160354633,0.003982879246739773,0.002645949913614859,0.0317648589613472
2022-07-28,-0.00012606387458457798,0.00038310537837241664,-0.0005091692529569946,-0.02010510599628309
2022-07-29,0.001582538625519995,0.0013435308970311446,0.00023900772848885112,0.04037168227380497
2022-08-01,-0.0008785371134303495,-0.0002267867121973719,-0.0006517504012329779,0.039358704265726345
2022-08-02,0.0018168433209654513,0.000771571263919424,0.0010452720570460275,0.06891604313746741
2022-08-03,0.0019168048292083663,0.0001831922779169659,0.0017336125512914004,0.040998652953482026
2022-08-04,0.0033560197182001244,0.0015809216813156618,0.0017750980368844609,0.1103915451136935
2022-08-05,0.0021621539572201226,0.0013527192467851189,0.0008094347104350037,0.045323813973265514
2022-08-08,0.005476158615047909,0.0018455454705165308,0.0036306131445313795,-0.02589617347281422
2022-08-09,0.0025725109974731844,0.0011294608066551354,0.0014430501908180488,0.010256671735923078
2022-08-10,-0.0014450597829279367,-0.0007717677881812443,-0.0006732919947466929,-0.03464575836356368
2022-08-11,0.0005271946948335559,0.00038382252997481954,0.00014337216485873653,0.07565065108891623
2022-08-12,-0.001444055899131852,-0.00012096484702285754,-0.0013230910521089946,0.08725940715560702
2022-08-15,0.0038483912232155065,0.0015175421941802103,0.0023308490290352944,0.11909695696909597
2022-08-16,0.004128133807607573,0.0014169633103406334,0.0027111704972669396,0.09403769596165035
2022-08-17,0.005516557421924871,0.0015920783882905649,0.003924479033634305,0.02332278228116046
2022-08-18,0.005048365619475869,0.0022417865422161946,0.0028065790772596726,0.08070159438160139
2022-08-19,0.0013266990959450238,0.0007103414321578934,0.00061635766378713,0.07206160444016282
2022-08-22,0.004134846226157651,0.001340304160758218,0.002794542065399433,0.02500425007272244
2022-08-23,0.003784716142955539,0.0017613362576437957,0.002023379885311743,0.04266307042709046
2022-08-24,0.0012798307403610978,0.0005822095724053542,0.0006976211679557455,-0.0008718900037500648
2022-08-25,0.0021884267144016514,0.00033869809135605186,0.0018497286230455992,0.04197802224929867
2022-08-26,-3.7145449488047624e-05,-0.00021916020837974503,0.0001820147588916972,0.024743537421549028
2022-08-29,0.0020729034830608353,0.0011242297633820017,0.0009486737196788332,-0.018543550719845522
2022-08-30,0.0013274034081554558,0.0009573024437226612,0.00037010096443279485,0.049423005031949435
2022-08-31,-0.0009700247406683518,-0.00024927039795817705,-0.0007207543427101759,-0.020199237015510314
2022-09-01,0.002335064913076831,0.0014500919942807935,0.0008849729187960374,-0.01783595954144864
2022-09-02,-0.0009277457491019514,-0.0010131629841501674,8.541723504821696e-05,-0.05828654084769
2022-09-05,-0.0006749383559625547,-8.85408240819494e-05,-0.0005863975318806049,-0.0412500525175687
2022-09-06,-0.002411810531775387,-0.0016192031103771584,-0.0007926074213982261,-0.019622787620221727
2022-09-07,-0.001969504677459733,-0.0010928495419792114,-0.0008766551354805214,-0.0872341295775138
2022-09-08,-0.0008109383274760492,-9.451405530793398e-05,-0.0007164242721681147,0.0016448304163337861
2022-09-09,-0.00422164921262445,-0.0016464618484017656,-0.0025751873642226863,-0.013283833528621987
2022-09-12,6.83610610944965e-05,9.35045455474192e-05,-2.5143484452922263e-05,-0.008226848521551613
2022-09-13,-0.0006094637271768725,-0.0014953282470989877,0.0008858645199221124,0.047292869353371465
2022-09-14,-0.000372886802072023,-0.0011462405396944365,0.0007733537376224137,-0.021093250852564117
2022-09-15,0.002972365907493069,0.0017384645976712505,0.0012339013098218157,-0.012750844670700872
2022-09-16,-0.001028347764625496,-0.002032731452524004,0.0010043836878985066,-0.003305615456309358
2022-09-19,-0.0006923573273421506,-0.00023673497903442813,-0.0004556223483077222,0.07020370629029622
2022-09-20,-0.0002141722113090511,-0.0011477566689267818,0.0009335844576177296,0.06299262039067342
2022-09-21,0.004161891585324186,0.0009306356618664167,0.003231255923457769,0.09775460350523951
2022-09-22,0.003962599034813728,0.002704278497608535,0.0012583205372051903,0.019117717870350725
2022-09-23,0.0058448093797242705,0.002894215951979738,0.002950593427744532,-0.0009473397847705198
2022-09-26,0.0009157830624801725,0.0007879789609719964,0.0001278041015081756,0.06932234261640739
2022-09-27,-4.6631219862374286e-05,0.00017400280078034343,-0.00022063402064271794,0.07029277235253112
2022-09-28,0.0037221814595647888,0.0030572707976099373,0.0006649106619548532,-0.008918483965616935
2022-09-29,0.00335135421127734,0.0005988269742396605,0.0027525272370376797,0.02216991822204447
2022-09-30,-0.0004676707629567094,0.0006884039423123139,-0.0011560747052690229,-0.0931814911357329
2022-10-03,0.0007903398991544268,-0.000568692911054873,0.0013590328102092986,0.17442338526107756
2022-10-04,-0.004850083664870114,-0.002002811893669658,-0.0028472717712004557,0.06784620995786052
2022-10-05,0.009129215404682672,0.0036314771795469547,0.0054977382251357185,-0.12135581453697375
2022-10-06,0.0030379662321126525,0.0012175857251436385,0.001820380506969014,-0.06563026796159563
2022-10-07,-0.005374773337292896,-0.0028040468070542578,-0.0025707265302386383,-0.02365373338077082
2022-10-10,-0.002860023730058752,-0.001322154459766258,-0.001537869270292494,0.14054870745083528
2022-10-11,-0.0010824442533969086,0.0003107042129997582,-0.0013931484663966672,-0.1257234972060517
2022-10-12,0.0063856015411634295,0.0021256317621662,0.0042599697789972284,0.016929893620885112
2022-10-13,-0.005525404521213034,-0.0020606109447602735,-0.0034647935764527604,-0.08128750413608962
2022-10-14,0.0006683766143225369,-0.00037253286635084443,0.0010409094806733826,0.16146785765656202
2022-10-17,-0.0032822992436731847,-0.001067747479444289,-0.002214551764228896,-0.12633023102759317
2022-10-18,0.008075439235915985,0.004684017726787611,0.0033914215091283735,0.09491859490674383
2022-10-19,-0.005803275759152244,-0.0034008296687257425,-0.0024024460904265004,0.07027678117420375
2022-10-20,0.004338883546231857,0.0022580375484197116,0.002080845997812146,-0.025235059457261996
2022-10-21,0.003362323328001364,0.0015287850479159927,0.0018335382800853716,-0.019399300829902835
2022-10-24,-0.0011998132942673402,0.0002203419453608215,-0.0014201552396281587,-0.08547829083256808
2022-10-25,-0.0011310454126786911,0.00028044840001879585,-0.0014114938126974872,0.04370377846086368
2022-10-26,-0.004851954451057347,-0.001909907017413131,-0.0029420474336442166,0.013775462158690091
2022-10-27,0.0023493738697684483,0.0008569139183123163,0.0014924599514561316,-0.21002226937267154
2022-10-28,0.0006354045224045352,0.0003419319609196886,0.00029347256148484595,-0.07048606352582688
2022-10-31,-0.010327196034236184,-0.004547206102842289,-0.005779989931393895,0.11552897173137994
2022-11-01,-0.0040310744750026006,-0.0024223176640469956,-0.001608756810955605,-0.049584381623422887
2022-11-02,0.005239730071629169,0.000944836384759848,0.004294893686869322,0.08319504029805584
2022-11-03,-0.0023968620455946665,-0.002578243779255071,0.00018138173366040455,0.03973034614257589
2022-11-04,0.003952405313886283,0.0005710614726288331,0.0033813438412574493,-0.1017792450104377
2022-11-07,0.002222131289446979,0.0009241222645709826,0.0012980090248759964,-0.01969480820167462
2022-11-08,-0.005629780076181487,-0.0028327281542059567,-0.0027970519219755324,0.013345828040010065
2022-11-09,-0.0011323776390692105,0.00010621555802951821,-0.0012385931970987293,0.04747413999507299
2022-11-10,0.0007690702602873526,0.00071126312984688,5.780713044047092e-05,0.035966644529992244
2022-11-11,0.0026520958154609585,0.0010765379727255952,0.0015755578427353633,0.007832963700070352
2022-11-14,0.002690975454415704,0.0006662308466710981,0.0020247446077446066,-0.006857761611705804
2022-11-15,0.000529678802801753,0.0011893540506122315,-0.0006596752478104772,0.10053505620829584
2022-11-16,-0.00039867629756387126,-0.0002920129171267165,-0.00010666338043715477,0.1015620537200248
2022-11-17,0.00448218187924799,0.0022677129276943717,0.002214468951553619,0.10618877644230054
2022-11-18,0.00523463557402071,0.0016508913195399854,0.0035837442544807245,0.0003531692828762359
2022-11-21,0.0053121932422817335,0.002279517682739431,0.0030326755595423034,-0.040848110079744177
2022-11-22,4.892699984399376e-05,0.0008392887643722882,-0.0007903617645282912,-0.10545920742830901
2022-11-23,-0.0021074603254674605,-0.0009870364631605986,-0.0011204238623068628,0.1917545525638716
2022-11-24,-0.006010817622894678,-0.0029835841263984152,-0.003027233496496264,-0.04094507906356838
2022-11-25,0.009889150770257954,0.0037430408470167697,0.0061461099232411835,-0.03936261869650277
2022-11-28,-0.0018862344074096332,-0.0014534528090121208,-0.00043278159839751267,-0.04417976960277683
2022-11-29,-0.0019488422492688557,0.0002186929693277547,-0.0021675352185966095,0.0477615387996866
2022-11-30,-0.001941640408640344,-0.0008024636066814288,-0.0011391768019589146,-0.011528444908617309
2022-12-01,0.0023180626355544407,0.0011831281374455691,0.001134934498108872,0.09072345315920366
2022-12-02,-0.0005174507592817313,-0.00038059995684904674,-0.00013685080243268453,0.044092743271617746
2022-12-05,0.004220753596151573,0.0012898864678771308,0.0029308671282744416,0.007774043194720837
2022-12-06,0.0021669978012295527,0.0013570563642019366,0.0008099414370276161,-0.015722226637052236
2022-12-07,0.0004161242540680085,0.0007866213058605044,-0.00037049705179249565,0.042118045137339924
2022-12-08,-0.0007952143761877272,-0.0006189859621624737,-0.0001762284140252538,0.014034503880725614
2022-12-09,0.002044107023318353,0.0005970926727564708,0.0014470143505618815,-0.028166046036612456
2022-12-12,0.0006605393844078748,0.00023557099386046707,0.0004249683905474099,0.06759901145789793
2022-12-13,-0.0016729337507421671,-0.0011630544351923157,-0.0005098793155498515,0.04029627998868993
2022-12-14,0.003037860859187529,0.001059959844446427,0.0019779010147411022,0.0307636092445545
2022-12-15,0.0017657163037307516,-0.0001809133242188718,0.0019466296279496247,-0.006392175123648616
2022-12-16,0.0014375474488421127,-0.0006227934579557705,0.0020603409067978832,-0.05968880953494397
2022-12-19,-0.00036746276749684585,0.00053761922587728,-0.0009050819933741263,-0.007852314592106243
2022-12-20,-0.0031146086051680602,-0.0014068672512780166,-0.001707741353890043,0.024190205028545644
2022-12-21,-0.0003982367320769549,-0.0006540260162296203,0.00025578928415266253,-0.028547749698613702
2022-12-22,0.0012254917579125751,-0.00017658942198041025,0.0014020811798929854,0.1132397314193296
2022-12-23,-0.0014941073048565035,-0.0013771808681858945,-0.0001169264366706094,0.0186503285121386
2022-12-26,0.006338990242034367,0.0026215570772975746,0.003717433164736793,0.013327011205127148
2022-12-27,0.0008617950134852584,-0.00034388613491090174,0.00120568114839616,-0.026437867017766466
2022-12-28,0.0005928645587712244,0.0001803239166152928,0.00041254064215593203,0.0954586344163915
2022-12-29,-0.0011652103746972002,-0.0004636746823179754,-0.0007015356923792257,0.11703663343011618
2022-12-30,0.004294053606278393,0.0010713192493866197,0.0032227343568917736,-0.08331707162807885
2023-01-02,0.004933296846513262,0.001797352687915487,0.003135944158597773,0.029805188600695014
2023-01-03,-0.0035619979160626007,-0.0023244770088634275,-0.0012375209071991758,0.0615247534365492
2023-01-04,0.0011688198934714884,-0.00016573661822256265,0.001334556511694051,0.07154923779685192
2023-01-05,0.0024999404376510196,-0.0005498701983707235,0.0030498106360217422,0.07534854170021227
2023-01-06,0.0028059319130438977,0.0005966451824673353,0.002209286730576563,0.059859672602394005
2023-01-09,0.0047207783328588266,0.0010888644705233479,0.003631913862335478,-0.047842911268759475
2023-01-10,0.0029994987797519086,0.0013527148833684362,0.0016467838963834733,-0.07694055692275786
2023-01-11,-0.0021364096216463986,-0.0013075908157691944,-0.0008288188058772055,0.05521783949239733
2023-01-12,-0.0033620422599476008,-0.0017847648383071688,-0.0015772774216404337,-0.05440370305499532
2023-01-13,0.0030464058898607635,0.0017570839226268183,0.0012893219672339487,0.06580067679262686
2023-01-16,-0.002563691145413611,-0.001685690543891817,-0.0008780006015217945,0.06031943447808312
2023-01-17,0.0032841453817926566,0.0017711954563078135,0.0015129499254848426,-0.04985599922787637
2023-01-18,0.002612687101284545,0.0012607092630056733,0.0013519778382788728,0.06987281138907246
2023-01-19,-0.001724807824273583,-0.0005505188022111567,-0.0011742890220624268,-0.08667451000248219
2023-01-20,0.0028486098149537427,0.0009086417929469459,0.0019399680220067994,-0.017352918971966298
2023-01-23,-0.0035914812199092584,-0.002031079788837091,-0.001560401431072167,0.06624684995587063
2023-01-24,-0.0006996734572079139,-0.0003179674979296226,-0.00038170595927829176,0.046916993455606994
2023-01-25,0.0032562739262168594,0.001127081922665426,0.002129192003551432,0.05610555738394379
2023-01-26,0.0020332389449004436,0.002215172787112911,-0.0001819338422124686,-0.007278604407909311
2023-01-27,0.0021978221719019114,0.0003980971606067337,0.0017997250112951777,-0.06097453829152078
2023-01-30,-0.0002983387947954393,0.0002928614315761157,-0.0005912002263715552,0.04569586615211411
2023-01-31,-0.002390836576420069,-0.0014389524245522782,-0.0009518841518677918,-0.08373001281686117
2023-02-01,0.001902032269914345,-0.00026366897105101553,0.0021657012409653648,0.14674854804038684
2023-02-02,-0.004152662382120814,-0.0019159654045393503,-0.002236696977581463,-0.07616935970644603
2023-02-03,0.006752654968117104,0.0022588105134578543,0.00449384445465925,0.02210952939034585
2023-02-06,-0.0036920307007403154,-0.002112492140083716,-0.0015795385606566098,0.08425501461617406
2023-02-07,0.0011176344402779922,-5.7220920559703306e-05,0.0011748553608376972,0.13380248749979456
2023-02-08,0.004649249788447594,0.0023516210874413475,0.002297628701006249,0.05397840683934448
2023-02-09,0.006859176689583055,0.003980425864835345,0.0028787508247477105,0.038193600790767196
2023-02-10,0.0031978163890322713,0.0009590004244034877,0.002238815964628783,0.031019672759656326
2023-02-13,0.0023674965411571436,-0.0008689655063541177,0.003236462047511258,-0.09792312100799161
2023-02-14,0.0015762506914931938,-0.0004314996199886595,0.002007750311481857,-0.0004861110229185394
2023-02-15,-0.006807403985672433,-0.006418660279754296,-0.0003887437059181334,-0.15724071808104306
2023-02-16,1.104488164053465e-05,-0.002995812134148172,0.003006857015788709,-0.1915374005292704
2023-02-17,-0.009229797804806213,-0.007471633281259056,-0.0017581645235471566,-0.05113836364162219
2023-02-20,-0.01891857189567566,-0.014229958418006214,-0.004688613477669454,-0.11438532868462596
2023-02-21,-0.006429684557718168,-0.006573005791038644,0.0001433212333204828,0.3123686126988232
2023-02-22,-0.01522785516686622,-0.009945032252467286,-0.005282822914398938,0.26066788773532823
2023-02-23,0.030566074568117302,0.017875502358734724,0.012690572209382578,0.22821581525911522
2023-02-24,0.023849956591942993,0.017175826915112366,0.006674129676830631,0.07229023708787594
2023-02-27,0.013829333987952221,0.010114573074084632,0.0037147609138675868,-0.07651875877515665
2023-02-28,0.0041671869403810124,0.0032371592504669092,0.000930027689914105,-0.18322464089249232
2023-03-01,-0.004187253623303892,-0.0010762915357542778,-0.0031109620875496118,-0.11485828893339195
2023-03-02,-0.011606483441163034,-0.0039020780961884667,-0.007704405344974571,-0.15888960047552614
2023-03-03,-0.006696889020106917,-0.0017658902904468723,-0.004930998729660045,0.31268335982774587
2023-03-06,-0.008726415129576386,-0.003783676401151459,-0.00494273872842493,-0.15380271990841446
2023-03-07,0.02509006934626882,0.011569725242922164,0.013520344103346647,0.04820245090199783
2023-03-08,-0.008868327406463108,-0.0037466586968693608,-0.005121668709593748,-0.039347376623907304
2023-03-09,0.0027647513803918597,0.0002516412664266554,0.002513110113965205,0.05311555129827941
2023-03-10,-0.0024904698809179344,-0.00016154780340868133,-0.0023289220775092527,-0.12779922169647423
2023-03-13,0.003113159830670722,0.002373830963247718,0.0007393288674230041,0.016065282052988423
2023-03-14,-0.006811829120911257,-0.0018210019243403118,-0.004990827196570945,-0.1203710929590164
2023-03-15,0.00105200974635328,-9.067368625801514e-06,0.0010610771149790824,0.09285862133741919
2023-03-16,-0.006823840261537764,-0.0033158532260314745,-0.0035079870355062895,0.12816909229574067
2023-03-17,0.005178306521248231,0.0034472479731707494,0.0017310585480774798,0.03316721154997989
2023-03-20,0.007898003500013184,0.00444026414521362,0.003457739354799566,0.08489047411275318
2023-03-21,0.0017998928950624053,0.00075886515882229,0.0010410277362401144,0.03646354837576997
2023-03-22,0.0044480426075149074,0.0017948851177328057,0.0026531574897821035,-0.09073794901295916
2023-03-23,0.0017752657654262665,0.001068938455242599,0.0007063273101836666,-0.0027115262904002313
2023-03-24,-0.004465002496990096,-0.0015416019584712642,-0.0029234005385188264,-0.1331359457883185
2023-03-27,-0.00012782477823160472,0.00048248052685800034,-0.0006103053050896048,-0.04598158097246909
2023-03-28,-0.007793390686347992,-0.002698945021311556,-0.0050944456650364334,-0.07041356318104826
2023-03-29,-0.002669745026413699,-0.0013259917861797722,-0.0013437532402339283,0.14153289258750382
2023-03-30,-0.004529913921071682,-0.0024859859977285573,-0.002043927923343125,0.07229865958776738
2023-03-31,0.009400276954158255,0.0032931039435464687,0.006107173010611783,0.01276680627914641
2023-04-03,0.004655555245204895,0.0017414810707257458,0.00291407417447915,-0.0988254906323723
2023-04-04,0.0008597622529730132,-0.002312668119514215,0.0031724303724872324,-0.0009893204169642616
2023-04-05,-0.0061488784647584106,-0.001448164855000416,-0.004700713609757993,0.18032377738436814
2023-04-06,-6.26223075122802e-05,-0.0003033058220194666,0.00024068351450718534,-0.014699413327649482
2023-04-07,0.011961019335945736,0.007039271946879609,0.004921747389066124,0.06347560803053565
2023-04-10,-0.0009292888139432137,0.000507605090253344,-0.0014368939041965573,0.04315981392565206
2023-04-11,0.004277215846156438,0.0014616813425898482,0.002815534503566591,0.01248068446211828
2023-04-12,0.0029863958628296495,8.15310458342558e-06,0.0029782427582462252,-0.09864789332785345
2023-04-13,0.0007181155614396425,0.0007534938827766166,-3.537832133697523e-05,0.07867366702457687
2023-04-14,-0.005976908021437739,-0.004270075640208013,-0.0017068323812297233,0.059197209392188144
2023-04-17,0.004792251959027905,0.0002381408039943858,0.0045541111550335195,-0.012276614636270779
2023-04-18,0.0036448522888998898,-0.0010892853167443137,0.004734137605644204,-0.04241578886579191
2023-04-19,-0.0010823575214675446,-0.0020776935685217317,0.0009953360470541898,0.1855593279029929
2023-04-20,-0.0037406417680773685,-0.003817853916865954,7.72121487885788e-05,-0.0969611318684138
2023-04-21,0.015518497255489924,0.00955299463509783,0.005965502620392089,-0.1832143139989769
2023-04-24,-0.006295753858252655,-0.004453319227128203,-0.0018424346311244524,0.13699301097952912
2023-04-25,-0.012432206163700181,-0.006898627207002545,-0.005533578956697635,0.12970810789125134
2023-04-26,0.01079145921604489,0.00377515767906261,0.007016301536982279,-0.02794225237235209
2023-04-27,0.008627270652203227,0.0052050099701252016,0.0034222606820780268,-0.004444530322061262
2023-04-28,-0.0018207903679221533,-0.0003064871330831116,-0.0015143032348390387,0.03187427876764434
2023-05-01,-0.00027521802612537815,0.0004899284531194939,-0.000765146479244872,0.006284692007230061
2023-05-02,0.002314851803858068,0.001097086778199391,0.0012177650256586757,-0.002224997967043588
2023-05-03,0.000602552115994792,0.0016076733375827226,-0.0010051212215879263,-0.06981080762708643
2023-05-04,-0.00012265323349110245,-0.0008256202877855142,0.0007029670542944106,-0.09553111474846328
2023-05-05,-0.004531139441414037,-0.0029651363446941623,-0.001566003096719875,-0.0987360350337279
2023-05-08,-0.005794912388572904,-0.001776571095051048,-0.004018341293521856,0.01906263884784281
2023-05-09,-0.006219233412691225,-0.0036212353409328622,-0.0025979980717583603,-0.00957508988036818
2023-05-10,0.0009983369141623045,-0.0016141751914605512,0.002612512105622857,-0.01538234958958789
2023-05-11,-0.0005901664310058352,-0.0026095522621547695,0.002019385831148933,0.027894100924558074
2023-05-12,-0.001066218349583487,-0.0023583843813995992,0.0012921660318161114,-0.014130801979339585
2023-05-15,0.0015729600457650556,0.0008694668549601601,0.0007034931908048957,0.07589822767112607
2023-05-16,-0.0007926497256862758,-0.001027304115778862,0.00023465439009258578,0.07360639744453931
2023-05-17,0.004397430545422744,0.001633568868437968,0.002763861676984776,-0.08817653919463687
2023-05-18,0.004637918593409938,0.0004921149190114694,0.004145803674398469,-0.06682338367954029
2023-05-19,-0.00570418685214283,-0.002523343800384201,-0.0031808430517586287,0.02838680630961224
2023-05-22,-0.0034062640248876718,-0.002857250976203504,-0.000549013048684167,-0.014528100231629164
2023-05-23,0.001546687415885865,0.0009467617173960613,0.0005999256984898045,-0.0349174992771857
2023-05-24,-0.0007695090993042507,-0.0011500380573525384,0.00038052895804828804,0.11444403782125166
2023-05-25,-0.002209584431987374,-0.0014838716816793045,-0.0007257127503080708,0.008728194724393096
2023-05-26,0.006992325666310566,0.001459473560852278,0.005532852105458288,0.05802698135181662
2023-05-29,0.00047306164508742075,-0.0013488256686261541,0.0018218873137135754,0.19387995064225438
2023-05-30,0.0030088081583058224,-0.0005494138481635864,0.003558222006469409,0.17062326163498928
2023-05-31,0.010159957870571786,0.0029068759112519573,0.007253081959319828,0.08174337047588637
2023-06-01,0.009440989098244064,0.004073171087818147,0.005367818010425916,0.010160051325407626
2023-06-02,0.005326728891922764,-0.0003337372963735513,0.0056604661882963155,-0.02576604804642729
2023-06-05,0.0006638957813029818,-0.0021488513393749394,0.002812747120677922,-0.05790980831411594
2023-06-06,-0.0015659553635434603,-0.0006672929330753512,-0.0008986624304681123,0.1539415766071901
2023-06-07,-0.004198193388591388,-0.005648502918186471,0.00145030952959508,0.003544486117010132
2023-06-08,0.009717399351668791,0.0058323881341240495,0.0038850112175447416,-0.019869833565263277
2023-06-09,0.00020027255835734607,0.000374250272679638,-0.00017397771432229106,-0.02469859169965449
2023-06-12,-0.0010061815619545457,0.00015533815963187161,-0.001161519721586417,0.09210847079461988
2023-06-13,-0.0011244691826235382,-0.00036174274078282047,-0.0007627264418407168,0.001667075983523718
2023-06-14,0.004079230670468443,0.0019791900131594245,0.0021000406573090185,0.04282141977074827
2023-06-15,8.629729838372684e-05,-0.0002320909981547983,0.0003183882965385248,-0.10538519166984386
2023-06-16,0.0022856177436756174,0.0009740421668229023,0.0013115755768527155,0.026471231459593365
2023-06-19,-0.005355259931601689,-0.0022066717439569155,-0.003148588187644773,-0.010996091379014604
2023-06-20,0.0013285125446854656,-0.0010866781592796596,0.002415190703965127,-0.0026054858965142646
2023-06-21,-0.0005326121470355413,-0.0009631974008229011,0.00043058525378736,0.07476628073955609
2023-06-22,-0.00015928787765633534,-0.00241113909426649,0.0022518512166101595,0.2298528110143882
2023-06-23,0.004563747942251775,0.001110556815796303,0.0034531911264554715,0.000259813787410156
2023-06-26,0.01416734706241708,0.006572334579731918,0.007595012482685161,0.0005685302519503793
2023-06-27,1.5497635783944972e-05,-0.0002913668694440458,0.00030686450522799183,-0.012441529240512282
2023-06-28,2.772404881362699e-05,-0.00023203454567705985,0.00025975859449068684,-0.028954934168019125
2023-06-29,-0.0006788289886640352,-0.00049529664346727,-0.0001835323451967654,-0.019210854885663996
2023-06-30,-0.0018818641384810194,0.00031150829352999355,-0.0021933724320110123,-0.06107019408065141
2023-07-03,-0.0011721140073665526,8.814524065772246e-05,-0.0012602592480242757,0.013021548797040722
2023-07-04,-0.002807487590399057,-0.0023054480112213276,-0.0005020395791777293,-0.10566077153363544
2023-07-05,0.0006843537554822932,0.0008755222936962011,-0.0001911685382139077,0.03794728888956023
2023-07-06,-0.005930355420992544,-0.0032538903948097983,-0.0026764650261827463,0.043510572534350346
2023-07-07,0.0022751188878061207,0.0011359872958395575,0.0011391315919665624,0.07160339013306247
2023-07-10,0.0028991773213542364,0.0007148399974410006,0.0021843373239132362,-0.06324780681214859
2023-07-11,0.003804923817430799,0.002591590633730014,0.0012133331837007773,0.024351798713496003
2023-07-12,-0.003273834224705174,-0.000996996083312984,-0.002276838141392189,-0.13187223764461814
2023-07-13,0.0012680480893077755,0.0006949437448197059,0.0005731043444880696,0.031091911381518646
2023-07-14,-0.0068601422019771725,-0.0015176414835066938,-0.005342500718470478,-0.04456769203145769
2023-07-17,0.0017815336296461508,7.252776912105088e-05,0.0017090058605251004,0.0075948702468740395
2023-07-18,-0.002335616384290621,-0.0011663552502548212,-0.0011692611340357996,-0.08311267118457166
2023-07-19,0.00038227140590582566,0.002158455536692696,-0.0017761841307868706,-0.0833534161100847
2023-07-20,-0.004378897122429951,-0.0006421488494108203,-0.003736748273019132,0.01673568166612291
2023-07-21,-0.005168295674548165,-0.0014298856628262337,-0.0037384100117219335,0.04026073697890234
2023-07-24,0.0009561575061349335,7.98494516454154e-05,0.0008763080544895163,0.09656290769463288
2023-07-25,0.0021597880221821807,0.002793075380031461,-0.0006332873578492795,-0.09219630985090488
2023-07-26,0.00503689103422712,0.002760795301756283,0.0022760957324708363,-0.11205584651991331
2023-07-27,-0.005592647562617362,-0.000711944496263852,-0.00488070306635351,0.15793869861187088
2023-07-28,-0.006335916579435232,8.146311046047707e-05,-0.006417379689895708,-0.09293784056155956
2023-07-31,0.009179762772526016,0.0033463662262261593,0.005833396546299857,0.021429028667195132
2023-08-01,-0.004747264085901065,-0.0007840265266409691,-0.003963237559260096,0.04055216889461045
2023-08-02,0.0013448151841087665,-0.0005023422665163101,0.0018471574506250775,0.11674560516602155
2023-08-03,0.0027223306560538113,0.0011358982139734013,0.0015864324420804057,0.02673101868141918
2023-08-04,0.006449747238219053,0.002583702289073713,0.0038660449491453412,0.04797434768999475
2023-08-07,0.0015341662775151168,-0.00014318178725059114,0.0016773480647657084,0.10865121342073104
2023-08-08,0.002830639007519853,0.0010553515252354454,0.0017752874822844077,0.11764909102056814
2023-08-09,0.005791043906070305,0.001177438723908692,0.004613605182161612,0.013677424412874773
2023-08-10,0.007156165644836348,0.0011571768814012083,0.00599898876343514,-0.10316541453701182
2023-08-11,0.0005521908177898748,0.00017357565455502523,0.0003786151632348498,0.02246086658855908
2023-08-14,-0.005348656901583475,-0.0020711589128541213,-0.0032774979887293535,0.039040437254945944
2023-08-15,0.0011514598340132804,-0.0008131521094757507,0.001964611943489033,0.04608960102703211
2023-08-16,0.0023421518435255547,0.000712077422486199,0.0016300744210393566,-0.05522548744711657
2023-08-17,0.003029372115909111,0.0014519239040689399,0.0015774482118401717,-0.008334817909423408
2023-08-18,-0.0031004083352504114,-0.0016152682534382075,-0.0014851400818122057,0.01920140464474986
2023-08-21,-0.0004503871506287881,6.686450621792156e-06,-0.00045707360125058025,0.03422806657424493
2023-08-22,0.001138364836885967,0.0005775345313570428,0.0005608303055289251,-0.020126908928855828
2023-08-23,0.002078639369754839,0.0006095326509632187,0.0014691067187916202,0.008417256441211692
2023-08-24,-0.0012090291711182321,0.0003399352703744585,-0.0015489644414926913,0.03059090016133835
2023-08-25,0.0005311018164575708,0.0014728926621204088,-0.0009417908456628363,0.0555736608216226
2023-08-28,0.0017529440396670986,0.000596299018568433,0.0011566450210986653,-0.03701379072273321
2023-08-29,0.003257930044749802,0.0015446024799975373,0.0017133275647522647,-0.1658195215028418
2023-08-30,-0.0016639227035121099,-0.0008941048393796835,-0.0007698178641324278,-0.0865845352240002
2023-08-31,-0.009864025765428271,-0.0037715157199320233,-0.006092510045496248,0.17351512890209606
2023-09-01,-0.004340247389877331,-0.0017993088987910532,-0.002540938491086277,0.009684096912554483
2023-09-04,0.008786476566342655,0.0023868809891919385,0.006399595577150717,-0.04700908748074856
2023-09-05,0.0005208427407373516,-0.0005204962328077961,0.0010413389735451483,0.04197478464403161
2023-09-06,-0.0025608246593678413,-0.0014096639444763654,-0.0011511607148914794,0.10919404267903096
2023-09-07,0.0022571476002385756,0.0001322707068301017,0.0021248768934084743,0.05564364803552519
2023-09-08,0.006698074502793715,0.003070343777141427,0.0036277307256522883,-0.025172724521735065
2023-09-11,0.0032102246021161207,0.0012919075260895193,0.0019183170760266018,0.060605568533771303
2023-09-12,-0.0012980815735784594,-0.0003643338321982,-0.0009337477413802599,0.12490496858875616
2023-09-13,0.003347827132377664,0.0020824641311115496,0.001265363001266116,0.05566745054834276
2023-09-14,0.007171420447007989,0.001982378390412638,0.005189042056595354,-0.04269790116763321
2023-09-15,0.0031409898207251574,0.0022020941495399723,0.0009388956711851824,-0.012979020985686148
2023-09-18,-0.002674318329544604,-0.0007292209599924096,-0.001945097369552195,0.16432495429623886
2023-09-19,-0.0006427920505091062,-0.0004937209839694131,-0.0001490710665396932,-0.028473924153448113
2023-09-20,0.00953337318054416,0.0043012020741475115,0.005232171106396649,0.056328095828598705
2023-09-21,-0.0015931597594115157,0.0009922964567179188,-0.0025854562161294337,0.030358776313687448
2023-09-22,0.0038286961821402754,0.0005595386660933246,0.003269157516046957,-0.033577932351265764
2023-09-25,0.0023209585066187076,0.0006836217699346461,0.001637336736684064,-0.12538552799173927
2023-09-26,-0.00024217709067474603,-0.0006627701719470608,0.0004205930812723052,0.10370702555218063
2023-09-27,-0.012377777038584586,-0.007213802085507169,-0.005163974953077424,0.18563483433571396
2023-09-28,0.01086559979969695,0.0041346508150062605,0.006730948984690691,0.09502210055558948
2023-09-29,0.01748282449114863,0.010105642426287337,0.007377182064861291,-0.10587262941649833
2023-10-02,0.007723324563151348,0.0015057781949596935,0.006217546368191648,-0.09571697343427524
2023-10-03,-0.007432727851734779,-0.00073638667812349,-0.0066963411736112866,-0.022269382082156668
2023-10-04,-0.006375379539924389,-0.00362020987537082,-0.0027551696645535667,-0.09358262112797808
2023-10-05,-0.0014763014926803273,-0.0011720550375198466,-0.00030424645516048156,0.01564093150987568
2023-10-06,-0.006576828358327197,-0.0041311365811376516,-0.0024456917771895443,-0.14257629486740678
2023-10-09,0.0010139415650083487,0.0013305301825009101,-0.0003165886174925636,0.10381545556784923
2023-10-10,-0.012006395096720374,-0.006138346374966181,-0.005868048721754195,0.05573024367266202
2023-10-11,0.009068627492623568,0.005191525578798553,0.0038771019138250165,-0.023245061505513587
2023-10-12,0.004109941042939604,0.0015500178474177236,0.002559923195521881,-0.09634521687148008
2023-10-13,-0.0016733111848264294,-0.0006431222908413405,-0.001030188893985089,-0.06890103173380581
2023-10-16,-0.007086528351289492,-0.003657364252079659,-0.0034291640992098332,0.00020471935698542268
2023-10-17,-0.005272880620968121,-0.0003804752232979408,-0.0048924053976701805,-0.11653013229522115
2023-10-18,-0.0001329483104655138,0.0004292749764430795,-0.0005622232869085947,-0.10484846365573439
2023-10-19,-0.009731163853846873,-0.004051610321721804,-0.005679553532125068,0.13384336655275111
2023-10-20,-0.008740089225171298,-0.0036688407247726217,-0.005071248500398674,0.10575199592134704
2023-10-23,0.015594485098333614,0.004356058231958178,0.011238426866375432,0.015082584812375321
2023-10-24,0.008709306099287339,0.0031483555236966644,0.005560950575590674,0.003977266678167012
2023-10-25,0.0011049019820910787,0.003379632891471515,-0.0022747309093804416,0.05034042386663068
2023-10-26,0.00032039705134132056,0.0002582966305578801,6.21004207834383e-05,0.022113553867250224
2023-10-27,0.004186005455775158,0.003183167479932504,0.0010028379758426527,0.0034835620951899986
2023-10-30,0.001773426883915147,0.0006504347251061987,0.0011229921588089484,0.08751197987534819
2023-10-31,0.0002844544996762838,-0.0010624531004575638,0.0013469076001338467,0.09823205276553079
2023-11-01,0.006351654566611658,0.0023564856351294024,0.0039951689314822545,0.08603271391456929
2023-11-02,0.006457252359653627,0.0028952294473054583,0.0035620229123481673,0.04988295206752948
2023-11-03,0.005955811438751921,0.0017436351156268903,0.004212176323125032,0.06814856017016227
2023-11-06,0.0038020849175901756,0.0012524835174411789,0.002549601400148996,0.10983219767008719
2023-11-07,0.007257056945442358,0.002756753394837521,0.00450030355060484,-0.03913562769987846
2023-11-08,0.007859564970679914,0.004378128797427484,0.0034814361732524272,0.01356419344648614
2023-11-09,-0.0024569803033494026,0.0025185641055420066,-0.004975544408891409,-0.07038957765566152
2023-11-10,0.0008935044446675798,-0.00021039100162891194,0.0011038954462964917,-0.016919126617930824
2023-11-13,-0.005770942784536097,-0.0034589679344407542,-0.0023119748500953427,0.20107659712095116
2023-11-14,-0.001294470357487307,-0.00170536603119034,0.000410895673703034,0.07327580767634292
2023-11-15,0.015772634845830087,0.005802956452381308,0.009969678393448778,-0.05085771590134416
2023-11-16,0.0050990266236721525,0.0024234152317386126,0.0026756113919335356,0.08005434790916507
2023-11-17,-0.0034588111732744052,-0.0019921160160444006,-0.0014666951572300038,-0.0008564970716521833
2023-11-20,0.005523974933379966,0.003052715053057037,0.0024712598803229256,-0.0035970800998068077
2023-11-21,-1.789348562282987e-05,0.00103704380376125,-0.001054937289384078,0.02332474816951292
2023-11-22,-0.000250231037714796,-0.0005343742844687279,0.0002841432467539321,-0.03467428363933729
2023-11-23,0.0016437862252365984,0.0007197266514272944,0.0009240595738093035,0.1879474249529892
2023-11-24,-0.0023091246897627253,-0.0018858157648066823,-0.000423308924956043,0.012949600262838082
2023-11-27,0.01240458286188805,0.005093929053402479,0.0073106538084855704,-0.04989360177410263
2023-11-28,0.0008103499535249362,0.0009640955942316603,-0.0001537456407067232,0.031581255961184676
2023-11-29,-0.003396314484106454,-0.0007472183340212716,-0.0026490961500851822,0.013298876353597437
2023-11-30,0.002228713643772531,0.0016196952951352435,0.0006090183486372885,0.015740079720604126
2023-12-01,0.0009177701843954191,0.0025837014361131568,-0.001665931251717736,0.051767655068307196
2023-12-04,0.001158691365475546,-0.0018126638768375218,0.002971355242313071,0.2525835264510285
2023-12-05,0.003877262464743822,0.0010157516694635502,0.0028615107952802716,-0.010698876540679731
2023-12-06,0.019629941754724756,0.005649849007191107,0.013980092747533646,0.08593992914843794
2023-12-07,-0.0007063324413426407,0.0005047991690401597,-0.0012111316103827997,-0.025439813359756095
2023-12-08,0.0058070142979725035,0.001213880254996189,0.004593134042976313,0.0698421428692956
2023-12-11,-0.001560014009341295,0.0003537948071625904,-0.0019138088165038857,0.030403759282730793
2023-12-12,0.006108134255688468,-0.00027592768405052676,0.006384061939739005,0.03825078202572033
2023-12-13,0.0020405053562983196,0.0008749579908306701,0.0011655473654676504,-0.13962872755137617
2023-12-14,0.00267442787785689,-0.0012663049579531155,0.003940732835810007,0.14857441585085832
2023-12-15,-0.008537643706153463,-0.0037237945375554783,-0.0048138491685979865,0.0153611117478696
2023-12-18,0.00903302060956359,0.00502845346246821,0.004004567147095381,0.042966347105617635
2023-12-19,0.0009490332700537608,-0.0002950714337948499,0.0012441047038486124,-0.02837112035492866
2023-12-20,0.0029755540573573264,-0.0002085891510448662,0.003184143208402195,-0.004264659097277895
2023-12-21,-0.0020009900546185152,-0.0008834782844116922,-0.00111751177020682,0.08096414943865596
2023-12-22,-0.0003529489131241727,-0.0031740677568869585,0.0028211188437627793,0.04881948855770436
2023-12-25,0.0062600597765716266,0.001636421927651302,0.0046236378489203245,-0.1253363008904074
2023-12-26,0.0033546900808677045,0.0038960456364035626,-0.0005413555555358607,-0.03966796991728147
2023-12-27,-0.007432490514019428,-0.0015929630035730368,-0.0058395275104463915,0.12441266824454335
2023-12-28,-0.002328308473470461,-0.00023505268778601252,-0.002093255785684448,0.19912574267461589
2023-12-29,0.008725142981612604,0.001803088433669723,0.006922054547942879,-0.10937629054889823
2024-01-01,0.01236066264882005,0.004144446188974936,0.008216216459845114,-0.059364251091557414
2024-01-02,-0.006275018715584336,4.3569773134979894e-06,-0.006279375692897833,-0.009193139987636349
2024-01-03,-0.0031752088583650757,-0.00141585098368619,-0.001759357874678886,0.1600520147530545
2024-01-04,-0.0004739920487914209,0.0005373084098322309,-0.0010113004586236492,0.010321159597492458
2024-01-05,0.009255963364435075,0.003531865096827691,0.0057240982676073845,-0.057689778608765646
2024-01-08,0.0005040170690341133,0.0002220708135067329,0.00028194625552738044,0.0879363129138599
2024-01-09,-0.0034782335804833097,-0.00210951490776426,-0.0013687186727190492,0.016365935056797603
2024-01-10,0.004937896538251465,0.001557674966781334,0.0033802215714701326,-0.000662295580161502
2024-01-11,0.000897194791008595,-0.0004489307171147744,0.0013461255081233694,0.15166668883808834
2024-01-12,-4.324022294197158e-05,0.000782728076659819,-0.0008259682996017894,-0.036013298120916526
2024-01-15,0.011555751334299563,0.004268314580523111,0.0072874367537764505,0.008254614404669548
2024-01-16,-0.0031864116880771167,-0.001222796033310292,-0.0019636156547668225,0.0003912953260122515
2024-01-17,0.0005470955647536806,0.002099134290829103,-0.0015520387260754206,-0.06278357919598482
2024-01-18,2.6038287999376446e-05,0.0011267644430831038,-0.0011007261550837234,-0.0927123458938649
2024-01-19,-0.004233714228034072,-0.00019349900106255605,-0.004040215226971521,-0.11858232797040638
2024-01-22,-0.005840790093283044,-0.0024761744756780055,-0.003364615617605038,-0.013461747811168321
2024-01-23,-0.00709321504236742,-0.002096126169577295,-0.004997088872790125,0.008436225922620208
2024-01-24,-0.0008387138877915032,0.0004394897115011769,-0.001278203599292681,-0.14142773078159288
2024-01-25,0.000632336503334829,0.000442183176696421,0.0001901533266384075,0.11477206618656757
2024-01-26,-0.010241191148449211,-0.003995087068418624,-0.006246104080030587,-0.1858400441677785
2024-01-29,0.008353984537801569,0.0031417334839444616,0.005212251053857104,-0.0504880376743311
2024-01-30,-0.012702876628581574,-0.004487729155939684,-0.008215147472641893,-0.12894983067176072
2024-01-31,-0.0033074825141663784,-0.0012423569515375606,-0.002065125562628816,0.10545536788557293
2024-02-01,-0.009066373697838543,-0.004241746548416664,-0.004824627149421879,0.05265153525555164
2024-02-02,0.00722518859349965,0.0026588712465744715,0.004566317346925179,-0.01113423275759573
2024-02-05,0.0032145961529022517,0.0008318882032824024,0.0023827079496198493,0.039065605607189816
2024-02-06,-0.0006429540801219162,0.0008290204043019996,-0.0014719744844239168,0.1234263069191343
2024-02-07,0.002700328763303496,7.930420309748294e-05,0.002621024560206014,0.07531644213143202
2024-02-08,0.010008211741872641,0.004154603765520213,0.00585360797635243,0.06178523743348651
2024-02-09,0.0053418267381297995,0.0008607087729217218,0.004481117965208078,-0.03813201521584133
2024-02-12,0.004310306529580694,0.0021439102111244415,0.0021663963184562537,-0.06326127513222174
2024-02-13,-0.002330231712747122,0.00020615529481564105,-0.002536387007562764,0.06833729912160803
2024-02-14,-0.00423848575610232,-0.001889541124942263,-0.002348944631160057,0.00325929484784608
2024-02-15,0.00427919363789564,0.0006792847605253931,0.0035999088773702465,0.0019385786170508683
2024-02-16,0.0002195743434696716,0.0015576658088585407,-0.0013380914653888694,0.012494380827471915
2024-02-19,0.0001613092038026565,0.0011573022326544008,-0.0009959930288517436,0.054589005874599125
2024-02-20,0.0007936243881319926,0.0005180673325109212,0.00027555705562107204,0.16139448016110736
2024-02-21,0.003572890781490288,0.00046071566788001735,0.0031121751136102705,0.07825272918172729
2024-02-22,0.009690453940565082,0.004779978163547947,0.004910475777017136,0.014267552102104415
2024-02-23,0.0045143189686364235,0.0022672483129983784,0.002247070655638045,0.07978445633111476
2024-02-26,0.0007207746309983945,0.001138817440495998,-0.00041804280949760304,0.08017222572030581
2024-02-27,0.004195556201860655,0.002010977210455761,0.0021845789914048935,0.06228818498189088
2024-02-28,0.005065354827814876,0.002830649055295156,0.00223470577251972,0.005047052863390783
2024-02-29,0.004116218896934194,0.001601832492955901,0.002514386403978294,0.14576134107754973
2024-03-01,0.00035518317709925477,-0.0004867049912885713,0.0008418881683878252,0.08006548675780986
2024-03-04,0.010066543532589456,0.0019905008368519433,0.008076042695737511,0.1376359518735198
2024-03-05,0.004295609031285773,0.0028442085562933412,0.001451400474992432,-0.006006014109613639
2024-03-06,0.008024769762644985,0.001691103479566693,0.006333666283078293,-0.02933026243270447
2024-03-07,-0.00034006976454715575,-0.0011970876149407887,0.0008570178503936338,-0.02565796543984423
2024-03-08,-0.0016735907933113283,-0.0005026221004268555,-0.0011709686928844734,0.03241698287583492
2024-03-11,-0.0014049805611350604,-0.000891543901095861,-0.0005134366600391994,0.07702964462170489
2024-03-12,0.0015572256077678952,0.0008543650386280684,0.0007028605691398267,-0.06868562930264319
2024-03-13,0.004451580903637422,0.002378516742526402,0.002073064161111019,0.1026897379420849
2024-03-14,-0.004492241209580868,-0.002750366698040241,-0.0017418745115406337,0.044410005104337624
2024-03-15,0.012344612210253136,0.005040898864188009,0.007303713346065128,0.09245165343282591
2024-03-18,0.0032286012378059236,0.0028390197609038624,0.00038958147690206293,0.02296406430970553
2024-03-19,0.0054811513687410855,0.004186655231928193,0.0012944961368128935,-0.005277876691799433
2024-03-20,0.0015541221699235173,0.0020408950415112988,-0.0004867728715877793,0.057701781187289664
2024-03-21,-0.0002791043347882107,0.001606517445264126,-0.0018856217800523357,0.01482673608077211
2024-03-22,0.00337445711112423,0.0010740736771335118,0.0023003834339907175,-0.028351982443710767
2024-03-25,0.0007713190714279201,-0.0011915659400709537,0.001962885011498876,0.11971636367190658
2024-03-26,-0.0015132507378753414,-0.0004395810361802529,-0.0010736697016950885,-0.08696549968939403
2024-03-27,0.007195449383980346,0.0027053457105475813,0.004490103673432765,-0.05039830739657867
2024-03-28,-0.005497726830229754,-0.0015097037928942965,-0.003988023037335461,0.061379489669753366
2024-03-29,-0.0033392217274626624,-0.0012797251483151477,-0.0020594965791475143,-0.03958220731974935
2024-04-01,0.004157672357376584,0.001247553647164966,0.0029101187102116184,0.033316159289385236
2024-04-02,-0.0025365570454606015,-0.0021287450264208495,-0.0004078120190397494,0.011492781163385223
2024-04-03,0.0020486510794370414,0.0012745618637212924,0.0007740892157157477,0.022556480351499913
2024-04-04,0.0008756042868285979,-0.0010324602391333926,0.0019080645259619885,0.06321540891982846
2024-04-05,0.0015927963065333049,0.0006638677413596124,0.0009289285651736933,-0.007396160666488166
2024-04-08,0.004456291076604708,0.002731473404937854,0.0017248176716668532,0.07717038877990053
2024-04-09,-0.0004541936313376513,0.0013147877991981916,-0.0017689814305358459,0.06624248065400071
2024-04-10,0.004043549601099955,0.0016207779511693094,0.0024227716499306464,0.08344340533028367
2024-04-11,0.003766390412896941,0.002506524368997176,0.0012598660438997633,-0.008346029382947949
2024-04-12,0.004334521282577156,0.0002153125754452076,0.004119208707131948,-0.0876114340320697
2024-04-15,-0.000511345899425517,0.0004821368850864236,-0.000993482784511942,-0.08777693270530745
2024-04-16,-0.004589988221292397,-0.002534142758398537,-0.00205584546289386,-0.021990871555573818
2024-04-17,-0.004136863649477395,-0.0009752499325049731,-0.0031616137169724226,-0.0978947496665973
2024-04-18,-0.001192039995992713,-0.001226607072792582,3.4567076799867785e-05,0.027120407374094605
2024-04-19,-0.005046076357684606,-0.0018860518312941372,-0.0031600245263904685,0.07306977184930662
2024-04-22,0.0015785384764504284,0.0014883851623838078,9.015331406662073e-05,-0.0038877321796550995
2024-04-23,0.004135071186624983,0.0016824015591287676,0.002452669627496214,0.05306252495520519
2024-04-24,-0.00020795766449920082,-0.0006121345609403995,0.00040417689644119776,-0.011830826276270592
2024-04-25,0.0027940820010906647,0.00046312223937458943,0.002330959761716076,-0.009704955866245828
2024-04-26,-0.0006741063433650645,-0.0012181194739224934,0.0005440131305574306,-0.1022668742017872
2024-04-29,-0.0005007407241423679,-0.0005300795261654117,2.933880202304548e-05,-0.04531385769807275
2024-04-30,-0.0057865256743667055,-0.0026376724002004285,-0.003148853274166277,-0.007627077290814356
2024-05-01,-0.0025629879630560187,-0.0009379359259643165,-0.0016250520370917028,0.015116129976334883
2024-05-02,-0.00038547866827142916,0.00019161720000951052,-0.0005770958682809399,-0.08869902735997216
2024-05-03,0.000893143588733292,-0.0007389548981270363,0.0016320984868603266,0.05252456701140496
2024-05-06,-0.005340556870873975,-0.0029624089828276154,-0.0023781478880463593,0.12563183192750982
2024-05-07,0.002873668905986917,0.0015140953097065573,0.0013595735962803595,0.03912320604385205
2024-05-08,0.0073500280487177605,0.002715976151108935,0.004634051897608826,-0.11378691667570762
2024-05-09,0.0022725877420573595,0.001283472282208197,0.0009891154598491627,-0.07194243603075369
2024-05-10,-0.006273524531388804,-0.002639764631902212,-0.003633759899486593,0.04239114414515299
2024-05-13,-0.004071131501362886,-0.0019104341041124608,-0.0021606973972504275,-0.010261431415312355
2024-05-14,0.0020799335736298883,0.0009075230062877311,0.001172410567342158,-0.0023598481582839826
2024-05-15,-0.0005461329555966937,-0.001094759346341548,0.0005486263907448538,-0.11644763968613603
2024-05-16,-0.0001540315337621792,-0.001268975950199893,0.0011149444164377138,0.04713505489465184
2024-05-17,-0.006308857449438755,-0.002680246664045825,-0.0036286107853929295,0.11627271848639449
2024-05-20,0.0025092490935429727,0.0013718987293092854,0.0011373503642336873,0.11647588835894848
2024-05-21,0.006064436714287336,0.001971071889328238,0.0040933648249591,0.06284124766353477
2024-05-22,0.006573518738333557,0.002090404134112595,0.00448311460422096,-0.12209218127133656
2024-05-23,0.0036314215206408366,0.0009784004252972756,0.0026530210953435605,0.13554647350159119
2024-05-24,-0.006911700769879701,-0.001968122656763844,-0.0049435781131158575,0.0903987062286488
2024-05-27,0.008364899656523518,0.004422527516703786,0.0039423721398197335,-0.10401678497276441
2024-05-28,0.004828105121544288,0.0019002553230997518,0.002927849798444535,0.046723418329486184
2024-05-29,-0.005167530027853862,-0.0017688573913202097,-0.003398672636533652,-0.12504432823239095
2024-05-30,0.0022569190205808864,0.0008042936319413042,0.0014526253886395822,0.025453079816338278
2024-05-31,-0.006402481053748574,-0.0027910011405798824,-0.0036114799131686907,0.08710186800612157
2024-06-03,0.001373087183217409,0.0009039245746163892,0.00046916260860101937,-0.08014520466777181
2024-06-04,0.004969338358134977,0.001900433538842756,0.00306890481929222,0.034065188440275444
2024-06-05,-0.004010370466420802,-0.0010831502720051091,-0.002927220194415693,-0.09329267200341447
2024-06-06,0.0017469751044244075,0.0012167264841625239,0.0005302486202618832,-0.03948945893078555
2024-06-07,-0.004770517028017609,-0.001463151927966937,-0.0033073651000506714,-0.011723877423085146
2024-06-10,-0.0020249965268025836,-0.00024409936429468752,-0.001780897162507896,0.005297312317535099
2024-06-11,-0.00055265615449405,0.000734492959941516,-0.0012871491144355663,0.07051906974526921
2024-06-12,0.00027674272271642594,1.1081144199200782e-05,0.00026566157851722495,0.07290637806424913
2024-06-13,0.004053329275088768,0.0018403371399428985,0.002212992135145868,0.05150800128020603
2024-06-14,0.004368802185664203,0.0017628091102307793,0.0026059930754334243,0.044633059486804426
2024-06-17,0.0034102663214076413,0.0013110951013763092,0.002099171220031333,-0.021886501365781037
2024-06-18,0.0024038829023740583,0.0023317551997761514,7.212770259790646e-05,0.030565514553774282
2024-06-19,-0.0010712209640668612,-0.0009495865663929756,-0.00012163439767388408,0.07960873444351418
2024-06-20,0.0014187784453209558,0.000300317876278151,0.001118460569042805,0.09185407259701418
2024-06-21,0.0047729052794347904,0.0017347935462588195,0.003038111733175971,0.03827800923029005
2024-06-24,0.0060959266794662886,0.0028084311294541715,0.0032874955500121162,-0.03882862038863211
2024-06-25,0.0021985233478650744,0.000727858314201588,0.0014706650336634855,0.052303054400227804
2024-06-26,-0.002009209071892791,-0.00027682757291459803,-0.001732381498978192,-0.0683882572420983
2024-06-27,0.002725549003649765,0.0018855313504734382,0.000840017653176327,-0.07745509078478638
2024-06-28,-0.004056858232811489,-0.0017076192886669543,-0.002349238944144535,0.08078618252666908
2024-07-01,-0.0047033372476058665,-0.00208104236625041,-0.002622294881355455,-0.07260396678789713
2024-07-02,0.004517780334538013,0.001909764031532096,0.002608016303005916,0.08415633530334744
2024-07-03,-0.004016809005041082,-0.0017660091801968928,-0.0022507998248441855,0.03305517293579113
2024-07-04,0.004650712811817738,0.002189700557662323,0.0024610122541554144,0.005425271437008146
2024-07-05,0.0016789804507520807,0.0012416151189673062,0.0004373653317847736,0.014926986573226969
2024-07-08,0.0002639838769714245,0.0008704771485574221,-0.0006064932715860007,-0.11413045541078608
2024-07-09,0.0008152959654367823,0.0005279031697303259,0.0002873927957064565,-0.0733015474765993
2024-07-10,-0.006338128349203669,-0.002136626936312665,-0.004201501412891003,-0.05989070366468527
2024-07-11,-0.004073276396415695,-0.0011021663023289508,-0.0029711100940867444,0.018002314715902405
2024-07-12,-0.0035432988154052887,-0.0008145177222853277,-0.0027287810931199627,-0.054176025059015094
2024-07-15,0.00099454970640992,0.001039840329504664,-4.5290623094744334e-05,0.029511195657926682
2024-07-16,-0.0035680709801857897,-0.001186238323767944,-0.002381832656417846,-0.10771396171527192
2024-07-17,0.0018527612664643411,0.0010804063755843769,0.0007723548908799647,-0.021831276413092404
2024-07-18,-0.006113434189427369,-0.0034802829826494734,-0.0026331512067778937,0.03111822160879469
2024-07-19,-0.0014060079447965883,-0.000820174956682164,-0.000585832988114425,0.15717339671604183
2024-07-22,0.0020753281111024076,0.0010897952299636707,0.0009855328811387365,0.07052489082959246
2024-07-23,0.009616480949102352,0.004278361449416172,0.00533811949968618,0.08650414129558413
2024-07-24,0.0042879595796730275,0.0016767500494204962,0.0026112095302525317,0.07175177824867607
2024-07-25,0.004714011941496048,0.0007710478126431945,0.003942964128852853,0.015370668256884053
2024-07-26,0.004793430462651727,0.003307091671057855,0.0014863387915938723,0.044433041158923416
2024-07-29,0.0009716952049885135,0.0009612372208196891,1.0457984168824735e-05,-0.056288400147591865
2024-07-30,0.0029580558427431698,0.0001913952432552532,0.002766660599487915,0.0225464499821122
2024-07-31,-0.003853023374805342,-0.0021680019611608056,-0.0016850214136445362,-0.06945673249773003
2024-08-01,0.0015354126123961471,-0.00017379995168373972,0.001709212564079886,0.06512846791547461
2024-08-02,-0.0048511001161010555,-0.0011371851776842655,-0.003713914938416791,-0.015813513546743513
2024-08-05,0.004891289643648397,0.0024684218680685703,0.0024228677755798247,0.1324608723192262
2024-08-06,-0.0010519980409009768,-0.0019099700023530591,0.0008579719614520837,-0.07170701675040916
2024-08-07,0.009476441850348403,0.0047060377317289384,0.004770404118619464,-0.05839074770917774
2024-08-08,-0.004312038147442797,-0.0032721288344186895,-0.0010399093130241087,-0.03082425189703602
2024-08-09,-0.0036862437874394466,-0.0010581800544917034,-0.002628063732947744,-0.01507384053521551
2024-08-12,-0.001968756568654647,-0.0012678380379917177,-0.0007009185306629286,0.08718830439088876
2024-08-13,-0.0008375357910891503,0.00046316172801372105,-0.0013006975191028713,0.020301825053503596
2024-08-14,0.005323600320937224,0.001127428990342091,0.004196171330595131,-0.024063818720405906
2024-08-15,0.0012645676967133965,-0.0002232964490715922,0.0014878641457849882,0.07695225541969423
2024-08-16,-0.0014149919203488533,-0.0012297837690916319,-0.0001852081512572208,0.09195397758622446
2024-08-19,0.004972602258768625,0.001940768250678175,0.00303183400809045,0.0010011244896511466
2024-08-20,0.006296163646665846,0.0015672254744532551,0.004728938172212591,0.11293927334208242
2024-08-21,6.200256240658638e-05,-0.001083618937868347,0.001145621500274939,0.008026089115538716
2024-08-22,0.0077329737741169335,0.0033708815325158804,0.004362092241601054,-0.012092119042302507
2024-08-23,0.0005097675472019472,-0.000415741217888833,0.00092550876509078,0.04169159952088593
2024-08-26,-0.0008508528720965055,-0.0018198391544575268,0.0009689862823610198,0.03824542384016152
2024-08-27,0.0024775787412905583,0.0009505644912576258,0.001527014250032932,0.04218498211941817
2024-08-28,0.0022326897109383233,-0.0006605825946385578,0.0028932723055768803,0.002079709012235155
2024-08-29,0.002819527802175836,0.001607541476617078,0.001211986325558757,-0.04289257284283832
2024-08-30,0.00012174252800908479,0.00038518361214806736,-0.0002634410841389854,0.005984185452553616
2024-09-02,-0.002542268041530215,-0.0012515675075764256,-0.0012907005339537888,0.04441896490505411
2024-09-03,0.0004371101172000577,0.0001952211655345589,0.00024188895166550074,-0.06732725833218452
2024-09-04,0.0033061692860675545,0.00279121649378036,0.0005149527922871943,0.002694687245029382
2024-09-05,-0.0045663751169534575,-0.0025929646481954423,-0.001973410468758015,0.044457299598212645
2024-09-06,0.00019616156936594722,-0.00027378282299273665,0.0004699443923586854,-0.01251556214992969
2024-09-09,0.0024469014718604613,0.0007349045483307538,0.001711996923529708,0.019785010762312184
2024-09-10,-0.0006795972422952363,-0.0007954615068679737,0.00011586426457273896,0.056654446442233
2024-09-11,0.0013671207578514442,0.0008349456069548754,0.0005321751508965654,0.05345509764421649
2024-09-12,0.003292325799696843,0.0024045775612616636,0.0008877482384351803,0.0818194973480901
2024-09-13,0.0027068820418701327,0.0016454908717369026,0.0010613911701332305,0.0414533825398222
2024-09-16,0.004745827845900231,0.002466005449065785,0.0022798223968344463,0.04939837588580716
2024-09-17,0.0024964971784481164,0.000659221592363173,0.0018372755860849431,0.058749553837334
2024-09-18,0.0031857690421939174,-0.00047197739358477474,0.003657746435778693,-0.05146162387808581
2024-09-19,0.0035927250210263393,0.0020631463744639174,0.0015295786465624227,-0.010559323152922483
2024-09-20,-0.003101915134084255,-0.0012855752279519236,-0.0018163399061323316,-0.021212025904834758
2024-09-23,-0.0006376578248611824,-0.0004676410213631547,-0.00017001680349802793,0.026343889276544217
2024-09-24,-0.0014208913905376201,-0.0006104203120380677,-0.0008104710784995525,-0.08432389322566418
2024-09-25,0.0018292593677668068,0.0022783117188249925,-0.0004490523510581844,-0.06283518467713214
2024-09-26,-0.005215442317035372,-0.0008856344562260827,-0.004329807860809288,-0.07348118928540982
2024-09-27,-0.003910157811643314,8.078719226255453e-05,-0.00399094500390587,0.12786721734906933
2024-09-30,-0.0041854467175312235,-0.0024045801910859872,-0.0017808665264452354,-0.04137256021658255
2024-10-01,0.007921487048866983,0.0023657072750947025,0.005555779773772279,-0.008545542987458545
2024-10-02,-0.0026029248542057504,-0.001325033529657711,-0.001277891324548039,-0.04648852632801593
2024-10-03,-0.0005367187768045081,0.0005597808846474596,-0.0010964996614519678,-0.05749665031249663
2024-10-04,-0.002687639458809861,-0.0015947837549427312,-0.0010928557038671297,-0.15864760798157032
2024-10-07,-0.003329799283862532,-0.0018421156862146338,-0.0014876835976478991,0.007783262925524349
2024-10-08,-0.009479569792625799,-0.003186176575313898,-0.006293393217311902,-0.17821028727712332
2024-10-09,0.0004826874694761529,5.068595997574903e-05,0.0004320015095004041,0.14731601594717503
2024-10-10,-0.012095498500682839,-0.0029802552897376976,-0.00911524321094514,0.06890555754213032
2024-10-11,0.00988349395255976,0.0030006290978045313,0.006882864854755229,0.008222965731419094
2024-10-14,0.004714096807910312,0.0012009789738113598,0.003513117834098951,0.06707972143340356
2024-10-15,0.0004879550238550115,-0.0004685754899228173,0.0009565305137778299,0.1157962534997917
2024-10-16,0.004495771737720632,0.0008332236484616604,0.003662548089258977,-0.18027821110578068
2024-10-17,0.008269096878258882,0.003574022600849139,0.004695074277409743,0.014869943476216637
2024-10-18,-0.009790031833885056,-0.0019207634905961963,-0.007869268343288861,0.039578679093973466
2024-10-21,0.0009406368771520965,-0.0005833781644823523,0.0015240150416344497,-0.12650693984826028
2024-10-22,0.0021594840229905484,0.0010940021024538852,0.0010654819205366637,0.07655737322161947
2024-10-23,-0.006676241086238461,-0.0021421844868051865,-0.004534056599433277,-0.13997596152309907
2024-10-24,0.004516247816086848,0.002790630678386418,0.0017256171377004323,0.09894576299315441
2024-10-25,-0.007503784853713353,-0.0033672067624904898,-0.004136578091222862,0.1443419185947471
2024-10-28,0.006296186404716789,0.0018172950441479804,0.004478891360568808,-0.07992440343985666
2024-10-29,0.008052448215892342,0.003009549631176352,0.005042898584715992,-0.13831223984806987
2024-10-30,-0.004758013570086671,-0.0003090996057210395,-0.004448913964365628,-0.04407807258512835
2024-10-31,-0.008370574842320556,-0.003041148496678003,-0.005329426345642553,-0.026232707085561108
2024-11-01,-0.002690981220677047,-0.0015298193255577196,-0.0011611618951193276,0.059575220184348535
2024-11-04,-0.0014637987176801758,-0.001132640441671398,-0.00033115827600877727,0.022023604265702112
2024-11-05,0.003859858508372423,0.001389575673487107,0.002470282834885318,-0.07017977991937988
2024-11-06,0.0014507388015930758,0.001691533796748813,-0.00024079499515573723,0.18071964439930083
2024-11-07,-0.004495133240879906,-0.0026367934807213687,-0.0018583397601585378,0.1756649272284865
2024-11-08,0.011888413123563295,0.003460575235806399,0.008427837887756893,-0.020406317122050443
2024-11-11,0.011397213691678294,0.00287663192758072,0.008520581764097574,-0.07620015323038984
2024-11-12,-0.001162707285710363,-2.808482727078795e-05,-0.0011346224584395748,0.11838964495054768
2024-11-13,-0.003951925884001241,-0.0012974861642148054,-0.002654439719786437,0.02655474913520155
2024-11-14,0.007199184080940321,0.0018115648438643455,0.005387619237075976,-0.061771282324313836
2024-11-15,0.0015786453458446568,0.0004168395636539547,0.0011618057821907004,0.0390582255630799
2024-11-18,-0.003311348652125517,-0.00039693616903972023,-0.002914412483085797,-0.1462765194134685
2024-11-19,0.0020419620948761517,0.0015758232801069303,0.00046613881476922133,0.06768636788140507
2024-11-20,-0.00810683343758914,-0.003176653848919579,-0.004930179588669561,0.11277176538647041
2024-11-21,0.004214976963809304,0.001508003060448404,0.0027069739033608996,-0.0017067081191289764
2024-11-22,0.006337185086757341,0.001955534689733641,0.0043816503970236995,0.07797513828768896
2024-11-25,-0.00010021338752795833,-0.00014274693028371293,4.2533542755754275e-05,-0.10627498806829402
2024-11-26,0.005321285706159503,0.0019486868804907895,0.003372598825668715,-0.09004583365574031
2024-11-27,-0.006492973120479572,-0.0033915687316187215,-0.0031014043888608483,-0.11206183526263774
2024-11-28,-0.005764158070487923,-0.0023594803535739667,-0.0034046777169139558,-0.0408538111301292
2024-11-29,-0.007402191750805101,-0.0022136668692820383,-0.005188524881523063,-0.14905692189775208
2024-12-02,-0.002654023106477127,-0.0018546280509505065,-0.0007993950555266211,0.08626102560035627
2024-12-03,-0.012983394828613985,-0.005148033211516263,-0.00783536161709772,-0.03275180969183218
2024-12-04,0.00722991690674071,0.003006629438978203,0.004223287467762507,0.165172027076187
2024-12-05,-0.0024816756932668086,-0.0025730257999937393,9.13501067269307e-05,0.17788350322553054
2024-12-06,0.012762360966500306,0.004880139753408296,0.007882221213092008,0.07720415293231775
2024-12-09,0.01326901737260116,0.005464320984219134,0.0078046963883820234,0.05346099064830248
2024-12-10,0.005583337736552261,0.001593499664635345,0.003989838071916916,0.038230140274552675
2024-12-11,0.003488401430750092,0.001253876699235241,0.0022345247315148503,0.017059069172280616
2024-12-12,0.0024972343470354903,0.0003897982471027456,0.002107436099932745,-0.03319886720403022
2024-12-13,0.0010736583266956802,0.0002455490973904406,0.0008281092293052402,-0.0006371811579457579
2024-12-16,-0.0022325008987977343,0.00021720598695860842,-0.0024497068857563444,-0.11654627044144024
2024-12-17,-7.416630104658867e-05,-0.0024063185328522044,0.002332152231805617,-0.049610774020767454
2024-12-18,-0.007649334354807048,-0.004435548639940685,-0.0032137857148663634,0.08262466374102491
2024-12-19,-0.003678679496491599,-0.0030128956528027223,-0.0006657838436888767,0.10056828874067965
2024-12-20,0.00653082107743187,0.003334277873231705,0.003196543204200165,0.0168520110781696
2024-12-23,0.007469103166530336,0.0031935792526100936,0.004275523913920241,-0.11002419219947836
2024-12-24,0.0013525669924796787,0.00031070035003956734,0.001041866642440114,0.015632115254466568
2024-12-25,-0.007117033335030004,-0.0017642962100392241,-0.005352737124990781,0.024066387498921638
2024-12-26,0.0010638179408055575,0.0007194630523640472,0.00034435488844151117,0.09002336053653696
2024-12-27,0.0016318790413477505,0.001576005783376435,5.587325797131587e-05,-0.009661548240471041
2024-12-30,0.0053407445285523995,0.002726969239577385,0.0026137752889750137,0.08490843252739148
2024-12-31,-0.0005920414343462803,0.0009988843957293297,-0.001590925830075609,0.021107000914224454
2025-01-01,0.0050458207678070665,0.0017726336109907988,0.003273187156816268,-0.020368777887341195
2025-01-02,0.0012031854425235198,0.0002310022190390561,0.000972183223484464,-0.0008867874272356558
2025-01-03,-0.0013470801335389439,-0.000961765882259419,-0.00038531425127952523,0.021074958138020905
2025-01-06,-3.982934347867672e-05,0.0007845504836656043,-0.000824379827144282,-0.010657340815218882
2025-01-07,0.0015628288686057115,0.0015349448227350744,2.7884045870636004e-05,-0.09155212112791168
2025-01-08,-0.0006744795674790206,0.000632190621692362,-0.0013066701891713828,-0.028878103777974767
2025-01-09,-0.006047001111275917,-0.003530415579710431,-0.002516585531565485,-0.031598334960517026
2025-01-10,-0.0017033308798191824,-0.00083532308742266,-0.0008680077923965239,0.10134645860818453
2025-01-13,-0.002594797053293971,-0.0028649456315988954,0.0002701485783049261,-0.17582151580462455
2025-01-14,0.008522862271083013,0.002190294362036556,0.00633256790904646,0.07866973051056099
2025-01-15,-0.010715555432398244,-0.004589572168929189,-0.0061259832634690545,-0.036719101545961016
2025-01-16,0.005095439916632759,0.0027093934133370356,0.002386046503295724,-0.08466540535704745
2025-01-17,-0.0024144511930512926,0.00016885202006576214,-0.002583303213117054,0.0670669677583582
2025-01-20,-0.005513175847740309,-0.003615439273827921,-0.0018977365739123878,-0.07983153174071485
2025-01-21,0.003963295288219718,0.002868135599267751,0.0010951596889519667,0.007856131320328337
2025-01-22,-0.004816179697038074,-0.002747022940462078,-0.0020691567565759967,0.15418554823763586
2025-01-23,0.000506886646413516,0.0003913482625366332,0.00011553838387688394,-0.002277852429803152
2025-01-24,0.01032733516844224,0.004491997227526053,0.0058353379409161864,0.06165394200262367
2025-01-27,-0.00014582971503241033,-0.0004236735449274999,0.0002778438298950902,-0.03495336232335891
2025-01-28,0.0037932548492362974,0.0010215699658860152,0.0027716848833502818,-0.06608092242546938
2025-01-29,-0.0021870938210260503,-0.0011422980671957003,-0.00104479575383035,0.03701982198629621
2025-01-30,-0.004215568672626596,-0.004243412143355902,2.7843470729305847e-05,-0.019584921263705573
2025-01-31,0.0024403468273480437,-0.00032454509802976733,0.0027648919253778076,
2025-02-03,-0.0015330053693788767,-0.0027289072884820118,0.001195901919103133,
