,ls_ret,long_excess_ret,short_excess_ret,ic
2017-01-02,0.009305884462053878,0.0020089612897318133,0.007296923172322065,-0.04601457030014646
2017-01-03,-0.004742524180272198,-0.0003942591715322284,-0.004348265008739969,0.01796920894661009
2017-01-04,-0.0023957465863030957,-0.0013959401777032788,-0.000999806408599817,-0.11603091067140797
2017-01-05,0.0008934913653233943,0.0003816102340856364,0.0005118811312377573,-0.201233305642286
2017-01-06,-0.008920806826214623,-0.008527352083011322,-0.00039345474320331975,-0.1929663079048408
2017-01-09,-0.011668555563508666,-0.003555785116799529,-0.008112770446709135,-0.05060571245704624
2017-01-10,-0.010435464803210216,-0.0038799423629019836,-0.006555522440308232,-0.06899800096203605
2017-01-11,-0.0025311249370231167,0.0002942903925535036,-0.00282541532957662,0.07660977195749086
2017-01-12,-0.0037091337318416167,-0.002696904060898093,-0.0010122296709435227,0.10787674500227054
2017-01-13,0.004007637884400214,0.002343381090765653,0.001664256793634562,-0.07866119235649158
2017-01-16,0.005327701015459048,0.0023662042884300015,0.0029614967270290464,0.25117878911938846
2017-01-17,-0.004142049767916563,-0.0006219066364444735,-0.003520143131472089,-0.09938289670890703
2017-01-18,0.016355464614651358,0.009434795806939254,0.006920668807712103,-0.16183544616129986
2017-01-19,-0.004844598014720853,-0.0023382488428957122,-0.0025063491718251407,0.18048353568625078
2017-01-20,-0.009275560129524787,-0.0023795501628544775,-0.00689600996667031,0.05819661811972368
2017-01-23,0.00962845345755603,0.004626703783129318,0.005001749674426712,0.10483076306586928
2017-01-24,0.0029211195179967846,0.0013177421208745215,0.0016033773971222635,0.07914421383385402
2017-01-25,0.004858626556525227,0.0012360591943790912,0.0036225673621461366,-0.11380187159771396
2017-01-26,0.004461957253131162,0.0011166062921501704,0.0033453509609809922,0.011455546968342523
2017-01-27,-0.005261453871496909,-0.0006198938377148583,-0.004641560033782052,-0.05421848323117469
2017-01-30,0.0006372784690798708,0.0012077463738376613,-0.0005704679047577911,-0.017260088876206222
2017-01-31,-0.0027461320426370134,-0.001727900035370477,-0.0010182320072665363,0.17903956431991527
2017-02-01,-0.0007766702495740484,-0.0005144156051173207,-0.0002622546444567284,-0.03776973686324589
2017-02-02,0.011192401609887605,0.0030261567425757443,0.008166244867311857,0.09976888726153287
2017-02-03,-0.001794031545449445,0.00017858802050160077,-0.0019726195659510483,0.09547377250153403
2017-02-06,0.004700921349767781,0.0024474400129865835,0.0022534813367811983,-0.014252731075545172
2017-02-07,0.004994480647478251,0.004075011639469484,0.0009194690080087681,0.08540648231497619
2017-02-08,-0.0007416808488894771,-0.00030402986950897257,-0.0004376509793805033,-0.03677538381845262
2017-02-09,0.004112831970077513,0.0005402816929964823,0.0035725502770810307,0.17251713242164576
2017-02-10,-0.0016918779548434995,0.00015604074344982566,-0.0018479186982933282,0.16309162974808017
2017-02-13,0.007852834918467732,0.003098519593311557,0.004754315325156176,0.02140179098656903
2017-02-14,0.0071660113483543566,0.002108759850873307,0.00505725149748105,-0.10779999496442445
2017-02-15,0.0010212156996750928,-1.7954089142601867e-05,0.0010391697888176947,-0.05350304995527277
2017-02-16,-0.004080289711019034,-0.0010247008954407076,-0.0030555888155783285,-0.018131405812443158
2017-02-17,-0.0021305909101433486,0.0010178162343217403,-0.003148407144465088,-0.02995806053393366
2017-02-20,-0.0007997289751925158,-8.733256034315628e-07,-0.0007988556495890846,-0.14674077845313532
2017-02-21,-0.0013845373178134807,5.6584079061524836e-05,-0.0014411213968750052,-0.05107939196375545
2017-02-22,-0.006962674536505753,-0.0020672198844201286,-0.0048954546520856256,0.09391100345450934
2017-02-23,-0.002518897725723974,-9.687409878796766e-05,-0.0024220236269360054,-0.06624192954921898
2017-02-24,0.005136500375911613,0.001356980866896452,0.003779519509015161,0.023396815255223632
2017-02-27,-0.003146305528473825,-0.001060070972124772,-0.002086234556349052,-0.03554041581752805
2017-02-28,0.0012728663613512277,0.0011838138601947268,8.905250115650177e-05,0.006155809777902043
2017-03-01,-0.0017713782188479882,-0.0012091744204207337,-0.0005622037984272543,-0.1254926795654727
2017-03-02,0.0002059717488224655,-0.0004758092227912726,0.0006817809716137379,0.1955440955522915
2017-03-03,-0.006528965736115594,-0.0011778332102957388,-0.005351132525819858,-0.1103237793305175
2017-03-06,0.010962042784969091,0.004384642391460891,0.006577400393508203,-0.002183716176455397
2017-03-07,-0.00476669110425707,-0.0007501196464251396,-0.00401657145783193,0.15728931536984062
2017-03-08,-3.1190007358944676e-05,0.00026145528358464856,-0.0002926452909435929,-0.0657379102268933
2017-03-09,0.008275817410442893,0.0033534381804118905,0.004922379230031003,0.06639850112731384
2017-03-10,-0.0033261754825833086,-0.0015392775847707946,-0.0017868978978125161,-0.025036682275886495
2017-03-13,0.0031107252153434535,0.001519010724857078,0.001591714490486376,0.176144366121002
2017-03-14,-0.0012292912494752265,-0.0005143414912351426,-0.0007149497582400847,0.02307973952255927
2017-03-15,0.008868124046324175,0.001403321103362238,0.007464802942961941,0.18282184354287406
2017-03-16,0.0010166875877527925,-0.0008596951699987548,0.001876382757751548,-0.03567002527459438
2017-03-17,0.009349523247155815,0.0024936134926176797,0.006855909754538132,-0.12310873774276303
2017-03-20,-0.0017707053287017785,-0.0006624049833577179,-0.0011083003453440606,-0.022625760304013663
2017-03-21,-0.005231388231950575,-0.0018516171852886436,-0.003379771046661933,-0.013867358982650459
2017-03-22,-0.0010937677649814925,-0.0005368185986499166,-0.000556949166331575,0.01674258217323731
2017-03-23,-0.0006109630624590273,0.0002654391867144921,-0.0008764022491735204,0.17768002355362048
2017-03-24,0.0007983985901550876,0.000997358747325058,-0.0001989601571699695,0.07841275274631268
2017-03-27,0.009683952722481258,0.004786711344148539,0.0048972413783327185,-0.060642719245184586
2017-03-28,0.0042638236962487495,0.0005283273243603913,0.0037354963718883583,0.08799047042006558
2017-03-29,-0.002890084516771519,-0.0016193191086541078,-0.001270765408117412,0.06856690613439985
2017-03-30,0.00399308902766616,0.0033274675833647243,0.0006656214443014358,0.004329602831600006
2017-03-31,0.003702508035027139,-0.0008381376189015993,0.00454064565392874,-0.076324065661064
2017-04-03,0.00016248409655273197,-0.0001390508386769233,0.00030153493522965544,-0.0374313747681987
2017-04-04,-0.0035509966977773895,-0.002726427348932676,-0.000824569348844716,0.012745665072910618
2017-04-05,-0.0018428163584644388,-0.0002073507188706629,-0.0016354656395937764,-0.03375440594344349
2017-04-06,0.0006940832553032042,0.0017600768962784015,-0.0010659936409751995,0.05543696653893111
2017-04-07,-0.0013163237353085977,0.0006535911788494711,-0.0019699149141580692,-0.07900394973524728
2017-04-10,0.002439706217229669,0.0004634404459386088,0.00197626577129106,0.05647314620469306
2017-04-11,-0.00284606057391435,-0.00019369239007070976,-0.0026523681838436395,-0.06024551928296968
2017-04-12,0.0025701168513925063,0.0020885708355936885,0.0004815460157988191,-0.1183581862943156
2017-04-13,-0.00276469128041309,-0.0026752030644862845,-8.94882159268055e-05,-0.033964590548658656
2017-04-14,-0.007634828330705034,-0.0057312837793533945,-0.0019035445513516415,0.009691403601217664
2017-04-17,-0.0014996114402775268,0.001149441708844184,-0.0026490531491217117,0.06836830341199143
2017-04-18,0.0006690448477907062,0.001868024328790303,-0.0011989794809995962,-0.04831289386310766
2017-04-19,0.0033855311166116186,0.0005563259808041704,0.00282920513580745,0.006747559899451797
2017-04-20,-0.0024690709541298423,-0.0017269669677420314,-0.0007421039863878117,-0.04178633236819287
2017-04-21,0.0003683984865001141,0.000894709522457543,-0.0005263110359574278,0.1629848852483236
2017-04-24,-0.0019743891447052153,-0.0008937442516797171,-0.0010806448930254968,-0.0001837857090338367
2017-04-25,0.007040542650904549,0.0035478586952204004,0.003492683955684149,-0.05407257984642599
2017-04-26,-4.434419642545471e-05,-0.0006098396378107409,0.0005654954413852852,-0.16398080065948098
2017-04-27,-0.0026731804601352106,-0.0010333860764487881,-0.0016397943836864235,0.03425925289934904
2017-04-28,-0.00907747431617089,-0.0028595681444097522,-0.006217906171761138,0.12137588188354913
2017-05-01,0.0019245293757280818,0.0004519916365394866,0.001472537739188596,-0.03870115387914743
2017-05-02,0.006623678954734561,0.0027460487917934364,0.003877630162941124,-0.05131623126327496
2017-05-03,-0.0020310706191264912,-0.0016354355776785926,-0.00039563504144789815,-0.1379926255719205
2017-05-04,-0.0036901204793092935,-0.0048413258944236745,0.0011512054151143897,-0.10019899237594221
2017-05-05,-0.00838368613799278,-0.002014388616755227,-0.006369297521237554,0.06829913078526269
2017-05-08,-0.005064057035042339,-0.0025884177268842264,-0.0024756393081581127,0.17057389343698348
2017-05-09,0.003697714822664793,0.0016825216962136048,0.002015193126451188,0.08120199318881599
2017-05-10,0.009130779367775635,0.002932709762630537,0.006198069605145094,0.2668059084153143
2017-05-11,0.004264673895635317,0.0027476309808524757,0.0015170429147828416,-0.09436351391215278
2017-05-12,0.01608615811958064,0.005737596116650383,0.010348562002930259,0.05870971412615821
2017-05-15,-0.004232581727695965,0.001244822641871108,-0.005477404369567073,0.038915126029522726
2017-05-16,0.003154795847773584,0.001974269933935084,0.0011805259138385007,-0.005917244081063529
2017-05-17,0.001582177579661779,5.016784389673401e-05,0.0015320097357650444,-0.10273660932495311
2017-05-18,-0.00015261293227984457,0.0012572217994696096,-0.0014098347317494531,-0.06536900934200693
2017-05-19,-0.005850205209599939,-0.004097744556315888,-0.0017524606532840544,0.023396873859720113
2017-05-22,-0.003923285662223046,-0.004235902854187446,0.0003126171919643969,0.15183631066402825
2017-05-23,0.0013270605282326813,0.002312780708619797,-0.0009857201803871157,0.1829044897519815
2017-05-24,0.006552895343480832,0.002521078647391654,0.004031816696089177,0.07877243900542553
2017-05-25,0.006919954437886749,0.004389638124096085,0.002530316313790663,-0.0845326447494939
2017-05-26,0.0034397998391661275,0.0025312524648774086,0.0009085473742887207,-0.022980792016994697
2017-05-29,-0.003606203012531163,-0.002831264097727883,-0.0007749389148032793,-0.05190878994832229
2017-05-30,-0.0007265276478651268,0.0010875039779369346,-0.0018140316258020619,0.14022005897118733
2017-05-31,-0.0020368895330033425,-0.0002000230793384346,-0.0018368664536649079,0.07079184844046785
2017-06-01,0.006526378155514016,0.0011693584426139118,0.005357019712900103,0.05115465717033968
2017-06-02,0.0037618838018308523,0.0007864460925528123,0.0029754377092780383,-0.05978097219910205
2017-06-05,0.0021250438167904127,0.0015932495797280127,0.0005317942370623996,-0.055040021103104436
2017-06-06,-0.0025405602354637347,-0.001982947983157162,-0.0005576122523065722,0.1037889722246521
2017-06-07,-0.002243749647919315,-0.0004087380972559334,-0.0018350115506633815,-0.013995187452544165
2017-06-08,0.004459649262444491,0.0020121038367397113,0.0024475454257047793,0.21592598381895728
2017-06-09,-0.0007510770614484127,5.8208966731920775e-05,-0.0008092860281803324,0.08808740310568103
2017-06-12,0.010525836816974336,0.006024505339972441,0.004501331477001893,0.10150347252680786
2017-06-13,0.004292410112445684,0.0021819138229156737,0.002110496289530011,0.07528370311053288
2017-06-14,0.004607784957310092,0.002208314435288926,0.0023994705220211658,0.08624872369254766
2017-06-15,0.0032244944063326286,0.0007971711086147398,0.002427323297717887,0.15280124176456056
2017-06-16,0.0036994718112737524,0.0029356597383998397,0.0007638120728739126,0.022282105860382026
2017-06-19,0.006678363215088392,0.0036126755229986176,0.0030656876920897736,0.11916008559791261
2017-06-20,0.0010745099584194794,0.0007051806901990389,0.0003693292682204407,-0.08669061192025407
2017-06-21,0.005828687426180985,0.002532886601561282,0.0032958008246197035,-0.07115678137819026
2017-06-22,-0.0044199686094939915,-0.001219787853771987,-0.0032001807557220045,-0.10142962503751973
2017-06-23,-0.003341467852895841,-0.0004164345434482241,-0.002925033309447617,0.09564056018961625
2017-06-26,-0.00547266973208794,-0.00242572922857328,-0.0030469405035146607,0.046760571748887154
2017-06-27,0.0050841767665515914,0.0031948922746594015,0.001889284491892189,-0.0888174263705737
2017-06-28,0.0024210442195791134,7.0046258884648785e-06,0.0024140395936906485,-0.20009323482233868
2017-06-29,-0.006053564582396264,-0.0037242156000327938,-0.0023293489823634737,0.1994966550067466
2017-06-30,-0.010889198888444447,-0.004061233250897215,-0.00682796563754723,-0.019924034505416816
2017-07-03,0.011341357867674241,0.0037776818361760383,0.007563676031498203,-0.013769090127039599
2017-07-04,-0.0008898390637974644,0.00026452885903913625,-0.0011543679228366004,0.11800421847025062
2017-07-05,-0.0006394794029858942,0.0004023753307901649,-0.0010418547337760597,-0.07259386883675628
2017-07-06,0.006694350625106288,0.001970425290270304,0.004723925334835983,-0.026236953156498283
2017-07-07,-0.003438625041317647,-0.0016399648906594694,-0.001798660150658177,0.12225966669822425
2017-07-10,-0.0012395510936249563,0.0010735461755585433,-0.0023130972691835,-0.038165425353260264
2017-07-11,0.0054112230166765835,0.0013037455621985705,0.004107477454478014,-0.06514397009712249
2017-07-12,-0.0017663654075918821,-0.0019724644140178237,0.0002060990064259424,0.06988045948087647
2017-07-13,-0.0032549557661354245,-0.0026507803952232085,-0.0006041753709122178,-0.03457694287850344
2017-07-14,0.003418034424589584,0.0017519598566383455,0.0016660745679512386,-0.0427965323245107
2017-07-17,-0.002563651052110559,-0.0019328690673559405,-0.0006307819847546185,-0.08034204092418461
2017-07-18,-0.003200471701480555,-0.001665423169584672,-0.0015350485318958787,-0.041180726869128964
2017-07-19,-0.005473293428113394,-0.002086036981772182,-0.0033872564463412113,-0.01556480786584062
2017-07-20,-0.0028021622915526284,-0.002058415609585365,-0.0007437466819672648,0.11507638973498066
2017-07-21,-0.001288045356176765,-0.004696217496548853,0.00340817214037209,0.18900904973191407
2017-07-24,0.0073239692746343964,0.005842262357289705,0.0014817069173446913,0.1483035005939729
2017-07-25,0.009979800525602694,0.00624991536283016,0.0037298851627725303,0.08429631506629849
2017-07-26,0.010133071051195753,0.0016242105189211813,0.008508860532274572,0.06029484182371756
2017-07-27,0.004354001266774068,0.005758668676837244,-0.0014046674100631797,0.08264409296314755
2017-07-28,0.002669868631442642,0.0007356698488018465,0.001934198782640795,0.10787979083245762
2017-07-31,0.0036175672739921514,0.0019382858035461173,0.001679281470446034,0.12896332126083326
2017-08-01,0.004833485294230363,0.004989354540078754,-0.0001558692458483897,0.06778194190415174
2017-08-02,0.005687562891131023,0.002160206045556794,0.0035273568455742293,0.04470474374154443
2017-08-03,0.0036208416115105376,0.004409389203434252,-0.000788547591923712,-0.0699074739478614
2017-08-04,0.0027645606154597666,0.002680031228704938,8.45293867548294e-05,0.02093661673203062
2017-08-07,-0.003969988942133744,-0.0019817099818853095,-0.001988278960248434,0.0014049501087108718
2017-08-08,0.0013547837681574858,0.002637818607129267,-0.0012830348389717867,-0.060071743731779606
2017-08-09,-3.0876097424355035e-07,-0.0007370253343714755,0.0007367165733972317,0.14666610021983303
2017-08-10,-0.0034061916557489727,-0.000755386122609919,-0.0026508055331390563,0.004035977347132692
2017-08-11,0.007491712605067477,0.0053029634432534035,0.0021887491618140745,0.09839247552535021
2017-08-14,0.00017483711471540108,-0.0006395470274111921,0.0008143841421265931,-0.01342961301314955
2017-08-15,0.0049849422446202815,0.003026982366801762,0.0019579598778185197,-0.05010407030664886
2017-08-16,-0.0006642965597678642,0.0013406081494688332,-0.002004904709236699,0.12444600491808214
2017-08-17,-0.0023814577653431513,0.0012731341639862642,-0.0036545919293294177,0.10338483192807062
2017-08-18,0.006258510738729108,0.0011726298431513375,0.005085880895577772,-0.11102079823413097
2017-08-21,0.005198579900209094,0.0022181399044356627,0.002980439995773432,-0.03033904708230193
2017-08-22,-0.0063329869426374495,-0.0038707229724631352,-0.0024622639701743156,0.024107622457429676
2017-08-23,-0.001735676517591763,-0.0019038307978813448,0.00016815428028958224,0.012706356605673475
2017-08-24,0.0012415127090601493,0.000364046671932967,0.0008774660371271832,0.08904690475343426
2017-08-25,0.000680389657824503,0.0006554961549816007,2.489350284290209e-05,0.011991877749020668
2017-08-28,0.004807696296813111,0.0015480690447709994,0.003259627252042112,0.016221059784525343
2017-08-29,0.0004980832383266541,-0.0010045241981417583,0.001502607436468413,-0.17489199262438276
2017-08-30,0.0016774240005757602,-0.001925365884777229,0.0036027898853529874,-0.11134885004487938
2017-08-31,-0.011748853033718797,-0.0029332808908917145,-0.008815572142827084,0.11575042282455762
2017-09-01,-0.0063139294921109364,-0.002482697183697327,-0.0038312323084136075,0.14059687880114263
2017-09-04,0.007288254387537541,0.0011674232459965425,0.006120831141540995,-0.08405781302470021
2017-09-05,0.006705802495176887,0.0037757392655212024,0.002930063229655685,0.027716883212286034
2017-09-06,-0.005162214436716439,-0.0016485826798981942,-0.0035136317568182467,0.014601762557922627
2017-09-07,0.0016643228919135747,0.000716106509071222,0.0009482163828423533,0.07236397052246145
2017-09-08,0.0008065963493705113,-0.0007376183681046585,0.00154421471747517,-0.0026872019324871875
2017-09-11,0.00420783517905449,0.0018813445551333031,0.002326490623921186,0.15323378462326429
2017-09-12,-0.00020996067779339186,0.00026952159679353256,-0.00047948227458692464,0.03528176536898539
2017-09-13,0.010375519047886398,0.004878581867443985,0.005496937180442413,0.004393762602592534
2017-09-14,0.0017730445970995426,0.0015188786534005181,0.00025416594369902495,0.07940230227555996
2017-09-15,0.0002886259688796596,0.000469164794534788,-0.00018053882565512852,-0.11932393292728484
2017-09-18,0.004027114992255195,0.0001158430494133222,0.003911271942841872,0.09471086816656418
2017-09-19,-0.008399814218441033,-0.004634889211737711,-0.0037649250067033225,-0.013957463419276539
2017-09-20,0.006073771206716006,0.0015025205896511823,0.004571250617064825,0.11147957219921167
2017-09-21,-0.0010985030072329623,-0.00035241330642975417,-0.0007460897008032055,-0.018544747191679627
2017-09-22,0.005981382402078238,0.004280368243192964,0.0017010141588852752,0.10850441033908244
2017-09-25,-0.0012834567794401163,-0.0032039215614637524,0.001920464782023637,-0.0859731744183417
2017-09-26,0.0072116194575441005,0.0004286230780016099,0.006782996379542492,0.06708335324588538
2017-09-27,-0.004437922237335265,-9.966824287450937e-07,-0.004436925554906518,-0.09346212680642269
2017-09-28,0.003971936988538484,0.002525230179505106,0.0014467068090333783,0.10296230306669721
2017-09-29,-0.005749206103016316,-0.005036264170818684,-0.0007129419321976298,-0.004289114999935319
2017-10-02,0.0063410482359716365,0.002842108911215172,0.003498939324756465,0.0742834910842738
2017-10-03,-0.00019511469350873408,0.0008257419919685412,-0.0010208566854772749,-0.0013898111087747938
2017-10-04,0.0038822022391990884,0.00320411439191896,0.0006780878472801271,-0.10632785773502329
2017-10-05,-0.00011227485713924553,-0.0005186855363951848,0.00040641067925593867,0.09744751366279869
2017-10-06,-0.004836573904991476,-2.1359721291757533e-05,-0.004815214183699717,0.028592535120237884
2017-10-09,0.004524076740027072,0.0032712348911162065,0.0012528418489108671,0.02148015397841364
2017-10-10,0.001181687631743475,0.000530018783048789,0.000651668848694686,0.07143395261740668
2017-10-11,0.0010491293708215273,0.00044623316777585905,0.00060289620304567,-0.06923301808921178
2017-10-12,0.0038578210759130146,-6.3797139842752815e-06,0.00386420078989729,-0.04066689952349179
2017-10-13,-0.0038259170907760133,-0.002065111045115123,-0.001760806045660891,0.07681294118720726
2017-10-16,-0.0018680240980404926,0.0007778682081888109,-0.0026458923062293044,-0.066765022481457
2017-10-17,0.00432108761521637,0.0022758219358935813,0.0020452656793227882,0.0005011079243366861
2017-10-18,-0.0030636445575848896,-0.0016939294434891532,-0.0013697151140957364,0.10960925874913766
2017-10-19,0.00011359515501606777,0.0010582265652515476,-0.0009446314102354806,-0.06286888919137418
2017-10-20,0.005581975191795951,0.0035496996085056572,0.002032275583290293,0.01496688668419843
2017-10-23,-0.0031297223042744265,-0.00084447399943589,-0.0022852483048385374,-0.13560753334068873
2017-10-24,0.0006839177926220488,-0.0006129782433484682,0.001296896035970517,-0.043320346234144436
2017-10-25,-0.006664859132636722,-0.0037054931400552008,-0.0029593659925815207,-0.08586379011505683
2017-10-26,-0.0022566782895638753,-0.0004967500029178055,-0.0017599282866460706,0.06164123671059217
2017-10-27,-0.00577731770770565,-0.003637385262870406,-0.0021399324448352457,0.017054068270451774
2017-10-30,0.003467374542447426,0.0013428822209937928,0.002124492321453633,-0.16371151711942178
2017-10-31,0.001375377773543771,-0.0004238153550983059,0.0017991931286420737,0.07370166120269198
2017-11-01,-0.009154251118423756,-0.0023645369720919004,-0.006789714146331855,0.14400351447815488
2017-11-02,0.004238470394032612,0.0010297738529360095,0.0032086965410966038,-0.0774925574711783
2017-11-03,0.00852907330524863,0.002791968323381893,0.005737104981866736,-0.011272184409010039
2017-11-06,-0.0036282856359160036,0.00010036722380391688,-0.0037286528597199227,-0.017734329132838365
2017-11-07,-0.0005490634556472565,-9.610616262825276e-05,-0.0004529572930190035,-0.15987660557087588
2017-11-08,-0.0007611367466002906,0.0001642346474179301,-0.0009253713940182212,0.06936658871300454
2017-11-09,-0.008383700319312149,-0.004660675174163475,-0.003723025145148673,0.01855288219781822
2017-11-10,0.003982550162551128,0.0019902674056001615,0.001992282756950965,0.05680600058560062
2017-11-13,0.0008551930928060517,0.000460960974601919,0.0003942321182041344,0.0034152965098188737
2017-11-14,0.003095504556351363,-4.57060955199283e-05,0.0031412106518712915,0.05269773781544167
2017-11-15,0.00012053195565565086,-0.0005410175817575401,0.0006615495374131912,-0.102370174702319
2017-11-16,0.0036012264402332118,0.0003274775750126621,0.003273748865220548,-0.09920710405528273
2017-11-17,-0.007498303536757567,-0.008924940668716838,0.0014266371319592713,0.02457645826737294
2017-11-20,-0.006589733916265599,-0.000518784025280045,-0.0060709498909855535,0.04665763533850748
2017-11-21,0.0019892589248259145,0.00022266298926536948,0.001766595935560545,0.009873406968102254
2017-11-22,0.002544944803092947,0.0025374674510931644,7.477351999782278e-06,0.1405706928083449
2017-11-23,0.0006124343661192766,0.001190082811506041,-0.0005776484453867644,0.12677308353117545
2017-11-24,0.008320550315781921,0.0037796728272728158,0.004540877488509107,0.10061072674100599
2017-11-27,0.006443625900558479,0.0026306632362009387,0.00381296266435754,-0.029937104961210034
2017-11-28,0.005609491156558963,0.0011517880432199076,0.0044577031133390555,0.005617721270695043
2017-11-29,-0.001493129709090567,0.002403741742756229,-0.003896871451846789,0.0813520877613183
2017-11-30,0.0005329881988978182,0.0016337130944820682,-0.00110072489558425,0.083838564383896
2017-12-01,0.004414113097086706,0.0031798008217634784,0.0012343122753232273,-0.06534751626526594
2017-12-04,0.005445057806109453,0.0023663901949396854,0.0030786676111697678,0.030148347197196747
2017-12-05,-0.003858977188064481,-0.00405776402796822,0.00019878683990373971,-0.011426500180312257
2017-12-06,0.0016290493423092814,0.0013558241550010982,0.0002732251873081839,0.09397436377442187
2017-12-07,-0.0006057213430407211,0.0017289560626139386,-0.0023346774056546594,-0.1342841976374995
2017-12-08,0.004725132697945226,0.0020271707727946373,0.0026979619251505877,0.005240807577953642
2017-12-11,-0.008641922068690118,-0.00468589930312046,-0.00395602276556966,0.08659194894967821
2017-12-12,0.00022870093524996913,0.001458677144728731,-0.0012299762094787649,-0.0009860451212468583
2017-12-13,0.004714944218080369,0.0020536740687631177,0.0026612701493172524,0.05182959579263686
2017-12-14,2.674270989066964e-05,0.0011513560873980732,-0.001124613377507403,0.17623191927739945
2017-12-15,0.0027562921583275694,0.0018628046538215768,0.0008934875045059926,-0.07811760055903245
2017-12-18,0.009590279986326802,0.003786195310525669,0.005804084675801132,0.05276186862085251
2017-12-19,-0.0038424542135161357,-0.0021996877116741073,-0.001642766501842025,-0.030777532880178163
2017-12-20,0.002199362606773137,0.0012932462538063436,0.0009061163529667914,0.22426264874200302
2017-12-21,-0.002008831296716237,0.0008339693715958777,-0.0028428006683121135,0.07981540731709584
2017-12-22,0.0119738379725664,0.006209204215757529,0.005764633756808871,0.08550385050390517
2017-12-25,0.004444631198647306,0.001840671443714994,0.0026039597549323123,-0.019499677842000938
2017-12-26,0.005321380619174809,0.0013927561615543088,0.003928624457620501,0.002544635599548463
2017-12-27,-0.0011586940507829178,-0.0007718131570934664,-0.0003868808936894532,0.05362563004962725
2017-12-28,-4.4531123567894196e-05,-0.0021360696929533796,0.0020915385693854836,-0.09087712762078147
2017-12-29,0.0025629684859478047,0.0007085963317487218,0.0018543721541990834,-0.16774861554958506
2018-01-01,-0.004431475722864125,-0.001186684049656106,-0.003244791673208021,-0.020501246245459567
2018-01-02,-0.011837697494257497,-0.006307583707399197,-0.005530113786858304,-0.016912935542694928
2018-01-03,-0.0013798203492734092,-0.0015234735746734156,0.00014365322540000648,-0.09056566468960357
2018-01-04,-0.0015064109086921514,-0.004241953167885278,0.002735542259193126,-0.1272262728345097
2018-01-05,-0.0044099554760337325,-0.0009579137048375992,-0.0034520417711961307,0.09802863756644375
2018-01-08,-0.008420290847009185,-0.006534549013484697,-0.0018857418335244854,0.18240724307335396
2018-01-09,0.004820319323923191,0.0037757052079282483,0.001044614115994942,0.13355458638313822
2018-01-10,0.008644168541067636,0.0052872824604250634,0.003356886080642572,0.08006675988820038
2018-01-11,0.0071081369178551635,0.003182690792980048,0.003925446124875116,-0.1398009851512979
2018-01-12,0.003796291248372842,0.001752506663250957,0.002043784585121885,0.002867589775720835
2018-01-15,-0.006221196943956366,-0.004627026850187347,-0.0015941700937690192,-0.1097300050395235
2018-01-16,-4.6913518253991144e-05,-0.0018933162939381992,0.0018464027756842083,0.03528342477526099
2018-01-17,-0.005713861414885885,-0.0038140224346925114,-0.0018998389801933753,0.05787137812271532
2018-01-18,0.002034149338450134,0.0013886402063075015,0.0006455091321426317,-0.06873199975152915
2018-01-19,0.002718481623636835,0.0022495713746982903,0.0004689102489385463,0.15250233460452586
2018-01-22,-0.003511096673991933,-0.0018212920336391838,-0.0016898046403527496,0.11694760581172625
2018-01-23,0.00702436379274377,0.004866063748403685,0.0021583000443400856,0.0366492826987526
2018-01-24,0.0054668827147392315,0.0017661820690797754,0.003700700645659456,0.08226598277395247
2018-01-25,0.0016233702762348205,0.0023616782300554945,-0.0007383079538206723,-0.06668145915171617
2018-01-26,0.0036678801920739176,0.0016454096162217212,0.0020224705758521955,0.05689552455454076
2018-01-29,-0.0029825939922700283,-0.00201335053011633,-0.0009692434621536971,-0.09427346013423608
2018-01-30,0.0026318185790532114,0.000176597553400909,0.0024552210256523037,-0.10937354774102274
2018-01-31,-0.004551276002970277,-0.002366631036843505,-0.002184644966126772,0.061905644214412255
2018-02-01,-0.006303343351439436,-0.0012651730832000546,-0.00503817026823938,0.0619951607725501
2018-02-02,0.00278644709927052,0.002499441350950784,0.00028700574831973767,-0.04435827587527807
2018-02-05,0.0030521837812133865,0.0009804621007291608,0.0020717216804842266,0.06416367429185604
2018-02-06,-0.0021507183009075834,-0.0006387199927020211,-0.001511998308205562,0.0007266790500135553
2018-02-07,0.003390569436630714,0.0017141998817549085,0.0016763695548758055,-0.08936044834504324
2018-02-08,-8.226684393126309e-05,-0.0017301803186280593,0.0016479134746967966,0.17929281551636825
2018-02-09,-0.004210067011858505,-0.00039330689898946095,-0.0038167601128690437,0.024722208937571963
2018-02-12,0.007819972255169512,0.0043196229163454765,0.003500349338824036,0.12558577312172223
2018-02-13,0.0011308456667216275,0.0011466914624162512,-1.5845795694625214e-05,-0.11684367845864213
2018-02-14,0.006475610127873032,0.001058596201054994,0.005417013926818037,0.041159292128211844
2018-02-15,-0.0070091355226136794,-0.00428184939147842,-0.0027272861311352613,0.08319204445126763
2018-02-16,0.002132497874304801,0.0026469329545244467,-0.0005144350802196405,0.020641078936237747
2018-02-19,0.0036322985952002692,0.0036133637096730075,1.8934885527262593e-05,0.1317805010332537
2018-02-20,0.0008065123688465986,0.00016135552288711313,0.0006451568459594857,-0.013629030716138128
2018-02-21,0.004739095608217591,0.002564568294596588,0.0021745273136210014,0.03579367086264335
2018-02-22,-0.0005012481999668161,-3.215303928959983e-05,-0.00046909516067721686,-0.0417439350534071
2018-02-23,0.001311264241415912,0.0014070176131970036,-9.575337178109166e-05,0.07272622709273853
2018-02-26,-0.0021915822930277827,-0.0018276068831122455,-0.00036397540991553803,-0.07914476398374473
2018-02-27,0.00327449110562925,0.002736705037678021,0.0005377860679512299,-0.016640143673670418
2018-02-28,-0.004640285691448105,-0.004474590699825011,-0.0001656949916230971,0.1076981218420197
2018-03-01,-0.0008404705904847425,0.000251206853057781,-0.0010916774435425236,-0.1576576877554971
2018-03-02,0.005058035507004142,0.002827109684154728,0.002230925822849413,-0.05447753938549935
2018-03-05,-0.01069779404560636,-0.005211977308998222,-0.00548581673660814,0.12089583820729198
2018-03-06,-0.004089111845033587,0.00013019149116079431,-0.00421930333619438,-0.0007160384906170124
2018-03-07,0.0072825947127086715,0.003761816104676038,0.0035207786080326316,0.18346558813052913
2018-03-08,1.0731754884551938e-05,-7.287376244661734e-05,8.360551733116797e-05,0.1301165886039378
2018-03-09,0.012137996509621248,0.00486585621554743,0.00727214029407382,0.09024048936670986
2018-03-12,0.00817042697222074,0.0027390559293212387,0.005431371042899501,0.10840638474081024
2018-03-13,0.005548515083609644,0.0037030046657256337,0.0018455104178840102,-0.10202158714097338
2018-03-14,0.004694845173294235,0.003871728852102456,0.0008231163211917733,0.16949296236997444
2018-03-15,-0.0055156800900550765,-0.002393850193451518,-0.003121829896603562,-0.06804884389922719
2018-03-16,0.00755610445394246,0.0032912017481728337,0.004264902705769628,0.14500182104534265
2018-03-19,-0.004084777951259524,-0.0017281451001824903,-0.0023566328510770352,-0.050293556427707005
2018-03-20,0.00811291921064365,0.003969147583870541,0.00414377162677311,0.03110394840509742
2018-03-21,-0.002901101215347591,-0.0032370576193489955,0.0003359564040014019,0.11844404469121997
2018-03-22,0.0014731240247821652,0.0006189728346060169,0.0008541511901761483,0.021179740652971797
2018-03-23,0.005212039313115219,0.002895201704570336,0.0023168376085448833,0.15523332390685687
2018-03-26,0.0009342224617337031,0.0010693961731651188,-0.0001351737114314161,0.0754062373423646
2018-03-27,0.007400510974580273,0.005399168960413522,0.0020013420141667473,0.01196337786391902
2018-03-28,0.004341929523315665,0.0009357627566876688,0.003406166766627995,0.017074427276945626
2018-03-29,0.0006910235203988415,-9.797750918704969e-05,0.0007890010295858909,-0.03423248465678056
2018-03-30,0.0009680548725110698,0.000869844875587061,9.820999692400877e-05,-0.07188459026516412
2018-04-02,-0.0015461488991686764,-0.00026145717192723166,-0.0012846917272414447,0.019108111689190226
2018-04-03,-0.0036827199877432822,-0.002190218604578199,-0.0014925013831650828,0.037493824134275155
2018-04-04,0.0007842663214439481,-0.00012770815167508984,0.0009119744731190364,-0.009855167699178753
2018-04-05,0.0017022220456734548,-0.0006786231590931585,0.002380845204766613,0.01185901850932677
2018-04-06,-0.0004586007243350108,0.0008128662193675449,-0.001271466943702557,-0.15822895361628567
2018-04-09,0.000745277212405513,0.001580846115098792,-0.0008355689026932796,0.07782145449847577
2018-04-10,-0.009948172879690036,-0.0031281204813470524,-0.006820052398342985,0.07003431502637929
2018-04-11,0.005289979089310563,0.0013495215156119145,0.00394045757369865,-0.1047520565214131
2018-04-12,0.0045960779045654855,0.0019234527443831792,0.002672625160182303,0.046732579734970504
2018-04-13,-0.006157778249072422,-0.004107133897781766,-0.0020506443512906553,0.16772202299229416
2018-04-16,0.0024377715369629472,0.0004287396558664098,0.002009031881096537,-0.09660340002711447
2018-04-17,0.010136073511282187,0.005259457507005849,0.00487661600427633,-0.003966185789972756
2018-04-18,-0.00609212849075662,-0.0032521046535670525,-0.0028400238371895665,0.1356622740869266
2018-04-19,-0.00023393717555921862,-0.00017412039074311998,-5.981678481609999e-05,0.12152875791818836
2018-04-20,0.00733420064823994,0.0015778460834669147,0.005756354564773024,0.03537223741007856
2018-04-23,0.006715436919599083,0.0019757556980524553,0.004739681221546631,-0.028971632657547503
2018-04-24,0.0018160539481001502,0.0001669086534632231,0.001649145294636928,-0.00031315317015772286
2018-04-25,-0.0012304523775589524,-0.00011819297175352794,-0.0011122594058054214,0.11774632157831023
2018-04-26,-4.005190600433811e-05,-0.00010613107068187591,6.607916467753737e-05,0.1443810785691039
2018-04-27,0.006262695347677861,0.0014489334565888565,0.004813761891089003,-0.06137132892291352
2018-04-30,0.007628555439792793,0.002991511094153812,0.004637044345638983,0.0003272954331505956
2018-05-01,-0.0031578213169675025,-0.0016382843854415232,-0.0015195369315259798,-0.008460844501036478
2018-05-02,-5.559101658395493e-06,-1.6749983482899217e-05,1.1190881824500037e-05,0.07298673571577202
2018-05-03,-0.0003778578449920196,-0.00028981154524819995,-8.804629974381792e-05,0.024191684970943293
2018-05-04,0.0031127221023654057,0.001169594599398172,0.001943127502967234,-0.01566398704481158
2018-05-07,0.0010454952413025767,0.0006925997057328284,0.0003528955355697489,-0.004787703992485326
2018-05-08,-0.0007795004489350036,-0.0003070703348230612,-0.0004724301141119415,0.19319588627096465
2018-05-09,-0.00020745049918057527,0.00031103672964369756,-0.0005184872288242727,0.03145156704798182
2018-05-10,0.008661849067128287,0.0035747800580902397,0.005087069009038047,0.0708350745477456
2018-05-11,0.0014565164280086749,0.0015600416003374584,-0.00010352517232878333,0.055764070120287154
2018-05-14,0.0030217025731308095,0.0024436640997350465,0.000578038473395763,-0.051302501467458884
2018-05-15,0.0023430951110944235,0.0003413802007504159,0.0020017149103440076,-0.04258005096634571
2018-05-16,-0.0024182704635122123,-0.0012100690748616302,-0.001208201388650583,0.13286717653310007
2018-05-17,-0.002222830879509517,-0.0001809864397139347,-0.002041844439795583,-0.05540019809358588
2018-05-18,0.006897922350867823,0.002099043614966181,0.004798878735901641,0.07979480500873701
2018-05-21,-0.0030895691796129898,-0.0028753101599897045,-0.000214259019623287,-0.08105835307141454
2018-05-22,0.0041092233325630495,0.0023933292955450524,0.0017158940370179967,0.10949110932916765
2018-05-23,-0.0047619777433108934,-0.0025373191767139266,-0.0022246585665969673,0.08616469679339647
2018-05-24,0.0072168914781536465,0.0018632094294400948,0.0053536820487135525,-0.02484476675594877
2018-05-25,0.004542377404346267,0.0031903340681670063,0.0013520433361792587,0.07483733124402157
2018-05-28,-0.0013280954147436306,-0.0005997977598003364,-0.0007282976549432933,0.005933829698801528
2018-05-29,0.003658562122037517,0.0017500670915170584,0.0019084950305204586,-0.10769429974997752
2018-05-30,0.00029954548946793186,-1.5105213874521892e-05,0.0003146507033424538,0.062344656659471885
2018-05-31,-0.005694861462381714,-0.003276124648757831,-0.002418736813623884,-0.07237143661678563
2018-06-01,0.0034602131210958067,0.0005587678723513127,0.0029014452487444945,0.18660750154270606
2018-06-04,-0.0038822874650054117,-0.0016605784850782495,-0.0022217089799271617,0.08202009839250057
2018-06-05,0.009419536644519671,0.0036704077155575304,0.005749128928962141,-0.10946024506053836
2018-06-06,0.0042541079393495496,0.0028072485567561395,0.0014468593825934103,0.2116302274454781
2018-06-07,-0.005969318473818008,-0.0035545444053618133,-0.0024147740684561953,0.07421627844288921
2018-06-08,0.01139938575870817,0.003730291291378568,0.007669094467329602,-0.03100294154295987
2018-06-11,0.0037017498817418426,0.0020326262927014742,0.0016691235890403684,-0.13499932018517116
2018-06-12,-0.0014874743578925532,-0.0006469874531482619,-0.0008404869047442896,0.0675145401028638
2018-06-13,-0.0070733788325613445,-0.003398416049607691,-0.0036749627829536532,-0.002262029721530316
2018-06-14,0.0032484055717490736,0.0001334189422710916,0.003114986629477981,0.04010128661953103
2018-06-15,-0.0003106358360656881,-0.0018961887274013779,0.0015855528913356906,-0.05273993949473057
2018-06-18,0.0021848553298006164,-0.0005966951303076722,0.002781550460108289,0.06606098569564858
2018-06-19,-0.00350255608741143,-0.0018045602959241673,-0.0016979957914872654,-0.10318814095335033
2018-06-20,0.0040100588292065085,0.00012950588867020538,0.0038805529405363057,0.05828216715483337
2018-06-21,-0.007897207140369927,-0.0043414049307890605,-0.003555802209580867,0.02194647294398008
2018-06-22,0.003063701692246115,0.0019921045738816694,0.0010715971183644438,0.16697050906067928
2018-06-25,0.0012797768805259274,0.0026700331833656755,-0.0013902563028397492,0.09079210693193318
2018-06-26,0.00763274736562756,0.0037642030727994477,0.003868544292828114,0.05933793733411941
2018-06-27,0.00413318243792161,0.0017781474178852827,0.002355035020036325,0.07122364764972822
2018-06-28,0.0028465327471995532,0.0024842447189897766,0.00036228802820977707,-0.05845471025257123
2018-06-29,0.0037503563692003646,0.001566729917485324,0.0021836264517150405,0.0760156591859674
2018-07-02,-0.002563518936604712,-0.0013210353934775196,-0.0012424835431271916,0.08131909991617789
2018-07-03,0.0048036045855566764,0.0033689219793995757,0.0014346826061570998,0.016483603202849806
2018-07-04,0.004591513564638972,0.0015596802975255796,0.003031833267113393,0.019651043295244117
2018-07-05,0.0009297639984033186,0.00021217620911553143,0.000717587789287787,0.00923695814993224
2018-07-06,0.0011193677572914908,-0.00029089438079858004,0.001410262138090073,0.1450212508120378
2018-07-09,0.0005377676364481961,0.0007339125183636747,-0.0001961448819154804,0.06931881325261884
2018-07-10,0.011493344690558523,0.003172740023587472,0.00832060466697105,0.0662858998454161
2018-07-11,0.0051335409314445715,0.0020836382835296417,0.00304990264791493,-0.0930017605183032
2018-07-12,0.004744637960042375,0.0028081487077702364,0.001936489252272138,-0.1142727545469448
2018-07-13,-0.004979386503673987,-0.0018555396388831944,-0.0031238468647907915,4.082769855652251e-05
2018-07-16,-0.007098496672419167,-0.0012877978378097836,-0.005810698834609388,0.015807111923516252
2018-07-17,-2.9632736330874668e-05,-0.0001824986951137371,0.00015286595878285722,0.0037980317709778865
2018-07-18,0.0010962786341036082,-0.0002122682386431901,0.0013085468727467957,0.04928474984188772
2018-07-19,0.00025343953362783555,-0.00046811967038646457,0.0007215592040142986,0.030948559484300954
2018-07-20,0.005145307076570066,0.0021078789402308937,0.003037428136339171,-0.07430261345238034
2018-07-23,0.0017488385960732107,-0.002999640336010183,0.004748478932083397,0.18888002065681841
2018-07-24,-0.00522554517820303,-0.001794101711955532,-0.0034314434662474948,0.27135514139085426
2018-07-25,0.01629531269286037,0.006892441217342237,0.009402871475518135,0.015194741343743802
2018-07-26,0.022351897636888295,0.01081161231800215,0.01154028531888614,0.1216478275076267
2018-07-27,0.000914430763015336,4.5392349684040406e-05,0.0008690384133312953,0.04901186564334693
2018-07-30,0.00756591638438945,0.002415603631454804,0.005150312752934649,-0.04461569462025841
2018-07-31,0.0031386262586014305,0.0014651386705111626,0.0016734875880902679,-0.020622170368738608
2018-08-01,-0.002778725529437638,-8.371464513925314e-05,-0.002695010884298385,0.057238293352156806
2018-08-02,-0.0012248094010777989,-0.0007183985563083556,-0.0005064108447694442,0.02801744838538899
2018-08-03,0.0040040560146444555,0.001323868828343986,0.0026801871863004704,0.11067468613373051
2018-08-06,0.002090081698928043,-3.994047111624977e-05,0.0021300221700442925,-0.05175264722316368
2018-08-07,0.007863058540642478,0.0032873006941925194,0.004575757846449962,0.12020939486650982
2018-08-08,-0.003745149453246684,-0.0011626693731627974,-0.0025824800800838873,0.00819880740853232
2018-08-09,0.008613474136284117,0.004633762547521934,0.003979711588762185,-0.08977365761524073
2018-08-10,0.0004729051489997727,0.0005298739021914536,-5.6968753191676685e-05,-0.0376700891792522
2018-08-13,-0.004921156936931985,-0.0005265991391408958,-0.0043945577977910835,0.013879986056749252
2018-08-14,-0.0024431239389258994,-0.000293549313877017,-0.002149574625048882,-0.07047904478960917
2018-08-15,0.0008531316133821125,-0.0003245833210304989,0.0011777149344126114,-0.06466344683570882
2018-08-16,-0.004703452822401788,-0.0020683045662119345,-0.0026351482561898527,0.10291417196100222
2018-08-17,-0.005526351137662018,-0.0010929359386793258,-0.004433415198982691,0.096956327801176
2018-08-20,0.007282855490259675,0.0024439764291700446,0.0048388790610896315,0.07485294988855618
2018-08-21,0.0070664378167326096,0.00374201147355832,0.0033244263431742894,0.09702614493829458
2018-08-22,0.005365473909007071,0.0013468303188805437,0.00401864359012653,-0.02166822789475847
2018-08-23,0.006555452170861425,0.0018096090145172444,0.004745843156344179,-0.04227086818702023
2018-08-24,-0.001368001925510148,-0.0006030794927413376,-0.0007649224327688107,0.033876507153642876
2018-08-27,-0.0025708936146478355,-0.0005426823365060861,-0.002028211278141751,-0.023232595422156256
2018-08-28,0.002305129534758639,0.0017410216835122248,0.0005641078512464148,0.030217884452162114
2018-08-29,-0.0017169674116600808,-0.0024886264432261137,0.0007716590315660328,0.02530788811748296
2018-08-30,0.0017954122966674186,-1.9441567348451455e-05,0.0018148538640158692,0.18337265244103282
2018-08-31,0.0019537837068222836,0.0019941720746630438,-4.0388367840760164e-05,-0.05469564629684435
2018-09-03,0.014223871518562643,0.006102198790636358,0.008121672727926289,0.10256094622729028
2018-09-04,-0.003692675377757071,-0.002182285907722511,-0.0015103894700345625,0.0376980848926656
2018-09-05,0.006899959794880353,0.002685476041053264,0.004214483753827089,0.13644083422894276
2018-09-06,0.0031412488928943263,0.0018654696657541704,0.0012757792271401568,0.1352303991220733
2018-09-07,0.012718513896645278,0.005624863366875427,0.007093650529769853,0.012260956177406175
2018-09-10,0.010449334561674156,0.003695778354762938,0.006753556206911219,0.08267307460614312
2018-09-11,0.001061818413824396,0.0012531202923707352,-0.00019130187854632386,0.1826630140888226
2018-09-12,0.0060712166696606324,0.0028220826780037886,0.0032491339916568412,0.1744528173697288
2018-09-13,0.012153675067625332,0.003916772463117611,0.00823690260450772,-0.08413470226667573
2018-09-14,0.010353552898811335,0.003542193623684295,0.00681135927512704,-0.09571165364165847
2018-09-17,-0.004120103464309973,-0.0016154764368677133,-0.002504627027442259,-0.0681849673571087
2018-09-18,-0.00603655316840811,-0.00308755075053402,-0.0029490024178740904,-0.1480977308691217
2018-09-19,-0.0037286973707508888,-0.002227225799529801,-0.0015014715712210885,0.10514126395285098
2018-09-20,-0.007206653942013821,-0.001764753835151206,-0.0054419001068626155,-0.12255355452379309
2018-09-21,0.0062623531592363455,0.0027224498576266364,0.00353990330160971,0.06905175950307416
2018-09-24,-0.008905955412509107,-0.0050959997293777495,-0.003809955683131361,0.023731161090016925
2018-09-25,0.005618499371900141,0.001571816473194754,0.004046682898705386,0.011272513530266202
2018-09-26,0.0012606199551138592,-0.0002908817528775448,0.0015515017079914054,0.03825432034465064
2018-09-27,0.000623949727719798,-0.00031331580055682894,0.0009372655282766261,0.23538162213818778
2018-09-28,0.0024953801213380305,0.0008177778039857309,0.001677602317352301,-0.07474329596909503
2018-10-01,0.015568484434635863,0.005092303946724297,0.010476180487911565,0.007070732279760129
2018-10-02,-0.0038563955873761073,-0.001201197170928786,-0.0026551984164473255,-0.036911377935522474
2018-10-03,0.0003810193187502262,0.00041274536670491107,-3.1726047954684536e-05,-0.020446491846136096
2018-10-04,-0.0018573498623864764,-0.0003486562745270011,-0.0015086935878594748,0.014548392360214027
2018-10-05,-0.0012915838913248948,-0.0009228005131973836,-0.00036878337812751294,0.015236310448447572
2018-10-08,0.0007612507512323873,-0.00036790327857054575,0.0011291540298029332,0.14970417623169943
2018-10-09,0.0009286824132497997,-0.00034877711090350316,0.0012774595241533022,-0.004418555904583964
2018-10-10,0.008924287344022706,0.0040300061472686305,0.004894281196754075,0.0948867660446151
2018-10-11,-0.0003628202040749232,-0.0011359912998910758,0.0007731710958161523,0.001388068053711035
2018-10-12,0.005911738646388237,0.0013460556873263856,0.004565682959061852,0.01143884194140691
2018-10-15,9.302419162356623e-05,0.00016237304248158287,-6.934885085801805e-05,-0.06698119652817686
2018-10-16,0.0005929480128904673,0.0009626788724063293,-0.00036973085951586687,0.10192490873493679
2018-10-17,-0.003488578463741674,-0.002573541549197856,-0.0009150369145438184,0.030021501515124293
2018-10-18,0.005618960908477161,0.0033608113167798515,0.0022581495916973084,0.06987363910086886
2018-10-19,0.0016003816652652085,-0.0001145845362083564,0.0017149662014735653,0.08041538794158279
2018-10-22,0.003879433968457118,0.001317345297332171,0.002562088671124947,0.059846875014229035
2018-10-23,0.0040759329135203,0.0016237738269632375,0.002452159086557063,0.13324148672910063
2018-10-24,0.0030577906708107623,0.003156165006671827,-9.837433586106469e-05,0.10119767617051675
2018-10-25,0.006489394087183407,0.002707091074741357,0.003782303012442048,-0.0015005117403075867
2018-10-26,0.005116142262871767,0.0030324510581612243,0.002083691204710544,-0.02981993668289545
2018-10-29,-3.157935189841373e-05,0.0004986502186277059,-0.0005302295705261193,0.020528342832140188
2018-10-30,-0.0016732576812241349,-0.0011541682128813745,-0.0005190894683427625,0.004014029499516648
2018-10-31,0.0011344732662371662,0.0002874372796164633,0.0008470359866207035,0.005030490846910703
2018-11-01,0.0002123476085747933,0.00016168710087953973,5.066050769525401e-05,0.1020644044936881
2018-11-02,0.0002039278981172117,-0.0005499009527928662,0.00075382885091008,0.13409652217692172
2018-11-05,0.0051470882352662815,0.002365523724129088,0.002781564511137192,0.058450419281990955
2018-11-06,0.0071531515168280725,0.003582653018726358,0.0035704984981017145,0.04589703738220556
2018-11-07,0.0029991787605538776,0.00094803639994347,0.0020511423606104084,0.0970132525740861
2018-11-08,0.002348841690804171,0.0012104623787602773,0.0011383793120438943,0.0008464658528913238
2018-11-09,0.004917797838706277,0.002373930744975155,0.002543867093731121,-0.09024445782243493
2018-11-12,0.0002086999302313168,0.001559541038087045,-0.0013508411078557298,0.06059314855247109
2018-11-13,-0.005002687412179719,-0.002675053524545763,-0.002327633887633956,0.00582623345308485
2018-11-14,0.0027659626170883286,0.00031130614660806414,0.0024546564704802636,0.07562917335964438
2018-11-15,0.00029210794601492113,4.746962574997643e-05,0.0002446383202649449,-0.0738529826010672
2018-11-16,0.0037543075420542883,0.0003465774067454128,0.003407730135308874,0.04946890154037456
2018-11-19,-0.004367364607146612,-0.0015797443990350265,-0.0027876202081115846,0.009246133236303532
2018-11-20,0.002359818470929544,0.0011894639554715898,0.0011703545154579543,-0.03831752838076158
2018-11-21,0.00040975128382758034,-3.497887120155129e-05,0.0004447301550291315,-0.010903466444934243
2018-11-22,-0.0018071387041977394,-0.0005609305026547003,-0.0012462082015430413,-0.09397490527978372
2018-11-23,-0.0005836485261118203,-0.0013303375995703994,0.00074668907345858,-0.07881014084587316
2018-11-26,-0.005870554366742625,-0.003957822391729607,-0.001912731975013019,0.05948895891660018
2018-11-27,-0.003207084736235229,0.0002555333388260545,-0.0034626180750612825,-0.03988304307955676
2018-11-28,0.0025085973047267868,0.0016972150597746333,0.0008113822449521552,-0.04101616186328058
2018-11-29,-0.001837160716441513,-0.0012352193293617723,-0.000601941387079741,-0.053169708333348505
2018-11-30,-0.001872440290995358,-0.0014065893753066995,-0.0004658509156886582,0.10272791314120532
2018-12-03,-0.002528803354128966,-0.0014105783661398624,-0.001118224987989104,-0.07508514112697336
2018-12-04,0.004132322227171298,0.0005296775820820649,0.003602644645089232,-0.059443332127136636
2018-12-05,-0.0034218949640559687,-0.0026575637250760512,-0.0007643312389799175,-0.03555863396746363
2018-12-06,-0.0026382545167689822,-0.0014984811500285584,-0.0011397733667404238,0.08436129863865385
2018-12-07,-0.001866981753416603,-0.0014055756055592582,-0.00046140614785734543,-0.2242042548671077
2018-12-10,0.004421542624909845,0.002300348697865825,0.00212119392704402,0.14115859310858406
2018-12-11,-0.014709949006161361,-0.0060684953662047784,-0.008641453639956578,0.07055963285518
2018-12-12,0.008539672485441296,0.003625596758215952,0.004914075727225346,-0.06980254734661412
2018-12-13,0.0036891076313772726,0.0015581522053033014,0.002130955426073972,-0.02882454379982906
2018-12-14,-0.003436617540523486,-0.000983244897127462,-0.0024533726433960245,-0.09913904926320327
2018-12-17,-0.0015300107569098725,-0.0010124387565149835,-0.0005175720003948898,0.012115383431257188
2018-12-18,-0.004701079010351492,-0.0016067826062075843,-0.0030942964041439066,-0.10482707187612622
2018-12-19,0.0005795363735441792,-7.142231310341193e-05,0.0006509586866475913,0.012104627467609484
2018-12-20,-0.004768892269764702,-0.0017937436888915818,-0.0029751485808731217,0.07991619726001166
2018-12-21,0.0004398368306179556,-0.0010066325930031587,0.0014464694236211145,0.12148818591106729
2018-12-24,0.004158595037339347,0.0017299676558770946,0.002428627381462257,0.025411641608120122
2018-12-25,0.006108072657036365,0.0016260391029834296,0.004482033554052937,-0.05505444376451004
2018-12-26,0.001350821277309213,0.000148805757130133,0.0012020155201790794,-0.002676886585626283
2018-12-27,-0.0028417849455180735,-0.0016095569107721815,-0.001232228034745893,-0.0954673822717294
2018-12-28,-0.00012807481943291946,0.00027164241301105407,-0.0003997172324439733,0.10054183385583662
2018-12-31,-0.005795982390923967,-0.001010127634576764,-0.004785854756347203,0.15789585991366112
2019-01-01,0.00527184344857088,0.002935558735863174,0.0023362847127077063,-0.09835774263925727
2019-01-02,0.010194690460071498,0.004978951003138101,0.005215739456933397,0.07099974251131093
2019-01-03,-0.005364673948541623,-0.0027972552638221336,-0.0025674186847194887,-0.02715225780465508
2019-01-04,0.004511530420369886,0.0025598781364981546,0.0019516522838717298,0.06471371070614146
2019-01-07,-0.001441523926437001,-4.674999552764861e-05,-0.001394773930909355,-0.0065055320528846616
2019-01-08,0.0031498602228093187,0.0015221836445129715,0.0016276765782963463,0.1503457975925603
2019-01-09,-0.00043300094621850764,-0.000984622310717026,0.0005516213644985186,0.018918200251062684
2019-01-10,0.007730049342403613,0.0034269025016006645,0.004303146840802949,0.019637960995969973
2019-01-11,0.0010749873644290884,0.0005097983330371227,0.0005651890313919661,0.061010825708849484
2019-01-14,0.0011659970331450633,0.0009238585828390405,0.0002421384503060245,0.0918784586762086
2019-01-15,0.003727176589497212,0.0016221774139453006,0.0021049991755519117,0.006892668413623544
2019-01-16,0.005025623860142259,0.0014956930183434,0.0035299308417988595,0.010593701056892798
2019-01-17,0.0002708118728012522,-0.00035307593719148544,0.0006238878099927379,0.044526798094045944
2019-01-18,0.0005644093240866416,0.0005799471547855758,-1.553783069893535e-05,0.06901819554879589
2019-01-21,0.002423450750888566,0.0031567906986550917,-0.000733339947766528,-0.017422722572383784
2019-01-22,0.003221230004367578,-3.819106604324702e-05,0.0032594210704108254,0.09755154161347067
2019-01-23,-0.0009229188650756548,-0.0008543815993291137,-6.853726574654155e-05,-0.03971477985192424
2019-01-24,0.005138563802089651,0.0026256261482873566,0.002512937653802295,-0.03027857615767866
2019-01-25,-0.0022605687290199435,-0.0013254656797230223,-0.0009351030492969221,-0.02263365435581988
2019-01-28,-0.0016605434540546305,-0.00017176299785694182,-0.0014887804561976884,0.10943082859890578
2019-01-29,-0.0013663279808610244,-0.0005061797554156353,-0.0008601482254453861,-0.01980479825314396
2019-01-30,0.007687270146339164,0.0029048531804200493,0.004782416965919113,0.1594684706506147
2019-01-31,-0.001161424410420327,-0.0007971406500189258,-0.00036428376040140327,0.04401933200824154
2019-02-01,0.007963954292805001,0.002514909314309078,0.005449044978495923,0.06683671711537571
2019-02-04,0.0027714630980553946,0.0022267154619116766,0.0005447476361437173,-0.057022610759445716
2019-02-05,0.003384349036841188,0.0021123106559388875,0.0012720383809023007,-0.01559377695473524
2019-02-06,-0.002755650292895889,-0.0008695666481030404,-0.0018860836447928495,-0.010911741955616852
2019-02-07,-0.0009451422512409968,-0.0019050325193877816,0.0009598902681467849,-0.0055248680044649124
2019-02-08,-0.0005416860188525715,-0.0003909508571638097,-0.00015073516168876214,0.012573038079672172
2019-02-11,-0.0004898573856295052,-0.0012351881044097863,0.0007453307187802807,-0.03982052422807521
2019-02-12,0.0006355446776555892,-0.0002936753216526795,0.0009292199993082692,-0.04377998189091568
2019-02-13,-0.002008978962360192,-0.0016612471710790565,-0.0003477317912811361,0.1978709967590678
2019-02-14,-0.002421451393827758,-0.0009408361066112481,-0.0014806152872165086,-0.020215238619770592
2019-02-15,0.01274829601627732,0.004736813022509241,0.008011482993768079,0.1004637585297259
2019-02-18,-0.000990411756509451,1.6776915576471874e-05,-0.0010071886720859225,0.03211401851654643
2019-02-19,0.0044837986119388665,0.0008617178409339524,0.003622080771004914,0.06087691760140834
2019-02-20,0.001523342699241547,6.142789069174797e-06,0.001517199910172373,0.10262292149271955
2019-02-21,0.0028510858213886257,-0.0003046291110733639,0.003155714932461989,-0.17920463800508277
2019-02-22,0.007606435912606799,0.0050796182517449245,0.0025268176608618763,-0.0765207853209051
2019-02-25,-0.011523377885217692,-0.005862139337366784,-0.005661238547850908,0.07075740709115087
2019-02-26,-0.0053888808683937636,-0.0032020531824868796,-0.002186827685906884,-0.0644483965409771
2019-02-27,0.004261450287392913,0.0007271676763092091,0.003534282611083704,-0.1209754699935667
2019-02-28,-0.0030330852216474374,-0.0005476658996138237,-0.0024854193220336124,0.0563268143599478
2019-03-01,-0.006178507476182795,-0.0021254388673602664,-0.004053068608822527,0.02590379994446982
2019-03-04,0.002770509206511511,0.000709817872019176,0.002060691334492335,-0.022643098488952622
2019-03-05,0.0013454368764182786,0.0005107426727880855,0.000834694203630193,0.0909685363680103
2019-03-06,-0.0010469388399442403,-0.00021838908595527354,-0.0008285497539889681,-0.06998703091438839
2019-03-07,0.004501972789726668,0.0016469017253752396,0.0028550710643514285,-0.0032017563052356103
2019-03-08,-0.0036156039637252634,-0.001644531395765092,-0.001971072567960166,0.013248097734841195
2019-03-11,-5.664046158632228e-05,0.0008001186604480264,-0.0008567591220343478,-0.02319351627274664
2019-03-12,0.0006847505952297179,0.000826526149207571,-0.00014177555397785254,0.09086371326995157
2019-03-13,-0.0010602938316348438,8.803918855665709e-05,-0.001148333020191501,-0.03185819892522372
2019-03-14,0.00486490977749697,0.001900710206706525,0.002964199570790447,0.05722963703584102
2019-03-15,-0.0013627542926794467,0.000663924008240134,-0.0020266783009195814,-0.046217594122946314
2019-03-18,0.002595008948717523,0.0020096973409284777,0.0005853116077890463,0.07298244192544753
2019-03-19,-0.0021412160940419223,-0.0006709226871809571,-0.0014702934068609652,0.14443127399957095
2019-03-20,0.0031340576450764536,0.0009162981025576061,0.0022177595425188477,0.11606766369766759
2019-03-21,0.008251075180066805,0.0033457208650714953,0.004905354314995308,-0.07596188140785945
2019-03-22,0.00808208764664882,0.0024665568131438807,0.005615530833504939,-0.07484155273156085
2019-03-25,-0.0035522713295722532,-0.0013114950480686278,-0.002240776281503626,0.015361714908913462
2019-03-26,-0.0035281350897623277,-0.0018820089858552944,-0.001646126103907034,0.07233400154794953
2019-03-27,0.0006651374031966543,0.0006364963348765421,2.864106832011241e-05,-0.034889714994108936
2019-03-28,0.002906973439200967,0.0002946102987219823,0.002612363140478984,0.06019579426168493
2019-03-29,-0.001531977900320408,-1.680113283071289e-05,-0.0015151767674896953,0.03466409814358933
2019-04-01,0.002927127774165933,0.0028802692129937125,4.685856117222012e-05,0.03998497852649536
2019-04-02,0.0015218083408162692,0.0011473434689649117,0.00037446487185135687,0.030132394861340804
2019-04-03,0.0015947893287628604,0.0012399606507044712,0.0003548286780583887,-0.024754245091324897
2019-04-04,0.0012838601694214703,0.00039244772116963506,0.0008914124482518344,-0.11214943782221305
2019-04-05,-0.0010319793592495777,-0.00019080895932777932,-0.0008411703999217984,-0.007076554514659279
2019-04-08,-0.005289054601433484,-0.0017982545443981464,-0.003490800057035337,-0.017302856380459048
2019-04-09,-0.000325365643408888,-0.00023497069271511024,-9.039495069377863e-05,0.10713813745408918
2019-04-10,-0.0008167122294922535,-0.0002601767322206196,-0.0005565354972716344,-0.04965872108852124
2019-04-11,0.004507321838669131,0.0016541195593958447,0.002853202279273286,0.030352371538511298
2019-04-12,-0.0021657380993758526,0.00026345244697154047,-0.002429190546347392,-0.010640632089174054
2019-04-15,0.0015637308442914394,0.0010476006881815214,0.0005161301561099167,0.04413922940198618
2019-04-16,-0.00040015453856899615,0.0006423265396241698,-0.0010424810781931655,0.02070736980499668
2019-04-17,0.0021821548036396275,-0.0006926361753501822,0.002874790978989809,0.08052789181813859
2019-04-18,0.0011663913739501093,0.0010177906292276415,0.0001486007447224682,-0.07785974518622338
2019-04-19,0.004402502017863247,0.00127592908105887,0.0031265729368043747,-0.10699676023885074
2019-04-22,-0.0039960290483570405,-0.0015764920638025974,-0.002419536984554445,-0.019846450488505325
2019-04-23,-0.005200697177163693,-0.0018850438852771557,-0.0033156532918865366,0.10511260832456146
2019-04-24,-0.0009137401866684603,-0.0006037062810792335,-0.0003100339055892281,0.061746872778362875
2019-04-25,0.005797429580568121,0.0026979579154428686,0.003099471665125253,0.02994594529822092
2019-04-26,0.003345981883951428,0.0009415679127235503,0.0024044139712278783,-0.05679247433859684
2019-04-29,0.0014830925335887705,0.0008931970260376131,0.0005898955075511582,0.07781186367118711
2019-04-30,-0.002827047809765739,-0.0005772369387815231,-0.0022498108709842167,-0.08232221191627738
2019-05-01,0.004147854781702873,0.0011555710806247423,0.0029922837010781314,-0.009819667956782276
2019-05-02,-0.005058854616015925,-0.001868113562550778,-0.003190741053465146,-0.01744893094770211
2019-05-03,-0.0005773860588725874,-0.00016434611738443475,-0.0004130399414881483,0.11904596675495834
2019-05-06,-0.0010767575738959436,0.0006997313953752502,-0.0017764889692711942,0.14116461719905601
2019-05-07,0.006841751085604689,0.0027520509078742955,0.004089700177730395,-0.06512906441191474
2019-05-08,0.008376066798290482,0.004612740104746413,0.003763326693544071,0.003953606316134669
2019-05-09,-0.0033341960731955817,-0.0010755455231380006,-0.0022586505500575803,-0.025880207888059704
2019-05-10,0.00025531903216051985,0.0004649064755447515,-0.00020958744338423082,0.012719150394703135
2019-05-13,-0.0015598879681619263,-0.0013229352408941043,-0.00023695272726782205,-0.05803885814977792
2019-05-14,0.000708339638314578,0.0007043399681905147,3.999670124062334e-06,-0.06769856492059262
2019-05-15,-0.003244306719087843,-0.0026107804902719568,-0.0006335262288158861,0.06319454310790242
2019-05-16,-0.00457398939384998,-0.002714033920934708,-0.0018599554729152711,-0.07847777010905611
2019-05-17,0.004524949403006871,0.0022608151263188766,0.0022641342766879964,-0.024565635012746244
2019-05-20,-0.005396264626955702,-0.0025296451683028075,-0.0028666194586528955,-0.10587900427907748
2019-05-21,-0.0017189810769467093,-0.0004878204292912969,-0.0012311606476554104,-0.23093453826328425
2019-05-22,-0.009918651806520322,-0.004228110182630182,-0.005690541623890141,-0.05084949570440976
2019-05-23,-0.02831286424838759,-0.01009142333211437,-0.018221440916273215,-0.14078589461382773
2019-05-24,-0.0032923611303181024,0.0006189007086706208,-0.0039112618389887215,-0.012255681083865188
2019-05-27,-0.009780648731715455,-0.0032025545933186163,-0.006578094138396839,0.132219169718552
2019-05-28,-0.001038883320779366,-0.00021859730373924302,-0.0008202860170401227,0.22131199702027998
2019-05-29,0.011137497230041676,0.004217766341653155,0.006919730888388523,-0.15504389522448828
2019-05-30,0.015539294030861083,0.006196446089670462,0.009342847941190623,0.08440731996244846
2019-05-31,-0.009776623036475569,-0.002917104927230404,-0.0068595181092451635,0.07581732858136457
2019-06-03,0.0056521561854435435,0.0016165631068598496,0.004035593078583694,0.06303555678466125
2019-06-04,0.004376563397429929,0.0006076060167127116,0.0037689573807172176,-0.022289370570795632
2019-06-05,0.003672307404201027,0.0015225974780577883,0.002149709926143245,0.13785777999360616
2019-06-06,-0.001337162828056592,0.0012991332487785438,-0.0026362960768351353,0.01653140435756634
2019-06-07,0.010844755572667987,0.0056727324096690224,0.005172023162998965,-0.07692081117539301
2019-06-10,0.0009585435753397803,0.0006447234714712993,0.00031382010386847917,-0.1380983457760599
2019-06-11,-0.005338677268646388,-0.0018074400947884345,-0.0035312371738579536,-0.13879202854313566
2019-06-12,-0.011099077939223103,-0.004416777035104982,-0.006682300904118123,0.2794301999965967
2019-06-13,-0.012568420076564458,-0.005601860976370177,-0.006966559100194281,0.08035975095716645
2019-06-14,0.028549958900933165,0.011885235268177283,0.01666472363275589,0.03315821016768061
2019-06-17,0.006216789942994374,0.0008101228139630215,0.005406667129031354,-0.010543271031409044
2019-06-18,0.0028663024147850035,0.0018518854636475138,0.0010144169511374923,0.0009633260239723091
2019-06-19,-0.0008888715171683802,-0.002017211634386701,0.00112834011721831,0.11024159395478242
2019-06-20,0.00013181047635366615,0.0006743865753389214,-0.000542576098985257,0.09549002028646912
2019-06-21,0.007981951204803264,0.0031328341865523683,0.0048491170182508965,0.012243420140437791
2019-06-24,0.006636128395986658,0.0025274317594027214,0.00410869663658394,0.07057726466016456
2019-06-25,0.001030164344731488,0.001949343758526975,-0.0009191794137954877,-0.055267439465284805
2019-06-26,0.006648793135885589,0.00158784400996511,0.0050609491259204775,-0.009049919694193788
2019-06-27,-0.004390070588835795,-0.0015855197937514436,-0.0028045507950843554,-0.004354157066107287
2019-06-28,-0.0007537599502929397,-0.0017254606848381236,0.000971700734545184,-0.07229042592265121
2019-07-01,-0.0005009329206587516,-0.0023176239135034894,0.0018166909928447363,0.04033207331647326
2019-07-02,-0.0053478927691405775,-0.003455558978350124,-0.0018923337907904535,-0.015642371198414672
2019-07-03,0.003058846081551601,-0.0007434752597322916,0.0038023213412838944,0.0624024330987838
2019-07-04,-0.0010690612075782264,-0.00019297165604311318,-0.0008760895515351128,-0.016316143322332183
2019-07-05,0.004158608658541039,0.0028633107140367126,0.0012952979445043263,0.005688306164002976
2019-07-08,-0.0010623434615891927,-0.0003908549361015517,-0.0006714885254876408,-0.03875485444688203
2019-07-09,0.0003400313051252356,-7.612234422202727e-06,0.0003476435395474379,0.16035138660799958
2019-07-10,-0.003387588133435468,-0.004522555424508509,0.0011349672910730413,0.17536857390008898
2019-07-11,0.010254403207898527,0.0032229704681497294,0.007031432739748796,-0.014977392187631632
2019-07-12,0.009448104514255942,0.00541603375286006,0.0040320707613958826,0.04562094421322001
2019-07-15,-0.0010541987031136226,-0.0010693866532936504,1.5187950180028248e-05,-0.0790694874403762
2019-07-16,0.0027093158805862787,6.250574424349932e-05,0.0026468101363427785,0.04771780064124849
2019-07-17,-0.0064894965917504845,-0.004003367124042815,-0.0024861294677076713,0.20497597251273442
2019-07-18,0.00323143090681021,0.0007013978561946426,0.0025300330506155674,0.1393253512680709
2019-07-19,0.011847138827499784,0.0051882172385809625,0.006658921588918822,-0.05957683937769891
2019-07-22,0.008867707786076554,0.0069844525676276414,0.0018832552184489156,0.031099811356978334
2019-07-23,-0.0036238344538373013,-0.0012033334771483972,-0.002420500976688904,0.10227887050731622
2019-07-24,0.0018865082365157183,0.0023058189605311627,-0.00041931072401544395,0.09112768823480033
2019-07-25,0.0060792177474438824,0.0016419620012631747,0.004437255746180707,-0.02236564571393836
2019-07-26,0.005982409558028538,0.001573523396083864,0.004408886161944674,-0.001323531410264762
2019-07-29,-0.0015866447653235184,-0.0015904280378291405,3.783272505619023e-06,0.0674934717086263
2019-07-30,-0.00016919439852891262,-0.0007367062242821017,0.0005675118257531878,0.05714302402454121
2019-07-31,0.003432174424107884,0.0013733809035517998,0.0020587935205560876,-0.029201008508105086
2019-08-01,0.003284279146537273,0.0009314085272265054,0.0023528706193107676,0.07229974220569002
2019-08-02,-0.0019712692151440427,-0.002611346414443008,0.0006400771992989655,-0.11775757167369691
2019-08-05,0.004437486415233649,0.0013772057993864206,0.0030602806158472285,0.0009298882198807051
2019-08-06,-0.0069860044328775225,-0.0022000548946353587,-0.004785949538242164,-0.014382206734595317
2019-08-07,-2.25534012875399e-06,-0.0006054409349010789,0.0006031855947723243,-0.11953374972340533
2019-08-08,-0.0008713763205340304,-0.0005008076202895218,-0.00037056870024450815,0.0083714244844772
2019-08-09,-0.007815121312878669,-0.002972914659015994,-0.004842206653862677,0.02942131721511992
2019-08-12,0.0005687656474886046,0.00012981108135656783,0.0004389545661320389,-0.06136532809438082
2019-08-13,0.001883516384353291,-0.000875083247257327,0.002758599631610616,0.03474885240982412
2019-08-14,-0.005296772192046018,-0.004433839053402468,-0.0008629331386435513,0.09289840105462954
2019-08-15,0.0025419609027139897,0.0009512738976910531,0.0015906870050229366,-0.10419051508831047
2019-08-16,0.0066251562905099,0.0031420139226121697,0.003483142367897731,-0.05045197255681216
2019-08-19,-0.005934159861303969,-0.002594921023328922,-0.0033392388379750483,0.07074345188768882
2019-08-20,-0.00274480346984314,-0.000716120275477212,-0.0020286831943659286,0.0009389132974805678
2019-08-21,0.0038289114719461557,0.0023109946692466982,0.0015179168026994583,-0.16565826362477795
2019-08-22,6.413730110386778e-05,0.00048185272144319393,-0.0004177154203393261,-0.036942661023395176
2019-08-23,-0.009099012276477822,-0.004194797642138086,-0.004904214634339736,-0.07879945499106775
2019-08-26,-0.0020275306109585906,0.0005461818851074255,-0.002573712496066016,-0.09961708232366233
2019-08-27,-0.00438808305569843,-0.001728093704035514,-0.0026599893516629164,-0.023382374352741875
2019-08-28,-0.005645549841679571,-0.0021240591016608084,-0.0035214907400187624,-0.2082066895616718
2019-08-29,-0.0019932921942500356,-0.002872546793108147,0.000879254598858111,0.10061911194083253
2019-08-30,-0.01248089974891341,-0.00483065057056737,-0.007650249178346041,0.03226031398344262
2019-09-02,0.006484860809946996,0.0027551956163719866,0.0037296651935750085,0.08575578006398593
2019-09-03,0.00221997432451202,0.0018456682158086383,0.00037430610870338096,0.002509764260358236
2019-09-04,0.005271815617780235,0.002579451752034204,0.0026923638657460336,0.010519647959333727
2019-09-05,-3.855253710139601e-05,-0.002177684572593963,0.002139132035492567,0.055270127196459864
2019-09-06,0.0006375233596500906,0.0006879107845876066,-5.038742493751469e-05,0.008500236133103736
2019-09-09,0.0035724019158726176,0.001298311218197401,0.0022740906976752165,-0.08242543577674771
2019-09-10,0.0005178231977100863,-0.00025127708287504607,0.0007691002805851324,-0.04283809576699258
2019-09-11,-0.004952404418960875,-0.001071673173217812,-0.003880731245743065,0.139948439172834
2019-09-12,-0.002306947393173691,-0.0002887032335369792,-0.0020182441596367125,-0.002888291165159666
2019-09-13,0.008822028814951227,0.0036730155684160997,0.005149013246535128,0.027697682327210607
2019-09-16,-8.485931911266322e-05,0.0004250337574435556,-0.0005098930765562185,0.06857576785251164
2019-09-17,0.0015717176645973694,-0.0001644029554515418,0.00173612062004891,0.0821098543982866
2019-09-18,0.003979489983949326,0.0018158991607250454,0.00216359082322428,-0.026937037057202216
2019-09-19,0.005158416589675311,0.0025994688962942335,0.002558947693381079,-0.04930060290484003
2019-09-20,-0.0014555364127664453,-0.00028621015922915185,-0.0011693262535372928,-0.003628539420777515
2019-09-23,-0.0028303121326163586,-0.0009362832663330977,-0.0018940288662832607,-0.02663266312637344
2019-09-24,-0.00014512298978107538,0.0005352231693084145,-0.0006803461590894899,0.030455263022719323
2019-09-25,-0.0014808476282798955,0.0003170121444585291,-0.0017978597727384242,-0.018588341614381377
2019-09-26,0.002173465782108621,0.001699129045846646,0.00047433673626197576,0.10593900947528974
2019-09-27,-0.0010646516075251593,-0.000594104025559955,-0.00047054758196520344,0.07444166486205037
2019-09-30,0.006524265797568825,0.002377029420976556,0.00414723637659227,0.0686039705518268
2019-10-01,0.004403118744804041,0.0010909025277744378,0.0033122162170296024,-0.038515671125642297
2019-10-02,0.003584181621401204,0.0020195740208708447,0.001564607600530359,-0.09629532539257989
2019-10-03,-0.0021757963532141903,-0.0006880842186185606,-0.0014877121345956306,-0.013791601641249117
2019-10-04,-0.005908757039837344,-0.0017018229306602934,-0.004206934109177051,-0.04176521903190295
2019-10-07,-0.0007834347819301218,-3.3718996814592096e-05,-0.0007497157851155296,-0.09151529606959195
2019-10-08,-0.002847548591167746,-0.0007638028363543166,-0.0020837457548134293,0.04507244406531865
2019-10-09,-0.004949676275782307,-0.0012001552111917183,-0.0037495210645905885,0.11463458949263271
2019-10-10,0.0028971082976895967,0.0018877938670052797,0.001009314430684318,0.08896950219042397
2019-10-11,0.007074975047374737,0.0024691651567220873,0.0046058098906526495,-0.0012199420745134923
2019-10-14,0.005303177560959589,0.0021626607553757934,0.0031405168055837953,-0.011101351706107748
2019-10-15,-2.5909615945329204e-05,0.001340255884070829,-0.001366165500016163,-0.10181300845158003
2019-10-16,-0.0005513318838690391,0.00229369739849249,-0.002845029282361529,0.004248909129893996
2019-10-17,-0.006926040767662289,-0.0020320019766277356,-0.004894038791034557,0.0012193649241117198
2019-10-18,0.0003634763610979683,0.0014165663742864779,-0.0010530900131885124,-0.06265024886973733
2019-10-21,0.000174887377189088,0.0006722031761114194,-0.0004973157989223327,0.025126581994654094
2019-10-22,-0.004423467091430172,-0.001892335331987051,-0.0025311317594431185,0.11576657719483248
2019-10-23,0.002302227292468994,0.0021581395514093174,0.0001440877410596765,0.08432906229935358
2019-10-24,0.010968034498628678,0.006922405199964409,0.004045629298664269,-0.0711270451818075
2019-10-25,0.0060893702643426036,0.0008145756784101454,0.005274794585932455,-0.13059597567132064
2019-10-28,-0.005389173107920211,-0.003430783149774098,-0.0019583899581461146,0.07676876586112567
2019-10-29,-0.00937296952697839,-0.004954814454636417,-0.004418155072341973,-0.03872653447557544
2019-10-30,0.005704517203329685,0.002732878876585571,0.002971638326744115,-0.0911779232008888
2019-10-31,-0.0022658971529195457,0.00020004459408082178,-0.002465941747000368,0.13097913846533799
2019-11-01,-0.006196032909064477,-0.0032968165860645564,-0.0028992163229999207,-0.043281215396488285
2019-11-04,0.010362850754620775,0.00397625593921723,0.006386594815403546,0.15950867225183896
2019-11-05,-0.003465548852460743,-0.0028957115804129903,-0.0005698372720477539,-0.09140360794397766
2019-11-06,0.009863542683017198,0.0042510897283352216,0.005612452954681973,-0.06380609043989253
2019-11-07,-0.004987730433697551,-0.00011323355414374903,-0.004874496879553804,-0.05981993171117781
2019-11-08,-0.0045756456265042735,-0.0023426895822165053,-0.0022329560442877682,-0.03328458010461167
2019-11-11,-0.0036995733620553226,-0.0005080241957590853,-0.0031915491662962373,0.08099446755902079
2019-11-12,-0.002263827723799578,-0.0005556795545535106,-0.0017081481692460682,-0.12171675468639688
2019-11-13,0.006193514712554537,0.001961051718077174,0.004232462994477365,0.010991063639809272
2019-11-14,-0.008567472432232492,-0.0038339781847137704,-0.004733494247518724,-0.07219118229285354
2019-11-15,0.0006612601737786943,-0.0008946398913967459,0.0015559000651754406,0.12627323851275335
2019-11-18,-0.005346504684622149,-0.002976836535601773,-0.002369668149020376,0.03574709560286834
2019-11-19,0.009978076727627093,0.003535404756699662,0.006442671970927431,0.06384997698185073
2019-11-20,0.002729318969487569,0.002240603525338645,0.0004887154441489232,0.05675036271220778
2019-11-21,0.00480496087289463,0.0013843952035670001,0.0034205656693276285,0.08446632810023993
2019-11-22,0.0037567774127611683,0.0018463305351547332,0.0019104468776064351,-0.09932783226760734
2019-11-25,0.004951705487778829,0.0021121948827936866,0.0028395106049851427,0.01600413040520338
2019-11-26,-0.0059860926623582925,-0.0024420803509264642,-0.0035440123114318274,0.07169020174923328
2019-11-27,0.0012103099510914408,0.0025285586055698254,-0.001318248654478384,0.11404767936301041
2019-11-28,0.0049193860637214305,0.0016059408237898004,0.0033134452399316283,0.08568118104420896
2019-11-29,0.006947777848608395,0.002255492496045319,0.004692285352563079,0.07964996279687094
2019-12-02,0.005354632232144243,0.003537553307055257,0.001817078925088986,0.048568644565162404
2019-12-03,0.004982346024726782,0.0020669826127817873,0.0029153634119449944,0.09146331352792636
2019-12-04,0.00387166420143061,0.002413006279698847,0.0014586579217317629,-0.026232207278493267
2019-12-05,0.006513752397792947,0.001945644280587959,0.004568108117204987,0.15215919730905014
2019-12-06,-0.001564384218639573,-0.0013992304740381278,-0.00016515374460144422,-0.04428496477269505
2019-12-09,0.009680689279098268,0.004628981657399037,0.005051707621699231,-0.1523022208205788
2019-12-10,-0.0025939301930348064,-0.0009254087206777158,-0.0016685214723570901,-0.14010858175505272
2019-12-11,-0.008107256456990489,-0.0036882198510331922,-0.004419036605957297,-0.009153167785709985
2019-12-12,-0.009562825882286958,-0.004748659294822919,-0.0048141665874640365,-0.08562999853501299
2019-12-13,-0.0006606159533797027,-0.0005535743221847488,-0.00010704163119495264,-0.15892323321840954
2019-12-16,-0.005107846691451421,-0.0012615724283813101,-0.00384627426307011,-0.2108734875165354
2019-12-17,-0.012176747074721994,-0.005703511308325918,-0.0064732357663960785,0.1820317813476404
2019-12-18,-0.01615654297788901,-0.005368536816247752,-0.010788006161641253,0.2975238629467188
2019-12-19,0.014742910534077627,0.0028176258360211523,0.011925284698056475,-0.000830073074155527
2019-12-20,0.027307595102458157,0.01019695132401699,0.01711064377844116,-0.1392681755279974
2019-12-23,0.00013592516160854887,0.001905659790752287,-0.001769734629143739,0.09266197110811172
2019-12-24,-0.010698262060611093,-0.005706742422742482,-0.0049915196378686084,-0.06329367842125581
2019-12-25,0.005554066539225563,0.0024743536005324904,0.003079712938693073,0.05296328098307499
2019-12-26,-0.0029039426730628802,-0.002279792219591549,-0.0006241504534713321,0.1420193266715563
2019-12-27,0.0027654045832523557,0.0008398187007447814,0.0019255858825075747,0.0742286508026559
2019-12-30,0.007877435778615811,0.004518877169433045,0.003358558609182761,0.021736294564645545
2019-12-31,0.004121427915573429,0.002483834449522319,0.0016375934660511097,-0.07901058095865954
2020-01-01,0.0009190399459449428,-0.0007842599229836503,0.0017032998689285941,0.04407554051893753
2020-01-02,-0.004087853250807974,-0.00033896856819482825,-0.003748884682613145,0.17007473528746803
2020-01-03,0.0020132414215368365,0.0016399273857796298,0.0003733140357572058,0.07443634407565869
2020-01-06,0.008294932287263461,0.0030589114077721603,0.005236020879491304,0.0539880842724626
2020-01-07,0.004301906263996538,0.0010480783681929857,0.003253827895803552,0.07902228650550777
2020-01-08,0.003000987962130098,0.0012729988712742342,0.0017279890908558629,-0.050285516234274984
2020-01-09,0.0036430778429709263,0.0005532598847590863,0.0030898179582118396,0.03537261622937902
2020-01-10,-0.0028566638218839313,-0.0010933587916700654,-0.001763305030213859,-0.007796532292123356
2020-01-13,0.002213162708459947,0.001455312717077134,0.000757849991382821,-0.09414873683123812
2020-01-14,-0.0003609057563958981,-0.0003942587490758033,3.335299267990524e-05,0.036753872415875244
2020-01-15,-0.0051952954517556485,-0.0034986771785225045,-0.001696618273233144,0.06711999096089148
2020-01-16,0.0018337529356677225,5.479910836930259e-05,0.0017789538272984205,0.09364386604601163
2020-01-17,0.003535506916173088,0.0029910436483812997,0.0005444632677917883,-0.05999583145785105
2020-01-20,0.005115115096182007,0.0025650000782130294,0.0025501150179689774,0.0021653909590123696
2020-01-21,-0.003239719535692718,-0.002156587087200252,-0.001083132448492466,0.07002259707275946
2020-01-22,3.697936334828931e-05,-0.0005973576980831986,0.0006343370614314871,0.05413897216270167
2020-01-23,0.003392383331834767,0.0010442119855037062,0.0023481713463310606,-0.026008962842979783
2020-01-24,0.002476464627364539,-0.0007998770383680163,0.0032763416657325527,-0.0071790579908343555
2020-01-27,-0.00143805172188849,-7.925878645657751e-05,-0.0013587929354319126,-0.0750698904324746
2020-01-28,-0.00026527636598379074,0.0014622514725995866,-0.0017275278385833776,0.012296321319544256
2020-01-29,-0.004599217564291941,-0.001402827274197123,-0.0031963902900948187,-0.010191647405675776
2020-01-30,0.0005678766258612484,-0.0011940601513178097,0.001761936777179058,-0.15135462518471238
2020-01-31,-0.0007086380395755726,-0.0004898836374333387,-0.00021875440214223427,0.16966790734373727
2020-02-03,-0.010971937499647115,-0.0036836401177170286,-0.007288297381930086,-0.01372584969622138
2020-02-04,0.009455174327537761,0.002957942733464728,0.006497231594073033,-0.039980238230645594
2020-02-05,-0.0006612295923547188,0.00010797447593861344,-0.0007692040682933323,0.04264883969477249
2020-02-06,-0.002147726290715854,0.0006891041112508829,-0.0028368304019667397,0.020350052424466084
2020-02-07,0.0024208100788682134,0.0004956201737812416,0.0019251899050869714,0.04485781038525562
2020-02-10,0.0012657896556875017,0.0008818133633654475,0.0003839762923220566,0.060209580812043036
2020-02-11,0.0024719580429037645,0.0009574954921160086,0.0015144625507877534,-0.10968386045416562
2020-02-12,0.0037049295515464205,0.000606595941298492,0.0030983336102479286,-0.0007429655100492624
2020-02-13,-0.006022001984730726,-0.002311537620964898,-0.0037104643637658275,-0.09600150145774812
2020-02-14,-4.6794607812013136e-05,2.5278624724794354e-05,-7.207323253680684e-05,-0.04774846053350841
2020-02-17,-0.006262458967251103,-0.00299591257444415,-0.0032665463928069505,0.03712901289094
2020-02-18,-0.0028301173827389703,-0.002553392919282316,-0.0002767244634566549,0.11655661396257697
2020-02-19,0.0019021419334219261,-0.0006140975210279249,0.002516239454449851,-0.01887839783876896
2020-02-20,0.006980897755200882,0.003709098098967998,0.0032717996562328833,-0.12080388711563801
2020-02-21,-0.0012064792049328544,-0.001970318131790801,0.0007638389268579456,0.022873415006056278
2020-02-24,-0.0072222217713060755,-0.0032757398688342213,-0.003946481902471853,0.12335268733906594
2020-02-25,0.0011483537577848155,-0.00036615271861116007,0.0015145064763959753,-0.01788848671246853
2020-02-26,0.006688698142497507,0.0018702600382882566,0.004818438104209247,0.0077933755561567656
2020-02-27,-0.0010194487530062759,-0.0010679368271465555,4.848807414027916e-05,0.06387284384640624
2020-02-28,0.0003542967958392695,-0.00025463805853684075,0.0006089348543761099,0.04587517167536505
2020-03-02,0.0032000545141997205,0.0009441586302582582,0.0022558958839414616,0.0764800793990228
2020-03-03,0.002302325184140544,0.0013501835605253237,0.0009521416236152203,0.14971219620832826
2020-03-04,0.004200846833362715,0.0007980534072988873,0.0034027934260638265,-0.10172588995077744
2020-03-05,0.008112229375885172,0.0034018040857707607,0.004710425290114412,-0.05389329705424572
2020-03-06,-0.00575451035283212,-0.003096205994873401,-0.0026583043579587193,0.018448251668500726
2020-03-09,-0.002916922184876806,-0.00027378313862724,-0.002643139046249565,-0.04092116944553039
2020-03-10,0.0012084948684812679,0.0018464094562513152,-0.0006379145877700471,-0.0730819864845084
2020-03-11,-0.0026134839123422185,-0.0023418992874306536,-0.00027158462491156526,-0.08043504126256978
2020-03-12,-0.004252503740290608,-0.001876656150100864,-0.0023758475901897442,-0.01398290995008703
2020-03-13,-0.004864110403513302,-0.0022525238260048056,-0.0026115865775084984,0.09118114705271482
2020-03-16,-0.0008653111118385585,0.00035686162566697655,-0.0012221727375055363,-0.1277791900602903
2020-03-17,0.005394877009449309,0.0020718899400670172,0.003322987069382292,0.09643128821734692
2020-03-18,-0.008152505506701824,-0.002387140352477092,-0.00576536515422473,-0.06305380787263808
2020-03-19,0.006089356032611704,0.0036645774850067817,0.0024247785476049213,-0.10223251792777278
2020-03-20,-0.003910063833942795,-0.0014641260801981255,-0.002445937753744669,-0.09283467431458106
2020-03-23,-0.006368853140856919,-0.002135644775673429,-0.0042332083651834915,-0.1982892087112914
2020-03-24,-0.0061870178010430335,-0.0035485686109491474,-0.002638449190093886,-0.06549238193127549
2020-03-25,-0.013821809255403631,-0.0071612854156845,-0.006660523839719132,-0.001430598025133524
2020-03-26,-0.005159641707138989,-0.0023964060713073145,-0.0027632356358316713,-0.17846971531109634
2020-03-27,-5.346979984892819e-05,0.0006270207673559659,-0.000680490567204893,0.25801326951082065
2020-03-30,-0.013317235333025649,-0.00668268259452532,-0.006634552738500329,-0.11566596292321979
2020-03-31,0.022730636923002177,0.00915172064463774,0.013578916278364439,-0.010660106309217019
2020-04-01,-0.0073170960753116375,-0.0034206193125606733,-0.0038964767627509642,-0.09332766339476223
2020-04-02,-0.0006593325680267178,-0.00027474669351372147,-0.00038458587451299653,0.05469533463847088
2020-04-03,-0.007296008679863653,-0.001977711292177657,-0.0053182973876859975,-0.02032120307469979
2020-04-06,0.003900997154254784,0.00133394818827623,0.0025670489659785547,-0.23420939703762525
2020-04-07,-0.0016964275677612425,-0.0029668467395634144,0.0012704191718021732,0.19036773806700394
2020-04-08,-0.018559161356630847,-0.00964315846443366,-0.008916002892197183,-0.06036992386835835
2020-04-09,0.014852495903029688,0.008403305650319453,0.006449190252710236,-0.06330642001580752
2020-04-10,-0.005085417192639872,-0.0018610280440722708,-0.0032243891485676003,-0.11307874350095151
2020-04-13,-0.004342098771074852,-0.0005651273159897521,-0.0037769714550850986,0.2617606190565597
2020-04-14,-0.008415451332079708,-0.003494398288888345,-0.004921053043191364,0.2223997046980551
2020-04-15,0.02155382913440524,0.008886540326685085,0.012667288807720155,-0.07039734347283949
2020-04-16,0.015705204260929806,0.009009475078318833,0.0066957291826109724,0.27242532793538105
2020-04-17,-0.004823310089440378,-0.0011601632224295735,-0.0036631468670108025,-0.2178884982096737
2020-04-20,0.01940096922646447,0.008682294879727215,0.010718674346737253,0.009623039512588957
2020-04-21,-0.01490838954165265,-0.00627541106270757,-0.008632978478945081,-0.12363950770281885
2020-04-22,0.0006840367051457854,0.00108858608686325,-0.00040454938171746377,-0.14777908070962412
2020-04-23,-0.009335262875703371,-0.004387841155486714,-0.004947421720216656,0.0030532855742989476
2020-04-24,-0.011776992461302815,-0.004672657037890266,-0.007104335423412548,0.014583947326711689
2020-04-27,0.00035114025826225533,0.0013048834258728766,-0.0009537431676106232,0.1505071066175467
2020-04-28,0.0009887638658984074,-9.500670286888127e-05,0.001083770568767289,-0.09374570670229677
2020-04-29,0.011206676947754854,0.005149813132742835,0.0060568638150120205,-0.08081353396276163
2020-04-30,-0.0076050665677278775,-0.0043098431772895,-0.0032952233904383794,-0.032301991208218576
2020-05-01,-0.007357980391478483,-0.0031167053979924307,-0.004241274993486052,-0.1446110976865244
2020-05-04,-0.002288060073954102,0.0006225776571985664,-0.0029106377311526694,-0.07911187891810056
2020-05-05,-0.010974798019932815,-0.004492885225302036,-0.0064819127946307755,0.16564407855240418
2020-05-06,-0.005629898778215084,-0.002684122777864374,-0.0029457760003507097,-0.15827769648356194
2020-05-07,0.012952115343672932,0.005056780763948937,0.007895334579723995,0.06307645268997024
2020-05-08,-0.011218378795379439,-0.004701947991594239,-0.006516430803785201,0.04204796876871795
2020-05-11,0.004073232527407239,0.003278304995983007,0.0007949275314242318,0.1851717451962466
2020-05-12,0.0024750620520461036,0.0009946789390077107,0.001480383113038393,0.27781508466697996
2020-05-13,0.014559989600864296,0.007838949811262281,0.00672103978960201,0.09981098836973
2020-05-14,0.020661615285727533,0.009694812703469762,0.010966802582257767,-0.056656864027028894
2020-05-15,0.008021615971766292,0.0033394920845400307,0.004682123887226261,-0.006209943087963232
2020-05-18,-0.0038426585785100806,-0.0021024560933986212,-0.0017402024851114577,-0.039343826785944856
2020-05-19,-0.000294998687961694,0.0005968524001643764,-0.0008918510881260697,0.1323349856421962
2020-05-20,-0.0024531398624303164,-0.00040059106491955546,-0.002052548797510761,-0.049824132317921606
2020-05-21,0.008503445178301566,0.0030207980676030697,0.005482647110698495,-0.023043363063654843
2020-05-22,-0.002937117917839919,0.0003243120332177968,-0.003261429951057715,-0.03499104768128286
2020-05-25,-0.001480111706612617,-0.0007005558354206539,-0.0007795558711919635,-0.052681803492959686
2020-05-26,-0.0018188543193470791,0.00027288578675799084,-0.002091740106105069,0.14968613788480795
2020-05-27,-0.00369758565023784,-0.003372674270837135,-0.0003249113794007077,-0.1233136838243749
2020-05-28,0.010040318286735014,0.0036792312317171574,0.006361087055017856,0.0761729776356364
2020-05-29,-0.008957746159355117,-0.00569047310074107,-0.0032672730586140453,0.13296772086691
2020-06-01,0.005735184752974165,0.002459964408227079,0.0032752203447470873,0.015248371014900928
2020-06-02,0.009029508241041824,0.0055017078998274,0.003527800341214424,-0.07199828159041827
2020-06-03,0.0007878803213920323,-0.0004329342570301223,0.0012208145784221545,-0.17867381057694665
2020-06-04,-0.004667699401149763,-0.0029067799014791725,-0.0017609194996705902,-0.14174761036145178
2020-06-05,-0.012223420753643523,-0.0071185051053885276,-0.0051049156482549955,0.2291652479478354
2020-06-08,-0.009114987698835713,-0.004688731111326297,-0.004426256587509416,0.13357735657101197
2020-06-09,0.014051507802308367,0.007627770517018358,0.0064237372852900074,-0.0016821697273017569
2020-06-10,0.008557799855322252,0.006847059586634898,0.001710740268687353,-0.1260697803947364
2020-06-11,-0.0002780617940563517,-0.001993573732189894,0.0017155119381335425,0.1323618310468986
2020-06-12,-0.007910198134541808,-0.0032418077741711293,-0.004668390360370679,-0.05484779343619343
2020-06-15,0.009464752434864153,0.002351274874882972,0.0071134775599811795,0.09215134727917479
2020-06-16,-0.00403358458039718,-0.0031356690025978965,-0.0008979155777992815,0.07762246646570149
2020-06-17,0.006196036841976583,0.0032444094335004957,0.0029516274084760885,0.04750802580073003
2020-06-18,0.004809247992779957,0.0038393998162226176,0.0009698481765573405,0.20338587074646503
2020-06-19,0.003024450001975633,0.0018019606861528455,0.001222489315822787,-0.011659476366915496
2020-06-22,0.012840540643799978,0.0054686299421631245,0.007371910701636853,0.07222530259252151
2020-06-23,-0.0009628146711781307,-0.0027505429584812253,0.0017877282873030947,0.1252966891970527
2020-06-24,0.004208582440364302,0.002272811302623896,0.001935771137740406,-0.030950661554531456
2020-06-25,0.007512637587247342,0.00429194542159184,0.0032206921656555004,0.041497385048219815
2020-06-26,-0.001725486180502152,0.0001947107234028054,-0.0019201969039049586,0.012925807971385036
2020-06-29,0.002335616416998582,0.0007178937759472082,0.001617722641051375,-0.012424856178277639
2020-06-30,0.000767099852140651,0.00014663335196935402,0.000620466500171296,-0.004597960257489212
2020-07-01,-0.0007758588171091268,-0.0011462264097199639,0.0003703675926108375,0.03523111960046582
2020-07-02,-0.0004622296478403718,-0.001703105823879867,0.0012408761760394956,0.020571479117349703
2020-07-03,0.002090575284220307,-0.0008877679520599927,0.002978343236280298,0.06693280707596583
2020-07-06,0.0011606053607103918,0.0005903309658548753,0.0005702743948555172,0.06485434498069977
2020-07-07,0.003966762645524994,0.0007837644759679607,0.0031829981695570327,0.04918667209805256
2020-07-08,0.003843643595064305,0.0017271805341812461,0.002116463060883058,0.047877606641421
2020-07-09,0.002989479917940621,0.0016140396511286712,0.0013754402668119513,-0.08741479395326267
2020-07-10,0.0026007463451400504,0.001219562197434175,0.0013811841477058746,-0.023058705135884955
2020-07-13,-0.0052927505378668315,-0.002252902406578751,-0.00303984813128808,0.03297888107733948
2020-07-14,-0.0012196765467371517,-0.0004488807845544878,-0.0007707957621826637,0.07461031581180559
2020-07-15,0.002040502314517095,0.0009789432350681892,0.001061559079448906,-0.023360069052922552
2020-07-16,0.004894834175823186,0.0008313842516665232,0.004063449924156663,-0.06695922219694447
2020-07-17,-0.001676177759852095,-0.0015366381971303978,-0.00013953956272169752,0.05649698204260185
2020-07-20,-0.004918355296974453,-0.0010921285867232322,-0.0038262267102512197,-0.14549171796588103
2020-07-21,0.003709350036599647,0.0009622969947141085,0.0027470530418855386,-0.12357986603528152
2020-07-22,-0.011000704406656925,-0.004728190928951242,-0.006272513477705683,0.0544270228434399
2020-07-23,-0.008502061389697018,-0.0029775126406739105,-0.005524548749023107,-0.24188987843311208
2020-07-24,0.003966750916750486,0.00013311560413457402,0.00383363531261591,0.061465926421968055
2020-07-27,-0.018694933870115213,-0.008975350674295337,-0.009719583195819875,-0.13687208617375662
2020-07-28,0.004395282590475332,0.002653889125014431,0.0017413934654609,-0.0208431558746244
2020-07-29,-0.007903528997672323,-0.0023977366299223835,-0.005505792367749939,0.1010743185144193
2020-07-30,-0.0014471264754782635,-0.0017271896050393065,0.00028006312956104385,0.11221337873089406
2020-07-31,0.005928219260778656,0.0029356899302918574,0.0029925293304867966,-0.17154182249300293
2020-08-03,0.007431926872974091,0.004620750934131628,0.0028111759388424595,0.0022909988771511176
2020-08-04,-0.010052321167485109,-0.003140209516035119,-0.0069121116514499915,0.035413411809172735
2020-08-05,8.813776707656943e-05,-0.0002917224232061972,0.0003798601902827662,-0.009834296005510845
2020-08-06,0.002379664269030933,0.001963121546757148,0.00041654272227378483,-0.019062170390976428
2020-08-07,-0.0005746830909637989,-0.0003997003992147962,-0.00017498269174900244,-0.024816963196368405
2020-08-10,-0.0012682643192899784,-0.0003589334750576014,-0.0009093308442323766,-0.0061789701171973905
2020-08-11,-0.001271391206556058,0.00023186849259092864,-0.0015032596991469858,0.03399516939591053
2020-08-12,-0.00022851967499018565,0.001143620486163341,-0.0013721401611535254,-0.0661456485057482
2020-08-13,0.002158817045023013,0.001868089256998909,0.0002907277880241045,-0.10300356833401972
2020-08-14,-0.004125594820149547,-0.0026680394288894666,-0.0014575553912600798,0.07247627726479307
2020-08-17,-0.006546644949314135,-0.002965430811013336,-0.0035812141383007954,0.07550441638055198
2020-08-18,0.004225791479231376,0.001530815273565857,0.0026949762056655193,0.030413584326775125
2020-08-19,0.004766215510734819,0.001279663544190195,0.003486551966544623,-0.04491672948257307
2020-08-20,0.001884071884722968,-0.0002503543595220156,0.0021344262442449836,-0.06596419184543689
2020-08-21,-0.0029860653212616848,-0.0019543399503005594,-0.001031725370961125,0.107034231663826
2020-08-24,-0.004307533443045215,-0.002350976297533546,-0.001956557145511668,0.024200562779237475
2020-08-25,0.007104925868467423,0.003101515923355434,0.004003409945111988,-0.06925404483712296
2020-08-26,0.0015876926902973001,0.0015193392157636337,6.835347453366556e-05,0.0800489304094882
2020-08-27,-0.005029394550528112,-0.003540266262336475,-0.0014891282881916382,-0.027855940893546767
2020-08-28,0.0055067378888595826,0.0026730617157548356,0.0028336761731047487,0.15874406833043198
2020-08-31,-0.0022644804911796552,-0.002623497870074821,0.0003590173788951675,-0.11527218446566456
2020-09-01,0.01103810678634009,0.004367476648061485,0.006670630138278602,-0.026982688677951932
2020-09-02,-0.007780359812597555,-0.0037751115689030057,-0.004005248243694548,-0.10980599220217857
2020-09-03,-0.0017177374785900148,0.0004759334380822107,-0.002193670916672226,0.048155168359149625
2020-09-04,-0.007829583048350765,-0.002977802057030212,-0.004851780991320557,-0.027112797955573552
2020-09-07,0.0031043998917581147,0.0006452145377752131,0.0024591853539829025,0.11101090928321355
2020-09-08,-0.0015604734739443527,0.0009082087985284458,-0.002468682272472799,0.06500201979561306
2020-09-09,0.007908448910757204,0.0030055322806873115,0.004902916630069893,-0.01089881619173497
2020-09-10,0.003913316119318789,0.0018988962446512018,0.002014419874667588,-0.009692231541053933
2020-09-11,-0.0007506081269431008,3.294836934092382e-05,-0.0007835564962840255,-0.09251008155257479
2020-09-14,-0.0006387132271496645,0.00021522446606277688,-0.0008539376932124431,0.11944354381898674
2020-09-15,-0.006028634476872267,-0.0034261361015814496,-0.0026024983752908184,-0.1268809958395643
2020-09-16,0.008875127088965163,0.004812870224326613,0.004062256864638552,-0.12862681094900377
2020-09-17,-0.008386248506018717,-0.0031507029998242226,-0.005235545506194494,0.061133828308114445
2020-09-18,-0.009502946881757788,-0.004321434899868106,-0.00518151198188968,-0.03337038607241276
2020-09-21,0.0037838856986000865,0.001514112454371751,0.0022697732442283356,-0.09930421885660973
2020-09-22,-0.0022198627498959396,-0.0017086829998010583,-0.0005111797500948825,0.067970855085464
2020-09-23,-0.007557828132358119,-0.003858248606736725,-0.003699579525621394,-0.04653418622641859
2020-09-24,0.004979483273298021,0.0022705355725076357,0.0027089477007903855,0.03174904198336663
2020-09-25,-0.0035055361467983587,-0.0021379110273088368,-0.0013676251194895232,0.07374086023025593
2020-09-28,0.0022699346728140457,0.0007517510925612245,0.0015181835802528226,-0.10576755240572122
2020-09-29,0.0055153166565849315,0.0022196741185551306,0.0032956425380298027,-0.015150354402925371
2020-09-30,-0.007948764831164546,-0.0027872894237155575,-0.005161475407448988,-0.01669243785192628
2020-10-01,-0.00109642286764847,-0.0007623728704153623,-0.00033404999723310826,-0.030554930811587874
2020-10-02,-0.0013382401630031874,-0.0005917365567969938,-0.0007465036062061945,-0.07249463840724692
2020-10-05,-0.002018329138040678,-0.0012625292579271355,-0.0007557998801135416,-0.020435607426471658
2020-10-06,-0.004997374722834374,-0.0020859588270393924,-0.002911415895794982,-0.06028477761630653
2020-10-07,-0.0015677945723174414,-0.0016805551839788506,0.00011276061166140897,-0.10301005835242831
2020-10-08,-0.004709765065903938,-0.0035651244987438147,-0.0011446405671601233,0.22331792073166584
2020-10-09,-0.008157650154781076,-0.004094258226042043,-0.004063391928739031,0.019714219952867047
2020-10-12,0.017862713519491556,0.008102358017734696,0.009760355501756864,-0.22367026306091065
2020-10-13,0.0017946264189103117,0.0019281792844854338,-0.00013355286557512752,0.011516092222460412
2020-10-14,-0.017289492509923156,-0.007330026464536527,-0.009959466045386632,0.09821491286685814
2020-10-15,0.0007839156988406883,-0.0008631269560091265,0.0016470426548498155,0.21220105784806664
2020-10-16,0.00834316221040081,0.005325677391064345,0.003017484819336464,-0.20652206520210584
2020-10-19,0.018196121379400795,0.007909574169504413,0.010286547209896382,-0.04025575238378514
2020-10-20,-0.016254688315103495,-0.007704378870392025,-0.008550309444711468,-0.04652257539456276
2020-10-21,-0.0028811055020694096,-0.0011872647984425954,-0.0016938407036268142,0.18965549500582995
2020-10-22,-0.003574812203985093,-0.003706306144355037,0.00013149394036994456,0.05031528954240739
2020-10-23,0.013776039287262263,0.007561914659949494,0.006214124627312769,-0.009037692861286296
2020-10-26,0.003307727802009535,0.0020424215670094073,0.001265306235000126,0.003115704867673883
2020-10-27,-0.00076974277606416,-0.0014904608743013179,0.0007207180982371584,-0.032637884224112776
2020-10-28,0.00035351869260483843,0.0014662920385682485,-0.0011127733459634099,0.14955877652173777
2020-10-29,-0.0022034435894973965,-0.001471344450722934,-0.0007320991387744616,0.04999534700962154
2020-10-30,0.01148604352533741,0.005355583588529299,0.006130459936808113,-0.04939208334113693
2020-11-02,0.0033557193909349034,0.0017107905544962235,0.001644928836438679,-0.035360214870730815
2020-11-03,-0.0033493009596007864,-0.0014251409146155553,-0.0019241600449852302,-0.07521614217024751
2020-11-04,-0.0022716036635511624,-7.458671566125165e-05,-0.0021970169478899115,0.021507947785903973
2020-11-05,-0.005523238801154393,-0.0034955924441542312,-0.0020276463570001618,0.006532622289618233
2020-11-06,0.001747276442582226,0.0015209027182170945,0.0002263737243651323,0.012367113317368792
2020-11-09,0.0004247560681372777,0.0005065913145324025,-8.183524639512451e-05,0.032228493051489365
2020-11-10,0.0009406201947215844,0.0011388847937395512,-0.00019826459901796639,-0.04987608265082145
2020-11-11,0.0023101558240908125,0.00046609416894471435,0.001844061655146099,-0.042155886180059526
2020-11-12,-0.003996085208514567,-0.003018365802220208,-0.0009777194062943573,-0.06315471653908507
2020-11-13,-0.003574106270681258,-0.0018282357744971822,-0.0017458704961840774,0.1417779801237465
2020-11-16,-0.005445086314960324,-0.0026799739828575206,-0.0027651123321028037,-0.17855747260785634
2020-11-17,0.013165377604920984,0.005189924131803679,0.007975453473117301,0.16419283551861996
2020-11-18,-0.01451880108167876,-0.007678204239976585,-0.006840596841702172,0.11245967934089757
2020-11-19,0.01339536056841021,0.004256482885237863,0.009138877683172347,-0.032303348946373774
2020-11-20,0.008466716735783746,0.0038914285273599046,0.004575288208423839,0.07914202658341907
2020-11-23,-0.002236001374569413,-0.001038189062119733,-0.0011978123124496802,-0.08813353694414132
2020-11-24,0.0058023630397947045,0.0004775947375277433,0.00532476830226696,0.04434274916064417
2020-11-25,-0.0067201470760247075,-0.003194960903763544,-0.0035251861722611633,-0.08524171230070031
2020-11-26,0.003061707183309084,0.002176510827858562,0.000885196355450521,0.15625458652383423
2020-11-27,-0.006794529536935583,-0.005362570413390583,-0.001431959123544999,-0.10811629293965584
2020-11-30,0.012404738731855627,0.007032542045207064,0.005372196686648562,0.00023419871179296788
2020-12-01,-0.007482324111130707,-0.004542660029455869,-0.0029396640816748377,-0.012389123249755352
2020-12-02,-5.679048249949796e-06,-0.0002587356129384599,0.00025305656468850926,-0.08704256312189752
2020-12-03,-0.000838209475335226,0.00023504602174821178,-0.0010732554970834373,0.1324908913225853
2020-12-04,-0.006817215434341882,-0.004264247037609184,-0.002552968396732698,0.07959431483875987
2020-12-07,0.010269953822678923,0.005218942777026626,0.0050510110456523,0.16247650868826272
2020-12-08,0.006311068080934594,0.002877974596698321,0.0034330934842362708,-0.002545579790686092
2020-12-09,0.014887377764001918,0.007236477654817525,0.007650900109184396,0.13815305920128504
2020-12-10,-0.00023373005812318132,-0.0005525973781188268,0.000318867319995645,-0.003596857905745804
2020-12-11,0.009135931090547993,0.0026231551637604412,0.006512775926787548,0.020564631642472242
2020-12-14,-7.208895665901556e-07,0.0017665874109381967,-0.0017673083005047899,0.147757744181825
2020-12-15,0.0014677301151383502,-0.0014960583859672649,0.002963788501105612,-0.004765559324054967
2020-12-16,0.010987381513330573,0.004212271134483333,0.006775110378847237,0.14210212407639033
2020-12-17,-0.0004119702208293689,-0.000760099059672649,0.00034812883884328266,0.0713011612374485
2020-12-18,0.010053606340582121,0.005158443652243399,0.004895162688338724,0.04176751021047824
2020-12-21,0.0043727942008526255,0.0026894226127703227,0.001683371588082302,-0.0828593176454088
2020-12-22,0.0030479234143869177,0.001849943350870767,0.001197980063516151,-0.07374213687034438
2020-12-23,-0.00593937308801542,-0.0034532294520778746,-0.0024861436359375436,-0.036596003287948486
2020-12-24,-0.004507444357265215,-0.0013305500760195559,-0.003176894281245659,0.004778574064780478
2020-12-25,-0.0023367998738804165,-0.0006696265260294661,-0.0016671733478509495,0.015969359224307093
2020-12-28,0.00035748876215599586,0.000625251635333066,-0.00026776287317706836,-0.12514200665117703
2020-12-29,0.0009941867515347756,-0.0007517519548445976,0.0017459387063793724,0.10735055373521638
2020-12-30,-0.008516685917439528,-0.0026358362256069306,-0.0058808496918325995,-0.16555770246254572
2020-12-31,0.006462575032537619,0.003568646736373827,0.002893928296163792,-0.007552962406793412
2021-01-01,-0.011388232085150246,-0.0048761939172036976,-0.00651203816794655,0.03970830652253665
2021-01-04,-0.0006886197329125021,-0.0010195603959176035,0.00033094066300510053,-0.0313301132557786
2021-01-05,0.002859185935948493,0.0010548026815033057,0.0018043832544451868,-0.06995327294245089
2021-01-06,-0.002304160712157109,-0.00014953186674399044,-0.0021546288454131184,0.048491536916157416
2021-01-07,-0.005413116840675504,-0.0017755463925624888,-0.003637570448113015,-0.1119307348357836
2021-01-08,0.0029183404878132084,0.0022234698618754664,0.0006948706259377428,0.023399323856504128
2021-01-11,-0.007588493618978053,-0.003484847984902343,-0.00410364563407571,0.00836775212477909
2021-01-12,0.0017173149464875974,-0.0005010163542255742,0.00221833130071317,0.026614922627649307
2021-01-13,0.0007151642674937203,0.0012662884294637553,-0.0005511241619700347,-0.04724044131989754
2021-01-14,0.0016374640486822765,0.0012586921285554133,0.00037877192012686356,0.0994994795629486
2021-01-15,-0.0029383814747273676,-0.0009896224983927115,-0.0019487589763346538,-0.1099373255609462
2021-01-18,0.0067227710245288674,0.0036993882930315605,0.003023382731497307,0.1584244086259526
2021-01-19,-0.007675680018437032,-0.003631378103808652,-0.00404430191462838,0.04093004194515396
2021-01-20,0.011992493790331904,0.004857419778360738,0.007135074011971165,0.015295017840374578
2021-01-21,0.00269155886654791,0.0005252751336196773,0.0021662837329282335,0.09759297999928385
2021-01-22,0.0010052527689547585,0.0003694242252723478,0.0006358285436824113,0.07378247663613437
2021-01-25,0.006963807887282524,0.0023352220628855736,0.004628585824396949,-0.032406378852310916
2021-01-26,0.004342582118830219,0.0012935957038094203,0.0030489864150208,-0.008023723197040552
2021-01-27,-0.002154116713035162,-0.0005038191571936773,-0.001650297555841486,0.047963106632183485
2021-01-28,-0.0004102792424754138,0.0008421079191571726,-0.0012523871616325851,0.113365269461859
2021-01-29,0.0029938417205127893,0.001108775427398679,0.00188506629311411,0.05275224287113425
2021-02-01,0.007450241131475596,0.00324090261554699,0.004209338515928606,-0.07558692012492427
2021-02-02,0.0035715642206648928,0.0030071253682979566,0.0005644388523669357,0.05570768379966399
2021-02-03,-0.005293596602105155,-0.000989627853510095,-0.00430396874859506,0.05289000179274259
2021-02-04,0.0038298363502385466,0.0009580890355551271,0.002871747314683419,0.11050502832939084
2021-02-05,0.003292857092243867,0.000706219314451537,0.002586637777792328,0.05220250595538819
2021-02-08,0.0073366643940070905,0.0026720474211356874,0.004664616972871403,0.06012447673815119
2021-02-09,0.0031521247829467696,0.0005694729689083907,0.0025826518140383775,0.13340410962542396
2021-02-10,0.004127641081134567,0.002958470581763387,0.0011691704993711804,-0.028620901865111025
2021-02-11,0.009303234007015203,0.004224371938518677,0.005078862068496524,0.11041907022018126
2021-02-12,-0.0018280332377288268,-0.0011091286013578342,-0.0007189046363709935,0.02806614267841207
2021-02-15,0.0065848414252437405,0.003095385130897107,0.0034894562943466336,-0.014128512435811704
2021-02-16,0.0018027779486425805,0.0022888382956323854,-0.0004860603469898045,0.06417153432422606
2021-02-17,-0.0007464838091771119,0.0010655525109431983,-0.0018120363201203091,-0.0199451990075592
2021-02-18,0.004186025069118735,0.0015651050125875879,0.0026209200565311484,-0.0722879454546562
2021-02-19,-0.0012814781040314867,-0.0007457988764289296,-0.0005356792276025577,-0.019570673041556963
2021-02-22,-0.00454446916415048,-0.002024236264486678,-0.0025202328996638008,-0.057619138339787025
2021-02-23,-0.0012495977274962142,-0.0008205592157794926,-0.0004290385117167207,0.003424363639056584
2021-02-24,-0.004369239661040942,-0.0024619514106286235,-0.0019072882504123194,0.06565572472120093
2021-02-25,0.0001496538886336064,-0.0006908217833146227,0.0008404756719482265,-0.006769194395539183
2021-02-26,0.004525197356715922,0.002942449660867267,0.0015827476958486545,0.019703774810657767
2021-03-01,-0.0004985157228255698,-0.00019610975085410922,-0.0003024059719714605,0.0178742788041961
2021-03-02,0.0013332388404512698,-0.0006292149296545629,0.0019624537701058344,0.17128010111527492
2021-03-03,0.0013270061162497708,0.001037318659895713,0.00028968745635405855,-0.02153468617713534
2021-03-04,0.012403126337746921,0.006090327960072516,0.006312798377674406,-0.033367243840502304
2021-03-05,-0.0014286280585449973,-0.0008050526511979573,-0.0006235754073470404,0.00856826091705791
2021-03-08,-0.002215337954370212,-0.0013115657629438407,-0.0009037721914263719,-0.07315930827658808
2021-03-09,0.00042189059491027747,-0.0010750702447301658,0.0014969608396404425,0.026209844347075507
2021-03-10,-0.00643557233551815,-0.0046943063655144465,-0.0017412659700037046,-0.024152112683016484
2021-03-11,0.0018490204750630165,0.0002365843217738521,0.0016124361532891644,0.04575002484156404
2021-03-12,-0.0015766172405867567,-0.0006534169481181877,-0.0009232002924685718,-0.006901626263269109
2021-03-15,0.0029091093563197758,-0.0002720424147793672,0.0031811517710991395,0.03678580687573345
2021-03-16,-0.0004633725381092339,-0.00014952777625733792,-0.0003138447618518947,0.0029570334552961905
2021-03-17,0.002164905494384754,-0.0008024121430820954,0.002967317637466849,-0.032802933455555364
2021-03-18,0.00021258768990424536,0.00048053778249434846,-0.00026795009259010516,-0.05251890024684589
2021-03-19,-0.002422070137097909,-0.0026354202077670304,0.0002133500706691209,-0.0031313811106866126
2021-03-22,-0.004057786200607303,-1.3895602172311027e-05,-0.004043890598434993,0.104525429869529
2021-03-23,-0.00028155927127569225,-0.0004122252426619795,0.0001306659713862894,-0.1006461483566809
2021-03-24,0.008279144865435907,0.00456871562312159,0.0037104292423143174,-0.09185522923405173
2021-03-25,-0.007877820154302242,-0.006466906077864614,-0.0014109140764376274,0.087367099834592
2021-03-26,-0.006634168824065874,-0.003372680577092717,-0.003261488246973157,0.1325400463402326
2021-03-29,0.006449441074908689,0.003066332005190228,0.0033831090697184606,0.08284994725344311
2021-03-30,0.009982405492302095,0.005762914882590341,0.004219490609711755,0.03282755172275956
2021-03-31,0.005675352136721728,0.0032167151739217123,0.0024586369628000135,0.10669525980137637
2021-04-01,0.0019967113449119037,-0.0009422454735316579,0.0029389568184435616,-0.012444833173240044
2021-04-02,0.006914180603153299,0.0022651008889241,0.004649079714229204,-0.05330145273826553
2021-04-05,-0.0011689354719220555,-0.002957425350021175,0.0017884898780991193,-0.047373883049548704
2021-04-06,-0.004486425253127687,-0.002163901219447456,-0.00232252403368023,-0.028986635237027502
2021-04-07,-0.00331006871810867,-0.002518149940681195,-0.0007919187774274739,-0.1682804956003308
2021-04-08,-0.0017900230235623187,-0.0002123262935688243,-0.0015776967299934962,-0.11409376322776775
2021-04-09,-0.010124527471030776,-0.005063942691848366,-0.00506058477918241,0.08482109332011302
2021-04-12,-0.007755064481699388,-0.006050735399690369,-0.0017043290820090186,0.05699560575366187
2021-04-13,0.0056823304571654455,0.0026768095012633638,0.0030055209559020817,0.09104096176161915
2021-04-14,0.0037754708321138643,0.0016581307152337774,0.002117340116880086,0.024754546130269898
2021-04-15,0.005119732420926323,0.0015017843650705423,0.003617948055855781,-0.030491869771131004
2021-04-16,0.001463158464216759,0.00018971999939786143,0.0012734384648188965,0.024870429958730123
2021-04-19,-0.0018003647296981535,-0.0021568514001120056,0.0003564866704138525,-0.14332484057054
2021-04-20,0.001594209880766419,0.0012701458806907845,0.0003240640000756346,0.15013825506526265
2021-04-21,-0.00871417945540411,-0.004463120352042278,-0.004251059103361832,0.012552961865139196
2021-04-22,0.010393127483021262,0.005147179464044315,0.005245948018976945,0.14104100271691142
2021-04-23,0.0008847837516533122,0.0002507039476176108,0.0006340798040357018,0.06326322054738902
2021-04-26,0.007859923635559728,0.0032140969311200956,0.00464582670443963,-0.03194345056757424
2021-04-27,0.0037576889289948007,0.0020766878580106072,0.0016810010709841932,-0.0020584520851409317
2021-04-28,-0.001738578053643834,-0.0011369998575622283,-0.0006015781960816043,-0.05191935865981937
2021-04-29,-8.54194375032374e-05,6.244273648745632e-05,-0.00014786217399069415,0.03605852001846553
2021-04-30,-0.0031928890532838474,-0.0022538695109073845,-0.0009390195423764638,-0.19426666257557595
2021-05-03,0.0022871184496722494,0.0009133192722643561,0.0013737991774078924,-0.046834519220555766
2021-05-04,-0.012591408204641021,-0.007675247325211767,-0.004916160879429254,-0.08209096904853297
2021-05-05,-0.0032120217403775195,-0.0020152127630720974,-0.0011968089773054212,0.041161116475431796
2021-05-06,-0.005649669787751474,-0.001628454129774106,-0.004021215657977369,0.11222808754093842
2021-05-07,0.002838278633573117,0.0018585905442468874,0.0009796880893262298,-0.03039028719496744
2021-05-10,0.00727029168885337,0.0035457335185282088,0.003724558170325162,-0.05702108016931969
2021-05-11,-0.0019286010155888348,-0.0012859190801992604,-0.0006426819353895705,-0.002299615369731665
2021-05-12,-0.003449826226601056,-2.002389330024723e-05,-0.003429802333300813,0.1614408675186079
2021-05-13,-6.18501076372895e-05,0.000903013587922212,-0.0009648636955595022,-0.005439764889239242
2021-05-14,0.010390466410666536,0.0066477737846133075,0.0037426926260532324,-0.10911245490462891
2021-05-17,-0.0005976871764460058,-0.0025273494420498203,0.0019296622656038136,0.006954511478285599
2021-05-18,-0.006619407619101777,-0.003642240012578568,-0.0029771676065232077,0.11015188751767033
2021-05-19,0.00035987318421819205,-0.0005346991275902314,0.0008945723118084232,-0.08022924179550585
2021-05-20,0.007298989658754849,0.002036226174696317,0.005262763484058531,-0.07029050321090285
2021-05-21,-0.00534073100594449,-0.002754761634754877,-0.0025859693711896125,-0.03416375274891849
2021-05-24,-0.0046915319341542736,-0.003078116495129987,-0.0016134154390242865,-0.02104894880766533
2021-05-25,-0.0024921431349056522,-0.003068607043203408,0.000576463908297757,0.1481081733670436
2021-05-26,-0.0014623930872058948,-0.0015390993736338994,7.670628642800388e-05,-0.11206340864364059
2021-05-27,0.009757732770036328,0.005984183394419057,0.003773549375617271,0.03772529855759379
2021-05-28,-0.008007982495216202,-0.005526573380258766,-0.002481409114957434,0.025345775921446132
2021-05-31,0.0025262608661213394,0.0014930895185698428,0.001033171347551496,0.006118074361552162
2021-06-01,0.0015368883601331882,-0.002587890409236685,0.0041247787693698724,-0.0191709888844409
2021-06-02,0.00031505063453869924,-0.0008187279738823688,0.001133778608421069,-0.04145454261985334
2021-06-03,-0.00161092837277416,-0.0016022937729821569,-8.634599792002075e-06,0.03972732747208478
2021-06-04,-0.0033799275781148394,-0.002770031052901606,-0.0006098965252132327,0.06028442004995712
2021-06-07,0.0026542086036495907,0.00019495527448620126,0.002459253329163389,-0.006666758352724223
2021-06-08,0.004724747599415545,0.00019681102650858165,0.004527936572906965,0.10921036384441725
2021-06-09,-0.0004942795584365003,-0.0001980735768847726,-0.0002962059815517278,0.14178703528301806
2021-06-10,0.008162503915134504,0.002847998022768375,0.0053145058923661295,-0.031942571665609515
2021-06-11,0.01072210051947253,0.00635421272509136,0.004367887794381168,-0.04492353100999142
2021-06-14,-0.0021712867870806287,-0.0014235378604798834,-0.0007477489266007461,-0.06906842808783087
2021-06-15,-0.0030203926952557113,-0.002132580821303645,-0.0008878118739520623,-0.042993290521885066
2021-06-16,-0.0038803272023746685,-0.0012726184264628057,-0.002607708775911863,-0.05369239017744953
2021-06-17,-0.003329281407514406,-0.002637772130867041,-0.0006915092766473663,0.012115581267387245
2021-06-18,-0.003929001709496996,-0.002243239367656691,-0.0016857623418403134,0.1725109463300252
2021-06-21,0.0010574917536170312,-0.0003800705969216611,0.0014375623505386917,-0.0025620944703588326
2021-06-22,0.01627336643739833,0.00708692011398121,0.00918644632341712,0.12954521795398352
2021-06-23,-0.0003428202849379595,-0.0012106384318923778,0.0008678181469544185,0.015173637064024848
2021-06-24,0.009192762807093847,0.0040016215328634655,0.005191141274230385,0.04112138633255085
2021-06-25,0.0011411897685490813,0.0019305431692343607,-0.0007893534006852814,0.11508409052586081
2021-06-28,0.0031225771265103045,0.0025827231815923266,0.0005398539449179771,0.02658469512040771
2021-06-29,0.007397634378328411,0.005062586675718978,0.0023350477026094305,0.02648916422377921
2021-06-30,0.0017054592188616687,0.0024800218633343075,-0.0007745626444726345,0.05165074073456282
2021-07-01,0.0017290541232874304,0.0004553998432250566,0.0012736542800623743,0.03881418330599578
2021-07-02,0.0028642713820000937,0.0013996297483310485,0.001464641633669046,0.09683721336748786
2021-07-05,0.002273295742836958,-0.0005863064976649674,0.002859602240501925,-0.06609341162060436
2021-07-06,0.006076170295825826,0.0033739839422554383,0.0027021863535703866,0.15633780090380825
2021-07-07,-0.004212755125813266,-0.002863930049819648,-0.0013488250759936186,-0.018050863012560103
2021-07-08,0.008942376687308686,0.0033383991869628893,0.005603977500345797,0.05923834361498815
2021-07-09,-0.0010759925710771949,-0.0013680571540080023,0.0002920645829308059,0.21091275533724851
2021-07-12,0.003416332857859666,0.0012831347846951457,0.0021331980731645207,-0.0824616577761844
2021-07-13,0.012042585725807992,0.005324728305054123,0.006717857420753868,0.04929786475395563
2021-07-14,-0.005221795338948987,-0.0036236821004507064,-0.0015981132384982819,0.011380533544353318
2021-07-15,0.0028428479856710954,0.002539354598369757,0.00030349338730133527,-0.010105775579024713
2021-07-16,0.0006518930611737884,0.000650203777131049,1.6892840427407477e-06,0.025316209097437658
2021-07-19,-0.0005498748068325933,0.0008668480547438951,-0.0014167228615764884,-0.0370930892135774
2021-07-20,0.0016578296223532416,0.0014846909581709752,0.00017313866418226624,0.031117585969657396
2021-07-21,-0.0022696764901759107,-0.0003799358073790539,-0.0018897406827968564,0.011773524031961793
2021-07-22,0.0017549588737061678,0.0002885903092212814,0.001466368564484886,0.025238303842763227
2021-07-23,0.0006883179368700866,0.00020267949356097496,0.0004856384433091108,-0.0006261129881908058
2021-07-26,0.0014093968398471552,-7.115025707413875e-05,0.001480547096921296,0.027000034328554117
2021-07-27,1.6174118930940493e-07,0.00012963789388374913,-0.00012947615269443973,0.028322741538006395
2021-07-28,0.0015327163301369685,0.0010363068977069438,0.0004964094324300243,-0.11832132877944053
2021-07-29,0.001840709614379391,0.0014328260754084762,0.0004078835389709143,-0.05578196624141047
2021-07-30,-0.006635391211807999,-0.0028716408086555192,-0.0037637504031524764,0.019656220152863575
2021-08-02,-0.0037713747345970734,-0.002443894824189793,-0.0013274799104072794,0.131265269297423
2021-08-03,0.001217339193568162,-5.1036424793576146e-05,0.0012683756183617394,-0.0016808599048795073
2021-08-04,0.008129253634495345,0.002590971805228994,0.005538281829266352,-0.07688968338961277
2021-08-05,-3.3026237878826248e-06,0.0013169746471677346,-0.0013202772709556155,0.0694476672183343
2021-08-06,-0.004820177499611117,-0.0021639521752080263,-0.002656225324403091,0.15497457161767314
2021-08-09,0.0050333239054478895,0.002251297382366629,0.0027820265230812623,-0.07504784536715832
2021-08-10,0.00979262064315596,0.004322089820920631,0.005470530822235327,-0.09585375451455942
2021-08-11,-0.004274246846681537,-0.0008540686765688681,-0.0034201781701126664,-0.013512832055623236
2021-08-12,-0.006068399867374908,-0.0025314119326263484,-0.0035369879347485617,-0.03171357033142661
2021-08-13,-0.000840835643025478,0.0005007559789106161,-0.0013415916219360943,0.09667303102195399
2021-08-16,-0.0021369719189425255,-0.0006660882692371833,-0.0014708836497053408,0.17380644478130977
2021-08-17,0.006319178120903717,0.0030813347288232533,0.0032378433920804642,-0.08653204519796673
2021-08-18,0.013773157377160788,0.007991601412125744,0.005781555965035046,0.07883659223696503
2021-08-19,-0.005383766225809428,-0.0025879905124263046,-0.0027957757133831255,-0.056863065592522834
2021-08-20,0.005030770031881972,0.0013266753270385868,0.0037040947048433844,0.02576025793727872
2021-08-23,-0.004099025703158355,-0.0016618681331872637,-0.0024371575699710917,-0.03510470841565022
2021-08-24,0.0017907959465035712,0.0012537854551835084,0.000537010491320062,-0.015260309178777113
2021-08-25,-0.002029285613949598,-0.0009172790079808018,-0.0011120066059687947,0.10172419855734226
2021-08-26,-0.0009923129346264313,-0.0008042692625093648,-0.0001880436721170657,0.051868884399206755
2021-08-27,0.006909210870808344,0.003868555637740221,0.003040655233068124,0.09225062482948565
2021-08-30,0.003326986417571171,0.0012814296042564302,0.0020455568133147424,0.034716448842506284
2021-08-31,0.006004244830837863,0.0028649620112069403,0.003139282819630924,0.023351312867168683
2021-09-01,0.0020158888222215924,-0.0003558235211376815,0.002371712343359275,-0.07496112049750106
2021-09-02,0.0016554389929237746,-0.00011914610379009684,0.0017745850967138717,0.000929620961244548
2021-09-03,-0.005846496306587696,-0.0015196669929498398,-0.004326829313637856,0.06393424404157426
2021-09-06,2.332762950020724e-06,-0.00011820586162495164,0.00012053862457497497,0.10527653501903687
2021-09-07,0.0043381495327799785,0.0031600201794463444,0.0011781293533336332,0.04239295443315212
2021-09-08,0.006258697224316713,0.002715171096781332,0.00354352612753538,-0.007388422881946331
2021-09-09,0.002678632966102673,0.0010511081584980025,0.0016275248076046706,0.10019334241821731
2021-09-10,-0.0005511356915988536,-0.0015492776947637664,0.0009981420031649124,0.01210502403360203
2021-09-13,0.00662235461940267,0.002850220093964009,0.0037721345254386595,-0.057162600988732416
2021-09-14,0.0006805473235951391,0.000758153485976033,-7.760616238089262e-05,0.05283899833644367
2021-09-15,-0.0035040383141186964,-0.0009082180704936852,-0.002595820243625012,-0.10817671623464035
2021-09-16,0.0030991976492713187,0.0019908336796501053,0.0011083639696212117,0.03429766882824919
2021-09-17,-0.006860088790834282,-0.004507702951055129,-0.0023523858397791536,-0.05762980946709813
2021-09-20,0.00222212790667822,0.0017210433821828316,0.0005010845244953896,0.18099266887315488
2021-09-21,-0.0037549172990770903,-0.0010709459073325323,-0.0026839713917445607,0.0724698744696996
2021-09-22,0.012069162697702755,0.004041823789012414,0.00802733890869034,0.18263539446158666
2021-09-23,0.004471738308009487,0.001958347884113379,0.002513390423896108,-0.07601593598432313
2021-09-24,0.0125304056225078,0.004990745069774436,0.007539660552733364,-0.036117245618688544
2021-09-27,-0.004829362869182089,-0.001997257098924475,-0.002832105770257616,-0.10712129643921417
2021-09-28,-0.002064319009317475,-0.00034924902362505053,-0.001715069985692424,0.15732759100910326
2021-09-29,-0.005921709452174398,-0.002071615138364302,-0.003850094313810095,0.05872473388756895
2021-09-30,0.009373304903318946,0.003791046185815815,0.005582258717503131,-0.08799638582423787
2021-10-01,0.003475537783792412,0.0011263788138345574,0.002349158969957854,0.0407778189367102
2021-10-04,-0.00517670706733496,-0.0017892188237573704,-0.0033874882435775905,0.11029084219543467
2021-10-05,0.002400890412954398,0.0008132830943908395,0.0015876073185635588,-0.06346085070821884
2021-10-06,0.005900774122741749,0.0016987030526229218,0.004202071070118828,0.014165259905555677
2021-10-07,-0.004051516587164775,-0.002697484548494842,-0.0013540320386699319,0.0803817845470048
2021-10-08,0.0008599866060649636,-0.00044908012149810425,0.0013090667275630682,-0.07081089135024558
2021-10-11,0.0049525281064472845,0.0031178688225265427,0.00183465928392074,0.046917497497924926
2021-10-12,-0.004270604520863902,-0.0030009467270148936,-0.00126965779384901,0.0701678223361424
2021-10-13,0.002898119739414918,0.0011787044978286282,0.001719415241586291,0.12262649150058637
2021-10-14,0.004921041653783292,0.0029656933282929216,0.0019553483254903725,-0.00484517454976674
2021-10-15,0.00782993999011755,0.0026083703080754844,0.005221569682042065,0.041993703262852
2021-10-18,-0.0004474758878129492,-0.0015664028545472062,0.0011189269667342561,0.0806550266837426
2021-10-19,0.0025789345800712304,0.0005863354784584798,0.0019925991016127506,-0.008153373815658553
2021-10-20,0.005564931593784619,0.0013533346632190607,0.004211596930565557,-0.013232056461059634
2021-10-21,-0.0004860182874353658,-0.00045374917370234833,-3.2269113733017496e-05,-0.017874098520605484
2021-10-22,-0.0007363517569670129,0.0007066340344782564,-0.0014429857914452695,0.011732974841404167
2021-10-25,-0.0012610898182769366,-0.0017777184692611024,0.0005166286509841655,0.1021204675467062
2021-10-26,0.0006592745215562861,0.00042720524579449755,0.00023206927576178982,-0.06796867844146466
2021-10-27,0.0057463631644537674,0.0033214759692451264,0.0024248871952086406,0.06391570746031205
2021-10-28,-0.0034706569230563596,-0.0024390257449759083,-0.0010316311780804513,0.04951594173486021
2021-10-29,0.003001118493726286,0.00037994284493337313,0.0026211756487929134,-0.09973650960542597
2021-11-01,0.0024308151371668875,0.0007066706463925964,0.0017241444907742914,-0.13611326484871586
2021-11-02,-0.004445275444988483,-0.0022193691645160506,-0.0022259062804724315,-0.010482808826521152
2021-11-03,-0.008970143688672355,-0.005154164939251995,-0.0038159787494203637,0.01316768904800777
2021-11-04,-0.0004728269545680023,0.0005621494504108697,-0.0010349764049788733,0.16247705985099792
2021-11-05,0.0007698159328861152,0.000796023547278318,-2.6207614392202358e-05,0.05376804140595359
2021-11-08,0.008283739540387525,0.0038919945907361277,0.004391744949651397,-0.09116514160639967
2021-11-09,0.0023862649140475338,-0.00029270815944179573,0.00267897307348933,-0.036327762718949726
2021-11-10,-0.004522858617481501,-0.0011595434949768367,-0.003363315122504664,0.08118793139048974
2021-11-11,-0.0018929309547833094,-0.0025520825178394907,0.0006591515630561817,0.06076994810391327
2021-11-12,0.005142706724996919,0.00308886856279501,0.002053838162201907,-0.07943294460436946
2021-11-15,0.0032035341929171797,0.0023982516766417918,0.0008052825162753879,0.0313803975646796
2021-11-16,-0.004440028769628424,-0.003959156839781951,-0.00048087192984647836,0.028043516856441214
2021-11-17,0.0018532465384466061,0.0019523619307676241,-9.9115392321018e-05,-0.08064058759846902
2021-11-18,0.0013980594757313249,-0.0018472142918215164,0.0032452737675528424,0.016858275336425373
2021-11-19,-0.005440281079367188,-0.0027762429744717845,-0.0026640381048954036,0.0767922907298552
2021-11-22,0.0009757320085019046,0.00037210084546323,0.0006036311630386749,0.04691569165014951
2021-11-23,0.004395309228966198,0.002509339407635893,0.0018859698213303036,0.0443762170008206
2021-11-24,0.002782436931118912,0.0015552493961544529,0.0012271875349644601,-0.042784206007191405
2021-11-25,0.002754012224737545,0.0023688028108245565,0.00038520941391298816,0.010508798295490094
2021-11-26,-0.00240400663645865,-0.0006672766188245364,-0.0017367300176341135,-0.04361047676928675
2021-11-29,0.0005960395592526332,0.0005463132791603412,4.9726280092291745e-05,0.02144856676761824
2021-11-30,-0.002461044068605598,-0.0012950883304523346,-0.001165955738153264,-0.10925824362081596
2021-12-01,0.001184616433727098,0.0005268522871847087,0.0006577641465423901,-0.0016911050826080769
2021-12-02,-0.006186934893730914,-0.0026046695927670997,-0.0035822653009638145,1.409335506741562e-05
2021-12-03,-0.00012717906880834124,-0.00043220746631013676,0.00030502839750179596,-0.035530011841719424
2021-12-06,-0.0001607704357742674,-0.0016723550094333772,0.0015115845736591096,0.09449227259578041
2021-12-07,-0.0026012761932558,-0.0015229326180143284,-0.0010783435752414715,-0.05893681888227182
2021-12-08,0.006134882366548875,0.00058249211467499,0.0055523902518738845,-0.06058876149616356
2021-12-09,-0.0038072696940246844,-0.002145679241887466,-0.001661590452137221,0.061906431949795546
2021-12-10,-0.004933612169807866,-0.0018060338241857512,-0.003127578345622113,0.16760911411776955
2021-12-13,0.003580488452760209,0.0009485204870768524,0.002631967965683355,-0.0013535662993964788
2021-12-14,0.009759614116323567,0.00546039428205416,0.004299219834269405,0.1476270950673248
2021-12-15,-2.6236278117727427e-05,0.0006364559509356047,-0.0006626922290533317,0.060122529990022724
2021-12-16,0.007933180312040974,0.005518627171498893,0.0024145531405420795,0.06326269460602639
2021-12-17,0.0035718506797290956,0.0013162264718441213,0.002255624207884976,-0.04233893453637884
2021-12-20,0.0028998427735480252,0.0004378652559599162,0.0024619775175881093,0.02902522617549043
2021-12-21,-0.0021638728054660084,-0.0013037554953621152,-0.000860117310103894,0.11456823697106172
2021-12-22,0.0016764220366410037,-0.00041546445925514427,0.002091886495896149,0.06106494163240056
2021-12-23,0.00724864915042093,0.0032063471612128825,0.004042301989208048,0.012153292308635365
2021-12-24,0.004177516622429696,0.0003409541269717171,0.0038365624954579784,0.03242016541547493
2021-12-27,0.0008020613767991849,0.0013673358826082373,-0.0005652745058090519,0.037711180609704395
2021-12-28,0.0017422890141233997,0.0007077934559911576,0.0010344955581322417,0.08430058148063727
2021-12-29,0.001967339021999665,0.0007258334697924397,0.0012415055522072256,-0.05019157933111094
2021-12-30,0.004393843419202705,0.0019783420411706738,0.0024155013780320315,0.08592806809738787
2021-12-31,-0.0026383662054341363,-0.001060583799523663,-0.0015777824059104726,0.11729689514963008
2022-01-03,0.004628051297397626,0.0007133152521973159,0.0039147360452003125,0.03181857793544483
2022-01-04,0.006766423253011245,0.002644855581199168,0.004121567671812077,-0.048644678385942317
2022-01-05,0.001599698437513045,0.0016360735293353568,-3.637509182231229e-05,-0.0744078009579577
2022-01-06,-0.002770019259341776,-0.002116734623988513,-0.0006532846353532618,-0.08515122519550451
2022-01-07,-0.003596530964560957,-0.0005071526853921223,-0.003089378279168834,-0.03627654380798213
2022-01-10,-0.00509860463124338,-0.0034161860515303545,-0.0016824185797130221,-0.007406745648654885
2022-01-11,-0.0017889286498841523,-0.0003561374234470105,-0.0014327912264371421,0.08883842423456043
2022-01-12,-0.00028035900682294194,0.0014188199458539715,-0.001699178952676914,-0.23090805797880767
2022-01-13,0.004929518881834379,0.0007793158226010264,0.004150203059233353,0.1237521961209445
2022-01-14,-0.01392109330574752,-0.008124853344705581,-0.00579623996104194,0.009469365246807531
2022-01-17,0.007237325793931678,0.0024907439182704385,0.004746581875661241,-0.03021356665645152
2022-01-18,0.0004990543513096308,-0.00021539687170511268,0.0007144512230147432,-0.05043762776403004
2022-01-19,-0.0016123257246627746,-0.0016038060517220348,-8.519672940738958e-06,-0.011115002904153962
2022-01-20,-0.0026933939897119813,-0.0005917538797204924,-0.002101640109991489,-0.09336742888527837
2022-01-21,-0.0006838013521863404,-0.00020154423841797862,-0.00048225711376836304,0.048394478389390434
2022-01-24,-0.0063631445310557986,-0.00475133827951471,-0.0016118062515410895,0.15794353517264234
2022-01-25,0.0028424592513136065,0.001187205561585994,0.0016552536897276129,-0.14326059261890675
2022-01-26,0.008659181732670294,0.00422453474331857,0.004434646989351723,0.007929755888298496
2022-01-27,-0.008368767310953307,-0.005672112502216815,-0.0026966548087364924,0.1715961531776818
2022-01-28,0.0005668877290890928,0.0008753051788819924,-0.0003084174497928992,-0.14147998540763762
2022-01-31,0.01015943010510353,0.005220944813169222,0.004938485291934311,-0.021349761242909396
2022-02-01,-0.006761849913178242,-0.0036926542273174314,-0.0030691956858608102,0.11784886287677782
2022-02-02,-0.0011966546730961427,-0.0014443451680512028,0.0002476904949550614,0.08412030862155156
2022-02-03,0.0067840198220347715,0.0011003417023767808,0.005683678119657991,0.07342949108440079
2022-02-04,0.005200183026296998,0.004690814501137848,0.0005093685251591484,0.07524561612509581
2022-02-07,0.0038076900108701423,0.0016142735003962221,0.00219341651047392,0.03691685711082441
2022-02-08,0.0033235937487525926,-6.974744085391088e-05,0.0033933411896065035,0.014140519064205364
2022-02-09,0.0019869321467301223,0.000664603308411438,0.0013223288383186838,0.1371047074865536
2022-02-10,0.0005105870340464664,-0.0009227090431096225,0.0014332960771560894,-0.03785794610518772
2022-02-11,0.009751195136690862,0.00781640451136258,0.001934790625328281,0.04668757427525456
2022-02-14,-0.0021310330648849755,-0.0005164687252887483,-0.0016145643395962276,0.09574687483484821
2022-02-15,0.0025141300233435635,0.0009960716506211649,0.0015180583727223982,0.04366026015218263
2022-02-16,0.005562519125545839,0.0030679612092612244,0.002494557916284615,-0.0897064972638966
2022-02-17,0.00230362680779726,0.001954753518748074,0.0003488732890491852,-0.026649187473501226
2022-02-18,-0.003982656358445049,-0.0015715875793814412,-0.0024110687790636076,0.007106583992211756
2022-02-21,-0.0012544874457061264,-0.00022082426889147647,-0.0010336631768146504,0.004582384244652631
2022-02-22,0.00031072620103781323,0.00027260704818855873,3.811915284925469e-05,0.12842011452812777
2022-02-23,0.00020424990982286352,5.216180640783049e-05,0.0001520881034150325,0.021571447280784844
2022-02-24,0.006240432091410235,0.0017577898773532344,0.004482642214057,0.1441354867123168
2022-02-25,0.0009455827863043876,-0.0004113365035135759,0.001356919289817962,0.05628614537501077
2022-02-28,0.006522160653366277,0.0027287180470979945,0.003793442606268283,0.07210198428186074
2022-03-01,0.0027632427389329695,0.000934783569172171,0.0018284591697607976,0.11509684957535342
2022-03-02,0.002932155063184092,0.0014915124167924308,0.0014406426463916622,0.015377167883820677
2022-03-03,0.006763565075608276,0.0035298787283205204,0.003233686347287759,0.040900027045647186
2022-03-04,0.0007801281250193493,-0.00018799078650115703,0.0009681189115205058,0.01090239153876763
2022-03-07,0.0022202851742353265,0.0018935850163175408,0.0003267001579177857,0.00021223950739298667
2022-03-08,0.0005747874869115751,0.00023803068847509548,0.0003367567984364798,0.018907040226362963
2022-03-09,3.367165527547037e-05,0.000186896160422932,-0.00015322450514746244,-0.05124003994873678
2022-03-10,0.0010096068356134846,0.00010835148936523043,0.0009012553462482537,0.09337283872688426
2022-03-11,-0.0025992006868441994,-0.0013084594712402349,-0.0012907412156039659,-0.09186664086447657
2022-03-14,0.004534388990536241,0.0010652256310969685,0.003469163359439271,0.0184547959863857
2022-03-15,-0.004397729255371195,-0.0026561604432170094,-0.001741568812154183,-0.03863554967524924
2022-03-16,0.000799749870230799,-0.0002058514189932503,0.0010056012892240493,0.06098888838010658
2022-03-17,-0.0020651650030576833,-0.0008837867715624434,-0.00118137823149524,-0.09040210857824504
2022-03-18,0.0028632887441943362,0.000812395520594476,0.00205089322359986,0.07609166971195518
2022-03-21,-0.0053258241290094635,-0.002921244526392754,-0.002404579602616709,0.03100134577507669
2022-03-22,0.00414110408720533,0.001495021238385335,0.0026460828488199944,-0.15616795315430312
2022-03-23,0.0017748038148520907,0.0003371347855558532,0.0014376690292962355,0.05347661963509863
2022-03-24,-0.008139026788941154,-0.003948869205676981,-0.004190157583264173,0.004552915332845163
2022-03-25,0.0024148544166339957,0.0008059622478959758,0.0016088921687380199,0.16811195405636958
2022-03-28,0.00011881920469733649,-0.0005058555763871953,0.0006246747810845317,-0.10130471162135343
2022-03-29,0.00723278788096379,0.0031160356216506663,0.004116752259313124,0.044903503980585784
2022-03-30,-0.004208627604265377,-0.001932369186392746,-0.002276258417872631,0.07354947825516209
2022-03-31,0.0018996059659021607,-0.0001726341996069851,0.002072240165509146,-0.011029233922169304
2022-04-01,0.0030709162789970277,0.0006074025006552238,0.002463513778341803,-0.08825184279632678
2022-04-04,-0.000609683288725018,-0.0005325189210933397,-7.716436763167793e-05,0.07247423285643065
2022-04-05,-0.0045176738261138985,-0.0016270264609944069,-0.00289064736511949,0.12888438722303666
2022-04-06,0.0030547800661239197,0.0007960381867685042,0.0022587418793554156,0.014374801450253069
2022-04-07,0.0065380676013920905,0.0024735077686767926,0.004064559832715298,-0.008241484245835429
2022-04-08,0.0007177160450985326,0.0006738395231374872,4.387652196104555e-05,0.08493352227338617
2022-04-11,-0.00039693680244230604,9.564612515526247e-06,-0.00040650141495783207,0.08459490168367817
2022-04-12,0.00393816243898007,0.0012108047940303476,0.0027273576449497227,-0.13845351842170375
2022-04-13,0.003895791649421363,0.001066141558874894,0.0028296500905464657,-0.0267058883642627
2022-04-14,-0.007861941639285584,-0.0041783277208461206,-0.0036836139184394648,-0.06884691347812494
2022-04-15,-0.0012881500825879684,-0.0005143918529900669,-0.0007737582295978991,-0.07853209435208014
2022-04-18,-0.0036764071472414634,-0.0025871008510285768,-0.0010893062962128866,-0.06796121943256139
2022-04-19,-0.0035963372119590994,-0.002902994223764808,-0.0006933429881942933,0.030072674281354416
2022-04-20,-0.004037553447919235,-0.001336239265336065,-0.0027013141825831706,0.16933769258423523
2022-04-21,0.0016119231832517258,-0.00032132569520619027,0.001933248878457916,0.046201382063877756
2022-04-22,0.00932822122397166,0.005227040042450349,0.004101181181521311,-0.04588471953878079
2022-04-25,0.002343060258957334,-5.6570469302231335e-05,0.0023996307282595636,0.0058071962376368995
2022-04-26,-0.002609187549611911,-0.0017793279036002199,-0.00082985964601169,-0.006933227497613942
2022-04-27,0.0003394437384346637,0.0002669840120048964,7.245972642976745e-05,0.0417555563303576
2022-04-28,-0.0003749396811892734,0.0006235839699034326,-0.0009985236510927067,0.058077609932284835
2022-04-29,0.00255174021155997,5.480456010398954e-05,0.002496935651455978,0.07932577298256759
2022-05-02,0.0030897432375717572,0.0013438371487443476,0.0017459060888274092,-0.026084029186288236
2022-05-03,0.004220619605070416,0.0033242387066622177,0.000896380898408199,-0.08737368522943047
2022-05-04,-0.0012980047164731748,0.0003849895541030851,-0.0016829942705762595,-0.17495757316345437
2022-05-05,-0.005357168965290246,-0.002109141641741634,-0.003248027323548614,-0.08247058698467327
2022-05-06,-0.011945456650327474,-0.0059078419939983945,-0.00603761465632908,0.09569856670040268
2022-05-09,-0.0055573174820453715,-0.0016328706907373165,-0.0039244467913080545,0.12755524708005397
2022-05-10,0.0056759601221653706,0.0023454007774553233,0.0033305593447100455,-0.10044778623452048
2022-05-11,0.008630106920063444,0.0030226296317684507,0.005607477288294993,0.024630532766287804
2022-05-12,-0.006100186900846287,-0.0029180561748773618,-0.0031821307259689256,0.05474740450407316
2022-05-13,0.0015210623821902208,-0.00016463139939029356,0.0016856937815805141,-0.00971146404309569
2022-05-16,0.003281385428364347,0.0016473276012313734,0.0016340578271329745,0.06440696165687931
2022-05-17,-0.0006761871459367929,-0.0017767055627537806,0.0011005184168169876,-0.08497389247315518
2022-05-18,0.0040872372010301965,0.0015734440021540324,0.002513793198876163,-0.07819764562562652
2022-05-19,-0.004764386458990601,-0.002534045563615133,-0.002230340895375469,-0.13381008481080528
2022-05-20,-0.004622834461848807,-0.0028682822789575122,-0.0017545521828912954,-0.03875336559016698
2022-05-23,-0.008266481670003666,-0.003270043431964459,-0.004996438238039209,-0.027202639210799722
2022-05-24,-0.002887554258269902,-0.0006789528796793468,-0.0022086013785905557,-0.06525014877971971
2022-05-25,-0.0019232053211680382,-0.0007402759469105546,-0.0011829293742574832,0.06264452832457666
2022-05-26,-0.005287920377920941,-0.004880028481777519,-0.00040789189614342386,0.03154707317838827
2022-05-27,0.005301045396720757,0.0020327494159155073,0.0032682959808052496,0.029448028347461783
2022-05-30,0.0021499644825156688,-0.0006569388293613713,0.002806903311877041,-0.07565189552457327
2022-05-31,0.002610427298336303,0.0013393653676953068,0.0012710619306409952,-0.07869670352974562
2022-06-01,-0.0062122136235234545,-0.0039828508493054224,-0.0022293627742180347,-0.10410733470419119
2022-06-02,-0.005646155906281535,-0.004161700667641963,-0.0014844552386395708,0.014116374124321639
2022-06-03,-0.006247535031579158,-0.00209827765045637,-0.004149257381122789,0.0480838128507402
2022-06-06,0.0008107362764750741,0.0009864350659977844,-0.00017569878952270954,0.09204143520068854
2022-06-07,0.002613199274154332,0.0012492671985245103,0.0013639320756298214,0.0025029952976332137
2022-06-08,0.005000680010051366,0.0013422396499919295,0.0036584403600594365,0.006532372779936895
2022-06-09,-6.592627957605307e-05,-0.001738308168380753,0.0016723818888046988,0.09927041179453967
2022-06-10,0.00045948409621649736,0.001876562260822395,-0.001417078164605897,-0.005973037009397019
2022-06-13,0.005308380116236834,0.0009701072099436176,0.004338272906293215,-0.0221170900341107
2022-06-14,-0.00038486665053302473,-0.00029555001107401876,-8.931663945900472e-05,0.13498733247812925
2022-06-15,-0.0013148018546216855,-0.00029980930522066716,-0.0010149925494010196,0.06962483945314057
2022-06-16,0.007673371339634984,0.005644014701738549,0.002029356637896436,0.07331782606250152
2022-06-17,0.0036829239912655916,0.0013267380603949463,0.0023561859308706455,-0.04044916206357679
2022-06-20,0.0033412439742081324,0.0006423227234076609,0.0026989212508004724,-0.018196121390943395
2022-06-21,-0.0015996572585997037,0.00017892486546068186,-0.001778582124060386,-0.038685698178902016
2022-06-22,-0.0009143677076301522,-0.0002980601606821509,-0.0006163075469480016,-0.021505326328055747
2022-06-23,-0.00236792031647073,-0.0011515727997697097,-0.001216347516701021,-0.07762886824807333
2022-06-24,-0.0013452503299097823,-0.0007237772898526988,-0.0006214730400570831,0.0041339448286848565
2022-06-27,-0.004342304809180549,-0.0009647909454723472,-0.0033775138637082026,0.021460696710693457
2022-06-28,0.0002819924970961105,0.00022455805908809078,5.743443800801937e-05,0.21714005162595562
2022-06-29,0.001267942422833744,0.0009736916161341615,0.0002942508066995824,-0.05883037696329641
2022-06-30,0.013621771084976943,0.005986807391542967,0.007634963693433977,0.015037624631587927
2022-07-01,-0.0030774161643604882,-0.0009235342427027257,-0.002153881921657762,-0.045711348023759875
2022-07-04,0.0007898835990210733,-0.00044286084330598385,0.0012327444423270578,-0.012537603686779185
2022-07-05,-0.002299741417537984,0.00010910468069582659,-0.002408846098233811,-0.05617891647990658
2022-07-06,-0.0006503631511452323,0.00018598107422567074,-0.0008363442253709035,0.013315173384398521
2022-07-07,-0.003092596624695825,-0.0011655079463971756,-0.0019270886782986486,0.0328998002585923
2022-07-08,0.0007618930484299627,9.719687633459075e-05,0.000664696172095372,0.025886360074263176
2022-07-11,0.00154640573501554,0.00042495849867950396,0.0011214472363360352,0.13734767281279842
2022-07-12,0.001284794751815828,-0.0004643313392809654,0.0017491260910967937,0.011935673396064156
2022-07-13,0.008225011706850938,0.004684130168463488,0.003540881538387451,-0.07743555937234352
2022-07-14,0.0006784522167475628,0.0013186983180362277,-0.0006402461012886655,-0.025854791161155067
2022-07-15,-0.004668119966461425,-0.0006803331675646303,-0.003987786798896794,0.04978990147757259
2022-07-18,-0.0013966369881546238,-0.00032381998871180376,-0.0010728169994428196,0.12970928633860082
2022-07-19,0.00326020833539095,0.0019271248988041948,0.0013330834365867551,0.048733474910654585
2022-07-20,0.008804425613209581,0.003678752233343272,0.005125673379866306,0.10104187476413848
2022-07-21,0.002607460400757688,0.001598053422392786,0.0010094069783649004,0.059801002220873783
2022-07-22,0.005673680445188383,0.0018425281158019223,0.0038311523293864617,0.02221074935805357
2022-07-25,0.0032251777721904002,0.0015620227918853695,0.0016631549803050316,0.05418276616717906
2022-07-26,0.0012277429743137247,0.001515969351045112,-0.0002882263767313882,0.044172046992179644
2022-07-27,0.0031001351309458383,0.0012447493577695326,0.001855385773176307,0.018204933378349615
2022-07-28,0.0021858193215068458,0.0008064663442476773,0.0013793529772591693,-0.05452185003032095
2022-07-29,0.0008865524513747446,0.00010838411982796049,0.0007781683315467832,0.059104834846177345
2022-08-01,-0.002313667754318541,-0.000770637263072868,-0.0015430304912456725,0.06681884250816136
2022-08-02,0.0025485476244736264,0.00039430155920583843,0.002154246065267788,0.054021931461190754
2022-08-03,0.003091787346141026,3.720614938463565e-05,0.0030545811967563905,-0.05121841760584974
2022-08-04,0.0025784920473707613,0.001102593278481897,0.0014758987688888638,0.11179303875557327
2022-08-05,-0.002747613534058144,-0.0029716575006303488,0.00022404396657220438,0.05476802530516567
2022-08-08,0.005498839215966496,0.0034547056099404373,0.0020441336060260584,-0.04564640807531292
2022-08-09,0.0030532418320558903,0.0015094361477360442,0.001543805684319846,-0.024817194202142106
2022-08-10,-0.002608361738298725,-0.00201018146632879,-0.0005981802719699355,0.001644792801894078
2022-08-11,-0.001438400614352607,-0.002305058326546332,0.0008666577121937261,0.034228258425784
2022-08-12,0.00011824696204400112,0.0005235906218361014,-0.00040534365979209993,0.044731717288614616
2022-08-15,0.0016735721937905458,0.0005802246458262265,0.0010933475479643195,0.1296448366769986
2022-08-16,0.0020340587660011167,0.0004283025603354554,0.0016057562056656617,0.06473058153893303
2022-08-17,0.005901732975492043,0.0022739665181654226,0.0036277664573266194,-0.04612725366342806
2022-08-18,0.003460003461669805,0.0023041256534298456,0.0011558778082399572,0.021332135216798713
2022-08-19,-0.0027314769344297754,-0.0024473113617543094,-0.0002841655726754668,-0.00866104291718124
2022-08-22,0.0010256029386146853,-0.0003760585969224614,0.001401661535537147,-0.0162823604230648
2022-08-23,-0.0005733095497510871,-0.0010539319761053208,0.00048062242635423316,0.02537096080698835
2022-08-24,-0.0008355138759691176,-0.0002652730709872247,-0.0005702408049818933,0.0375470372264756
2022-08-25,0.0011429410702266966,-0.0009252112404785429,0.002068152310705241,-0.03986113848307261
2022-08-26,0.0014950825375473246,0.000362414395831648,0.0011326681417156762,0.05974187204906485
2022-08-29,-0.00199320432563601,-0.0011632889295815998,-0.0008299153960544103,0.05400905055585401
2022-08-30,0.003239183273911696,0.002043376301919025,0.001195806971992671,0.025971654222125218
2022-08-31,0.002920635894988214,0.001963900505585525,0.0009567353894026883,-0.05700853099982651
2022-09-01,0.0011587578833481718,-0.00018393449193260724,0.0013426923752807795,0.06059094711523387
2022-09-02,-0.0026141596181465825,-0.0014676102047268807,-0.0011465494134197014,0.029913496210468887
2022-09-05,0.0022318589048145035,0.0004889005664397007,0.001742958338374803,0.0037174107755496037
2022-09-06,0.0012479324077789545,0.00021265423271251901,0.0010352781750664376,-0.033312861838246985
2022-09-07,0.00020287307713898802,0.00046528344386427816,-0.000262410366725291,-0.111981012226867
2022-09-08,-0.0014065916389251775,-0.0011100014404238044,-0.00029659019850137355,0.07154820644974304
2022-09-09,-0.005532914893728881,-0.0037385899208071376,-0.0017943249729217422,-0.0012423866118740164
2022-09-12,0.003049001584446713,0.001135006133436478,0.001913995451010236,-0.027962500337321058
2022-09-13,-0.00011326444153936157,-0.0010961728571336413,0.0009829084155942788,0.026910603465862416
2022-09-14,-0.0012738278924828911,-0.0011634064866232977,-0.00011042140585959363,0.020110674169396207
2022-09-15,0.001813658384536119,0.0021706325031561596,-0.0003569741186200395,0.05818051955289416
2022-09-16,0.0008468160878542955,-0.0012233526810242826,0.002070168768878576,0.013127707341381623
2022-09-19,0.0032079387190173513,0.002053909929937676,0.0011540287890796747,-0.01730929717756384
2022-09-20,0.0007321262596700091,-0.0009621056513887359,0.0016942319110587467,0.03928954395835073
2022-09-21,-0.0012516549210260465,-0.0025294403964551578,0.001277785475429111,0.10735549425537798
2022-09-22,0.0025704842037595145,0.0034744320411888886,-0.0009039478374293745,0.013702392943733856
2022-09-23,0.006333780469449979,0.0029680513937895467,0.003365729075660432,0.022867364723439473
2022-09-26,0.0006234926355187864,-0.00016960554728120102,0.000793098182799986,0.1589931422098134
2022-09-27,0.0011958798101714871,0.0011153727801155875,8.050703005589967e-05,0.0828303910110501
2022-09-28,0.008379485389318798,0.005353922313125894,0.003025563076192903,0.004804746443924146
2022-09-29,0.003924099842515493,0.0017938714664416933,0.0021302283760737993,-0.05811182398333321
2022-09-30,0.00021254395796847922,-0.0002020203401600952,0.000414564298128574,-0.047417666378506404
2022-10-03,-0.0022353065088577748,-0.0018984491441321992,-0.00033685736472557556,0.18328220447076932
2022-10-04,-0.0024025490470010688,-0.0021499592791805583,-0.00025258976782051,0.13926618363858392
2022-10-05,0.00927684300919997,0.0043937742860208386,0.00488306872317913,-0.098457105516196
2022-10-06,0.006217375977576098,0.0027232726325905564,0.0034941033449855416,-0.09245270402763547
2022-10-07,-0.004227764738584605,-0.0019506383033636374,-0.0022771264352209677,0.09873528922413084
2022-10-10,-0.003925465809698837,-0.0023078701384861696,-0.0016175956712126678,0.09845779748651459
2022-10-11,0.0043893077688824285,0.0015299737317686457,0.0028593340371137837,-0.011109637024039342
2022-10-12,0.004179747292619038,0.0014584269694190794,0.0027213203231999587,0.08781991738930772
2022-10-13,-0.00048655962694632245,-0.0007405850293413429,0.0002540254023950207,-0.06633413189999005
2022-10-14,0.00326182510749281,0.000708199065651562,0.002553626041841249,0.12154541926712005
2022-10-17,-0.002524149795254749,-0.0011091848426670516,-0.0014149649525876979,-0.12980744391323729
2022-10-18,0.00599145998504402,0.0036337226122309316,0.0023577373728130915,0.0424679558595396
2022-10-19,-0.005465666845991472,-0.003024730726249869,-0.002440936119741603,0.019340923424250103
2022-10-20,0.0018626853295867717,0.00048517754145567266,0.0013775077881310995,-0.037828196501953314
2022-10-21,0.0009292322739828283,0.0007292574649414713,0.0001999748090413568,-0.047949155392979496
2022-10-24,-0.0017522877845647703,-0.0005481433322493765,-0.001204144452315396,-0.12478593840096598
2022-10-25,-0.0027574195122374166,-0.0019095796547084556,-0.0008478398575289619,-0.022320894769706803
2022-10-26,-0.006940710171295508,-0.002688025187364999,-0.004252684983930509,0.02012646352064094
2022-10-27,-0.0012783112493057406,-0.0012615979773919334,-1.671327191380724e-05,-0.20686666911419582
2022-10-28,0.0008769224213440565,4.85217770953136e-05,0.0008284006442487429,-0.06326155170653563
2022-10-31,-0.009892789613701746,-0.005068142585115479,-0.004824647028586269,0.08863044206863593
2022-11-01,-0.0035329681708477336,-0.002078542352443977,-0.0014544258184037559,-0.017324653458637297
2022-11-02,0.0038221913844033945,0.0009895108455547546,0.0028326805388486417,0.0853739614163537
2022-11-03,-0.0008505979571873407,-0.0011583180934203671,0.00030772013623302577,0.012043178073875479
2022-11-04,0.003949671472550511,0.00091670004168036,0.003032971430870151,-0.015452325613365509
2022-11-07,0.0006376754016825976,0.00037412365585147087,0.0002635517458311268,-0.08351446180895881
2022-11-08,-0.0007398039708454913,-0.00024389545065583995,-0.0004959085201896515,0.016945757447264623
2022-11-09,-0.0047008883506055865,-0.0031695799215279985,-0.001531308429077588,0.021152184402294476
2022-11-10,0.0008500379144250124,-0.00034384094098899656,0.0011938788554140094,0.06100919221861081
2022-11-11,0.0011143619997118553,0.0001991480410336085,0.0009152139586782473,-0.014637880871012235
2022-11-14,0.004525378037266212,0.0042229830080919226,0.0003023950291742884,0.02767878251543414
2022-11-15,-0.0009699008224413949,0.0006065353269298756,-0.001576436149371271,0.1047109533455384
2022-11-16,0.0015730388466422384,0.0007222903968833166,0.0008507484497589229,0.10121476623887235
2022-11-17,0.004403440832003214,0.0015634023862516595,0.002840038445751556,0.15741019516716317
2022-11-18,0.005014094480702605,0.0015199990317487123,0.003494095448953894,-0.0007585323551740726
2022-11-21,0.007928519758666285,0.00508527622340578,0.002843243535260505,-0.047800231801335795
2022-11-22,0.00013820041657064755,0.0012818579504672682,-0.0011436575338966207,-0.13625156441918723
2022-11-23,-0.0023252999290276476,-3.665733003695333e-05,-0.0022886425989906943,0.12688837632232228
2022-11-24,-0.007238172637662729,-0.0027344760832057973,-0.004503696554456932,0.026268549689482987
2022-11-25,0.006396813402725183,0.0029129620279009383,0.003483851374824246,-0.005242599563518887
2022-11-28,0.001124108681246915,1.5682309413445755e-05,0.001108426371833469,-0.021487622608462813
2022-11-29,-0.0002681929366537372,8.380313861452472e-05,-0.00035199607526826236,0.04303373197245701
2022-11-30,-0.0009351232079162656,-0.0003774227526426137,-0.0005577004552736516,-0.007323608609760036
2022-12-01,0.0020384017698197804,0.0012639728768237745,0.0007744288929960067,0.023540056701609278
2022-12-02,-0.0004242539469338619,-0.0013178809835920858,0.0008936270366582252,0.0038271434068380393
2022-12-05,0.0009999000966953932,-0.0001454643093947109,0.0011453644060901037,0.05464542565537086
2022-12-06,9.39818350273573e-05,-0.000539735949922176,0.0006337177849495322,0.06585493065511537
2022-12-07,0.002822923762898776,0.0013377323018076252,0.0014851914610911512,0.11421783749282309
2022-12-08,0.003200184058356236,0.0005654005249564956,0.002634783533399741,0.025169731388582122
2022-12-09,0.00531431179863779,0.002604201751731745,0.002710110046906045,-0.005456512263328682
2022-12-12,0.0011332268146646645,-0.0001998058947725416,0.0013330327094372048,0.1011115671888409
2022-12-13,-0.0002635479339013541,0.0005281215844224654,-0.000791669518323819,0.04015516400383591
2022-12-14,0.004456424827595512,0.0016580570063497863,0.0027983678212457255,-0.01307177354612114
2022-12-15,0.0017753369186181557,0.0008712746777664671,0.0009040622408516882,-0.0033087928010454735
2022-12-16,-0.0006780898519636212,-0.0013168092055342332,0.0006387193535706123,-0.10246911192000319
2022-12-19,-0.0002161990456700278,-0.00035881026145116734,0.0001426112157811403,0.028230790591668633
2022-12-20,-0.005336391811395301,-0.002517441099629775,-0.002818950711765525,0.0016289952462249868
2022-12-21,0.001447560888178467,0.00041924920912085953,0.0010283116790576058,-0.05467440891895276
2022-12-22,0.00011298345520840882,0.0004838784471035539,-0.00037089499189514423,0.07548362693648503
2022-12-23,-0.0028719570903410407,-0.0021799208832059356,-0.0006920362071351046,-0.02166774483686923
2022-12-26,0.0041795194633253195,0.0020065964449427175,0.002172923018382601,0.002398548222598828
2022-12-27,-0.001056024158609813,-0.0006140336044601746,-0.0004419905541496391,-0.14185893168387487
2022-12-28,4.6274351733821984e-05,-0.0005035960952065209,0.0005498704469403433,0.030172694245962407
2022-12-29,-0.006251476605831582,-0.0033089450428357165,-0.002942531562995865,0.041545618539813485
2022-12-30,0.001159099063315367,-0.0010681027355048376,0.0022272017988202043,-0.11687909276507476
2023-01-02,0.0016642173368999825,0.00015087233464790295,0.0015133450022520797,0.04856812478002289
2023-01-03,-0.00493107779335652,-0.0032073315095201543,-0.0017237462838363658,0.023864634318409968
2023-01-04,0.0018704180604516296,0.0007112119735415271,0.0011592060869101025,0.0525244883481944
2023-01-05,0.0008340585688830591,-0.0011864870844085253,0.002020545653291586,0.050045736468882565
2023-01-06,0.002014708419191369,0.0010777709865209548,0.0009369374326704139,0.04818134024991855
2023-01-09,0.0030934404957252653,0.0007426727754452946,0.0023507677202799695,0.007975282249467527
2023-01-10,0.0024580877465883643,0.0018536652693937217,0.0006044224771946426,0.03222796092364669
2023-01-11,0.0002703005596103741,-0.0009821021791480231,0.0012524027387583962,0.136527718051292
2023-01-12,0.001332919087308633,0.00023453550840442806,0.0010983835789042046,-0.04294526912024297
2023-01-13,0.007593454635524233,0.004839844394398482,0.0027536102411257514,0.08825792781581066
2023-01-16,-0.0019818609574084197,-0.0001669986156503378,-0.001814862341758084,0.009693231669471322
2023-01-17,0.004242044411997929,0.0006649309509748839,0.0035771134610230455,0.04419231238177603
2023-01-18,0.00030719333123760704,-0.0005220828189487158,0.0008292761501863233,-0.02281779250110099
2023-01-19,0.001543265063818308,0.0007072018447212267,0.0008360632190970814,-0.09714991029870922
2023-01-20,-0.0009932654148631327,-0.0017569558954103406,0.0007636904805472036,-0.06404709778144191
2023-01-23,-0.003933922185509975,-0.0018662537355240323,-0.0020676684499859425,-0.02041575356310057
2023-01-24,-0.0026045695615952483,-0.001348351305717233,-0.0012562182558780149,0.05961545960826694
2023-01-25,-0.0010653630843847324,-0.001643731773113789,0.0005783686887290574,-0.06849436977505594
2023-01-26,0.0025865898980285858,0.002025963498670763,0.000560626399357821,-0.026546695237869688
2023-01-27,-0.002798435912428266,-0.0027488457201530698,-4.9590192275195295e-05,-0.14075528045213234
2023-01-30,-0.0011140614487916587,-0.0009555799592052164,-0.00015848148958644238,-0.06642428228281472
2023-01-31,-0.00553886187273737,-0.002989264006471439,-0.0025495978662659316,-0.0888626593967864
2023-02-01,-0.002883797300597103,-0.0034821242291766807,0.0005983269285795775,0.17744117821287528
2023-02-02,-0.004167708832287241,3.0209325101206164e-06,-0.004170729764797362,-0.1389531795003661
2023-02-03,0.008000387591182939,0.002115943535206378,0.005884444055976561,-0.016080477389190547
2023-02-06,-0.006500139929467153,-0.0034357720572336242,-0.003064367872233527,0.0032015221784217453
2023-02-07,-0.0007238820991450593,0.0006730345618836068,-0.0013969166610286656,0.1299465769318461
2023-02-08,4.9774377406847786e-05,-0.0004906040620581524,0.0005403784394650002,-0.0018928068677968493
2023-02-09,0.006331332736399671,0.0012547745964493137,0.005076558139950359,0.04255189557309068
2023-02-10,-0.0002930341428644651,-0.0018382353530051944,0.0015452012101407288,0.0098927994707952
2023-02-13,0.0024425131108054368,-0.0005646863995136774,0.003007199510319112,-0.13269978862857915
2023-02-14,0.00045839243523822324,-0.0006728940580461584,0.0011312864932843773,0.06301552429977908
2023-02-15,-0.009631443871977863,-0.0046578661688452885,-0.004973577703132573,-0.2960611951850335
2023-02-16,0.003895985594767315,0.0017926020736871266,0.0021033835210801897,-0.39762679231264797
2023-02-17,-0.017225514766934766,-0.008844481413465229,-0.008381033353469534,-0.17293048224065613
2023-02-20,-0.03966471780933917,-0.019942602200747284,-0.019722115608591884,-0.19433511541847445
2023-02-21,-0.02161062378821644,-0.01319727382432432,-0.00841334996389212,0.5544232567634857
2023-02-22,-0.0261883568809452,-0.018343438790310543,-0.007844918090634662,0.386798830159562
2023-02-23,0.05346966291801197,0.025448752791575532,0.028020910126436448,0.303617918427184
2023-02-24,0.035478220849791325,0.022274865499370723,0.013203355350420604,0.4254686543010171
2023-02-27,0.01853910846796697,0.011757148253737852,0.006781960214229117,0.16513124494594847
2023-02-28,0.0246084880080815,0.014915606315069677,0.009692881693011825,0.35238155580916697
2023-03-01,0.009211831506200245,0.006371431537278708,0.002840399968921537,0.19161562234356055
2023-03-02,0.02262174100494432,0.013563435279248037,0.009058305725696283,0.046903494451745735
2023-03-03,0.011148536557116916,0.006408022906982317,0.0047405136501346,-0.18312914488925408
2023-03-06,0.002620333976224261,0.002622747486034232,-2.4135098099682673e-06,-0.026881081717810663
2023-03-07,-0.014863003912869856,-0.011559858903235125,-0.003303145009634724,0.01823851906253738
2023-03-08,-0.0014361016270183163,0.0013985350789162826,-0.002834636705934597,-0.16649734507457345
2023-03-09,0.0009710429885687738,0.00022960906004483757,0.0007414339285239362,-0.12572910221910694
2023-03-10,-0.010402417873642818,-0.003690804069335232,-0.0067116138043075875,0.07606536033826385
2023-03-13,-0.0072255819469077415,-0.00393309690589385,-0.0032924850410138914,0.0972458189953321
2023-03-14,0.0041164886497813205,0.003549530159371747,0.0005669584904095743,-0.13081314748468914
2023-03-15,0.006331256611257638,0.004574660218471684,0.001756596392785954,0.1360967050270576
2023-03-16,-0.007307178236722549,-0.003073622151169216,-0.004233556085553331,0.18636787459307977
2023-03-17,0.007698653405975471,0.003980537970258515,0.003718115435716953,-0.059383014199685495
2023-03-20,0.011222405016360175,0.0042197428667541965,0.007002662149605978,0.06472217821627772
2023-03-21,-0.0032144678781769963,-0.00202657549593787,-0.001187892382239126,-0.02340143590099536
2023-03-22,0.003363558701083431,0.001560971008480563,0.0018025876926028679,-0.146306860971875
2023-03-23,-0.0012528407278233071,-0.0011338637614670272,-0.00011897696635628126,-0.031104529197008506
2023-03-24,-0.007266024722180799,-0.003924536615420917,-0.0033414881067598823,-0.10907765282052144
2023-03-27,-0.0015442417105504835,-0.001509531607136219,-3.471010341426443e-05,-0.054522115339182706
2023-03-28,-0.0061212007905931875,-0.002608844647804325,-0.0035123561427888635,-0.007201375917193635
2023-03-29,-0.0031244272081930864,-0.0010467906428791272,-0.002077636565313959,0.1444851890367673
2023-03-30,-0.0005108590100595898,-0.0010832251741934064,0.0005723661641338171,0.01841733862092589
2023-03-31,0.009376733711333157,0.003493111213525999,0.005883622497807158,0.06388440713957126
2023-04-03,0.0011276135562247366,0.00020229154948229696,0.0009253220067424398,-0.09038464644974506
2023-04-04,0.004327000476493009,0.0007459272470843326,0.0035810732294086767,-0.03307244727046181
2023-04-05,-0.005682993028243986,-0.0010575840968334582,-0.0046254089314105296,0.13506315515392145
2023-04-06,-0.0020686618933855425,-0.0011371998576154528,-0.0009314620357700892,0.008372866164526876
2023-04-07,0.008716458652079552,0.004452640126895058,0.004263818525184496,0.05302826123608149
2023-04-10,0.0005945960550626914,0.0006937806571555892,-9.918460209289788e-05,0.059917623380928674
2023-04-11,0.0035239429792618187,0.0020228429546669275,0.0015011000245948904,0.027070520754660536
2023-04-12,0.003912504918409823,0.00015507442738963567,0.003757430491020189,0.019894083052207898
2023-04-13,0.0015210367784561727,0.0008072624783530685,0.0007137743001031024,0.054709172859219675
2023-04-14,0.0011851901838748644,0.0001258708881173333,0.0010593192957575291,0.04631108921889087
2023-04-17,0.003031845819410768,0.00024993661781936953,0.002781909201591398,0.010511956207793152
2023-04-18,0.0027648592836581895,0.00019579463768454493,0.0025690646459736455,-0.019839092810395375
2023-04-19,0.0010173655052405758,-0.0005671272445808111,0.0015844927498213889,0.12233728307341946
2023-04-20,-0.0014247336899712217,-0.0020910983732102192,0.0006663646832389888,-0.11884526238534142
2023-04-21,0.009883247989856982,0.005986637396706386,0.0038966105931506,-0.2030996627579842
2023-04-24,-0.007570598172929863,-0.004203281747933792,-0.0033673164249960726,0.05283793585312261
2023-04-25,-0.013461987006454155,-0.006575702023510796,-0.00688628498294336,0.21172027224428025
2023-04-26,0.0037395633866590906,-0.0009242402699029609,0.004663803656562051,0.06581964700875005
2023-04-27,0.014037891596743058,0.006975753607983452,0.007062137988759605,0.12005735217263115
2023-04-28,0.0042477178378235725,0.0020608388661176383,0.0021868789717059377,0.13410840611010316
2023-05-01,0.007251542860207644,0.003255438181544283,0.003996104678663362,0.2140073193710928
2023-05-02,0.009574379372882996,0.003921406490104876,0.005652972882778122,-0.0574965832022256
2023-05-03,0.015682364559664277,0.007876654080007931,0.007805710479656346,-0.0862126333574351
2023-05-04,-0.0041732101158006435,-0.0035858792829665522,-0.0005873308328340921,-0.039305136465235986
2023-05-05,-0.005613027639744697,-0.001452707782942455,-0.004160319856802246,-0.020492987138689762
2023-05-08,-0.002174873913421851,0.000674046663863415,-0.002848920577285266,-0.023754385032257488
2023-05-09,-0.0012243194252437653,-0.0005411107105668458,-0.0006832087146769177,-0.1018371977699057
2023-05-10,-0.0011966147599635384,0.0008557461198990934,-0.002052360879862632,-0.2170063904743316
2023-05-11,-0.006081165643755856,-0.003487131538566902,-0.002594034105188954,0.10636870119729684
2023-05-12,-0.01460200478250074,-0.008383256358352782,-0.0062187484241479594,0.0276988175883215
2023-05-15,0.005693497710276881,0.002874464545478422,0.0028190331647984573,0.1592892177752177
2023-05-16,0.00149147653082222,0.0014147456699577596,7.673086086446013e-05,0.06723110096941944
2023-05-17,0.00865384716694621,0.0049205637367808405,0.0037332834301653677,-0.038442056389436825
2023-05-18,0.003958194012305065,0.002520213299612613,0.0014379807126924504,0.030294790431774007
2023-05-19,-0.002220529464720505,0.0006140668749758903,-0.0028345963396963934,0.03454432745092835
2023-05-22,0.0014338526286496681,0.0003427375732668412,0.0010911150553828287,0.021062908022196146
2023-05-23,0.0017044167273693235,0.000364143152914925,0.0013402735744543989,0.11048856308727044
2023-05-24,0.001108310099425887,0.0002824352647921198,0.0008258748346337656,0.007782176126236914
2023-05-25,0.006249107378967963,0.0014352831507992402,0.004813824228168721,0.00879641870772981
2023-05-26,0.0003300409898475905,0.00037525095816875846,-4.520996832116809e-05,-0.050442069255447745
2023-05-29,0.0004358302830686397,0.0004775623422975713,-4.1732059228929974e-05,0.15237533704946699
2023-05-30,-0.0023710732950488157,0.00037318660001468205,-0.0027442598950634983,0.12434683470650514
2023-05-31,0.007360092774547725,0.0022790404602569744,0.0050810523142907505,-0.043796171288458606
2023-06-01,0.006298092475518071,0.00345004665403118,0.002848045821486891,-0.19161660533634212
2023-06-02,-0.002687186813204862,-0.0024959930702978667,-0.0001911937429069921,0.10247036946379093
2023-06-05,-0.011930058578207073,-0.007470896455016706,-0.0044591621231903685,-0.28883560734021385
2023-06-06,0.005601744538600262,0.0019306586931557065,0.003671085845444554,0.3048057766809678
2023-06-07,-0.019930651478107533,-0.01300009620982285,-0.006930555268284677,-0.06195913152881768
2023-06-08,0.018112280571947817,0.009966937849271478,0.008145342722676339,0.16092209946296365
2023-06-09,-0.0033575350040737795,-0.002069518412940814,-0.0012880165911329658,-0.10342651218542494
2023-06-12,0.008158629868624047,0.005159121406050994,0.0029995084625730525,-0.04848392422276736
2023-06-13,-0.004720126605956957,-0.0034055516430085333,-0.0013145749629484248,-0.09526178046698874
2023-06-14,-0.002149040968439341,-0.0011200974608122896,-0.0010289435076270515,0.16231354095133652
2023-06-15,-0.004685169403569119,-0.003375450056063438,-0.0013097193475056805,0.13113613572578794
2023-06-16,0.008156967130117347,0.0048516587587045575,0.0033053083714127875,-0.12360589893258986
2023-06-19,0.006708713795617019,0.0038793431455222873,0.0028293706500947327,-0.03996745835688407
2023-06-20,-0.006173667597232816,-0.0037682023459874314,-0.0024054652512453846,-0.1553623037264327
2023-06-21,-0.002028360926237904,-0.0025983462990481457,0.0005699853728102416,0.1262627022512345
2023-06-22,-0.009149477590839441,-0.006863572096906578,-0.0022859054939328646,0.19915302167008758
2023-06-23,0.007723145231048385,0.004095556931973493,0.0036275882990748918,-0.06386695334938437
2023-06-26,0.012079345908565128,0.005418151641196741,0.00666119426736839,-0.13806374209745786
2023-06-27,-0.002851393463556992,-0.002269939703879658,-0.0005814537596773375,0.06284904132745153
2023-06-28,-0.00739483704692298,-0.003438644477453767,-0.003956192569469212,0.2255578195880263
2023-06-29,0.0033457493597832556,0.0016743997060866458,0.0016713496536966098,0.17425645900178796
2023-06-30,0.014724868285898635,0.008514210539222836,0.006210657746675801,-0.20442669345825146
2023-07-03,0.010292101627329707,0.0069547193683844565,0.0033373822589452488,-0.02081023042180595
2023-07-04,-0.00918767109191109,-0.005467599476747596,-0.0037200716151634915,-0.14199516592113876
2023-07-05,-0.0010170437378542161,-7.705526190708752e-05,-0.0009399884759471264,0.0027118132274551883
2023-07-06,-0.007830890816171165,-0.004478547595243496,-0.0033523432209276727,0.022985080601953378
2023-07-07,-1.1240992161218235e-05,-0.0005141998391532433,0.0005029588469920264,0.14919308196867864
2023-07-10,0.0014738677290319485,6.192713877537816e-05,0.0014119405902565697,-0.012937364669505442
2023-07-11,0.007791705202703015,0.005249146775930979,0.002542558426772038,-0.06262432301902249
2023-07-12,-0.0006871824941018671,-0.00028544751237959674,-0.00040173498172227026,-0.17026975806031322
2023-07-13,-0.003174466081272911,-0.0014699932515458407,-0.001704472829727072,0.07106365585572076
2023-07-14,-0.008702544770460976,-0.002438180997658538,-0.006264363772802438,0.03944624690884186
2023-07-17,0.0039704947916445795,0.0014283338729105506,0.0025421609187340315,0.09839323154279958
2023-07-18,0.0020346622662021983,0.0009651075344840373,0.0010695547317181608,-0.008954717720341622
2023-07-19,0.004792100237060002,0.002892843018730507,0.001899257218329495,-0.1447400739947563
2023-07-20,-0.00034898304940002577,0.0011313137344686852,-0.0014802967838687116,-0.07671484966374718
2023-07-21,-0.008982963232226674,-0.0045285675827289075,-0.004454395649497766,-0.013588310168588018
2023-07-24,-0.004455530871344702,-0.0033863227630006355,-0.0010692081083440684,0.1244338131809196
2023-07-25,-0.0008327659654669452,-0.000988121706762159,0.00015535574129521383,-0.13222987081707988
2023-07-26,0.006412016036048934,0.003745553007883873,0.0026664630281650614,-0.1255253605051137
2023-07-27,-0.007857239456332328,-0.0022399553005742214,-0.0056172841557581045,0.2568764076194789
2023-07-28,-0.007057175787262334,-0.0021086291132010734,-0.004948546674061261,-0.11235391124705547
2023-07-31,0.014443631079973273,0.007253510063357227,0.0071901210166160495,-0.02179590311985544
2023-08-01,-0.005763611841317655,-0.0031728498896748634,-0.002590761951642792,0.03261795327698576
2023-08-02,-0.0012826142742380616,-0.0015380010659741365,0.0002553867917360758,0.10698233316457013
2023-08-03,0.002102323643428209,0.0002645612025130445,0.0018377624409151652,0.035083566277928545
2023-08-04,0.005727400957976895,0.0019225792151267504,0.003804821742850144,0.08454618749498682
2023-08-07,0.0019856574526046157,0.0011069780432600197,0.0008786794093445967,0.08316757639939491
2023-08-08,0.004846616390057256,0.0012636065540241113,0.0035830098360331445,0.14291409050724044
2023-08-09,0.0042183428208365,6.107889007057107e-05,0.0041572639307659275,-0.030129448618453028
2023-08-10,0.008403157826770322,0.0016061479225008574,0.006797009904269466,-0.09835455535620577
2023-08-11,-0.0013128149791964572,-0.001148203809558059,-0.00016461116963839909,0.006840111944445522
2023-08-14,-0.004747939539521158,-0.003247003673195221,-0.001500935866325939,0.005187058796158654
2023-08-15,0.00022036919338779709,-0.00036961628222668963,0.0005899854756144882,-0.012596648027992041
2023-08-16,0.00020166407193749486,-0.0012748946159946584,0.0014765586879321516,-0.10423314940590359
2023-08-17,-0.0008052253436397058,3.860602953169735e-05,-0.0008438313731714031,0.08256990446700775
2023-08-18,-0.005574897396048563,-0.003414700435669764,-0.0021601969603787987,0.031786959849308793
2023-08-21,0.004263781398133667,0.001218081489973382,0.0030456999081602846,0.029725742372091336
2023-08-22,0.0017827672352440445,3.608168211556226e-05,0.0017466855531284818,-0.10656846919073656
2023-08-23,0.0016007936050163873,-0.00048116265429695953,0.002081956259313348,-0.006081126954252984
2023-08-24,-0.006015907529117823,-0.0027429300808690348,-0.003272977448248787,0.06388142720425087
2023-08-25,-0.0004525199094162637,-0.0010661467264954008,0.0006136268170791378,0.045477333078564136
2023-08-28,0.003361140654672174,-0.00022741051734500878,0.0035885511720171828,0.05373133534467374
2023-08-29,0.002501503682226031,0.0011693742395963783,0.001332129442629653,-0.2616384650072369
2023-08-30,0.002958952317575126,0.0032129074311820216,-0.0002539551136068949,-0.0557302510504384
2023-08-31,-0.015205041164017705,-0.008888663739699931,-0.006316377424317772,0.08591050258143441
2023-09-01,-0.002702666287097433,0.00013043048888832474,-0.0028330967759857568,0.12779093950180717
2023-09-04,0.003981267717594166,0.000690532378124933,0.0032907353394692335,0.006156752292214145
2023-09-05,0.005842935763772802,0.0024924341774889176,0.003350501586283885,0.11028399429397874
2023-09-06,0.00033245966284825513,-8.23917832763893e-05,0.00041485144612464324,0.056562935482408906
2023-09-07,0.005771231126513619,0.0010637293453320154,0.004707501781181602,0.05286144850948403
2023-09-08,0.003154836371537944,-0.00017335713123613292,0.0033281935027740773,-0.019881629212892504
2023-09-11,0.002825512957482982,2.6582861029554768e-05,0.0027989300964534284,0.033377091768744135
2023-09-12,-0.0010948372553815562,-0.0014225539596442699,0.00032771670426271437,0.024973036603616758
2023-09-13,0.0017479800939468086,6.012612755679041e-05,0.0016878539663900162,-0.009703087188473514
2023-09-14,0.0014566549931279006,0.0011643500135243923,0.00029230497960350873,-0.07767999646077456
2023-09-15,-0.00046589844739867406,0.0004897283306017561,-0.0009556267780004291,0.06939783530936001
2023-09-18,-0.00459854274367817,-0.0016227190975132528,-0.0029758236461649165,0.22758701532755587
2023-09-19,0.0034701203536623973,0.001759932852757523,0.0017101875009048748,0.008016686499533606
2023-09-20,0.012944198940003959,0.006432030028755142,0.006512168911248811,0.0007014672171643769
2023-09-21,0.0004992597305362224,0.0011426323786758279,-0.0006433726481396077,0.01517984744918913
2023-09-22,-7.226727495520963e-05,0.0005956207414516898,-0.000667888016406902,-0.13419180196667813
2023-09-25,0.0012459290907028252,0.002419434980632129,-0.0011735058899293022,-0.18188906973388738
2023-09-26,-0.009802005974949977,-0.0006898119143275844,-0.009112194060622386,0.2582825838571096
2023-09-27,-0.019598858257169817,-0.009399727653266257,-0.010199130603903567,0.08297561440155228
2023-09-28,0.027778657186972356,0.01056520269276151,0.017213454494210842,0.30098156537419396
2023-09-29,0.006910688735681674,0.004466087924300229,0.002444600811381446,-0.1548328669502715
2023-10-02,0.022776004146579466,0.010562418890762447,0.01221358525581702,-0.034363594578552044
2023-10-03,-0.00980083622917041,-0.004875796662571347,-0.0049250395665990584,0.014772034602698677
2023-10-04,-0.0021071203514473917,-0.002025533543332743,-8.158680811464966e-05,-0.02388860282234698
2023-10-05,0.0009585292000696235,0.0015378875200074112,-0.0005793583199377866,-0.16180496665800104
2023-10-06,-0.0015721418176513546,-0.001945188997068221,0.00037304717941686813,-0.20072303255419716
2023-10-09,-0.009866724393021645,-0.004694160477622118,-0.005172563915399525,0.046803816953916416
2023-10-10,-0.01600228558567371,-0.00880244879897954,-0.007199836786694169,0.09996115637476974
2023-10-11,0.0037658859507050907,0.005938063109418985,-0.002172177158713897,0.07540397894107
2023-10-12,0.007030935789217112,0.004318055602531732,0.0027128801866853807,-0.12051428339531957
2023-10-13,0.005364060517155902,0.002642102058726903,0.0027219584584289983,-0.1279480667756918
2023-10-16,-0.008542607851875678,-0.0048723755355295426,-0.0036702323163461323,0.0191062863470176
2023-10-17,-0.009937318415338986,-0.002964778186597912,-0.006972540228741081,-0.09555648587326215
2023-10-18,0.0016941155427386886,0.0011659931072382692,0.0005281224355004159,-0.16392817935832388
2023-10-19,-0.007795419946089985,-0.002705492110308223,-0.0050899278357817625,0.15697127898364222
2023-10-20,-0.01310395273673151,-0.006708401811442138,-0.006395550925289369,0.16800423428715988
2023-10-23,0.017533372057487145,0.01119748941186962,0.006335882645617526,-0.18470670437493703
2023-10-24,0.013245647351847342,0.004166624475043883,0.009079022876803459,-0.04875614773815716
2023-10-25,-0.012912931039289408,-0.004341180540834204,-0.00857175049845521,0.16169964212048796
2023-10-26,-0.004023526404211926,-0.002191161999850342,-0.001832364404361582,0.02823275672239923
2023-10-27,0.01328939542506247,0.006701268682473265,0.006588126742589202,0.1028193078874606
2023-10-30,0.002167859783678673,-1.26060282011817e-05,0.002180465811879856,0.13415702652327088
2023-10-31,0.008555590728098812,0.002002625967712699,0.006552964760386111,0.11090982484987567
2023-11-01,0.0096181195150633,0.00377432980451452,0.0058437897105487815,0.16349709306483892
2023-11-02,0.007252581150093759,0.0036721490938823225,0.0035804320562114363,0.17561633035229907
2023-11-03,0.011163451539267422,0.0030206897730266705,0.00814276176624075,0.06921788756802186
2023-11-06,0.013013046391418271,0.004386130809571214,0.008626915581847056,0.0003571766185604864
2023-11-07,0.007184690016089498,0.002759536808022541,0.004425153208066957,-0.14848940049045925
2023-11-08,1.4771115238514597e-05,-0.00012579341526759366,0.00014056453050610707,0.04257716505177147
2023-11-09,-0.009470148450971987,-0.0030020273528590484,-0.006468121098112938,-0.06415424007760985
2023-11-10,0.0026412144258470332,0.00015292372249591304,0.0024882907033511197,0.002793074736164486
2023-11-13,-0.005179874605069345,-0.004144901583546391,-0.0010349730215229516,0.18776381565000624
2023-11-14,-5.000494830295827e-05,-0.0020629833674570743,0.0020129784191541154,0.039933821373269826
2023-11-15,0.013993123487681057,0.0038706453053466176,0.010122478182334442,0.00211141349734221
2023-11-16,0.002666712291421995,0.00185028038064039,0.0008164319107816041,0.006531144462741947
2023-11-17,0.00013502855411767225,0.00027904489523617045,-0.0001440163411184982,0.015258593474606811
2023-11-20,0.0004326059841851359,0.00012083994015984166,0.0003117660440252936,0.10334084261076523
2023-11-21,0.0011629276465784568,0.001261968211726694,-9.90405651482354e-05,0.01121939331273332
2023-11-22,0.0069772164468733504,0.0028620757934006676,0.004115140653472684,0.0048158895285762724
2023-11-23,0.0007134330082508482,-0.00047872735366193825,0.0011921603619127856,0.07080817852212574
2023-11-24,0.00032079755502831676,0.0004764131198855548,-0.00015561556485723695,0.028396480941096248
2023-11-27,0.0044613596550300855,0.001182191628768375,0.0032791680262617105,0.03537838777873881
2023-11-28,0.0016654778816272528,-0.0004891507682485991,0.0021546286498758515,-0.04703194043004839
2023-11-29,0.00238987054031026,0.0018094499846942457,0.0005804205556160132,-0.0023392942172830848
2023-11-30,-0.0033706178010324706,-0.0017078629910524078,-0.0016627548099800646,-0.007948143476043137
2023-12-01,-0.00015683917554213528,0.0004628906286773555,-0.0006197298042194925,0.013753889091784176
2023-12-04,-0.0006167718488336029,-0.0014980187927944935,0.0008812469439608873,0.2785585573057573
2023-12-05,0.0009164700414011843,-0.0006421849811365163,0.0015586550225377,0.017058397374361114
2023-12-06,0.021218737461270946,0.008102309393703083,0.01311642806756786,0.10903831761899516
2023-12-07,0.0010087256494578452,-0.0004918817772591845,0.001500607426717029,-0.09957011587012553
2023-12-08,0.007085389700064924,0.0016102596493322338,0.00547513005073269,0.1584784149241689
2023-12-11,-0.005950409973185051,-0.0016806800663494523,-0.0042697299068356,-0.006981066631440609
2023-12-12,0.013841073589477646,0.005194453939635697,0.008646619649841952,-0.005335612480922481
2023-12-13,-0.0004347939983587719,0.0005159325850532404,-0.0009507265834120138,-0.06942151295370237
2023-12-14,-0.0005015501721433081,-0.002182596427899308,0.0016810462557560017,0.1205955761024988
2023-12-15,-0.004215318209602079,-0.0015834098940770971,-0.0026319083155249817,0.030739800989890403
2023-12-18,0.0071233504817206725,0.0023838560817579426,0.004739494399962728,0.10106429414479463
2023-12-19,0.0017115211117447009,-0.0011052636256053024,0.0028167847373500032,0.013148446371689613
2023-12-20,0.006827750251353543,0.0007722557735047458,0.006055494477848797,-0.05380812522298448
2023-12-21,0.001073425392833493,0.000890388195547126,0.0001830371972863648,0.09494907811603713
2023-12-22,-0.0043114004907516285,-0.00365210658198932,-0.0006592939087623068,0.08016175824901282
2023-12-25,0.0071215649391950415,0.0022771250104165978,0.0048444399287784455,-0.08015079847168652
2023-12-26,0.005660618921550708,0.0058814744243890354,-0.00022085550283832897,0.04364342335211804
2023-12-27,-0.0043841252124514115,0.0002732050425120526,-0.004657330254963464,-0.014927933277133532
2023-12-28,0.002620574047318302,0.0030577803105575805,-0.0004372062632392788,0.18169780884306863
2023-12-29,-0.0014757471120464315,-0.00593595704400977,0.004460209931963336,0.1121491847817411
2024-01-01,0.011089532631864739,0.0036761806063985453,0.007413352025466194,0.11250594629624301
2024-01-02,0.0069488863615397144,0.007931219045234965,-0.0009823326836952487,0.09858665732503946
2024-01-03,0.006009622823954742,0.0026779817446116595,0.0033316410793430827,-0.0013420348155788453
2024-01-04,0.0050091038800508855,0.003096489983610645,0.0019126138964402403,0.0111880753076181
2024-01-05,-0.00028499241324295746,-0.0019313074067499195,0.0016463149935069623,-0.1508812058063877
2024-01-08,0.0007136640159877555,0.0015882050237484404,-0.0008745410077606831,-0.020890320203545264
2024-01-09,-0.009043415761873272,-0.005117489332345081,-0.0039259264295281905,8.990109753762474e-05
2024-01-10,-0.0012453240673550706,-0.0017986628155932435,0.0005533387482381715,-0.00300762954405823
2024-01-11,-0.0001531002488078864,-0.0014576054281766194,0.0013045051793687322,0.09470307777196588
2024-01-12,-0.0002832270129150301,-0.00012021003609286908,-0.00016301697682215809,0.1449842280571351
2024-01-15,0.00676316852671833,-0.00034635920798028325,0.007109527734698615,0.04930686363653261
2024-01-16,0.012662884428331543,0.006880359366864795,0.00578252506146675,0.09700323048098794
2024-01-17,0.003182415469270634,0.00332345075308782,-0.00014103528381718966,0.009207649047672718
2024-01-18,0.005144460197457481,0.002784190231217506,0.002360269966239975,-0.08987282844110567
2024-01-19,0.0005974115698818552,0.0010133783552236826,-0.00041596678534183,-0.12303692780128025
2024-01-22,-0.005566925409703258,-0.002779087629248228,-0.0027878377804550283,0.02185168118783894
2024-01-23,-0.007198541282078834,-0.0021215806136409224,-0.005076960668437911,-0.050734809493771085
2024-01-24,0.001344284552850284,-3.679541961261641e-05,0.0013810799724629005,-0.0851342358293553
2024-01-25,-0.003746373095574757,-0.002650121836959072,-0.0010962512586156865,0.11494460381477407
2024-01-26,-0.005890434679763162,-0.002117533114676204,-0.0037729015650869568,-0.21906025134498422
2024-01-29,0.008207046070996933,0.0031071306298382367,0.005099915441158696,0.006144770225173219
2024-01-30,-0.013869844125141447,-0.005983549397974863,-0.007886294727166586,-0.07920814438923035
2024-01-31,0.0004070414410706387,0.0009550982801839747,-0.000548056839113336,0.08050401965200998
2024-02-01,-0.005637345019618405,-0.0033397748156432597,-0.0022975702039751446,0.059283991024110305
2024-02-02,0.005310193925358055,0.002571317149732162,0.002738876775625892,-0.04264090650826754
2024-02-05,0.0035756226883004692,0.0011726828179438277,0.0024029398703566407,0.11734012415815367
2024-02-06,-0.0025015549030403548,-0.001279329866397949,-0.0012222250366424065,0.20070736852532242
2024-02-07,0.008224454799041686,0.004632794871473656,0.003591659927568028,0.04229233301640308
2024-02-08,0.016336563194516145,0.007929870449528132,0.008406692744988013,-0.03245700397068609
2024-02-09,0.0028177784144774705,-0.00026659875187568915,0.0030843771663531592,-0.03200916620833421
2024-02-12,-0.002389364752864497,-0.002453401587586319,6.403683472182113e-05,-0.14773192957251421
2024-02-13,-0.001870097226737851,-0.0001400955028786695,-0.001730001723859182,0.1046270986091508
2024-02-14,-0.01000879932902593,-0.003863240931982665,-0.006145558397043265,0.07182577740876657
2024-02-15,0.006585264608002244,0.003647219628873993,0.0029380449791282497,-0.04149347744365553
2024-02-16,0.004103399292264684,0.0016142273661458803,0.0024891719261188024,0.07174093015430505
2024-02-19,-0.002075717545619924,0.00034553331779961505,-0.0024212508634195388,0.07406373860016731
2024-02-20,0.004423264748539561,0.002203325642120213,0.002219939106419348,0.18948091548026139
2024-02-21,0.004477725779943946,0.0014729209883412604,0.0030048047916026843,0.03803068635648663
2024-02-22,0.011137621472393623,0.005835825492623802,0.005301795979769822,0.04556882314529556
2024-02-23,0.002126845503911701,0.0010842399154674534,0.0010426055884442472,0.017151134718381037
2024-02-26,0.002266233342231498,0.0015938074818520752,0.0006724258603794226,0.09906941328166398
2024-02-27,0.0008383375018163263,-0.00023403272519194416,0.0010723702270082711,-0.017190207570714506
2024-02-28,0.006125931587387366,0.0037203132944345395,0.002405618292952827,-0.01829448254991506
2024-02-29,-0.0011933319650351206,-0.0018548501476314209,0.0006615181825962973,0.07152309325316158
2024-03-01,-0.0012031955528462365,-0.0004248311056219943,-0.0007783644472242404,0.07893103951384228
2024-03-04,0.004560229785412018,-0.00046782563468627646,0.005028055420098296,0.07130141240331248
2024-03-05,0.003998450733554329,0.0020590776349330023,0.0019393730986213267,-0.0026652034061468103
2024-03-06,0.0038630261043432995,-0.0002833339228282359,0.004146360027171536,-0.00879412350766282
2024-03-07,-0.00018205661966383597,-0.0010585166538158945,0.0008764600341520604,-0.048744582395442354
2024-03-08,-0.000506633639476234,-0.0013497204971655331,0.0008430868576893014,-0.03816706822549616
2024-03-11,-0.0027230245942782188,-0.0017265179881087505,-0.00099650660616947,0.042607953007497965
2024-03-12,-0.0017023684655175738,-0.0010034206566766077,-0.0006989478088409659,-0.056357926061783734
2024-03-13,0.002468705616028943,0.0012985510995524602,0.0011701545164764819,-0.08443887629825451
2024-03-14,-0.00380516637075517,-0.0011226410403768067,-0.0026825253303783686,0.08299922989484955
2024-03-15,-0.010218481967649247,-0.005844297132994557,-0.0043741848346546906,0.05373723923817088
2024-03-18,0.005913776795676818,0.002591343092187663,0.0033224337034891555,0.09172853302180481
2024-03-19,0.0032215582288399767,0.0032893383763138197,-6.778014747384209e-05,-0.041027447214376365
2024-03-20,0.006259489265788959,0.0035813382158756003,0.002678151049913359,0.04456405856590245
2024-03-21,-0.0021419294232722977,0.00016485037221770915,-0.0023067797954900056,-0.08789538312748457
2024-03-22,0.002503743496318434,0.0004207688756241684,0.0020829746206942655,0.008087620174764502
2024-03-25,-0.004756999028379108,-0.003757332071969162,-0.0009996669564099475,0.21107373327434087
2024-03-26,0.00039354350080731987,0.0006303038592683627,-0.00023676035846104245,-0.01938773223610744
2024-03-27,0.012466475428449676,0.004343726495366103,0.008122748933083573,-0.12796406991326753
2024-03-28,-0.0010643003629927763,0.0014269359262830093,-0.002491236289275788,0.16855726430690507
2024-03-29,-0.008534953937572098,-0.004687480152627309,-0.0038474737849447872,-0.09445905858606474
2024-04-01,0.011201477395048797,0.004867956453742662,0.006333520941306134,0.07463169067265854
2024-04-02,-0.005706738303471842,-0.0026899814349110006,-0.003016756868560842,0.0009474026493146788
2024-04-03,0.004387014483845147,0.0012557119122317598,0.003131302571613387,0.12970116822532018
2024-04-04,0.00010246572892494508,-0.0006780043418068739,0.0007804700707318198,0.12634300977365653
2024-04-05,0.008458827351702829,0.003447975079587906,0.005010852272114922,0.005382427487740366
2024-04-08,0.008021197191471586,0.0026112551972659204,0.005409941994205666,0.07897885691686908
2024-04-09,0.0003327889348709941,0.0007834749020185182,-0.00045068596714752454,0.21627071332007938
2024-04-10,0.0038907224921035798,0.0012054024215452114,0.0026853200705583688,0.002439989313579907
2024-04-11,0.011048953799027735,0.003368448681313481,0.007680505117714254,-0.0719311097337824
2024-04-12,7.839820207904027e-05,-0.000599828353758422,0.0006782265558374617,-0.0075639737815030115
2024-04-15,-0.0036578650341532624,-0.0007675830273497098,-0.0028902820068035517,-0.01432131239434681
2024-04-16,-0.0003372709877348055,0.00041943369449720896,-0.0007567046822320146,0.02683150303102263
2024-04-17,-0.0006068744231993335,0.00028555224317402704,-0.0008924266663733597,-0.08512297987826012
2024-04-18,0.0014585978617849258,0.0001849341678161788,0.0012736636939687448,0.05294573328674271
2024-04-19,-0.00432289981748416,-0.0012889310582149512,-0.003033968759269209,0.12508144557128356
2024-04-22,0.0029977873234387246,0.0011522715460258823,0.0018455157774128431,0.03899316557643056
2024-04-23,0.006884735061991864,0.0020418276153381446,0.0048429074466537205,-0.012197724082109477
2024-04-24,0.0019344593248432984,0.00016284503418662099,0.0017716142906566766,0.05221254829977829
2024-04-25,-0.000618931989324616,-0.0008139643891379757,0.00019503239981336074,-0.08622750468389843
2024-04-26,0.0029206702232034898,0.0009006796136513465,0.0020199906095521424,-0.04941154291802037
2024-04-29,-0.0045647140772837064,-0.0018096841467026463,-0.002755029930581061,0.009117036885460552
2024-04-30,-0.0027470585769586746,-0.001738062793906228,-0.0010089957830524475,0.012134713375648736
2024-05-01,0.0005166544587418268,0.00020638032166773665,0.0003102741370740905,0.08602123866283115
2024-05-02,0.0007542591202583326,0.0009046130416451546,-0.0001503539213868199,-0.06275490293566643
2024-05-03,0.004986574431871357,0.0015758832014152614,0.003410691230456094,0.04913680956750685
2024-05-06,-0.0036328308064698155,-0.0019431257140766628,-0.0016897050923931536,0.09698924457797035
2024-05-07,0.0024497151698255155,0.0005962313785224087,0.0018534837913031068,0.08829033207227575
2024-05-08,0.005461543594585163,0.002528685883647811,0.002932857710937353,-0.13322188996434792
2024-05-09,0.00474817097290039,0.0008035531355672971,0.003944617837333092,-0.05368148511890504
2024-05-10,-0.006790373406799426,-0.002427893973024446,-0.00436247943377498,0.04944694632698748
2024-05-13,-0.0030163788704061323,-0.002900662094640953,-0.00011571677576517787,-0.1044471014244416
2024-05-14,0.002248045197179003,0.0014222482387292682,0.0008257969584497355,-0.019053832779382496
2024-05-15,-0.005372063351924231,-0.0030551587712745205,-0.00231690458064971,-0.13451263151625797
2024-05-16,-0.001335751795492916,-0.0026718888293431504,0.0013361370338502328,0.05411626586492908
2024-05-17,-0.006859757486950126,-0.001652144665546174,-0.005207612821403951,0.07664775803762794
2024-05-20,0.002668025130470784,0.0008927385712042388,0.0017752865592665459,0.11697538311176907
2024-05-21,0.003941939179298954,0.0021553488178110555,0.001786590361487898,0.04182447558578509
2024-05-22,0.00637012714091049,0.0020019439530025527,0.004368183187907935,-0.14874127696509193
2024-05-23,0.0023546664394142676,0.0005421050747953376,0.0018125613646189304,0.13640220901913086
2024-05-24,-0.008047805192256213,-0.0022138141031255755,-0.005833991089130634,0.09000653260511918
2024-05-27,0.008276297596989357,0.0042570810103578355,0.004019216586631524,-0.10278035381622747
2024-05-28,0.0046505018182388365,0.0031438883301349047,0.0015066134881039327,0.03324577875314574
2024-05-29,-0.00495987927792316,-0.001575182546785139,-0.003384696731138021,0.0073099045415936145
2024-05-30,0.0015518832410661462,0.0009511121080179987,0.000600771133048148,0.06569133415793306
2024-05-31,0.00047889087610176356,0.0015806888142581021,-0.0011017979381563372,0.182953566428668
2024-06-03,0.0035397873892572904,0.0019456550570068403,0.0015941323322504503,-0.025554558220245254
2024-06-04,0.010158894191860493,0.002719551524860102,0.0074393426670003905,0.009666689991387808
2024-06-05,-0.0012465580830373958,-0.0004747883700442143,-0.0007717697129931804,-0.03531679999031717
2024-06-06,0.0004182638625652561,-0.000793441428215083,0.0012117052907803377,-0.1325279388874301
2024-06-07,-0.0017466845130014593,-0.000745977023713422,-0.0010007074892880363,-0.0006827874909628303
2024-06-10,-0.006393618687899413,-0.0020153792727917157,-0.0043782394151076955,0.007919758165521724
2024-06-11,1.0725249853844052e-05,0.000565774077900039,-0.0005550488280461949,0.06425730016798221
2024-06-12,0.00021443288942642771,-0.0010347923272379287,0.001249225216664357,0.04792093613161641
2024-06-13,0.003483519131736416,0.001222557253703068,0.0022609618780333484,0.006681416681230476
2024-06-14,0.0028471176036352183,0.001532821556335936,0.001314296047299282,0.09751572644396676
2024-06-17,0.000492189985024575,0.0007146750839875345,-0.00022248509896295992,-0.08077484436380176
2024-06-18,0.005248626198578397,0.003933286309066048,0.00131533988951235,-0.026232771514898987
2024-06-19,-0.003743590477446231,-0.0003718841380395228,-0.003371706339406707,0.052943463669811786
2024-06-20,-0.001287769303626884,-0.0010210641216000537,-0.0002667051820268312,0.04599025712359763
2024-06-21,0.003059028101817666,0.0009663376916107698,0.002092690410206894,0.029728087592198253
2024-06-24,0.003063594048674594,0.0022633864456609856,0.0008002076030136085,0.04519467228538754
2024-06-25,0.0016428101746601537,0.0001251863383356349,0.0015176238363245201,-0.012251637966523598
2024-06-26,0.0022125865387402654,0.0009310061004015446,0.0012815804383387204,-0.00532554779067886
2024-06-27,-0.000655183679493763,-0.0004909186189397073,-0.00016426506055405577,-0.2121243197625149
2024-06-28,-0.00020932064149267932,0.0010014593260870342,-0.001210779967579713,0.03348047717686326
2024-07-01,-0.01282184998567103,-0.004872865487880159,-0.00794898449779087,-0.04582543246253404
2024-07-02,0.0018446207479500334,0.0004006760838177383,0.001443944664132296,0.06891031617400728
2024-07-03,-0.002420022177046735,-0.0010098668137015158,-0.00141015536334522,0.07117096647774078
2024-07-04,0.003541452909927147,0.0006018972808287657,0.0029395556290983823,0.09134427647493638
2024-07-05,0.0035643940040099376,0.0018823230115669679,0.0016820709924429689,-0.07192288145830307
2024-07-08,0.004341461112151272,0.002288786342649931,0.002052674769501342,-0.04333080216225794
2024-07-09,-0.003836881902302525,-0.0023489248771245853,-0.0014879570251779403,-0.05521143841485934
2024-07-10,-0.0022741480663993896,-0.0004970635550037171,-0.0017770845113956714,-0.0954472415034772
2024-07-11,-0.0028060089698953017,0.00026648689290239343,-0.003072495862797695,0.006860690408865373
2024-07-12,-0.005456035501422572,-0.00014582679001717835,-0.005310208711405393,-0.13999963325076367
2024-07-15,0.0004194216294297732,0.0007622339167827614,-0.00034281228735298804,0.11529369119592284
2024-07-16,-0.009046698787717522,-0.0023508460235427374,-0.006695852764174785,-0.12845803033442935
2024-07-17,0.0072266853431388,0.0031143266060396774,0.004112358737099125,-0.056574105949639485
2024-07-18,-0.007022992803766918,-0.0027077372209168074,-0.004315255582850112,0.08522727101298797
2024-07-19,-0.0035752889462306097,-0.0005297460276926253,-0.003045542918537982,0.12468226201757583
2024-07-22,0.005618335405813444,0.0022770588613001286,0.0033412765445133157,0.143923953265225
2024-07-23,0.007447551217171514,0.002237816490218666,0.005209734726952846,0.00578180671636017
2024-07-24,0.008641606977919181,0.0030444716450265135,0.005597135332892666,-0.04405383865028689
2024-07-25,0.000210407283459616,-0.00072794148063921,0.0009383487640988262,0.05433100357755703
2024-07-26,-0.0028732981044398446,-0.0007943107579524555,-0.00207898734648739,-0.007318403933284384
2024-07-29,0.003488232311090405,0.0029270584594408887,0.0005611738516495173,-0.14095984979837772
2024-07-30,-0.0004785758640184365,-0.0013172157401262798,0.0008386398761078412,0.027101105040424196
2024-07-31,-0.009479491393532677,-0.003265320605158816,-0.006214170788373862,-0.12166814608444029
2024-08-01,0.0018111917715824303,0.0007103013657701123,0.0011008904058123175,0.14053509875679962
2024-08-02,-0.008416457450623433,-0.0025573757288267418,-0.0058590817217966905,-0.02742883950687092
2024-08-05,0.01043331503073632,0.003622441595529262,0.006810873435207056,0.2396188383636792
2024-08-06,-0.0018135813351340573,-0.001647990919504072,-0.000165590415629982,-0.17400189708595604
2024-08-07,0.01705154054523215,0.006908784631259522,0.01014275591397263,-0.03583159089906645
2024-08-08,-0.010516285305215,-0.005372027882707003,-0.005144257422507997,-0.034921113005966814
2024-08-09,-0.002211455927786913,-0.00021072961504021992,-0.0020007263127466927,-0.04615445502781717
2024-08-12,-0.0022229932465591025,-0.0012225912797133708,-0.0010004019668457317,-0.11777960756181859
2024-08-13,-0.002380195317626642,-0.0005335701366453228,-0.001846625180981319,0.03508643735726545
2024-08-14,-0.007068846812146418,-0.0030246491843159123,-0.0040441976278305074,-0.07417982688356399
2024-08-15,0.0020855462601613705,0.00032526336670123525,0.0017602828934601348,-0.033829296944013015
2024-08-16,-0.00436910121417049,-0.0029988693273483333,-0.001370231886822155,0.08957595611030789
2024-08-19,-0.0021042650748645374,0.00026862582607738335,-0.0023728909009419225,0.05340820796234858
2024-08-20,0.0059276542703818645,0.00324419623556471,0.0026834580348171545,0.021052944831016385
2024-08-21,0.003278396557679693,0.0005394314928603115,0.0027389650648193854,-0.012096793078051974
2024-08-22,0.0013640737275551638,0.00033749339473077185,0.0010265803328243913,0.017168382820638834
2024-08-23,-0.000755938137018227,-0.00026707863160578267,-0.0004888595054124447,0.027188103017175964
2024-08-26,0.0011035982315770628,-0.0010122225788493748,0.002115820810426437,0.00210580327250869
2024-08-27,0.0014466671449062133,0.00014682125103833953,0.0012998458938678747,0.13102732470183195
2024-08-28,2.4768188910641135e-05,-0.0010165083055028116,0.0010412764944134501,-0.09120115819891295
2024-08-29,0.008570582229648831,0.002853116891030737,0.005717465338618095,-0.030438069140502375
2024-08-30,-0.005325984500938728,-0.002296373993047182,-0.003029610507891545,0.009825680846039976
2024-09-02,-0.0016370770956742925,0.0005027743194949367,-0.0021398514151692288,0.11478197049804345
2024-09-03,0.0007905856503619944,0.0018649521399739018,-0.0010743664896119085,0.020862258570035527
2024-09-04,0.0083118477645306,0.004157160909503132,0.004154686855027467,0.1139794427915306
2024-09-05,0.0014479995797921797,0.0007361253715430283,0.0007118742082491509,0.06511329651769006
2024-09-06,0.0082202193771517,0.0035714782888359928,0.0046487410883157086,-0.013164744643796864
2024-09-09,0.003454938432350009,0.0010879244707003004,0.002367013961649709,0.11300243136591429
2024-09-10,-0.0006951426832039955,-0.0011816919260372195,0.00048654924283322507,0.015016198790860316
2024-09-11,0.0076023667440177235,0.002182506084944205,0.00541986065907352,0.01253474607029696
2024-09-12,0.0009153229530692759,0.0015260746413467505,-0.0006107516882774746,0.09475357372429981
2024-09-13,0.0006568507588397851,0.0014781312322586487,-0.0008212804734188655,0.04136469944793695
2024-09-16,0.005305584352934612,0.0012432235225395233,0.0040623608303950905,0.0477343131250368
2024-09-17,0.002327370443481084,-0.00021972545950252895,0.0025470959029836133,-0.014137226114533621
2024-09-18,0.00309953512338429,0.0015880488059219094,0.001511486317462381,-0.036885166380248545
2024-09-19,-0.0006770383377903198,0.0011916523239256308,-0.0018686906617159495,-0.030774042302227907
2024-09-20,-0.002198021937140505,-0.0007080373845181184,-0.0014899845526223868,-0.014516365979786738
2024-09-23,-0.0017592566295965765,-1.4921113936923469e-05,-0.0017443355156596526,0.08829347439437477
2024-09-24,-0.0010958896379455452,-0.002291479160324605,0.0011955895223790605,-0.1256256417575628
2024-09-25,0.0060045437378017895,0.004569154616701024,0.0014353891211007662,-0.06093361160018209
2024-09-26,-0.0076155450632707814,-0.002710830398639276,-0.004904714664631505,-0.06434475971947755
2024-09-27,-0.003670063999862718,-0.0036445850730413886,-2.5478926821331273e-05,0.09431200834213911
2024-09-30,-0.003632126749146365,-0.0016560769418595576,-0.0019760498072868057,-0.08768048647425147
2024-10-01,0.0057201866215204865,0.003011245215106292,0.0027089414064141947,-0.06292663926865145
2024-10-02,-0.005518022193216142,-0.0033745323863504754,-0.0021434898068656673,-0.022745044273328782
2024-10-03,-0.0038365464510193206,-0.001430764648657189,-0.0024057818023621317,-0.09453219699671533
2024-10-04,-0.0014156053860078118,-0.001912457421754852,0.0004968520357470398,-0.0931060871263275
2024-10-07,-0.0054357476277108125,-0.002840151144718496,-0.0025955964829923184,-0.008763541352437787
2024-10-08,-0.005325218914674207,-0.000923153715362517,-0.004402065199311689,-0.204555395717864
2024-10-09,-0.0005530856059526097,-0.0006471923143623803,9.410670840977013e-05,0.11357836281288188
2024-10-10,-0.01312809682440745,-0.003913734973550494,-0.009214361850856957,0.025372198939981168
2024-10-11,0.0073597634346265215,0.0021549550527617586,0.0052048083818647655,0.017414375636999956
2024-10-14,0.001764874740268066,0.0008730752244576288,0.0008917995158104382,0.0197897849479358
2024-10-15,0.0010311876917622731,0.00018858605973304417,0.0008426016320292294,0.08997404958949444
2024-10-16,0.0014294866946227463,-0.00028597796677393844,0.0017154646613966873,-0.1460414995556
2024-10-17,0.006102690464094798,0.002456810440811346,0.003645880023283454,0.03977332963277437
2024-10-18,-0.007803761071669832,-0.002081129486458645,-0.005722631585211187,0.06888068145294945
2024-10-21,0.002516544692037523,0.001384487590879699,0.0011320571011578242,-0.09467055058276756
2024-10-22,0.003585417271377757,0.0011819333752484693,0.002403483896129287,0.021815210046045603
2024-10-23,-0.004789426286336593,-0.0011289127463788417,-0.003660513539957751,-0.18061415531604333
2024-10-24,0.001286062068395418,0.000797519024333144,0.0004885430440622739,0.0861405134368742
2024-10-25,-0.009416057698679892,-0.005786441065337296,-0.003629616633342595,0.13126827949922293
2024-10-28,0.005094584044052537,0.0008170912552828823,0.004277492788769656,0.03596008162399171
2024-10-29,0.007177254178014371,0.0020036921002109633,0.0051735620778034066,-0.10355666988918491
2024-10-30,0.0022373790959570065,0.0030720837223724394,-0.0008347046264154338,0.017101634053579985
2024-10-31,-0.0058999578508155265,0.00042551317951561307,-0.0063254710303311396,-0.07647305183302495
2024-11-01,0.001032780657251825,0.0002788977393993336,0.000753882917852491,0.0340282667052461
2024-11-04,-0.00406103705314383,-0.0010785960005286165,-0.002982441052615213,0.06676248648403532
2024-11-05,0.0021927872437228725,0.0003282471298647529,0.0018645401138581187,-0.018619788893661685
2024-11-06,0.0043144676777640565,0.0024247988548977903,0.001889668822866266,0.07926672829218907
2024-11-07,-0.0011899575100690343,-0.0008135311779289708,-0.00037642633214006395,0.1515938459231348
2024-11-08,0.0049088330233948135,-0.0007867048344714495,0.005695537857866261,0.06829260090857929
2024-11-11,0.009402189186112964,0.0038608504327686255,0.005541338753344338,0.02268777497785216
2024-11-12,0.003742362070637211,0.0016402006154253837,0.0021021614552118265,0.06772523763470381
2024-11-13,0.0011650257369214857,0.0019983578443427477,-0.0008333321074212603,0.005494115031539428
2024-11-14,0.003982989156723425,0.0022543991412088977,0.0017285900155145275,-0.10876354559741033
2024-11-15,0.00025989630466740477,-0.0005977623476354317,0.0008576586523028366,0.04514435475849376
2024-11-18,-0.005621205730577001,-0.0012401722762872113,-0.004381033454289789,-0.05424919247071253
2024-11-19,0.0022174752919021717,0.0008416470962135372,0.0013758281956886336,-0.0010695764717121774
2024-11-20,-0.0029424834477129735,-0.0012802965010757163,-0.0016621869466372577,0.040962647668340776
2024-11-21,-5.160545705253268e-05,0.00033428060575221245,-0.00038588606280474643,0.00042141087687864293
2024-11-22,0.002077138988104882,-0.0011425176082289394,0.003219656596333821,0.10614733431059602
2024-11-25,0.00013966532934557617,0.0013013270784506892,-0.001161661749105113,-0.04878610896168434
2024-11-26,0.007043344744628269,0.0017757086064884575,0.005267636138139811,-0.1106343854506671
2024-11-27,-0.002903817879568702,-0.0008831273023254642,-0.0020206905772432344,-0.023911005789316705
2024-11-28,-0.0069735193366237454,-0.0035549780966612037,-0.0034185412399625422,-0.0967398167983228
2024-11-29,-0.0014535209207120145,0.0009538066446362313,-0.0024073275653482447,-0.1518330521157388
2024-12-02,-0.0062342730018640135,-0.0023981229390704992,-0.003836150062793515,0.0862845354129175
2024-12-03,-0.012662183303863105,-0.004686315562573123,-0.007975867741289982,-0.0998508847431091
2024-12-04,0.007308642634103576,0.0037070007516702887,0.003601641882433287,0.0688709398650699
2024-12-05,-0.0074022836856465725,-0.002793124761216327,-0.004609158924430245,0.16926788978885934
2024-12-06,0.005087591169252673,0.0016152194964840871,0.0034723716727685866,0.07300893427383136
2024-12-09,0.012337656750845517,0.004896360261909439,0.007441296488936078,0.0769527143009396
2024-12-10,0.005057096724049,0.0011654846594617938,0.0038916120645872063,-0.09220339074372873
2024-12-11,0.004940265540395929,0.002423669484451503,0.0025165960559444247,0.060725385444718
2024-12-12,-0.0059253409058477495,-0.0020213330368374608,-0.0039040078690102883,-0.06464465061654388
2024-12-13,0.0038420678121066894,0.0024536346780624843,0.0013884331340442025,-0.021222508025477947
2024-12-16,-0.004142032293555822,-0.0008868981070946982,-0.0032551341864611224,-0.10485001422171963
2024-12-17,-0.0017726597717402537,-0.0013992165557074315,-0.0003734432160328212,-0.06078456228930445
2024-12-18,-0.006613439329826562,-0.002093303561102334,-0.004520135768724228,-0.014599429021311302
2024-12-19,-0.004568622538796748,-0.0026568753019949568,-0.0019117472368017918,0.10976258673708622
2024-12-20,-0.0010251851413417582,0.0005846349858660018,-0.0016098201272077605,0.0432608314021458
2024-12-23,0.008104636017241849,0.003066466781722765,0.005038169235519084,-0.1368237693939053
2024-12-24,0.003312330004106572,-0.0006429780081713306,0.003955308012277902,0.0034513862379987282
2024-12-25,-0.008641161656354706,-0.0021047779514616546,-0.006536383704893053,0.13819720892297657
2024-12-26,0.00020969875190796853,0.0006933126610852592,-0.0004836139091772898,0.11756787566183917
2024-12-27,0.00931809262725071,0.00453750298885063,0.004780589638400078,-0.05706716332537204
2024-12-30,0.006880102057643844,0.0031707521161637216,0.003709349941480122,0.06987286494470475
2024-12-31,-0.003343486874964695,-7.220287233215827e-05,-0.003271284002632536,-0.003319971395226135
2025-01-01,0.003971210907155373,0.0008962688548079687,0.003074942052347404,-0.08825681746053696
2025-01-02,-0.0002342510741840749,-0.0005718246735027979,0.00033757359931872277,0.058072696732685065
2025-01-03,-0.00574825175278826,-0.0028724104245005677,-0.002875841328287692,-0.05114272615852215
2025-01-06,0.0030460916772671273,0.00011662172909345132,0.0029294699481736755,-0.00720169802365548
2025-01-07,-0.003754831083384211,-0.00025025570166281423,-0.003504575381721397,-0.13135766823526604
2025-01-08,-0.00033589021460979037,0.001679278719574448,-0.0020151689341842364,-0.07611126267151894
2025-01-09,-0.008620046714335606,-0.0033293331122105935,-0.005290713602125011,-0.09830131146569944
2025-01-10,-0.0044919270717761785,-0.0017101961809308595,-0.002781730890845319,0.03933824158396917
2025-01-13,-0.007920010254577838,-0.00527867099709628,-0.002641339257481558,-0.1739793610178737
2025-01-14,0.003259579301333589,-0.0016174364060480909,0.0048770157073816794,0.09147120484889765
2025-01-15,-0.010352319299298357,-0.003052423781074949,-0.007299895518223408,0.007425131818919685
2025-01-16,0.005822117710820132,0.00325336737385209,0.00256875033696804,-0.019108708415307797
2025-01-17,0.0004025803613970755,0.00028977493520528086,0.0001128054261917942,-0.00042037796216713247
2025-01-20,-0.0013195333436053207,-0.0017360780461253078,0.0004165447025199862,-0.09827317777081397
2025-01-21,1.5748970088754442e-06,0.0011981850344937213,-0.0011966101374848437,0.03226856380954925
2025-01-22,-0.0058814198638059405,-0.0028692257004861712,-0.0030121941633197698,0.10132733578014731
2025-01-23,0.0019459089817864988,-0.00033206653148555284,0.0022779755132720527,0.031493945482753014
2025-01-24,0.00656891457389475,0.0006000037828520332,0.005968910791042717,0.1256707716993363
2025-01-27,0.001921567017965349,0.0008429125572349457,0.0010786544607304033,-0.08246771341359362
2025-01-28,0.007588088626565232,0.0021943101610517896,0.005393778465513442,-0.04457491381481095
2025-01-29,-0.004943962222833526,-0.000548687899175733,-0.004395274323657793,-0.010616210633885164
2025-01-30,-0.0027534498813781647,-0.003160529342454102,0.0004070794610759425,-0.0851656380503901
2025-01-31,-0.0007838117412579734,-0.0022269333118802373,0.0014431215706222668,
2025-02-03,-0.006411608320803326,-0.0029703591415353447,-0.003441249179267976,
