,ls_ret,long_excess_ret,short_excess_ret,ic
2017-01-02,-0.0010237103112969365,0.00013369777071583003,-0.001157408082012765,0.051204171345171245
2017-01-03,-0.003355060109432708,-0.002370234533441015,-0.0009848255759916926,0.021713230277908155
2017-01-04,0.002409327116709585,0.0016709382315113347,0.0007383888851982501,0.04833417488928345
2017-01-05,0.000978226386892202,0.0007719325079798244,0.0002062938789123784,-0.10105309423591562
2017-01-06,0.004025508805476122,0.0040484917035347665,-2.2982898058646062e-05,-0.032229442365827865
2017-01-09,-0.005990504933850735,-0.002832545484500312,-0.0031579594493504233,0.013976817921007712
2017-01-10,-0.0018132891534322804,-0.001163993522573202,-0.0006492956308590796,0.030869007820726702
2017-01-11,0.0007482524643324588,0.0009935449479402505,-0.00024529248360779295,0.07002856917432378
2017-01-12,0.0015703268301867522,0.0015443567207718532,2.5970109414898525e-05,-0.02120197542386675
2017-01-13,0.003522604960365524,0.0008702766770474794,0.0026523282833180433,-0.02103522130593422
2017-01-16,-0.0010151415426842886,-0.0001809925322010437,-0.0008341490104832451,0.09546579982619405
2017-01-17,-0.0009610696522127988,0.0009153093825873921,-0.0018763790348001908,-0.0640826253287178
2017-01-18,0.006094055172918092,0.0012470548969010752,0.004847000276017015,-0.10312359412680791
2017-01-19,-0.0029469283331142403,-0.0005532984208071409,-0.0023936299123070996,0.016811460241179067
2017-01-20,-0.006229482090632019,-0.0034013249098733345,-0.002828157180758682,0.003595224595866551
2017-01-23,0.0008807304863288775,0.0005080701121513101,0.00037266037417756765,0.026124252710778135
2017-01-24,0.00020923333989079267,0.0005762390833789939,-0.00036700574348819993,0.08709159506206166
2017-01-25,0.0012529773986203398,0.0007156204650401515,0.0005373569335801881,-0.03736700037279749
2017-01-26,0.004828686995731157,0.002293396748281264,0.002535290247449893,0.012283376190960026
2017-01-27,-0.0017326641968322281,-0.0003673846858619819,-0.0013652795109702466,-0.05532459955577999
2017-01-30,0.0007026281221146566,0.0009271928958126149,-0.0002245647736979577,-0.007073220935250711
2017-01-31,-0.0027280865634648566,-0.001061520288829415,-0.0016665662746354415,0.16548326143049596
2017-02-01,-0.00034184815898748427,0.00020770090977068143,-0.0005495490687581657,-0.050740021072084064
2017-02-02,0.010262917635843367,0.0043033954184881745,0.005959522217355191,0.016987358715282355
2017-02-03,-0.0024126344457172013,-0.0015861637837865546,-0.000826470661930645,0.13884901974081817
2017-02-06,0.0008112796082413277,-3.488769606588976e-05,0.0008461673043072175,0.04034561254558653
2017-02-07,0.006783552478114375,0.0024535459564811665,0.004330006521633208,0.02161524627755537
2017-02-08,0.0017635570040343345,0.0011083129651171721,0.0006552440389171604,-0.02895201824782398
2017-02-09,0.0011637775751752602,0.0012516407523948392,-8.786317721957981e-05,0.054062038972195185
2017-02-10,-0.0012776089166704307,-0.0011435787872747794,-0.00013403012939565244,0.12318672037959259
2017-02-13,0.0023724559101828448,0.0009815696379374822,0.0013908862722453617,0.06024192530842519
2017-02-14,0.005203413251906762,0.0016318047578720123,0.003571608494034751,-0.011669203533940747
2017-02-15,0.0028457122929867107,0.0025870744019614814,0.0002586378910252292,-0.0273790074015336
2017-02-16,-0.00039525013997578626,-0.0011626995148540688,0.0007674493748782811,0.0352902635939915
2017-02-17,-0.0010924519926801088,-0.00213323648567584,0.0010407844929957305,-0.05083621311960539
2017-02-20,0.0016574478031220019,0.0007105521106897685,0.0009468956924322338,0.0091404101804189
2017-02-21,-0.0023230333904826275,-0.00026849709248365303,-0.0020545362979989754,-0.09589698876564776
2017-02-22,0.0004433047605594175,-0.0010303418138757426,0.0014736465744351595,0.028896111729158496
2017-02-23,-0.004590215575191783,-0.0019518952319901202,-0.002638320343201661,-0.0418417849766748
2017-02-24,0.001452408815561397,0.000927904647332084,0.0005245041682293144,0.007687785353456617
2017-02-27,-0.0019058856539347383,-0.0005799585701390592,-0.0013259270837956796,0.022833498506198143
2017-02-28,0.00035342949859950234,0.00016247494109972258,0.00019095455749977997,0.033453505424559
2017-03-01,0.0012421618591290102,0.0014695163004633904,-0.00022735444133438,-0.06962999040599477
2017-03-02,0.0014942766166150627,3.825847477060759e-05,0.001456018141844454,-0.023286858989915022
2017-03-03,-0.0034834072850522158,-0.0015645957140980778,-0.0019188115709541376,-0.0061377600139596025
2017-03-06,-0.0012989060958828824,0.0002441127771938825,-0.0015430188730767647,0.03209870657940393
2017-03-07,-0.00022534769530849338,-4.8032133668562266e-05,-0.00017731556163993068,0.14104486172599406
2017-03-08,0.0015014899746023562,0.0006343385163067433,0.0008671514582956131,0.018060645360234974
2017-03-09,0.007349138735476345,0.0033450145528611686,0.004004124182615175,0.06450451714800644
2017-03-10,0.00081485472628554,0.0003617386664910502,0.0004531160597944905,-0.02555679639153456
2017-03-13,0.002965752835596011,0.0014907331597384678,0.0014750196758575441,0.12063602822740552
2017-03-14,-0.0011843051851447833,-0.0016108854175839581,0.00042658023243917487,0.11066327607850132
2017-03-15,0.006005678194897862,0.0023185213135194765,0.0036871568813783857,0.13992151791737098
2017-03-16,0.005391100638257579,0.001499592441931799,0.003891508196325781,-0.09841091212338421
2017-03-17,0.007312879386700383,0.003694333880654769,0.0036185455060456177,-0.10739405239831386
2017-03-20,-0.004606007709042605,-0.0005230530034502537,-0.00408295470559235,0.07198406259240807
2017-03-21,-0.004574039457531453,-0.002671298895766278,-0.0019027405617651743,-0.012846573739354484
2017-03-22,0.0032003530041976266,0.0007164967646381259,0.002483856239559501,-0.08531028861889271
2017-03-23,-0.000506084391483355,0.0007294662804498107,-0.0012355506719331655,0.07751870978593962
2017-03-24,-0.004404799200677139,-0.0026482570047713233,-0.0017565421959058157,0.1038467938830109
2017-03-27,0.004060363003232122,0.0011916966302241237,0.0028686663730079984,-0.03343406495092735
2017-03-28,0.005718255961371032,0.003655885779482633,0.0020623701818883984,0.009561730547558538
2017-03-29,-0.001530702169148464,-0.00017155483196153718,-0.001359147337186927,0.07068315515460634
2017-03-30,0.0003495708600293503,-0.0007219665738166146,0.0010715374338459648,0.033176801717239
2017-03-31,0.003942458056482816,0.0013132806637921463,0.002629177392690668,0.12173250211557456
2017-04-03,0.0015808255077075927,0.0009345685732365217,0.0006462569344710703,0.014962111782520321
2017-04-04,0.0051272217124245295,0.001727518689710052,0.0033997030227144783,-0.10777185394828231
2017-04-05,0.0007954066784272019,3.794611226684563e-05,0.0007574605661603544,0.003772902127921574
2017-04-06,-0.0050142605843208204,-0.0027258824948881138,-0.002288378089432705,0.0764541129440198
2017-04-07,7.637690781618482e-05,-0.0011928247644547403,0.0012692016722709249,-0.021755117420581865
2017-04-10,0.0032512280720221843,0.0017819940672444867,0.001469234004777698,-0.04318542137095746
2017-04-11,-0.0007848410049078724,-0.0013419761316287972,0.0005571351267209257,0.05433348386554532
2017-04-12,-0.0018413564831466272,-0.0008224960390361717,-0.0010188604441104558,0.0686674424573019
2017-04-13,0.0023588857625491755,0.0010422220699576774,0.001316663692591498,-0.11432095169832523
2017-04-14,0.004297053059817947,0.0020896573328730295,0.0022073957269449183,-0.08195856634355139
2017-04-17,-0.005280210800036592,-0.003226485125190052,-0.002053725674846541,0.047395521764388354
2017-04-18,-0.003977195512708859,-0.0030708794125898367,-0.0009063161001190228,0.01591786683667164
2017-04-19,0.0022448904382620467,0.00035416986032658394,0.0018907205779354636,-0.036575901912647195
2017-04-20,0.000796952742655603,0.0001842570459853728,0.0006126956966702292,-0.057360369575522235
2017-04-21,-0.00178096020076956,-0.0019714308315155783,0.00019047063074601953,0.051262579922548214
2017-04-24,-0.0026469737370256067,-0.001382122108448727,-0.0012648516285768798,0.014101757028029351
2017-04-25,0.0023144947372275605,0.0018169300718130837,0.0004975646654144755,0.0010666494832893647
2017-04-26,0.0005858781172917375,0.0006402994088330989,-5.442129154136204e-05,-0.09793948325510649
2017-04-27,7.705127472131863e-05,0.00013448844826830582,-5.7437173546987354e-05,0.0237022079252578
2017-04-28,-0.005212565960032761,-0.0030544451215509557,-0.002158120838481806,0.13107785458223223
2017-05-01,0.0012252370106004113,0.0002671984587896059,0.0009580385518108058,-0.026541406303281233
2017-05-02,0.007114087195738336,0.003766506632782416,0.003347580562955919,0.03605438992062914
2017-05-03,-0.001359983255889626,-0.0003704698035365342,-0.0009895134523530916,-0.11958495223345109
2017-05-04,0.0024913732147299117,0.0032457968655742603,-0.0007544236508443408,-0.0751441050290493
2017-05-05,-0.007603653009885947,-0.004400468639519012,-0.0032031843703669363,-0.014715102765704337
2017-05-08,-0.00374962862169008,-0.0014506455574611185,-0.0022989830642289617,0.09330457646440922
2017-05-09,-0.0008667189913902965,-0.0006893637993745876,-0.00017735519201570891,0.03697179500025793
2017-05-10,0.004976308010823721,0.0019974851417230745,0.0029788228691006516,0.18780033417909373
2017-05-11,0.0018838601621344667,0.0011724766168457466,0.0007113835452887202,-0.0818264733264115
2017-05-12,0.011304714808990044,0.006008821031860503,0.005295893777129541,-0.13387401986106912
2017-05-15,-0.003994758776138829,-0.002050057475423731,-0.0019447013007150987,0.09042156987026342
2017-05-16,-0.007204175674578945,-0.0028240072670226964,-0.004380168407556248,-0.007022151437915795
2017-05-17,0.0038537608632168933,0.0016493871580005167,0.0022043737052163765,-0.07957586720906788
2017-05-18,-0.0003070214241081261,-0.000587854933907379,0.0002808335097992526,0.08390961852935684
2017-05-19,-0.004045862411290276,-0.00013040802535748894,-0.003915454385932786,-0.0074887063558520175
2017-05-22,0.004868355389945404,0.002184872996674119,0.002683482393271288,0.1542145713158235
2017-05-23,-0.0003931559136067266,-0.0009755235056735766,0.0005823675920668507,-0.06194901488626517
2017-05-24,0.006695267779266965,0.003320034995918735,0.003375232783348229,-0.03797677726256328
2017-05-25,-0.0022663891975387485,-0.0017952265500815363,-0.00047116264745721177,0.019222087224193083
2017-05-26,-0.0017843199499725316,-0.0018917432610166037,0.00010742331104407477,-0.05444712888131641
2017-05-29,0.0007749925915605672,0.0009533571959960564,-0.00017836460443549154,0.009557611191243058
2017-05-30,-0.0018990275148965052,-0.0012389155063948186,-0.0006601120085016872,0.10809219543398926
2017-05-31,0.0003836788892237035,-0.00020478415867561319,0.000588463047899316,0.05287435638113783
2017-06-01,0.005281300069424532,0.0035817756685427343,0.0016995244008817974,-0.011276851427281425
2017-06-02,0.002958158904826087,0.0013160802553360672,0.0016420786494900199,-0.00390242982334102
2017-06-05,-0.0005198960119938209,-0.000515440343399556,-4.455668594264585e-06,-0.11909385222547975
2017-06-06,-9.406772594616178e-05,0.0008064659253479746,-0.0009005336512941352,0.012491270370576587
2017-06-07,-0.005114221053096932,-0.003917188111590251,-0.0011970329415066808,0.01601632356478244
2017-06-08,0.000550682545026333,0.0002464197548331195,0.00030426279019321427,0.02862658539423973
2017-06-09,0.0008237810141241841,-0.0014294917417615148,0.0022532727558856984,-0.002659534839207319
2017-06-12,0.0011517471079986938,-0.0017122590885196368,0.002864006196518331,0.060748383095402626
2017-06-13,-4.804148510844221e-05,0.0002461877434930815,-0.0002942292286015249,-0.025247259848072825
2017-06-14,0.0024630924180858507,2.19581454971602e-05,0.0024411342725886897,0.00987178850971567
2017-06-15,-0.001068861742193289,0.00023821290192382188,-0.0013070746441171104,0.03373379808355804
2017-06-16,0.00029111218366441685,-0.0010759774478673427,0.001367089631531761,-0.017838385781107097
2017-06-19,0.0013921854592167614,0.0010206134880477707,0.0003715719711689918,0.10658475831615527
2017-06-20,-0.0007549028065113052,-4.2937424712372746e-05,-0.0007119653817989323,-0.039364088199573904
2017-06-21,0.0048616505203118235,0.0018745691711769793,0.0029870813491348447,0.023898849978690878
2017-06-22,-0.001952317773664749,-0.0017828614540710015,-0.00016945631959374742,-0.06560253578370862
2017-06-23,0.0009950248128256277,-0.0008260887045356852,0.001821113517361313,0.006681069847229596
2017-06-26,-0.0035316129131469733,-0.0016689553806325027,-0.001862657532514471,-0.002552233488031722
2017-06-27,0.0003516360774309948,9.754435306011909e-05,0.0002540917243708755,0.08180986260859886
2017-06-28,-3.385975871003264e-05,0.0008477391954834542,-0.0008815989541934872,-0.10036054821947894
2017-06-29,0.005260867513175481,0.0016149792291668373,0.0036458882840086394,0.14551955836434918
2017-06-30,-0.005284432237342761,-0.0040515178499047925,-0.0012329143874379687,0.046312620443486684
2017-07-03,0.008121404756359269,0.004014468534070714,0.004106936222288555,-0.03080849250620446
2017-07-04,0.0022346213137679825,0.0012822767870710335,0.0009523445266969491,-0.017150121213225112
2017-07-05,-0.0014154668625845177,-0.0004937657077150246,-0.0009217011548694933,-0.019089393634317307
2017-07-06,-0.0010736959147083125,-0.00025303198049090626,-0.0008206639342174058,-0.01667530120011294
2017-07-07,-0.0007822651100072982,0.0006986079804473873,-0.0014808730904546856,0.07575377333797964
2017-07-10,-0.0009050149824920721,-0.0015404238346775918,0.0006354088521855197,0.0385576543778957
2017-07-11,0.0033455634702042243,0.0022951423639902993,0.0010504211062139243,0.015727465922459057
2017-07-12,0.0016359314537860634,0.001124651320360622,0.0005112801334254409,0.03200149578919045
2017-07-13,0.0008202318748172368,0.00042474001538121003,0.0003954918594360271,0.04579886449585474
2017-07-14,0.001441714233215575,0.00055595298909051,0.0008857612441250649,0.0339688374641931
2017-07-17,0.003249862982371619,0.0009829221327360346,0.002266940849635586,-0.014484201684385453
2017-07-18,0.002620181027844372,0.000397830096232496,0.002222350931611876,-0.005134027538963168
2017-07-19,-0.0011254701272386276,-0.0014504214137079762,0.00032495128646934865,0.08873921633810276
2017-07-20,-0.00047660765252264766,-0.0005654380372951623,8.883038477251401e-05,0.10878853650923634
2017-07-21,0.007786788092958493,0.005413555260950102,0.0023732328320083818,0.13604318163182783
2017-07-24,0.006834531644210489,0.0017775695354973935,0.005056962108713096,0.04637555906341695
2017-07-25,0.007303274336519616,0.0026745767821815813,0.004628697554338035,0.03864926360018774
2017-07-26,0.003388841314684523,0.0033001639179512064,8.867739673331515e-05,0.04976077173834265
2017-07-27,0.002069782028004488,-0.0007613648745571182,0.002831146902561605,0.0593670229774919
2017-07-28,0.0023651623373278476,0.0016139569704066805,0.0007512053669211669,-0.01568938269642548
2017-07-31,0.0026694882384885005,0.001271233302542276,0.0013982549359462236,0.029613164214693604
2017-08-01,-0.0008714215236737743,-0.0017892796790077471,0.0009178581553339719,-0.008450693564645912
2017-08-02,0.0013268709185461757,0.00023060041129820737,0.0010962705072479683,0.007424376221139659
2017-08-03,-0.0006076752105831161,-0.0021516931289149235,0.0015440179183318081,0.008132996986404588
2017-08-04,0.00043790545897649477,7.323574225059741e-05,0.00036466971672589714,-0.00827984634060933
2017-08-07,0.0003417499402638073,0.00032426303926451523,1.7486900999292686e-05,-0.0006810860129540409
2017-08-08,-0.0005678387645034495,-0.0014973078898114917,0.0009294691253080387,-0.042340894762728634
2017-08-09,2.429211440774443e-05,0.0008149516345526452,-0.0007906595201449002,0.0477186461888731
2017-08-10,-0.0022908202918973603,-0.0020193659234777304,-0.0002714543684196307,-0.01071969705912214
2017-08-11,0.0023495319853232793,0.0004844116204069174,0.0018651203649163606,0.13810582864181606
2017-08-14,-0.00038140521707252795,-0.00021708451901445314,-0.00016432069805807394,0.024104900872687043
2017-08-15,0.006476848207924325,0.0013381788372783983,0.005138669370645925,-0.06558511313622453
2017-08-16,0.0011831370995463322,2.158024062220293e-05,0.001161556858924129,0.058301018564519434
2017-08-17,-0.003412485080639334,-0.0012833284621577082,-0.0021291566184816237,0.008319921201629193
2017-08-18,0.0029783594140110514,0.0023342244984071916,0.0006441349156038603,-0.0859761741181487
2017-08-21,0.0004713589548754031,0.0006552398264420296,-0.000183880871566627,0.07283764032080516
2017-08-22,-0.004360515916481511,-0.0006327501347984923,-0.0037277657816830183,0.03273222310711641
2017-08-23,0.003906864023360987,0.002025259109124561,0.0018816049142364264,0.04901117372866963
2017-08-24,0.0017176250350058515,1.771737648573364e-05,0.0016999076585201178,0.045927653146075095
2017-08-25,0.002479389282196608,-4.716831961086836e-05,0.0025265576018074767,0.025259365059890144
2017-08-28,0.0024988207178989635,0.002188456702415795,0.00031036401548316904,-0.021800137165270853
2017-08-29,0.0012868121042538079,-0.0001689601147640057,0.0014557722190178136,-0.0654808275588438
2017-08-30,-0.0018447818194092605,0.001011133158043756,-0.0028559149774530154,-0.005786696051156751
2017-08-31,-0.004387886795314302,-0.0033894442074893713,-0.0009984425878249298,0.05947559555064938
2017-09-01,-0.00042825338729991064,-0.0011731908176730275,0.0007449374303731167,0.057822259659866856
2017-09-04,0.003756140951632426,0.001494157007649636,0.002261983943982789,-0.05773144174225031
2017-09-05,0.00267068031618993,0.0001989517222977244,0.0024717285938922065,0.03293103312538941
2017-09-06,-0.003552601599573252,-0.0034238757378426982,-0.00012872586173055464,-0.04020779400645692
2017-09-07,0.0019254025150592722,7.116959706456906e-05,0.0018542329179947028,0.05122970411077705
2017-09-08,-0.0020127665462204604,0.0002100029203954551,-0.0022227694666159155,0.056244919009713935
2017-09-11,0.0028228617045852763,0.0007073541861344268,0.002115507518450851,0.10051523504439283
2017-09-12,0.003434296397314214,0.0009688710006012916,0.002465425396712922,0.033222655414365414
2017-09-13,0.006488996202154437,0.0027174528361128608,0.003771543366041577,0.023800975493135822
2017-09-14,0.001518490961572289,-3.8340723122298574e-05,0.0015568316846945873,0.008791238286726354
2017-09-15,0.0012044757156409766,0.00048412948012172864,0.0007203462355192466,-0.12085777388959712
2017-09-18,0.00036011320529101174,-0.0005558275371741366,0.0009159407424651478,0.03774501467053096
2017-09-19,-0.008202941769503758,-0.004472436896047227,-0.003730504873456531,-0.05161635718232581
2017-09-20,0.002620852103275775,0.00369185156178483,-0.0010709994585090567,0.018380670105305395
2017-09-21,-0.0034375784147052213,-0.0018636371744527747,-0.0015739412402524435,-0.003454698017423713
2017-09-22,0.0009828291257316974,0.0013026682553074155,-0.0003198391295757179,0.1113677634835779
2017-09-25,-7.801751690636157e-05,0.0018253540810732917,-0.0019033715979796528,-0.013662000927938341
2017-09-26,0.007345588996966582,0.0021182225416788844,0.005227366455287697,0.028239973368550577
2017-09-27,-0.0009208914518324537,-0.002785262279344971,0.0018643708275125175,-0.04127533030148715
2017-09-28,0.001629360619350853,0.000555272687324272,0.0010740879320265814,0.07238249050108987
2017-09-29,-0.002379494715316765,8.498715227198486e-05,-0.0024644818675887484,-0.01518235662293798
2017-10-02,0.0042905572531755105,0.0021074112819948476,0.002183145971180662,-0.007861624876285396
2017-10-03,-0.0010352621757576445,-3.8525397425724466e-05,-0.0009967367783319204,-0.01917025853593878
2017-10-04,-0.0003923364767436238,-0.0002619384707623351,-0.0001303980059812887,-0.025345544924586273
2017-10-05,-0.0009109161714184156,0.0003441493835726868,-0.0012550655549911024,0.02502940751333434
2017-10-06,-0.0013594482939505862,-0.0021177572067698804,0.000758308912819295,0.03724407795776648
2017-10-09,0.0010576852633184006,9.679887673783721e-06,0.0010480053756446181,0.08345186879351055
2017-10-10,0.0014264623065459048,-7.695505317924708e-05,0.0015034173597251515,-0.01253674466043231
2017-10-11,0.003988699258652567,0.0013705129580361642,0.002618186300616403,-0.048120245207124594
2017-10-12,-0.0005108490038980831,0.0010457420895381292,-0.0015565910934362132,-0.04596060335430637
2017-10-13,-0.0025897507297734314,-0.0012882836749404363,-0.0013014670548329946,0.04511643417447232
2017-10-16,-0.0023412335582811577,-0.0026037125985735477,0.00026247904029239044,0.025751396109982526
2017-10-17,0.002467822134915768,0.0015872967745668835,0.0008805253603488845,0.01330076866133457
2017-10-18,0.0011379047808739641,-0.00046700930636717685,0.0016049140872411416,-0.003691923650209901
2017-10-19,0.0005296605473716023,-0.0010177091849998218,0.0015473697323714238,-0.08794894571748992
2017-10-20,-0.00030229070143762227,-0.002027945570102172,0.00172565486866455,-0.008982239501122459
2017-10-23,-0.004235029610559932,-0.002640869088765288,-0.0015941605217946438,-0.050727277982925235
2017-10-24,-0.00042058416351390337,0.0002784330775827907,-0.0006990172410966927,3.901859203317704e-05
2017-10-25,-0.002395616649074301,-0.0012941267091627741,-0.0011014899399115275,0.020264707025383487
2017-10-26,-3.5106133452252747e-07,0.0006616866952867707,-0.0006620377566212941,0.03540035550760004
2017-10-27,0.0011635724090986075,0.00011910628491551903,0.0010444661241830883,-0.05773082429729813
2017-10-30,0.0020334852455888243,0.0009473727205273836,0.0010861125250614407,-0.05491244464905466
2017-10-31,-0.004335932465426474,-0.00153493395618097,-0.002800998509245506,0.1306539037315923
2017-11-01,-0.0030871728682770536,-0.0027410632119867565,-0.0003461096562902971,0.04595288945184375
2017-11-02,0.007467359391079759,0.004083301194503499,0.0033840581965762593,-0.11322132306838113
2017-11-03,0.0027212878612362275,0.0009816639445074638,0.0017396239167287641,-0.07865813163597023
2017-11-06,-0.005659763072364913,-0.004002885774361767,-0.0016568772980031475,0.045460106740276306
2017-11-07,-0.0037442225059307744,-0.0023192207070691162,-0.0014250017988616586,-0.03859809745982597
2017-11-08,0.00237337014500177,0.0018781397845371054,0.0004952303604646635,0.096799534161893
2017-11-09,-0.0019904948508742723,-0.0011108099523969121,-0.0008796848984773606,-0.010900197472072978
2017-11-10,0.005458499077922657,0.003504663954130169,0.0019538351237924894,0.04138756217157325
2017-11-13,-0.0005720947234638975,-0.0003337100912951807,-0.00023838463216871702,-0.044023416628669064
2017-11-14,0.002395475946877757,0.0029525448169408237,-0.0005570688700630676,0.043503915429723844
2017-11-15,-0.0023296009750128533,-0.0013298499849194387,-0.0009997509900934146,0.013214735109445966
2017-11-16,0.003153579949748735,0.002714039625291067,0.00043954032445766775,-0.07944673453171729
2017-11-17,0.001210839791968006,0.001923839777118297,-0.0007129999851502866,0.04542865805113899
2017-11-20,-0.00566253516339478,-0.00435557906190427,-0.001306956101490512,-0.017974635310579048
2017-11-21,0.0035450453510441514,0.003074891272957323,0.0004701540780868256,-0.030532442161188326
2017-11-22,-0.001103341907585098,-0.0014399874782207653,0.0003366455706356672,-0.00047028185773564306
2017-11-23,-0.0016359417004984033,-0.0018258952375895276,0.00018995353709112426,0.04739187078614105
2017-11-24,-0.0001533815199376723,-0.0009701768745155551,0.0008167953545778865,0.08988553331393925
2017-11-27,0.002523082553069822,0.0021446735249721228,0.00037840902809769834,-0.07199717078753345
2017-11-28,0.0050790549258921125,0.0023616432140233443,0.0027174117118687665,-0.0784632908892154
2017-11-29,-0.004244658031106225,-0.0024705057936006865,-0.0017741522375055406,0.05526357334452659
2017-11-30,-0.004618227452777977,-0.0007999103831104835,-0.003818317069667494,0.039944587223519845
2017-12-01,0.003310088762542157,0.0007712115002190111,0.0025388772623231425,0.01373455264400556
2017-12-04,0.002580693154841286,0.002341448078235886,0.00023924507660539815,0.03982839850204406
2017-12-05,0.0008832573102398973,0.0009469523321958204,-6.369502195592222e-05,-0.06476760698548617
2017-12-06,0.0022415876455979186,0.00022495057206486143,0.0020166370735330568,0.0034523343539173365
2017-12-07,-0.0035779901417760593,-0.0019000410413850463,-0.001677949100391013,-0.08862549114766224
2017-12-08,0.00027252508071245053,0.0002073383017425351,6.518677896991641e-05,-0.017712108684753623
2017-12-11,-0.005736402236246552,-0.002465175705171834,-0.0032712265310747175,-0.00409915213286068
2017-12-12,-0.0009089891721646374,-0.0007602347547186646,-0.0001487544174459711,0.04349292771693544
2017-12-13,-0.00021633747343034558,9.480024761322845e-05,-0.0003111377210435742,0.02277129947725312
2017-12-14,0.0026632509029325744,0.0011142213985417078,0.0015490295043908667,0.09083233423125645
2017-12-15,0.001274888266887033,0.0011800595308709711,9.482873601606096e-05,0.008474112002848812
2017-12-18,0.00503517004839844,0.002514634267950179,0.0025205357804482624,0.04212319868687162
2017-12-19,0.00039077432986502135,-1.2722549172639389e-05,0.0004034968790376601,0.060506743254207046
2017-12-20,0.0020264458288774307,0.0010594848565649174,0.0009669609723125128,0.12747983976126775
2017-12-21,0.004119217833467322,0.0016228076000309264,0.002496410233436396,0.01903218859598605
2017-12-22,0.006873975069607146,0.0033022391002531133,0.0035717359693540306,0.1438919150847117
2017-12-25,0.0010510760529138824,0.0009867317206365713,6.434433227731073e-05,0.07568801634542507
2017-12-26,0.008854100435876318,0.005814020665166862,0.003040079770709455,0.038174627182738945
2017-12-27,0.004142738963004567,0.0012095029191931412,0.0029332360438114255,-0.015807752832284777
2017-12-28,0.0023055405411500926,-8.93858971811861e-05,0.002394926438331276,-0.03717133313265576
2017-12-29,-0.0006348352783245963,0.0008416471112229777,-0.001476482389547574,-0.06985539134868456
2018-01-01,-0.001942762968222587,-0.0011890168359414421,-0.0007537461322811405,0.09289923263258573
2018-01-02,-0.004975430070649824,-0.002577767215748275,-0.0023976628549015506,0.041164912129862105
2018-01-03,0.005842850051314543,0.002248171408231669,0.0035946786430828704,-0.001449718751832536
2018-01-04,0.0027921909274838614,0.0016415230956912177,0.0011506678317926428,0.06169360632703575
2018-01-05,-0.00011492782433481777,-0.0004312282309185851,0.00031630040658376865,0.03345178248369985
2018-01-08,0.003961837265116439,0.002864595699188224,0.0010972415659282163,0.02238374509828929
2018-01-09,0.0016406379262506154,4.467036734765242e-05,0.0015959675589029589,0.02517073258646646
2018-01-10,0.0010067364005114533,-4.596042644224984e-05,0.001052696826953703,-0.023635948168862952
2018-01-11,0.0013986381888662018,0.0008685351185805396,0.0005301030702856632,0.01154087386727431
2018-01-12,-0.0009974896639005297,0.0001866014738783788,-0.001184091137778908,0.06586423602121291
2018-01-15,0.00043304161035783275,-0.00019677043424649876,0.0006298120446043276,0.05315030333283289
2018-01-16,0.0031140773977022637,0.001121871108541974,0.0019922062891602893,-0.0186190855203764
2018-01-17,0.0026334358848109835,0.00039997738768771454,0.002233458497123267,0.00510876299623085
2018-01-18,-0.001203744364045322,-0.0014256998427281614,0.0002219554786828384,0.07553231365005789
2018-01-19,0.00012367363003716288,-0.0010695694386846678,0.0011932430687218321,0.013558008356193831
2018-01-22,0.0037938639947119094,0.00138049553329039,0.0024133684614215216,0.009209638418917972
2018-01-23,0.0006102217248660029,-0.00010634597091084032,0.0007165676957768437,0.0029766807494364896
2018-01-24,0.0003862508520782288,-0.0002779658529727309,0.0006642167050509603,0.08240677223940336
2018-01-25,0.00012387606911939443,-8.093792763093008e-05,0.00020481399675032624,0.0162069927224254
2018-01-26,0.0038104482145861567,0.0014707654996800948,0.002339682714906063,0.10363157373108872
2018-01-29,0.0007408972713950469,0.0005311930132642501,0.00020970425813079605,0.03135265166646252
2018-01-30,0.004942727499032922,0.0021783636643080903,0.0027643638347248298,-0.07791004070913889
2018-01-31,0.0014839009280235107,0.0011850004030851385,0.0002989005249383718,-0.05999087309921629
2018-02-01,-0.004424930230613144,-0.0010224902682819095,-0.003402439962331235,0.061213148127671375
2018-02-02,-0.0025042375101143877,-0.0004599107691044754,-0.0020443267410099122,-0.07039468710617655
2018-02-05,0.0028359000176243977,0.0014507320267499752,0.0013851679908744238,-0.051175262253582425
2018-02-06,-0.00340793951846707,-0.0029529414668504348,-0.00045499805161663444,0.010432586133987388
2018-02-07,-0.002513364006432605,0.00019349431425392193,-0.002706858320686527,-0.014710187889652804
2018-02-08,0.0005558949930923097,0.00013527707301823344,0.00042061792007407756,0.18783077027154443
2018-02-09,-0.000774430587744662,-0.0010907202149971042,0.0003162896272524418,0.04102777522580173
2018-02-12,0.008055068723580961,0.0042198638140055296,0.00383520490957543,0.15919967730680487
2018-02-13,0.0017900835703413506,0.0015715511037421095,0.0002185324665992406,0.029100953852555147
2018-02-14,0.008014741394378213,0.004188581561551018,0.0038261598328271935,-0.11104966147045389
2018-02-15,0.0017264230949012888,0.0020605747982677166,-0.0003341517033664289,-0.025376218580560266
2018-02-16,-0.005449584448743551,-0.0013788973872449657,-0.004070687061498584,-0.016047057950838623
2018-02-19,-0.0010875412707234224,-0.00024538762038137617,-0.0008421536503420476,0.08569789661246154
2018-02-20,-0.0005967927343809348,0.0008581887871873871,-0.0014549815215683212,-0.010372636896412789
2018-02-21,0.0031863293803635825,0.0011131359504277655,0.0020731934299358153,0.018374005646132487
2018-02-22,-0.0004277769821645646,-0.0005109685510966441,8.319156893207965e-05,-0.03879219249374824
2018-02-23,0.0005552965677857119,-0.0005674487528986019,0.0011227453206843138,0.0664019221984924
2018-02-26,-0.0018635135744673277,0.0004199588233424756,-0.002283472397809804,0.03946565728048399
2018-02-27,0.002878666361315505,0.0008001529783332149,0.002078513382982288,0.004214936019818452
2018-02-28,0.002249191747567082,0.001442232492197798,0.0008069592553692842,-0.02163894858901025
2018-03-01,0.0001884388268888905,-0.0005695016318205529,0.0007579404587094432,-0.06709349790303612
2018-03-02,-0.0011210862105250612,-0.0017187986818117883,0.0005977124712867272,-0.07242659828024195
2018-03-05,-0.005034431520601597,-0.002728958790271671,-0.0023054727303299244,0.023841277881679463
2018-03-06,-0.005951126150631198,-0.005032304692206993,-0.0009188214584242068,-0.0368419591934011
2018-03-07,0.001484729653704078,0.0008971383701456438,0.0005875912835584321,0.05225403641846018
2018-03-08,-0.002195965977576312,0.00011010508494748925,-0.0023060710625238054,0.11154982290629531
2018-03-09,0.0034755252786942276,0.0014413424297217764,0.002034182848972452,-0.053618539128194316
2018-03-12,0.006998173857161243,0.002724826378838939,0.004273347478322309,0.05797570271383461
2018-03-13,-0.0034544445936069324,-0.0023294418866424797,-0.0011250027069644557,-0.07214243936646689
2018-03-14,0.0027783875146875237,0.0015573685497827713,0.0012210189649047506,-0.03365872441858814
2018-03-15,-0.00380932894854593,-0.00022322053825397578,-0.0035861084102919542,0.019715081199373992
2018-03-16,-0.001639893839563486,-0.0014331012307995008,-0.0002067926087639852,0.0943763498444466
2018-03-19,0.0011823050675478614,0.0008007575378593205,0.00038154752968853987,0.03349162576667199
2018-03-20,0.005210552304587522,0.0021205177149037245,0.0030900345896837968,0.012592316062304435
2018-03-21,0.0018529624188706696,0.0007537037590096326,0.0010992586598610344,0.056633758890866304
2018-03-22,0.0007511952182193193,0.000648839325843269,0.00010235589237605168,0.07271815775603441
2018-03-23,0.002479368369826273,0.0002141624977931092,0.0022652058720331637,0.10085771315194395
2018-03-26,0.00324486934273356,0.0011035013672548626,0.0021413679754786977,0.012078440110191201
2018-03-27,0.005289977410588377,0.0023805484082821265,0.0029094290023062505,0.04493402681095233
2018-03-28,0.0008213823491800136,0.001414250632837866,-0.0005928682836578505,-0.05113796279989116
2018-03-29,0.0029153934512985012,0.002569688842408546,0.0003457046088899548,-0.02329667479132424
2018-03-30,-0.0027401703571446837,-0.0012735553282812308,-0.0014666150288634534,0.0032656489413226807
2018-04-02,-0.000899066506135883,0.0014108881233472403,-0.0023099546294831235,0.04566131481983166
2018-04-03,0.00015863928788067364,0.00020144688166711072,-4.280759378643686e-05,0.021549435930062855
2018-04-04,0.0023276875417730983,0.0009290178734618938,0.0013986696683112067,0.03830146243189217
2018-04-05,0.001236942526927158,0.0015722278604784964,-0.000335285333551337,0.03076353752507415
2018-04-06,0.0022488121583609656,0.0017368180176655873,0.0005119941406953787,-0.025766222492329155
2018-04-09,0.0015320327747285335,-0.0011607063108207867,0.002692739085549317,0.07038499095995174
2018-04-10,-0.0017329943549433805,-0.0011089941465746572,-0.0006240002083687263,0.009889067671094815
2018-04-11,0.004984109892130052,0.002098188693282505,0.002885921198847546,-0.08718724494950711
2018-04-12,0.0007219597181768006,0.0010012737730450277,-0.0002793140548682238,0.087528489846521
2018-04-13,-0.004926117093166662,-0.0007021220750523883,-0.0042239950181142735,0.028051145873065918
2018-04-16,0.004902841846731752,0.0035518884564562777,0.001350953390275474,0.017996725162251485
2018-04-17,0.0015981253878431798,-0.0004257862333581844,0.0020239116212013644,-0.014381107762852851
2018-04-18,0.0010741268433824426,6.577126479107194e-05,0.001008355578591371,0.05071513221856844
2018-04-19,-0.0007629460271067515,-0.00045547963536714427,-0.00030746639173960706,0.10538347252100355
2018-04-20,0.0028316624296325344,0.000937777145262466,0.0018938852843700688,0.04068521408001816
2018-04-23,0.0058682072620167515,0.002634827676376187,0.003233379585640562,-0.07703967356338629
2018-04-24,0.0021756646586950264,0.0005632375367654371,0.0016124271219295902,-0.0051237974104370605
2018-04-25,-0.0033636431192991326,-0.0020499380132980444,-0.0013137051060010882,0.0777905042469067
2018-04-26,-0.0002734551928375425,-0.00031000776081400484,3.6552567976463196e-05,0.032310848104435685
2018-04-27,0.004272551362345528,0.0016576989493435352,0.002614852413001991,-0.03015069125640336
2018-04-30,0.0017209408563107049,0.00039553400423218005,0.0013254068520785235,0.007328455024393063
2018-05-01,-0.0015796068961586541,-0.0008218149788850681,-0.0007577919172735864,-0.06540051175590417
2018-05-02,0.0003926605216231327,0.0001702074272103317,0.0002224530944127997,0.008679141867149775
2018-05-03,-0.0030436809898199274,-0.001294957099648498,-0.0017487238901714285,-0.02180127680826058
2018-05-04,0.00036296012302477055,-4.002414243032442e-05,0.0004029842654550954,0.02904010797055396
2018-05-07,-0.0009538450506760436,-0.0004930435662430909,-0.00046080148443295235,0.006730813198214412
2018-05-08,0.0014574575844452414,0.00047352151596898387,0.0009839360684762571,0.0016949697959460696
2018-05-09,0.0005309959180165078,0.0014838495128547317,-0.0009528535948382236,-0.027114940812768745
2018-05-10,8.348302857236331e-05,0.0001253216125658126,-4.1838583993449724e-05,-0.027547769400563193
2018-05-11,-0.0010447598574297163,0.0009639797512028779,-0.002008739608632591,0.043272413954045075
2018-05-14,-0.0011147799483283841,-0.0007080686049902238,-0.00040671134333816056,0.013781589917014087
2018-05-15,0.001820168940688819,-5.105477385610249e-06,0.0018252744180744284,-0.022956269115706075
2018-05-16,0.0005790115344755224,-0.0005697505459267196,0.0011487620804022415,0.05748378345127782
2018-05-17,-0.001288060104661883,-0.0010932391586019625,-0.0001948209460599197,0.051548247210677994
2018-05-18,0.0029364173261792474,0.0006583266250952857,0.002278090701083962,0.019559111320237
2018-05-21,0.0027612207786192576,0.0012769409726940423,0.001484279805925217,-0.09632346289473319
2018-05-22,0.000958113610553343,0.0006746890525619745,0.0002834245579913682,0.007300126714007001
2018-05-23,-0.005642946403433529,-0.0022734053837189902,-0.003369541019714539,0.004532965345480965
2018-05-24,0.0004615268346519026,6.86863882689362e-05,0.00039284044638296725,-0.03894301106252354
2018-05-25,0.00023541939307266746,1.8119450067209664e-05,0.00021729994300545563,-0.00481985355127711
2018-05-28,-0.0020382511698456,-0.0007755311536307083,-0.001262720016214896,-0.02552602256189421
2018-05-29,-0.00017028840846668278,0.0006198589410841913,-0.0007901473495508745,-0.01526395309950798
2018-05-30,-0.0012140448704892762,0.00016579839042832464,-0.0013798432609176008,0.07687847317856801
2018-05-31,-0.0008840727868923688,-0.0015858167744694516,0.0007017439875770819,-0.014296223952343218
2018-06-01,0.004150845479259047,0.0004941369272957376,0.00365670855196331,0.10335539938558914
2018-06-04,-0.0008200943865758096,-0.000844351508675849,2.4257122100040766e-05,0.08043232335478259
2018-06-05,0.0052067692935290335,0.002960593524631504,0.0022461757688975285,-0.05612036889244542
2018-06-06,0.004048007984318746,0.001896913790479327,0.0021510941938394186,0.16101750667287543
2018-06-07,-0.0030090574017200946,-0.001970034010860851,-0.0010390233908592426,0.06532512654056295
2018-06-08,0.008630164434930416,0.0033802993970381045,0.00524986503789231,0.03022949443381287
2018-06-11,0.0032398493311489264,0.001405929671693942,0.0018339196594549835,-0.010371126762700366
2018-06-12,0.0014890245404204124,0.0010826320494372443,0.00040639249098316753,0.09783598588643314
2018-06-13,-0.0005382356309361438,-0.0003951623386667419,-0.00014307329226940233,0.12456738887487309
2018-06-14,0.004831557921132828,0.0017491695239627968,0.0030823883971700322,0.06177414071977343
2018-06-15,0.007475213116277406,0.002934583449905903,0.004540629666371501,0.0201197961025299
2018-06-18,0.0034380623905142494,0.0002005708085752204,0.0032374915819390285,0.10821864110300483
2018-06-19,0.0012084417569122592,-0.0006071611507726289,0.0018156029076848886,0.01460308507748546
2018-06-20,0.006618040825414917,0.0024567472385356084,0.004161293586879307,0.015759480617724832
2018-06-21,0.0009212032249992412,-0.0010632583055829072,0.001984461530582151,-0.024937684362724317
2018-06-22,0.0007611446066356285,-0.00013826003043609925,0.0008994046370717282,0.029060188339279053
2018-06-25,-0.0011115983652791551,7.693486626008175e-05,-0.0011885332315392308,0.062126283456798125
2018-06-26,0.0013342657587631255,0.0006375568066016857,0.0006967089521614407,-0.022916074393350788
2018-06-27,0.002780351474368303,0.0008620787034768138,0.0019182727708914882,-0.04529730487453158
2018-06-28,-0.0010542024053018777,-0.0005932977193798643,-0.00046090468592201433,0.013869124405674624
2018-06-29,-0.0023447856413442722,-0.0004264619756226632,-0.0019183236657216098,0.009025500726758891
2018-07-02,0.0006690999365733686,0.0008335994350183173,-0.0001644994984449505,0.031127372539693814
2018-07-03,0.0007134437536894046,0.001832883663889169,-0.0011194399101997635,-0.028077107805560452
2018-07-04,0.0018430349275402832,0.0013530034634299027,0.0004900314641103811,-0.06510217562934068
2018-07-05,-0.0015557262043669044,-0.0002549800870147393,-0.001300746117352165,-0.04899216099278828
2018-07-06,-0.0039221584108537315,-0.0012783726540130345,-0.002643785756840697,0.0395209529378893
2018-07-09,-0.0025481877586225497,-0.0006709192727462621,-0.001877268485876285,0.02296961331673487
2018-07-10,0.0032837985897167478,0.0025397766070987655,0.0007440219826179823,0.052357783236064485
2018-07-11,0.0016250057555935583,0.00013352489567560139,0.0014914808599179562,-0.03157994931102372
2018-07-12,0.003687421423269419,0.0011837673664824421,0.0025036540567869767,-0.061332703799573465
2018-07-13,-0.001686097572541265,-0.00017398634886708463,-0.0015121112236741799,-0.07014666276953635
2018-07-16,-0.00388145362122168,-0.0009900115103141614,-0.0028914421109075203,0.020887826084171324
2018-07-17,-0.0050576291774496905,-0.001883788559593376,-0.0031738406178563085,0.009525914325593259
2018-07-18,0.0015626043986726838,0.001142856846104181,0.00041974755256850294,0.08471454128466999
2018-07-19,0.0008591657333319016,0.0008240582246077342,3.510750872416646e-05,-0.03379964422934415
2018-07-20,0.008927876463205595,0.004762513888179026,0.00416536257502656,-0.042792085015668335
2018-07-23,-0.0025214556896315478,-0.0023326690278834133,-0.00018878666174813874,0.046703939680343545
2018-07-24,-0.0029719026883748023,-0.0005073963354911837,-0.0024645063528836234,0.1348971735555847
2018-07-25,0.0039623780929718515,0.0011881519388109163,0.002774226154160935,-0.09372968330733891
2018-07-26,0.011003977961946972,0.0045902736527111965,0.006413704309235779,0.05693646407178605
2018-07-27,-0.006034394926942032,-0.0035293383466446816,-0.002505056580297354,-0.015676787169411923
2018-07-30,0.003564099124793929,0.0011616887573889685,0.0024024103674049647,0.016481568438127668
2018-07-31,-0.0010529301914992495,-0.0009712220087709214,-8.170818272832704e-05,0.020076772722722805
2018-08-01,0.0010993923758613059,0.0006569904697208987,0.00044240190614040764,-0.0245007524978684
2018-08-02,0.0012578990679921035,0.0012226113572318884,3.528771076021647e-05,0.02389647125393986
2018-08-03,-0.0017318174478713208,-0.00047525560686113594,-0.0012565618410101858,0.048739962843253624
2018-08-06,0.001821148687103885,0.0005281302705979676,0.0012930184165059174,0.028563275020857735
2018-08-07,0.00343479580598569,0.0008935355423203839,0.002541260263665305,-0.0065383644457390425
2018-08-08,0.0020700842066716674,0.0011059496536117881,0.0009641345530598793,0.004388119076577719
2018-08-09,-0.00044589179485556246,0.00016506913428916345,-0.0006109609291447271,-0.028214736284719908
2018-08-10,0.0002207816576295478,-0.00020770938224848323,0.0004284910398780345,0.03964343589603903
2018-08-13,-0.001625020189816486,-0.00045280465387814023,-0.0011722155359383535,0.053531115255602085
2018-08-14,0.0027392829719355,0.0008815612415980639,0.0018577217303374343,-0.012857959816402243
2018-08-15,0.0034567530387048582,7.565609349482333e-05,0.0033810969452100353,0.05374204389972608
2018-08-16,-0.0007836884216527733,0.0002842430077585542,-0.0010679314294113288,-0.012418312562547931
2018-08-17,0.004973510719897815,0.004325959805290365,0.0006475509146074516,0.024019280668165003
2018-08-20,-0.0008752279471773649,0.00027113388522668255,-0.0011463618324040461,-0.0030725353787801526
2018-08-21,0.0017164283883149508,0.00024510635952199196,0.0014713220287929589,0.04090221502009647
2018-08-22,-0.00010053235427402241,0.0012406053419526802,-0.0013411376962267005,-0.010022498565806743
2018-08-23,0.0028797824597268356,0.000733282063907092,0.0021465003958197437,-0.10402359542134838
2018-08-24,-0.00067758748543388,-0.0006754519611554865,-2.1355242783927322e-06,-0.036839867021776766
2018-08-27,-0.006578336366169528,-0.0033454465303517054,-0.0032328898358178204,-0.039668044831759446
2018-08-28,-0.0024202787590393935,-0.0008496662730536168,-0.0015706124859857767,-0.023832264765647395
2018-08-29,-0.0027437608573661247,-0.0008242124155769344,-0.0019195484417891913,0.040653274278632676
2018-08-30,-0.0014783431716504942,-0.00044641688773089556,-0.0010319262839196004,0.005588300300909881
2018-08-31,0.0031202195839081896,0.002786635321340056,0.0003335842625681335,-0.04208506044105649
2018-09-03,0.0003474893427773708,-0.0009081770850177147,0.0012556664277950831,0.0895360764558886
2018-09-04,-0.00274318087182609,-0.0007075236622161828,-0.0020356572096099056,0.05018550012368707
2018-09-05,0.006045199439049627,0.0024084314695653267,0.0036367679694842975,0.10320013481781214
2018-09-06,0.00393794696532271,0.00026800754818496163,0.0036699394171377468,0.0043394708859286184
2018-09-07,0.009519024373115963,0.003190845864483885,0.006328178508632078,0.09636978106067456
2018-09-10,0.0002472603144043991,-0.0006097405914011582,0.0008570009058055592,0.03273510411517106
2018-09-11,0.007657392917346126,0.0037544788596875073,0.0039029140576586213,0.07123030324908906
2018-09-12,0.002482070042937716,0.0016378621322721693,0.0008442079106655478,0.06298547026759577
2018-09-13,0.004854294511999815,0.0021683883320961165,0.0026859061799036988,-0.07810102771533503
2018-09-14,0.0038563604286185825,0.0018208869253565595,0.0020354735032620235,-0.003603638883417405
2018-09-17,-0.003932421842890375,-0.002112462764905697,-0.0018199590779846772,-0.03346487408642421
2018-09-18,-0.00024362354172157894,-0.00032688660865084953,8.326306692927124e-05,-0.0945667162744742
2018-09-19,-0.001684845035671209,0.000166911237903738,-0.001851756273574946,0.01563061558104505
2018-09-20,-0.0047297609335887735,-0.0024387115261629566,-0.0022910494074258186,0.028322419286759798
2018-09-21,0.0009814671080187476,0.0009195804073738132,6.188670064493328e-05,0.010755452466017303
2018-09-24,0.0020623033154131684,0.0010682909519986045,0.0009940123634145648,-0.05591559192024301
2018-09-25,0.0009469423119116899,0.0010522183933275482,-0.00010527608141585871,0.004874125106245487
2018-09-26,-0.0032013790286186342,-0.0015090873402713104,-0.0016922916883473221,0.0006303357806050819
2018-09-27,0.00018636661453420313,-0.0008213423547204805,0.0010077089692546838,0.06679984527338394
2018-09-28,0.00011580471768668271,0.0006521758438739755,-0.000536371126187294,-0.08045377988423232
2018-10-01,0.004396613959117727,0.0014890570333964525,0.0029075569257212743,-0.0035949357787142706
2018-10-02,-0.004339432691114918,-0.002764745933561956,-0.0015746867575529636,-0.01020469066238742
2018-10-03,-0.00018844167866961835,-0.00016043147065885612,-2.8010208010762123e-05,0.0245334321435287
2018-10-04,-0.0005220585467401216,-0.0004884185999891938,-3.363994675092876e-05,-0.04915955127334469
2018-10-05,0.0014227973191807439,-0.00034994513787227344,0.0017727424570530177,0.0525010337062654
2018-10-08,-0.0026979235007562135,-0.002053057683428194,-0.0006448658173280192,0.041758800214156115
2018-10-09,0.0034525930358939106,0.002240911035801464,0.0012116820000924455,0.020133154637998828
2018-10-10,0.0023490317908132752,0.000254970012703859,0.0020940617781094115,0.04199687654071807
2018-10-11,0.0011158014709594872,0.00036818510871713646,0.0007476163622423509,0.033474182946811544
2018-10-12,0.0025403928978696153,0.0006013284989890427,0.0019390643988805752,-0.01123861099528454
2018-10-15,0.001956840702186033,0.00022186376636200086,0.0017349769358240338,0.0034616113287442374
2018-10-16,-0.0005080594266149201,-0.00020916542995755988,-0.0002988939966573692,-0.0006507498213824595
2018-10-17,0.0001819072386149489,0.00022749208096431526,-4.55848423493669e-05,0.08610876793770907
2018-10-18,-3.5567831772302314e-05,-8.049696183949455e-06,-2.7518135588354593e-05,0.015186042750322183
2018-10-19,0.004815987237871232,0.002398009381424964,0.0024179778564462698,0.026633717873008972
2018-10-22,0.0008162544025871026,0.00013324645943516011,0.0006830079431519435,0.025774618222077328
2018-10-23,0.0012461578429677855,-0.000740432481730005,0.0019865903246977907,0.022930640290928415
2018-10-24,0.001281304849357296,0.0006754155372573501,0.0006058893120999467,0.010676637481236678
2018-10-25,0.001128058993536287,0.0007778035266363947,0.000350255466899891,-0.04895262758676975
2018-10-26,0.0005471870403201861,0.0004633192069268266,8.386783339335915e-05,-0.019917590535855394
2018-10-29,-0.0026011280004327696,-0.0006012832408980539,-0.0019998447595347153,-0.0004069914157482795
2018-10-30,-0.0011193414799560084,-0.0007058848856593327,-0.00041345659429667565,-0.023897264761541026
2018-10-31,-3.803047479405226e-05,-0.00034623900904830196,0.00030820853425425,-0.004174901755541034
2018-11-01,-0.0013433437783549012,-0.0014090130495047273,6.566927114982652e-05,-0.011432799349288196
2018-11-02,-0.0002744135421522459,-0.0005237631431248904,0.0002493496009726443,-0.044532495768091936
2018-11-05,-0.0005700771433208274,-0.0005816541442939423,1.1577000973116147e-05,0.02969857803067392
2018-11-06,-0.0023406747236179516,-0.0010636957673589873,-0.0012769789562589642,0.03422850807335447
2018-11-07,0.0016137510534485762,0.0019722284761122914,-0.00035847742266371593,-0.025963982943423704
2018-11-08,0.0017219269387246244,0.0007958171049243941,0.0009261098338002307,0.015073777087186891
2018-11-09,-0.0013114789053369727,-0.00185157321850366,0.0005400943131666867,-0.08528907013632529
2018-11-12,0.0007632664675853917,-0.000497005147351591,0.0012602716149369836,0.10933191265306937
2018-11-13,-0.004592989489614801,-0.0024463271613965236,-0.002146662328218277,0.10634298164715085
2018-11-14,0.0052213227067811185,0.003110442089976782,0.0021108806168043358,0.034156073776365224
2018-11-15,0.005102036743629551,0.0024812299453307735,0.002620806798298778,-0.013020781865097896
2018-11-16,0.001850882409427291,0.002098313379014375,-0.00024743096958708367,0.07186764093717211
2018-11-19,-0.0008320852330665409,-0.0015385969748048112,0.0007065117417382697,0.08563658000320547
2018-11-20,0.003397924922818456,0.0016692297673028787,0.0017286951555155763,0.0012789658808678508
2018-11-21,0.0040108388881463135,0.0021111168864436547,0.0018997220017026588,-0.005817786710503824
2018-11-22,-3.216812044295916e-05,-0.0008305872152973258,0.000798419094854369,0.06400825047475317
2018-11-23,-0.00024096264287625158,0.0001642538249964718,-0.000405216467872724,-0.01599070797098244
2018-11-26,0.003822065022323102,0.0019587044571530814,0.0018633605651700233,-0.024986412235321973
2018-11-27,-0.0007321015462640659,-0.0009407551771603417,0.00020865363089627408,-0.0463431233415094
2018-11-28,-0.0009598702733060486,-0.00040506551467047597,-0.0005548047586355735,0.03840571733063839
2018-11-29,-0.00198232959277033,-0.0004030629934301576,-0.0015792665993401723,-0.016977701522037692
2018-11-30,0.0016792679048782278,0.0006082497520513278,0.0010710181528269002,0.011346019875045969
2018-12-03,-0.0007652063865931352,-0.0004979306712623914,-0.00026727571533074297,0.028467197149710487
2018-12-04,0.00042787374414255893,-0.00015251619678729664,0.0005803899409298555,0.0041448745178364575
2018-12-05,0.0012818042457456947,0.00029696804755680126,0.0009848361981888935,0.009244841306065942
2018-12-06,0.00019173167553663,-5.490945418551267e-05,0.0002466411297221433,-0.04940872097580489
2018-12-07,0.0003827314904460966,-0.0008553980946509852,0.001238129585097083,-0.033091466094238325
2018-12-10,-0.0024297016022335792,-0.00121125187792317,-0.001218449724310412,0.017839166177322195
2018-12-11,-0.0021746307725916975,-0.0018939134611502817,-0.00028071731144141757,-0.01208018984520017
2018-12-12,0.001019358964114573,0.0002548051137730794,0.0007645538503414945,0.03163048633968779
2018-12-13,-0.000556605864860281,0.0003774069484437422,-0.0009340128133040236,-0.049242174604686766
2018-12-14,0.0015752736236090323,0.0011191110220627135,0.00045616260154631924,0.010855957836168441
2018-12-17,-0.002419765702803216,-0.0008285744062907253,-0.0015911912965124904,0.019311075946978486
2018-12-18,0.0005279077185204835,0.0002671935930477695,0.000260714125472716,-0.003788069212793027
2018-12-19,0.0010303721355217129,0.0010872325528574773,-5.686041733576376e-05,-0.011342820660501513
2018-12-20,-0.00021668507426142653,-0.0005640210943689055,0.0003473360201074801,0.009819472012034898
2018-12-21,-0.0006591474921588177,-0.0019192695682707125,0.0012601220761118952,-0.012345954552488303
2018-12-24,0.0005105616300306523,0.0003032946786209398,0.00020726695140970558,0.03247294258878976
2018-12-25,-0.000608045233683746,4.3807277701337494e-05,-0.0006518525113850845,0.010007019566372866
2018-12-26,0.0017821530964948207,0.0009057793856586407,0.00087637371083618,-0.03703894712259663
2018-12-27,0.00043809900091959405,-0.00016538477537444973,0.000603483776294044,-0.0006323996466395908
2018-12-28,-0.002218241044063207,-0.0009768437857678716,-0.0012413972582953356,0.03709649895248733
2018-12-31,3.5133176665927076e-05,0.0007686983958956487,-0.0007335652192297223,0.08075600237771946
2019-01-01,0.001909826607516435,0.0006293210075961377,0.0012805055999202987,-0.0599944587065531
2019-01-02,0.005028165049505526,0.0013883141195286147,0.00363985092997691,0.04813126445255364
2019-01-03,-0.0031064832210864943,-0.0006359749271102177,-0.002470508293976277,0.0022096204686901516
2019-01-04,0.0029870709837062064,0.0009725462652887609,0.0020145247184174472,0.013621902754945332
2019-01-07,0.0001887644471001309,0.0003691470476352328,-0.00018038260053510405,-0.058014253412847126
2019-01-08,0.000681324664520221,0.0002727923334352768,0.00040853233108494296,-0.008357150299094642
2019-01-09,-0.0030172373741046243,-0.0008994995081108084,-0.0021177378659938163,0.012026415837563037
2019-01-10,-0.000437064970002958,-0.00036677927694931875,-7.028569305363858e-05,-0.02300602808108151
2019-01-11,0.0006494104080190219,-7.734232517109165e-05,0.0007267527331901126,-0.01443449997545888
2019-01-14,-0.0014107549005371166,-0.0019933187881896325,0.0005825638876525187,0.06384327218988958
2019-01-15,-0.0009401048785585031,-0.0011685496238747406,0.00022844474531623794,0.046607839927637805
2019-01-16,0.003561430259043837,0.0021173924616801126,0.001444037797363725,-0.01368775255818684
2019-01-17,0.0021194968306594867,0.0010242196900195327,0.001095277140639955,-0.00419037161820097
2019-01-18,-0.0006512420298166375,-0.00030360766680396795,-0.0003476343630126697,-0.0409633186344214
2019-01-21,-0.00021378972185903808,-0.00028142155344336103,6.763183158432426e-05,-0.050284316216804875
2019-01-22,-0.0020039424349694974,-0.0011038877377217505,-0.0009000546972477478,-0.023746365856044664
2019-01-23,-0.002423195834983024,-0.0013582721004890847,-0.0010649237344939402,0.024967880508510013
2019-01-24,-0.0011404146384036886,0.000592585743033358,-0.0017330003814370475,-0.0067052789819311365
2019-01-25,0.0013772822498910695,0.0006116922803469736,0.0007655899695440966,0.028489411609549133
2019-01-28,-0.00045491068406847314,-0.0012620761473322662,0.0008071654632637931,0.16291322000150452
2019-01-29,0.0016292203079582577,-0.00017636586280042957,0.0018055861707586864,0.03337951724993426
2019-01-30,0.011357556583907639,0.0063478742877829605,0.005009682296124675,0.03091386970044158
2019-01-31,0.0017524877999554865,-0.0002162872344239567,0.0019687750343794427,-0.06895892490736796
2019-02-01,0.001534329573549873,0.0006862188736416336,0.0008481106999082381,-0.0795245954974828
2019-02-04,-0.0041284247944657305,-0.001822418189366504,-0.0023060066050992257,-0.032096648779813816
2019-02-05,-0.00397673368861313,-0.0024245137813387954,-0.001552219907274336,0.014685968249993896
2019-02-06,-0.0015641659010039697,-0.001457202275103318,-0.00010696362590065407,0.027150732000670606
2019-02-07,0.0007368611336020539,0.0002526898905299655,0.0004841712430720883,0.0877753256729055
2019-02-08,0.0013179682642696583,0.00016035208474913035,0.0011576161795205271,0.017347439315019635
2019-02-11,0.006030316158431269,0.0032130954845929083,0.0028172206738383623,0.04857683888492297
2019-02-12,0.0009564149050052491,0.00016952568229874985,0.0007868892227064989,0.07121050706303536
2019-02-13,0.0023409115727807753,0.0011681543340608847,0.001172757238719891,0.08990364430933034
2019-02-14,0.0039074113688191275,0.0013978158585272443,0.0025095955102918815,-0.06086126641906003
2019-02-15,0.005637430065054095,0.0025067182273989,0.0031307118376551948,0.01659688195248977
2019-02-18,-0.0031216855977460227,-0.0019062869466758663,-0.0012153986510701556,0.02180127264800579
2019-02-19,0.0007915195315401867,0.0006864136786530629,0.00010510585288712321,0.04669273153998506
2019-02-20,0.0010548832443859416,0.0003343668390299601,0.0007205164053559817,0.012067344592395233
2019-02-21,0.002270971825216904,0.000522059144167193,0.0017489126810497115,0.006494906038971223
2019-02-22,0.0009817037462557352,0.0014739591287125792,-0.000492255382456841,-0.039675836182971824
2019-02-25,0.00037847726649212644,-3.67600800850465e-06,0.0003821532745006285,0.023947559993033524
2019-02-26,-0.002792693656768968,-0.00207831233285829,-0.0007143813239106778,-0.0265658824949388
2019-02-27,0.001416149982690952,0.00046175990453474827,0.0009543900781562031,-0.08950853870804061
2019-02-28,-0.001262627076393926,-0.00040968897607991314,-0.0008529381003140116,0.04248415743767318
2019-03-01,-0.004674990722738595,-0.002445562248771691,-0.0022294284739669042,0.06419994772922406
2019-03-04,0.002106934264065173,0.0008240117263372683,0.0012829225377279053,0.009145169266368363
2019-03-05,0.003218732552292621,0.0006904169002690998,0.0025283156520235217,0.030907497567494804
2019-03-06,0.0004099038165197861,0.00010697548499428132,0.00030292833152550415,-0.036635828908670655
2019-03-07,0.00149679915851706,0.0002069978165146029,0.0012898013420024577,-0.017240494751633053
2019-03-08,-0.0019008078317869557,-0.0009342109237478989,-0.0009665969080390573,-0.03470322517539252
2019-03-11,-0.0007230180172756169,0.00028020076272581565,-0.001003218780001433,-0.01499587730855082
2019-03-12,-0.0015642664144739395,-4.467478874636485e-05,-0.0015195916257275742,-0.012155145091172692
2019-03-13,-0.000694445992942199,1.7387850925688203e-05,-0.0007118338438678873,-0.09462952119522859
2019-03-14,-0.0005709937350968315,0.0007051549435077263,-0.0012761486786045592,-0.028327181494212327
2019-03-15,-0.004440129573484626,-0.0020294179494950732,-0.002410711623989552,-0.035786229865976904
2019-03-18,-0.0013058998516634083,-0.001194605307270509,-0.00011129454439289671,0.0873582152110412
2019-03-19,-0.00161639150722604,-8.273611155767968e-07,-0.0016155641461104648,0.12520932925517636
2019-03-20,0.0038712030296183114,0.0021720687342645035,0.0016991342953538093,0.1810867103038963
2019-03-21,0.0072074188513340295,0.003350599938775574,0.0038568189125584556,-0.1088079784517773
2019-03-22,0.012745284900632153,0.005152167167959803,0.007593117732672353,0.014822158280003536
2019-03-25,-0.00511403740055872,-0.0022168562927476422,-0.0028971811078110777,-0.02624300620567827
2019-03-26,0.000572618295919449,-0.0010211772017045403,0.0015937954976239894,0.1196660275794446
2019-03-27,-0.0011413423437730444,-0.0009248966813105116,-0.00021644566246253319,0.021780091556508254
2019-03-28,0.004830817216705365,0.0017346033207538247,0.003096213895951539,-0.019009533282047266
2019-03-29,0.001026180842042683,0.0008240865250803851,0.0002020943169622981,-0.0010194514809248726
2019-04-01,-0.000829678964266429,-1.1364908854964197e-05,-0.0008183140554114624,-0.06872201227690423
2019-04-02,9.580584987769081e-06,0.0004635772450422488,-0.00045399666005448017,-0.018560124228867988
2019-04-03,-0.0026702744523094675,-0.0016805679218376297,-0.0009897065304718365,-0.013732984664355258
2019-04-04,-0.0008264002695010482,-0.0005048365369832129,-0.000321563732517835,-0.015061051663828784
2019-04-05,-0.000517430637841618,0.00037214227262560764,-0.0008895729104672258,0.00344636104586744
2019-04-08,-0.0006332591232423464,0.0005443712332104875,-0.001177630356452834,0.0021979861227489363
2019-04-09,0.00016111816184962227,0.0001495761053685661,1.1542056481055746e-05,0.02655284441516183
2019-04-10,0.00010607601781596038,8.621441314452102e-05,1.9861604671439145e-05,-0.06522538924343237
2019-04-11,0.0011369343663346658,0.0006519201171847205,0.0004850142491499461,-0.046883053908134735
2019-04-12,-0.0030327480936310474,-0.0009314761183680589,-0.0021012719752629867,-0.02214209539303795
2019-04-15,-0.0023205611888792725,-0.0007310040115687672,-0.001589557177310505,0.02700695159969551
2019-04-16,-0.0011220460326398151,-0.0008853792094286373,-0.0002366668232111779,-0.028233664851983163
2019-04-17,0.0013325865412469743,-0.0004521600666190836,0.001784746607866058,0.05787723181088345
2019-04-18,-0.0015934831417616718,-0.0015370748285543929,-5.640831320727867e-05,-0.04093119398210052
2019-04-19,0.0032626065651809857,0.0013759711154184874,0.0018866354497624957,-0.020730275005218065
2019-04-22,-0.002121469433459533,-0.0004931014129840282,-0.0016283680204755013,0.02969773626876015
2019-04-23,-0.001026135409018926,-0.000713043847042006,-0.00031309156197692044,0.029110905370739164
2019-04-24,0.0013178423666872145,0.000402003056850583,0.0009158393098366328,0.09530979957660418
2019-04-25,0.001754540655538908,0.0019354589691670566,-0.0001809183136281499,-0.02351456750062958
2019-04-26,0.00510102758906616,0.0005065155232526937,0.004594512065813465,-0.07324512445075303
2019-04-29,-0.0012641160540458262,-0.0014760731706706587,0.00021195711662483265,0.033426282436184555
2019-04-30,-0.0036489261163294624,-0.0014393899772923886,-0.0022095361390370716,-0.03444343111822378
2019-05-01,0.0018894360374806245,0.00139145185818802,0.0004979841792926033,-0.050850070182445695
2019-05-02,-0.0021301488710007543,-0.0007945723657624883,-0.001335576505238266,-0.057767746202318684
2019-05-03,-0.0030205545251748814,-0.0013972912861220845,-0.0016232632390527947,-0.02746488287446028
2019-05-06,-0.0038624491182286573,-0.0009216650657388036,-0.0029407840524898546,0.008515995674450959
2019-05-07,-0.0016089850375557322,-0.0009332177522018044,-0.0006757672853539287,-0.07401970881232411
2019-05-08,0.0005620569616096643,0.0008931300232835728,-0.00033107306167390847,0.010306255346380794
2019-05-09,-0.0037790391091366577,-0.001040661868770375,-0.0027383772403662826,0.02562953099818045
2019-05-10,0.0005579965090190015,-6.154675217741399e-05,0.0006195432611964153,-0.033289365062917464
2019-05-13,0.001491099178011824,0.0006864913718332335,0.0008046078061785904,0.016790412613001123
2019-05-14,-0.0019138678957862044,-0.0018705708134382458,-4.329708234795818e-05,0.007170304743064981
2019-05-15,0.0008520696069622807,-0.0002835918296711466,0.0011356614366334278,0.04222159005234965
2019-05-16,0.00039514199923226107,-0.0006068744042115916,0.0010020164034438526,-0.038715264650637814
2019-05-17,0.003041237403444167,0.0017205708899274523,0.0013206665135167134,0.10121973690854956
2019-05-20,-0.0026816138887905995,-0.001424955057192867,-0.0012566588315977316,-0.028636617641984392
2019-05-21,0.0070907740204898696,0.0025054770466357984,0.004585296973854069,-0.05534049362509342
2019-05-22,-0.00281628304936959,-0.0024951743388258174,-0.0003211087105437771,-0.09390162038630845
2019-05-23,-0.006894311039377489,-0.0037049674081134623,-0.0031893436312640253,-0.009870584534476926
2019-05-24,-0.006409592011620408,-0.0019524079763668968,-0.004457184035253511,0.0610701480357032
2019-05-27,-0.00054914426311139,0.0011976438687310888,-0.001746788131842477,0.04062252766206349
2019-05-28,0.005309514078172953,0.003216435303421271,0.002093078774751681,0.04559505308462462
2019-05-29,0.003412284635611232,0.0011082578685010745,0.0023040267671101573,-0.11213388279200798
2019-05-30,0.003213023587730442,0.0013365843847776308,0.0018764392029528105,-0.0256263777607434
2019-05-31,-0.0070840457162607,-0.002140760688580795,-0.004943285027679906,0.0427301863154058
2019-06-03,-0.0018176595519112534,-0.0015015677780145596,-0.0003160917738966925,-0.08625225621302912
2019-06-04,0.0023761941805585337,-0.0007108869022724928,0.003087081082831026,-0.10671258077324426
2019-06-05,-0.00514267806251077,-0.002961765634046272,-0.002180912428464493,0.08464940279967058
2019-06-06,-0.007295385665524342,-0.0030363396926416826,-0.004259045972882659,-0.09933410005293515
2019-06-07,0.006467206648868819,0.001593588698333679,0.004873617950535139,-0.044554260117040174
2019-06-10,-0.005722479923106741,-0.0027461181598518025,-0.0029763617632549352,-0.059337179111677116
2019-06-11,-0.003039273473313282,-0.00042438946240260997,-0.0026148840109106713,-0.025812041378694105
2019-06-12,-0.004709364918800303,-0.0014002900900874568,-0.003309074828712847,0.17753886288595433
2019-06-13,-0.002231214296856208,-1.7511256780692035e-05,-0.002213703040075516,0.05302989897196902
2019-06-14,0.018274683724498787,0.009242295036900902,0.009032388687597884,0.09630399390247193
2019-06-17,0.004223705873711979,0.00182993808352325,0.0023937677901887285,0.04457795199178835
2019-06-18,0.008080487876917454,0.0027340935889185736,0.005346394287998879,-0.031203601703157113
2019-06-19,0.00281523834755751,-0.00060021729881643,0.0034154556463739383,0.112775319903522
2019-06-20,-0.0019651017488079747,-0.0010280714169325494,-0.0009370303318754249,0.10885629703213841
2019-06-21,0.008176217480053443,0.003454274602753025,0.00472194287730042,0.06174945315567889
2019-06-24,0.007702928575224993,0.004366748899718567,0.003336179675506425,0.07117727488461136
2019-06-25,0.004463566899603803,0.002882047380931321,0.0015815195186724828,-0.06485637518844468
2019-06-26,0.0069257401863248,0.0038546783821005737,0.003071061804224229,0.049869024412163926
2019-06-27,-0.005199820902617327,-0.0025075543169113847,-0.0026922665857059443,0.006691134522433914
2019-06-28,0.0034798626685377853,0.0026460824204643345,0.0008337802480734499,-0.005716973257632977
2019-07-01,0.00048730735849290396,0.0006095953618296054,-0.00012228800333670062,0.09458134908423957
2019-07-02,-0.0003290632089309759,0.0006743846988234818,-0.0010034479077544595,0.00016612115091302394
2019-07-03,0.007794245788393345,0.004675613968305382,0.0031186318200879665,0.04029911321485718
2019-07-04,-7.479217333078068e-05,-0.0008769123828244619,0.0008021202094936827,-0.025108180766169233
2019-07-05,0.002634974286168324,0.0014525396643202439,0.001182434621848083,0.035825563796075634
2019-07-08,-0.0017688489296768346,-0.0020844604141176653,0.00031561148444082983,0.1142764664992605
2019-07-09,0.0023264159527867133,0.0018303338117750308,0.0004960821410116816,0.05647306918168247
2019-07-10,0.009277883406027441,0.003671168570370059,0.005606714835657375,-0.03360063617855087
2019-07-11,0.003672686613498764,0.0012393830606354204,0.0024333035528633466,0.020935667980576205
2019-07-12,-0.00179507348173664,-0.00062196885263242,-0.0011731046291042178,0.11647797783920295
2019-07-15,0.0013667038368099238,0.0005489196176608688,0.0008177842191490533,0.03484354200253306
2019-07-16,0.007230482467729467,0.0031856673837102846,0.0040448150840191825,0.04484107266574926
2019-07-17,0.0027993379490567974,0.0011838227930543004,0.001615515156002497,0.01405697252415842
2019-07-18,0.0030228581208289014,0.0003986972057159416,0.00262416091511296,-0.040882361960662944
2019-07-19,0.0008290245692762295,0.000544897328940577,0.00028412724033565276,0.0387385406767704
2019-07-22,-0.0025789604505893123,-0.0018781986547625334,-0.0007007617958267771,-0.06710818863526138
2019-07-23,0.0023899563717103907,0.0010894320192745303,0.0013005243524358608,-0.015884967535303843
2019-07-24,-0.003768830373915676,-0.001901744758330333,-0.001867085615585344,-0.013193730623177767
2019-07-25,-0.0009872711333933349,-0.0006602947855376181,-0.0003269763478557161,0.09558138428086385
2019-07-26,-0.0008140615586633676,0.0003237038781718181,-0.001137765436835185,0.04164683966023998
2019-07-29,0.006485957827736691,0.0026362555119023544,0.003849702315834338,0.007018652769474373
2019-07-30,0.002752942625581536,0.0007572819207121249,0.0019956607048694126,0.08272978329800748
2019-07-31,0.0003108318096017239,-0.00035339318974918557,0.000664224999350909,0.027018679902745337
2019-08-01,0.004824158667476906,0.0020634409993944697,0.002760717668082434,-0.008345148464938218
2019-08-02,0.0015980645225783787,0.00025908689989050885,0.0013389776226878708,-0.05827034708416883
2019-08-05,-0.0004928248653770443,7.953627624717559e-05,-0.0005723611416242199,-0.021167498582670426
2019-08-06,-0.003517182587152559,-0.0014567565849462824,-0.0020604260022062774,-0.02861692492622115
2019-08-07,-0.0012073090275022294,7.881725504541026e-05,-0.0012861262825476396,0.0368416153405196
2019-08-08,-0.001733287211810602,-0.0008159588683141952,-0.0009173283434964086,0.04605855176591475
2019-08-09,0.0023971230027748213,0.0008209978735318666,0.0015761251292429534,0.016054380017564776
2019-08-12,0.0031187906256729308,0.000591764730528202,0.002527025895144728,0.07137688987477342
2019-08-13,0.0009775996476925086,-0.0011385279295147857,0.0021161275772072956,-0.013323940924007146
2019-08-14,0.005714342656336709,0.0009134810518339684,0.0048008616045027395,-0.011597702071995482
2019-08-15,-0.001081240963830238,-0.0012968327536004934,0.00021559178977025462,-0.08655893292752863
2019-08-16,-0.00074416578580236,0.0005010427878873215,-0.0012452085736896802,0.03564608536898787
2019-08-19,-0.0050396649189352405,-0.002574320998341092,-0.002465343920594148,0.030775968084870067
2019-08-20,0.0019475879664406109,0.0005295074482919303,0.0014180805181486815,0.015494100903993132
2019-08-21,0.0016903135688987943,0.0005470568375616682,0.0011432567313371268,-0.022896460936210537
2019-08-22,0.000953093997998234,0.001417431560107722,-0.00046433756210948856,-0.07486681201618167
2019-08-23,-0.0013066523379928218,-0.0009903962998523072,-0.0003162560381405145,-0.007388792122461665
2019-08-26,-0.004379468088655549,-0.0019449839998126805,-0.0024344840888428686,-0.06110938453452045
2019-08-27,-0.0003157163275725475,0.0008728066019669444,-0.0011885229295394931,0.07833872897065461
2019-08-28,-0.003501508370280203,-0.0013043059341396141,-0.002197202436140589,-0.0778382350373915
2019-08-29,0.0059723033366260725,0.002105479097018227,0.003866824239607846,0.09114935725527276
2019-08-30,-0.004792130873111028,-0.0022985663321737123,-0.0024935645409373142,0.11310912595199113
2019-09-02,0.005939912383011239,0.002102799384513768,0.0038371129984974706,0.021466353018958446
2019-09-03,0.007700534537930106,0.004419641354359556,0.003280893183570553,-0.023340797747714522
2019-09-04,0.0013277344097750758,0.0006344595128496416,0.0006932748969254374,-0.06011242076635811
2019-09-05,-0.001593940571104842,-0.0011952811718334137,-0.00039865939927142885,0.06166487172001357
2019-09-06,-0.00326036244709663,-0.0009915766887070299,-0.0022687857583896034,0.010443750735518622
2019-09-09,0.004097801375232635,0.002480582312669286,0.001617219062563349,-0.013597419321282448
2019-09-10,0.0006625392957866628,0.0002361258563889578,0.00042641343939770534,-0.0510473658234953
2019-09-11,-0.0008610426949373413,-0.0004675363551547764,-0.00039350633978256326,0.11761683984306215
2019-09-12,-0.0028814527826431847,-0.0016982653262988222,-0.0011831874563443638,-0.00993878621606112
2019-09-13,0.007500715192086895,0.0034836618407509254,0.0040170533513359695,0.05498639425342644
2019-09-16,-0.0005371078444022994,0.00018941026109616844,-0.0007265181054984678,-0.062255530301317245
2019-09-17,0.003286316796963257,0.00115476422731554,0.002131552569647717,0.08158475544069799
2019-09-18,-0.0035265511579232606,-0.0007490156669090518,-0.002777535491014209,-0.06358297672599504
2019-09-19,0.005237862224740365,0.0035063371471485893,0.0017315250775917753,-0.005124921909380365
2019-09-20,-0.0034793801225508265,-0.0010335474626873321,-0.002445832659863495,-0.003211122091806649
2019-09-23,-0.00038802676581950013,-0.001071647857859324,0.0006836210920398249,0.004110915678574664
2019-09-24,-0.0001378456197388266,0.0004295838958492046,-0.0005674295155880314,0.02237265279130935
2019-09-25,0.00024452041541898293,0.00012674028224596875,0.00011778013317301434,-0.06060718366213955
2019-09-26,0.0015652644499006734,0.0010320210858625468,0.0005332433640381266,0.05468196334207882
2019-09-27,-0.0034480564637759427,-0.0018786813216018668,-0.001569375142174076,0.026523099829777314
2019-09-30,0.0034959745141038305,0.0024409427617136693,0.0010550317523901607,-0.01650551057464658
2019-10-01,0.0014864708493204028,-0.0005962922431890501,0.002082763092509453,-0.028197941424655343
2019-10-02,-0.0010327126783744635,-0.002102445731662631,0.001069733053288168,-0.0021523221617476256
2019-10-03,-0.0017013512722191318,-0.0011589168072208673,-0.0005424344649982648,0.06340628649914246
2019-10-04,-0.00017461540934885183,-0.00045044879739858097,0.00027583338804972914,0.0706745417531219
2019-10-07,0.003684007418578786,0.001397941840019777,0.00228606557855901,0.04814082319782865
2019-10-08,0.004774079563619527,0.00043873623742602275,0.004335343326193505,-0.029760112162969515
2019-10-09,0.0027113649009132402,0.001093390784462453,0.0016179741164507877,0.040697200248484416
2019-10-10,-0.0018966417597640838,-0.0007397010457533288,-0.0011569407140107546,0.045261037588794656
2019-10-11,0.0026383558692523066,0.0011097929567169575,0.00152856291253535,0.06513872925626972
2019-10-14,0.002803375315727616,0.0010350402064568994,0.0017683351092707186,0.016881356949297516
2019-10-15,0.004343317513023319,0.001973484442782905,0.0023698330702404125,-0.05449447728188759
2019-10-16,0.0011397155830890082,0.00010684933517938686,0.001032866247909622,0.04341980419812354
2019-10-17,-0.0038072859949554298,-0.0018555220964736364,-0.0019517638984817946,-0.03965117040065439
2019-10-18,0.0029554612555905326,0.0011823727419859043,0.00177308851360463,-0.06956563656968939
2019-10-21,-0.003200606231604615,0.00046129329166968904,-0.0036618995232743042,-0.024721102444017675
2019-10-22,-0.004827958816532517,-0.0006846378371253847,-0.004143320979407138,0.05295205670214357
2019-10-23,-0.002119968366887514,-0.0001960811588506365,-0.0019238872080368772,0.07300436111835425
2019-10-24,0.004865566745399633,0.001622302263914445,0.0032432644814851877,0.035883789093678314
2019-10-25,0.005439365415579194,0.0025929757386263658,0.002846389676952839,-0.0026031479398719785
2019-10-28,0.002650014502504075,0.0010499420877547927,0.001600072414749282,-0.013788170458995707
2019-10-29,-0.00023718118356700181,-0.0005747136383762452,0.0003375324548092473,0.018275642087378915
2019-10-30,-0.0010667823458851038,-0.0008563079463793574,-0.00021047439950574662,-0.025507678189200557
2019-10-31,0.0011146040140300236,0.000418743996625239,0.0006958600174047846,0.06630657057840952
2019-11-01,-0.0016583796878338886,0.00013558446661940653,-0.0017939641544532953,0.02994465476539048
2019-11-04,0.005439897542013618,0.0035476058120737786,0.001892291729939842,0.021373371432050956
2019-11-05,0.0022097414575563542,-0.00015350281998094254,0.0023632442775372974,-0.026797854286484946
2019-11-06,0.0013584093806655333,0.0007424534296844153,0.0006159559509811181,-0.023719768158510075
2019-11-07,-0.001530355468762597,-0.0006720422843879865,-0.0008583131843746122,0.018185765369486937
2019-11-08,-0.0016980850134714837,-0.0008154472117323238,-0.0008826378017391594,0.040373126577305636
2019-11-11,0.001245584158548039,0.0014234718221615948,-0.00017788766361355283,0.013591277739355359
2019-11-12,0.002757638024733106,0.000867598365999693,0.0018900396587334112,-0.06288874968178608
2019-11-13,0.0009103305259168142,-0.000989806205590563,0.0019001367315073766,0.00799017536975816
2019-11-14,-0.004429815960280671,-0.00217404342736241,-0.002255772532918263,-0.03099650265302743
2019-11-15,0.0005432960459616986,-8.553677327675181e-05,0.0006288328192384498,0.074880043733365
2019-11-18,-0.002139337182411187,0.0003004781987744863,-0.002439815381185673,0.02718968106275029
2019-11-19,0.005795686869031204,0.0006367258948172787,0.005158960974213925,0.08248706337639139
2019-11-20,0.0019762953618511167,0.0006510530072436523,0.0013252423546074657,-0.01553711807786784
2019-11-21,0.00636896437241756,0.0031239031038137284,0.0032450612686038324,0.05550145608774318
2019-11-22,-0.0009733835670583356,0.000127702589467882,-0.0011010861565262176,-0.02478370204344099
2019-11-25,0.003208794631215951,0.0008213633571543012,0.002387431274061648,0.02614470142516932
2019-11-26,-0.001472839945764328,-0.0004472893984880204,-0.0010255505472763042,-0.009333416165058766
2019-11-27,0.0016797056767107058,0.0009044289901844367,0.00077527668652627,0.08419094081982863
2019-11-28,-0.0006053557393136178,0.00012315621882312555,-0.0007285119581367447,0.02121994116968101
2019-11-29,0.005270263146267367,0.002959163592846632,0.002311099553420735,0.047576332645893886
2019-12-02,0.0012427860615219506,-7.073370497519618e-06,0.0012498594320194695,0.059419229379995726
2019-12-03,0.00300217316585724,0.00146067679391906,0.0015414963719381797,0.06588544968331969
2019-12-04,0.004597450252583883,0.0017046334719144462,0.002892816780669436,0.015568225078445916
2019-12-05,0.004641320175215821,0.000935314186621513,0.003706005988594309,0.00021260785591039791
2019-12-06,0.0009580158788191199,3.735028403298313e-07,0.0009576423759787879,-0.04460256143405725
2019-12-09,-9.076131883594329e-08,-0.00013169470998766232,0.00013160394866882676,-0.049157074949899376
2019-12-10,-0.002641039857097754,-0.0008411564099679645,-0.0017998834471297902,-0.031201496387654393
2019-12-11,-0.0027354275913442252,-0.0010274064936747805,-0.0017080210976694434,-0.00811163844627071
2019-12-12,-0.0021133251522283602,-0.0009557399829578576,-0.0011575851692705022,-0.0044123372485846265
2019-12-13,-0.0005007383560227287,-0.0003633287502982363,-0.00013740960572449293,-0.044116067211214666
2019-12-16,-0.00013654236636328272,0.001256634318201497,-0.0013931766845647804,-0.07219036023550018
2019-12-17,-0.0033805088271144676,0.0005443948791433225,-0.003924903706257787,0.1185297289507153
2019-12-18,-0.00547151092101764,-0.0025388431044264803,-0.002932667816591161,0.16761046885779424
2019-12-19,0.010311842317442619,0.003759216542431193,0.0065526257750114295,-0.008934877856660412
2019-12-20,0.015575624201750828,0.004911402699078506,0.010664221502672315,-0.016023884120684832
2019-12-23,-0.0005426713446164823,-0.0007589163514533474,0.000216245006836863,0.009631042102228853
2019-12-24,-0.0010302073247215762,0.0008432279672216277,-0.0018734352919432054,-0.04845956897018741
2019-12-25,0.0005162152885830647,-0.0005250077909348966,0.0010412230795179603,0.054679927141386774
2019-12-26,-0.002252053556931241,-0.0006595501511274145,-0.0015925034058038275,0.0024977339920091127
2019-12-27,0.00295708966066579,0.0006257409727644621,0.002331348687901328,-0.055736264656671725
2019-12-30,0.00026642667026782697,-0.0001764777009302023,0.0004429043711980281,0.03172110086001126
2019-12-31,-0.0029940156704666284,-0.00021567081340990595,-0.0027783448570567228,-0.025693723829582665
2020-01-01,0.0015862813745431026,0.0005491023529568921,0.0010371790215862112,0.06256831006160836
2020-01-02,-0.0013353229732074384,1.907589513072249e-05,-0.0013543988683381606,0.043907874280187206
2020-01-03,0.0030090725276365853,-0.0005814290046291665,0.003590501532265755,0.06376396237649135
2020-01-06,0.0022419679600816957,0.001556529569298866,0.0006854383907828297,0.008643890610289463
2020-01-07,0.0037525365383716995,0.00032408526164136656,0.0034284512767303304,0.01584906394401039
2020-01-08,0.0005081811311886512,0.0003828623123622796,0.0001253188188263723,-0.08683250125934953
2020-01-09,0.0007572805658394633,7.529568938209304e-05,0.0006819848764573703,-0.05777254240564677
2020-01-10,-0.005569339725789132,-0.0023521540275655284,-0.0032171856982236083,-0.014937606770238853
2020-01-13,-0.003163919075740751,-0.0004721722520463559,-0.002691746823694399,0.06108697389447971
2020-01-14,-0.0008394415832776131,-0.0007957740791219388,-4.3667504155673643e-05,0.06716577962180419
2020-01-15,0.003310696991711194,0.0010363673037997526,0.0022743296879114416,-0.01699992455374077
2020-01-16,0.0036805656088366254,0.00040585230181646066,0.0032747133070201613,0.0037087240464307868
2020-01-17,-0.0008588310166872093,-0.00033858536587148,-0.0005202456508157298,-0.027216213748093663
2020-01-20,0.0002702680682552448,0.0007624331060948949,-0.00049216503783965,0.0693214152286742
2020-01-21,-0.0015340760718178209,-0.0007546767169358329,-0.0007793993548819867,0.043426503922142604
2020-01-22,0.003477208474114968,0.0004089346943280982,0.0030682737797868703,0.05150885433293263
2020-01-23,0.0022266885340966854,0.0017365432480096607,0.0004901452860870247,-0.04969319704406619
2020-01-24,0.0026719299811048,0.001184275584280246,0.001487654396824552,0.010066744002405235
2020-01-27,-0.002963257611245557,-0.0015693013335273884,-0.001393956277718168,-0.05793478419012258
2020-01-28,0.0005355005420840923,-0.00021044735959722125,0.0007459479016813141,-0.027465778969499408
2020-01-29,-0.0036831094618662635,-0.001728067963483155,-0.0019550414983831076,0.04683613590469087
2020-01-30,-0.0016451615257391749,-0.0007777432517353544,-0.0008674182740038196,-0.028092032432395754
2020-01-31,0.0031675318617918704,0.001319707902520114,0.0018478239592717577,0.013451229496027017
2020-02-03,-0.0021794068346913265,-0.0019880906009341545,-0.00019131623375717233,-0.02003686308951945
2020-02-04,0.0008103068527081248,-1.3407010754019205e-05,0.0008237138634621423,0.016890642463203542
2020-02-05,-0.0010859901112256192,-0.0011161562579000426,3.0166146674423782e-05,0.07581791614495782
2020-02-06,0.0009679472751473531,0.00037711410689489355,0.0005908331682524595,-0.03927467509588994
2020-02-07,0.004395127045075024,0.0005384442951627396,0.0038566827499122835,0.07552086863390554
2020-02-10,-0.002093111016254918,-0.0005268644704001409,-0.0015662465458547783,0.042374316333860275
2020-02-11,0.004301417636013021,0.0019273911366906081,0.002374026499322413,0.0036927440964473093
2020-02-12,0.00275780761057969,0.0017075887785816205,0.0010502188319980715,0.03718880528350426
2020-02-13,0.00018729787160097272,-0.00010350352608355044,0.00029080139768452337,-0.035955053572456944
2020-02-14,0.0020475256311529417,0.0009360330051331664,0.0011114926260197752,-0.025817691635691975
2020-02-17,-0.002477023742210716,-0.0024183276451901214,-5.8696097020595125e-05,-0.07178126601577868
2020-02-18,-0.0016073837334247586,-0.0013841707053908582,-0.0002232130280339006,3.125766229536633e-05
2020-02-19,-0.004143166858358019,-0.002307663382834191,-0.0018355034755238287,0.017020392246712934
2020-02-20,-4.706252006833676e-05,-0.0004978284759465188,0.00045076595587818314,-0.09492136143104714
2020-02-21,0.0008582218387783231,-0.0004796018838162516,0.0013378237225945746,-0.009399269134611725
2020-02-24,-0.0057449448776148125,-0.003367757885780577,-0.0023771869918342353,0.07715100520739626
2020-02-25,-0.00054453904108489,-0.0005933171690036972,4.877812791880711e-05,-0.07140065078046845
2020-02-26,0.004279330182245894,0.0021866575826931627,0.0020926725995527307,0.0034943379674838605
2020-02-27,-0.003910529048485803,-0.0019780320572027115,-0.001932496991283091,0.02644967083695358
2020-02-28,0.00013168307208185303,-0.00038611941888629596,0.0005178024909681493,0.01752650559291491
2020-03-02,0.001417052039370578,0.0010805502758776564,0.000336501763492922,0.06494551663919743
2020-03-03,0.0008298064538817099,-5.908601424165459e-05,0.0008888924681233635,0.12619320977852472
2020-03-04,0.003682466018333049,0.00150390063679492,0.0021785653815381304,-0.012515701965699535
2020-03-05,0.006913651008302112,0.002929572088899061,0.0039840789194030505,0.09700803265210131
2020-03-06,-0.000768077300623156,-0.0009669236094446195,0.00019884630882146398,-0.02930566366867045
2020-03-09,0.00547944417456906,0.00251231452843468,0.00296712964613438,0.04190701280719437
2020-03-10,-0.0016832296630453533,-0.0005160125863326163,-0.0011672170767127368,-0.08810251448674544
2020-03-11,0.0026167311270904074,0.0017261451432276365,0.0008905859838627683,-0.011433314935929364
2020-03-12,-0.005050315412482272,-0.0015792028068538958,-0.0034711126056283766,-0.05577194913652901
2020-03-13,-0.0005749525710233895,0.0008804760050679025,-0.001455428576091291,0.08850635249313572
2020-03-16,-0.0036506725490843446,-0.0009993839211657161,-0.0026512886279186267,-0.042015341863895495
2020-03-17,0.00510177797985335,0.0006205216496537539,0.004481256330199596,-0.048690912460454816
2020-03-18,-0.0027505234292603776,-0.0015025110085567298,-0.001248012420703647,-0.04515940652109797
2020-03-19,-0.0029202585776679823,-0.000168596905710491,-0.002751661671957492,-0.0064251925872353365
2020-03-20,-0.00281995064803007,-0.0009862688338152987,-0.0018336818142147713,0.05796237107551833
2020-03-23,-0.00041590761665139084,-0.00029578196752925827,-0.00012012564912213322,-0.10355155261846644
2020-03-24,0.0038271677537171523,0.0017341506213767524,0.002093017132340398,-0.00835707436570898
2020-03-25,-0.00724832090333955,-0.0035344554504560537,-0.003713865452883499,-0.017973150089851363
2020-03-26,-0.0008755883503494821,-0.0018179111947808392,0.0009423228444313571,-0.06129718819674442
2020-03-27,-0.001453528767917418,-0.0021983346453633822,0.0007448058774459643,0.1675731516207697
2020-03-30,-0.004517260128575998,-0.0016625329567571748,-0.0028547271718188235,-0.04812276568990141
2020-03-31,0.01507546989021546,0.007969506378869992,0.007105963511345467,-0.020525875489319122
2020-04-01,-0.003258354396927871,-0.0035044680629269355,0.0002461136659990641,-0.015665097234283498
2020-04-02,-0.0012808153626171384,-0.0010009240292541532,-0.0002798913333629822,0.10435593287099681
2020-04-03,-0.0012080463082836052,-0.001437599622505819,0.00022955331422221462,0.07831549327396427
2020-04-06,0.007664501330481589,0.004157061588716077,0.003507439741765512,0.00984427966535478
2020-04-07,0.00567959509563222,0.0017309320709498303,0.003948663024682388,0.09974814204953902
2020-04-08,0.0006759148435320395,-0.0008112564979415315,0.0014871713414735706,0.05459139874062689
2020-04-09,0.007892795711769936,0.004987508014359938,0.002905287697409999,0.017709666914715903
2020-04-10,0.004425455348737577,0.0014859781693285327,0.0029394771794090425,-0.010535223021241123
2020-04-13,0.0012282614708037725,0.0002777035837023406,0.0009505578871014317,0.16432043348229805
2020-04-14,-0.0007024929293091768,0.0006277619720100429,-0.0013302549013192201,-0.006866602812599391
2020-04-15,0.013643602196527363,0.006867527989354949,0.006776074207172415,-0.0596813764745838
2020-04-16,-0.0004351457307277841,0.00021377274169982405,-0.0006489184724276092,0.03419406005666373
2020-04-17,-0.004085803285762302,-0.0029108114255783756,-0.0011749918601839278,-0.062022485396764214
2020-04-20,0.0025675614062687833,0.0017861590729975783,0.0007814023332712058,0.05673837489735275
2020-04-21,-0.004307248395859591,-0.002222074061944852,-0.002085174333914739,0.05825292549136439
2020-04-22,0.0037717107156800666,0.0021900557081235127,0.0015816550075565547,-0.051096205107516314
2020-04-23,0.004319023417410835,0.0013118035590383853,0.0030072198583724497,0.08171380376570239
2020-04-24,-0.004188120214001187,-0.0025758056871668395,-0.0016123145268343488,0.05603259073411539
2020-04-27,0.006845314079232038,0.004445714258877994,0.0023995998203540456,0.04351610696298229
2020-04-28,0.0038934626533205477,-0.00030476556574925964,0.004198228219069807,0.006248142514581756
2020-04-29,0.0033929249346398536,0.0030274062275964606,0.000365518707043393,0.02065146988765349
2020-04-30,0.00044165128898947486,-0.00039105714639529887,0.0008327084353847714,0.07740514106289559
2020-05-01,0.0018921960070720242,0.001035999918047,0.0008561960890250246,0.06781300604809681
2020-05-04,0.005748593959765163,0.0004734882836696132,0.005275105676095549,0.007128284113209154
2020-05-05,0.0051282237603432635,0.0014378033761190574,0.003690420384224208,0.12745053462627665
2020-05-06,0.00043692013875245184,-0.0005903108927265248,0.0010272310314789757,0.015580745487631354
2020-05-07,0.010140717328236197,0.005177974104814003,0.004962743223422196,-0.019244353445443715
2020-05-08,0.0009402402450409213,-0.0012624986427970959,0.002202738887838017,0.036467345767414346
2020-05-11,-0.0011419406606018615,0.00010492781809225832,-0.0012468684786941207,-0.04241898137053719
2020-05-12,0.0021138139580399906,0.00016444934089350667,0.0019493646171464844,-0.013849912166939078
2020-05-13,-0.0029660482802396308,0.0019583308357312285,-0.004924379115970854,0.0008637724631124433
2020-05-14,-0.0007161561396992282,0.001066126047260755,-0.0017822821869599818,-0.03094827431673202
2020-05-15,0.00023140711010924105,0.0013324626629061965,-0.0011010555527969559,-0.06961553262742598
2020-05-18,-0.0021346541113067656,-0.001246489698581028,-0.0008881644127257384,0.013099706962739143
2020-05-19,-0.004451096507766837,2.3403791627461356e-05,-0.004474500299394299,0.08530200816922136
2020-05-20,0.00080943115893927,5.304500132049996e-05,0.0007563861576187691,-0.09835784007786312
2020-05-21,0.005736506843301825,0.004446797256693952,0.0012897095866078725,0.05167618460205837
2020-05-22,-0.006254005065216435,-0.00384747606560102,-0.002406528999615413,-0.07175093243294939
2020-05-25,0.0032508861247249063,0.00045218425617901464,0.002798701868545892,-0.006986773779430225
2020-05-26,-0.004074224059392942,-0.002062248564338993,-0.0020119754950539467,0.026226213163408025
2020-05-27,-0.00043864566315554034,0.00011592025174136066,-0.0005545659148968995,0.027106197063286014
2020-05-28,0.001904833481884561,0.0020392102778925905,-0.00013437679600802888,0.06392802176740568
2020-05-29,0.001891212299074432,0.0013130578032921614,0.000578154495782272,-0.017361216496700593
2020-06-01,0.004894402362416988,0.0025135248720432046,0.0023808774903737832,-0.07540912484897465
2020-06-02,-0.0012431419747027798,-0.0014173468351214632,0.00017420486041868147,0.013569745936834243
2020-06-03,-0.004480650492588079,-0.002086351524930568,-0.0023942989676575092,-0.012195080139204392
2020-06-04,0.0008269512867051408,-6.38557716919402e-05,0.000890807058397081,-0.01587519271017115
2020-06-05,-0.0007861607894678295,7.168204141399419e-06,-0.0007933289936092288,0.06954496759604747
2020-06-08,-0.0009740347652704854,-1.0426852963591263e-05,-0.0009636079123068932,0.0942546857133696
2020-06-09,0.004322912348878647,0.0023520429147437503,0.001970869434134897,0.10061087626388439
2020-06-10,0.005714141453644683,0.000952082926840053,0.00476205852680463,-0.03943147843046729
2020-06-11,0.005559377398674666,0.0025144340157437456,0.003044943382930921,0.15650536356606526
2020-06-12,-0.0024967788402407848,-0.001026058033873456,-0.0014707208063673288,0.042617393176794846
2020-06-15,0.011740523711941661,0.0055880844966431815,0.006152439215298476,0.1018307556829828
2020-06-16,0.0031034266053139867,0.002229114150211085,0.0008743124551029002,-0.029966975413726282
2020-06-17,0.006917908326248971,0.00398828084995736,0.0029296274762916105,0.02139639799636956
2020-06-18,-0.0018324699511381576,-0.0011967722679587251,-0.0006356976831794325,0.07714709716423804
2020-06-19,0.0012362984203475823,-0.0004703737870633989,0.0017066722074109805,0.00581868545048421
2020-06-22,0.004753933234135316,0.0007642396997688391,0.003989693534366475,0.03295564250631132
2020-06-23,0.00037036428744519284,0.0003441698366332081,2.6194450811984748e-05,0.05011556770840346
2020-06-24,0.0018555434639261586,0.00032952857418525744,0.0015260148897409014,-0.021346266625030485
2020-06-25,0.003086380795295978,0.002571211747707874,0.0005151690475881042,-0.09239682038479513
2020-06-26,-0.0011279000328550289,0.0006912305185865237,-0.0018191305514415525,0.06665944851321498
2020-06-29,-0.005274327061518454,-0.0018523631268555613,-0.0034219639346628923,0.06042123642805288
2020-06-30,0.003880710341433969,-0.0003120316345955219,0.0041927419760294906,0.035108217289310864
2020-07-01,0.0032989529428203387,0.0010706482450050972,0.0022283046978152417,0.03374286095639565
2020-07-02,0.0024786747126881985,0.0012477194579924265,0.0012309552546957703,-0.00011960085009798618
2020-07-03,0.0021567078850108787,0.000705749065633538,0.0014509588193773416,0.08193894003845115
2020-07-06,2.0332807169505898e-05,-0.000404138013975033,0.0004244708211445375,-0.03680153553074141
2020-07-07,0.005045439892320282,0.0020093017088713538,0.0030361381834489286,0.05355034469340347
2020-07-08,-0.002121061743631379,3.544584861105149e-06,-0.002124606328492481,-0.014552564572427146
2020-07-09,0.0034601273202589343,0.002788036792906205,0.0006720905273527294,0.04107723382964716
2020-07-10,-0.0006675090039831693,0.0008866648002891606,-0.0015541738042723304,0.061584790957611164
2020-07-13,0.0024559886930692197,0.0006707842943584046,0.0017852043987108155,0.05598744243963535
2020-07-14,0.0032663556928043155,0.0007589215548366394,0.002507434137967676,-0.03006332487404923
2020-07-15,0.0034153693636196146,0.0012281042665422005,0.0021872650970774146,0.022598924015068748
2020-07-16,-0.0020580649124480924,-0.001028630711539713,-0.001029434200908379,0.09420547060057821
2020-07-17,0.0013750079613755505,-0.001502381171755958,0.0028773891331315077,0.030435126212446918
2020-07-20,0.007016420476300819,0.0026333553408836824,0.004383065135417136,0.018447408469630604
2020-07-21,0.0022343466486475045,0.0026091873728593096,-0.00037484072421180466,-0.07865489179541667
2020-07-22,0.0013297740411004175,0.00018091354695210816,0.0011488604941483115,-0.08844533661704816
2020-07-23,-0.005769875800689797,-0.001494546018639977,-0.0042753297820498195,-0.13640011906726243
2020-07-24,-0.006771117325310875,-0.001867131125079937,-0.004903986200230937,-0.01706614657307827
2020-07-27,-0.010968179094212573,-0.0035307707743829197,-0.007437408319829655,-0.008983247779312963
2020-07-28,-0.0011771612331021673,-0.0002413587785056355,-0.0009358024545965309,0.011160535163670708
2020-07-29,-0.0006102069893853454,-0.0009856576572080562,0.0003754506678227132,0.028457797422539042
2020-07-30,0.0008645437057181435,0.0014170793489865921,-0.0005525356432684488,0.13078255047834805
2020-07-31,0.0017632211182190645,0.0013348922545903096,0.0004283288636287557,-0.057056465881047715
2020-08-03,0.009171460542527828,0.0024900851862503385,0.006681375356277488,0.029185054055039742
2020-08-04,-0.0035014673584331988,-0.0010546375493174914,-0.0024468298091157087,0.0783795094874228
2020-08-05,0.0019485767320834325,0.0023054846400113755,-0.00035690790792794274,-0.09674307053348392
2020-08-06,0.005302342350259339,0.0032486050163429954,0.002053737333916344,0.03206012456478445
2020-08-07,-0.00541835898171988,-0.002536689064598761,-0.0028816699171211185,0.03790433865609783
2020-08-10,0.0021266287133660227,0.000822785819215785,0.0013038428941502395,0.016817478038636657
2020-08-11,0.002100333791052615,0.0007389624575865608,0.001361371333466056,0.04890335172735114
2020-08-12,0.0009378351981525579,0.0005888001178609272,0.0003490350802916311,-0.005773806894248344
2020-08-13,0.0029344703719538434,0.0011509505328730811,0.0017835198390807622,-0.00012075607016107683
2020-08-14,-0.00030881230371339395,0.000335705139447421,-0.0006445174431608156,0.004909715968596896
2020-08-17,0.00011798466047909005,0.0012806364954401923,-0.0011626518349611027,0.051082709714205296
2020-08-18,0.00015472581860234507,-0.0009721661973589694,0.0011268920159613147,0.04196604403257638
2020-08-19,0.003268632431142898,0.0012233596851167691,0.002045272746026127,-0.026223191624819942
2020-08-20,0.0027799249860005885,0.0015471217017361254,0.001232803284264464,-0.0418487981453681
2020-08-21,-0.0017333266058153097,-0.0008000354023149792,-0.00093329120350033,0.017058976935881043
2020-08-24,-0.002666835451771793,-6.269046107027117e-05,-0.0026041449907015218,-0.02153262985237674
2020-08-25,0.0012377721182697215,0.0013187309001193638,-8.095878184964178e-05,0.02536169383725819
2020-08-26,-0.0013151724140843275,-0.0004419369929521302,-0.0008732354211321972,0.01925236634292848
2020-08-27,0.0018086694181590531,-3.1712871606146345e-05,0.0018403822897651995,0.040048173643701376
2020-08-28,0.0012998208783798215,0.0002445914311080882,0.0010552294472717322,-0.014090750478162533
2020-08-31,0.0030353852589981786,0.001274664606606619,0.0017607206523915587,-0.026276864246747397
2020-09-01,-0.0011168807683186715,-0.0010657776118636452,-5.110315645502454e-05,-0.03645041232321336
2020-09-02,-0.001725991937544585,-0.0004690691351148125,-0.0012569228024297708,-0.010987001094777337
2020-09-03,-0.0022699226675278227,0.0010450729308209006,-0.003314995598348719,0.0005801779522965765
2020-09-04,-0.0006605538634427842,0.0011151472756083594,-0.001775701139051145,-0.017039787453331436
2020-09-07,-4.6974387640391765e-05,-0.0008583291757332957,0.0008113547880929037,0.04807280740828932
2020-09-08,-0.0010398288588454876,-4.817448150066942e-05,-0.0009916543773448188,0.059916588180610485
2020-09-09,0.003489653336052833,0.002002720304659448,0.0014869330313933846,-0.014495037502455866
2020-09-10,0.003716904833837584,0.0007977910394290242,0.0029191137944085594,0.04983531712492339
2020-09-11,-0.0009666332229191038,0.00012776367624549225,-0.0010943968991645944,-0.04729821281767283
2020-09-14,0.0032449301907346963,0.0010752292851124619,0.0021697009056222336,0.0909421735300414
2020-09-15,-0.003098222263147554,-0.0018721479182093638,-0.0012260743449381906,-0.1353383735606741
2020-09-16,0.006797227332794754,0.00222298200795365,0.00457424532484111,-0.09034408267061544
2020-09-17,-0.009052409585307689,-0.004279617450186731,-0.0047727921351209575,-0.028421828239446573
2020-09-18,-0.006540357134231475,-0.0017570438379067889,-0.004783313296324688,0.08984401858462278
2020-09-21,-0.00185384566035686,-0.0013294359868141522,-0.0005244096735427073,-0.03512674184158245
2020-09-22,0.006024346549569932,0.004144830647437684,0.0018795159021322482,-0.03304601299697116
2020-09-23,-0.0025989981743989787,-0.0006686873319000683,-0.0019303108424989094,0.019459412259411023
2020-09-24,-0.002413314980572955,-0.0007070266772288792,-0.0017062883033440758,0.04846907655300833
2020-09-25,0.0013560383619168098,-0.00016398122238185653,0.0015200195842986677,0.0331963893711046
2020-09-28,0.003409759804950177,0.00029412694470586434,0.0031156328602443117,-0.05400840046867963
2020-09-29,0.0024597467615286024,0.0004069347075532949,0.0020528120539753097,-0.08686445535446662
2020-09-30,-0.004118575964785322,-0.0017989333696599432,-0.002319642595125378,0.016658961217424786
2020-10-01,-0.006055985321323889,-0.002379023932724365,-0.0036769613885995235,-0.06775343613378193
2020-10-02,0.001257326999439388,7.733855813118443e-05,0.0011799884413082032,-0.12075656081221235
2020-10-05,-0.004281188567654591,-0.000978963820813708,-0.003302224746840883,-0.04724566986790781
2020-10-06,-0.008277225543682373,-0.0028265740421081296,-0.005450651501574243,-0.007380438915346691
2020-10-07,-0.0032048035021500134,-0.00026389960771171315,-0.0029409038944383003,-0.030801291191354
2020-10-08,-0.0005451921167230164,-0.00029573985593090053,-0.00024945226079211603,0.16912312521456607
2020-10-09,-0.002595735267256535,-0.002150145715200568,-0.0004455895520559666,0.11679002202187587
2020-10-12,0.013668107691280316,0.0061036877518427166,0.0075644199394376,-0.1531555013781775
2020-10-13,0.010063979640858381,0.005365492256549278,0.0046984873843091,-0.03437508261036552
2020-10-14,-0.011788983618214528,-0.004409779860564053,-0.007379203757650478,0.06198416866654931
2020-10-15,-0.002855194402449442,-0.0023812046532119407,-0.0004739897492375012,0.14364637410693645
2020-10-16,0.00530471303834428,0.0037010912240257113,0.0016036218143185704,-0.12069992620113347
2020-10-19,0.0123595977862372,0.004383095976407095,0.007976501809830106,0.09237694217402392
2020-10-20,-0.009386411602314062,-0.0034930372850057578,-0.0058933743173083045,-0.11026531395652932
2020-10-21,0.006566776363802982,0.0016382969424439207,0.004928479421359062,0.11981374342722784
2020-10-22,-0.008096428728381686,-0.0030301488772902303,-0.005066279851091455,-0.018975849036158187
2020-10-23,0.008878294056344127,0.004485519637070785,0.004392774419273342,-0.05348602888997372
2020-10-26,-0.0012593687111276234,-0.0006646630951317734,-0.000594705615995849,-0.05049796363362109
2020-10-27,-0.003862836562211802,-0.0016843884568331201,-0.0021784481053786827,-0.0009611818660831568
2020-10-28,-0.0036318294551079267,-0.0016900067744076222,-0.0019418226807003053,0.07427288453209545
2020-10-29,-0.00013794439203085123,-0.0007821221313419666,0.0006441777393111156,0.07596363462775516
2020-10-30,0.005796536152997474,0.0034027669805430376,0.0023937691724544366,-0.0067396737641711585
2020-11-02,0.005050680539104912,0.001632110915153362,0.00341856962395155,0.016601747344458535
2020-11-03,-0.00044831746612591884,-0.00030073621055943557,-0.0001475812555664837,-0.006484876869827951
2020-11-04,0.0011097536000102834,0.00019680186512271422,0.0009129517348875687,-0.05773872870662735
2020-11-05,-0.0005968076583505909,-0.0015453991001426444,0.0009485914417920538,0.028847996033874203
2020-11-06,-0.0044926671349435005,-0.0025812772327970454,-0.0019113899021464542,-0.011015951892330475
2020-11-09,0.0018744624795714543,4.9713783310744233e-05,0.0018247486962607098,0.052418829292787
2020-11-10,-0.0007761415925728437,-0.0001287961519646644,-0.000647345440608179,0.07313896863586522
2020-11-11,0.0038987200110682397,0.0013706201267856396,0.0025280998842826,-0.07483230648999148
2020-11-12,0.005571916450088296,0.0012062290342589863,0.00436568741582931,-0.025043631942993638
2020-11-13,-0.0061925806028054475,-0.0017310273226103013,-0.004461553280195147,0.10135871989812521
2020-11-16,-0.0021367023770584555,-0.0006856966898269421,-0.0014510056872315137,-0.06916407616161689
2020-11-17,0.009453969659091259,0.003849612972670767,0.005604356686420493,0.05758708495522208
2020-11-18,-0.005614419546359681,-0.0029707250566767887,-0.0026436944896828934,-0.001075231575482853
2020-11-19,0.004656751382320253,0.0011919569664529078,0.003464794415867346,-0.026746477417438467
2020-11-20,-7.686187592678391e-05,2.5173669967321066e-06,-7.937924292351732e-05,0.0011927279401839333
2020-11-23,-0.0017955055026915724,-0.0014895053285323041,-0.0003060001741592693,0.08852643429656065
2020-11-24,0.00014187120220060068,-0.00024250056890473375,0.0003843717711053355,0.002920588317286352
2020-11-25,0.006844265913704897,0.003380939368504857,0.0034633265452000406,-0.017211068591969
2020-11-26,0.00032359162109006797,0.00137906064638972,-0.001055469025299652,-0.05130149466376929
2020-11-27,-0.001380690579882342,-0.001050677222170053,-0.00033001335771228914,-0.061865187223619236
2020-11-30,-0.003966939369193595,-0.0011135673667675323,-0.0028533720024260627,0.06977749758816845
2020-12-01,-0.004342645257677457,-0.0026324376858149097,-0.001710207571862546,0.05857623605934752
2020-12-02,0.0050902443220167334,0.0017626936643144915,0.003327550657702242,0.010853742925572651
2020-12-03,0.004204701775882636,0.001076641588163757,0.0031280601877188806,-0.015889552015882227
2020-12-04,0.0006302058488814272,-0.001665760193016968,0.0022959660418983953,0.08811362568632487
2020-12-07,-0.001159907519818613,0.00017606194266618115,-0.0013359694624847963,0.14244672813900564
2020-12-08,0.007053093408546385,0.003398953203253032,0.003654140205293352,-0.017704167474656345
2020-12-09,0.012838706120031351,0.005871548280223394,0.006967157839807957,0.14567855356994866
2020-12-10,-0.001310774375772629,-0.000968837533627261,-0.0003419368421453675,-0.1142522127635332
2020-12-11,0.009865708283307115,0.0048083686016928,0.005057339681614315,0.04541763006985535
2020-12-14,-0.0069751201954060885,-0.0016245700736248862,-0.005350550121781202,0.09387732275514414
2020-12-15,0.003665360169421513,0.0018342381310170255,0.001831122038404489,0.054632978793372415
2020-12-16,0.007041969349438137,0.0028318173906194447,0.004210151958818692,0.034955384756758474
2020-12-17,0.003681525402220969,0.001818438032938765,0.0018630873692822049,0.023557359334192795
2020-12-18,0.0025509646796586243,0.001803156659339614,0.0007478080203190108,0.004355706936609686
2020-12-21,0.0014116801235080133,0.00028691029716741007,0.001124769826340603,-0.04737915437596374
2020-12-22,0.0003348058231242533,0.0003207456159332782,1.4060207190975081e-05,-0.02711410524612479
2020-12-23,-0.003438833917614354,-0.002058990453083433,-0.001379843464530921,-0.006249105788566432
2020-12-24,-0.0016958630848521261,-0.0008752623518861174,-0.0008206007329660077,-0.0019609273193078635
2020-12-25,-0.00034857743449548666,0.00044519893913636335,-0.0007937763736318494,0.038128372308798716
2020-12-28,-2.150031040435048e-05,0.0008911397651227269,-0.0009126400755270761,-0.09164001727083478
2020-12-29,0.0026610953893401682,0.0008485459325147694,0.0018125494568253988,0.027730827708837003
2020-12-30,-0.006352235544463969,-0.00267184832045523,-0.0036803872240087398,-0.007461283559429314
2020-12-31,0.0016676229818376868,0.0008007986336309135,0.0008668243482067737,0.04359144449569519
2021-01-01,-0.0005068849926854102,-7.833418337451457e-05,-0.0004285508093108976,-0.025732304646504882
2021-01-04,0.0036509889184316476,0.0009738666552367541,0.0026771222631948935,-0.10024073327763423
2021-01-05,-0.0016362490529529604,-0.0006724056757492734,-0.0009638433772036874,0.022495728703365653
2021-01-06,-0.00787851872104019,-0.004923465624260543,-0.0029550530967796477,-0.044360215476285714
2021-01-07,0.0017400177200650616,0.0006348535082280962,0.0011051642118369651,-0.05608910716671285
2021-01-08,-0.0026395757218611398,-0.0016230007810772622,-0.001016574940783878,-0.013510548608899876
2021-01-11,-0.0038936016318737404,-0.002880882167405672,-0.0010127194644680686,-0.08312860585582554
2021-01-12,-0.0010090380560008627,0.00029609042245489197,-0.001305128478455755,0.03914923879663535
2021-01-13,-0.0057841382757890724,-0.0014954786411061302,-0.004288659634682942,-0.04590711788726148
2021-01-14,0.0022875990102057195,6.26685127364645e-05,0.002224930497469255,-0.03202189002329729
2021-01-15,-0.0029350057729234727,-0.002394679658911431,-0.0005403261140120418,-0.059689858610783
2021-01-18,-0.0021455219139648,-0.0016678514230158556,-0.0004776704909489459,0.052560584125620376
2021-01-19,-0.004359380153379687,-0.003464940040795249,-0.0008944401125844364,0.047948491539706865
2021-01-20,0.0038245200506418146,-0.00020211256174369752,0.0040266326123855126,-0.08177866774461041
2021-01-21,0.0032339072404885027,0.0014994240375967634,0.00173448320289174,0.02016801254674795
2021-01-22,-0.00537748513003601,-0.0026587189802158833,-0.0027187661498201243,0.008031503736356796
2021-01-25,0.0014553218349244888,0.0010361578633448316,0.0004191639715796572,-0.10571376517872533
2021-01-26,0.0004624031382227736,-5.2891844114871106e-05,0.0005152949823376447,-0.04269748942059961
2021-01-27,-0.007182077851204213,-0.0027132398122326233,-0.004468838038971589,-0.04920996875900664
2021-01-28,-0.002654170737097024,-0.0007433879090800602,-0.0019107828280169642,0.08319660473336199
2021-01-29,-0.0031831806032208976,-0.002241047197583751,-0.0009421334056371464,0.06321080453202922
2021-02-01,0.005613244933565179,0.002534220874138847,0.0030790240594263316,0.01827305740895291
2021-02-02,0.004184757200271205,0.0022810713392585145,0.00190368586101269,0.09518220841428689
2021-02-03,0.0014716595223814456,0.0018019178368476518,-0.00033025831446620605,0.014324970809480503
2021-02-04,0.006636754376973213,0.0018306057948902239,0.004806148582082987,0.16003091300611577
2021-02-05,0.0010206479272228135,0.0011939360874011328,-0.00017328816017831913,0.06359446356130304
2021-02-08,0.010805070711395623,0.005195276501427858,0.005609794209967765,0.06651072508907167
2021-02-09,0.003944827368729847,0.0006213272610016808,0.0033235001077281663,0.07749422406066908
2021-02-10,0.00445201795634678,0.002234114593187701,0.0022179033631590777,-0.09456270930625689
2021-02-11,0.005503796550997853,0.0028207117122879925,0.0026830848387098608,0.02684996330070201
2021-02-12,-0.00591608129679099,-0.002246544892328851,-0.00366953640446214,-0.01991928063720682
2021-02-15,0.001577931522463354,0.00043776950057224746,0.0011401620218911067,-0.06586682183934647
2021-02-16,-0.0011461283840820892,-0.0002318524538227106,-0.0009142759302593786,-0.03407431511349526
2021-02-17,-0.004356007797604066,-0.002473676924919714,-0.0018823308726843525,-0.018033121949521433
2021-02-18,-0.0023161170736214548,-0.0015707445932205636,-0.000745372480400892,0.025434426164954643
2021-02-19,-0.0011498572537949206,-0.0003284282727380179,-0.0008214289810569036,0.024884322969417155
2021-02-22,0.0014282888208545451,-0.0010011993786344757,0.0024294881994890213,0.034375960769194275
2021-02-23,0.0015379976029786823,0.0007193005266624159,0.0008186970763162668,-0.004785073961446173
2021-02-24,0.0026167184848045165,0.0015131534354322369,0.0011035650493722796,-0.028128691243395686
2021-02-25,-0.00024079160295292106,0.0006345291717253232,-0.000875320774678244,-0.03183953666595488
2021-02-26,-0.001987387791500204,-0.0019222382503510417,-6.51495411491624e-05,0.05771289000560433
2021-03-01,-0.002422526310098957,-0.0023852917754353265,-3.7234534663629915e-05,0.020137604748103756
2021-03-02,0.004223994864771348,0.0011882838448404442,0.003035711019930906,-0.014734198032576027
2021-03-03,0.001537183948361287,0.00151099075826436,2.619319009692549e-05,0.04282327495623468
2021-03-04,-0.000906222294106879,0.0010066183895725157,-0.0019128406836793933,-0.0804146112917869
2021-03-05,0.0027117470598151806,0.0003799542749412687,0.0023317927848739116,0.01066579927342022
2021-03-08,-0.00527699378877013,-0.003060464783950813,-0.0022165290048193186,-0.005262984773109515
2021-03-09,0.0006388503639924109,-0.00016181840425722946,0.0008006687682496384,0.10479098611284536
2021-03-10,-0.0005339854694717929,-0.0010031327154248395,0.0004691472459530475,-0.01471447473246512
2021-03-11,0.007783384076791684,0.00404370579645473,0.003739678280336955,0.07790245823695341
2021-03-12,-0.00101371439735148,-0.0010578665352092382,4.415213785775949e-05,-0.02247562950289046
2021-03-15,0.0053865841863976706,0.0031811354779280113,0.00220544870846966,0.11139839403388235
2021-03-16,-0.0014805701859830303,-0.0005837212375706027,-0.0008968489484124289,-0.053045816570667564
2021-03-17,0.007098872273626676,0.002497302412070187,0.004601569861556491,0.056595272854423444
2021-03-18,-0.0033734040814049604,-0.001677382003512997,-0.0016960220778919639,-0.11310664675687901
2021-03-19,0.003917293410492747,0.0005123067614619062,0.00340498664903084,-0.0913893207525156
2021-03-22,-0.009334834115003209,-0.004229134334659283,-0.005105699780343928,0.12906256217698447
2021-03-23,-0.00794511883061878,-0.005132563761279834,-0.002812555069338942,-0.051461957009768744
2021-03-24,0.01001429552462696,0.0027826853899745613,0.007231610134652398,0.06759881601896175
2021-03-25,-0.003844324834004935,-0.0014238498265004317,-0.0024204750075045023,0.09505659825867231
2021-03-26,0.0047550433167460535,0.0026433589160247545,0.002111684400721299,-0.014403251442880002
2021-03-29,0.0070057793253563965,0.002717862489998328,0.004287916835358067,0.12443478533243175
2021-03-30,-0.001003014633703773,0.00022424372231918347,-0.0012272583560229574,0.019227914492758093
2021-03-31,0.008517654713249763,0.0036309934453338036,0.004886661267915961,0.152028838019289
2021-04-01,0.00116037825835645,-0.0011854697344725936,0.0023458479928290437,-0.04643329699814366
2021-04-02,0.01008382412276918,0.005268330302027953,0.004815493820741229,0.024646649614063404
2021-04-05,-0.0034371995134393615,-0.0018879098129930133,-0.0015492897004463473,-7.167131371140002e-05
2021-04-06,0.002016797836901985,0.0005564815789488049,0.0014603162579531793,-0.09898086593478898
2021-04-07,7.546836221669585e-06,0.00012399430584957537,-0.00011644746962790643,0.05492092106312039
2021-04-08,-0.006256106430963474,-0.002201993680207563,-0.004054112750755911,0.03980382115282715
2021-04-09,0.003183085260624008,0.0005281875667526449,0.002654897693871363,0.08294444456014612
2021-04-12,0.0025965866812299016,0.000655235165539142,0.0019413515156907618,0.011719079160510727
2021-04-13,0.005651540680159358,0.0031830108691385675,0.002468529811020792,-0.05402738430124627
2021-04-14,0.000814603604437763,0.0007231684190556077,9.143518538215489e-05,0.01757171403289437
2021-04-15,-0.0030499804352011493,-0.0007793060261239299,-0.002270674409077217,0.006678495796357206
2021-04-16,0.001124756692627924,0.0010233821364018882,0.00010137455622603528,-0.01589611427489591
2021-04-19,0.0003431935337335956,-8.928281566467772e-05,0.0004324763493982753,0.04987549701579894
2021-04-20,-0.0008645319202213223,-0.0004735155952962575,-0.000391016324925067,0.04001804232777435
2021-04-21,0.00309162772898369,0.0015393795896041403,0.0015522481393795487,0.05330223485881481
2021-04-22,0.0027560183946733503,0.0011738599504308549,0.0015821584442424971,0.031283426779800574
2021-04-23,0.00396672074550474,0.0029385247602106354,0.0010281959852941058,-0.0486387022276553
2021-04-26,0.0017449855601594983,0.0004867092916847945,0.0012582762684747052,-0.03344698132866047
2021-04-27,-0.0027603472920302505,-0.0003019723157896164,-0.002458374976240634,-0.04607328554306329
2021-04-28,-0.0017622674937349374,-0.000612769486216704,-0.001149498007518233,0.10295487405265208
2021-04-29,-0.002125283221139427,0.0004707878441469809,-0.0025960710652864075,0.013343503601686494
2021-04-30,0.006211402347528391,0.0029372391263754573,0.0032741632211529337,-0.044720956221771024
2021-05-03,0.0007661064101567079,0.00035215872709573777,0.0004139476830609702,0.03189897112988725
2021-05-04,-0.0028390082787967653,-0.001146968250890265,-0.0016920400279065023,-0.07967345236358007
2021-05-05,0.002238679178083246,0.001414405795300628,0.000824273382782615,-0.00755666940999794
2021-05-06,-0.00562818193065214,-0.0025282401085024633,-0.003099941822149675,0.08228174173247443
2021-05-07,-0.000569683115976714,-0.0007286508783384653,0.00015896776236175303,0.01081723512168819
2021-05-10,0.005358682627728893,0.0027199771969001404,0.0026387054308287536,-0.014716606626839705
2021-05-11,0.0007208557009116822,0.0005721969338299653,0.00014865876708171702,-0.12068864076042261
2021-05-12,-0.0008254281943663464,0.0010347438796631803,-0.0018601720740295188,-0.001296870972653489
2021-05-13,-0.00780874151628419,-0.0021015958898568422,-0.005707145626427351,0.028057370693430797
2021-05-14,6.408072392469796e-06,-0.00025298864694519446,0.0002593967193376609,-0.05784231572558517
2021-05-17,0.001812685908308812,0.0008295306011410018,0.0009831553071678097,0.0744740278056057
2021-05-18,-0.00351095270099539,-0.0017011934244253683,-0.0018097592765700249,0.047777385851316946
2021-05-19,0.004870590471376521,0.002009550556001681,0.0028610399153748403,0.07797893296211873
2021-05-20,0.003022949457637969,-0.0007140881631579965,0.003737037620795965,-0.019362359198397235
2021-05-21,0.005209020702498438,0.002395620559056212,0.0028134001434422275,-0.022599897390273474
2021-05-24,-0.0011935825705772195,0.00031373554295387445,-0.001507318113531093,0.0401045251949293
2021-05-25,-0.0015155916402791476,-0.0005362460530610336,-0.0009793455872181137,-0.04600530182454582
2021-05-26,0.0027644290703814833,0.0020954840616821003,0.0006689450086993839,0.11345378734833272
2021-05-27,-0.0029790578529935528,-0.001295113722141368,-0.001683944130852183,0.014770201851973166
2021-05-28,0.00807304349932624,0.005021461840187214,0.0030515816591390283,0.025323367302983166
2021-05-31,0.0009670315330759197,0.0003034522445290859,0.0006635792885468339,0.07379033124679023
2021-06-01,0.0018913223654153132,0.0011030669809374248,0.0007882553844778904,0.04094765969852176
2021-06-02,0.005040661413461622,0.0032940908338775256,0.0017465705795840954,0.04274508529933246
2021-06-03,0.0032277751216953153,0.001419729903100267,0.0018080452185950469,0.04726098723765766
2021-06-04,0.0034635920904497533,0.0017836802169701876,0.0016799118734795657,0.12319125045611887
2021-06-07,0.003312308989411473,0.0008054253132364214,0.0025068836761750514,0.017444483234284377
2021-06-08,0.010108703569006842,0.004621732523752222,0.00548697104525462,0.08019342689485609
2021-06-09,0.0012416572992877098,0.0007603660591478777,0.0004812912401398351,-0.01495691114546828
2021-06-10,0.005989586015886245,0.0019456686769081348,0.0040439173389781105,0.04915196774165374
2021-06-11,-0.0012086906958602374,-0.0013911999077455797,0.00018250921188534257,0.1194971335093067
2021-06-14,0.0031279735090988894,0.0009582359443374312,0.002169737564761458,0.10122556852671855
2021-06-15,0.00786315463664454,0.0028876505502337755,0.004975504086410761,0.019594296744187417
2021-06-16,0.0066149017170632615,0.0035353511163099677,0.0030795506007532877,0.12439091694851896
2021-06-17,0.001390050965550313,5.027800859029076e-05,0.0013397729569600211,-0.025745796992620244
2021-06-18,0.010265593963753646,0.005198546045262681,0.005067047918490955,-0.04257387333148852
2021-06-21,-0.0025022438366896216,-0.00035282391994201356,-0.0021494199167476115,0.10057072171800024
2021-06-22,-0.003907212173354772,-0.0019487217164827209,-0.0019584904568720474,-0.037931336365003086
2021-06-23,0.008384743227402807,0.00212156986965264,0.006263173357750168,-0.011830737514624155
2021-06-24,-0.0025889192404667965,-0.002061200306199308,-0.0005277189342674932,-0.010557224492685023
2021-06-25,-0.0009371292035007324,-0.001243613616253466,0.00030648441275273573,0.015713629332651326
2021-06-28,-0.0007140430347874968,0.00011124114303186737,-0.0008252841778193659,-0.07058586131941008
2021-06-29,0.0011376578904567234,0.0015865132901060307,-0.0004488553996493047,0.0346435386501064
2021-06-30,-0.004439034520634939,-0.0023799647170422936,-0.0020590698035926423,0.0776468087717829
2021-07-01,0.002418062087455383,0.0009071730492176194,0.001510889038237764,0.07919690839988855
2021-07-02,0.004532370694265692,0.0019206751787296675,0.0026116955155360234,0.03411390461165162
2021-07-05,0.005234629351510974,0.002189729572614163,0.003044899778896811,0.0042923325806535455
2021-07-06,0.0023660289748023357,0.0024136717816339,-4.7642806831563016e-05,0.049416822630284435
2021-07-07,0.000249932928274085,-9.655515947526883e-05,0.0003464880877493534,-0.05803103759703369
2021-07-08,0.0030126147121921137,0.0016650653468888313,0.0013475493653032833,0.003578821513149178
2021-07-09,-0.0033748927395191013,-0.0013415078328486126,-0.0020333849066704896,0.050010029217283015
2021-07-12,0.00018578837083686153,-0.00014613676856901035,0.0003319251394058708,0.09820676898147035
2021-07-13,0.0029884196023072795,0.0006813095054963771,0.0023071100968109007,-0.040841837999204454
2021-07-14,0.006463615950726787,0.0026621635326431817,0.0038014524180836062,0.019459798455445387
2021-07-15,-0.0024097474770903497,-0.0008333922296084317,-0.001576355247481915,0.042468556620699364
2021-07-16,0.0010692149004226169,-0.00034954952187928046,0.0014187644223018978,0.06362472085033485
2021-07-19,0.002453504003848999,0.0004649771213355639,0.0019885268825134356,0.017727953608199745
2021-07-20,0.003984642208838398,0.0009229950139964891,0.003061647194841909,0.047807572127653776
2021-07-21,0.001047740893370088,0.00016029970794906138,0.0008874411854210233,0.006893064746185255
2021-07-22,0.002854557589262598,0.0009478774601103315,0.0019066801291522661,-0.07568927482848968
2021-07-23,0.0005809226616494054,0.0011071653370184325,-0.0005262426753690277,-0.05624675680549375
2021-07-26,-0.004852156584307871,-0.00238608301172508,-0.002466073572582793,0.007258319408899257
2021-07-27,-0.0035658652244695286,-0.002217131713189615,-0.0013487335112799127,0.015200982609353302
2021-07-28,0.0004029919418799307,0.00011527894265980185,0.00028771299922012876,-0.039094576995737255
2021-07-29,0.0011487421125109848,0.001201632130088788,-5.289001757780715e-05,-0.04602087287876485
2021-07-30,-0.0023537669167349217,-0.0023171598075134754,-3.660710922144539e-05,0.057008262628356315
2021-08-02,-0.00305601733951341,-0.00031697048382846055,-0.0027390468556849493,0.03769889910155569
2021-08-03,0.0037378274061519346,0.0016924467118126316,0.002045380694339303,-0.0854936278046805
2021-08-04,0.00242817553472091,0.001065371491769667,0.0013628040429512437,0.03618025147525156
2021-08-05,-0.00580209349110897,-0.0025767360431421613,-0.0032253574479668076,0.052859955296193674
2021-08-06,0.002351855041004291,0.0012578519403907583,0.0010940031006135332,0.10007411675497692
2021-08-09,0.0038846041526669783,0.0016414642950657605,0.0022431398576012174,-0.0037645234655115773
2021-08-10,0.0067864750562777855,0.004340685387346188,0.002445789668931597,-0.04769836249799131
2021-08-11,-0.0002756494514440822,-0.0005752849132866812,0.0002996354618425949,0.03203801203893607
2021-08-12,-0.0031526806694126787,-0.0023371562174251508,-0.0008155244519875288,-0.040540862292615734
2021-08-13,0.001973146161805474,-0.00030139049480706025,0.002274536656612534,0.13489429828488206
2021-08-16,-0.0029300483237737797,-0.002003549446146261,-0.0009264988776275171,0.06422723072981856
2021-08-17,0.00880408896447685,0.004074904801756363,0.0047291841627204855,-0.09340016984838674
2021-08-18,0.005082429584380542,0.002517548827348049,0.0025648807570324943,0.02460576330849234
2021-08-19,-0.005752463813982638,-0.003064794136593345,-0.002687669677389294,-0.024560025171732097
2021-08-20,0.0016502740113737788,0.0012062024191433762,0.0004440715922304021,-0.016051795586041376
2021-08-23,-0.0018481902231825267,-0.0016310587858155562,-0.00021713143736696965,-0.04740059094678553
2021-08-24,-0.0011267875219567014,-0.0009660921415615203,-0.00016069538039518126,0.007771788603798695
2021-08-25,-0.002789562900232428,-0.0004046057942248653,-0.002384957106007564,0.040053260201374064
2021-08-26,0.0004889595505040116,5.257576919609486e-05,0.00043638378130791966,0.053044785315673304
2021-08-27,0.0027203749666457897,0.0011857123264341525,0.0015346626402116372,0.06066261585293478
2021-08-30,0.003490105090584356,0.002356014569762744,0.0011340905208216123,0.0405872871745039
2021-08-31,0.003951262887533547,0.0021910015423125435,0.001760261345221002,-0.017010347945771147
2021-09-01,0.0024859145806810133,0.0005029686863702865,0.0019829458943107277,-0.02160021515022039
2021-09-02,-0.0012398132232040978,-0.00029985784805901337,-0.0009399553751450844,0.049360377185261775
2021-09-03,-0.0017044972718927073,-0.0005462557201927482,-0.0011582415516999608,0.026333353441880893
2021-09-06,0.003432161060194661,0.0025412434682761664,0.0008909175919184983,-0.008974294223589571
2021-09-07,0.0017512388685718033,0.0008225167871625753,0.0009287220814092282,0.019969838522010033
2021-09-08,-0.000617597071991323,-0.0009976149892216967,0.00038001791723037137,0.055371848318039395
2021-09-09,0.0012449076933895168,0.0003509846642925727,0.0008939230290969441,0.018339498871682788
2021-09-10,0.003213853363082305,0.0023018254705130152,0.0009120278925692903,-0.06972430690909032
2021-09-13,0.0011904800961385147,0.0002886144683825701,0.0009018656277559427,0.004786185386695745
2021-09-14,-0.003813590641353664,-0.001894480602191122,-0.001919110039162543,0.008896386559752003
2021-09-15,0.0002620146700700247,-0.0002495080193082779,0.0005115226893783039,0.03403818833330693
2021-09-16,0.00046426538374082335,-0.00027649066474993555,0.0007407560484907596,0.0033986336130388023
2021-09-17,0.0021151947691719864,0.001154406662931577,0.0009607881062404094,0.04927186476189232
2021-09-20,0.00023161620767672274,0.0001467591007125492,8.485710696417431e-05,0.05685187169284779
2021-09-21,0.003317543142982912,0.001173309900861022,0.0021442332421218874,0.008699525143668486
2021-09-22,0.0037689495049506457,0.0009441481555958584,0.0028248013493547865,0.06427512009363755
2021-09-23,0.0005455665329251396,0.0002796164076223854,0.00026595012530275346,-0.08910938447632467
2021-09-24,0.004452101426573735,0.0018040284672346616,0.002648072959339073,-0.03327861584465927
2021-09-27,-0.005648979399167991,-0.0027656386580480682,-0.0028833407411199222,0.07609999184631554
2021-09-28,-0.001909846301807557,-0.0005039850083244438,-0.0014058612934831132,0.03739673505739307
2021-09-29,0.004121819838516292,0.0008223717658809009,0.003299448072635391,0.055468081595233414
2021-09-30,0.0020244192316625225,-0.0005611028117254984,0.002585522043388022,-0.08036937078317825
2021-10-01,0.0033589681903144694,0.0018974416281383943,0.0014615265621760749,0.01849280388061687
2021-10-04,-0.004764778097352157,-0.0021851383838425204,-0.0025796397135096367,0.06376928267428589
2021-10-05,0.0010692175965964458,0.00018637552213504518,0.0008828420744614015,-0.04194030985377166
2021-10-06,0.0034470246795378283,0.0014804745911283683,0.0019665500884094604,0.09831671542469621
2021-10-07,-0.0026338523328156282,-0.0015399321739533556,-0.0010939201588622727,0.076154281779298
2021-10-08,0.006489202852443101,0.0029308799380111106,0.0035583229144319894,-0.019091094985230806
2021-10-11,0.00452429524208317,0.0015125733861159184,0.0030117218559672504,0.03336315530061695
2021-10-12,-0.0009516404898528368,0.0013028432348643985,-0.0022544837247172353,0.03401266968938065
2021-10-13,0.0021185239387052648,0.0016872160396903084,0.00043130789901495506,0.06995345788706359
2021-10-14,0.0023454884827103766,0.0012776303988656377,0.0010678580838447383,0.027204911428239806
2021-10-15,0.004581576372647545,0.0025966423305761053,0.00198493404207144,0.04243790348281895
2021-10-18,0.0015545183671892685,0.0005242183215305287,0.0010303000456587394,0.0889046896791691
2021-10-19,0.0027125088688125577,0.0018723245783472946,0.0008401842904652637,0.005868639583060518
2021-10-20,0.0064610464587377126,0.0040713715017245515,0.002389674957013161,-0.006633667807577362
2021-10-21,0.00037697619698686926,0.0005870325781475905,-0.00021005638116072117,0.0689887969471363
2021-10-22,-0.000389243971173305,-1.6168624274842322e-05,-0.00037307534689846183,-0.05719353842278959
2021-10-25,0.004327161501083035,0.0024470619662593186,0.0018800995348237158,-0.0028427895321335344
2021-10-26,-0.003138251889174547,-0.0012043548045179465,-0.0019338970846565998,0.046405543993531945
2021-10-27,-7.178985603278876e-05,0.0008115889689104685,-0.0008833788249432568,0.002878223132343457
2021-10-28,0.002267496027127731,0.0006554410393535375,0.001612054987774194,-0.05341937775545318
2021-10-29,7.18059865325247e-05,-0.0006445123756607979,0.0007163183621933225,0.009596224708259903
2021-11-01,-0.0026531156649362325,-0.0007877763377190911,-0.0018653393272171411,0.03482645575887373
2021-11-02,0.00044459517610284953,0.0003865282189501624,5.8066957152687684e-05,-0.05204364365844934
2021-11-03,0.00234268261609447,0.0013969343725844796,0.0009457482435099931,-0.05682411517575115
2021-11-04,-0.002895834660412649,-0.0005703442588406021,-0.0023254904015720494,-0.05653565559304571
2021-11-05,-0.0030247563346465552,-0.0011107368516451114,-0.001914019483001442,0.10501379992980943
2021-11-08,-0.0028531463005065415,-0.0009466689200868326,-0.001906477380419708,-0.04590107707115778
2021-11-09,0.004984831140589741,0.002108132390056236,0.002876698750533504,0.08996449043813336
2021-11-10,-0.002318967533825439,-0.0010270184131601873,-0.0012919491206652518,-0.10389337155963041
2021-11-11,0.004437524330698941,0.0020052651406688264,0.0024322591900301158,-0.07846810563539917
2021-11-12,-0.006510530627054429,-0.003566931864555079,-0.0029435987624993505,0.07249051037169943
2021-11-15,-0.004102460419209427,-0.002241237903899816,-0.0018612225153096136,-0.03914124442094847
2021-11-16,0.0040539999113881064,0.0026526446452392258,0.0014013552661488841,0.12102730548431147
2021-11-17,-0.002300491420094716,-0.0022743518929775287,-2.613952711718725e-05,0.04930601027848682
2021-11-18,0.007119232619244121,0.004127684438979463,0.0029915481802646575,-0.02138333381029678
2021-11-19,0.0033736731506434523,0.0021468700820170567,0.0012268030686263965,-0.058694537432368715
2021-11-22,-0.0012672976882560508,-0.0007121976413392598,-0.0005551000469167918,0.005021945752368055
2021-11-23,-0.003515333217343478,-0.002791860706688562,-0.000723472510654917,-0.08075516292739585
2021-11-24,0.00020573225886491727,-0.0007791223412945501,0.0009848546001594658,0.009467465637596952
2021-11-25,-0.004983494602779506,-0.0036834248960724535,-0.0013000697067070514,-0.006394501290375852
2021-11-26,0.0004942390209012647,-0.00013926668070238755,0.0006335057016036514,0.026155940402704605
2021-11-29,-0.00039430939204632885,-0.0006689107210670728,0.000274601329020744,0.027375315984963552
2021-11-30,0.0015594099806494426,0.0012730694753511152,0.00028634050529832613,-0.00575619457252372
2021-12-01,0.001498036624123917,0.0006073864763835803,0.0008906501477403371,-0.047672256731105214
2021-12-02,-0.00036316129073614043,-0.0005403181669198796,0.00017715687618373953,-0.026922754486935412
2021-12-03,-0.002860001601500285,-0.0007470942637644723,-0.002112907337735814,-0.04285969620217128
2021-12-06,-0.0017784139908183349,-0.0007377576852589541,-0.00104065630555938,0.11675294837181296
2021-12-07,-0.0030873606802857135,-0.001968252135471738,-0.0011191085448139758,0.024258216113977504
2021-12-08,0.0077144424973291555,0.002808329907224959,0.004906112590104197,0.009043863024606962
2021-12-09,0.0016618114724895688,0.0014270288920012614,0.00023478258048831302,-0.022823341199022417
2021-12-10,0.0007139373988435944,0.0003208812042225003,0.00039305619462109455,0.006937093259819916
2021-12-13,-0.001502899344737259,-0.0018655800762042707,0.0003626807314670126,0.011439536477492464
2021-12-14,0.0002934526241756397,-0.0008778519887206616,0.001171304612896303,-0.04337083037362338
2021-12-15,0.0005458959614252988,-0.000587004672255682,0.0011329006336809808,-0.00655044824456485
2021-12-16,-0.0023320327564813675,-0.0014785987114897294,-0.0008534340449916356,0.03166314921011359
2021-12-17,-0.00036146499154916974,0.00015655372335143455,-0.000518018714900606,0.004204219962508387
2021-12-20,0.0015775232611839522,0.0015191194161856504,5.840384499830191e-05,0.06520791649192653
2021-12-21,0.0001870451871720608,-0.00012731690083384175,0.0003143620880059027,-0.005088802064957265
2021-12-22,0.003989157745678094,0.0014873365907249782,0.0025018211549531167,-0.015345205831239024
2021-12-23,-0.00033280743740650247,-0.0002538364735145465,-7.897096389195522e-05,-0.019075930688562923
2021-12-24,-0.0010319560133125096,0.00015150763576058952,-0.0011834636490730991,0.02250455738315811
2021-12-27,-0.0011773404846227675,-0.0009937373259297812,-0.00018360315869298677,0.004857786021773279
2021-12-28,0.00133564965404459,0.0017728207491937275,-0.00043717109514913735,0.0643727276772734
2021-12-29,0.0002568132960262721,9.067317043191976e-05,0.00016614012559435214,-0.03298770088849446
2021-12-30,0.003402432671307775,0.0014671750207125751,0.0019352576505952002,0.15614174753752566
2021-12-31,-0.0018192282128870777,-0.0010722676522132264,-0.0007469605606738512,0.0625029228444939
2022-01-03,0.008655385030436554,0.003910770013875329,0.0047446150165612235,-0.05544489505194912
2022-01-04,0.003584386833715621,0.0013985248087828436,0.0021858620249327774,0.10723847658402076
2022-01-05,-0.002616065794131193,-0.0011438241011322847,-0.0014722416929989087,-0.01694176322710974
2022-01-06,0.00593997324471128,0.003142972832724117,0.002797000411987163,-0.017376902484936993
2022-01-07,-0.0008592907040916517,-0.0005314054114219967,-0.00032788529266965455,0.05158972912380554
2022-01-10,-0.000997005651299778,-0.0002824071364665691,-0.0007145985148332076,-0.031154727952594725
2022-01-11,0.0026847472288214565,0.0016900736806220859,0.000994673548199371,0.005337907991467255
2022-01-12,-0.001886790436682937,-0.0020552179049212584,0.00016842746823832015,0.029234341436172918
2022-01-13,0.00023819210977603974,-0.0005595992529463453,0.0007977913627223851,0.08357936471195135
2022-01-14,0.0017020341561339541,0.0005622542207812508,0.0011397799353527038,0.008929167517905751
2022-01-17,0.004921017009105105,0.0022613170900475594,0.002659699919057546,0.061668481564238015
2022-01-18,0.00044021434808353294,-0.0005826587721630768,0.0010228731202466096,0.042788337433291364
2022-01-19,0.003171527047342104,0.001855055291023532,0.0013164717563185725,-0.04137745577955753
2022-01-20,0.002362263418862856,0.0011570167979420634,0.0012052466209207934,0.06825886029542043
2022-01-21,-0.0026805255297719308,-0.001553636802165373,-0.0011268887276065583,0.016767034169274286
2022-01-24,0.004519440570716226,0.0020245772461647328,0.0024948633245514933,-0.02079653197680392
2022-01-25,0.00106791338444269,0.0013153641559310793,-0.0002474507714883903,0.06459179170817095
2022-01-26,-0.0011027079897560916,-0.0001649838137488418,-0.0009377241760072505,0.04719406771747705
2022-01-27,0.00378367430470728,0.002451508201178707,0.0013321661035285738,0.05996936224544188
2022-01-28,0.002689321567208276,0.0008903578862547029,0.001798963680953572,0.049928033160403805
2022-01-31,0.003478678864792902,0.0012934746217126104,0.0021852042430802916,0.0026998663973179095
2022-02-01,0.00236627804145028,0.0012173248734088484,0.001148953168041431,0.006395791198273258
2022-02-02,7.192265097575147e-05,-0.0007041899272054349,0.0007761125781811859,-0.13086862251169426
2022-02-03,0.00034916999838718237,-0.00014066466321146815,0.0004898346615986506,-0.0004220799013206079
2022-02-04,-0.0078016942562447525,-0.0041510920863574476,-0.003650602169887305,0.014992825463191814
2022-02-07,-0.00010051186559420348,-0.0008087026031843962,0.000708190737590193,-0.02929323959872285
2022-02-08,0.0006705436108567867,8.596590018294589e-05,0.000584577710673842,0.04917461913419833
2022-02-09,-0.0017462878274166068,-0.0021278608723685815,0.00038157304495197494,-0.0881404616924297
2022-02-10,0.002175444624364882,0.00017660226288481688,0.0019988423614800653,-0.038926974180218614
2022-02-11,-0.006055621333871701,-0.00272723434203663,-0.0033283869918350716,0.011774125079408056
2022-02-14,-0.002230187355948796,-0.001282709687001532,-0.0009474776689472634,0.02407496198450302
2022-02-15,0.0005156018029401357,-0.0009112809031954581,0.0014268827061355931,-0.027333642694738265
2022-02-16,0.001324612872214237,-0.000198007258137864,0.0015226201303521008,-0.0545746706746628
2022-02-17,-0.001384450693553347,-0.0007638051546916911,-0.0006206455388616562,0.002841586910829614
2022-02-18,-0.0024816416572855694,-0.0018075637393362906,-0.0006740779179492786,0.04210581740095378
2022-02-21,0.00021020662834075638,0.000785324470764133,-0.0005751178424233776,0.012694661063945486
2022-02-22,0.0017778197593343072,0.0009702942029158792,0.0008075255564184282,-0.04594523478294076
2022-02-23,0.0005114624623425001,-0.0010037670379046447,0.0015152295002471457,0.0697355411833407
2022-02-24,-0.0023126083054740942,-0.0013316672380751307,-0.000980941067398964,0.019103148236510128
2022-02-25,0.003140902584726859,-0.00015033139927851397,0.003291233984005373,0.03338595605888614
2022-02-28,0.000807159588447025,-0.0003226827684021374,0.001129842356849163,-0.046700647217599214
2022-03-01,0.0016150449401800696,-0.00015099968896423004,0.0017660446291442988,-0.04604482181115754
2022-03-02,-0.0018637641751252662,2.2554937928572633e-05,-0.0018863191130538397,0.08841512123205326
2022-03-03,-0.0026673008048667306,-0.000879150098673705,-0.0017881507061930247,0.017391335523307027
2022-03-04,0.00474062693597705,0.002257855185589414,0.002482771750387636,-0.04562153619322761
2022-03-07,0.000996965167882617,0.0006733765456994195,0.000323588622183197,-0.042239968150086925
2022-03-08,-0.0023937513528669314,-0.0010801316136120802,-0.0013136197392548514,0.026586116877456965
2022-03-09,-0.002185274280442493,-0.0005671669647792793,-0.001618107315663215,0.027329702132825196
2022-03-10,0.0014097388923754116,0.00028707769544262726,0.0011226611969327844,0.005147443991856097
2022-03-11,0.0014092000235435935,0.0004906593200733533,0.0009185407034702402,-0.02296117380052102
2022-03-14,0.0003522672357200987,0.0010862441102385849,-0.0007339768745184862,0.05463759184727585
2022-03-15,-0.0011168548185406788,-0.0019919290670854517,0.0008750742485447716,-0.08711240390194674
2022-03-16,0.0027385378206286138,0.0013500373580339906,0.0013885004625946234,0.05411399581067112
2022-03-17,-0.004871786712328418,-0.002823982383167261,-0.0020478043291611587,-0.01232142235075623
2022-03-18,0.0026861793814827954,0.0015847259015042965,0.0011014534799784989,0.06710327108679794
2022-03-21,-0.0007341103701887781,-0.0004439248923671867,-0.000290185477821591,0.05430811259844585
2022-03-22,0.0035265606416569513,0.0012739613079023361,0.002252599333754615,-0.12235121039726879
2022-03-23,0.0033469195827191883,0.0023842579330117623,0.0009626616497074251,0.04575341891311386
2022-03-24,-0.006372935385017026,-0.003594085814604086,-0.0027788495704129425,0.008765646406709333
2022-03-25,0.0021045647360308645,0.0007459345083228475,0.0013586302277080152,0.06430863998217841
2022-03-28,0.000341573639872567,-0.00010597848291161332,0.00044755212278418054,0.034721782560499376
2022-03-29,0.0030124524612324174,0.0016152348833710127,0.0013972175778614046,0.02724151616768826
2022-03-30,0.0014181814735678214,0.0004294855178597054,0.0009886959557081163,-0.00041452863708151455
2022-03-31,0.0012127688884956312,0.00024335029919833606,0.0009694185892972947,-0.018220162761118937
2022-04-01,-4.924206997480472e-06,0.00012318968843126783,-0.0001281138954287494,-0.03493856405716377
2022-04-04,-0.0009336037254834652,-0.00036686311367763874,-0.0005667406118058278,0.011197200446012835
2022-04-05,-0.0017576216273788334,-0.0002810226128219632,-0.0014765990145568695,0.09897622905400279
2022-04-06,0.0005363749785101998,0.0008209574800508966,-0.00028458250154069734,0.0060981822110105915
2022-04-07,0.005011056519942421,0.0011948222812813466,0.0038162342386610752,0.028473260319366686
2022-04-08,0.0003710057986552207,0.0010386377186012118,-0.0006676319199459928,0.06692971656590833
2022-04-11,0.0013887818573735103,0.0007251561000575796,0.0006636257573159315,0.06927908457916254
2022-04-12,0.003184935275734161,0.0020575369187668356,0.0011273983569673248,-0.1586579633129909
2022-04-13,0.0033475105376987065,0.001964718321434609,0.0013827922162640977,0.06148174896486032
2022-04-14,-0.008952153327129713,-0.0048203664964205145,-0.004131786830709197,0.11986623438060483
2022-04-15,0.003077908810084835,0.0021455151428399523,0.0009323936672448845,0.04269479234890475
2022-04-18,0.006206532316460526,0.003320047326176621,0.0028864849902839043,-0.0633136757526764
2022-04-19,0.0019815434134406408,0.001038620524763615,0.0009429228886770301,0.039113910719212205
2022-04-20,-0.0037127492173554466,-0.0011822609673966325,-0.0025304882499588167,-0.07055669070549547
2022-04-21,0.0021884999703219573,0.0007976980659261442,0.0013908019043958131,0.006288202625303331
2022-04-22,-0.003968989174685839,-0.0029192165041017105,-0.0010497726705841256,-0.042453836942788904
2022-04-25,0.00030127106375058715,-0.00018458994494106006,0.00048586100869164785,-0.0019924107582294823
2022-04-26,-0.0023552040701054835,-0.0014002727582288796,-0.0009549313118766048,-0.06486664959554346
2022-04-27,-5.4761365075632146e-05,0.0005326529652331561,-0.0005874143303087879,0.05037467518880457
2022-04-28,-0.004224144508637746,-0.001584079570194782,-0.002640064938442965,0.032777960904176874
2022-04-29,0.0030211653886103923,-0.00041919005634975803,0.003440355444960151,0.00892932211106504
2022-05-02,0.0016492021817295698,-6.777027380444351e-05,0.001716972455534014,-0.0930148776249981
2022-05-03,0.00044229308043964395,-3.243469193980886e-05,0.00047472777237945324,-0.10393254514888577
2022-05-04,-0.005016275298081467,-0.0031575770681952246,-0.0018586982298862426,0.04343064478341837
2022-05-05,-0.006564759624169294,-0.0035058678087171776,-0.0030588918154521184,-0.0327524989260196
2022-05-06,0.0029965483875658127,0.0017539553663028099,0.001242593021263002,-0.0599575897502224
2022-05-09,-0.0022919400714552563,-0.0014608765644807567,-0.0008310635069744992,0.12013340985718714
2022-05-10,-0.003576919492159286,-0.0025950625866286627,-0.0009818569055306224,-0.07051595627985874
2022-05-11,0.008058403487893703,0.0026693101666362944,0.005389093321257409,-0.03076088218427149
2022-05-12,-0.004395148447541169,-0.0019165553193799681,-0.0024785931281612,0.017092148726133634
2022-05-13,-0.001991801143304589,-0.0005231134082515146,-0.0014686877350530755,0.02715095941094735
2022-05-16,0.00104627526335537,0.0007449818783680255,0.00030129338498734344,0.0678237296315249
2022-05-17,0.001430383074457229,-0.0004727537598014685,0.001903136834258697,-0.060222339249823426
2022-05-18,0.00433245798919568,0.0013977883388866046,0.0029346696503090757,-0.008984138750279357
2022-05-19,-0.003399066633967636,-0.0009657649040900212,-0.002433301729877614,-0.05643658126991727
2022-05-20,-0.0006121290104625526,-0.0011278303511605215,0.0005157013406979693,0.04793969800584642
2022-05-23,-0.0035213994400134325,-0.0016079882390827604,-0.0019134112009306726,0.07551991057954588
2022-05-24,0.003705157290831408,0.0015952309008520939,0.0021099263899793178,0.014788921137615823
2022-05-25,0.005376929612764113,0.002651326251074899,0.002725603361689215,0.08771191777080033
2022-05-26,0.0011403999565858594,0.0009610816054854525,0.00017931835110040692,0.09463404499227826
2022-05-27,0.007524285451259601,0.002608976862788232,0.004915308588471369,-0.10516358628144035
2022-05-30,0.0072144162138458616,0.002668270441814115,0.004546145772031746,-0.015658519354753337
2022-05-31,-0.008901922205977636,-0.005051837221426814,-0.003850084984550823,0.01146462789178981
2022-06-01,-0.0013599964266738781,-0.0016263390120751032,0.0002663425854012259,-0.04878176363764959
2022-06-02,0.0008013028773588709,0.00011811339062573097,0.0006831894867331406,0.033907124961954846
2022-06-03,-0.002986458191708859,-0.0015155702092480216,-0.001470887982460838,-0.00687782279748673
2022-06-06,0.0018323913904419245,0.0009257620870481188,0.0009066293033938039,0.06889604077069172
2022-06-07,-0.000474448135788506,-0.0010508490043494995,0.0005764008685609934,0.10569979153820262
2022-06-08,0.0039163421972293316,0.00136826009651227,0.002548082100717062,0.013848977846444732
2022-06-09,0.005673956256136911,0.0020874254521696684,0.0035865308039672444,0.09046417810897482
2022-06-10,0.0008346287807928189,0.0003877208350653114,0.0004469079457275083,-0.03394514376840286
2022-06-13,0.0050089065944623114,0.0013672724646004043,0.003641634129861907,-0.06716566740673253
2022-06-14,-0.0018130912901765613,0.00010222644659243704,-0.0019153177367689997,0.11443438379795012
2022-06-15,-0.004124178078107122,-0.0009224977431067111,-0.0032016803350004112,0.061105073137118764
2022-06-16,0.006411022233173582,0.0019182332621229914,0.004492788971050592,0.07582709491039116
2022-06-17,0.003302110773256821,0.0006519271030166038,0.002650183670240217,-0.03370702842721803
2022-06-20,0.0037263040972151866,0.002179392961969234,0.001546911135245953,0.037017134075760336
2022-06-21,-0.001397038846631286,9.037788714448243e-05,-0.001487416733775769,-0.042578011557302356
2022-06-22,0.001737008044361496,0.0005892486942032935,0.0011477593501582027,0.003943286618169498
2022-06-23,-0.0026439395849148536,-0.0018739519641241325,-0.0007699876207907207,-0.06839511036839722
2022-06-24,0.0003268889435248806,0.0009243825709715674,-0.0005974936274466876,-0.006120345581077489
2022-06-27,-0.003979932366940402,-0.002175165721532075,-0.001804766645408325,-0.0184314579338462
2022-06-28,-0.00031787300868640087,0.00031930352043813405,-0.0006371765291245347,0.0247536962684063
2022-06-29,-0.0010694129898609097,-0.00024048007984131797,-0.000828932910019591,-0.07762616529770824
2022-06-30,0.0014739250370676524,-0.00015435695524660537,0.001628281992314259,0.004313703872569789
2022-07-01,-0.004084547173425947,-0.0020251237345860163,-0.00205942343883993,-0.07942401715885432
2022-07-04,0.0001729259688501828,-0.0005482102479797066,0.0007211362168298915,-0.05736378597981371
2022-07-05,-0.004178237266308466,-0.001826193749478268,-0.002352043516830199,-0.08710571476323099
2022-07-06,-0.0031470883570411715,-0.001772845339951726,-0.0013742430170894469,0.034282365435129615
2022-07-07,-0.004770118271911777,-0.0022207319840618273,-0.0025493862878499494,-0.029081052702129274
2022-07-08,0.0020947742084974873,0.0009178804275326241,0.0011768937809648623,-0.09780503993365934
2022-07-11,-0.0013593188019398652,-0.0003422607737632237,-0.0010170580281766406,0.1167835609476185
2022-07-12,-0.0054318462689327066,-0.002327782823282063,-0.003104063445650644,-0.08052447954344427
2022-07-13,0.007022981841912036,0.0037793089729461636,0.0032436728689658727,-0.049014015553411894
2022-07-14,-0.0039347097082229636,-0.0010803959904099481,-0.002854313717813018,-0.007547478662247741
2022-07-15,-0.0029924715661643524,-0.0008284549904326258,-0.0021640165757317274,0.12468648504347818
2022-07-18,-0.0002975229681751599,0.0009898811414958473,-0.0012874041096710073,0.09915547705291167
2022-07-19,0.007970592819327792,0.0035658911902075752,0.004404701629120215,-0.04316616388031262
2022-07-20,0.006780318811623208,0.0035388836942297306,0.0032414351173934777,-0.0008342535510572536
2022-07-21,-0.002448803847218877,-0.001996456730046149,-0.00045234711717272863,0.007999496324464858
2022-07-22,-0.00014215866436918963,-0.0009202739795808584,0.0007781153152116695,0.002614635305302387
2022-07-25,0.0003890857984498983,-0.0003518120199274416,0.0007408978183773406,0.03658301870262335
2022-07-26,0.00017960691332663233,0.0004731309175179405,-0.0002935240041913086,0.08299954771358917
2022-07-27,0.0020903486612157767,0.0006411744848497511,0.0014491741763660252,0.14548843111259308
2022-07-28,0.0041775123828835005,0.0021666957484493274,0.002010816634434173,-0.07147934542115446
2022-07-29,0.007078467076391229,0.0026992374494179626,0.004379229626973266,0.040054178511951116
2022-08-01,-0.0030465103625367767,-0.0008477501358840653,-0.002198760226652711,0.031226427524300607
2022-08-02,0.0017994242311648017,0.0008702156436782901,0.0009292085874865125,0.046586802370547235
2022-08-03,0.0014880443948839296,0.0003865924692488243,0.0011014519256351053,0.10065992806404275
2022-08-04,0.0022317567271890886,0.00024294204495608953,0.0019888146822329995,-0.05094504462586494
2022-08-05,0.005287074337087888,0.00257916738179801,0.002707906955289878,-0.03796654627314527
2022-08-08,-0.0025016023389157253,-0.0011229719348164538,-0.0013786304040992702,0.0314724271761253
2022-08-09,-0.002079459468303782,-0.0005311253645482682,-0.001548334103755514,0.04678704801419347
2022-08-10,0.0016602973467463758,6.343453446149743e-05,0.0015968628122848788,-0.010140601964762231
2022-08-11,0.0023569632934036726,0.0010085346133566254,0.0013484286800470471,0.11346150828407071
2022-08-12,-0.00040662286635232266,-8.262382976292468e-05,-0.0003239990365893978,0.014885444639385697
2022-08-15,0.0056909260487280275,0.002619926428762788,0.00307099961996524,0.03624191279803991
2022-08-16,0.0007102955005408229,0.0004931312214484183,0.00021716427909240476,-0.010078953635084155
2022-08-17,0.0015763300102492616,-7.397525421778115e-05,0.001650305264467043,0.08054857867814588
2022-08-18,-0.0005987860708756027,-0.000874925326133702,0.00027613925525809754,0.05253634602077648
2022-08-19,0.004608527852433674,0.0031889470601631277,0.0014195807922705462,0.11322026132136188
2022-08-22,0.002704640731889668,0.0017185392509208586,0.0009861014809688087,-0.03041862963069992
2022-08-23,0.005713611819985076,0.0013073680550363623,0.004406243764948714,0.05706777113110235
2022-08-24,-0.0014788164163516237,-8.734680715172596e-05,-0.0013914696091998965,0.04477160505279785
2022-08-25,0.0028846607616007467,0.0013125880889823887,0.001572072672618358,0.08705709883596705
2022-08-26,0.0017231372418660775,5.189970052806958e-05,0.0016712375413380075,-0.049392293047850554
2022-08-29,0.004224560518303584,0.001969325344292184,0.0022552351740114007,-0.04799640092488969
2022-08-30,-0.002646463115135245,-0.0016436551938305384,-0.0010028079213047067,0.02499499493869203
2022-08-31,-0.002545871341277872,-0.0017156748015474,-0.0008301965397304722,0.16855609500119717
2022-09-01,0.0011989968877969574,0.0009044186992091447,0.00029457818858781267,0.0988608080174015
2022-09-02,0.0076658102285726525,0.0038584485255441473,0.003807361703028504,0.04942032705718627
2022-09-05,0.003686204692747209,0.0015894555699571635,0.0020967491227900457,-0.09449022701908134
2022-09-06,0.0020763924227720203,0.0012661020990495896,0.0008102903237224325,0.055163077076401695
2022-09-07,-0.004382105735309977,-0.0015584697017984447,-0.002823636033511532,0.06027335732426303
2022-09-08,0.002300836624023375,0.0014378351719207842,0.0008630014521025919,-0.07624395894911835
2022-09-09,0.002900377318812942,0.001412504832737113,0.0014878724860758284,0.18564420282000307
2022-09-12,-0.00347621435400954,-0.002900980951928916,-0.0005752334020806254,-0.00825787974819251
2022-09-13,0.008498176743665197,0.004858459226957993,0.0036397175167072054,-0.12496139222984139
2022-09-14,-0.0003467315016055019,-3.241324334017463e-05,-0.0003143182582653267,0.08571962306620368
2022-09-15,-0.007804388287210119,-0.004232984295934128,-0.0035714039912759935,-0.025878034396051425
2022-09-16,0.004039382638902593,0.0012223016309809084,0.002817081007921683,0.07534616789100539
2022-09-19,-0.0013550419607967225,-0.00034530742546005737,-0.0010097345353366647,-0.02735370191360406
2022-09-20,0.004688396336984995,0.002259761356143194,0.0024286349808418026,-0.06749453666620882
2022-09-21,-0.0017166266836133154,-0.001838818823873746,0.00012219214026043188,0.04503177371068034
2022-09-22,-0.004245491195205772,-0.0027372025702033127,-0.0015082886250024595,0.08162763219830307
2022-09-23,0.002639387993577184,0.001100494862928333,0.001538893130648851,0.015308300750906655
2022-09-26,0.003909680927873086,0.0023614051645974915,0.0015482757632755955,-0.024238707841873566
2022-09-27,0.0007865901955236048,0.0006141915545863001,0.0001723986409373035,0.09141392083366795
2022-09-28,-0.0011327069510592932,-0.0007989632034093447,-0.0003337437476499498,0.017828252285820023
2022-09-29,0.004363417660910875,0.002537018459067239,0.0018263992018436375,0.11010360830878581
2022-09-30,0.0009818357070453566,0.0009419692182687806,3.986648877657602e-05,0.03189563372565976
2022-10-03,0.004267580231345622,0.002582731993324039,0.0016848482380215843,-0.007969431862831812
2022-10-04,0.0016583614230120368,0.0010109851103671879,0.0006473763126448495,0.08548156919633008
2022-10-05,-0.0005502723984735536,-0.0013835098348927485,0.0008332374364191965,-0.020663681622042327
2022-10-06,0.003755228849922398,0.001397683424680122,0.002357545425242276,0.0345578722865953
2022-10-07,-0.0008451152903372987,8.526605162421583e-05,-0.0009303813419615156,0.07812754104297231
2022-10-10,0.0014313627523199852,0.0001121266195373222,0.0013192361327826621,0.03202080381602339
2022-10-11,0.0035186728001765913,0.0013403680125817527,0.002178304787594839,0.0752976216707124
2022-10-12,0.001415926849116253,0.0005784497389184399,0.0008374771101978132,0.09231548872736046
2022-10-13,0.0033244722854153166,0.0019214291702636882,0.0014030431151516283,0.005511988658861343
2022-10-14,0.0036846851203711016,0.0021795463741455332,0.0015051387462255688,-0.0882261252694268
2022-10-17,0.0003187818583835595,0.0011009996956582307,-0.0007822178372746715,-0.06726935663959345
2022-10-18,-0.004395519675334485,-0.0020026152299062183,-0.0023929044454282684,-0.008383749753155069
2022-10-19,-0.0029907466334618575,-0.0007531918786065801,-0.0022375547548552773,0.025381516950687105
2022-10-20,-0.0004020616465819022,-0.0004333756837655795,3.131403718367818e-05,-0.10850233347533625
2022-10-21,0.00119221965293102,0.0003789149858088158,0.0008133046671222046,-0.021174543364660705
2022-10-24,-0.00509839678530479,-0.002321179154235329,-0.002777217631069461,-0.06105485895173702
2022-10-25,-0.001236396200571218,-0.0008035581896240927,-0.0004328380109471252,0.02046866027962657
2022-10-26,-0.00326954588061624,-0.00012418891857992828,-0.003145356962036313,-0.0391390874034528
2022-10-27,0.0011186423564922407,0.0008139966201622835,0.0003046457363299565,-0.01301157887414033
2022-10-28,-0.0017902162409414455,-0.0009178269846363907,-0.0008723892563050556,-0.06710842084268288
2022-10-31,-0.000547779420717959,0.0007440458897487881,-0.0012918253104667473,0.05160252508059492
2022-11-01,-0.003711858526099978,-0.0011167564176543703,-0.0025951021084456077,0.04282776652929799
2022-11-02,0.0023006124183060483,0.0009845570744759053,0.001316055343830143,0.0941022617726836
2022-11-03,0.0020965393078404546,0.0013890848122169522,0.0007074544956235038,0.0031266927928796442
2022-11-04,0.00451431720635955,0.0024682669350606897,0.0020460502712988608,-0.06947003985408393
2022-11-07,7.16171456813543e-05,-0.0004183666662499995,0.0004899838119313549,-0.09221777242415745
2022-11-08,-0.0037751631375938293,-0.001141400752216519,-0.0026337623853773078,-0.013744306157237637
2022-11-09,-0.005264663662360813,-0.0024453082435241455,-0.0028193554188366728,0.03527925597860126
2022-11-10,-0.000644066210027848,7.871372952402908e-05,-0.0007227799395518771,0.01683474335931351
2022-11-11,0.0019432218907786795,0.0010050738820082238,0.0009381480087704555,-0.039380225260559676
2022-11-14,0.0011162781075288275,-0.0007722789322517076,0.0018885570397805355,0.030105605794102007
2022-11-15,-0.0026749343074627023,-0.0005131482619900232,-0.0021617860454726783,0.10707143508797683
2022-11-16,0.0017179152491653754,0.000775216460450299,0.0009426987887150764,0.120616908580066
2022-11-17,0.00465170508881074,0.0016971415925707797,0.0029545634962399596,0.004443466875452443
2022-11-18,0.00613255651974467,0.0026721014430398033,0.0034604550767048676,-0.15763612993227888
2022-11-21,0.0001796518800306194,-0.00030466878906106575,0.0004843206690916847,-0.08729834187324222
2022-11-22,-0.008165768930667013,-0.00405484285453412,-0.0041109260761328925,-0.1284941317379728
2022-11-23,-0.004427510906792704,-0.0020066343812977427,-0.0024208765254949615,0.12478707467654455
2022-11-24,-0.007218966405703945,-0.0035140504331444304,-0.003704915972559516,0.050920282626133524
2022-11-25,0.006401424473269336,0.0033817505691862404,0.0030196739040830953,-0.11605032241715482
2022-11-28,0.00238688934310061,0.0019448198566295969,0.0004420694864710139,-0.08469404096399702
2022-11-29,-0.005690292929839524,-0.002425177596164691,-0.0032651153336748333,0.007646139064533321
2022-11-30,-0.003641821418586303,-0.001459402363360388,-0.0021824190552259164,0.003963068679988214
2022-12-01,0.0002946216247829538,-0.0005511615204671205,0.0008457831452500742,0.03509420082678067
2022-12-02,0.0001275746388596005,-0.00036681859191897963,0.0004943932307785795,-0.0686809275314264
2022-12-05,0.001503254917407011,-0.0003496742790437303,0.0018529291964507416,0.03341938995064352
2022-12-06,-0.0033075815773386044,-0.0013616745496033917,-0.0019459070277352119,0.038731606643597094
2022-12-07,0.0016956071998338149,0.0007379383491535984,0.0009576688506802151,-0.033510032004055376
2022-12-08,0.0018907659780678725,0.00048326377215857953,0.0014075022059092945,0.07806714803526586
2022-12-09,-0.0016652189431804695,-0.0013341297611095693,-0.0003310891820708997,0.06705062474499136
2022-12-12,0.0036207853382004395,0.001689341085178932,0.0019314442530215092,0.0729432401955981
2022-12-13,0.003878023673675829,0.001485070399115983,0.002392953274559846,0.0231458258023804
2022-12-14,0.0032338612162689812,0.0015294705736129278,0.0017043906426560534,0.02729549729890667
2022-12-15,0.0010170177560534942,0.0006108757019553327,0.0004061420540981608,-0.05689521648201163
2022-12-16,0.0013353423926897557,0.0013160407214815534,1.9301671208203815e-05,-0.032392020538520604
2022-12-19,-0.0031991178628562843,-0.0009365203338066019,-0.0022625975290496824,0.06874523566391513
2022-12-20,-0.0016223561076973447,-0.0003631902967786257,-0.001259165810918719,-0.043440032761672284
2022-12-21,0.003493970109183561,0.0018490383826669128,0.0016449317265166512,0.06986853567603386
2022-12-22,-0.002173107945698422,-0.0009435117262427371,-0.001229596219455684,0.02876045621932635
2022-12-23,0.003546878896703979,0.0013094732235362056,0.0022374056731677733,-0.008825402945774741
2022-12-26,0.0016400006621707422,0.0012780196418601762,0.00036198102031056653,0.04659249027646978
2022-12-27,-0.00042051611976216027,-0.00033185881922077366,-8.865730054138758e-05,0.10322737191037985
2022-12-28,0.00201688027948286,0.0006431844187008056,0.0013736958607820544,0.05282889928201958
2022-12-29,0.004513048818354319,0.002252686946334294,0.0022603618720200246,0.0351760427549289
2022-12-30,0.0024161372992997096,0.0018496630602214078,0.0005664742390783014,0.04688703002218378
2023-01-02,0.0014146844654530227,0.00020663531428359062,0.001208049151169433,0.0613620255986125
2023-01-03,0.0019936789538209064,0.0009366606124216331,0.0010570183413992715,0.12059722563385693
2023-01-04,0.0023941626201286746,0.0012712571017486954,0.0011229055183799785,-0.04538487810554693
2023-01-05,0.004927582850505161,0.0025816605837649144,0.0023459222667402482,0.09581878369050029
2023-01-06,-0.0018250852631290513,-0.0014946514480707572,-0.00033043381505829493,0.0336419052175685
2023-01-09,0.005956268036658146,0.0029859407638622507,0.0029703272727958988,0.0797806534335449
2023-01-10,0.00163297536133482,0.0005118823789931294,0.0011210929823416895,0.015428675299008883
2023-01-11,0.00367239484485281,0.00305225092590548,0.000620143918947328,0.0038792284788650494
2023-01-12,0.0006282550348846184,-5.481554523455948e-05,0.0006830705801191776,-0.05613028913367549
2023-01-13,0.0002346781807828931,0.00032560396299827904,-9.092578221538486e-05,0.13534097700896763
2023-01-16,-0.0025699038665739447,-0.0008000617657452219,-0.0017698421008287245,0.05439321838650119
2023-01-17,0.006601355775266601,0.002692371819543886,0.003908983955722715,0.027426717601165388
2023-01-18,0.0023430778076908576,0.0013387805688443155,0.0010042972388465423,0.08568988013137561
2023-01-19,0.0009632479232655397,0.0007097662198911727,0.0002534817033743673,-0.020145210605903324
2023-01-20,0.0035423596149801355,0.002173846679975054,0.0013685129350050826,0.004297027816527916
2023-01-23,-0.0008395910191329556,-0.00039492915328869643,-0.00044466186584425985,0.11624796028797843
2023-01-24,0.00016449458764586648,1.9407240851618095e-05,0.0001450873467942473,-0.1681460935778954
2023-01-25,0.005638659144080007,0.0026656592612856527,0.0029729998827943555,0.11522267607798989
2023-01-26,-0.007200687191743432,-0.0030511036133121817,-0.004149583578431249,0.09856854326727763
2023-01-27,0.004419236096836674,0.0016846688687373323,0.0027345672280993426,-0.058233962115966084
2023-01-30,0.004056990684365165,0.0021610919509019626,0.001895898733463203,0.03931311087458562
2023-01-31,-0.002215567573629288,-0.0007267511281828509,-0.0014888164454464376,-0.1722462732127268
2023-02-01,0.0017289883137943179,0.0014708046830888694,0.0002581836307054483,0.1550563115271314
2023-02-02,-0.008364509166707518,-0.0035663916862915647,-0.0047981174804159555,0.0641028137522617
2023-02-03,0.0069699795319172805,0.0023971359025369305,0.004572843629380348,-0.03193277206796654
2023-02-06,0.0035588317237938063,0.002913087388562677,0.0006457443352311382,0.05698275592092933
2023-02-07,-0.0016527042858379653,-0.0012766761443043003,-0.00037602814153366547,0.07744867145451968
2023-02-08,0.003101177983063383,0.002079131240353225,0.0010220467427101594,0.10459261676979481
2023-02-09,0.004250831028707659,0.0014519843940202434,0.002798846634687411,0.17917883192778347
2023-02-10,0.006089985601401626,0.002774706260040664,0.003315279341360961,0.10206966394584142
2023-02-13,0.010919165930095957,0.0035449323144858373,0.007374233615610123,0.07132770083016718
2023-02-14,0.005279825178399367,0.002574922369104532,0.0027049028092948346,0.007634129243545
2023-02-15,0.0048889104683074594,0.001678322598827102,0.0032105878694803566,-0.049602674527355825
2023-02-16,0.0002896172409037137,-0.0009212101284004071,0.0012108273693041214,0.037647496025273196
2023-02-17,-0.003019335175321293,-0.0017767097756315672,-0.00124262539968973,-0.06164977912626887
2023-02-20,0.003093809954404913,-0.0022280272549579233,0.0053218372093628424,-0.025173611460861656
2023-02-21,-0.008179879584374161,-0.00895044149190206,0.000770561907527903,0.33679315783071556
2023-02-22,-0.003986749728749364,-0.008829980737843267,0.0048432310090939035,0.0905037410833694
2023-02-23,0.03382592035848311,0.019065036305797534,0.014760884052685566,-0.0059300226950006136
2023-02-24,0.008713990034648303,0.00951213530892342,-0.0007981452742751166,0.25414198243184144
2023-02-27,0.00013212976218586779,0.0034002807556008582,-0.00326815099341499,-0.013771527989569151
2023-02-28,0.01470771620867629,0.009579107099390114,0.005128609109286174,0.10007077155115415
2023-03-01,-0.0005969434540124979,0.0020448911067285393,-0.0026418345607410396,0.09233419593131681
2023-03-02,0.006418702266693709,0.005477175053110208,0.0009415272135834991,-0.0608211630127875
2023-03-03,0.005548850973190694,0.0049011124308881,0.0006477385423025919,-0.07490323519172279
2023-03-06,-0.003276861745421976,-0.0008366057626562548,-0.0024402559827657183,-0.1248883436240019
2023-03-07,-0.006364514274604946,-0.005440037846780245,-0.0009244764278247067,-0.018109024934142338
2023-03-08,-0.007287540336883076,-0.0022290871477733537,-0.005058453189109725,-0.12443422892707487
2023-03-09,-0.001050467785063299,-0.0007137529250861394,-0.00033671485997715904,-0.07281792264154034
2023-03-10,-0.007733816224590687,-0.0033568125499071877,-0.004377003674683499,0.06971834467236794
2023-03-13,-0.004320400351648166,-0.0032311410571073604,-0.001089259294540807,0.1310353606585132
2023-03-14,0.003724377045325548,0.00236958211491484,0.0013547949304107071,-0.07476340701788242
2023-03-15,0.00849825822884743,0.004298953112723083,0.00419930511612435,0.04762250682648288
2023-03-16,-0.004134711593514072,-0.0015311651376886046,-0.0026035464558254694,0.08258698784829893
2023-03-17,0.0027168718782464335,0.0017060816545211022,0.001010790223725331,-0.03343100215302155
2023-03-20,0.00504299028236122,0.0026383447232417295,0.0024046455591194924,-0.0037718153441357507
2023-03-21,-0.001849058795729198,-0.0015049495209067674,-0.00034410927482243043,0.04109558395839614
2023-03-22,-0.00015877342365484305,0.0002723287697704666,-0.0004311021934253088,-0.038192257286298686
2023-03-23,0.001970679901359701,0.0014736555486411802,0.0004970243527185215,0.11747347490367863
2023-03-24,-0.0017586651005177642,0.0001969499036275791,-0.0019556150041453446,0.04777875615331614
2023-03-27,0.005753729489151236,0.0035509138772460997,0.002202815611905136,0.033501463353920374
2023-03-28,0.0028904735068844833,0.002625687408087607,0.0002647860987968747,-0.0009787257530071533
2023-03-29,0.0017959332696899717,-0.0002707378475232756,0.002066671117213247,0.08311521059121256
2023-03-30,-0.00012604617204191716,-0.0006815211789201053,0.0005554750068781887,0.038140674799098044
2023-03-31,0.00528043481413016,0.0005264189137109722,0.0047540159004191875,0.09331173805738795
2023-04-03,0.0024985326999209826,0.002001571832212629,0.000496960867708354,-0.0008414008444008262
2023-04-04,0.0063965351626544716,0.0018590868918500376,0.004537448270804434,0.05774190869408157
2023-04-05,8.739308819721565e-05,0.0007435529935128742,-0.0006561599053156626,0.019673628872441264
2023-04-06,0.0036597315626211878,0.001834242026573913,0.0018254895360472756,0.09621510359918352
2023-04-07,0.0014682726326043286,0.0022545503837653434,-0.0007862777511610172,0.026613015340993616
2023-04-10,0.006069017954304869,0.003197467923993191,0.0028715500303116777,-0.0029066306513789056
2023-04-11,0.0016786311851520776,-8.709029543488202e-05,0.0017657214805869605,0.07753507667446416
2023-04-12,-0.0003296209463050934,-0.0011755091441867822,0.0008458881978816897,-0.027712696173062195
2023-04-13,0.004477472806435949,0.0028360810884849076,0.0016413917179510414,0.09121570538037756
2023-04-14,-0.0017680785415482977,-0.0018174658119298366,4.9387270381541504e-05,0.06441350993395718
2023-04-17,0.005401412070059921,0.0017224179178088558,0.003678994152251065,-0.15781973476713498
2023-04-18,0.0038586077489511372,0.0011534712269446086,0.002705136522006527,-0.07184760722276297
2023-04-19,-0.014668046506222124,-0.010963232445208058,-0.003704814061014066,0.08289903872376025
2023-04-20,-0.006659292287640948,-0.006833613051029537,0.0001743207633885871,-0.09008479178662135
2023-04-21,0.007517877545956362,0.00793525994737538,-0.00041738240141901695,-0.020409195687527144
2023-04-24,-0.005905139442087344,-0.004345786016404119,-0.0015593534256832249,0.057726888186997206
2023-04-25,-0.0014381390342291258,-0.0011857604449960783,-0.00025237858923304705,0.11780434193324867
2023-04-26,0.0041098313274150694,-0.0015914248151539905,0.005701256142569059,-0.02660258583529075
2023-04-27,0.007887305471355705,0.0056574603967489544,0.0022298450746067503,0.06860211813633393
2023-04-28,-0.0016089995867802562,0.0005461098208318985,-0.0021551094076121616,-0.0180963719914867
2023-05-01,0.004281196783650996,0.002427056736575651,0.001854140047075344,0.062350596371920086
2023-05-02,-0.0013398569596535471,-0.0010280193748052995,-0.00031183758484824853,0.02281396948482996
2023-05-03,0.0045203016008397694,0.002406227990597875,0.0021140736102418928,-0.022022260706275158
2023-05-04,0.0013814513509626393,-0.0010384628499362876,0.0024199142008989273,-0.007588967021115694
2023-05-05,-0.0015175487720594395,-0.0007690115997777761,-0.0007485371722816651,0.025973062198503004
2023-05-08,-0.0004782614158377334,-0.0006007970874302559,0.00012253567159252118,0.01697353469151943
2023-05-09,0.0016996642138295606,0.0011787013591050902,0.0005209628547244681,0.02036433463919556
2023-05-10,0.0009159613545687692,0.00036349399858986824,0.0005524673559788983,-0.08439617167297059
2023-05-11,0.0011391837726520279,-0.00022435266619441965,0.0013635364388464473,0.06896221700369078
2023-05-12,-0.005822213515030348,-0.0038329187212098517,-0.0019892947938204963,-0.005815096075417965
2023-05-15,0.0038414174027676753,0.001552574914573013,0.002288842488194662,0.08867193543162556
2023-05-16,-0.00028715426286452894,-5.519758632006877e-07,-0.0002866022870013276,0.036152587682115954
2023-05-17,0.005196042947460305,0.003842798614128309,0.0013532443333319965,-0.09443548605372476
2023-05-18,0.002266775030337926,0.0011000146430357252,0.0011667603873022018,0.029382589394771085
2023-05-19,-0.006000426454955151,-0.002817702189409165,-0.003182724265545986,0.11970787504000081
2023-05-22,0.0013567254733618313,-0.0005044317779171956,0.0018611572512790258,0.04489973359485291
2023-05-23,0.00636494658682126,0.0021583093864654536,0.004206637200355806,0.1064119417724952
2023-05-24,0.0022942400189300146,0.0002797769788788068,0.0020144630400512065,-0.02701081804909925
2023-05-25,0.006575498632992191,0.002792115279450681,0.00378338335354151,0.024404172070747653
2023-05-26,-0.0017241055006744638,-0.0018137494183975574,8.964391772309493e-05,0.022668475152103195
2023-05-29,0.0012278853065465323,-0.0003840591745636352,0.001611944481110168,0.04669183742214963
2023-05-30,0.0011173095212545807,0.0001470369082032727,0.000970272613051308,0.13350997433416728
2023-05-31,0.0022859576548565053,-2.8082463701123092e-05,0.002314040118557627,-0.18632477233968434
2023-06-01,0.007294401982086647,0.0039559693196793335,0.0033384326624073144,-0.2042403163152074
2023-06-02,-0.01200138930782628,-0.006463521104944851,-0.005537868202881428,0.022067886935865758
2023-06-05,-0.013503510884263992,-0.008610144811264583,-0.004893366072999408,-0.22571136369868883
2023-06-06,0.0010046950245045972,-0.0014688185144136386,0.002473513538918235,0.286992227244412
2023-06-07,-0.01591176179772126,-0.010677345056469778,-0.0052344167412514825,-0.07194417015195959
2023-06-08,0.018191992522720135,0.011354948009435251,0.006837044513284882,0.17011284372459895
2023-06-09,-0.003996404950620053,-0.0022888082695654076,-0.0017075966810546446,2.053378692898706e-05
2023-06-12,0.008517203148804917,0.004157809893918693,0.0043593932548862254,-0.030865192832023398
2023-06-13,-1.819317506761937e-05,-0.00019445470605692142,0.00017626153098930508,-0.09172156137574393
2023-06-14,-0.0013055208660966069,-0.000359210096631128,-0.0009463107694654793,0.12962487118825375
2023-06-15,-0.0047909713614049665,-0.0029776906699563272,-0.0018132806914486392,-0.0028583934248496957
2023-06-16,0.006908092784988539,0.004282960757246816,0.002625132027741721,-0.07808901472303487
2023-06-19,-6.917705526802206e-05,0.0006868355737263063,-0.0007560126289943292,0.05908361607516762
2023-06-20,-0.004032508935168013,-0.002239673242682899,-0.0017928356924851105,-0.08209739140482863
2023-06-21,0.002728702238431005,0.0007835053519420926,0.0019451968864889124,0.1132146289392286
2023-06-22,-0.0050887454487821455,-0.0036778789841041687,-0.0014108664646779734,0.18304024123295182
2023-06-23,0.006924795467844726,0.0037441929310816488,0.003180602536763075,0.03694651512082906
2023-06-26,0.011434933346911794,0.006419425695548649,0.005015507651363146,0.012170103418442572
2023-06-27,0.001643273867188932,0.000578463315018464,0.0010648105521704684,-0.04339927426197031
2023-06-28,0.0005515580276608876,-0.0007473751742373986,0.0012989332018982858,0.2592940580195193
2023-06-29,-0.0022829232455726122,-0.0007528355544803387,-0.0015300876910922748,0.09217118812127194
2023-06-30,0.016798546444389256,0.00998418303240356,0.006814363411985698,-0.1702192940351592
2023-07-03,0.005624474793755288,0.0034041288373862695,0.0022203459563690207,0.08543353513791797
2023-07-04,-0.0081080147471517,-0.004949438479499062,-0.003158576267652636,-0.022868293739096185
2023-07-05,0.004097369469051197,0.0017237692334099077,0.0023736002356412877,-0.07310392456690341
2023-07-06,-0.0014069082584582675,-0.0014308810222365131,2.3972763778246087e-05,-0.04921053598480607
2023-07-07,-0.004717749192814182,-0.0039848170395495736,-0.0007329321532646097,0.1917230013909611
2023-07-10,-0.003229676233052967,-0.0015302065933695073,-0.001699469639683461,0.039154398420802566
2023-07-11,0.010670755488130011,0.00595969646311004,0.004711059025019962,-0.11622159302810631
2023-07-12,0.0020536435359218425,0.0015220832846402571,0.0005315602512815851,-0.08374848604936332
2023-07-13,-0.006059947477431947,-0.003289987915907717,-0.002769959561524229,0.05548863852065354
2023-07-14,-0.0042987252930408336,-0.0019323363053500861,-0.0023663889876907483,-0.0469090293022854
2023-07-17,0.0030372406613230346,0.00032243453064294617,0.0027148061306800884,0.05389457070267766
2023-07-18,-0.002425806775453729,-0.0011745832320985458,-0.001251223543355182,0.037026211733080086
2023-07-19,0.0025993705487281707,0.0012450626963358088,0.0013543078523923608,0.07054574738554682
2023-07-20,0.0020586073003258706,0.0022546525548449597,-0.00019604525451908826,-0.03466112375815304
2023-07-21,0.004432886489352477,0.0034000641321878296,0.0010328223571646478,0.08912747218036288
2023-07-24,-0.002055847090525381,-0.0019542778947004603,-0.00010156919582491979,0.04659915245106192
2023-07-25,0.004765867047225694,0.0030940219608100988,0.001671845086415595,0.06637039384246209
2023-07-26,0.002440741410894439,0.0016100965830142047,0.000830644827880235,0.08345950845982952
2023-07-27,0.004204946064359038,0.004249970228060408,-4.502416370136893e-05,-0.003694935128563745
2023-07-28,0.004728073445343201,0.0026627299667249986,0.002065343478618203,0.07662826989276958
2023-07-31,-0.00028825699615311895,-0.0007904156714412802,0.0005021586752881613,0.018732826251182833
2023-08-01,0.003881984748103737,0.0021687233807697113,0.0017132613673340258,0.04267331054783728
2023-08-02,0.0011637258431675436,0.00035919098826289395,0.0008045348549046497,0.02169066980598591
2023-08-03,0.0027888026459266645,0.0008573784633018992,0.0019314241826247636,0.027239619175210082
2023-08-04,0.001203079156200478,0.0005433637542457091,0.0006597154019547698,0.1110556054794894
2023-08-07,0.0014926451445794083,0.00023606364345766107,0.001256581501121747,0.061757245167681225
2023-08-08,0.006355344806854263,0.0022735541335728807,0.004081790673281382,0.08898286724133166
2023-08-09,0.0032559114333942053,0.001435331315108649,0.0018205801182855572,-0.017486552626465195
2023-08-10,0.005268662128006258,0.001900863241479955,0.0033677988865263037,-0.01770988941059923
2023-08-11,-0.0007189662704917309,-0.0004617652810006865,-0.0002572009894910455,-0.020459755649326554
2023-08-14,-0.0008410905935917095,0.0004526518873677089,-0.0012937424809594178,0.03646077780855946
2023-08-15,-0.0008859156712013338,6.412052615895406e-05,-0.0009500361973602874,0.05357436575764254
2023-08-16,0.002243099018518389,0.001255044543748902,0.000988054474769488,0.017470365313061977
2023-08-17,0.003481794898427937,0.0016948579639451049,0.001786936934482832,0.026321103909192154
2023-08-18,0.0009349610784276407,0.0005658804341941923,0.0003690806442334521,0.07646328544160604
2023-08-21,0.0014668118125520531,0.0012410364325152658,0.00022577538003678687,0.050276579475528584
2023-08-22,0.004245789822993311,0.002068064323606157,0.002177725499387155,0.02325706750355378
2023-08-23,0.0028892344066552287,0.00040255224880345725,0.002486682157851771,0.06898282919583368
2023-08-24,0.0013085894360586104,-4.1182457521432916e-05,0.001349771893580043,0.08127025747674155
2023-08-25,0.00421057526974718,0.002119205570256041,0.002091369699491136,0.016801879959617155
2023-08-28,0.004565857020801933,0.002085511222571496,0.0024803457982304363,-0.10247103453357931
2023-08-29,0.0010158320419305002,0.0008323850140151672,0.00018344702791533128,0.04186842445528858
2023-08-30,-0.005004919520326679,-0.002415231010194009,-0.0025896885101326685,-0.0720007006953503
2023-08-31,0.0025887976357511864,0.0021020605660099466,0.00048673706974124153,0.09881776313053602
2023-09-01,-0.0036979289497542254,-0.0023088199723484745,-0.0013891089774057484,0.02946624670136533
2023-09-04,0.004878775457661213,0.0018237982602955713,0.0030549771973656416,0.02689784451629989
2023-09-05,0.001505283785246217,0.0007178354205404636,0.0007874483647057531,0.05695267736604234
2023-09-06,0.001527368594633981,0.0014534063990239657,7.396219561001463e-05,0.058734990714271816
2023-09-07,0.0029730403418616515,0.000888305066272071,0.0020847352755895806,-0.02124488275100805
2023-09-08,0.0034418110790584606,0.000759998084959879,0.0026818129940985817,0.12602871093972542
2023-09-11,-0.0012215721264356545,-0.0007881943330108115,-0.00043337779342484273,0.0945413697316568
2023-09-12,0.0064576031180161985,0.0036482654188005476,0.0028093376992156523,0.0009435369719079281
2023-09-13,0.005065719424773463,0.0017966352832977962,0.0032690841414756665,0.022537646963363384
2023-09-14,-4.530319071573206e-05,-0.0009777871016926334,0.0009324839109769011,0.004010421166843333
2023-09-15,0.0012551195349835796,0.0010247739545503447,0.00023034558043323605,0.013842758236228941
2023-09-18,0.0002712791050781247,0.0003775936360535983,-0.00010631453097547392,-0.04611080969282682
2023-09-19,0.000728135693878736,0.0006728790202632472,5.525667361548853e-05,-0.012434251203813296
2023-09-20,-0.0028408524614006395,-0.002265111894129257,-0.0005757405672713878,-0.04673442854845877
2023-09-21,-0.0006664491079742955,-8.607666923428695e-05,-0.0005803724387400105,-0.2304983975747273
2023-09-22,-0.003120634767945686,-0.001998241126117413,-0.0011223936418282773,-0.32191902190984184
2023-09-25,-0.01641572849838805,-0.007667007713689569,-0.008748720784698481,-0.250073807450304
2023-09-26,-0.030390757892086617,-0.014502710036424324,-0.015888047855662293,0.23341719573776232
2023-09-27,-0.02845089130328885,-0.01270880548057067,-0.015742085822718174,-0.010698343550707012
2023-09-28,0.02731914852723967,0.01487610388716705,0.01244304464007262,0.15759083693304846
2023-09-29,-0.0010017221935318373,-0.0005539268840394794,-0.0004477953094923579,-0.24606007633523252
2023-10-02,0.012922938751835273,0.006691984076146046,0.006230954675689217,-0.03005119437178958
2023-10-03,-0.01771480363793059,-0.008192057361304933,-0.009522746276625665,0.08629214336136683
2023-10-04,-0.0017878505364708863,0.0017620415100335005,-0.003549892046504388,-0.06212619247256794
2023-10-05,0.005707614931873052,0.0015711485253039198,0.004136466406569132,-0.15668630567687472
2023-10-06,-0.00428252578352744,-0.0020643711661802932,-0.0022181546173471456,-0.23351371029387102
2023-10-09,-0.010321571264690244,-0.005927594345893329,-0.0043939769187969074,0.051302059857070675
2023-10-10,-0.019353323925813015,-0.00802877961894743,-0.011324544306865584,0.11019784211420529
2023-10-11,0.0042425201358200874,0.0006086441099372349,0.0036338760258828526,0.10611575147461219
2023-10-12,0.007815551742457731,0.00255908189785868,0.005256469844599052,-0.05448321060273373
2023-10-13,0.007522751994318887,0.0031124915814089464,0.00441026041290994,-0.02644825785023887
2023-10-16,-0.003919331587327884,-0.002145513583053274,-0.0017738180042746084,0.10106158646874877
2023-10-17,-0.002083913632445105,-0.0017835990289758012,-0.0003003146034693052,0.04676049540324889
2023-10-18,0.009081610589630015,0.004691644620749988,0.0043899659688800274,0.021355213380646797
2023-10-19,0.003923262778354676,0.0026871005369555594,0.0012361622413991167,0.16337841465554148
2023-10-20,0.0017668037605917805,0.001024285952541882,0.0007425178080498977,-0.06270342468390597
2023-10-23,0.018837387012625596,0.009128841125990338,0.009708545886635257,-0.21614322974715283
2023-10-24,-0.005280411581958573,-0.004475951026394091,-0.0008044605555644867,-0.05759769567318426
2023-10-25,-0.015615051401969511,-0.006712819291091486,-0.008902232110878025,-0.06460220544964634
2023-10-26,-0.004505893705777015,-0.0022239773332275916,-0.002281916372549422,0.06402958354194983
2023-10-27,-0.005305661610260344,-0.0031262881934583826,-0.002179373416801963,-0.05530821712017067
2023-10-30,0.005128206694962688,0.0034496664624042183,0.0016785402325584704,0.15028045411720178
2023-10-31,-0.004899127410146033,-0.004256674668655605,-0.0006424527414904263,0.021883777767929335
2023-11-01,0.010788742172880426,0.006010330622419948,0.004778411550460479,0.15401751350663914
2023-11-02,0.0013388286481477328,2.595139191829878e-05,0.0013128772562294333,0.13854662788877803
2023-11-03,0.010878384137572302,0.007180050948801586,0.0036983331887707194,0.20296380779426512
2023-11-06,0.010327596599334347,0.0043429940963078065,0.005984602503026543,-0.14281294411020262
2023-11-07,0.021094266483228468,0.008688475888315613,0.012405790594912851,-0.09106348131149662
2023-11-08,-0.010053946360825527,-0.005758770204820487,-0.00429517615600504,0.0988642532236796
2023-11-09,-0.005657592166429011,-0.003036586295006003,-0.002621005871423006,0.12049299192661561
2023-11-10,0.006442264571065066,0.0034263508372223226,0.0030159137338427434,-0.005292235076132283
2023-11-13,0.009925519784289894,0.005439410822080375,0.004486108962209516,0.1089389079819594
2023-11-14,-0.00048663275475316066,-0.0015417061906921846,0.0010550734359390255,-0.2099389597119008
2023-11-15,0.008220168149554775,0.002456863604444779,0.005763304545109996,0.06205631444050072
2023-11-16,-0.014544333060381083,-0.008315242794495812,-0.006229090265885272,-0.08890736305211978
2023-11-17,0.004063750299603556,0.0013877248329608504,0.002676025466642706,-0.09876666581874675
2023-11-20,-0.005850375139306332,-0.004030568046907322,-0.00181980709239901,0.053070310020233935
2023-11-21,-0.006683479588348173,-0.0030707360816782103,-0.0036127435066699576,0.06445803123709654
2023-11-22,0.003627547291037772,0.002578578981169895,0.001048968309867877,-0.09597839219291104
2023-11-23,0.004541578505494187,0.003747266495460661,0.0007943120100335245,-0.04218218424482707
2023-11-24,-0.006188528322295158,-0.0029279283796501063,-0.0032605999426450517,0.07427091835394992
2023-11-27,-0.0029336444548290668,-0.003353213624701744,0.00041956916987267653,-0.12317589159423134
2023-11-28,0.004586509124250338,0.002948434323538786,0.0016380748007115524,-0.0669044954755463
2023-11-29,-0.00821510317722781,-0.004032949447109501,-0.004182153730118307,-0.034147387582631916
2023-11-30,-0.004881457800411108,-0.0046215529495466055,-0.00025990485086450216,0.08291030589962241
2023-12-01,-0.002309209279904227,-0.0013962240797480117,-0.0009129852001562161,0.08931881919681416
2023-12-04,0.0061059446773780845,0.0026084790346469523,0.003497465642731134,0.23259174299361926
2023-12-05,0.006431815884012168,0.0019146483061459,0.004517167577866264,-0.0058040997022852266
2023-12-06,0.018060973751611014,0.008737013623505575,0.009323960128105435,0.032834596397753144
2023-12-07,-0.0003473652084216355,0.000126004612533954,-0.0004733698209555895,-0.11530476577341614
2023-12-08,0.002040331258893128,-0.0003189789874642118,0.00235931024635734,0.21404941396901755
2023-12-11,-0.006763154222269451,-0.0012782970955479908,-0.00548485712672146,-0.005230664771915632
2023-12-12,0.018683634720966506,0.008344278180051647,0.010339356540914862,0.15791478163669084
2023-12-13,-0.0004793480660049065,-0.0015355503072543289,0.0010562022412494224,0.019548195375583798
2023-12-14,0.010863856851849964,0.00455858237844162,0.006305274473408347,0.018834420867012473
2023-12-15,0.0010551663775473833,-0.0008333160772558048,0.0018884824548031885,0.09671404870216763
2023-12-18,0.0009864777551855815,-0.0008255457862339829,0.0018120235414195666,0.1507974694705591
2023-12-19,0.0058204864345095895,0.002326034867643772,0.0034944515668658156,0.03235573312308934
2023-12-20,0.010513219945292758,0.006000660024126171,0.004512559921166587,0.20219325669345994
2023-12-21,0.002499576650178273,0.0035397201051043294,-0.001040143454926059,0.06294460178242765
2023-12-22,0.01630321675267312,0.007900370355788867,0.008402846396884253,-0.12201992569548295
2023-12-25,0.004587267922828682,0.0004947471422774323,0.004092520780551249,-0.06882889716973543
2023-12-26,-0.008151249976677958,-0.0031993202608148474,-0.004951929715863109,0.018318121738256112
2023-12-27,-0.0038446910443364225,-0.0003612376164019574,-0.003483453427934465,0.15388879032748778
2023-12-28,0.0010578065138795363,0.000538179431607323,0.0005196270822722137,-0.05756940039941392
2023-12-29,0.010666178926572057,0.003931945368791889,0.006734233557780172,-0.23786522939439808
2024-01-01,-0.0035838478328504724,-0.0025899570483587037,-0.0009938907844917685,0.06657911599369998
2024-01-02,-0.014587782722805724,-0.006555023046249435,-0.00803275967655629,-0.019871978735154283
2024-01-03,0.003549149516345937,0.0024278291722494576,0.0011213203440964795,0.07391601287057131
2024-01-04,-0.0010400805843169272,-0.0007358570338008366,-0.0003042235505160912,-0.040854565640419824
2024-01-05,0.00407361812505003,0.0007984147254331259,0.0032752033996169046,-0.084135679985625
2024-01-08,-0.002193998708727005,-0.0019025554525404663,-0.00029144325618653787,0.17846721965054826
2024-01-09,-0.004976538793554762,-0.002465621046572114,-0.0025109177469826473,0.03688793699472337
2024-01-10,0.00978146536022246,0.0037496820629924947,0.0060317832972299635,-0.10705583229550147
2024-01-11,0.001986615665646204,0.0008814091886269583,0.0011052064770192458,0.1259631220183866
2024-01-12,-0.007204900902814058,-0.004930934322417742,-0.002273966580396315,-0.08002220546632256
2024-01-15,0.009228964065839725,0.0024694012566677014,0.006759562809172025,-0.1877780033522466
2024-01-16,-0.006760504309419318,-0.002750870346390196,-0.004009633963029122,-0.05413242895503857
2024-01-17,-0.012117232713350641,-0.005361547336615695,-0.006755685376734946,-0.1229504771698593
2024-01-18,-0.003070136933947331,-0.0019011287672054226,-0.0011690081667419076,0.13753329310264753
2024-01-19,-0.00817251736370292,-0.003696779491291116,-0.0044757378724118065,-0.06718362198090626
2024-01-22,0.008465451529532672,0.00405488162183958,0.004410569907693092,0.05297589400844407
2024-01-23,-0.003980645422793173,-0.0022054000534027767,-0.0017752453693903967,-0.026067215254726515
2024-01-24,0.003261216806122887,0.0015854422324259243,0.0016757745736969629,-0.12801429726822625
2024-01-25,-0.0019980619349262026,-0.00198532244931468,-1.2739485611522675e-05,0.18901797331261574
2024-01-26,-0.00890279964466579,-0.0030627543083031478,-0.005840045336362643,-0.16583528613945356
2024-01-29,0.013599079640814382,0.00588125786600481,0.007717821774809574,-0.02967787513191717
2024-01-30,-0.011046341409703116,-0.004923983847450332,-0.006122357562252784,-0.04240848549158095
2024-01-31,-0.0017566229419720702,0.00015078768656753665,-0.0019074106285396075,-0.017250389915458714
2024-02-01,-0.002960091769788956,-0.0018165790313831491,-0.0011435127384058046,-0.055098540305134995
2024-02-02,-0.0011459288617156104,-0.0004411185691654356,-0.0007048102925501752,-0.03611294726593554
2024-02-05,-0.0032145447862568545,-0.0015969857548367994,-0.0016175590314200551,-0.0062916268342630794
2024-02-06,-0.002169732901015813,-0.0021081977706330236,-6.153513038278588e-05,0.18578379356336644
2024-02-07,-0.00023371512827534717,0.0017696645833310551,-0.002003379711606402,-0.023884126462731952
2024-02-08,0.015005799832365474,0.007965462995530779,0.0070403368368346896,-0.05508568489925825
2024-02-09,-0.0016933113401124925,-0.0011617855081065929,-0.0005315258320058992,-0.01102064186331837
2024-02-12,-0.0038831873306708416,-0.0028862248101494178,-0.0009969625205214234,-0.1424863346584641
2024-02-13,-0.0006491113353782448,-0.00029913826792794264,-0.00034997306745030224,0.08619113516525216
2024-02-14,-0.009394220237321529,-0.00499430576266743,-0.004399914474654095,0.08512876943857677
2024-02-15,0.0052762654907331135,0.00244789783299694,0.0028283676577361746,0.004948686827659723
2024-02-16,0.004913365940872839,0.0018452381982641602,0.003068127742608678,0.05993101881073264
2024-02-19,0.00028000510809222045,9.420101525031525e-05,0.00018580409284190552,0.09462428871773206
2024-02-20,0.0036280526522500488,0.0014181848913944048,0.0022098677608556436,-0.10440648860826252
2024-02-21,0.005987636191646614,0.0018831217687100875,0.004104514422936528,-0.026484030555217933
2024-02-22,-0.00608386865821451,-0.002535651740516334,-0.0035482169176981777,-0.00045864369954938414
2024-02-23,-0.0014795500624428478,-0.0011128979555037073,-0.00036665210693914013,0.07078941215530604
2024-02-26,2.1013700955520905e-06,0.00024085120286190852,-0.00023874983276635665,0.02231135949200103
2024-02-27,0.0036679776188514555,0.001907152752497909,0.0017608248663535464,0.12582674639707517
2024-02-28,0.0014197031064597575,0.001084538780272443,0.00033516432618731565,-0.020157821029369475
2024-02-29,0.00799098721894426,0.0021981854830353913,0.005792801735908867,0.1583437822207784
2024-03-01,-0.0014600496627017287,-0.0013246418406512462,-0.00013540782205048035,0.002718430615368435
2024-03-04,0.010564123027832878,0.0036764545152557556,0.006887668512577122,-0.02198192236802823
2024-03-05,0.00023889364018283774,0.0006497204064617223,-0.0004108267662788845,0.02422361034691341
2024-03-06,-0.0012769046299952584,-0.0010104202520015478,-0.00026648437799370924,0.06543434537941717
2024-03-07,0.0014045664880975172,0.001396179838486989,8.38664961052768e-06,-0.034105808723421685
2024-03-08,0.0038544364758491,0.0027805364883692826,0.0010738999874798198,-0.026555736852888884
2024-03-11,-0.001995290802087199,-0.003055801040977916,0.0010605102388907169,0.052489917862986755
2024-03-12,-0.0012342428011898625,-0.0004970249738544442,-0.0007372178273354184,0.3645969970833906
2024-03-13,0.0029018853155895804,0.0008456903469420823,0.002056194968647498,-0.17623739221558873
2024-03-14,0.02872116344689717,0.019737312620945358,0.008983850825951809,-0.11727234468550893
2024-03-15,-0.020491493233369754,-0.00783459557226533,-0.012656897661104418,-0.14126017909462882
2024-03-18,-0.008417630712428589,-0.0035825538933596697,-0.004835076819068921,-0.050571287426017304
2024-03-19,-0.008280892452704698,-0.00317416417419834,-0.005106728278506355,-0.036178999853559074
2024-03-20,-0.003232342468911264,-0.0006070956900856676,-0.0026252467788255972,0.06393082447196952
2024-03-21,-0.0018617440310942967,-4.981824671029117e-05,-0.0018119257843840046,0.07848981924042756
2024-03-22,0.003564912095389032,0.0008494082846679267,0.0027155038107211055,0.06913882720876131
2024-03-25,0.004117928332416052,0.0017223492655750253,0.0023955790668410276,0.06802331040854655
2024-03-26,0.0034822304725451256,0.0006223944681460298,0.0028598360043990963,-0.11458458265965314
2024-03-27,0.003963193287558213,0.0015637777330867466,0.0023994155544714664,0.10942742781039161
2024-03-28,-0.007055310128346603,-0.0024750975160973306,-0.004580212612249272,-0.04060362085226968
2024-03-29,0.007070656670048997,0.0028541327489125684,0.004216523921136429,0.09700515010122054
2024-04-01,-0.0025877196012891487,-0.00026619262433753756,-0.0023215269769516125,0.02927734529447439
2024-04-02,0.005937175297881169,0.0015742852032375465,0.004362890094643622,0.10409090442063833
2024-04-03,0.0017261492859068244,0.00033698771731702,0.0013891615685898049,-0.007238808115564349
2024-04-04,0.007809597921764967,0.004031199817565641,0.0037783981041993268,0.01035164236978392
2024-04-05,-0.0004212390845205944,0.0004703291271922678,-0.0008915682117128627,-0.07354914043672543
2024-04-08,0.0006941878816184195,0.00014763097286315217,0.0005465569087552665,0.028558934688498874
2024-04-09,-0.0045355512966805366,-0.002046447239922849,-0.0024891040567576878,0.08119532034120634
2024-04-10,0.0014005561066303342,-0.00014727576936050032,0.001547831875990835,0.1460933270294815
2024-04-11,0.00460911780364958,0.002528586782110988,0.002080531021538592,-0.03536677447423426
2024-04-12,0.007437195563422082,0.003333876612252514,0.004103318951169568,-0.007886450130532793
2024-04-15,-0.0016525919956428296,0.00033475795262526836,-0.001987349948268097,-0.0020067862380048337
2024-04-16,-0.00038379187030229385,0.0001334852780425662,-0.0005172771483448603,0.11574678498330285
2024-04-17,-0.0001309393782437472,-0.00044766519647591917,0.00031672581823217203,-0.03650043139576358
2024-04-18,0.006118754900300787,0.002529087099135928,0.0035896678011648614,0.015553066167096792
2024-04-19,-0.0018400280259198397,-0.000907757358504267,-0.0009322706674155714,-0.03584907890076223
2024-04-22,0.0009173037700504447,0.0006655129552357603,0.0002517908148146845,0.00945624236369606
2024-04-23,-0.0018882484157484412,0.0001544984038252227,-0.002042746819573664,0.020222326404430946
2024-04-24,0.0004866833446864125,0.0002335208700380573,0.00025316247464835526,0.01769577944728121
2024-04-25,0.0009712928977532681,-0.00027539927622238433,0.0012466921739756522,-0.08658923426108367
2024-04-26,0.0009860868085092966,0.0004953605992267778,0.0004907262092825188,-0.0014540122756013388
2024-04-29,-0.004554139049759318,-0.002161592738273231,-0.002392546311486086,0.006302842367854379
2024-04-30,-1.3600972404669703e-05,0.0006593828439757175,-0.0006729838163803872,-0.01693726065317906
2024-05-01,0.0002673671505762942,-0.0005205258389500756,0.0007878929895263694,0.027555411245596923
2024-05-02,-0.001035249451623034,-0.0013278708988149687,0.00029262144719193264,-0.06058848361617732
2024-05-03,0.0015996427222895382,0.0007412403553150437,0.0008584023669744954,-0.01870755686275851
2024-05-06,-0.0035022829819676853,-0.0010778200923909336,-0.0024244628895767513,-0.006760472085007379
2024-05-07,-0.0010302320407529174,-0.0009218928321006285,-0.00010833920865228885,0.1261836066030462
2024-05-08,-0.00048032488379330044,-0.0012312983028955143,0.0007509734191022135,-0.1059170808017765
2024-05-09,0.007113134482908522,0.003129540437344526,0.003983594045563995,-0.00026823723643996456
2024-05-10,-0.005579659463347613,-0.0011529645532839129,-0.004426694910063696,0.04116131725399134
2024-05-13,9.60000037066003e-05,0.00115423039182588,-0.00105823038811928,-0.0423082475906563
2024-05-14,0.001953054729650799,0.0006588342043869167,0.0012942205252638823,0.03851728786602101
2024-05-15,-0.0021744734665467237,-0.0010742130555412158,-0.001100260411005508,-0.11260687926150459
2024-05-16,0.0022606966518974067,-0.0005292375397423811,0.0027899341916397882,0.09826296812856995
2024-05-17,-0.005862216443258803,-0.001788951975442786,-0.004073264467816018,0.033642819392690905
2024-05-20,0.005119762917102037,0.0027518345449659195,0.002367928372136118,0.1147321830647264
2024-05-21,0.0017179386592860748,0.0008578136209434293,0.0008601250383426448,0.13855702942348713
2024-05-22,0.006300079931579796,0.002691982070759857,0.003608097860819939,-0.10798999083182448
2024-05-23,0.007754355024365072,0.002748452702168459,0.005005902322196612,0.01942879525518628
2024-05-24,-0.0059440504327293985,-0.001654111542421715,-0.004289938890307682,-0.04985885640431352
2024-05-27,0.001307751327754075,0.00115675456948253,0.00015099675827155018,0.049959076956716725
2024-05-28,-0.002527197245654597,-0.0008972428173313323,-0.0016299544283232652,0.013312917488445413
2024-05-29,0.0023979511056686207,0.0006925599741380861,0.0017053911315305348,-0.17461342526786638
2024-05-30,0.000712786088409445,0.0011838158194588172,-0.00047102973104937336,-0.015142011429804923
2024-05-31,-0.008753884754662234,-0.0037752020306805953,-0.00497868272398164,0.16633946283534146
2024-06-03,-0.0008086354897684189,-0.00047747159876929037,-0.0003311638909991293,-0.04394677692187785
2024-06-04,0.009147852618714595,0.0030760172941829075,0.006071835324531686,0.015953963781861365
2024-06-05,-0.002164442502349494,-0.0009258501555590038,-0.0012385923467904906,-0.02526615648146022
2024-06-06,0.0008058311721850383,0.0005015283901437248,0.000304302782041313,-0.04839701474328579
2024-06-07,-0.0011921537389992817,0.00015862930045280627,-0.0013507830394520895,0.06136539820648961
2024-06-10,-0.0023761212465227078,-0.0004735198972671186,-0.0019026013492555883,0.08650283688969283
2024-06-11,0.0027969075908357136,0.0003195905786640107,0.002477317012171703,-0.053700129358395875
2024-06-12,0.004454053217733452,0.0014809639330979419,0.0029730892846355113,0.06307517008903132
2024-06-13,-0.0031277537206698095,-0.002194771585725528,-0.000932982134944282,0.03229541613166081
2024-06-14,0.0038209296128114897,0.0031250906900864286,0.0006958389227250611,-0.015962824881020545
2024-06-17,0.0019585701332012853,-0.00016934100682643692,0.0021279111400277226,-0.1313165817536762
2024-06-18,-0.0008708216666272691,-0.0007937689680335121,-7.705269859375726e-05,0.020278518310393942
2024-06-19,-0.006217388929586452,-0.0029260950985083474,-0.0032912938310781037,-0.006692776650617515
2024-06-20,0.0009311301196349176,0.0003058179132015661,0.0006253122064333522,0.05731563362430524
2024-06-21,-0.0003689714580594495,8.590207313875775e-05,-0.0004548735311982067,0.055928259175091526
2024-06-24,0.0037079924627412167,0.001729593921081323,0.0019783985416598946,-0.06478623608941242
2024-06-25,0.0032583306231527566,0.0024015047882078016,0.0008568258349449555,0.052866001105595764
2024-06-26,-0.0033034630708881044,-0.0016085023620691814,-0.0016949607088189225,-0.038503070820479206
2024-06-27,0.0026575798529089307,0.001036057139360612,0.0016215227135483188,-0.05690588845790782
2024-06-28,-0.002193646440343891,-0.0007273656449380947,-0.0014662807954057963,0.037680342508497264
2024-07-01,-0.003275763518782107,-0.000726384930943326,-0.0025493785878387813,-0.06716681334427099
2024-07-02,0.002074630269247219,0.0011703891682944825,0.0009042411009527367,0.13688908650046194
2024-07-03,-0.0035729413308690844,-0.0009758179710634852,-0.0025971233598056,0.002659978474521479
2024-07-04,0.007310470847608707,0.002835999661631414,0.0044744711859772916,0.037921351158349936
2024-07-05,5.457958737999883e-05,-0.00072692949714925,0.0007815090845292496,-0.03618290182411925
2024-07-08,0.001759819720476828,0.0005854836211789888,0.0011743360992978388,-0.025541354417435498
2024-07-09,-0.0019558231469048973,-0.0011419077681105129,-0.0008139153787943849,0.006547112330669708
2024-07-10,-0.0013847779424304614,-0.0006845961546711716,-0.0007001817877592899,-0.10311908864537349
2024-07-11,0.00038881114697739746,0.0005133887400997096,-0.0001245775931223121,0.013978586590190764
2024-07-12,-0.005920456529694717,-0.0021379256839375305,-0.003782530845757189,-0.13235229913507496
2024-07-15,0.0008381702731950077,0.001259089577536604,-0.0004209193043415965,0.0429684858890216
2024-07-16,-0.008451498099356993,-0.003383109243630507,-0.005068388855726488,-0.0194909286360605
2024-07-17,0.002602469301615065,0.0008698232823182925,0.0017326460192967734,-0.08361921133412813
2024-07-18,-0.0011915182487875807,-0.0015661496661379878,0.000374631417350408,0.04682821990327039
2024-07-19,-0.005203294699593527,-0.001936678667761621,-0.003266616031831907,0.11777592891555297
2024-07-22,0.0029933568713207126,0.0009079321305199587,0.002085424740800754,0.05171248157586508
2024-07-23,0.007059223731183166,0.0035656013081901954,0.0034936224229929706,-0.007694385660903636
2024-07-24,0.002998852824529288,0.00078227152529312,0.0022165812992361684,-0.1642801218155496
2024-07-25,-0.00045745738442724924,-0.0009885894133277243,0.0005311320289004742,0.06279789988736757
2024-07-26,-0.010500854587331469,-0.0038951662187561714,-0.0066056883685752955,0.09617426904368799
2024-07-29,0.0038129502063805024,0.0013343209476815807,0.0024786292586989216,-0.09269163673918164
2024-07-30,0.0063837323147070925,0.003375327721058745,0.0030084045936483485,-0.09124182794812932
2024-07-31,-0.006120711239905974,-0.0022966362075027393,-0.003824075032403235,-0.07811388874686881
2024-08-01,-0.006143698517673043,-0.0035256534857288162,-0.002618045031944226,0.08548304377344569
2024-08-02,-0.005360098530993259,-0.0026395928581328925,-0.0027205056728603697,0.05966404686258321
2024-08-05,0.0062875031523472605,0.0029284492047352995,0.0033590539476119584,0.15182624847903683
2024-08-06,0.003843839808842662,0.0013244334409608094,0.0025194063678818553,-0.053607291487259616
2024-08-07,0.010467625072180107,0.004227861587406658,0.006239763484773448,0.01888529355370357
2024-08-08,-0.0030858893635676526,-0.0024567479792371068,-0.0006291413843305498,0.06825643096224317
2024-08-09,0.0010469292174706843,-0.0006788416349192694,0.0017257708523899535,-0.055453673186763
2024-08-12,0.00412978366090329,0.0007233292455552775,0.0034064544153480127,-0.0822219090202469
2024-08-13,-0.0030354140098076557,-0.001569232949831622,-0.0014661810599760328,-0.006274299825187444
2024-08-14,-0.004993606172437704,-0.0028142629067739247,-0.002179343265663781,-0.055453703649559594
2024-08-15,-0.0003947736930997201,-0.0003777991275277766,-1.697456557194464e-05,-0.028503377737025846
2024-08-16,-0.003184815847687922,-0.0017583294338922657,-0.0014264864137956564,0.04845299213131231
2024-08-19,-0.0017608756698554678,-0.0004383094968105194,-0.0013225661730449489,0.05702068725555651
2024-08-20,0.0032711718063609344,0.0018592707939976594,0.001411901012363276,0.057838678929356735
2024-08-21,0.00369880269321073,0.002421209166730196,0.0012775935264805333,-0.035119601442497185
2024-08-22,0.0037847754096538566,0.0010551058118096878,0.002729669597844168,0.110686482956246
2024-08-23,-0.0021957246213455705,-0.0010687955368593831,-0.0011269290844861876,0.03945221864471938
2024-08-26,0.007538772896237599,0.0031120813149978204,0.004426691581239777,0.015586356436343988
2024-08-27,0.0022057933968705652,2.280226088032314e-05,0.002182991135990242,0.15976271094984326
2024-08-28,0.0008050709199596826,-0.0004603882136268245,0.0012654591335865065,-0.024238735868694843
2024-08-29,0.010446844892801944,0.0052924385008064866,0.005154406391995461,0.007157307568651153
2024-08-30,-0.0014475602783474463,-0.0012318400564856214,-0.00021572022186182316,-0.025210854957577935
2024-09-02,0.0002729496903646908,-0.0012325795575894496,0.0015055292479541414,0.09996533980103643
2024-09-03,-0.0019163406169024951,-0.0018243285447962169,-9.201207210627824e-05,-0.027900771700271557
2024-09-04,0.007188253685193279,0.0031545919011238955,0.004033661784069383,0.133813611350418
2024-09-05,-0.001700520987508202,0.0005804085699650753,-0.002280929557473277,-0.06125900709224025
2024-09-06,0.009534280887912434,0.005075917278826006,0.004458363609086429,0.06809493407148479
2024-09-09,-0.003387081329271713,-0.0021683776231105328,-0.0012187037061611797,0.12369171846740357
2024-09-10,0.0037836521044595844,0.003387051828887479,0.0003966002755721055,-0.06310645925878929
2024-09-11,0.00849797251809782,0.005289558505340915,0.0032084140127568994,-0.07972748701499337
2024-09-12,-0.003595588524777904,-0.001762744510425131,-0.0018328440143527708,0.04837243234190028
2024-09-13,-0.004103415296025654,-0.0030958914115082007,-0.0010075238845174556,0.10029057888835191
2024-09-16,0.0028029503787986047,0.002014363287586927,0.0007885870912116778,-0.04958667824826479
2024-09-17,0.005818936533771564,0.002164462874399957,0.003654473659371606,-0.07342348298454794
2024-09-18,-0.003136579830924747,-0.0016400984493954178,-0.0014964813815293286,0.01639895710036246
2024-09-19,-0.0042856878630532416,-0.001649144369201984,-0.0026365434938512592,-0.06291215843218466
2024-09-20,0.0010120664044071374,0.0009147502319525519,9.73161724545853e-05,0.12674013239558957
2024-09-23,-0.003799729631503705,-0.0029121256986645596,-0.0008876039328391443,-0.03935027215743065
2024-09-24,0.007999741640873224,0.0033774241462859473,0.004622317494587273,-0.033331621885719497
2024-09-25,-0.0026427759234569723,-0.0021908722681730167,-0.00045190365528395733,0.12349330035462898
2024-09-26,-0.0020778286246381852,-0.0015703775185317076,-0.0005074511061064785,0.06082810219396023
2024-09-27,0.007572625893934171,0.004031962817480788,0.003540663076453384,0.02498816133787125
2024-09-30,0.0033609231874839373,0.0014386753134484048,0.0019222478740355334,0.02274500160448564
2024-10-01,0.0014921713264233298,0.0005645632546879987,0.0009276080717353307,0.008871342293418422
2024-10-02,0.001406414446810246,0.0008022000362366533,0.0006042144105735928,0.046994064731974164
2024-10-03,0.00055241577893168,0.00031460451002606,0.0002378112689056201,0.06850248861901975
2024-10-04,0.002665134613163,0.0015083017586296852,0.0011568328545333143,-0.12230415684842606
2024-10-07,0.003946286516967323,0.0026174299770649304,0.0013288565399023943,0.01445723564757322
2024-10-08,-0.007208212265986682,-0.0037645542354548655,-0.0034436580305318154,-0.0935803570122745
2024-10-09,0.0009543208605204715,0.0012445094444776999,-0.00029018858395722744,0.12438616548880733
2024-10-10,-0.006128506161694832,-0.002219240582233617,-0.003909265579461214,0.09758393786807448
2024-10-11,0.008290930882620243,0.005037420392236926,0.0032535104903833167,-0.012982723155585917
2024-10-14,0.0064629486981296,0.0024385049149603707,0.004024443783169228,0.1603068407558157
2024-10-15,-0.0007507234119833385,-0.0003062283237669555,-0.00044449508821638346,-0.023130848190832814
2024-10-16,0.011330472773184379,0.0058838408191312815,0.005446631954053094,-0.1335776463335788
2024-10-17,-0.0018245003690998394,-0.0028698693137023425,0.0010453689446025035,0.0021583336708497006
2024-10-18,-0.007078039402853996,-0.0027739782026108984,-0.004304061200243098,0.04219592009679872
2024-10-21,0.00025636504126219634,0.0013114280339095894,-0.0010550629926473932,-0.12202629008257498
2024-10-22,0.002286883816967584,0.0015327234063926463,0.0007541604105749371,-0.012569061260441617
2024-10-23,-0.006431036816565644,-0.004057303060614885,-0.0023737337559507615,0.08849097737177335
2024-10-24,-0.0008297393719913226,-0.001540781308347658,0.0007110419363563344,0.12506919727697977
2024-10-25,0.004613677153710969,0.00209201888935219,0.0025216582643587788,0.0583379037596094
2024-10-28,0.007699634999942821,0.0028883520515470213,0.004811282948395801,-0.10621111856740863
2024-10-29,0.003161728332787999,0.0013489518538990289,0.0018127764788889713,-0.1723937410847824
2024-10-30,-0.006302047451186521,-0.0037758614348460968,-0.0025261860163404252,-0.0029628300625231196
2024-10-31,-0.010132521785427239,-0.004278233209307936,-0.0058542885761193025,-0.08387704674658698
2024-11-01,-0.00015770945642757392,0.00017724698028884038,-0.00033495643671641474,0.12531743828878159
2024-11-04,-0.004503035261324182,-0.001726851518044872,-0.0027761837432793094,-0.011441567229304953
2024-11-05,0.008038032548983741,0.004515221705498748,0.003522810843484995,0.05380245259216123
2024-11-06,-0.0008401492661853269,-0.0014630018049516798,0.0006228525387663524,0.1465635987150716
2024-11-07,0.0032785990178027776,0.0009092866509913739,0.002369312366811404,-0.015963220208375553
2024-11-08,0.009536000753629384,0.0051085436465077745,0.004427457107121609,0.09921097306250364
2024-11-11,-0.0011203480670599788,-0.0015878096420356728,0.00046746157497569354,-0.10393143655848967
2024-11-12,0.005590110796775781,0.0033586789983942036,0.002231431798381578,-0.08829278993347496
2024-11-13,-0.005305707498361154,-0.002491827250996899,-0.0028138802473642553,-0.0451928232819789
2024-11-14,-0.005348221679410181,-0.0035640560285205096,-0.001784165650889671,-0.08000819163497563
2024-11-15,-0.002547893177138592,-0.00040811568544338143,-0.0021397774916952104,-0.015424599253840331
2024-11-18,-0.00440139299366905,-0.0025814724962553576,-0.0018199204974136927,-0.005170830393891081
2024-11-19,-0.0008087411225402359,-0.0005963626554046971,-0.00021237846713553863,0.01251841062580668
2024-11-20,-0.0003002034881017993,-0.00034770515340941496,4.7501665307616e-05,0.07245856508889867
2024-11-21,0.0006957398451535225,-0.0002887834402342405,0.000984523285387763,-0.00014097393667168652
2024-11-22,0.003935648883704574,0.0015614005436897338,0.0023742483400148403,-0.05459312981220485
2024-11-25,-1.5886208203801317e-05,-8.433030273153111e-05,6.844409452773001e-05,-0.014592552553205938
2024-11-26,-0.0037796255850556836,-0.002853041322694455,-0.0009265842623612276,-0.03756308866504179
2024-11-27,-0.000978550185018097,-0.0014693764917027164,0.0004908263066846184,-0.0814964431719034
2024-11-28,-0.002342813445536303,-0.0008694535891643456,-0.0014733598563719575,-0.06974868069806416
2024-11-29,-0.005291161990043196,-0.0029182568814882306,-0.0023729051085549634,-0.14892645186479478
2024-12-02,-0.0045236269877635665,-0.0034869086572407986,-0.0010367183305227696,0.09687837097807017
2024-12-03,-0.012653350453210626,-0.0067598922663405885,-0.005893458186870041,-0.05552506119323172
2024-12-04,0.008010296721023207,0.004153511010906432,0.0038567857101167776,0.1039352899790938
2024-12-05,-0.00419914662202793,-0.003251603027217912,-0.0009475435948100176,0.09684958379619574
2024-12-06,0.007673857943462916,0.002500074498153231,0.005173783445309685,0.057857782739444655
2024-12-09,0.007054426198773264,0.0037345943884742328,0.0033198318102990306,0.1263371854629849
2024-12-10,0.004134334936488814,0.002285445820781558,0.0018488891157072574,-0.054075770368952183
2024-12-11,0.008012435438281333,0.003589014884492135,0.004423420553789199,-0.04252779498283617
2024-12-12,-0.003569813494907817,-0.002764039006408872,-0.0008057744884989457,-0.1362453697674801
2024-12-13,-0.002625622755230183,-0.0010390747506121081,-0.0015865480046180734,0.1393012714765863
2024-12-16,-0.008654176110973993,-0.004523576565118226,-0.004130599545855767,-0.07904093125010189
2024-12-17,0.011358363984923172,0.005494995126907145,0.005863368858016025,0.0521312202383236
2024-12-18,-0.004986672787116601,-0.0017845591631611255,-0.0032021136239554757,-0.04888946455328276
2024-12-19,0.0036059329104634577,0.00026174748805800585,0.0033441854224054517,0.06808521296302895
2024-12-20,-0.003730362458220346,-0.001483524409423882,-0.0022468380487964644,0.05035471722957296
2024-12-23,0.004931977808954097,0.002349408320735006,0.0025825694882190935,-0.17664533578229002
2024-12-24,0.00425146307032816,0.004821555152312442,-0.0005700920819842852,0.04931235544858882
2024-12-25,-0.011330438866834784,-0.005346276455312375,-0.005984162411522408,0.07602570299935255
2024-12-26,0.0032665299802027417,0.0014615834961266283,0.0018049464840761134,0.056978852512423996
2024-12-27,0.005070306935318498,0.0031014248769293713,0.0019688820583891285,-0.11648656806509033
2024-12-30,0.003328189490889445,0.001978907081778113,0.001349282409111332,0.0531010056485976
2024-12-31,-0.0071060636459582445,-0.0037061010771098635,-0.0033999625688483845,0.08634111271512081
2025-01-01,0.002893920853202798,-0.00043635084978819387,0.0033302717029909915,-0.045632637509487636
2025-01-02,0.004753920632900905,0.001827519121478217,0.0029264015114226884,0.04508386660570548
2025-01-03,-0.0030643928744781604,-0.002789395032673718,-0.0002749978418044433,0.0009500797786554365
2025-01-06,0.0025034442881550515,0.0016811535654140024,0.0008222907227410491,-0.11644214737439655
2025-01-07,0.00017486652640328877,0.0003637000426874263,-0.00018883351628413807,-0.0022307647456245726
2025-01-08,-0.007122162115487426,-0.0021711957225736787,-0.004950966392913748,-0.043809730071422574
2025-01-09,-0.00018333859405727203,-0.00048824527823601105,0.0003049066841787397,0.07376203666727041
2025-01-10,-0.002495843115200189,-0.0009607547118157308,-0.0015350884033844582,0.167110761329613
2025-01-13,0.005843493197038706,0.002239230261342172,0.0036042629356965346,-0.08521008836131534
2025-01-14,0.013854929894774805,0.008064405402070415,0.0057905244927043895,-0.047754043068431576
2025-01-15,-0.005000003926041334,-0.0017576058011875622,-0.0032423981248537724,0.03259117856190948
2025-01-16,-0.0029686272695543083,-0.0011733407146241638,-0.0017952865549301453,0.03764262974806542
2025-01-17,0.001964571502883157,-0.00047915212488985545,0.0024437236277730125,-0.06537275503808829
2025-01-20,0.002436719373758803,0.0016959087277537083,0.0007408106460050955,0.04107201112728487
2025-01-21,-0.0037852772703654354,-0.0018645602050065893,-0.0019207170653588474,0.09799532939587469
2025-01-22,0.002348681084037422,0.0005273652441918583,0.0018213158398455629,0.06167155454246301
2025-01-23,0.0060651938857418635,0.0024820583018548763,0.0035831355838869873,0.013757853778619192
2025-01-24,0.004026359077477233,0.0018569173595600359,0.0021694417179171973,0.14444116473067417
2025-01-27,0.0009285937877230793,0.0015362404278983894,-0.00060764664017531,-0.061322406853620386
2025-01-28,0.008738876866121292,0.004167214800308745,0.0045716620658125505,0.06904930427248335
2025-01-29,-0.0036840915617861,-0.0013472066757419486,-0.002336884886044152,0.0729202686836389
2025-01-30,0.004427706616857744,0.002792858803899883,0.001634847812957859,0.05484427056150938
2025-01-31,0.004692963884147489,0.0014557305279846028,0.00323723335616289,
2025-02-03,0.0045115675143271,0.0031283423050314924,0.0013832252092956104,
