,ls_ret,long_excess_ret,short_excess_ret,ic
2017-01-02,0.003778404989688486,-0.0002806275798794347,0.0040590325695679195,0.008024044673979281
2017-01-03,-0.004344843605310416,-0.0012866967225640498,-0.003058146882746367,0.05376626528213832
2017-01-04,0.00038875158015250335,-0.0009024485395723792,0.0012912001197248825,-0.009834032552125605
2017-01-05,0.00264724313842023,0.0006125816806105801,0.002034661457809649,-0.13164947140315353
2017-01-06,-0.0007687273637393688,-0.0031220059694689883,0.0023532786057296196,-0.11650720396793675
2017-01-09,-0.007779927731668629,-0.0038142722057449806,-0.003965655525923649,-0.10109979295205976
2017-01-10,-0.006317514811417748,-0.0032569012579733887,-0.0030606135534443565,-0.019905812878898504
2017-01-11,-0.005328180104030484,-0.0018866961071300871,-0.003441483996900397,0.06814834337952133
2017-01-12,-0.0010263243271872633,-0.0014873619151905622,0.00046103758800329864,-0.0031567667187499164
2017-01-13,0.0035534623676024444,0.001292834712723799,0.0022606276548786464,-0.06765462542952894
2017-01-16,-0.0001637299923094159,-0.0009100043646924493,0.000746274372383034,0.12626433965773956
2017-01-17,-0.003596937516704216,-0.0010552352881182223,-0.002541702228585993,-0.10111246586615615
2017-01-18,0.008212661277475723,0.004922425924795561,0.003290235352680162,-0.1072797726133882
2017-01-19,-0.00489923756350295,-0.0027574958061677233,-0.002141741757335226,0.15590712104788348
2017-01-20,-0.006138307886127001,-0.002345559140642429,-0.003792748745484572,0.05164380561653664
2017-01-23,0.008357815223464415,0.005492951444388313,0.0028648637790761006,0.05474485160153143
2017-01-24,0.0025820710634221304,0.0011454657168016719,0.0014366053466204603,0.10756038114602658
2017-01-25,0.0026583314112405736,0.0019016221990443422,0.0007567092121962323,-0.03601172897372022
2017-01-26,0.006230160984715387,0.0017345142839241719,0.004495646700791215,0.0006514679097042105
2017-01-27,-0.0016913939786485786,-0.0003383402721679309,-0.001353053706480649,-0.04264859136440784
2017-01-30,3.3722718565809854e-05,0.0005761251456660901,-0.0005424024271002805,-0.03140520925173157
2017-01-31,-0.002108820137881928,-0.0007351476070394844,-0.001373672530842444,0.10214574397136959
2017-02-01,-0.00154288640925345,-0.001007285882817355,-0.0005356005264360942,0.0034189236217401974
2017-02-02,0.0064012827939369035,0.0020738601375051187,0.004327422656431781,0.11055132773307784
2017-02-03,0.000170614004212959,0.0016965799554267379,-0.0015259659512137785,0.04864550596946443
2017-02-06,0.0052756434575165195,0.002399591475728345,0.0028760519817881735,0.05487023364679097
2017-02-07,0.002477604764044943,0.0018774914155970622,0.0006001133484478819,0.09905079338443142
2017-02-08,0.002467763094155558,0.0014983319819437905,0.0009694311122117674,-0.002431410582018089
2017-02-09,0.005122980756502632,0.001918964263026953,0.0032040164934756792,0.19893321573244033
2017-02-10,-0.00011685728339747101,-0.00045315189447682827,0.0003362946110793581,0.056911638755750206
2017-02-13,0.009081412145401618,0.0041810643072947625,0.004900347838106857,-0.03126646738364647
2017-02-14,0.002556387011431557,0.0010562731252589481,0.0015001138861726084,0.06646931931697408
2017-02-15,-0.0014324189535286427,-0.0011490083494495084,-0.00028341060407913524,0.02915605770429029
2017-02-16,0.0023312294709045677,0.001068873762465266,0.0012623557084393035,0.05303250737821927
2017-02-17,0.0012171248546246952,0.0020156996821885913,-0.0007985748275638957,-0.054917544269607654
2017-02-20,0.0025273090452503635,0.0017869229413947007,0.0007403861038556621,-0.13201556662315206
2017-02-21,-0.0026464055597583357,-0.0009159108111469394,-0.001730494748611396,0.02571051619859591
2017-02-22,-0.00622169883916362,-0.0023807312292838108,-0.003840967609879807,-0.011632251968121878
2017-02-23,0.0012849747047552762,0.0010838490669546619,0.0002011256378006152,-0.02363455601232828
2017-02-24,-0.0006638811832835273,-0.0008203032385572344,0.0001564220552737073,-0.0008423096240957544
2017-02-27,-0.0011452831736052977,-0.0014179953261392155,0.00027271215253391783,0.009799816329807101
2017-02-28,-3.9309649618686276e-05,0.0007693312085582426,-0.000808640858176929,-0.03752253450609704
2017-03-01,0.0004926170162877566,0.0005241909920867889,-3.157397579903187e-05,-0.07875414467988737
2017-03-02,-0.001863922247803125,-0.001021273699497871,-0.0008426485483052537,0.07209069928369682
2017-03-03,-0.004199732097423642,-0.0019178416769182124,-0.002281890420505429,-0.020677470225687524
2017-03-06,0.004138803424641655,0.0015880263047218022,0.0025507771199198524,-0.05293240389034141
2017-03-07,-0.0009255985832668248,-0.0001616065959594154,-0.0007639919873074098,0.08308682946077228
2017-03-08,-0.0025774786440979198,-0.0006146872795653776,-0.0019627913645325424,-0.005450639263345954
2017-03-09,0.0045064028750315946,0.0015777371409725783,0.0029286657340590163,0.025753355996717422
2017-03-10,-0.00029592111054436,-0.0011978882867905091,0.0009019671762461479,0.0029496171610889237
2017-03-13,0.001195047130370294,-3.3937035070951294e-05,0.0012289841654412451,0.08634054065722692
2017-03-14,0.00013078744670537185,0.0002353058458516421,-0.00010451839914626948,-0.016567521962667805
2017-03-15,0.004575418506638476,0.0016635077812762553,0.002911910725362222,0.1268855567777502
2017-03-16,-0.0008685305166791922,-0.0014737170115415982,0.0006051864948624073,0.02166351825217411
2017-03-17,0.0066303901188764095,0.0032045143445771727,0.003425875774299236,-0.0873625366335914
2017-03-20,0.0010733126252421698,-0.0005884980090405773,0.0016618106342827473,-0.020115228948708017
2017-03-21,-0.003782564556092799,-0.0015970596957219953,-0.0021855048603708037,-0.00671972572549374
2017-03-22,-0.0009526092143666039,-0.0001407059490452162,-0.0008119032653213878,0.0613635655322189
2017-03-23,-0.00028977971993804493,0.0009051725071178209,-0.001194952227055868,0.06996927120880761
2017-03-24,0.0030761397795964723,0.002177214309830297,0.000898925469766174,0.1508990612965074
2017-03-27,0.003879566804264367,0.002156279466473685,0.001723287337790683,-0.03371084882980869
2017-03-28,0.008430180325863363,0.0024803548164242387,0.005949825509439123,0.12373829064740609
2017-03-29,-0.0015946701763244484,-0.0006733996779441219,-0.0009212704983803263,0.11656610902118932
2017-03-30,0.005616291129995132,0.0020712400910974146,0.003545051038897718,-0.04853046080030289
2017-03-31,0.006623500844285901,0.00184758290403466,0.004775917940251239,-0.02578954401421072
2017-04-03,-0.0022602745641256377,-0.0002153772957490652,-0.002044897268376573,-0.146966391773444
2017-04-04,-0.0011759322228127335,-0.0008647039640892369,-0.00031122825872349595,-0.002549115672067593
2017-04-05,-0.007976311143394806,-0.004466751819290066,-0.0035095593241047385,0.025426444490431667
2017-04-06,-0.00011789061017106976,0.0005898632090267676,-0.00070775381919784,0.1066192386721864
2017-04-07,0.0010428888972299822,0.001330395572810652,-0.0002875066755806694,-0.05767447851221386
2017-04-10,0.004714062295778985,0.001756352596714447,0.0029577096990645382,-0.045834317117187065
2017-04-11,-0.0020839052370697077,-9.897570448163043e-05,-0.001984929532588077,-0.04104311456514628
2017-04-12,-0.001977666466288449,0.00036294315426097564,-0.0023406096205494257,-0.032281622495387366
2017-04-13,-0.0018162359347617624,-0.0006139071795854571,-0.001202328755176305,-0.05861706072297561
2017-04-14,-0.0020286723276550403,-0.00131747719916675,-0.0007111951284882907,-0.018719274591479547
2017-04-17,-0.0028036059801860094,0.0005887437186028136,-0.003392349698788823,0.05584565696039589
2017-04-18,-0.0009221764707629623,-0.00046888294905262804,-0.0004532935217103338,-0.047348113975090776
2017-04-19,0.002705427299935626,0.0010560572605749635,0.0016493700393606613,0.0063252720056641305
2017-04-20,-0.0024507679079735327,-0.0014100698534813888,-0.001040698054492143,0.00018058843056057222
2017-04-21,0.00029677631213199896,-8.235189216677583e-05,0.00037912820429877696,0.07451054114595025
2017-04-24,1.9662037795512423e-05,0.0012301967323030821,-0.0012105346945075696,0.0027311846491758
2017-04-25,0.0031280361315763876,0.0009811593063860707,0.0021468768251903174,-0.02834925321792961
2017-04-26,0.00011014373677314102,0.00013702154238187225,-2.687780560873057e-05,-0.09464701211094746
2017-04-27,-0.0014542297456688524,-0.0014860018078127375,3.17720621438851e-05,0.023467633083722968
2017-04-28,-0.005294608628076972,-0.0029628912822516605,-0.0023317173458253107,0.048861917016725764
2017-05-01,0.0012961871019556135,-0.00046507421274978415,0.001761261314705398,-0.021709210923648997
2017-05-02,0.002666631248442261,0.001329338141213143,0.0013372931072291178,0.029296518769737125
2017-05-03,-0.0010737806554707815,-0.0020525475968397834,0.0009787669413690008,-0.1389578411497146
2017-05-04,0.00201128618705493,-0.0018473350615756945,0.0038586212486306226,-0.05941967768461389
2017-05-05,-0.008524073529624216,-0.003597136212550323,-0.0049269373170738925,0.05137946409850011
2017-05-08,-0.0029944428297815637,-0.0010551401773035412,-0.001939302652478022,0.034480757903229874
2017-05-09,0.0028249147073450454,0.0015242662315086003,0.0013006484758364446,0.025644022103080182
2017-05-10,0.0018905255557024,0.00020900899314553814,0.0016815165625568632,0.18861602227171098
2017-05-11,0.001385125044060385,0.0010631780644237878,0.0003219469796365976,-0.06551742533901185
2017-05-12,0.0114460074305517,0.0029761737847970697,0.008469833645754626,0.10311509145104399
2017-05-15,-0.003107029757729807,-0.0003390786035926234,-0.0027679511541371833,-0.0031053995065709744
2017-05-16,0.005632601023846916,0.0036016950589894876,0.002030905964857428,-0.05032480307402643
2017-05-17,-0.00012999832814342463,0.00012952809836217112,-0.00025952642650559597,-0.02294734203501814
2017-05-18,-0.0020542690845681373,-0.0001360580595565833,-0.0019182110250115549,0.06415637670270963
2017-05-19,-0.001314258222103815,-0.00242930516247185,0.0011150469403680332,-0.13052454683381384
2017-05-22,0.0037583904980353347,0.0004986384494205139,0.0032597520486148147,0.06941127831647231
2017-05-23,-0.006832119904536157,-0.0025621333743857198,-0.004269986530150439,-0.01727903502556729
2017-05-24,0.0030185685693487315,0.00046642120934132895,0.0025521473600074018,-0.02016497602861919
2017-05-25,-0.0006482607184841809,-0.00025078961435879774,-0.00039747110412538186,0.017462947643008233
2017-05-26,-0.000902060628333535,-0.00024776743579761965,-0.0006542931925359145,-0.0641546420996423
2017-05-29,0.0007434252707570995,0.00029416651193576483,0.0004492587588213349,-0.05864046854948397
2017-05-30,-0.0023380159998914523,-0.0005724744342116943,-0.001765541565679759,0.1093088089262072
2017-05-31,-0.0024380551484663817,-0.00042074965370565807,-0.002017305494760724,0.08009752856300098
2017-06-01,0.005180955113828351,0.0010481876880005046,0.004132767425827847,0.023226430855671422
2017-06-02,0.004445410155311137,0.0012709062594030273,0.0031745038959081085,-0.055142737903714344
2017-06-05,0.0009713488640039783,0.000490986080217355,0.00048036278378662395,-0.008412701047413308
2017-06-06,-0.0023415260967719455,-0.0005853071286449699,-0.0017562189681269748,0.08048670417306018
2017-06-07,-0.0003453284496937847,0.0005324062200312118,-0.0008777346697249968,0.037216400681264264
2017-06-08,0.0034447041702575258,0.0005073266600549254,0.0029373775102025995,0.1714848281221134
2017-06-09,0.002272950906845486,0.0017044461167302037,0.0005685047901152832,0.07908681154487916
2017-06-12,0.008379397180613334,0.004112920693039643,0.00426647648757369,0.09352105565899045
2017-06-13,0.0037676324739762037,0.000581177192575325,0.003186455281400878,0.01882634654660045
2017-06-14,0.004111938845327674,0.0015049413181022929,0.002606997527225381,0.008991933484355842
2017-06-15,0.0008409040491377964,0.0008083759141674415,3.252813497035649e-05,0.052334098422389654
2017-06-16,0.00036978966334106007,-0.00015658111220408048,0.0005263707755451385,0.005168981501773384
2017-06-19,0.002261362505208205,0.0003253759841170805,0.0019359865210911258,-0.00807551425113647
2017-06-20,0.00023923769207587106,-0.00014105679249599577,0.00038029448457186634,-0.12165411551030313
2017-06-21,-0.00039045972481302786,-0.00022502838262308935,-0.00016543134218993834,-0.06372055830798207
2017-06-22,-0.0062682124140206325,-0.0024747771918162435,-0.003793435222204388,-0.06950162015973539
2017-06-23,-0.0030836448451745857,-0.0014884553709837809,-0.0015951894741908052,0.06828000803085886
2017-06-26,-0.003932512572962444,-0.0018339799265244278,-0.002098532646438017,-0.037129870421403505
2017-06-27,0.0036031099517311363,0.001736856266766544,0.001866253684964592,-0.10235803093737544
2017-06-28,-0.0020055299365761155,-0.0019765694097504533,-2.8960526825662705e-05,-0.1377791141884012
2017-06-29,-0.007050638350006879,-0.004927645768801715,-0.002122992581205161,0.14673251707686807
2017-06-30,-0.007601287727989427,-0.002651845127019126,-0.0049494426009703,-0.05782996569033181
2017-07-03,0.008484223672573184,0.0027332683649439007,0.005750955307629282,0.023021767882745958
2017-07-04,-0.0028757860152768184,-0.001880664542263357,-0.0009951214730134612,0.08924105163631096
2017-07-05,0.0011673760389469573,0.0011171582004769432,5.021783847001415e-05,-0.004701357282495529
2017-07-06,0.005305765492219829,0.001216213246400281,0.004089552245819548,-0.01663507885494064
2017-07-07,-0.00022381939732461455,-0.000418464070274993,0.00019464467295037826,0.08262498063450166
2017-07-10,-0.0008935370630758305,0.0010695246145756149,-0.0019630616776514457,-0.05969960388762048
2017-07-11,0.0038559616857989166,0.0012398833495766886,0.002616078336222228,-0.046899694705217425
2017-07-12,-0.0027162358997605,-0.001222065733114911,-0.0014941701666455892,-0.01643766779625516
2017-07-13,-0.0023775927500580955,-0.0020033224733022395,-0.00037427027675585554,0.009862767736099348
2017-07-14,-0.0008118680414897908,-1.8767255233756268e-05,-0.0007931007862560344,-0.07847871493649859
2017-07-17,0.0007358701437138815,-0.00035574211238413936,0.0010916122560980235,-0.05650262454594772
2017-07-18,-0.006190407641570854,-0.002919974083430976,-0.0032704335581398777,-0.09566871700322307
2017-07-19,-0.003937808080784762,-0.001748918803014728,-0.002188889277770033,-0.11855172282025944
2017-07-20,-0.006247843404801866,-0.003076687368355647,-0.003171156036446219,0.014057742765391503
2017-07-21,-0.010087856540265647,-0.00407968972039309,-0.006008166819872561,0.11841385557431643
2017-07-24,0.0008704601178104894,0.0009271306719162865,-5.667055410579595e-05,0.048674381759536575
2017-07-25,0.0063664024442397936,0.0033033337949318585,0.0030630686493079394,-0.06464643140156309
2017-07-26,0.003429289452497494,0.0015546464959778142,0.0018746429565196787,0.06827964901240029
2017-07-27,-0.003710696019438263,-0.0019506551545625424,-0.001760040864875724,0.017658844274688668
2017-07-28,0.0033556492287912824,0.00011727397959062562,0.0032383752492006574,0.013924061458320133
2017-07-31,0.0008382775763714929,-0.0011553254276091519,0.0019936030039806444,-0.02401745665459566
2017-08-01,0.0006877088678309579,0.0009629138154862542,-0.0002752049476552991,0.007746462453104079
2017-08-02,-0.0011101775866923238,-0.00012518292018200454,-0.0009849946665103195,-0.07973092922963511
2017-08-03,0.00043178064583999736,0.001428843199214238,-0.0009970625533742457,-0.015532638713443797
2017-08-04,-0.004746662048800284,-0.0015643364475533615,-0.0031823256012469218,-0.05420125602827362
2017-08-07,-0.0008645327344727345,-0.0013738596675686053,0.000509326933095871,0.03562872186280479
2017-08-08,-0.0032055330477000774,0.00030910670646720415,-0.0035146397541672807,-0.05162252841949915
2017-08-09,0.001816372491379263,-0.0011338984796450888,0.0029502709710243517,0.11496493455294346
2017-08-10,-0.0028811100335152094,-0.0007526552966595941,-0.002128454736855613,0.005589821668825927
2017-08-11,0.005725938188670636,0.002505428151125557,0.0032205100375450792,0.05381276174129274
2017-08-14,0.0002673614481217421,0.0008416849863601,-0.0005743235382383582,-0.07069545514074214
2017-08-15,0.00271871819867835,0.002026821186775621,0.0006918970119027291,-0.059023947005235576
2017-08-16,-0.003764051908029674,-0.0012849695421273902,-0.0024790823659022847,0.08144245307917462
2017-08-17,-0.00309554811385625,-0.000887491872804012,-0.002208056241052237,0.06814438710468987
2017-08-18,0.004267117820838476,0.0006499339800095285,0.0036171838408289468,-0.013631070138948632
2017-08-21,0.003353394832676251,0.0009575764855917074,0.0023958183470845443,-0.05043605205510637
2017-08-22,-0.0007766031230754896,-0.000811620745394542,3.501762231905223e-05,-0.034501335587480246
2017-08-23,-0.0027860169864556347,-0.0018219180079200956,-0.000964098978535539,0.03708879902990359
2017-08-24,-0.0019466082743946895,-0.0004274188053988771,-0.001519189468995812,0.06787012862039686
2017-08-25,0.0020949089646515686,0.001744010321936011,0.00035089864271555795,0.026905780482944956
2017-08-28,0.0037265732717678282,0.0018491712740637007,0.0018774019977041267,0.008297967645050287
2017-08-29,0.0014734364312083059,-0.0011450776146703394,0.0026185140458786452,-0.02313955583185111
2017-08-30,0.0007642300013455108,-0.0026180081795174615,0.003382238180862966,-0.00485573345970016
2017-08-31,-0.0015837871900445956,0.00021948369161139264,-0.001803270881655987,0.11588379936501943
2017-09-01,-0.0002715684285378209,0.0016697699129870867,-0.0019413383415249064,0.043558524216666394
2017-09-04,0.007646214886652106,0.0025049420598047536,0.005141272826847354,-0.053462997416594056
2017-09-05,0.002131456604816662,0.0023491224702879097,-0.00021766586547124732,0.026653725552341658
2017-09-06,-0.003256049889551389,-0.0005332905536801075,-0.002722759335871284,0.08039494996113784
2017-09-07,0.0016852664450679221,0.0006387878951723113,0.00104647854989561,0.05219040901019943
2017-09-08,0.004685799846290693,0.0024336853420303195,0.0022521145042603725,0.010501213115339173
2017-09-11,0.002998270939184564,0.001850153151128093,0.0011481177880564722,0.07814274096031795
2017-09-12,0.0006520772347477244,-0.0005384470737716369,0.0011905243085193616,0.002295227789798315
2017-09-13,0.0052750754183752795,0.0034369093538703394,0.0018381660645049398,0.034148680545259213
2017-09-14,0.00011228832357344635,0.00013553486825188758,-2.3246544678440575e-05,0.10608993916769516
2017-09-15,0.0018482631754746447,0.0003380187997460843,0.0015102443757285602,-0.06435067009366317
2017-09-18,0.005791906188434642,0.0019991344835327777,0.0037927717049018655,0.03673752515251551
2017-09-19,-0.004527839152410714,-0.0017383569129467752,-0.002789482239463938,-0.012395912611936654
2017-09-20,0.0023745945703317764,4.2071322383915866e-05,0.002332523247947863,0.0891164539052893
2017-09-21,-0.0008551522593418025,-0.0007397592079150476,-0.00011539305142675531,-0.026868449679435878
2017-09-22,0.004551002007114504,0.0021801903665621446,0.0023708116405523586,0.08775585328800871
2017-09-25,-0.0016645550301801226,-0.002547686886676146,0.0008831318564960187,-0.022491812570896108
2017-09-26,0.006075943463482076,0.002125155835453995,0.00395078762802808,-0.01686693852898169
2017-09-27,-0.0012134697984143492,-0.00025911113940449426,-0.000954358659009856,-0.006115725290921642
2017-09-28,-0.0010140018723391233,0.0003357208369133809,-0.0013497227092525033,0.012114154766625359
2017-09-29,-0.00036921762095483944,-0.0010498960622015302,0.0006806784412466925,0.11471783220751305
2017-10-02,0.0007516269456077401,0.001582747742960049,-0.0008311207973523087,0.03335342915653169
2017-10-03,0.008465843485316118,0.0047369280527065055,0.0037289154326096115,0.0514151223218912
2017-10-04,0.0017614921333860881,0.0016645790279224137,9.691310546367307e-05,-0.09926065527963718
2017-10-05,0.002618154055053128,0.0007923580102811077,0.0018257960447720196,-0.0005185564225820981
2017-10-06,-0.004691612087942686,-0.0009001820578729593,-0.0037914300300697264,0.011343608749934423
2017-10-09,-2.408703302756186e-05,0.00031770871236400187,-0.0003417957453915625,-0.016134743228305715
2017-10-10,0.00045031745647311624,-0.0004899004351811795,0.0009402178916542957,0.013897002995791998
2017-10-11,-0.0007861121208214514,-0.00016016697989605904,-0.000625945140925393,-0.04648607680694346
2017-10-12,0.0007499193546584882,-0.0014049523560287457,0.002154871710687234,-0.06443218316639371
2017-10-13,-0.0025568897818920733,-0.0009403212698641077,-0.0016165685120279657,0.014156504636914497
2017-10-16,-0.0031496386040914728,-0.0009805104240681456,-0.002169128180023329,-0.03642426751612415
2017-10-17,0.0008013688888630578,0.0008752952410783893,-7.392635221533175e-05,0.052092585781551674
2017-10-18,-0.0016491852788507737,-0.0007965808171490857,-0.0008526044617016885,-0.0025142556965293676
2017-10-19,0.002551425604321296,0.0015624211602106534,0.0009890044441106436,-0.025906361822984784
2017-10-20,-0.00012491216528347053,0.0005311730998513783,-0.0006560852651348505,-0.02218221823228002
2017-10-23,-0.0012920693323750588,-0.00020094578671242622,-0.0010911235456626334,-0.06342657737878678
2017-10-24,-0.0010851732811979552,-0.00047951315970057307,-0.0006056601214973825,-0.05465722397317511
2017-10-25,-0.003050130323921938,-0.001176338666488962,-0.0018737916574329766,-0.0801114969417456
2017-10-26,-0.0028978979286358947,-0.0014906615667622716,-0.0014072363618736258,-0.010207721654346575
2017-10-27,-0.005299420662526828,-0.00421801087845158,-0.001081409784075246,0.058089746572414516
2017-10-30,-0.0005767345779965432,-0.0013376982145694907,0.000760963636572947,-0.10655651663844039
2017-10-31,0.004319650660662429,-0.00029760443684209714,0.004617255097504519,0.013234200208981724
2017-11-01,-0.005837530753175618,-0.001984405646802738,-0.0038531251063728747,0.07142837989286505
2017-11-02,0.0007580817838505531,-0.0002888608005545152,0.0010469425844050664,0.024096410183153356
2017-11-03,0.004331792169751469,0.001573973634379343,0.0027578185353721264,-0.017728201994054477
2017-11-06,0.0011321039290059479,0.0010657181656205522,6.638576338539523e-05,-0.03006530373687946
2017-11-07,-0.0008284513596216106,-7.901889435619125e-05,-0.0007494324652654199,-0.15482714437456008
2017-11-08,-0.0015188839878794416,-0.0013655184060371367,-0.0001533655818423043,0.04459589660650163
2017-11-09,-0.008033388552446879,-0.003596852202941172,-0.004436536349505705,0.04247734944020016
2017-11-10,0.00250914625313056,0.0015219012973491219,0.0009872449557814383,0.033814140412915784
2017-11-13,0.0020768752044637876,0.000910398878559965,0.0011664763259038235,0.07926923979610151
2017-11-14,0.0018318509689449355,-0.0008900703876776293,0.0027219213566225635,0.03556630113198255
2017-11-15,0.004249703202763558,0.002442604318602272,0.001807098884161285,-0.09975915116061415
2017-11-16,0.0024399652833086774,-0.0003996132557823606,0.002839578539091038,-0.07693398471147346
2017-11-17,-0.007551674040634726,-0.006048311692408451,-0.0015033623482262753,-0.03327165574528258
2017-11-20,-0.005254991489177151,-0.0005090919773465628,-0.004745899511830588,0.047824491617954226
2017-11-21,-0.0025169659415343283,-0.0008964952720423684,-0.0016204706694919573,-0.04068622541796081
2017-11-22,0.0025271537576085556,0.0020598238881698212,0.00046732986943873525,0.07872850915535921
2017-11-23,-0.002021625355008913,-0.0008120414435306288,-0.001209583911478284,0.002294454801122403
2017-11-24,0.004781780281858512,0.00298403604162111,0.0017977442402374016,0.0891490614124418
2017-11-27,0.00011579194974118822,-0.00018867798200250443,0.0003044699317436934,-0.06689794275728075
2017-11-28,0.005043292854221118,0.0018671471588602422,0.003176145695360875,-0.07669076446374411
2017-11-29,-0.0035755362894017303,0.0003048346744460792,-0.0038803709638478116,-0.011865660421626692
2017-11-30,-0.004489147728886761,-0.0023719641526126264,-0.0021171835762741342,-0.009658869072934223
2017-12-01,-0.0007553293798344958,0.001337388230020416,-0.0020927176098549088,-0.044697889665267575
2017-12-04,-0.0006415287081083937,-0.00205111149846654,0.0014095827903581465,-0.0356581205593759
2017-12-05,-0.002597427982349015,-0.0019313666451485113,-0.0006660613372005027,0.05596734988250242
2017-12-06,-0.001980266954386877,-0.0007995399052137435,-0.001180727049173133,0.08686671403385665
2017-12-07,0.002993751000971937,0.0026985269633332948,0.00029522403763864585,-0.03758486253389621
2017-12-08,0.004465060524154954,0.0027566251976549536,0.0017084353265000001,0.0007575038700697935
2017-12-11,-0.0024394251706495408,-0.002128957970330872,-0.0003104672003186662,0.06812992418738112
2017-12-12,3.5152460677723824e-05,0.0015219407303581033,-0.0014867882696803815,-0.0022449448856738385
2017-12-13,0.0037216143541233403,0.0018539429380507837,0.0018676714160725562,-0.013481782373698913
2017-12-14,-0.0001417781868748593,0.0003376266540890305,-0.00047940484096388914,0.15964945561452198
2017-12-15,-0.0006949982764231937,-0.0004574731681756261,-0.00023752510824756774,-0.01686850303752491
2017-12-18,0.008707757337377163,0.005113818390198303,0.00359393894717886,0.015654798561612858
2017-12-19,-0.0008232726829909454,-0.0006000342548117439,-0.00022323842817920277,-0.009689884175420029
2017-12-20,0.0006636108765984612,0.0002915480094898698,0.00037206286710859265,0.13764081497539488
2017-12-21,-0.0006580912864334819,0.0010666837606680187,-0.0017247750471015028,0.014398548089683225
2017-12-22,0.007298719340309052,0.0026993131758723844,0.004599406164436671,0.00959762224026334
2017-12-25,0.0007950819294930702,0.0004232003325563979,0.00037188159693667166,0.03381727896094565
2017-12-26,0.0006040514025103254,-0.00011516272531034068,0.0007192141278206656,0.07407243025517048
2017-12-27,0.0019083477818199615,0.001475726933311777,0.0004326208485081846,0.05385957737328207
2017-12-28,0.00472514425161367,0.0006417715935265536,0.004083372658087118,-0.03785832780066574
2017-12-29,0.0025960271922481877,0.0020759562609502314,0.0005200709312979566,-0.11334049853514387
2018-01-01,-0.0019110590731819348,-0.0016208876572555916,-0.00029017141592634077,-0.0332988700442247
2018-01-02,-0.007996558035855573,-0.004636117256319825,-0.0033604407795357477,-0.028989571825438883
2018-01-03,-0.0021343714928251213,-0.0012303868398983835,-0.0009039846529267388,-0.09641648259649155
2018-01-04,-0.0020138020154260574,-0.00335573164490819,0.0013419296294821352,-0.04798538799378783
2018-01-05,-0.004741354660052693,-0.002157656192290948,-0.0025836984677617414,0.0748364116855639
2018-01-08,-0.0030669007193442565,-0.002503995331953581,-0.0005629053873906741,0.11988077983102044
2018-01-09,0.003610792651850914,0.0023311668156479753,0.0012796258362029363,0.04976367630238568
2018-01-10,0.0055291917011354155,0.0019678326165867392,0.0035613590845486776,0.05602252236139239
2018-01-11,0.0025924317090851965,0.0012035110101633918,0.0013889206989218042,-0.009326618184849702
2018-01-12,0.00257148002825574,0.0009724206103613336,0.0015990594178944063,0.15793451690707633
2018-01-15,-0.00041519664342610477,-0.0017139233698836714,0.0012987267264575678,0.006673836942234691
2018-01-16,0.007580379651764731,0.0021797154344916983,0.005400664217273032,-0.004201549866301748
2018-01-17,0.0003424499465555192,0.00023763625502209312,0.00010481369153342995,-0.03949503236165545
2018-01-18,-0.00023483657502285224,0.0020211752406251752,-0.0022560118156480296,-0.02829218487478657
2018-01-19,-0.0018584324368257612,-0.001032849344812927,-0.0008255830920128361,0.0005908514398109644
2018-01-22,-0.001428041601402023,-0.0002202862798478776,-0.0012077553215541457,-0.02536747662271894
2018-01-23,2.9882557854628766e-05,0.0007425822401699225,-0.0007126996823152943,-0.009478883217730284
2018-01-24,-0.0012057257427113017,-0.00023143801213363702,-0.0009742877305776651,0.03950987936231039
2018-01-25,-0.000401159555777692,0.00035218866998183024,-0.0007533482257595231,-0.015926728113498767
2018-01-26,0.0017745022422989672,-0.0002554472484848705,0.002029949490783838,-0.011258802212591387
2018-01-29,-0.000723205726335098,-0.0009601728206044737,0.0002369670942693764,0.056518342976212804
2018-01-30,-0.0005277264185593464,-0.0004502358767317603,-7.749054182758577e-05,-0.09191246765576988
2018-01-31,0.002729761224267377,0.0018457757466452413,0.0008839854776221349,-0.02104491012246401
2018-02-01,-0.005430176461711843,-0.0009024019497639976,-0.004527774511947845,0.04800590524715324
2018-02-02,-0.0009214699479996239,-2.9911463246812958e-05,-0.0008915584847528097,-0.00475617522447653
2018-02-05,0.002333083657822919,0.00030865082818687384,0.002024432829636047,0.02935494659918228
2018-02-06,-0.00023757837012182762,-0.00030457709604973923,6.69987259279115e-05,0.03744929469556572
2018-02-07,0.0015571074521793888,0.0013244658173520109,0.00023264163482737796,-0.11496814371710216
2018-02-08,0.0020198589959990625,0.0009944184021186478,0.0010254405938804126,0.09408778286243996
2018-02-09,-0.005674392956409574,-0.001883858285172722,-0.0037905346712368516,-0.009048950256305314
2018-02-12,0.0040735349156567156,0.0006316709093846276,0.0034418640062720877,0.1265766454971112
2018-02-13,-0.0003875105822940608,0.00017740284358420087,-0.00056491342587826,-0.04023359579930475
2018-02-14,0.0066162135888578255,0.0025803895544599872,0.004035824034397837,0.003710231884528647
2018-02-15,-0.0023630381300760806,-0.0006823107447634855,-0.0016807273853125977,-0.016822182629921068
2018-02-16,0.00017467605129970723,-0.0003473314656693739,0.0005220075169690835,0.020551579441879162
2018-02-19,-0.0007209317462314946,-0.0011523117493892152,0.0004313800031577192,0.0797775244221331
2018-02-20,0.0008446125018186773,0.0002736413881913426,0.0005709711136273341,-0.03477626437536412
2018-02-21,0.0028683042349196596,0.0018226361310379417,0.001045668103881717,-0.0007899591871283246
2018-02-22,-0.001343999495790895,0.00016376145932013152,-0.0015077609551110269,-0.011998856452354505
2018-02-23,-2.8288697373611126e-05,-9.4004074840311e-05,6.571537746669943e-05,0.045642590393045426
2018-02-26,-0.0006218880647456772,-0.0007585240033258049,0.00013663593858012635,0.03546345324143524
2018-02-27,0.0020242527289520175,0.0018484617447532426,0.00017579098419877488,0.007281986924514942
2018-02-28,0.0019855604748096017,0.000391878323879484,0.0015936821509301147,0.0919390902038968
2018-03-01,0.00038664798451875813,0.0011524834647115819,-0.0007658354801928229,-0.14937947707699992
2018-03-02,0.004374855900132256,0.0021269876844537414,0.002247868215678514,-0.052965093012000856
2018-03-05,-0.010424942655249177,-0.004588043920986815,-0.005836898734262352,0.0678818152176348
2018-03-06,-0.004188406141568398,-0.0012481404951429059,-0.002940265646425494,0.023873166212395814
2018-03-07,0.00405978594633611,0.0015951242486058666,0.0024646616977302433,0.09410240555909737
2018-03-08,0.0015472214622954691,0.0012245240535162238,0.0003226974087792468,0.04387882976791745
2018-03-09,0.0062847194471161065,0.0028601479779384294,0.003424571469177678,0.07169914179952643
2018-03-12,0.0027934040281678858,-0.0003403059905701458,0.00313371001873803,0.07940307753196758
2018-03-13,0.004456987505727412,0.001918550223450697,0.002538437282276717,-0.004957230210961751
2018-03-14,0.003467993270038378,0.0018427637315010653,0.0016252295385373108,0.09241477581909831
2018-03-15,-0.00026559106108798095,0.0006628339755959719,-0.0009284250366839511,-0.08040896743030673
2018-03-16,0.004128974518328773,0.0022900125217204382,0.0018389619966083343,0.03066974539571481
2018-03-19,-0.004842725095829629,-0.002657083036176987,-0.002185642059652642,-0.014902814733683158
2018-03-20,0.0017198393081180848,0.0011384554105439947,0.0005813838975740901,-0.06163754884044238
2018-03-21,-0.0008197888620482959,0.00024151740385395214,-0.0010613062659022478,0.0727628904828252
2018-03-22,-0.002964516578098418,-0.0017729504291047072,-0.001191566148993713,-0.05983852710715157
2018-03-23,0.0031705684491643805,0.0008298060633166807,0.002340762385847699,-0.08224011833599186
2018-03-26,-0.00257669485138798,-0.0010332535193388918,-0.0015434413320490892,0.04496395728920708
2018-03-27,-0.003926136182337215,-0.0006375161526478504,-0.003288620029689361,-0.06802906269230735
2018-03-28,0.0026818489594187082,0.0018893935646615446,0.0007924553947571637,0.06711963791287638
2018-03-29,-0.004327423898492985,-0.0020388942070271856,-0.002288529691465801,-0.026460688435060505
2018-03-30,0.0035846632477800782,0.0013193325428116453,0.0022653307049684324,-0.0613656685519743
2018-04-02,-0.0012254614729130917,-0.00014293705839736777,-0.001082524414515724,0.019650547847388525
2018-04-03,-0.0031580054499531166,-0.002507598674500726,-0.0006504067754523909,0.008298366803665365
2018-04-04,0.0009444336623810235,-0.00022596226939288616,0.0011703959317739092,-0.0785913083619196
2018-04-05,0.0004088041244020715,-0.0010353752380843906,0.0014441793624864613,-0.07446930569007428
2018-04-06,-0.004375275634346407,-0.0007533285907794507,-0.003621947043566956,-0.1429159954688302
2018-04-09,-0.0041488974482686986,-0.0006571614390623905,-0.003491736009206308,0.02680658754585107
2018-04-10,-0.009177307639391005,-0.003281074347455797,-0.005896233291935208,0.09683530464195728
2018-04-11,0.0018726973595580608,0.000266877179817401,0.0016058201797406598,-0.12223042454985181
2018-04-12,0.0064262414242527155,0.002349202939868386,0.004077038484384322,0.029578010161120518
2018-04-13,-0.00705415363294485,-0.0025864362285058186,-0.004467717404439034,0.16144236852929192
2018-04-16,0.001598160898854589,-0.0005475494955695206,0.0021457103944241096,-0.1734348370107516
2018-04-17,0.009784914360872542,0.004409515784914879,0.005375398575957667,0.009034281308425499
2018-04-18,-0.01083399165152982,-0.00431179438962007,-0.006522197261909752,0.20727441762236073
2018-04-19,0.00046131700808164607,-0.0005382992503690023,0.000999616258450649,0.05641749695197718
2018-04-20,0.011625876733929503,0.0029326981795690463,0.008693178554360456,0.16155593828606282
2018-04-23,0.0031993011432236386,0.0020924719877442564,0.0011068291554793865,0.10936178093509187
2018-04-24,0.008805441860023792,0.002932893345330279,0.0058725485146935135,-0.03179620808501259
2018-04-25,0.0048118445966674975,0.002357980243811994,0.002453864352855502,0.10780300977889286
2018-04-26,-0.0015084748399923067,-0.0011163865979925197,-0.0003920882419997853,0.04438089990618459
2018-04-27,0.005970056425071965,0.0019617721840822135,0.00400828424098975,0.03675756751733836
2018-04-30,0.002412209608878376,0.0009850555195719882,0.0014271540893063886,0.02815385992594255
2018-05-01,0.0018958395938442321,0.0016354939740155826,0.0002603456198286498,0.02896474872994964
2018-05-02,0.0015480713734341404,0.0007366960724525043,0.000811375300981635,0.03756903995350046
2018-05-03,0.0013522481120811897,0.0013808913803695835,-2.8643268288395043e-05,0.12889075284817608
2018-05-04,0.0016410059855093647,0.0007927711341326627,0.0008482348513767019,0.09574778377495598
2018-05-07,0.005475514780470603,0.0025940882223661373,0.0028814265581044666,-0.09714200095166049
2018-05-08,0.004908239743015033,0.0020583992396182027,0.002849840503396827,0.02658328800724828
2018-05-09,-0.005405036060697553,-0.0007671739546475773,-0.0046378621060499765,-0.0727365816964921
2018-05-10,0.0011763236384223776,-0.0006692806374459983,0.0018456042758683766,-0.07495289144422959
2018-05-11,-0.0031684959058070608,-0.00045925899186522075,-0.002709236913941839,0.16335382169917992
2018-05-14,-0.003068862267345255,-0.0010521328273145492,-0.0020167294400307055,0.010058325524719523
2018-05-15,0.007172089705648137,0.0029237944270773036,0.004248295278570833,-0.13623292929430628
2018-05-16,0.00045975611767516396,-0.00019274868280490243,0.0006525048004800658,-0.044622439938085054
2018-05-17,-0.007417763500630595,-0.003213722492358977,-0.00420404100827162,0.07868650282245822
2018-05-18,-0.002356243729362684,-0.001381472738666629,-0.0009747709906960545,0.05211297466508328
2018-05-21,0.0042574434878615754,0.0012761290359628776,0.0029813144518987013,-0.03238418652971484
2018-05-22,0.0026455023662440395,0.0007389836674888742,0.0019065186987551653,0.2030715532347623
2018-05-23,-0.0019091863621152013,7.199838764819239e-05,-0.001981184749763394,0.025064731451986545
2018-05-24,0.013727940808419692,0.006694857063094609,0.007033083745325082,0.0024773471519206544
2018-05-25,0.001322841773353944,-0.00041992077163298044,0.001742762544986922,0.011757493487664878
2018-05-28,0.000138894640197402,0.000891714750551189,-0.0007528201103537864,-0.05401919575306715
2018-05-29,0.000580412907198381,8.857467840100736e-05,0.0004918382287973735,-0.023125019730196553
2018-05-30,-0.0028238999916698963,-0.00204531239349152,-0.000778587598178376,0.025801170727849577
2018-05-31,-0.0012008551727954158,0.00028586630542133294,-0.0014867214782167488,0.008516697434107741
2018-06-01,0.001474192203406346,0.00013526194988653165,0.0013389302535198148,0.11504432537315497
2018-06-04,0.00045822402297730715,2.4885975952708937e-05,0.00043333804702459875,0.07464770823064469
2018-06-05,0.005862157874998584,0.0018770050293424462,0.003985152845656139,-0.029879969692879454
2018-06-06,0.0038136624937039594,0.0029013501881406467,0.0009123123055633129,0.11383331062899205
2018-06-07,-0.0016135535589081374,-0.0011502600366141355,-0.0004632935222940032,0.05088724724116108
2018-06-08,0.006228468715436292,0.001497624092559849,0.004730844622876443,0.014724846840918755
2018-06-11,0.0025309674277829777,0.0005693038949646121,0.0019616635328183673,-0.09022575417612154
2018-06-12,0.0007183703171295081,0.0008609198641953923,-0.00014254954706588267,0.11437742274583762
2018-06-13,-0.004714113458197834,-0.0008221798713708684,-0.0038919335868269635,0.096735946467765
2018-06-14,0.005815642956687636,0.0018360730363131215,0.003979569920374514,0.06811125945587976
2018-06-15,0.0060314922187492456,0.0029800788618631244,0.0030514133568861216,0.03138106755074879
2018-06-18,0.003997310201606414,0.001201283239266028,0.0027960269623403863,0.039935471977623795
2018-06-19,0.002082873174503807,0.0015774586327405027,0.000505414541763307,-0.05225568502950225
2018-06-20,0.0025460410978356074,0.0005276050670487194,0.0020184360307868906,0.04953266802108381
2018-06-21,-0.0039929614256653395,-0.0024704272652658864,-0.0015225341603994531,0.018459095668760882
2018-06-22,0.0025515929965568866,0.0007009579796733376,0.001850635016883543,0.07096587357073031
2018-06-25,0.0008910559297782335,5.758911634631131e-05,0.0008334668134319205,0.0054776906855968695
2018-06-26,0.003263892028026967,0.0007190241914956756,0.002544867836531295,-0.004921197426967651
2018-06-27,0.0002487569226054963,-7.989532957363224e-05,0.00032865225217913047,-0.023971740713346963
2018-06-28,-0.0002167923776111426,0.001118812929697662,-0.0013356053073088044,-0.07777407961657495
2018-06-29,-0.0012804090393582197,-0.00027435418092753075,-0.0010060548584306893,-0.08943141340578295
2018-07-02,-0.003468160327505353,-0.0013718408779842747,-0.0020963194495210793,0.05503548133425596
2018-07-03,-0.005526991359955866,-0.001276958558164159,-0.004250032801791707,0.03189975461017605
2018-07-04,0.00318035769702869,0.0012506376222139086,0.0019297200748147813,0.0103153062687816
2018-07-05,0.0018488543537859095,0.002421033206759503,-0.0005721788529735945,0.0051289235712156985
2018-07-06,0.0006416472823654582,0.0016583679224978082,-0.0010167206401323521,0.0682485142293092
2018-07-09,0.00028227608101338625,0.001079236077752871,-0.0007969599967394825,0.02870555970646504
2018-07-10,0.005565684334351735,0.001406121642249221,0.004159562692102514,0.10311616438644823
2018-07-11,0.002169301973741122,0.0015613903643438174,0.0006079116093973049,-0.04600774345900619
2018-07-12,0.007434360833692464,0.002993400633138279,0.004440960200554185,-0.05408436502052633
2018-07-13,-0.00257062498089542,0.0001789800082582652,-0.0027496049891536844,-0.046044010496179975
2018-07-16,-0.0035058433969767417,-0.0006206135222091673,-0.0028852298747675774,-0.08125182536525583
2018-07-17,-0.0033521062665695803,-0.0022753879227467785,-0.0010767183438228044,-0.08833992406916241
2018-07-18,-0.005962084824619861,-0.0014059210262529036,-0.004556163798366954,-0.002790495106371676
2018-07-19,-0.0072726038348609025,-0.003566917742420699,-0.0037056860924402045,0.02881680902900874
2018-07-20,-0.00029991296283375223,-0.000826180291414777,0.0005262673285810274,-0.01568408352589656
2018-07-23,0.002027490878413582,-2.770054166101321e-06,0.002030260932579686,0.1633568764163055
2018-07-24,-0.0011159953159947586,0.0005681942516340237,-0.0016841895676287834,0.20839529077878235
2018-07-25,0.014236334200318598,0.006118349357693401,0.008117984842625197,0.041496220168834905
2018-07-26,0.017153906480456536,0.0061554569075963385,0.0109984495728602,0.19468390065829755
2018-07-27,0.002646125168890761,0.00065163217572985,0.0019944929931609116,0.05333357571180162
2018-07-30,0.012359516278443342,0.005316265877869986,0.00704325040057336,-0.05521776170876309
2018-07-31,0.003424873527843169,0.0011731818484886584,0.0022516916793545103,-0.04342641913660099
2018-08-01,-0.0036682035211298807,-0.0006040458385541692,-0.0030641576825757113,-0.01199480106334756
2018-08-02,-0.002611290887947355,-0.0010166719314315658,-0.0015946189565157875,-0.04011244838421765
2018-08-03,-0.0008520249729295031,0.00011371648859558655,-0.000965741461525089,0.10225373933625449
2018-08-06,-0.003169877598895914,-0.0027096998298512852,-0.00046017776904462744,0.03170278421068945
2018-08-07,0.007291920200071057,0.001789633850297099,0.005502286349773958,0.128352737671684
2018-08-08,0.00231682543285871,0.0009368585250732527,0.001379966907785456,0.06627180290879425
2018-08-09,0.009121920692818251,0.0023032834673728693,0.0068186372254453835,-0.02125414921178965
2018-08-10,0.0038182879773117125,0.0019922229524763496,0.0018260650248353612,0.025742371320620974
2018-08-13,-0.0012495159859124783,-0.00039989384386652366,-0.0008496221420459457,0.014917133605834666
2018-08-14,0.0018111392284251304,0.0017693640411884544,4.1775187236676656e-05,-0.05120621632667302
2018-08-15,0.0010052450286191785,2.9039852576856137e-05,0.0009762051760423222,-0.08049803590038228
2018-08-16,-0.003436867116160272,-0.0013274878507775999,-0.002109379265382672,0.14375933708505234
2018-08-17,-0.007201981545750576,-0.0022647989843967587,-0.004937182561353818,0.04051309415940818
2018-08-20,0.010691582982346917,0.005734375718974717,0.004957207263372198,0.020652604391749214
2018-08-21,0.003016159542464954,0.0013067636762667451,0.0017093958661982083,0.04347396041805847
2018-08-22,0.0015511703851861683,0.0006677706792547686,0.0008833997059314001,0.03491332288363843
2018-08-23,0.003096577559514305,-0.0011497501087883535,0.004246327668302658,0.015206803155863917
2018-08-24,0.002285874784987956,0.001786208780850655,0.0004996660041373018,-0.004091035488884863
2018-08-27,0.0009634203245339015,0.0005458056424297621,0.0004176146821041442,0.012233935947777833
2018-08-28,-0.00026224019572358725,0.0011184902600683937,-0.0013807304557919807,0.0639707446164632
2018-08-29,0.0008594732412405611,0.0003868435089567591,0.0004726297322838026,0.08078537278938445
2018-08-30,0.004033456771869876,0.0017595574431477096,0.0022738993287221678,0.11181333819686441
2018-08-31,0.005918244252196689,0.0027576894135975406,0.0031605548385991496,-0.05444664500883834
2018-09-03,0.008834979192295273,0.00421731325386767,0.004617665938427606,0.1074397891583585
2018-09-04,-0.0035962794161382497,-0.002408993391598467,-0.0011872860245397826,0.012714050442512236
2018-09-05,0.0073241055355460485,0.0031317051867701534,0.004192400348775896,0.11891942078304055
2018-09-06,0.001051904873580244,-0.00016103224191189001,0.0012129371154921357,0.07078359757800344
2018-09-07,0.01125841473635875,0.004945144246421548,0.006313270489937205,0.056477060775831055
2018-09-10,0.005600017266818632,0.0012504266914349482,0.004349590575383682,0.04781250419162278
2018-09-11,0.004487951789515734,0.002391274431312193,0.0020966773582035414,0.07052932027636277
2018-09-12,0.0035230081286389643,0.001081233554840971,0.0024417745737979925,0.12304406795382403
2018-09-13,0.004839309629943122,0.001378954872203277,0.003460354757739845,-0.10857193753748552
2018-09-14,0.0075510903478181075,0.0021039447055364417,0.005447145642281669,-0.030143090074863616
2018-09-17,-0.005441822275109099,-0.0027460629538358303,-0.002695759321273271,-0.07633399982461095
2018-09-18,-0.0018888958649559587,-0.00019378388533510937,-0.0016951119796208489,-0.14869439094991022
2018-09-19,-0.004140188690726502,-0.001705566996544488,-0.0024346216941820145,0.0618315273779264
2018-09-20,-0.007380011669554884,-0.003111806811539799,-0.004268204858015087,-0.021964692004075973
2018-09-21,0.0037132161518285385,0.0011656409810456483,0.0025475751707828894,0.05688203420642815
2018-09-24,-0.0016163680462229937,-0.0012942882395059196,-0.00032207980671707104,0.0002544785210730509
2018-09-25,0.00475476599294907,0.00183130501043436,0.0029234609825147103,0.04666979943096938
2018-09-26,3.867508085284954e-06,-0.0007404709366251108,0.0007443384447103907,0.16166426852069982
2018-09-27,0.002808551143996899,0.0019403924236256684,0.0008681587203712296,0.13547443807124124
2018-09-28,0.0106687617219722,0.004814448920725637,0.0058543128012465626,-0.14651208986343872
2018-10-01,0.009066570637229477,0.002988197880530962,0.006078372756698513,-0.022687299785345144
2018-10-02,-0.007750145547738258,-0.003975931246289144,-0.0037742143014491206,-0.0686963336123896
2018-10-03,-0.0011442381560834588,-0.0014718835809457715,0.00032764542486231276,0.06556449666828891
2018-10-04,-0.0035111347367466498,-0.0016119463140504922,-0.001899188422696158,0.01992541418981964
2018-10-05,0.004018273517662343,0.0016636014284730919,0.00235467208918925,0.059007964842233335
2018-10-08,0.0011321771770153419,9.447195393637873e-05,0.0010377052230789632,0.10701652613661146
2018-10-09,0.0039968495575381175,0.0028021270238293775,0.0011947225337087392,0.12905315518526717
2018-10-10,0.006399817705478996,0.001962656961385093,0.0044371607440939,0.10643573644486497
2018-10-11,0.007585299030724598,0.004119348262308713,0.0034659507684158854,-0.043782078608867625
2018-10-12,0.006798444218553759,0.001961299379271888,0.004837144839281868,-0.09473374711398748
2018-10-15,-0.002656610347164106,-0.0004076122847528965,-0.0022489980624112137,-0.010060903582969035
2018-10-16,-0.004353002889369366,-0.002758829833119786,-0.0015941730562495857,0.059542569465183444
2018-10-17,-0.0005091146439496709,7.772857973547924e-05,-0.0005868432236851504,0.14535108354358298
2018-10-18,0.0032373635490636357,0.0012022332018086458,0.00203513034725499,0.006856481484630067
2018-10-19,0.008195306352786614,0.0038731436653913244,0.004322162687395291,0.07905675710720751
2018-10-22,0.00039023034288178187,0.000860952247517399,-0.0004707219046356172,-0.04160058468480441
2018-10-23,0.004048752141741386,0.001250349775612609,0.0027984023661287763,0.11711328962139816
2018-10-24,-0.0019904106747842642,-0.0009717949632990844,-0.0010186157114851786,0.028504679980515285
2018-10-25,0.005745721589856966,0.0021880206649045157,0.003557700924952452,0.01696074783331135
2018-10-26,0.00139949346728006,0.00012096191630612749,0.0012785315509739326,0.034237979491647766
2018-10-29,0.0009334369325608605,0.001881617670476697,-0.0009481807379158364,0.031155678425589205
2018-10-30,0.0018961754709316053,0.0014546603966666995,0.00044151507426490495,-0.016381194363780657
2018-10-31,0.0017596203064500877,0.0001734513411412213,0.001586168965308866,0.04156773895572964
2018-11-01,-0.0008628770541195085,-0.0004972990252660589,-0.00036557802885344923,0.07100647946342908
2018-11-02,0.002244086808638338,0.00042035023508327045,0.0018237365735550657,0.1382429106021525
2018-11-05,0.0035987020561834707,0.0015150168269575486,0.0020836852292259143,0.052857875526612204
2018-11-06,0.007374144331816906,0.002749374978545778,0.004624769353271128,0.0534543929953358
2018-11-07,0.0027524882201704222,0.0014695547738605153,0.0012829334463099074,0.0320491193836804
2018-11-08,0.002738230713186397,0.0016355057456795058,0.0011027249675068917,-0.03261909767249512
2018-11-09,0.001623716093946213,0.0011085295625443215,0.0005151865314018929,-0.05156926994250106
2018-11-12,-0.0019184771532122476,-0.0018829670063038942,-3.551014690834908e-05,-0.04072134447368809
2018-11-13,-0.0028422027149807537,-0.0018788079721076246,-0.0009633947428731296,0.013491256073034637
2018-11-14,-0.001959268161099567,-0.0019074056844659015,-5.186247663366717e-05,0.052909021588334805
2018-11-15,0.0006455951153205136,-0.000920008819585573,0.0015656039349060866,-0.002618479688353608
2018-11-16,0.0027475370528362267,0.0014245202974792937,0.0013230167553569335,0.028982110153180793
2018-11-19,-0.0001483125415992282,0.0009686598070314748,-0.0011169723486307032,0.005367193088529232
2018-11-20,0.0013706993017697131,0.00043954106901294716,0.0009311582327567658,-0.06891266209262861
2018-11-21,0.0002533086370544481,2.8995691441263596e-06,0.00025040906791032195,0.016252715279723245
2018-11-22,-0.003323941134155496,-0.0010363224713085956,-0.0022876186628469006,-0.038991473094007585
2018-11-23,0.0006891721878501771,0.00012838779090845309,0.0005607843969417233,-0.05225613049672314
2018-11-26,-0.002410203349620513,-0.0032077782379420564,0.0007975748883215367,0.002203836773561377
2018-11-27,-0.002238912544591451,-0.00017097584957644248,-0.0020679366950150085,-0.021069756819301746
2018-11-28,8.755279817780929e-05,-0.0003800441873286417,0.00046759698550645143,-0.049106694198333356
2018-11-29,-0.0009479373829077932,-0.0007875262544771488,-0.00016041112843064422,-0.09141148452245022
2018-11-30,-0.0021890493029544994,-0.0016476861129300876,-0.0005413631900244118,0.06339554981025226
2018-12-03,-0.004334042963607606,-0.0018186711529136687,-0.002515371810693937,-0.05573856500453033
2018-12-04,0.002633934100339336,-0.0005973298775606801,0.003231263977900015,-0.08871800973774276
2018-12-05,-0.0025614196635411588,-0.0005159803090980433,-0.002045439354443116,0.01948514163490287
2018-12-06,-0.003987458375550711,-0.0010080673705849122,-0.0029793910049657982,0.04055736606834203
2018-12-07,0.0010394216422647347,0.0015752875491669635,-0.0005358659069022269,-0.1615570886906514
2018-12-10,0.002122311532416056,0.0008248757559816827,0.001297435776434373,0.10093724765606549
2018-12-11,-0.010810868831161467,-0.0037453028473949483,-0.007065565983766519,0.06459748325111149
2018-12-12,0.006154326298345759,0.0013937139185849954,0.004760612379760764,0.01325561167690668
2018-12-13,0.003401140876111333,0.0010776317544930738,0.0023235091216182602,0.033822812247317424
2018-12-14,0.0006676642966990526,0.0005883354260787215,7.932887062032934e-05,-0.05032827924041032
2018-12-17,0.0017507962745568252,0.0010705622120356188,0.0006802340625212087,-0.011188829532744058
2018-12-18,-0.0024137945504249143,-0.0007333878291584635,-0.0016804067212664508,-0.09327992144717982
2018-12-19,-0.0005731848878755717,-0.0002624313971101829,-0.0003107534907653888,0.042345275918843885
2018-12-20,-0.004337990391127442,-0.0017577825986703531,-0.002580207792457088,0.0049837140319985195
2018-12-21,0.002011153639014721,-0.00022211072248647708,0.0022332643615011988,0.06408657025241175
2018-12-24,0.00025444427594861025,-0.000942053509381098,0.0011964977853297087,-0.012205008124573376
2018-12-25,0.0032932523169429267,0.0010759787921056723,0.0022172735248372545,-0.05977119803993586
2018-12-26,-0.0006739575055586019,-0.0003805935729752647,-0.000293363932583337,0.007567155421443904
2018-12-27,-0.003057604949211849,-0.0008779408006665207,-0.0021796641485453284,-0.08767842060298985
2018-12-28,0.00044985084048318664,0.0002868366659206827,0.00016301417456250416,0.06543275613815075
2018-12-31,-0.00547153148424325,-0.001731715887855853,-0.0037398155963873983,0.17090738330994248
2019-01-01,0.0033953971572696583,0.0005388126179383876,0.002856584539331273,-0.04840573983827394
2019-01-02,0.01103715762730254,0.005301118783238693,0.005736038844063847,0.11438909036430094
2019-01-03,-0.002612556454186659,-0.0004174180029067579,-0.0021951384512799016,-0.00808361547136771
2019-01-04,0.007249725661960047,0.0028433558598305597,0.004406369802129488,0.07915561389182549
2019-01-07,-0.00044485578871515197,0.00010898181235904567,-0.0005538376010741954,0.024443017948761952
2019-01-08,0.003831542402538331,0.002832288893489324,0.0009992535090490072,0.11727624381195947
2019-01-09,0.0013104738956060376,0.00043993576739742406,0.0008705381282086127,0.013248519132824963
2019-01-10,0.006055811975663013,0.0018684230298641642,0.004187388945798849,-0.019355077156264337
2019-01-11,0.0007457041136230778,-0.0009067677813006676,0.0016524718949237453,0.03519776879267786
2019-01-14,-0.001121028331463592,-0.0009892696880112045,-0.0001317586434523843,0.07303771412892718
2019-01-15,0.0021488579735695528,0.0003049257501484921,0.0018439322234210594,-0.0360932228661048
2019-01-16,0.004102669566408195,0.0012956085571720769,0.0028070610092361175,-0.009164113439686946
2019-01-17,-0.0016596807690346155,-0.0005324708430039854,-0.0011272099260306295,0.031924757728305615
2019-01-18,-0.00046042514081369624,-0.0001294915263954791,-0.0003309336144182171,0.08478872860003339
2019-01-21,0.0015982165912370306,0.0017939126793316516,-0.00019569608809462402,0.028063864796609075
2019-01-22,0.004192326920071458,0.0014221278977487152,0.0027701990223227427,0.07922275815041929
2019-01-23,0.001422212744163106,0.0005993972790604828,0.0008228154651026241,-0.03101820112375577
2019-01-24,0.004154371335632386,0.001514559403397034,0.002639811932235352,0.024168391897425142
2019-01-25,-0.0017403359070687395,-0.00043539232791374796,-0.0013049435791549924,-0.04970391588279845
2019-01-28,0.0013673592458396386,0.00019214036333745684,0.001175218882502182,0.05530696031438807
2019-01-29,-0.0030554809908658162,-0.0024785753854704787,-0.0005769056053953371,-0.00927724226615265
2019-01-30,0.003919791710562276,0.0014121283904500494,0.0025076633201122286,0.08643286605566039
2019-01-31,-0.0005302631461274865,-0.0004524729292229839,-7.779021690450423e-05,0.05733482325693328
2019-02-01,0.004413339656629734,0.00033603098599504187,0.004077308670634695,0.10960965220088119
2019-02-04,0.003501393856019798,0.002560618599153742,0.0009407752568660555,-0.03565543506537145
2019-02-05,0.0054506482529547255,0.001740641145755716,0.0037100071071990088,0.04633834842551077
2019-02-06,-0.001753827193521728,-0.0015846368414585022,-0.00016919035206322715,-0.0012262761155989645
2019-02-07,0.002395626044680655,0.00013140796659351904,0.0022642180780871363,0.03324520671380613
2019-02-08,-6.053822275658738e-05,0.00011565720391972303,-0.00017619542667630939,0.041064059653763446
2019-02-11,0.0022849766757953977,0.0006436593623001738,0.0016413173134952243,0.04152665915694803
2019-02-12,0.0022884734536474357,0.00037589441675927107,0.0019125790368881655,-0.06710261724192826
2019-02-13,0.0020178854426688556,0.0013863517896708366,0.000631533652998019,0.12156823140184507
2019-02-14,-0.003736726691486282,-0.002147655999446529,-0.0015890706920397516,-0.02820972843213409
2019-02-15,0.007904341733517048,0.0018718304939409408,0.006032511239576106,0.10101525113725628
2019-02-18,-0.0014419499216663167,-0.0002317578245388148,-0.0012101920971275028,0.03619970083155932
2019-02-19,0.004655342888112173,0.001078684234341671,0.003576658653770503,0.06742407287938466
2019-02-20,0.0017985261869601851,4.640879785141531e-05,0.0017521173891087698,-0.05481054895699293
2019-02-21,0.003370735301836521,-0.0003056776129388905,0.0036764129147754104,-0.10673421628210021
2019-02-22,-0.004025401603029238,-0.0029926091496691037,-0.0010327924533601318,-0.039066985342154394
2019-02-25,-0.0068325707170508645,-0.0023391349886050673,-0.0044934357284457955,0.046685429685238436
2019-02-26,-0.0027231123257301865,-0.0018106738227138108,-0.0009124385030163766,0.0058063598548666944
2019-02-27,0.002888628793493655,0.0004190967411513216,0.0024695320523423336,-0.04424196721562348
2019-02-28,0.00028096864393265496,0.00018972907154639687,9.123957238625809e-05,0.015702076673179213
2019-03-01,-0.0022920068179456974,-0.0011224720657020807,-0.0011695347522436162,0.04690507582401299
2019-03-04,0.0007895648911619743,4.5615576670483436e-05,0.0007439493144914913,-0.072913988160616
2019-03-05,0.002485766674505018,0.0014932795532331521,0.000992487121271866,0.11721418468560142
2019-03-06,-0.003427007005188647,-0.0021159361619123417,-0.0013110708432763057,-0.07183943712285037
2019-03-07,0.005848786893826353,0.001437466954593086,0.004411319939233266,-0.07136738738522994
2019-03-08,-0.0037395254000653563,-0.0009966385666493778,-0.0027428868334159785,0.035474205575727565
2019-03-11,-0.003337029264612458,-0.0010112112677567327,-0.002325817996855725,-0.036042716821543565
2019-03-12,0.0017081643465012611,0.0002483638251889221,0.0014598005213123403,0.07669251299138616
2019-03-13,-0.0017669436021733188,-0.0006190963331287646,-0.0011478472690445527,-0.021663472694535574
2019-03-14,0.004172817226381395,0.0009490214585180824,0.0032237957678633127,0.044143265104919796
2019-03-15,-0.0010131220122750436,0.0004670721855489432,-0.0014801941978239853,0.015145010741816003
2019-03-18,0.001930668215637613,-0.00039354505071697785,0.0023242132663545897,0.0020488136483913398
2019-03-19,0.0007185375063791847,0.0006968000975305462,2.1737408848638944e-05,0.057811417816505666
2019-03-20,9.475199846309726e-05,0.000512740993342211,-0.000417988994879114,0.117341098972254
2019-03-21,0.00335234801922716,0.0011134101784486088,0.002238937840778551,-0.05538959229904505
2019-03-22,0.008331903213295997,0.0026549062289456006,0.005676996984350398,-0.027383012906967142
2019-03-25,-0.0026261954673640546,-0.0012679908890886218,-0.0013582045782754323,0.04274548518355053
2019-03-26,-0.0013113616705416361,-0.0010874792772058,-0.00022388239333583635,0.05878248536861952
2019-03-27,0.0017917704181662827,0.00029589528373505933,0.0014958751344312233,-0.04941605258233912
2019-03-28,0.002442542012822314,0.0005951735767340716,0.0018473684360882433,-0.011679976800968998
2019-03-29,-0.0022721514238835793,-0.0012117152187010789,-0.0010604362051825002,0.06014566842303951
2019-04-01,-0.0005427536538759123,-0.0006553295684514392,0.0001125759145755266,-0.02997467508479385
2019-04-02,0.002555386059974507,0.0007272039599550281,0.0018281821000194788,-0.0377248719227485
2019-04-03,-0.0011584317628660365,-0.0007121212673177196,-0.00044631049554831603,0.027977265794630085
2019-04-04,-0.0016524443699000024,-0.0013801450084271177,-0.00027229936147288476,-0.12026492141096698
2019-04-05,0.0012078787664692055,0.0005432528381180378,0.0006646259283511675,0.03505310722422348
2019-04-08,-0.0057764403231480655,-0.001410984336910333,-0.004365455986237731,-0.06432961942239054
2019-04-09,0.0015461954731005817,0.0002698466716569937,0.0012763488014435886,0.07989218326547015
2019-04-10,-0.0030991351654552925,-0.0016688146426436256,-0.0014303205228116667,-0.06440574606190046
2019-04-11,0.003390187866211393,0.0006041845040474052,0.0027860033621639885,0.048011135114414266
2019-04-12,-0.0030513346712195606,-0.0013037339389857412,-0.0017476007322338206,-0.04287573211329848
2019-04-15,0.002424038464669851,0.0011306506911656702,0.0012933877735041809,0.029094649204620085
2019-04-16,-0.0020794458979960105,0.0008017441826491328,-0.0028811900806451434,0.05565805433948582
2019-04-17,0.0015618083569013338,0.0004762384708789499,0.0010855698860223828,0.15110290215349967
2019-04-18,0.0029875790259595273,0.0011184976291908916,0.0018690813967686386,-0.021641893775098193
2019-04-19,0.008575183787129844,0.004386259505929347,0.0041889242812005005,0.06510964138442907
2019-04-22,-0.001151164764795177,-0.0005695667665218083,-0.0005815979982733699,-0.003046159026886045
2019-04-23,0.0032398714061562125,0.0023780658066596214,0.0008618055994965915,0.0407252905469285
2019-04-24,-0.00014480558206689254,-0.0007312275794158982,0.0005864219973490056,0.08492802487986943
2019-04-25,0.00227989821524881,0.0007037160437777792,0.0015761821714710307,0.016418515901670337
2019-04-26,0.004748927757077388,0.0016519759923071782,0.003096951764770209,0.058647841175908884
2019-04-29,0.000833397991054585,0.0004995553696221988,0.0003338426214323847,0.08847954516806847
2019-04-30,0.002987228420243194,0.0012812883444149464,0.001705940075828246,-0.07953681139033024
2019-05-01,0.0048955072871792816,0.00148704308776507,0.0034084641994142116,0.025398054890269854
2019-05-02,-0.004983269725547758,-0.0018307705882621116,-0.003152499137285646,-0.038631331124919836
2019-05-03,0.0015144062999757043,0.001210630707311991,0.00030377559266371243,0.09812175948136505
2019-05-06,-0.0026455999998940536,-0.0010612183190429145,-0.0015843816808511404,0.1736520718443193
2019-05-07,0.005674651098305632,0.0023668758157142193,0.0033077752825914127,-0.011992648111509742
2019-05-08,0.010245253585971704,0.006193986559037998,0.004051267026933707,0.04054143326830205
2019-05-09,-0.0006247508734949221,-0.00021897925970794027,-0.0004057716137869788,-0.02125940513814314
2019-05-10,0.002327864854033719,0.0009145475366857931,0.0014133173173479252,0.03764644126428916
2019-05-13,-0.0012515148785511277,-0.001746896612364957,0.0004953817338138298,-0.04754190708688854
2019-05-14,0.002054957602818538,0.0015148718031198468,0.000540085799698691,-0.08445007504675037
2019-05-15,-0.0026087586492392232,-0.001676595413262547,-0.000932163235976675,-0.03337072843647067
2019-05-16,-0.005660913619057203,-0.002984587448049518,-0.002676326171007685,-0.05289333731633581
2019-05-17,-0.0023902449858826387,-0.0021258693398044787,-0.00026437564607816044,-0.12153466677381877
2019-05-20,-0.0036490801397190647,-0.0023260556986561477,-0.0013230244410629166,-0.13708744275795495
2019-05-21,-0.008617224176124412,-0.0034293291562382255,-0.005187895019886188,-0.20773106009207343
2019-05-22,-0.012915734787424197,-0.0038929777582715763,-0.009022757029152631,-0.08717710959365106
2019-05-23,-0.025770422769748433,-0.012780482644739775,-0.012989940125008658,-0.13036150133311034
2019-05-24,-0.006057242174918931,-0.0015425197804398577,-0.004514722394479073,0.004172669751586383
2019-05-27,-0.009247888392541901,-0.003626372441598004,-0.005621515950943897,0.12832564951114014
2019-05-28,0.00035550954482863365,-0.00023905628324980693,0.0005945658280784426,0.2090407947653911
2019-05-29,0.01095840830111808,0.003869626188635629,0.007088782112482452,-0.07017855408693113
2019-05-30,0.014841267204701681,0.005777635524852672,0.009063631679849006,0.09888591652896554
2019-05-31,-0.004520791771614783,-0.002024877167229877,-0.002495914604384905,0.06620618157516608
2019-06-03,0.006769272371161835,0.0025262804546121505,0.004242991916549687,0.08101363558272706
2019-06-04,0.003970980264183148,0.0002913847095824332,0.003679595554600715,0.051586690887578425
2019-06-05,0.004791760307304301,0.002494167105099268,0.002297593202205031,0.13180486872399835
2019-06-06,0.0035585512223985354,0.002094652699958545,0.0014638985224399922,0.07414856520754928
2019-06-07,0.010329504088417155,0.005075229798820056,0.0052542742895970995,-0.033542111141807524
2019-06-10,0.004279419466897925,0.0021742851560181582,0.002105134310879768,-0.0845089930048955
2019-06-11,-0.0023722212267023213,-0.0011598229945351708,-0.00121239823216715,-0.13060076715199206
2019-06-12,-0.006856574026503681,-0.0048816419278119635,-0.0019749320986917167,0.1607846544795738
2019-06-13,-0.0118628402006365,-0.006436900238325959,-0.005425939962310539,0.11669732675792142
2019-06-14,0.016521694388515647,0.006469732151586045,0.010051962236929599,0.08295582021566157
2019-06-17,0.009341049525994804,0.0027373315932297444,0.00660371793276506,-0.04486318922651812
2019-06-18,0.007071626109263287,0.0031625839005566883,0.003909042208706595,0.04075111796940271
2019-06-19,-0.00304858491527818,-0.0025323780367170617,-0.0005162068785611179,0.09476990273284916
2019-06-20,0.002553521983103173,0.0005012054264720792,0.002052316556631094,0.040260505513599845
2019-06-21,0.006908299181935723,0.001447364928616121,0.005460934253319604,-0.07818267952908928
2019-06-24,0.002822134575472264,0.0005922550519952378,0.0022298795234770245,-0.09076224878036766
2019-06-25,-0.005553485175948029,-0.0012970248645450988,-0.00425646031140293,0.022566465116531906
2019-06-26,-0.008788693473060574,-0.005876267894447944,-0.0029124255786126332,-0.011033162327389297
2019-06-27,0.0018104182374291062,0.0006951388988766308,0.0011152793385524815,-0.06703155919702704
2019-06-28,-0.0007527047944835179,-0.0008587049152715808,0.00010600012078806204,-0.07274934100688575
2019-07-01,-0.004504800301042608,-0.0025752642712457002,-0.001929536029796907,-0.0014893661745830318
2019-07-02,-0.0052903898321842386,-0.0030713373753256928,-0.002219052456858545,-0.0013675279139425175
2019-07-03,-0.00012913819761259035,-0.001065416890695503,0.0009362786930829092,0.09427859016766353
2019-07-04,-0.00010161398683821679,-0.0006212674613810263,0.0005196534745428106,-0.030723496076874447
2019-07-05,0.006125954213411984,0.002529390980255678,0.003596563233156304,0.06426804080445919
2019-07-08,-0.0020182030696902454,-0.0017663556377980841,-0.00025184743189216215,0.08080207226891734
2019-07-09,0.004033203019132266,-2.661962609501814e-06,0.00403586498174177,0.1002875009303124
2019-07-10,0.006620906898515464,0.0022826193693505914,0.004338287529164875,0.09312056629345494
2019-07-11,0.006611771610300041,0.000996313778237213,0.005615457832062829,0.04082063344606829
2019-07-12,0.005037232873463398,0.0005794352687243376,0.004457797604739064,0.11149660164505414
2019-07-15,0.0026797035655689674,-0.000136433639802298,0.002816137205371265,0.012961884166755111
2019-07-16,0.0069573099772911986,0.002915594182418877,0.004041715794872322,0.08091175840476805
2019-07-17,0.001052490366777242,0.0009356740278065323,0.00011681633897071136,0.11359586044345678
2019-07-18,0.0056551756503739935,0.002206435409050525,0.0034487402413234686,-0.044849556888439765
2019-07-19,0.00657561798345577,0.0015742119036302711,0.0050014060798254985,-0.0020558649060429144
2019-07-22,-0.002767078353017749,-0.0020706046136397434,-0.0006964737393780028,-0.06538422977849151
2019-07-23,-0.00012870863024055219,-0.00023737981478253074,0.00010867118454197921,0.022080432555614815
2019-07-24,-0.0036648461204568036,-0.0012671734070287058,-0.002397672713428098,0.10324113748481822
2019-07-25,0.0013419443596957236,-0.0001200172803856826,0.0014619616400814057,0.003954810751191392
2019-07-26,0.006949339818962387,0.0023641103884410666,0.004585229430521321,-0.015492484430003629
2019-07-29,0.0002686959117242176,-0.00014877901628409032,0.0004174749280083101,0.03679044682539667
2019-07-30,-0.00105462112171281,-0.0014467220840788716,0.00039210096236606123,0.05580335937576075
2019-07-31,0.001892564709501858,-0.0005265562053459044,0.002419120914847757,0.048134126018011425
2019-08-01,0.0032709909639511018,0.0008133467606137798,0.002457644203337321,0.05669665681333898
2019-08-02,0.002941973849943393,0.0010331013399077988,0.0019088725100355934,-0.03826445270825344
2019-08-05,0.0035691512584813826,0.0009417421823565157,0.0026274090761248675,-0.02017525492992075
2019-08-06,-0.002323771085444821,-0.00043098531751686875,-0.0018927857679279514,-0.016184489134921334
2019-08-07,-0.0012086572125784647,0.0005396957743243258,-0.0017483529869027903,-0.060564866385989104
2019-08-08,-0.0009795396440871536,-4.796802496388232e-05,-0.0009315716191232708,0.06370820000979528
2019-08-09,-0.003995338128484381,-0.0009313966039835725,-0.003063941524500808,0.09088792012560226
2019-08-12,0.004445743368202547,0.001581858872565546,0.0028638844956370008,0.0554103663469366
2019-08-13,0.00647316474638337,0.001967565962698253,0.004505598783685117,0.041725301709306696
2019-08-14,0.004575648286860369,0.00037196299388828763,0.004203685292972079,0.07604407953599253
2019-08-15,0.003130695953330789,0.0002536670180724545,0.002877028935258333,0.01155667404572898
2019-08-16,0.0054503137930803774,0.00038192939791134237,0.005068384395169035,0.03150345565835355
2019-08-19,0.0006720401724385623,0.0003531178140367963,0.00031892235840176586,0.030564553056878305
2019-08-20,0.0017576558203803469,0.00041357384275704685,0.0013440819776233005,-0.05709829136700187
2019-08-21,0.001704242096947951,0.00026765478287375105,0.0014365873140742003,-0.0264277200149085
2019-08-22,-0.0031529590668215313,-0.0014822670045647746,-0.0016706920622567563,-0.002213074272786938
2019-08-23,-0.001472842627171803,-0.0014169282672347088,-5.591435993709283e-05,-0.07401235615478273
2019-08-26,-0.0001272462019002898,0.0003157627092673747,-0.0004430089111676647,0.021481160033884377
2019-08-27,-0.004216509840027633,-0.000838964735937104,-0.0033775451040905288,0.016279812565149397
2019-08-28,0.0012528831736705363,0.0014334876962651725,-0.0001806045225946364,-0.0774404944153745
2019-08-29,0.0012531279489890398,-0.00021860604945250425,0.001471733998441545,0.02824422130670003
2019-08-30,-0.00477991972174673,-0.0028802819614763726,-0.001899637760270358,-0.017113260167755724
2019-09-02,0.0018769332136836599,0.0021396246355716974,-0.0002626914218880373,0.08957687152196142
2019-09-03,-0.0011458326768208904,0.0007312229275546027,-0.0018770556043754948,0.02644379063967145
2019-09-04,0.005542275208161272,0.001571703974508563,0.003970571233652707,-0.04037468864611691
2019-09-05,0.0017553213079376621,0.00020214537714529886,0.0015531759307923641,-0.019813313543750457
2019-09-06,-0.002236539114464121,-0.0014785939046491545,-0.0007579452098149669,0.02084140465294793
2019-09-09,-0.0012981678425662692,2.189705962694216e-06,-0.001300357548528964,-0.04407817231637743
2019-09-10,0.001340194438498186,0.00034699794005366635,0.0009931964984445196,-0.028682332379783213
2019-09-11,-0.002781976163293067,-0.0015793239406931177,-0.0012026522225999491,0.017718438769419958
2019-09-12,-0.001615003769993474,-0.00238234028225617,0.0007673365122626945,-0.04261310541058197
2019-09-13,0.0011307858139644057,5.009043640731743e-05,0.0010806953775570876,0.008093248825044688
2019-09-16,-0.002495578527306342,0.0002558559175166484,-0.00275143444482299,0.02378855152750671
2019-09-17,0.00048815043538182154,-0.0001798710114257157,0.0006680214468075373,0.039724544376998176
2019-09-18,0.0013934194056072484,0.00134199094696067,5.1428458646578246e-05,-0.016051831708110535
2019-09-19,0.0025121782244395562,0.0018607414420718118,0.0006514367823677442,0.018809690207051494
2019-09-20,-0.0008979498626911361,-0.0005179563599403683,-0.0003799935027507676,-0.07189425538793222
2019-09-23,0.0010878125026802358,-8.069515712033062e-05,0.0011685076598005669,-0.021247426546276985
2019-09-24,-0.004239355226132225,-0.001984943092742842,-0.0022544121333893828,0.03435054544346526
2019-09-25,-0.0012590977312017981,-0.0002142504489445195,-0.001044847282257279,0.014199047942741953
2019-09-26,0.002371437580032707,0.0019693954006370605,0.000402042179395647,0.10828749973921534
2019-09-27,0.0007934330525047105,-0.0009594317289859863,0.0017528647814906949,0.03992555233910654
2019-09-30,0.006794220134179461,0.004060516775134646,0.002733703359044814,0.05982027793068023
2019-10-01,0.0024416254955217714,0.0003234864600916024,0.002118139035430169,0.03858211991764965
2019-10-02,0.0031445368949348422,0.00044323760016691093,0.002701299294767931,-0.03481256761183737
2019-10-03,0.0022956136905415273,0.0022733699801729397,2.224371036858722e-05,-0.016074803434570236
2019-10-04,-0.0022226609958806865,-0.001327966001926221,-0.0008946949939544644,0.013912745159786261
2019-10-07,-0.0009531410720149014,-0.0013209990335825645,0.00036785796156766325,-0.019716461104631065
2019-10-08,0.0009771151159769602,0.0008294020436978113,0.00014771307227914952,-0.013048273475477216
2019-10-09,-0.0011075143942177754,-0.0006550787629596658,-0.00045243563125810585,0.06360377980864501
2019-10-10,-0.0008268570369674099,0.0007000258883137732,-0.0015268829252811835,0.04800905429971292
2019-10-11,0.004113036729150248,0.002508058145073889,0.0016049785840763584,-0.05719009300096117
2019-10-14,0.002970425647920284,0.001456061161017222,0.001514364486903062,0.008596423655218047
2019-10-15,-0.003762715315281279,-0.0009172239861754833,-0.0028454913291057968,-0.04261736963690738
2019-10-16,0.00059926802948533,0.0003424577588062548,0.00025681027067907605,-0.0044371447868000015
2019-10-17,-0.0029594464099268174,-0.0006367289848133451,-0.002322717425113474,0.05131505912389479
2019-10-18,-0.0003056134345219225,-0.00030454479807411755,-1.0686364478075527e-06,0.0019007342185502919
2019-10-21,0.0043878568461132635,0.0032252270515612043,0.0011626297945520588,-0.02410410577284104
2019-10-22,0.0001287967826144494,-0.00047466228894401524,0.0006034590715584681,0.07979463212867244
2019-10-23,-0.0021430590874518683,-0.00026019942959693617,-0.0018828596578549317,0.05802094484991484
2019-10-24,0.007456123525489653,0.004503756989112942,0.002952366536376712,0.0476293087405902
2019-10-25,0.00431843927828401,0.00146183618623235,0.002856603092051664,-0.07008131952498203
2019-10-28,0.0035238881396375383,-0.0002216612760149159,0.0037455494156524542,0.11111784949366614
2019-10-29,-0.005043795455681534,-0.0026234360316522987,-0.002420359424029239,0.053790311694694906
2019-10-30,0.008260231863566666,0.0023977214130168917,0.005862510450549773,-0.10740148465580879
2019-10-31,0.003280398942055421,0.0015346085546750496,0.0017457903873803722,-0.06751571859587488
2019-11-01,-0.007343048369105006,-0.0030433930909263152,-0.004299655278178691,-0.0617074666380141
2019-11-04,-0.005436475572281276,-0.0026307655023305662,-0.002805710069950708,0.15650454298846236
2019-11-05,-0.004801715372359052,-0.002937452673226608,-0.0018642626991324453,0.13922343254057915
2019-11-06,0.009743381661656543,0.003844767406740319,0.00589861425491622,-0.12399816679565553
2019-11-07,0.00792076365396711,0.0050698895979246796,0.002850874056042431,-0.07896757764027278
2019-11-08,-0.00884598303573527,-0.0032895954554316553,-0.005556387580303618,-0.018052696466529492
2019-11-11,-0.004971592496688531,-0.0007302988956335629,-0.004241293601054968,0.08419520473580082
2019-11-12,-0.0012521190150407977,-5.19610722990449e-06,-0.0012469229078108934,-0.10614401812915553
2019-11-13,0.0065670868501308014,0.0025035591900835867,0.004063527660047215,0.020332697044691095
2019-11-14,-0.007499351757707099,-0.004375560538169359,-0.003123791219537741,-0.07645880837473422
2019-11-15,0.0014740184525173393,0.00046135616809454626,0.0010126622844227932,0.1263965009671156
2019-11-18,-0.005619873235640609,-0.002854684647894701,-0.002765188587745906,0.059555552925932474
2019-11-19,0.010158042947871471,0.0029741702479631604,0.007183872699908314,-0.09287169192007876
2019-11-20,0.004409313733251591,0.0025129004030660235,0.0018964133301855694,0.021158383589837043
2019-11-21,-0.007171424770866337,-0.0035045208356658513,-0.003666903935200489,0.18408494329576885
2019-11-22,0.0014098874779801505,0.0003424387969973054,0.0010674486809828451,0.00549534260379299
2019-11-25,0.01089457167290317,0.004364587108601067,0.006529984564302104,0.011357734289860035
2019-11-26,0.00032450314381033026,-0.0008502792587054067,0.0011747824025157387,0.023342642064685802
2019-11-27,0.0007280233922373303,0.0007954840254533434,-6.74606332160127e-05,0.022164316602026758
2019-11-28,0.0016215491066465734,0.0007478439571370135,0.0008737051495095599,0.08279393942550504
2019-11-29,0.001374059459084114,0.00027303767700353684,0.0011010217820805763,0.12665600505547334
2019-12-02,0.005109389195515706,0.003126106473452952,0.0019832827220627536,-0.02171497843719377
2019-12-03,0.007998210132149988,0.003172726764074721,0.004825483368075268,0.0273412166798082
2019-12-04,-0.0017088804773306003,-0.0016394306220356742,-6.944985529492567e-05,-0.039041650761436036
2019-12-05,0.0019856623509234813,0.0010328878475393335,0.0009527745033841503,0.14354078513097662
2019-12-06,-0.0023112191190272236,-0.0012862806726158232,-0.0010249384464114004,-0.03932142969232429
2019-12-09,0.009095893827382042,0.0023612644580632697,0.006734629369318773,-0.1336758527195984
2019-12-10,-0.002363560529304467,-0.0018352300335888923,-0.0005283304957155741,-0.10269666779458515
2019-12-11,-0.007462215080735738,-0.0026087260030569276,-0.0048534890776788095,0.02089325068528171
2019-12-12,-0.007015926005010129,-0.0025945714086441163,-0.004421354596366014,-0.14089245645557194
2019-12-13,0.0012658323156489251,7.915185138330019e-05,0.0011866804642656267,-0.19323505679593486
2019-12-16,-0.008818070313341825,-0.0029034701583568415,-0.005914600154984982,-0.22426863759437424
2019-12-17,-0.015473097884771997,-0.004905551620539881,-0.010567546264232112,0.1686718635986356
2019-12-18,-0.017327453043649996,-0.006321660138442701,-0.0110057929052073,0.27545569898411426
2019-12-19,0.014860193220315364,0.004764125834350815,0.010096067385964545,-0.040076172656483965
2019-12-20,0.026420410313120556,0.006903335568892166,0.019517074744228396,-0.25033692292204435
2019-12-23,-0.0024623434633318404,-0.00270330890218547,0.00024096543885362975,0.1216161458365498
2019-12-24,-0.020287062213984963,-0.008268425512524984,-0.012018636701459983,0.03674997585657792
2019-12-25,0.007528921111910835,0.001358089078721425,0.00617083203318941,-0.002578262968989684
2019-12-26,0.0017548118475626388,0.002000653802796473,-0.00024584195523383486,0.1360928493246303
2019-12-27,-0.00014543215282835492,-0.0002846590879510152,0.00013922693512266019,0.07112541228834793
2019-12-30,0.00791923234354932,0.003508180864773131,0.004411051478776188,0.04552469860865548
2019-12-31,0.004001867498501111,0.0029938294918389306,0.0010080380066621812,-0.0951159167828073
2020-01-01,0.0023114309763935283,0.0008544194330897398,0.001457011543303792,0.08511953476239381
2020-01-02,-0.00523021294404972,-0.0023038581380074707,-0.0029263548060422502,0.11832122039390675
2020-01-03,0.004371528578364951,0.0010233087220565887,0.003348219856308364,0.08574030679592184
2020-01-06,0.006003359251319779,0.0015957762157288542,0.004407583035590926,-0.01903059783681892
2020-01-07,0.005254598075441383,0.0012344818182370484,0.004020116257204337,0.025021863497492036
2020-01-08,-0.0010982315337630605,-0.0015077669335377911,0.0004095353997747315,-0.13170506145251623
2020-01-09,0.0012738128662636659,0.000971015001860289,0.00030279786440337575,-0.13707343805514272
2020-01-10,-0.008501371965782267,-0.0033758098235924204,-0.005125562142189843,-0.08931602912633753
2020-01-13,-0.007972245303327977,-0.0042429855908160605,-0.003729259712511916,0.018427010649270246
2020-01-14,-0.0047897418215235195,-0.0019796443122238787,-0.0028100975092996408,0.13912532025340366
2020-01-15,0.0010157686005702452,7.417528948768307e-05,0.0009415933110825635,0.0031939249519724543
2020-01-16,0.007932998740388893,0.0032721352528465655,0.004660863487542325,-0.022202715945570394
2020-01-17,0.0001680270674029094,0.0006913851072521203,-0.0005233580398492099,-0.07907854905530669
2020-01-20,-0.0012274019121059092,-3.6239094683510574e-05,-0.0011911628174223988,0.06514852502116153
2020-01-21,-0.0044629784715188945,-0.0019363208828062466,-0.002526657588712648,0.07376556737430742
2020-01-22,0.0034033186807163295,0.002266927290925567,0.0011363913897907627,0.09626965657112782
2020-01-23,0.0037164248358053232,0.0021572475650024547,0.0015591772708028681,-0.05204406207098711
2020-01-24,0.005026246556800447,0.002646508903413376,0.0023797376533870717,-0.02841647983767417
2020-01-27,-0.0030993215775697337,-0.0017803808988481101,-0.001318940678721623,-0.07935578185777922
2020-01-28,-0.0016624752372232459,-0.0020955554427621193,0.00043308020553887387,0.0045394858845157066
2020-01-29,-0.005069071134752561,-0.002839335555041089,-0.002229735579711472,-0.023003089367862217
2020-01-30,0.00026539945166986626,-0.0008685911025137849,0.0011339905541836513,-0.18307083244044253
2020-01-31,-0.001565669346107744,-0.0004490975130489877,-0.0011165718330587542,0.12997892502590336
2020-02-03,-0.013612847350103388,-0.006610427508855477,-0.007002419841247911,-0.04929066955156033
2020-02-04,0.007353441312463738,0.0024416219680171887,0.004911819344446549,-0.05703037287539949
2020-02-05,-0.0025375349768496903,-0.0014903896599160983,-0.0010471453169335913,0.01229552442556524
2020-02-06,-0.003314878747125358,-0.0027253566983592697,-0.0005895220487660904,0.03425210240329109
2020-02-07,0.0007354876524678961,-0.00040934003299626827,0.001144827685464164,0.04200318529821682
2020-02-10,0.0019479850159383047,0.00026732470444545964,0.001680660311492846,0.018456559490381868
2020-02-11,0.002403041853022136,0.0006050670767444085,0.0017979747762777287,-0.1109890007431424
2020-02-12,0.0011861897619193644,0.00040652026020437763,0.0007796695017149857,0.02231085822708348
2020-02-13,-0.006244880325331867,-0.0027339338676049315,-0.0035109464577269354,-0.05258965618992028
2020-02-14,0.001230310004226266,-2.38555614860646e-05,0.0012541655657123307,-0.013599608505674175
2020-02-17,-0.003440142307249062,-0.0006609104492609191,-0.0027792318579881407,0.02438411040170133
2020-02-18,-0.0008093721797033482,0.00044453054694924745,-0.001253902726652596,0.07847355536324234
2020-02-19,0.001409911879940245,0.0019105095623757925,-0.0005005976824355471,-0.06295663535676707
2020-02-20,0.004693273570362586,0.002549374908558078,0.002143898661804507,-0.059676380389683634
2020-02-21,-0.003529751618129543,-0.002385804581605892,-0.0011439470365236497,0.006488495381134319
2020-02-24,-0.003578843769575963,-0.0011636507763631886,-0.002415192993212775,0.04821625038982722
2020-02-25,0.00034966645886408225,-0.00031846825638808527,0.0006681347152521688,0.00011340121078447709
2020-02-26,0.002668968465401738,0.0007799404063949644,0.0018890280590067726,0.027606916501902293
2020-02-27,8.31859033880415e-06,0.0002599497226838778,-0.0002516311323450737,0.042816071031978854
2020-02-28,0.00140018281891986,-0.0006249165251153621,0.0020250993440352216,0.12443993471989466
2020-03-02,0.0022284159476491663,0.0003354087646286969,0.0018930071830204698,0.03335140459127393
2020-03-03,0.006235782172751859,0.0022783523841065495,0.003957429788645312,0.054134557711487875
2020-03-04,0.0019008778571565162,-0.00037445708801534883,0.002275334945171865,-0.045975211669786124
2020-03-05,0.002986796435277702,0.0007243781446415222,0.002262418290636179,-0.014807078956765477
2020-03-06,-0.0026150399388164946,-0.0027852412792514205,0.00017020134043492507,-0.003740682081238206
2020-03-09,-0.0008496228125203834,-0.001559679424617844,0.0007100566120974601,-0.07009656099674344
2020-03-10,-0.00021800957568499308,6.752201181689857e-05,-0.000285531587501891,-0.054361869208732726
2020-03-11,-0.004315323476583691,-0.003444353197191701,-0.0008709702793919874,-0.03080306887469122
2020-03-12,-0.0031780554139322283,-0.001985485353151735,-0.0011925700607804935,0.07746542977475526
2020-03-13,-0.0018721314853859586,-0.0006734423404945802,-0.0011986891448913795,0.06601112457225147
2020-03-16,0.005188223697882789,0.0017906838193251194,0.00339753987855767,-0.0881453051632972
2020-03-17,0.0039562837196665855,0.001651966084048759,0.0023043176356178263,0.050092469791757056
2020-03-18,-0.005745774449675699,-0.0025151532478239758,-0.003230621201851723,-0.07263456192404223
2020-03-19,0.003140855678111994,0.0011229504982156902,0.002017905179896304,-0.011008688636393999
2020-03-20,-0.004607816397580433,-0.0018494980324613476,-0.0027583183651190856,-0.059877107179289915
2020-03-23,-0.0007001030813795475,-0.00062793941682209,-7.216366455745603e-05,-0.14788939386495115
2020-03-24,-0.003969843361725885,-0.0015384614976049794,-0.002431381864120903,-0.07636822453867334
2020-03-25,-0.010357884007340182,-0.0026794200486948538,-0.007678463958645327,-0.03497137403283889
2020-03-26,-0.006056343506598943,-0.0025310515597917714,-0.0035252919468071707,-0.1421519177044172
2020-03-27,-0.0025436744097501,-0.0023010914678133314,-0.00024258294193676977,0.17829054096780095
2020-03-30,-0.01062028633295595,-0.004064031730796752,-0.0065562546021591984,-0.10386435194129982
2020-03-31,0.015998078711196233,0.006261904664123734,0.009736174047072497,0.032655244950344796
2020-04-01,-0.006626451362137639,-0.003794045434370031,-0.002832405927767608,-0.03742321605498272
2020-04-02,0.001968237909114474,-0.00047339521329095406,0.00244163312240543,0.10211495866754372
2020-04-03,-0.002855478078468549,-0.001292993619755628,-0.0015624844587129212,0.047212083221070594
2020-04-06,0.0074912312703825585,0.002423691766353159,0.005067539504029401,-0.1083606377591503
2020-04-07,0.0034928558604807964,0.0012890130736856933,0.002203842786795104,0.11835971887678552
2020-04-08,-0.008760612003664217,-0.0060760622382982805,-0.0026845497653659386,-0.04874282699231505
2020-04-09,0.009244275169841946,0.004113987902826839,0.005130287267015106,-0.019911228917692578
2020-04-10,-0.0041516588318301455,-0.0010770462394825674,-0.0030746125923475746,-0.061339788223584116
2020-04-13,-0.0014304578738751589,-0.0018513282687721982,0.00042087039489703895,0.1310612546351341
2020-04-14,-0.0046746966743132536,-0.0013161786417182526,-0.003358518032595001,0.1217698547321802
2020-04-15,0.010881549382484918,0.004203641844415119,0.006677907538069802,-0.019644278963251834
2020-04-16,0.008513621441865626,0.004127426901772133,0.0043861945400934955,0.18866782165307833
2020-04-17,-0.001404810491761149,-0.0008980920699124262,-0.0005067184218487224,-0.09453758863663618
2020-04-20,0.013937846888318589,0.005232885010947331,0.008704961877371258,0.052071937231098056
2020-04-21,-0.006544136366077764,-0.0018543484176098389,-0.004689787948467926,-0.023686615333995378
2020-04-22,0.0034401203009608266,0.001151115932698666,0.00228900436826216,-0.020633748335997813
2020-04-23,-0.0018017864123293038,-0.0019906027970803004,0.00018881638475099806,-0.02513298152080641
2020-04-24,-0.0016817706524447688,-0.0020584031327341313,0.0003766324802893604,-0.025684459857667437
2020-04-27,-0.0020805501663232273,-0.0017756436823261092,-0.0003049064839971173,-0.008275265053189025
2020-04-28,-0.0019032941307885402,-0.0025527466583252084,0.0006494525275366692,-0.02115144783006005
2020-04-29,-0.0006124335252087544,0.0005951776765500665,-0.0012076112017588205,-0.01914281103636964
2020-04-30,-0.001719938102851191,-0.002160112374857439,0.0004401742720062489,0.022791935517147435
2020-05-01,-0.0017649932165952037,-0.0030051995075786155,0.001240206290983412,-0.07783498254147353
2020-05-04,0.0017519787372892337,-0.0011257302044610437,0.0028777089417502772,-0.006903039214336949
2020-05-05,-0.006022467094258455,-0.0025722080727085157,-0.0034502590215499396,0.07756355106501675
2020-05-06,-0.0005080334184814537,-0.0008245927997444294,0.00031655938126297703,0.003645923632958631
2020-05-07,0.006169930819574609,0.002640218406179175,0.0035297124133954333,0.034706881954819045
2020-05-08,0.0002582174591333657,-0.000373603023475568,0.0006318204826089328,0.02571363485246236
2020-05-11,0.002176866202869029,-4.3384625157856516e-06,0.0021812046653848192,0.0384060036804831
2020-05-12,0.001553844307090696,0.0003079332241257629,0.0012459110829649324,0.037776598321425166
2020-05-13,0.003011417751716204,0.0021076011072328933,0.0009038166444833122,-0.005555480085417928
2020-05-14,0.002650034316415119,8.60121901048172e-05,0.0025640221263103016,-0.03169790726559291
2020-05-15,-0.00042443197835738595,0.0019540327335140426,-0.0023784647118714267,-0.04769087731907491
2020-05-18,-0.0021452681438467545,-0.0028009762900141604,0.0006557081461674042,-0.021007907987816113
2020-05-19,-0.0031901936294419053,0.00043978056068338955,-0.003629974190125294,0.06991382246913899
2020-05-20,-0.00136283296939309,-0.001281542045643333,-8.12909237497576e-05,-0.043805897814895696
2020-05-21,0.004550784617244794,0.0021932643010720895,0.0023575203161727036,0.08948307749684122
2020-05-22,-0.002717923502536518,-0.0009804831692414862,-0.0017374403332950372,0.0342725003155055
2020-05-25,0.005819363042782008,0.003185342054748103,0.0026340209880339046,-0.06552867041925721
2020-05-26,0.0019224239557464246,0.0009466822279342538,0.0009757417278121704,0.07149048269543305
2020-05-27,-0.004407340076844544,-0.0010894390459215818,-0.003317901030922962,-0.14620236806865547
2020-05-28,0.004856364447045411,0.0017041056240089704,0.0031522588230364426,0.038125013548969855
2020-05-29,-0.010450274816132659,-0.002929888098678446,-0.007520386717454213,0.04100304318527402
2020-06-01,0.0029095618715879647,0.0020136859722723263,0.0008958758993156332,0.018768780713671773
2020-06-02,0.0027449386111290785,0.001459092276216909,0.0012858463349121694,-0.08046847716940167
2020-06-03,0.0011035098898334456,-0.0008751209719292663,0.001978630861762712,-0.0808531073393175
2020-06-04,-0.005172986176169683,-0.0027535627334614055,-0.0024194234427082767,-0.13875441606280903
2020-06-05,-0.0054858512293184435,-0.0024899140374881014,-0.002995937191830343,0.18234409795135167
2020-06-08,-0.00891102825174847,-0.004311717010347327,-0.00459931124140114,0.010054938120825514
2020-06-09,0.011308344245925186,0.005839273730618738,0.005469070515306448,-0.030123380214092266
2020-06-10,0.0006478363790772535,0.0023864959413679213,-0.0017386595622906676,-0.03403762225776731
2020-06-11,-0.0016837953140694892,-0.0016596762265357196,-2.4119087533769692e-05,0.08750499093831691
2020-06-12,-0.0021714447599492917,-0.00023171106035871358,-0.001939733699590579,-0.11651622355259862
2020-06-15,0.006591624077619953,0.003566079652855569,0.003025544424764383,0.07004509206462772
2020-06-16,-0.008296361264226698,-0.0032336308337059683,-0.00506273043052073,-0.010694035500823594
2020-06-17,0.004732570316689785,0.00241721591646213,0.0023153544002276548,0.01736765728777312
2020-06-18,-0.0006494541142154017,-0.0010131821850301037,0.000363728070814702,0.19523747681367562
2020-06-19,0.0010964664408245907,0.0004838880368852913,0.0006125784039392999,-0.04756022160704558
2020-06-22,0.012447792095015574,0.004216290712719221,0.008231501382296355,0.08246809766417493
2020-06-23,-0.003003237730525749,-0.0023451627321589563,-0.0006580749983667923,0.07597162229695797
2020-06-24,0.004801098444078165,0.0015252428183481753,0.0032758556257299915,-0.04062633699675831
2020-06-25,0.004492961582484672,0.0021270903836338897,0.0023658711988507816,-0.08105696278205869
2020-06-26,-0.002426501598029264,-0.0010793109966496742,-0.0013471906013795918,0.1011199073787058
2020-06-29,-0.0047095011030157796,-0.0025497607260594,-0.0021597403769563796,-0.059028804775040224
2020-06-30,0.006258526803519802,0.003941391626577859,0.0023171351769419443,-0.12027342935307761
2020-07-01,-0.003262634023432758,-0.0016293386828858476,-0.0016332953405469102,0.06927262200788399
2020-07-02,-0.008492431740743453,-0.003141247750706462,-0.005351183990036992,0.05413898968145725
2020-07-03,0.004505073382006137,0.0011261835645885116,0.0033788898174176253,0.04566797353306973
2020-07-06,0.0031567300508253313,0.0013951456198329475,0.0017615844309923842,-0.0703484519057166
2020-07-07,0.0028368621807353758,0.00018710876042359265,0.002649753420311783,0.09456136500929105
2020-07-08,-0.004268068929112222,-0.002099876320974591,-0.0021681926081376333,0.04917505960704143
2020-07-09,0.005917906754535792,0.0022412351088205076,0.0036766716457152845,-0.05732247447699783
2020-07-10,0.0026838067869583006,0.0011191348081279512,0.0015646719788303498,-0.04094417776195766
2020-07-13,-0.0035064001505113215,-0.0008605796173584072,-0.002645820533152914,0.12118847609573022
2020-07-14,-0.0022058287636897225,-0.0020514489133190653,-0.0001543798503706572,0.06421774804149258
2020-07-15,0.007510625775647418,0.0036758892327489554,0.0038347365428984623,-0.0302744603197924
2020-07-16,0.0043943596143325,0.0009879683723732092,0.0034063912419592915,0.0004584383225055112
2020-07-17,-0.002153495767017433,-0.001806195344593674,-0.0003473004224237601,0.0910168478780459
2020-07-20,3.5881873661492954e-05,0.0001908012126214699,-0.00015491933895997673,-0.07889199389674338
2020-07-21,0.0062606847931643925,0.003348856494396272,0.0029118282987681213,-0.12156238691559569
2020-07-22,-0.005954077771218112,-0.001316402231884963,-0.00463767553933315,0.07769466975393323
2020-07-23,-0.009226161039689556,-0.0038186402097538743,-0.005407520829935681,-0.13062980062059643
2020-07-24,0.006098898532872446,0.0036113025307342042,0.002487596002138241,-0.00879339852838425
2020-07-27,-0.010692994273364948,-0.0018640980000623622,-0.008828896273302585,-0.10073805063008179
2020-07-28,-0.0006310421457363514,0.00044958718602865775,-0.0010806293317650079,-0.03690112169265326
2020-07-29,-0.006060937550738724,-0.0023016037503073346,-0.0037593338004313914,0.10441441604614916
2020-07-30,-0.0025110337213619326,-0.000877778790493197,-0.001633254930868736,0.08233434990409758
2020-07-31,0.006334734115199985,0.0024753803305648005,0.0038593537846351843,-0.14731817021903462
2020-08-03,0.0058905973662568365,0.0019006876368487958,0.0039899097294080425,0.014996695904869095
2020-08-04,-0.00923858828395376,-0.0037101536192649404,-0.005528434664688818,0.03348195683960129
2020-08-05,0.0009192436346551494,-0.0011224602447773002,0.0020417038794324502,0.012857280002127519
2020-08-06,0.002237876237661608,0.00037266910302179764,0.0018652071346398104,-0.024806519415248165
2020-08-07,0.0007188641034746551,-0.00030316740468886686,0.0010220315081635215,0.02308246879247812
2020-08-10,-0.0016740476020767714,-0.0015939060115500742,-8.014159052669584e-05,0.011568725274000899
2020-08-11,0.0013002296987874844,-0.00021893573448118677,0.0015191654332686712,0.0032701963558254147
2020-08-12,0.0006364781666438283,0.00012721633947871628,0.0005092618271651111,-0.10902777269398785
2020-08-13,0.00019386431952507412,-0.0005043576274131366,0.0006982219469382107,-0.0787513410748072
2020-08-14,-0.006795859533105523,-0.0023568550989633203,-0.004439004434142203,-0.01706226558718611
2020-08-17,-0.005259582980339522,-0.0030611121153164833,-0.0021984708650230386,0.03399403447248946
2020-08-18,-0.0010122008061093104,-0.00011986098252663065,-0.0008923398235826802,0.0761733411039382
2020-08-19,0.002180566243912464,0.0020561323771857874,0.000124433866726675,-0.09647928789529799
2020-08-20,0.005024453895299497,0.0028170411885144724,0.0022074127067850243,-0.08358408224775668
2020-08-21,-0.006385647197482457,-0.004235605544325772,-0.0021500416531566842,-0.024836252613288874
2020-08-24,-0.005641130268719936,-0.0017283707515631554,-0.003912759517156779,-0.05886814014974092
2020-08-25,-0.0016954454238030225,4.070027905272284e-05,-0.001736145702855745,0.06951404496319422
2020-08-26,-0.0036991861777142753,-0.0012033418775231806,-0.002495844300191095,0.10193458967121945
2020-08-27,0.005079574744825162,0.0013134562159031644,0.003766118528921996,-0.012306578684669023
2020-08-28,0.007243101917023918,0.004061410719010694,0.0031816911980132234,0.022139251581613173
2020-08-31,-0.0009528473710631049,-0.0017651293966876218,0.0008122820256245174,-0.07774864471388722
2020-09-01,0.0016273621011255992,0.0010974262859006333,0.0005299358152249661,-0.007924414552537637
2020-09-02,-0.005324589039408283,-0.002552413143317044,-0.0027721758960912394,-0.12270135582536201
2020-09-03,-0.0005538652594703109,-0.0015147123079230565,0.0009608470484527461,0.041494844865053636
2020-09-04,-0.00888776486838318,-0.0037183486259385005,-0.005169416242444675,0.042449673936967657
2020-09-07,0.0028076682506085887,0.0016252367804084136,0.001182431470200175,0.05676421980468459
2020-09-08,0.0027239590946905395,0.0022598291411875227,0.0004641299535030163,0.06593817394145088
2020-09-09,0.004103976338857201,0.002120182703428902,0.0019837936354282987,0.05652655916890497
2020-09-10,0.004206917440400516,0.0011268029762676064,0.0030801144641329084,0.015906970629552156
2020-09-11,0.004126438054749807,0.0007763909457367078,0.003350047109013098,-0.06624474215781004
2020-09-14,0.0010243114287704722,0.0009039431594962243,0.00012036826927424617,0.10256977260385693
2020-09-15,-0.00430791135917069,-0.0026176257427180808,-0.0016902856164526083,-0.14936880401631789
2020-09-16,0.007765961371692374,0.0034399412223213334,0.004326020149371043,-0.10967459286271838
2020-09-17,-0.01001570635571615,-0.0027907435510466545,-0.007224962804669496,0.07164082864128382
2020-09-18,-0.008184210400944962,-0.0029766239560946872,-0.005207586444850271,0.013430749378504407
2020-09-21,0.004599911344908597,0.0023876265652019646,0.002212284779706632,-0.060483919885242286
2020-09-22,0.0009139642897848784,-2.6919454700126758e-05,0.0009408837444850066,0.015731649826016308
2020-09-23,-0.004604013638639324,-0.00331295213014893,-0.001291061508490395,-0.04942986342487275
2020-09-24,0.0011753733756340772,0.0008036122907053682,0.00037176108492870986,0.004023754997007048
2020-09-25,-0.003813590170783169,-0.002469698559949633,-0.0013438916108335364,0.05688653188449213
2020-09-28,0.0002929129813829493,-0.0012688257219269855,0.0015617387033099363,-0.04834778704058793
2020-09-29,0.004368346973710211,0.002307033732296933,0.002061313241413277,-0.012485031969075317
2020-09-30,-0.0037163454133509626,-0.0013205737752046724,-0.00239577163814629,-0.06839796787511941
2020-10-01,-0.0008826729788029985,-0.0006112637392416371,-0.00027140923956136165,-0.036799452093014495
2020-10-02,-0.00538542230793133,-0.0003003718574962199,-0.00508505045043511,-0.06092860961078427
2020-10-05,-0.002372501597425869,-0.0009671321949737879,-0.0014053694024520813,0.014241547701213088
2020-10-06,-0.004226000675807102,-0.0015795358429992485,-0.0026464648328078533,-0.009940433461810805
2020-10-07,0.0010301084639228989,0.0007214222165942306,0.0003086862473286687,-0.07718726088346246
2020-10-08,-0.0007595610511470131,-0.00041888838206098275,-0.00034067266908602983,0.11609046799567156
2020-10-09,-0.00629196445628474,-0.0028559265695583293,-0.003436037886726412,-0.0029937612902522456
2020-10-12,0.0094393879810554,0.0038877862379346935,0.005551601743120707,-0.12749955011036143
2020-10-13,-0.00028457390824440914,-0.0018549675391539705,0.0015703936309095605,0.003208127878596869
2020-10-14,-0.010099614445880704,-0.00525618724629625,-0.0048434271995844505,0.04792127405840919
2020-10-15,0.0003192759876918908,-0.0009564479691430774,0.0012757239568349683,0.07487544346289993
2020-10-16,0.004017233276930121,0.001516226057494876,0.0025010072194352473,-0.052075283899436324
2020-10-19,0.00654586453055259,0.0029474097025562686,0.003598454827996321,-0.02271933491126983
2020-10-20,-0.004161282828142267,-0.0023942900908463256,-0.0017669927372959415,0.03966846134865317
2020-10-21,-0.0016783549082718687,-0.0018960973185036239,0.00021774241023175649,0.08607546068268992
2020-10-22,0.0029518635161180804,0.0013572888563249475,0.0015945746597931323,0.02328381740523175
2020-10-23,0.0063762574335955655,0.002013953199387601,0.004362304234207965,0.01347345134214039
2020-10-26,0.0015460354867398748,0.0012268519879449422,0.00031918349879493137,0.06233335085632547
2020-10-27,0.0009835413228706207,0.0007280505500194294,0.00025549077285119074,0.013636111349923676
2020-10-28,0.004515048756436259,0.0028651498814379704,0.0016498988749982886,0.013078960074135152
2020-10-29,0.0009235668829237532,0.0015550556646727665,-0.000631488781749013,0.017281881713518948
2020-10-30,0.0010141539790482056,0.0004781069903379894,0.0005360469887102162,0.012561326965855263
2020-11-02,0.0011695207024378135,0.0003356675269338902,0.0008338531755039194,0.04182279932043631
2020-11-03,0.0008325162154738013,-0.0012725145766911,0.0021050307921649004,0.0046725103257978205
2020-11-04,0.002885936751220951,0.00026550041513157663,0.0026204363360893745,0.08066129855736344
2020-11-05,0.0003404515905310436,0.0004660111113577725,-0.00012555952082672931,0.010354348934590857
2020-11-06,0.006188580216785333,0.001938273813141201,0.004250306403644134,-0.003459392771658004
2020-11-09,0.0007089768039760736,0.0006149989337814847,9.397787019458856e-05,-0.05750146124254346
2020-11-10,-0.0002472768358315618,0.0006043362529189172,-0.0008516130887504785,-0.049872949170612746
2020-11-11,-0.00434640226955494,-0.0015872664631732232,-0.002759135806381715,-0.03725655303520909
2020-11-12,-0.003927406295296533,-0.002710889563646573,-0.00121651673164996,-0.0221938743973346
2020-11-13,-0.0031532329930885235,-0.0009816919926978005,-0.002171541000390722,0.04231923198391011
2020-11-16,-0.0019293932440416694,-0.00052484066310028,-0.0014045525809413893,-0.05815025953842307
2020-11-17,0.0039759959277902174,-0.0003121768342082315,0.0042881727619984485,0.09490847734616625
2020-11-18,-0.0047165907342603935,-0.002503713596336667,-0.0022128771379237265,0.03222334916124505
2020-11-19,0.007880080790514608,0.003529659365781373,0.004350421424733235,0.017491439602136862
2020-11-20,0.002441742195401664,0.002184461308231484,0.0002572808871701797,0.057057809960300375
2020-11-23,0.0011886472577747652,0.0013713064067191645,-0.00018265914894439843,-0.0760268909693455
2020-11-24,0.0043926149292474025,0.000441473178495631,0.00395114175075177,0.0524544385109811
2020-11-25,-0.005892202026702317,-0.002654933594159017,-0.0032372684325433013,-0.13441984547037258
2020-11-26,0.003634428741663384,0.0022889995173840504,0.0013454292242793325,0.18179896871548817
2020-11-27,-0.010492425320990588,-0.006539514630504608,-0.00395291069048598,-0.11219100660420958
2020-11-30,0.014404134264719277,0.007157585320714308,0.0072465489440049664,-0.1199445293638774
2020-12-01,-0.007801254925965041,-0.003385739810564692,-0.0044155151154003465,-0.10375425682029837
2020-12-02,-0.008899112207256147,-0.0043762279892373655,-0.004522884218018781,-0.10100693948644138
2020-12-03,-0.007652032453261345,-0.0039453686591566905,-0.003706663794104653,0.06288197594118762
2020-12-04,-0.007790741457124813,-0.004873938685692598,-0.0029168027714322163,0.07398073691210126
2020-12-07,0.004907093111208465,0.0023216579210386615,0.002585435190169803,0.07569884090639761
2020-12-08,0.005945014297427777,0.003368362671587702,0.0025766516258400735,-0.048680528344325076
2020-12-09,0.007081432275489961,0.0024031528357116964,0.004678279439778266,0.03656758191923628
2020-12-10,-0.00352961984846006,-0.002617862345033309,-0.0009117575034267508,0.023511119518557465
2020-12-11,0.0024680760188966026,4.420515429835736e-06,0.0024636555034667773,-0.03827973112677168
2020-12-14,0.0014858532928726637,0.0022038265001470235,-0.0007179732072743611,0.08970376287244346
2020-12-15,-0.003033986643538109,-0.0016669790348260455,-0.0013670076087120633,-0.014340556365099467
2020-12-16,0.0068134061130018155,0.003620442372827909,0.0031929637401739066,0.12946368450146073
2020-12-17,-0.0009712313441092961,-0.0009945294742964503,2.3298130187150712e-05,0.06041483514522128
2020-12-18,0.009264765992257114,0.004428923849610716,0.0048358421426464,0.03360400890286262
2020-12-21,0.0037349041937814794,0.0013794160890306332,0.002355488104750846,-0.07845303781219903
2020-12-22,0.002466359453158929,0.0012406552699184706,0.0012257041832404577,0.006620533982683898
2020-12-23,-0.005642680868975385,-0.0021994248139322525,-0.0034432560550431337,-0.015877602549336182
2020-12-24,0.0004043600629563131,-0.0010399330795562971,0.0014442931425126112,-0.03552398053169235
2020-12-25,-0.0010391522368742995,0.0009199160139415576,-0.0019590682508158572,-0.013304407214157335
2020-12-28,-0.0020682855663660886,0.00038566071535918716,-0.0024539462817252757,-0.04058425464371923
2020-12-29,-0.0009582702365645624,-0.001880837795854795,0.0009225675592902313,0.08542115299854104
2020-12-30,-0.0028307436701650104,7.379263624729751e-05,-0.0029045363064123106,-0.10353054590639812
2020-12-31,0.005156082183173852,0.002258318830240088,0.002897763352933764,-0.04015599880001075
2021-01-01,-0.0072814598434579915,-0.0020434353151816704,-0.005238024528276318,-0.07003494893963554
2021-01-04,-0.0034532248155903114,-0.0023747239495899193,-0.001078500866000389,-0.012179846260790623
2021-01-05,-0.004914566448867125,-0.002202368484391006,-0.00271219796447612,-0.0012780794731322709
2021-01-06,-0.0009397636290917357,0.0004806875374449033,-0.0014204511665366366,-0.028819170553131192
2021-01-07,-9.160064995150478e-05,0.0010296301495466356,-0.0011212307994981387,-0.08934460383720572
2021-01-08,-0.0016952005054073948,-0.00046562924909640535,-0.0012295712563109894,0.039832582649946165
2021-01-11,-0.006049928868982958,-0.0019148924906473592,-0.004135036378335595,0.06602191684362145
2021-01-12,0.0031417209408240478,0.001509660108929987,0.00163206083189406,-0.014210749159461031
2021-01-13,0.004770377171287159,0.0029108992440520457,0.0018594779272351125,-0.12226865329572487
2021-01-14,-0.0008137557856539217,-0.0014265371133208062,0.0006127813276668847,0.0414121110850896
2021-01-15,-0.007672811022222441,-0.0020036313809226654,-0.005669179641299775,-0.1296612317525367
2021-01-18,0.002802027120688937,0.001821108196561604,0.0009809189241273327,0.07587394911394839
2021-01-19,-0.009192848139976562,-0.003791255976326761,-0.005401592163649799,0.029065518535914193
2021-01-20,0.005846773937447694,0.002790692777707329,0.0030560811597403646,0.0032248707263297077
2021-01-21,0.0019745622531556093,0.001335475289184528,0.0006390869639710806,0.08359989017058715
2021-01-22,0.0002993060362241688,-0.0005727522126738136,0.0008720582488979823,0.020962329937739804
2021-01-25,0.006049218295198979,0.002055298578674332,0.003993919716524649,-0.055851204294794676
2021-01-26,0.0012752829696451903,-0.000649182884624221,0.0019244658542694124,-0.013848228524055047
2021-01-27,-0.0038403651389277084,-0.0006728899372489758,-0.003167475201678734,-0.012494644146366035
2021-01-28,-0.0008637054677686051,0.0010028285328529019,-0.0018665340006215072,0.0845646562080166
2021-01-29,-0.0007916377125778007,-0.00021976426387081095,-0.0005718734487069894,-0.01868083799514101
2021-02-01,0.005742287868471897,0.00231025144582498,0.003432036422646917,-0.08511313107786714
2021-02-02,-0.0012348070243699285,-0.0004805580143718898,-0.0007542490099980386,0.03316144123253469
2021-02-03,-0.006352717155102262,-0.0027109064253429756,-0.0036418107297592865,0.05060393023358552
2021-02-04,0.0023672228590490927,0.0008792092573312281,0.0014880136017178646,0.06173798145312858
2021-02-05,0.0032873134016290395,0.0013610434234303855,0.0019262699781986553,0.0897903856771595
2021-02-08,0.004165606247962491,0.002613270718476942,0.0015523355294855493,0.05894937786092785
2021-02-09,0.005778481803880595,0.0029370858794672515,0.002841395924413342,0.11475176642098675
2021-02-10,0.004049590559350388,0.002218403377491459,0.0018311871818589287,-0.003935888586867921
2021-02-11,0.008155003803589238,0.003923552258536942,0.004231451545052296,0.05846289353038165
2021-02-12,-0.00024237347181327372,0.0008873983727141401,-0.0011297718445274166,-0.03499213163512194
2021-02-15,0.0035175550153122097,0.0011743807643572958,0.0023431742509549135,-0.08649536396989031
2021-02-16,-0.002074371397920671,-0.00033288240692516224,-0.0017414889909955077,-0.022677057251396914
2021-02-17,-0.005671281332113649,-0.0016458475483595528,-0.004025433783754097,-0.08753384010415277
2021-02-18,-0.001543142667807453,-0.0009863331973663653,-0.0005568094704410881,-0.03701561921875962
2021-02-19,-0.005714322222341179,-0.0024577515885292893,-0.0032565706338118913,-0.1092801740037679
2021-02-22,-0.0023389510707158886,-0.0009115043724269526,-0.001427446698288936,-0.15707349333171913
2021-02-23,-0.006791231072619727,-0.0035735239055153497,-0.0032177071671043783,0.024303924614267607
2021-02-24,-0.01188390624306123,-0.006271161170823504,-0.005612745072237727,0.13004792633938986
2021-02-25,0.0016951945757980296,-0.0009118169461606873,0.0026070115219587204,0.07816464355223164
2021-02-26,0.00886172255365739,0.005487111671907229,0.00337461088175016,-0.020437846079971435
2021-03-01,0.005652333986564886,0.0015435028785031062,0.00410883110806178,-0.02226843670268813
2021-03-02,-0.0015410445892798529,-0.002022228711138994,0.00048118412185914165,0.14681847285948985
2021-03-03,-0.001618003222844027,-0.0007102645542319728,-0.000907738668612055,-0.03535562525206691
2021-03-04,0.010608559837332273,0.004515977374118527,0.006092582463213745,-0.08622053117436912
2021-03-05,-0.002331606153247111,-0.0017565638910447853,-0.0005750422622023257,0.02330622007355039
2021-03-08,-0.005676897332434207,-0.0030834761420509456,-0.0025934211903832598,-0.19883257213565234
2021-03-09,0.0015097609311676623,0.0011012467927972117,0.00040851413837045096,-0.015921896339287776
2021-03-10,-0.0173291217119138,-0.007384800583472033,-0.009944321128441768,-0.043762517548420754
2021-03-11,-0.0012134521163580272,-0.002209156710360264,0.0009957045940022398,0.046753408489903045
2021-03-12,-0.0028583824961983923,-0.00228453710354263,-0.0005738453926557628,-0.05073503610186092
2021-03-15,0.003201102437053785,0.0007794395691945472,0.0024216628678592374,-0.0039720847840065306
2021-03-16,-0.0033768794257889915,-0.0005691401846583182,-0.0028077392411306745,6.919698067213771e-05
2021-03-17,-0.0002503928680005115,0.0007621491187283901,-0.0010125419867289022,-0.09245730513423393
2021-03-18,-6.172198438021909e-07,-0.000579153788616572,0.0005785365687727695,-0.09604171743039819
2021-03-19,-0.0066491497109262745,-0.002501757318621404,-0.004147392392304871,-0.043679664200912904
2021-03-22,-0.007975535707389413,-0.003153548374754387,-0.004821987332635026,0.09384650455108644
2021-03-23,-0.00374121363241228,-0.0011901202785963814,-0.0025510933538158975,-0.08147315418262993
2021-03-24,0.007457790171153694,0.002316105712658289,0.005141684458495405,-0.08093005602703778
2021-03-25,-0.006192930524115814,-0.005025789701690922,-0.001167140822424893,0.0717536435256427
2021-03-26,-0.005836007651404516,-0.0035002255402963103,-0.0023357821111082075,0.12192413516867164
2021-03-29,0.005345358372863914,0.0008292711227701755,0.004516087250093743,0.012885258335616198
2021-03-30,0.009129916416827645,0.002695084974723307,0.006434831442104339,0.047995776698534234
2021-03-31,0.000884882316526745,0.0002032127030442074,0.0006816696134825384,0.11263913196870594
2021-04-01,0.0033200622847296196,0.0002588647910532335,0.0030611974936763852,0.03191836589199614
2021-04-02,0.007436082151150963,0.0026609312728894385,0.004775150878261525,-0.017176271231732314
2021-04-05,0.0023453243504939227,-7.36963042011294e-05,0.0024190206546950534,-0.08772004514030507
2021-04-06,-0.0014372253870492558,-0.00022830655412079022,-0.0012089188329284638,-0.1092932078138698
2021-04-07,-0.005949644209129457,-0.0027174161523545078,-0.0032322280567749512,-0.11097259503374733
2021-04-08,-0.00707713847803668,-0.003392136131815767,-0.0036850023462209128,-0.03740282902600247
2021-04-09,-0.006657336516630276,-0.0019635496824417604,-0.004693786834188514,-0.037699559412543764
2021-04-12,-0.0025030953484640357,-0.0011364976589009722,-0.0013665976895630635,-0.0028462586506603316
2021-04-13,-0.00254818922516121,-6.84511639883989e-05,-0.002479738061172812,0.10787534720105933
2021-04-14,-0.00019752200094690726,-0.000995925928085146,0.0007984039271382391,0.04629544871687091
2021-04-15,0.0062515286726023325,0.0028700388505791437,0.0033814898220231888,-0.002164492265775446
2021-04-16,0.002883037480888024,0.0013973474363122183,0.0014856900445758062,-0.025216997237123825
2021-04-19,-0.00012829592361559346,-0.0010702763175366708,0.0009419803939210783,-0.030655955444580302
2021-04-20,-0.0016347565454890476,-0.000391821256646949,-0.0012429352888420966,0.03538770001007289
2021-04-21,-0.00189385527819865,0.0002938696623420306,-0.0021877249405406786,0.013650863676361273
2021-04-22,0.002422280684541086,0.0007229705569788449,0.0016993101275622376,0.10152653659217865
2021-04-23,0.0009940195148251383,0.0007660358822070001,0.00022798363261813948,0.04099034649435945
2021-04-26,0.005764693347115619,0.002077315721679575,0.0036873776254360445,-0.011085865112834848
2021-04-27,0.002415054181421978,-9.948976054863917e-05,0.002514543941970617,-0.013632813754406411
2021-04-28,-0.0005953805924586217,-0.00038881016979147934,-0.000206570422667144,0.0023104341603391665
2021-04-29,-0.0006715777694591379,0.0003931123063900723,-0.0010646900758492107,0.06066340156086139
2021-04-30,0.000143447881512204,0.0004874314943197457,-0.0003439836128075408,-0.09905732908316305
2021-05-03,0.0038557329044719333,0.002163804897265923,0.0016919280072060089,-0.1029659353943395
2021-05-04,-0.006348244478511613,-0.0020050025999623425,-0.004343241878549273,-0.048011225464060316
2021-05-05,-0.0071241340941373636,-0.0038517609566042117,-0.0032723731375331536,0.04464752235986047
2021-05-06,-0.0034042492915537384,-0.00036075599273146033,-0.0030434932988222772,0.041896647158639846
2021-05-07,0.0030865034027604413,0.00010291351682257394,0.0029835898859378665,-0.015455379013790398
2021-05-10,0.0027455700755401415,0.0017407706394209736,0.0010047994361191675,-0.10596551305078025
2021-05-11,-0.000990908082770109,0.0003506999509366726,-0.0013416080337067884,-0.05409270018910325
2021-05-12,-0.0069470200237132535,-0.001547034289387933,-0.005399985734325333,0.03948593746846567
2021-05-13,-0.003574272533652719,-0.0010799590088909211,-0.0024943135247618015,0.07303058377189252
2021-05-14,0.0024793469434075547,-0.000437303923962587,0.002916650867370141,-0.11651848386993914
2021-05-17,0.004739418304240751,0.0015734882039497595,0.0031659301002909934,0.0856584153193772
2021-05-18,-0.007086558138583626,-0.0023703747601666447,-0.004716183378416982,0.15911516787380456
2021-05-19,0.005666157682982162,0.002989715091173686,0.0026764425918084766,-0.08198458021371909
2021-05-20,0.01083837136961618,0.0033072996492825623,0.0075310717203336194,0.03714166360547494
2021-05-21,-0.005502343680069579,-0.001982591255397164,-0.0035197524246724145,0.10160090334406444
2021-05-24,0.0024739034024109014,0.001497534587767157,0.0009763688146437449,-0.019839886822656784
2021-05-25,0.006923081377772257,0.0034931765713186957,0.003429904806453561,0.06626859808970974
2021-05-26,-0.0013291186301962253,-0.00045040105708325524,-0.0008787175731129705,-0.051137402576166724
2021-05-27,0.004308537212647351,0.0002660661443590964,0.004042471068288252,0.06140880205632817
2021-05-28,-0.0036098298628490038,-0.0004430787650387879,-0.0031667510978102146,0.04539826811029426
2021-05-31,0.0041016716554789865,0.0011184415508718422,0.0029832301046071436,0.04823217564291122
2021-06-01,0.003365083063001762,0.0011470375816667409,0.0022180454813350214,0.014687587144568175
2021-06-02,0.0032398278436250256,0.000990687483884846,0.0022491403597401823,-0.05498207695933408
2021-06-03,0.0011621746783471857,-0.0002025863675045288,0.0013647610458517147,0.05623315196744621
2021-06-04,-0.004435779355795956,-0.0008884494700061654,-0.0035473298857897906,0.08313480564045335
2021-06-07,0.0039661434759974724,0.0017005185436512298,0.0022656249323462427,0.010597451022305323
2021-06-08,0.006863363174960585,0.0035938830093118802,0.0032694801656487048,0.09546340159137014
2021-06-09,0.0007403226580122741,-0.00046005184653422244,0.0012003745045464972,0.06268237843879157
2021-06-10,0.0072591817924178735,0.0017678629504291419,0.005491318841988731,0.01404030021685058
2021-06-11,0.004732307324201728,0.0017148970803463285,0.0030174102438553993,0.030088737724423463
2021-06-14,0.0009363552461559645,0.0005074863064214027,0.0004288689397345625,0.008088753791655955
2021-06-15,0.00200446218835952,0.0007528059854365107,0.0012516562029230103,0.088967379852641
2021-06-16,0.0005361052730269388,0.0007911812783823677,-0.00025507600535542435,-0.05651093752666961
2021-06-17,0.006656757683933226,0.0023111868907038247,0.004345570793229402,0.026530345452279343
2021-06-18,-0.004571978708139946,-0.0021116619362155087,-0.002460316771924431,0.09324723185545597
2021-06-21,0.002464734279295057,-0.0007409713517675179,0.0032057056310625734,-0.028987351148146972
2021-06-22,0.008944773846675708,0.002476294390704209,0.006468479455971496,0.03318612314757417
2021-06-23,-0.0024215568497051544,-0.0016441549297213833,-0.0007774019199837719,-0.06006998216436334
2021-06-24,0.0024114213743214614,0.00032952921818869135,0.0020818921561327683,-0.002971025395296536
2021-06-25,-0.00436003791102261,-0.0016433952231319719,-0.0027166426878906334,0.03015108962790784
2021-06-28,-0.00020284655128814576,0.0013928733488331128,-0.0015957199001212594,-0.02230013784881849
2021-06-29,0.0019937196746335948,0.002143333965195112,-0.00014961429056151512,-0.03164141585605816
2021-06-30,-0.00140785414121069,-0.00126777535874943,-0.0001400787824612608,-0.06339664284618424
2021-07-01,-0.002258025810231442,-0.0027696791589317065,0.0005116533487002639,0.02810704771432372
2021-07-02,-0.003732836953220605,-0.0006060444951887295,-0.003126792458031877,0.0658770070789916
2021-07-05,0.0018809008896062637,0.00140051046188979,0.00048039042771647403,0.0030993231199419693
2021-07-06,0.004328139027534454,0.0015544648800502664,0.0027736741474841866,0.049900018208917214
2021-07-07,0.00019330103532409944,-0.0004802871394895406,0.0006735881748136411,-0.01967461447855782
2021-07-08,0.0030251942278473657,0.000737765972972885,0.0022874282548744802,0.04236646589949767
2021-07-09,-0.0011340658005134854,-0.0007495624968075452,-0.0003845033037059393,0.07361971855770698
2021-07-12,0.0024962034412702246,0.0009247002059720802,0.001571503235298144,0.012045900052984365
2021-07-13,0.004518088207290086,0.0015523429167859006,0.0029657452905041837,0.01688723750684004
2021-07-14,0.0008017934064370735,0.0010774027523104135,-0.00027560934587333996,0.09321659253844751
2021-07-15,0.0010098455732468325,0.0010896099676852705,-7.976439443843977e-05,0.0802860552445359
2021-07-16,0.005502212865424032,0.002177086238730773,0.003325126626693259,0.06141344848295606
2021-07-19,0.004807639854587242,0.002445610272898623,0.0023620295816886186,0.03975072673080218
2021-07-20,0.003964065173523051,0.0015482421981351645,0.0024158229753878865,0.0368861451197227
2021-07-21,0.0024887040259553034,0.0008255116594936655,0.001663192366461638,0.01657250227640721
2021-07-22,0.0022368612750674733,0.0009794687957121878,0.0012573924793552846,0.06643851045137947
2021-07-23,0.0011089484799430235,0.0009351263972813663,0.0001738220826616576,0.03975563073238908
2021-07-26,0.004031276720916405,0.0004821697036493308,0.0035491070172670707,-0.04644278748045334
2021-07-27,0.0024886244524575697,0.0003379665999896286,0.002150657852467941,0.06253276613565319
2021-07-28,-0.0025891997374729333,0.0002989834734774653,-0.0028881832109503977,-0.04391231300761152
2021-07-29,0.0039714123223768575,0.0017116827932134315,0.002259729529163427,-0.03446877442777331
2021-07-30,-0.0024998704899336375,-0.0011521637293230996,-0.001347706760610537,-0.04456108038868057
2021-08-02,-0.0023562406932851714,-0.0009359397302590479,-0.0014203009630261235,0.18736013619551078
2021-08-03,-0.0028271755490836313,-0.0007286487475855301,-0.0020985268014981013,0.03184486443119836
2021-08-04,0.01208277378234331,0.004014431154157109,0.0080683426281862,-0.0795557031131237
2021-08-05,0.0021485370681420144,-0.00016735980474867976,0.0023158968728906933,0.057612559851482836
2021-08-06,-0.005066686998986858,-0.0024071402776006763,-0.0026595467213861813,0.082369826488287
2021-08-09,0.004199648542897246,0.0020955433260981,0.002104105216799145,-0.03949847050924298
2021-08-10,0.005336379837806901,0.0024956826871828184,0.002840697150624083,0.004643136634887807
2021-08-11,-0.0023547701764101525,-8.77356787125673e-05,-0.0022670344976975856,-0.02638511454403804
2021-08-12,0.0002943097674800927,0.0004592561159602465,-0.0001649463484801536,-0.027012733264654993
2021-08-13,-0.0017204638741123012,-0.0009903970159431466,-0.0007300668581691535,0.0014753278502151574
2021-08-16,-0.0019050224905611235,-0.0005893838914459975,-0.0013156385991151247,0.08500637105236951
2021-08-17,9.622093608259094e-05,0.0001766654274421367,-8.044449135954576e-05,0.032404347285946426
2021-08-18,0.006718627984684559,0.001597596706683812,0.0051210312780007455,0.04344976905886077
2021-08-19,0.0019938330898123203,0.00010099567899663799,0.0018928374108156832,0.011034690557390467
2021-08-20,0.0028691877114757503,0.0010813766615967095,0.0017878110498790397,0.049862496773861426
2021-08-23,0.0007934033138077194,-0.0006905301297885358,0.0014839334435962559,-0.08739428688093841
2021-08-24,0.0033831155446689166,-0.00010981672732756059,0.0034929322719964764,-0.025453045182386596
2021-08-25,-0.005317867437655311,-0.001649928129846422,-0.003667939307808888,0.03958720959808817
2021-08-26,-0.0016685027739552004,-0.0010050136787838945,-0.0006634890951713081,0.01997821562956416
2021-08-27,0.0027128456402257086,0.0019059500776857372,0.0008068955625399711,0.060249510273523765
2021-08-30,0.0013076900090138745,0.0019290718535483371,-0.0006213818445344639,0.026547463783503287
2021-08-31,0.00391390920936883,0.0023377857930616357,0.0015761234163071958,0.019203916554974484
2021-09-01,0.0016865462466207118,0.0008656364789747361,0.0008209097676459779,-0.061715818401875656
2021-09-02,0.0014262879680912387,-0.0012806803975914252,0.0027069683656826635,-0.0331717766468679
2021-09-03,-0.00494797685587766,-0.0032629545937604316,-0.001685022262117225,0.019706745903079272
2021-09-06,-0.002245023266299095,-6.546098304150566e-05,-0.002179562283257594,0.07451421679958889
2021-09-07,0.0013240359018136035,0.0025078683719554195,-0.0011838324701418153,-0.05314523788461379
2021-09-08,0.004527606702400417,0.0031236550331132894,0.0014039516692871262,-0.023254908688693995
2021-09-09,-0.0033959873189290495,-0.0015469224954354236,-0.0018490648234936265,0.08342537627877114
2021-09-10,-0.0013292796952431697,-0.00045188905054415265,-0.0008773906446990169,0.04597407205821133
2021-09-13,0.0054973323278683485,0.002523590328603986,0.0029737419992643625,-0.06706162484798994
2021-09-14,0.002521706775126735,0.001586049380125307,0.0009356573950014286,0.009057944378185264
2021-09-15,-0.0042472830604998145,-0.0014761294422340867,-0.0027711536182657244,-0.048179222527352066
2021-09-16,0.0005262249173000415,-0.00013942508884180055,0.0006656500061418425,0.0899264714267911
2021-09-17,-0.003004858623334021,-0.001312692433137327,-0.0016921661901966936,0.007855549393990184
2021-09-20,0.005759271589331621,0.0026934499194905103,0.0030658216698411104,0.06900442147308894
2021-09-21,0.0005342902262254028,-4.34553555325734e-06,0.0005386357617786636,-0.04057066210555985
2021-09-22,0.0046993689621741335,5.175000635890964e-05,0.004647618955815223,0.13200675115264246
2021-09-23,-0.0025464330680354842,-0.0015737506570603459,-0.0009726824109751366,-0.0725866479376706
2021-09-24,0.009240541655163748,0.004898188198251425,0.004342353456912322,-0.03304761938533631
2021-09-27,-0.004637865803878668,-0.0023176698068043747,-0.0023201959970742935,-0.097714764118328
2021-09-28,-0.0019506082082244127,-0.00015593970954492662,-0.0017946684986794859,0.20737586896712265
2021-09-29,-0.005482650583206423,-0.0014846399091609566,-0.003998010674045467,0.03128205579061736
2021-09-30,0.012511128601911904,0.004761305369304558,0.007749823232607348,-0.028330810571874657
2021-10-01,0.0018974205743740409,0.0011315812932962278,0.0007658392810778126,0.017989292829734032
2021-10-04,-0.0016947556592982796,-0.00038830391062048917,-0.001306451748677791,0.06615774270990213
2021-10-05,0.001079311360165057,0.00028597156828261746,0.0007933397918824395,-0.03313866983245645
2021-10-06,0.0036173385687020467,0.0008564063562858252,0.0027609322124162216,0.06353567717743223
2021-10-07,-0.0020836639028915522,-0.001862077865804885,-0.00022158603708666812,0.10383429418043286
2021-10-08,0.004239591258513064,0.0017664582883041777,0.0024731329702088866,-0.07318524968273808
2021-10-11,0.006320929323918983,0.0031286849645106724,0.0031922443594083107,0.017081882128620586
2021-10-12,-0.0043750443354677445,-0.0015056719409360037,-0.0028693723945317413,0.092504255342337
2021-10-13,0.0010476630897799316,0.0003132935926867565,0.0007343694970931743,0.10901252003855709
2021-10-14,0.006397470482020429,0.002730502761942149,0.003666967720078281,0.009642376909675435
2021-10-15,0.007132947694577347,0.0025702912169313884,0.004562656477645958,0.018025295126406632
2021-10-18,0.0005544060454000335,-0.000707625458662979,0.0012620315040630125,0.05336709305301651
2021-10-19,0.00114156571516497,0.00041604176571586726,0.0007255239494491023,0.04244914821435159
2021-10-20,0.003837382276325052,0.0020900134555571666,0.0017473688207678903,-0.07617654135753059
2021-10-21,0.0024468298329034027,0.0009641718130998776,0.0014826580198035238,-0.027078933372842277
2021-10-22,-0.00469636234093042,-0.002059254500866022,-0.002637107840064398,0.012907358620453306
2021-10-25,-0.001704214716381795,-0.0011613359645034967,-0.0005428787518782984,0.09695581379328794
2021-10-26,0.0007204593859061947,-0.0004832845667937947,0.0012037439526999885,-0.02288725652360091
2021-10-27,0.005469401747884559,0.0017516272038674012,0.0037177745440171574,0.09173662605107824
2021-10-28,-0.0011472211540217415,-0.0003112291809741312,-0.000835991973047609,0.0767401696697565
2021-10-29,0.004539945008968644,0.000790135474841394,0.0037498095341272496,-0.07326326136690961
2021-11-01,0.003910520230003659,0.0015360722286716583,0.0023744480013320004,-0.10207733154103064
2021-11-02,-0.003283335315543747,-0.0019327107912090712,-0.0013506245243346746,-0.04246614752959419
2021-11-03,-0.006802975354497741,-0.0022967672067459102,-0.004506208147751833,-0.0024174944957387483
2021-11-04,-0.002428717650448096,-0.0009431196535449916,-0.001485597996903107,0.09175404632267481
2021-11-05,-0.00012752800635143724,0.00020022801453201643,-0.0003277560208834532,0.05342041615612227
2021-11-08,0.004726665812590309,0.0018425215973430567,0.0028841442152472523,-0.06859100499319161
2021-11-09,0.002570089880198343,0.0006684983844359085,0.001901591495762434,-0.019413413223560536
2021-11-10,-0.0035113945056178095,-0.0015424210229451406,-0.001968973482672669,0.031896031743048836
2021-11-11,-0.0009674887698541315,-0.0013528850362044854,0.00038539626635035115,0.035798840301836374
2021-11-12,0.001993868130997822,0.0006906427186385775,0.0013032254123592456,-0.0458516548311941
2021-11-15,0.0018570895675542318,0.0010859805862812946,0.000771108981272934,0.008936235196901482
2021-11-16,-0.002509283293055567,-0.0016101009013345761,-0.0008991823917209943,0.04423408861918424
2021-11-17,0.0004992653454011773,-0.00026182762477796207,0.000761092970179139,-0.041708613202323594
2021-11-18,0.002599353899640781,0.001241038752533499,0.0013583151471072818,0.09038068615136437
2021-11-19,-0.002827273087581624,-0.0014622197289408927,-0.0013650533586407332,0.05279436493016954
2021-11-22,0.0053662804096498,0.0031881780348994105,0.0021781023747503903,-0.048299352730857475
2021-11-23,0.003045237736305319,0.000954736344501203,0.0020905013918041185,-0.010174687383039385
2021-11-24,-0.002879386687104412,-0.0020069113598819906,-0.0008724753272224221,-0.033699578042516165
2021-11-25,-0.0005815902798428636,-0.00014818247630042636,-0.0004334078035424342,0.013180875967481064
2021-11-26,-0.0018927577277142713,0.0016446851168458506,-0.0035374428445601198,0.009008188368474104
2021-11-29,0.000715135299690209,2.1840346632133988e-06,0.0007129512650269959,0.037576458878106116
2021-11-30,0.0005264888782064603,0.0005359755332995523,-9.486655093091274e-06,-0.02491484070523038
2021-12-01,0.0020998914950445106,0.0018745643763322865,0.0002253271187122232,0.01729577616611636
2021-12-02,-0.0014139355109758392,0.0004898315263104422,-0.0019037670372862813,0.05397021450652333
2021-12-03,0.0010641300208948084,-0.00030100514323365066,0.0013651351641284608,-0.04456373350697863
2021-12-06,0.0036212932282087395,0.0012176758328419092,0.0024036173953668307,0.08429666879556122
2021-12-07,-0.003175853603949329,-0.0013408013600704587,-0.0018350522438788687,-0.0749239455619037
2021-12-08,0.005686874219872328,0.0015209665968444594,0.004165907623027869,-0.06782467229433174
2021-12-09,-0.004904145374114278,-0.003599954693857682,-0.0013041906802565978,0.06423738860525775
2021-12-10,-0.005552256547886295,-0.001000441708584614,-0.00455181483930168,0.0499403051684751
2021-12-13,0.003892490316292287,0.000650178292092126,0.0032423120242001564,0.028268684482269678
2021-12-14,0.002883518398218205,0.0008507359951444322,0.002032782403073771,0.0799206678435843
2021-12-15,0.0015736699659640789,-0.00010318864911954082,0.0016768586150836197,0.04497704145266737
2021-12-16,0.004238438229920427,0.0014206927327561555,0.0028177454971642715,0.09737320489425107
2021-12-17,0.002748826277564922,0.002524503342358859,0.00022432293520606265,0.007506898274720646
2021-12-20,0.004668522157759343,0.003731849706309234,0.00093667245145011,0.008448815512474204
2021-12-21,0.00037720686198864967,0.0001309516064586522,0.00024625525552999746,0.14805035596810004
2021-12-22,0.0005285592944659756,0.0002919422423342576,0.00023661705213171708,0.03231783261516336
2021-12-23,0.009484345563263375,0.00363585732048764,0.005848488242775737,-0.013371225605361805
2021-12-24,0.0023438285876866746,0.0019685584045315415,0.000375270183155133,0.022726451803030005
2021-12-27,-0.0008022454844980871,-0.0005883534901183138,-0.00021389199437977374,-0.05426961123197377
2021-12-28,0.0012461112552552055,0.0008898908635501525,0.00035622039170505335,0.04075405630890305
2021-12-29,-0.002932485587583291,-0.0009790866557633179,-0.001953398931819973,-0.036538086615137
2021-12-30,0.0021836222541932195,0.0008648627529459062,0.001318759501247312,0.06987373036272747
2021-12-31,-0.0020045428480794597,7.573332140807672e-05,-0.002080276169487536,0.1841585008982172
2022-01-03,0.0039045880386843934,0.0004529425692020358,0.0034516454694823572,0.003684068458578911
2022-01-04,0.010758167290976832,0.004744719509244993,0.006013447781731836,-0.03635964743374005
2022-01-05,0.00017675597913338354,0.00017201862574875958,4.737353384623964e-06,-0.05819863328957204
2022-01-06,-0.0020206622937725648,-0.0008173549074143149,-0.0012033073863582508,-0.008839020279904382
2022-01-07,-0.0029329513644900844,-0.0006904609714459844,-0.0022424903930440996,0.0007781615592436098
2022-01-10,-0.0005312794549763786,-0.0014119723296581628,0.0008806928746817842,0.038674181991988965
2022-01-11,4.1344475998580845e-05,0.0001419138159885787,-0.00010056933998999797,0.027018888683877217
2022-01-12,0.0022139189411469265,0.0011611478084739522,0.001052771132672976,-0.13658437615840122
2022-01-13,0.0015688205526222113,0.000440702771690794,0.0011281177809314173,0.09068507740386447
2022-01-14,-0.00815052539823775,-0.0047334630958010895,-0.003417062302436661,-0.06038015203794332
2022-01-17,0.005398899700879792,0.0019364364427851945,0.0034624632580945976,-0.012717377362263261
2022-01-18,-0.003563708034365508,-0.0014992096539303973,-0.0020644983804351106,-0.025445330294884366
2022-01-19,-0.0006585709907166277,-0.0011230580811181267,0.0004644870904014992,-0.05359849190463138
2022-01-20,-0.0014219017613494634,-0.0012726465946875053,-0.00014925516666195967,-0.08761173347657925
2022-01-21,-0.0034675447638125214,-0.0013059175275777525,-0.002161627236234767,0.06781409210952863
2022-01-24,-0.005875365953377694,-0.0024842370066295,-0.0033911289467481944,0.12846577216526398
2022-01-25,0.004021005906372922,0.0013883865817159034,0.002632619324657019,-0.1503035556474788
2022-01-26,0.007110977618377144,0.003107694683341016,0.004003282935036127,-0.0001087518063644896
2022-01-27,-0.008722599244688708,-0.00382561009901739,-0.004896989145671317,0.10766638863035055
2022-01-28,2.2535928395888555e-06,0.0007372411784564124,-0.0007349875856168253,-0.1110835323574475
2022-01-31,0.006369652643177234,0.0022253730548134378,0.004144279588363794,0.03155564376999616
2022-02-01,-0.005296717077876758,-0.002966722057843375,-0.0023299950200333817,0.06969406253031442
2022-02-02,0.0017363132488158802,-7.42548404541847e-05,0.0018105680892700655,0.03974344704841447
2022-02-03,0.004182768556595024,0.0007179897295422808,0.0034647788270527422,0.1702948854031551
2022-02-04,0.002375158912459609,0.0016136304505275922,0.0007615284619320178,0.05734109973647194
2022-02-07,0.009047093182627055,0.0037818024467410945,0.005265290735885961,0.08711047391449465
2022-02-08,0.002676194594538569,0.0009707435714624464,0.001705451023076121,-0.0413286407933655
2022-02-09,0.0048434139501481125,0.0019236692921029254,0.002919744658045188,-0.02991683025447985
2022-02-10,-0.001920690728560162,-0.0008583923973070826,-0.0010622983312530802,0.02260053553564927
2022-02-11,-0.0020691387046467527,-0.0003594147590179099,-0.0017097239456288459,0.08285835645624705
2022-02-14,0.0013116500379637692,0.0013867586927830714,-7.510865481930116e-05,0.036187029621090876
2022-02-15,0.004505049456056247,0.0014853707469958313,0.003019678709060416,-0.0010431064311054346
2022-02-16,0.0021320876801911837,-0.0002014888135944276,0.0023335764937856105,-0.030784054815365686
2022-02-17,-5.832659730242831e-05,-0.000630543618303476,0.000572217021001048,0.013087333661215778
2022-02-18,-0.0013758253831356137,-0.00042476100632860545,-0.0009510643768070096,0.015789803585381956
2022-02-21,0.0006515316133910523,0.00045447882269440253,0.00019705279069665016,0.038859361758576676
2022-02-22,0.0006719433764873821,0.0007142576822356365,-4.231430574825416e-05,0.06458008516090122
2022-02-23,0.001979380613823103,0.0012217666691504009,0.0007576139446727028,0.056539643426715164
2022-02-24,0.003236357748170076,0.0008650296117644809,0.002371328136405594,0.1023416536390648
2022-02-25,0.0027058048021592774,0.0005051211827148314,0.0022006836194444464,0.016555676386470406
2022-02-28,0.0047606580240942276,0.0022097374662249404,0.002550920557869287,0.12128514460753907
2022-03-01,0.0008562930568438286,0.0005545692737870716,0.0003017237830567577,0.07225820209278229
2022-03-02,0.005120986478286143,0.0021836989937496533,0.0029372874845364884,0.03258128760438712
2022-03-03,0.0042480067864611275,0.001778646136959534,0.0024693606495015934,-0.04994418026226294
2022-03-04,0.001765372407696265,0.0009203182702326269,0.0008450541374636373,0.03962004276088559
2022-03-07,-0.0024817162599329334,-0.0007116262993008445,-0.0017700899606320868,-0.05673269670297349
2022-03-08,0.0021004342620043323,0.00027101803130932215,0.00182941623069501,0.03655804434563717
2022-03-09,-0.003029582592758003,-0.0009337973089173576,-0.002095785283840645,-0.030858832217024033
2022-03-10,0.002040277520025404,0.0012088876285206323,0.0008313898915047711,0.03781658483996845
2022-03-11,-0.0015944279630136365,-0.0006613071908762409,-0.0009331207721373948,-0.08198201529404006
2022-03-14,0.001991311222332238,0.00040872978028361207,0.0015825814420486264,0.039373410515595904
2022-03-15,-0.0040445020694328485,-0.0020995875112836057,-0.001944914558149241,0.024647138845705772
2022-03-16,0.001991453397685516,0.0010261253103856522,0.0009653280872998634,0.031247595979177437
2022-03-17,0.0013402800724677593,0.0011737591816833887,0.000166520890784368,-0.11299686368885498
2022-03-18,0.0015465926431933736,0.0004463768739133122,0.0011002157692800612,0.11645996559532039
2022-03-21,-0.006703676684997807,-0.0020768076909755966,-0.004626868994022211,0.046896642464327384
2022-03-22,0.0064168573131225025,0.0021325623554483697,0.004284294957674132,-0.07246368500820105
2022-03-23,0.0028471314869801864,0.001154204897771096,0.0016929265892090912,0.08031103983971377
2022-03-24,-0.0037727988668754243,-0.0025195288779325236,-0.0012532699889429028,0.005153784950158666
2022-03-25,0.0037827712848187336,0.0027087390611475557,0.0010740322236711779,0.13368291249724332
2022-03-28,0.00021527055856229862,-0.00039535804272667675,0.0006106286012889753,-0.12936032536872077
2022-03-29,0.006276764403186524,0.001844174127555586,0.004432590275630938,0.00935608124155272
2022-03-30,-0.005429136007477495,-0.0019572915156791967,-0.003471844491798299,0.05241376813464313
2022-03-31,0.00042744362260570875,-0.0005313876543051911,0.000958831276910899,-0.04942573846658917
2022-04-01,0.002272266347712876,0.0011197160408655798,0.0011525503068472963,-0.10548137714481061
2022-04-04,-0.0025798332955739006,-0.001447125885686483,-0.0011327074098874158,0.06298149450987031
2022-04-05,-0.005533018015727664,-0.002215704507123131,-0.0033173135086045336,0.10232922818387223
2022-04-06,0.0027085500415368917,8.781367702043153e-05,0.0026207363645164602,0.02068517914190622
2022-04-07,0.005362452365322617,0.0024443889484506193,0.0029180634168719977,-0.06701074907564152
2022-04-08,0.0009597074282253783,0.00032451149802423945,0.0006351959302011399,0.019254851916726923
2022-04-11,-0.0032843534509864884,-0.00177207856859904,-0.001512274882387447,-0.012990892736720506
2022-04-12,0.000900353789016445,-0.000772875458124365,0.0016732292471408107,-0.050406880897908866
2022-04-13,-0.0006329140547859463,-0.0016285088409946375,0.0009955947862086909,-0.04343385671390292
2022-04-14,-0.0028381353555695446,-0.0005653220068628957,-0.002272813348706648,0.006945304122880427
2022-04-15,-0.0021349087072291316,-0.0003345169931571728,-0.001800391714071958,-0.06492180796985235
2022-04-18,0.0003605126623427654,0.00024968101482376534,0.00011083164751899983,-0.0759252177738846
2022-04-19,-0.0029683933391373213,-0.0016739575094951963,-0.0012944358296421241,0.007520391324109623
2022-04-20,-0.004559624761349436,-0.0012012385126974438,-0.0033583862486519893,0.13759328084659928
2022-04-21,0.00042990277158814214,0.00012501853113978468,0.0003048842404483566,0.0004436974156928586
2022-04-22,0.007571763849119907,0.002592014215088005,0.004979749634031904,-0.03245735472109475
2022-04-25,1.4414712952933698e-05,-0.0010707787056748602,0.0010851934186277938,0.048014015689116514
2022-04-26,-0.001795941138887121,0.00040074426174384814,-0.0021966854006309684,-0.016191271895927995
2022-04-27,0.002736927011975884,0.0017242263764676944,0.0010127006355081902,0.05692322377640855
2022-04-28,-0.0010653206795357968,0.00042727752004333304,-0.0014925981995791303,-0.00911939923201563
2022-04-29,0.003657943414556994,0.000702509040324515,0.002955434374232478,0.011151297715507701
2022-05-02,-0.0004899109884829009,-0.0005467492096024179,5.6838221119515954e-05,-0.01632542947393692
2022-05-03,0.0005550366124187217,-0.0016712904790118048,0.0022263270914305265,-0.10445979941987768
2022-05-04,-0.0008711268167508634,0.00011072648437640553,-0.0009818533011272668,-0.1614909023842982
2022-05-05,-0.00655180113499128,-0.0016400532022918107,-0.004911747932699469,-0.1599418196051356
2022-05-06,-0.011122272425515271,-0.004415183051081257,-0.006707089374434015,0.060052597589560955
2022-05-09,-0.011183992478384107,-0.004076259664622991,-0.007107732813761118,0.05434413315210238
2022-05-10,0.003592187671813022,0.00048756058205690067,0.003104627089756123,-0.0642039510815577
2022-05-11,0.0037198343725415592,0.0001021354547908089,0.003617698917750751,0.02700135011601525
2022-05-12,-0.004058145370111088,-0.0017085292776222085,-0.0023496160924888782,0.0530781861769763
2022-05-13,0.00184574386067913,0.0017968787727984815,4.8865087880649305e-05,-0.06712195193438446
2022-05-16,0.003202939570434463,0.0014658140809885919,0.00173712548944587,0.07186318523079153
2022-05-17,-0.0038802063174099045,-0.003147968661751,-0.0007322376556589049,-0.03738959256852772
2022-05-18,0.004703756020762355,0.0011713747846158055,0.0035323812361465496,-0.07508082778119969
2022-05-19,-0.00217600376471432,-0.0013324094001180725,-0.0008435943645962465,-0.15742109079414185
2022-05-20,-0.0044357631711142344,-0.0011793734399573909,-0.003256389731156844,0.005769566963766963
2022-05-23,-0.009903174668530702,-0.0033360759374466815,-0.00656709873108402,0.005418728982559525
2022-05-24,0.0004595794744949506,0.0009625183572803918,-0.0005029388827854399,0.025997379248832813
2022-05-25,0.0004082629403994771,0.0028969223136573324,-0.0024886593732578546,0.06984532573425184
2022-05-26,0.002037695122133937,0.0012002878332662177,0.0008374072888677163,0.05648634345481355
2022-05-27,0.0061831803169317065,0.0029078544416021902,0.0032753258753295163,0.07677639940671539
2022-05-30,0.004394138780050081,0.0001677777780771997,0.004226361001972879,0.026568090831535825
2022-05-31,0.006688107101372098,0.003897683212235447,0.00279042388913665,-0.01219083171710181
2022-06-01,0.002173946973188939,0.0010480004839801228,0.0011259464892088168,-0.04071978347386538
2022-06-02,-0.0008857817042961179,3.11100591421894e-05,-0.0009168917634383086,0.036940203512809154
2022-06-03,-0.002501207884768904,-0.00042468987099373613,-0.002076518013775169,0.0014175941210846543
2022-06-06,0.0021092188350924725,0.0012023195505251206,0.0009068992845673533,0.04319471047660089
2022-06-07,7.728672713906096e-05,-0.00038994193761476836,0.00046722866475382933,0.021824406829673872
2022-06-08,0.0025101024245147473,0.0009344568901895637,0.0015756455343251827,-0.05973293369490256
2022-06-09,0.0011875829527134727,-0.00046058630408941925,0.0016481692568028929,0.06673908560609543
2022-06-10,-0.0036322274392432677,-0.0009702613364297556,-0.002661966102813511,0.01114580257302797
2022-06-13,0.0037986086068532185,0.0010857855939336476,0.0027128230129195696,0.05747860694736008
2022-06-14,0.0006396774882080616,0.001127184206721199,-0.0004875067185131383,0.06409526491752078
2022-06-15,0.003650911972603161,0.0009631340852617959,0.002687777887341365,0.04558852449750908
2022-06-16,0.0036988043280718496,0.0020409032495708294,0.00165790107850102,-0.023528109055553262
2022-06-17,0.0025440395106953754,0.0004072991421024961,0.002136740368592879,0.02165992804689461
2022-06-20,-0.0011490168221063714,-0.0008554345716137793,-0.0002935822504925925,0.06360748605288313
2022-06-21,0.0009733388356879236,0.0014156633812560672,-0.00044232454556814406,0.010120277983672136
2022-06-22,0.0031020655750640903,0.0007470104159364075,0.0023550551591276815,-0.028730156030057494
2022-06-23,0.0006358033422807035,-0.0009129770575606435,0.001548780399841348,-0.035350611604610366
2022-06-24,-0.001835068497629129,-0.0015639971095397,-0.000271071388089429,-0.036996688981203014
2022-06-27,-0.0020686388366495763,-0.0005203930719149749,-0.0015482457647346005,0.08875126873847199
2022-06-28,-0.002236637565826784,0.0007398509827572624,-0.002976488548584047,0.07289944489257623
2022-06-29,0.0053365852193543875,0.0022519901181911927,0.003084595101163195,-0.11571028222617175
2022-06-30,0.00462517135197132,0.0004124086675285389,0.00421276268444278,-0.0365841337474609
2022-07-01,-0.00614635661287721,-0.0012869857477179603,-0.004859370865159251,-0.09608453565449275
2022-07-04,-0.0020196795468352302,-0.001001036777581451,-0.0010186427692537824,-0.015900397777332466
2022-07-05,-0.005123804228400513,-0.0007932244682851263,-0.004330579760115387,-0.02319113264901726
2022-07-06,-0.0008700454246114908,0.00033560243248315644,-0.0012056478570946468,0.028929040047358835
2022-07-07,-0.0012918157770226205,-0.001033534572930584,-0.00025828120409203577,0.040569872423666296
2022-07-08,0.001791155521041265,-1.3825297940521508e-05,0.0018049808189817872,0.04730760303469892
2022-07-11,0.001960945917799067,0.0012629499936145966,0.0006979959241844706,-0.008374287094093935
2022-07-12,0.0026507293008766883,0.0010797027600661512,0.0015710265408105386,0.0042944350860076985
2022-07-13,-0.0005111972307169023,-0.0017642272618059898,0.0012530300310890875,-0.08299988715007986
2022-07-14,0.00022073457136938468,2.889831650639864e-05,0.00019183625486298567,0.0130900205803631
2022-07-15,-0.005254367976890061,-0.002614920533397003,-0.002639447443493059,0.006865778525720386
2022-07-18,0.0007271981324195225,-0.00039125167233490087,0.0011184498047544233,0.0014801811038756035
2022-07-19,0.00044202750175594615,-8.755329156430111e-05,0.0005295807933202445,0.106724465410725
2022-07-20,0.000106083867164026,8.502692109571552e-05,2.1056946068308963e-05,0.03786031694803898
2022-07-21,0.005797731011538308,0.0023407061261672413,0.0034570248853710676,-0.003437640630113724
2022-07-22,0.002184942731477714,0.00146905818269857,0.0007158845487791436,0.00947615572248143
2022-07-25,-0.0001548816565946317,0.0002625647707154965,-0.0004174464273101284,0.06198826033944365
2022-07-26,0.0005057787226439469,0.00036238766048099676,0.00014339106216295153,-0.05886542086249292
2022-07-27,0.0036202840983495417,0.0019132320983678962,0.0017070519999816455,-0.036957229596611955
2022-07-28,-0.0029755793834334967,-0.001703282006287599,-0.0012722973771458973,-0.007708096208080619
2022-07-29,-0.00180805586954657,-0.0006668223061645695,-0.001141233563382,0.0387342925009817
2022-08-01,-0.00033256421180835214,0.000497909782459287,-0.000830473994267639,0.017637069737336485
2022-08-02,0.0017404767864541916,0.0003937330718359316,0.0013467437146182596,0.040168331459033944
2022-08-03,0.0008553219765195506,-0.00040187852846639374,0.0012572005049859437,-0.06718319804803759
2022-08-04,0.001937331027757172,6.52929108865552e-05,0.001872038116870616,0.11928831239019594
2022-08-05,-0.0035384308684658157,-0.0024445158810671216,-0.0010939149873986937,0.0418395406780748
2022-08-08,0.005920338250150543,0.002302272176848419,0.003618066073302126,-0.02452125608683933
2022-08-09,0.002374424579206595,0.0009877977535142721,0.0013866268256923226,-0.05919431808899032
2022-08-10,-0.001369927915245864,-0.0009318956351922676,-0.00043803228005359716,-0.0030090687625520065
2022-08-11,-0.0030412133712639173,-0.0021609368660577325,-0.0008802765052061845,0.00751601115834526
2022-08-12,-0.00011826775162175274,0.0008911828488586833,-0.0010094506004804358,0.08539629042688071
2022-08-15,0.0003784171351065114,-0.0005857205278848934,0.0009641376629914052,0.11878960061433837
2022-08-16,0.004042440221379235,0.0016770630966767217,0.0023653771247025136,0.07090644364720464
2022-08-17,0.00550081566762954,0.001374524622266662,0.004126291045362878,-0.04196882263607701
2022-08-18,0.0038017173969663916,0.0011756516700389442,0.002626065726927449,0.06342194178740972
2022-08-19,-0.0023889340236626254,-0.0017557443642327187,-0.000633189659429908,0.05535838901558439
2022-08-22,0.003248772572687815,0.0009051275592050177,0.0023436450134827983,0.01012365905892919
2022-08-23,0.0029085142893190614,0.0015245658074316305,0.0013839484818874313,0.0593489685414291
2022-08-24,0.0005174901516167188,0.00027654953125087235,0.00024094062036584575,0.015151666638069057
2022-08-25,0.003047306850164717,0.0008582173313860892,0.002189089518778628,-0.029601175193568873
2022-08-26,0.0006174865317347873,0.00014215412754605187,0.00047533240418873583,0.04053581453450654
2022-08-29,-0.0014628087090750239,-0.0009060154093484617,-0.0005567932997265627,0.013808624339929411
2022-08-30,0.0021728310706871537,0.001258241412935306,0.0009145896577518473,0.03985564014302808
2022-08-31,0.0007319809591822441,0.0009329790351350602,-0.00020099807595281606,-0.06368225240943481
2022-09-01,0.0018806968436250427,0.0010691460832116233,0.0008115507604134196,-0.026206843283864557
2022-09-02,-0.0029151385092219817,-0.001883196205141522,-0.0010319423040804597,-0.014976639027439441
2022-09-05,-0.000999202034841547,-0.0010118055970145998,1.2603562173052387e-05,-0.00427853049438162
2022-09-06,-0.0006220372737366839,-0.001084261523835301,0.00046222425009861956,-0.028623628054651122
2022-09-07,-0.00020660846933877558,-0.00033963540211369696,0.0001330269327749203,-0.08719396732490634
2022-09-08,-0.0011933275966771488,-0.00118196028702975,-1.136730964739971e-05,0.06822413477304735
2022-09-09,-0.004243854981870408,-0.002324194640370855,-0.0019196603414995544,0.023054885145370515
2022-09-12,0.002945446382910726,0.0013869268119757697,0.0015585195709349568,-0.0415258253009557
2022-09-13,0.0010446560996442635,-0.00013551417454280013,0.0011801702741870666,0.027400456290983165
2022-09-14,-0.0018396265492176352,-0.0015902630027437286,-0.00024936354647390763,0.015842580641562257
2022-09-15,0.0017224530169920142,0.0007199010764196738,0.0010025519405723405,0.016121104394734388
2022-09-16,0.0007640150955900527,4.1281231681622454e-06,0.0007598869724218943,-0.059583795413160924
2022-09-19,0.000879045354531544,0.0007695436512366335,0.0001095017032949105,-0.02958612233569045
2022-09-20,-0.003742026880315872,-0.0027295099960891224,-0.0010125168842267489,0.051146748942943375
2022-09-21,-0.001775269248339097,-0.001913244864076744,0.00013797561573764688,0.12376567079104245
2022-09-22,0.0032773352641929797,0.002395129026654088,0.0008822062375388913,0.03512966314379169
2022-09-23,0.007384392093053619,0.002433481080913655,0.004950911012139963,0.0643898601746004
2022-09-26,0.001667559894090092,0.00041455012536369996,0.0012530097687263927,0.06790284862416233
2022-09-27,0.0032537034947927174,0.0017580392254115257,0.0014956642693811921,0.06658198744573286
2022-09-28,0.0036813983700512117,0.002718522828204069,0.000962875541847142,-0.025511056310914482
2022-09-29,0.0031804325055744386,0.00058697773407338,0.0025934547715010586,0.01639948165710215
2022-09-30,-0.0013551938409432503,-0.000609946677903977,-0.0007452471630392723,-0.06815477802693992
2022-10-03,0.0005699697377843456,-0.00020679391106262837,0.0007767636488469724,0.16928596977267343
2022-10-04,-0.0035441757415826344,-0.0012285490278086243,-0.0023156267137740103,0.0893114698558263
2022-10-05,0.00887565448105826,0.003478313110796853,0.005397341370261407,-0.07701244190584747
2022-10-06,0.004026718596217894,0.0017057512851870707,0.002320967311030824,-0.09092013904263072
2022-10-07,-0.0034011916716769697,-0.0018695496828284794,-0.0015316419888484895,0.07452744933212484
2022-10-10,-0.003974258989153476,-0.0019562634643705877,-0.002017995524782889,0.10565350823573626
2022-10-11,0.0034414226032924884,0.0022355853750786743,0.0012058372282138141,-0.08024286671348067
2022-10-12,0.004796640369745177,0.0014921349394852656,0.0033045054302599107,0.05046708273665009
2022-10-13,-0.0035425605043758216,-0.0008620011174146095,-0.002680559386961212,-0.14748499999203885
2022-10-14,0.002008301768417797,-0.00024747484032319484,0.0022557766087409926,0.13769095559264816
2022-10-17,-0.005994027608153858,-0.002301001774612634,-0.0036930258335412247,-0.18333075308644278
2022-10-18,0.006909865192290055,0.0030615490012869256,0.003848316191003129,0.08515114497690535
2022-10-19,-0.00844698336199532,-0.0029388393291976296,-0.00550814403279769,0.08865590451293597
2022-10-20,0.0038830040458716023,0.0012069605098386704,0.002676043536032932,-0.0766677014388898
2022-10-21,0.004223664497329104,0.0012356598511140049,0.0029880046462150986,-0.10660957934022573
2022-10-24,-0.00365688754082042,-0.0017536747153531563,-0.0019032128254672619,-0.08639353183000904
2022-10-25,-0.006070593777683922,-0.002444990919216414,-0.0036256028584675084,-0.012468353261293415
2022-10-26,-0.0049025578431702715,-0.0012009167104126812,-0.0037016411327575904,0.06708438837467708
2022-10-27,-0.0006608450254987456,-0.0005444579820618983,-0.00011638704343684735,-0.23443677422369233
2022-10-28,0.0030964288647123347,0.001381099873200539,0.0017153289915117949,0.028387832538785542
2022-10-31,-0.011508912002398366,-0.004043175517966392,-0.007465736484431973,0.11176356572079682
2022-11-01,0.0016241927130639417,0.0009511165509537662,0.000673076162110175,-0.025064473841445688
2022-11-02,0.005078480440403413,0.001512737186965499,0.0035657432534379136,0.11815825957072021
2022-11-03,-0.001212782658488766,-0.0017924003115892193,0.0005796176531004532,0.04912749794787072
2022-11-04,0.005660792950023307,0.0017265567061463295,0.003934236243876978,-0.09044560089745325
2022-11-07,0.0027096754990169375,0.000770717038391041,0.001938958460625896,0.05986128271006818
2022-11-08,-0.004998307718610754,-0.002146852937920416,-0.0028514547806903386,-0.029319846266113194
2022-11-09,0.003443683614668346,0.00245147720566136,0.0009922064090069835,0.027041383910145926
2022-11-10,-0.001746247338139121,-0.0016582582878467804,-8.798905029233986e-05,0.023945729113872213
2022-11-11,0.0015154355940392857,0.0005745735827510645,0.0009408620112882214,-0.025823939447432585
2022-11-14,0.0018128798898821433,0.0004908473826333425,0.0013220325072487993,-0.018474362590841464
2022-11-15,-0.001891584558442926,-0.002173761340850724,0.0002821767824077986,0.09477473879989558
2022-11-16,-0.001072175415175916,-0.0004798625752113501,-0.0005923128399645651,0.08057459939341424
2022-11-17,0.004228766539691549,0.0018811050717156602,0.002347661467975889,0.0934958601209239
2022-11-18,0.004156695115114823,0.0004960052141301068,0.0036606899009847173,-0.03653039446948142
2022-11-21,0.004674555297677501,0.0019752165929545953,0.002699338704722906,-0.009938664057858383
2022-11-22,-0.0018633023497289475,-0.0009504669663808682,-0.0009128353833480762,-0.07127869651976053
2022-11-23,-0.0005128553052820023,-0.00012551061996840616,-0.00038734468531359534,0.12261520053331758
2022-11-24,-0.004060971243258436,-0.0017530208548999571,-0.0023079503883584795,0.04752127254146742
2022-11-25,0.006336031076935724,0.0015359715121840674,0.004800059564751656,0.03382536585970799
2022-11-28,0.0021811662225021747,0.0007218203302305423,0.0014593458922716328,-0.03375307474211388
2022-11-29,0.0016844734186361593,0.0008035331287389799,0.0008809402898971794,0.05511897209401289
2022-11-30,-0.0014828339458124583,-0.0005019583197492577,-0.0009808756260632013,0.007315787255684722
2022-12-01,0.002680860656923032,0.0020656429824135606,0.0006152176745094712,0.05699585380750471
2022-12-02,0.00032708703017147306,-0.000525636353881591,0.0008527233840530642,-0.0006993441712103957
2022-12-05,0.0026503348865261032,0.0007115986470168107,0.0019387362395092925,0.03587099634789269
2022-12-06,-4.091395116045265e-05,-0.0006282956553169926,0.00058738170415654,-0.028107778325966094
2022-12-07,0.0018534746813270396,0.00048795551666118084,0.0013655191646658594,0.13092885950784441
2022-12-08,-0.0014205699467525154,-0.0007807091685065621,-0.0006398607782459528,0.011343832991335687
2022-12-09,0.006362469506205078,0.00238026077200674,0.0039822087341983385,-0.06046307705004409
2022-12-12,0.0005342222110698041,0.0001749702632325937,0.00035925194783720943,0.029974020248043298
2022-12-13,-0.00358973018667512,-0.002261832039280014,-0.0013278981473951056,0.06465489540553608
2022-12-14,0.0013407343348447731,-0.00025202280508605963,0.0015927571399308327,0.04595311515670452
2022-12-15,0.0028416616622870903,0.0008932279753174691,0.0019484336869696212,0.009744724847188645
2022-12-16,0.0021548199906506814,9.046309093478037e-05,0.0020643568997159014,-0.10300142971306006
2022-12-19,0.000561478442725478,-4.2865652821544656e-05,0.0006043440955470231,-0.02532092873306357
2022-12-20,-0.005378793892921905,-0.0029522869711241352,-0.002426506921797769,0.02239683287498496
2022-12-21,-0.001285682647703729,-0.0011717326419672935,-0.00011395000573643371,-0.05498298365900132
2022-12-22,0.0011310953344611896,-0.0005989539910986417,0.0017300493255598317,0.11099459029368083
2022-12-23,-0.002872494689110472,-0.0016089317485677805,-0.001263562940542692,0.03506270266987432
2022-12-26,0.006214099725339553,0.0026626658055788656,0.0035514339197606874,-0.008571590856825129
2022-12-27,0.001634906920801782,0.0009723930003300903,0.0006625139204716919,-0.07327966478395773
2022-12-28,-0.0003889279003869146,-0.0008530348906435744,0.00046410699025666025,0.09850386530042797
2022-12-29,-0.0032381034892218497,-0.0019491332205887318,-0.001288970268633117,0.07592093545704737
2022-12-30,0.0044259299385299745,0.00045760534530338076,0.0039683245932265925,-0.04129332743361728
2023-01-02,0.0031989689349141196,0.0009571152546408654,0.0022418536802732546,0.07008731055339085
2023-01-03,-0.0017618284256308982,-0.000913731746345613,-0.0008480966792852873,0.08232837211265118
2023-01-04,0.0027614683944275037,0.0012712341207925667,0.001490234273634937,0.036079149873947385
2023-01-05,0.0033506729129660524,9.187132446203047e-05,0.003258801588504022,0.013976150586531339
2023-01-06,0.0014153219219927764,0.0004373093655284663,0.0009780125564643107,0.045354740497485994
2023-01-09,0.000867469658122001,-0.0011244115290096716,0.001991881187131672,-0.05178858589864276
2023-01-10,0.002268820727466,0.0005154165985150252,0.001753404128950975,-0.006414249295508348
2023-01-11,-0.0023141075572489503,-0.0015741948124130007,-0.0007399127448359504,0.03346780816936672
2023-01-12,-0.00028034224007896446,1.9483953025234077e-05,-0.00029982619310419713,-0.011151104610490487
2023-01-13,0.0018479801979943457,0.0014498135265691645,0.0003981666714251812,0.036817735374050274
2023-01-16,-0.0005171472406907884,0.000980862946209301,-0.0014980101869000902,0.00445433832261733
2023-01-17,0.0018304572497081456,9.179574928723028e-05,0.001738661500420915,0.04772419134861439
2023-01-18,0.00018693958772573912,-0.0007502963946608636,0.0009372359823866029,0.10437300409651785
2023-01-19,0.0016573198250866394,0.0010699104882850577,0.0005874093368015811,-0.03231202490638082
2023-01-20,0.004257254208500738,0.0018587615217099136,0.002398492686790824,-0.0141580329798674
2023-01-23,-0.0013368919177188352,-0.0008613729247608538,-0.0004755189929579809,-0.02652913392027716
2023-01-24,-0.0005681939754040631,9.947183766917129e-05,-0.0006676658130732342,0.06902392580412502
2023-01-25,-0.0013090196114890912,-0.0013794958960583158,7.04762845692257e-05,0.02812045176951996
2023-01-26,0.002982170117279996,0.0018931405484854807,0.001089029568794515,-0.013699058197468177
2023-01-27,0.0011029480007315494,0.00028485131007542023,0.0008180966906561277,-0.09860612356894677
2023-01-30,-0.0005701651154519016,-0.00047945096661659034,-9.071414883531168e-05,0.030860503540340048
2023-01-31,-0.0038629337347483813,-0.0017991734647837413,-0.0020637602699646405,-0.05625519735144654
2023-02-01,0.0012872886378627168,-6.186123230726703e-05,0.0013491498701699856,0.09780326222817926
2023-02-02,-0.0027857067966228586,-0.0003507210725431477,-0.002434985724079709,-0.10555538276458463
2023-02-03,0.004497052624238449,0.0009630067163389558,0.003534045907899493,0.020344596103884054
2023-02-06,-0.005119523115860008,-0.0026724662813984584,-0.0024470568344615584,0.06940340614941322
2023-02-07,0.0010363135088325899,0.0009652567418810144,7.105676695157506e-05,0.11373668358613398
2023-02-08,0.0038542687682805,0.0021941306503023977,0.001660138117978105,0.06985575939065318
2023-02-09,0.005928747522129501,0.00294935189393173,0.0029793956281977674,0.05783634796143321
2023-02-10,0.004137122922501006,0.0010873870761371452,0.0030497358463638605,0.03326690813899877
2023-02-13,0.0035361722931310296,0.0004361504278530652,0.0031000218652779653,-0.1187426210871549
2023-02-14,0.0016867739021789502,-0.0008615883176749557,0.0025483622198539113,1.3404433039465896e-06
2023-02-15,-0.008300352529038152,-0.006567242226413007,-0.0017331103026251363,-0.11966000246642332
2023-02-16,1.9681876239661684e-05,-0.00206963154091553,0.0020893134171551912,-0.17434530747567362
2023-02-17,-0.007016853922148891,-0.0050841739098863095,-0.001932680012262579,-0.16515226876137498
2023-02-20,-0.01717130295524745,-0.01174382394769126,-0.005427479007556191,-0.1981923162059472
2023-02-21,-0.020541541994049672,-0.013524362559001947,-0.007017179435047725,0.2819672387615926
2023-02-22,-0.026373373058806847,-0.01599865252815347,-0.010374720530653376,0.27587448450352187
2023-02-23,0.02764224752069862,0.014219847525457255,0.013422399995241377,0.26760944578490564
2023-02-24,0.02521676201951703,0.01740188221855072,0.007814879800966311,0.13237924799872297
2023-02-27,0.01619154386780231,0.010986698233136603,0.005204845634665705,-0.04803257316709806
2023-02-28,0.00761273086844906,0.0033253688285972815,0.0042873620398517776,-0.12624146292025742
2023-03-01,-0.002574504728043929,-0.0005870637385047874,-0.0019874409895391416,-0.039578532695185624
2023-03-02,-0.00788288264511967,-0.0017975671152867002,-0.0060853155298329666,-0.15965244700319342
2023-03-03,-0.002304450765237739,-1.4204034601502519e-05,-0.0022902467306362365,0.3041922456547633
2023-03-06,-0.0087695666781699,-0.003963028097126783,-0.004806538581043119,-0.14479712669360978
2023-03-07,0.024391187434240364,0.009000368460818177,0.015390818973422184,0.03139887270284624
2023-03-08,-0.008309232029722183,-0.00315407041801697,-0.005155161611705213,-0.0390306977900887
2023-03-09,0.0017973598636332245,-0.00018599746307059253,0.0019833573267038166,0.07514544072082796
2023-03-10,-0.0024697374890006504,-7.299391554245948e-05,-0.0023967435734581917,-0.077404936652139
2023-03-13,0.004393194381583539,0.002105830639390887,0.0022873637421926517,-0.0012169554207522811
2023-03-14,-0.004122413018358152,-0.0006079338396738779,-0.003514479178684273,-0.16629388880161228
2023-03-15,-3.338107724324378e-05,-0.000315190018607062,0.00028180894136381994,0.08282102948929146
2023-03-16,-0.00942458392799602,-0.004378615517507489,-0.00504596841048853,0.0719433693358687
2023-03-17,0.00467355787408419,0.0028841259307453675,0.0017894319433388213,0.026643323335812055
2023-03-20,0.004441409313636156,0.0010446066178775477,0.003396802695758608,0.05152768263304249
2023-03-21,0.001444105803167464,0.0003978015418282725,0.0010463042613391921,0.041387784377387306
2023-03-22,0.00269648412234465,0.0005857270480480537,0.002110757074296596,-0.08909127400111751
2023-03-23,0.0020004463812974185,0.0008171505900036718,0.001183295791293745,0.027283544574559653
2023-03-24,-0.004379997164422781,-0.00100411577285839,-0.0033758813915643893,-0.07589549119117489
2023-03-27,0.0013378878322199464,0.0004022848887494132,0.0009356029434705337,-0.009517684799219484
2023-03-28,-0.004433238360429399,-0.00019274677036897753,-0.004240491590060421,-0.04241982001021985
2023-03-29,-0.000549131265096245,0.0002183691394083546,-0.000767500404504599,0.09521222112258057
2023-03-30,-0.0027388706263527895,-0.0028804607068259776,0.00014159008047318587,0.0744356157201042
2023-03-31,0.0063099767331339955,0.0002602750222051482,0.006049701710928845,0.10510830970352097
2023-04-03,0.004789935134590436,0.0016031511381466687,0.0031867839964437672,-0.1883521394695681
2023-04-04,0.007191833792252255,0.00236444499971359,0.0048273887925386685,0.04866697309008525
2023-04-05,-0.011902826183482606,-0.0051335231033200444,-0.006769303080162565,0.0854435982241098
2023-04-06,0.003077246707957782,0.0016857971957336734,0.0013914495122241098,0.021202266308184933
2023-04-07,0.005645225520908291,0.000935702153109931,0.004709523367798358,0.09295222632147689
2023-04-10,0.0013672395844913485,0.0019439228365986665,-0.0005766832521073174,0.025265629181123607
2023-04-11,0.006261142606218685,0.0019166696713131919,0.0043444729349054936,0.008053338614764422
2023-04-12,0.0017177841322788072,-0.0006952322403862253,0.0024130163726650347,-0.004443275583134739
2023-04-13,0.0004665082322505452,0.0010246630774084116,-0.0005581548451578672,0.11782705591023168
2023-04-14,-0.0002596149247533306,0.00038473110026844906,-0.0006443460250217803,0.08604666905209987
2023-04-17,0.007188778810507838,0.001784739144919684,0.005404039665588155,0.12018996014727508
2023-04-18,0.005318156154177467,0.0010865932290957704,0.004231562925081698,0.02379434217983087
2023-04-19,0.011031408895582958,0.00602247166057622,0.005008937235006734,0.003677761386765598
2023-04-20,0.0021077641487672444,5.1789722999198706e-05,0.002055974425768041,-0.07970393479209616
2023-04-21,0.00028759496498068895,-0.000718656825851198,0.0010062517908318858,-0.16036681497024274
2023-04-24,-0.0051597171631991325,-0.001714324557414583,-0.0034453926057845495,0.0424910232479636
2023-04-25,-0.010862702182563888,-0.003767352291627624,-0.007095349890936265,0.1226422334596021
2023-04-26,0.003335068225481534,-0.0004953198310842354,0.00383038805656577,-0.004729274948034684
2023-04-27,0.008145288117900057,0.0034105222170316774,0.004734765900868379,-0.004593560671512439
2023-04-28,-0.0002791934741236963,-0.00026091297859596324,-1.828049552773242e-05,0.10580142669862569
2023-05-01,-0.0002920132405005429,-0.00044849572268576185,0.00015648248218521872,0.031169772711856426
2023-05-02,0.007702150988940493,0.004793250485841109,0.002908900503099384,0.040172332369996976
2023-05-03,0.002287193271544949,0.0017584576059433248,0.0005287356656016214,-0.1612723552411726
2023-05-04,0.0028517609651675857,0.0015179810424292344,0.001333779922738352,-0.09748805924400189
2023-05-05,-0.010531377450107265,-0.0054392125646285094,-0.005092164885478756,-0.045078671817660516
2023-05-08,-0.0059266379140861455,-0.0030277380885320644,-0.0028988998255540816,-0.057924239242564166
2023-05-09,-0.002840387978056686,-0.0013268515934786416,-0.0015135363845780424,-0.05226132695105296
2023-05-10,-0.00298126998900811,-0.0024723048378421063,-0.0005089651511660017,-0.09798815348721393
2023-05-11,-0.003207326144042228,-0.0024489134741640106,-0.0007584126698782154,0.049189765489897855
2023-05-12,-0.006731430219827926,-0.004952072027616631,-0.0017793581922112955,-0.02378650820636981
2023-05-15,0.002812711687742642,0.0005102531800868148,0.0023024585076558274,0.09359932239096037
2023-05-16,-0.0013168591167250078,-0.00217047944611899,0.000853620329393982,0.09460672215096333
2023-05-17,0.005426118999935907,0.002379535908549377,0.0030465830913865297,-0.07768121981886922
2023-05-18,0.005996222883056318,0.0011999404981880065,0.00479628238486831,-0.024414470140328822
2023-05-19,-0.005021784774008855,-0.001769859413402983,-0.0032519253606058717,0.04929089283176237
2023-05-22,-0.0012391241051154366,-0.0005720476666173872,-0.0006670764384980512,0.042859481871269964
2023-05-23,0.002704351772920743,0.0013202141462361088,0.0013841376266846331,-0.01704157667950453
2023-05-24,0.002270961100428702,0.000521928243328848,0.0017490328570998574,0.0900792697966735
2023-05-25,-0.001079518931961826,-0.0010416900581560959,-3.7828873805731064e-05,0.04785417830415414
2023-05-26,0.0054976973872474496,0.0004379190459073727,0.005059778341340077,0.06507059715778854
2023-05-29,0.0026414518652588706,0.0006450380923717809,0.0019964137728870884,0.1618967292668623
2023-05-30,0.0033839956952790226,0.000637285629008296,0.0027467100662707266,0.12140322314980806
2023-05-31,0.008476210072724073,0.0024690099547259254,0.006007200117998145,0.11283116363381174
2023-06-01,0.006705263759791282,0.0014014886634650392,0.005303775096326242,0.015380423830675677
2023-06-02,0.00731685634067919,0.0008050900029824663,0.0065117663376967234,-0.041064628768398566
2023-06-05,0.00101449587553741,-0.0008680737586935789,0.0018825696342309886,0.1049814356514608
2023-06-06,-0.002450457253781196,-0.0009904699016413023,-0.0014599873521398948,-0.004753183598541333
2023-06-07,0.007125287927425934,0.003451889160087585,0.003673398767338354,-0.07308935347916154
2023-06-08,-0.00032716080258111924,-0.001255876468511441,0.0009287156659303214,-0.09534338763049442
2023-06-09,-0.004104463801432956,-0.0024855900837010446,-0.001618873717731911,-0.01224832446071445
2023-06-12,-0.004836409713344408,-0.0019496147985134642,-0.002886794914830945,0.08158659610917392
2023-06-13,-0.0005596123212616141,-0.0006334870279184925,7.387470665687866e-05,0.039999508918258715
2023-06-14,0.0036120140000953076,0.0013916873450844705,0.002220326655010838,0.05102152760444906
2023-06-15,0.0020540014896670493,0.0011954806075933832,0.0008585208820736665,-0.030515139383783935
2023-06-16,0.0027316733052473357,0.0005701426925796092,0.0021615306126677274,0.0006811965096556722
2023-06-19,-0.001544114839144231,-5.4807093029636544e-05,-0.0014893077461145942,0.10142183501278294
2023-06-20,2.780279239295285e-05,-0.0015808216823861368,0.001608624474779087,0.027880689602874337
2023-06-21,0.004859125846695149,0.0021479543326494125,0.002711171514045736,0.09724344958332402
2023-06-22,0.0016239820690586988,-0.0012870819294673735,0.0029110639985260728,0.09477663835927931
2023-06-23,0.005932827988390491,0.0017601189045966074,0.004172709083793882,-0.018114142567350736
2023-06-26,0.005929353808747956,0.0009961022616536454,0.0049332515470943104,0.06583048392811261
2023-06-27,-0.0008021577183143784,0.0002717501860531775,-0.0010739079043675555,0.038020951502387546
2023-06-28,0.0036083398835660523,0.0012465404586913358,0.0023617994248747156,-0.06917717371774569
2023-06-29,0.0020581837663181295,0.0012677567636078437,0.0007904270027102867,-0.04885107728451284
2023-06-30,-0.00450507390322609,-0.0005579863006906689,-0.003947087602535421,-0.03397785766986895
2023-07-03,-0.002991046701586032,-0.0007526123495993995,-0.0022384343519866326,-0.028935962500013502
2023-07-04,-0.001559451651769035,-0.0013558963474457515,-0.00020355530432327948,-0.032995278939434415
2023-07-05,-0.001396528720720489,-0.0004675594942154023,-0.0009289692265050855,0.08763491058312263
2023-07-06,-0.0018433593239244295,-0.0005542730770658442,-0.001289086246858584,-0.016062224702249998
2023-07-07,0.005265438607039498,0.002763266872202255,0.002502171734837244,-0.015661638233879133
2023-07-10,-0.0010828953143238744,-0.0020027976806914205,0.0009199023663675459,-0.007996698079028544
2023-07-11,-0.0008421228428078969,-6.985558041433873e-05,-0.0007722672623935549,0.0006237378229228068
2023-07-12,-0.0004118067922999276,0.00019444231860806524,-0.0006062491109079925,-0.08858273613765472
2023-07-13,3.136096950534864e-05,-0.0006141223029902301,0.0006454832724955804,0.005828366079499859
2023-07-14,-0.004604900113238884,-0.0005182748856202557,-0.004086625227618629,-0.02974021910545703
2023-07-17,0.000319080630870055,-0.0012126008450894354,0.0015316814759594889,0.03740214197005555
2023-07-18,-0.0015544333085224,-0.00020108072267247044,-0.00135335258584993,-0.04472152044979517
2023-07-19,0.0018224226231977868,0.0018389665803193165,-1.6543957121530842e-05,-0.07132800090581756
2023-07-20,-0.0023566331642696794,-0.0002613023847134392,-0.0020953307795562397,0.004599063010757943
2023-07-21,-0.004418463419370302,-0.0010013108572404991,-0.003417152562129804,0.06814131959641384
2023-07-24,0.00025632388747567024,-0.0011319953296002778,0.0013883192170759465,0.06422128718673949
2023-07-25,0.0036302435013279895,0.0031204762186321996,0.0005097672826957899,-0.027202987943770712
2023-07-26,0.0033508386124462145,0.0017204389320152752,0.0016303996804309367,-0.04876026113177874
2023-07-27,-0.0016336729095804145,0.0016005442621894693,-0.003234217171769884,0.09829827793921977
2023-07-28,-0.002741581023657484,0.0012237209397060406,-0.003965301963363526,-0.04004808655034081
2023-07-31,0.005708846126296419,0.002099137009847603,0.0036097091164488185,0.019804604652517627
2023-08-01,-0.002041786669187307,9.985403184182429e-05,-0.002141640701029131,0.06380720582932552
2023-08-02,0.001237147183740506,-0.0011172881684000015,0.002354435352140508,0.09775520646179645
2023-08-03,0.004261770564826103,0.00023610787930859398,0.00402566268551751,0.06821279530176416
2023-08-04,0.005400138185217153,0.0022028153618303577,0.003197322823386795,0.09870390446609557
2023-08-07,0.003926052917918477,0.001034830793360289,0.0028912221245581873,0.09719871035901778
2023-08-08,0.005814782998106337,0.0010638056755129756,0.004750977322593363,0.062332580102673486
2023-08-09,0.005172335586780452,0.0009919954151142735,0.004180340171666177,0.08053622414820698
2023-08-10,0.0037924822086554707,0.0005765733806883284,0.003215908827967141,-0.13390751274274107
2023-08-11,0.0032679727379924103,0.0012009524704363426,0.0020670202675560677,-0.02596538862372096
2023-08-14,-0.006951302500748612,-0.002415336747633906,-0.004535965753114707,0.030586470026521217
2023-08-15,-0.0010887456567774424,-0.00154596078089206,0.00045721512411461655,0.04168181147466693
2023-08-16,0.0018129744336781743,0.0007071333089446793,0.0011058411247334941,-0.04448104635298086
2023-08-17,0.0027274056610881014,0.0002464892998049437,0.002480916361283158,0.0400318888266584
2023-08-18,-0.002557235591111987,-0.0014334069075745241,-0.001123828683537463,0.03822381070674649
2023-08-21,0.0021835907097058254,-0.00035192712486886366,0.002535517834574689,0.026096397762461483
2023-08-22,0.002193827082348877,-0.0005062091579665952,0.0027000362403154683,-0.0724303882398132
2023-08-23,0.0015878048005122784,0.0007643004567758494,0.0008235043437364294,0.04477731772328486
2023-08-24,-0.004383729241041046,-0.0026931997628849326,-0.0016905294781561133,0.07040285330115574
2023-08-25,0.0027684365920450874,0.0005277267938882269,0.0022407097981568588,0.04604300561337761
2023-08-28,0.004052113677838734,0.0020850979335341633,0.0019670157443045714,-0.02231099850001896
2023-08-29,0.0027154737752395825,0.0004935454421903223,0.0022219283330492615,-0.0806418145014413
2023-08-30,-0.0008770751617407853,-1.749495572101606e-05,-0.0008595802060197694,-0.032720922908139896
2023-08-31,-0.00486472544935,-0.00129987759928301,-0.0035648478500669885,0.04907810930697847
2023-09-01,-0.0015905466541275741,-0.00024365811297150618,-0.001346888541156067,0.14818651306393013
2023-09-04,0.0024811762164916205,-0.0011481829115369841,0.0036293591280286037,0.09157633948033277
2023-09-05,0.007260071962014681,0.0027730493377274047,0.004487022624287277,0.052175928381930504
2023-09-06,0.005003787616598054,0.001286532228364251,0.0037172553882338037,0.09474679338933265
2023-09-07,0.002810843116750231,0.0007871219342114231,0.002023721182538807,0.012191604187943477
2023-09-08,0.005821607045558298,0.002243243926462498,0.0035783631190958,-0.024896909042068618
2023-09-11,0.00070084526767669,-0.00025676961426408015,0.0009576148819407711,0.08687748267920005
2023-09-12,-0.0012926519266410381,-0.0004887860221305813,-0.0008038659045104565,0.043815116363422855
2023-09-13,0.004803897043094013,0.0024989288478438464,0.0023049681952501642,0.03810817900020672
2023-09-14,0.0025083943448756304,-0.0005332861081572228,0.003041680453032855,-0.04831996920977632
2023-09-15,0.0020502000419738956,0.0013844510235422255,0.0006657490184316661,0.01102520552650368
2023-09-18,-0.0030204401041875563,-0.000279778183372655,-0.002740661920814901,0.14320288831170208
2023-09-19,0.0005678535045877929,0.0004384644378118722,0.00012938906677592045,-0.03393144699760888
2023-09-20,0.008356578402518341,0.002449441042016595,0.005907137360501746,0.037026236757781224
2023-09-21,-0.0019031185375871294,0.000953447878947071,-0.002856566416534199,0.008440525657671713
2023-09-22,0.002712314457284854,0.0011515980744082957,0.0015607163828765605,-0.02696396143359331
2023-09-25,0.0010116145213646252,0.0008022875051460349,0.00020932701621859118,-0.08855817745192339
2023-09-26,0.00029260475604452486,0.0016243134233888262,-0.0013317086673442918,0.11840304230709783
2023-09-27,-0.007565721415105805,-0.004147616312423254,-0.0034181051026825615,0.19784779454605356
2023-09-28,0.012188967379812333,0.006067322214264856,0.006121645165547487,0.12220685331660891
2023-09-29,0.01860333761856592,0.008069032873864509,0.01053430474470141,-0.05199305487304001
2023-10-02,0.009938129696975256,0.0021831167723758912,0.007755012924599361,-0.038010334194876406
2023-10-03,-0.0034931880728196084,0.001620257141657734,-0.005113445214477347,-0.0186486138635851
2023-10-04,-0.002550601216550396,-0.0011165704286673316,-0.0014340307878830671,-0.06113076760170528
2023-10-05,-0.0012248715896387955,-0.0009020205064512281,-0.00032285108318756695,-0.023339334379923214
2023-10-06,-0.004293744513460857,-0.0021893997744496857,-0.002104344739011172,-0.09469929860684306
2023-10-09,-0.0015198504390388718,0.00029176750134716004,-0.0018116179403860344,0.09873831710848979
2023-10-10,-0.008053108757940292,-0.004148523761896629,-0.0039045849960436634,0.05389768838795381
2023-10-11,0.008616725231316496,0.0047143331773269286,0.0039023920539895656,0.0151870300880898
2023-10-12,0.003962461282764835,0.0011458672403238841,0.0028165940424409496,-0.08915309138685105
2023-10-13,0.0011066573960508818,0.00013402012563192662,0.0009726372704189552,-0.00879430806701045
2023-10-16,-0.006503871757038737,-0.002299848697685611,-0.004204023059353121,0.018891067443797434
2023-10-17,-0.0005080984302245095,0.001964081749335704,-0.002472180179560215,-0.056954593455173334
2023-10-18,0.0015580794079912998,0.0003654961149940905,0.0011925832929972069,-0.05918486006747231
2023-10-19,-0.004782450370962857,-0.0015896039363673172,-0.003192846434595541,0.09647272521079844
2023-10-20,-0.0049271547391498555,-0.001024148434604048,-0.0039030063045458058,0.10143087326129957
2023-10-23,0.011174584302288617,0.003988495319309809,0.00718608898297881,0.014446260438707021
2023-10-24,0.008356341557094825,0.0038700542121665703,0.004486287344928255,-0.009913962649596278
2023-10-25,0.0010519775772587013,0.0026462308732458154,-0.0015942532959871136,0.11646743522251529
2023-10-26,-0.0007731260574359716,0.00071999438072963,-0.0014931204381655981,0.055226384000837604
2023-10-27,0.009721107703080262,0.006238680706937189,0.003482426996143071,0.01716426705296628
2023-10-30,0.004435683965971179,0.0021074188512268614,0.0023282651147443173,0.12903408595677607
2023-10-31,0.0014667846837002985,-0.000721215707701145,0.002188000391401443,0.10984699892415019
2023-11-01,0.00937191806319961,0.0031456066992719724,0.006226311363927636,0.06694526633456892
2023-11-02,0.00722520515330017,0.002874107434273969,0.0043510977190262005,0.08650330152980153
2023-11-03,0.004660302279226956,0.0020298879440496798,0.0026304143351772724,0.005055273560410467
2023-11-06,0.006596629016438394,0.0034821612805541625,0.0031144677358842313,0.11053705912975442
2023-11-07,0.0005403653388428675,-0.0004036840741153784,0.0009440494129582498,-0.05710421849809965
2023-11-08,0.007888888687790956,0.003129614421683722,0.004759274266107238,0.035433934026724005
2023-11-09,-0.0036371868689150564,0.0017242903674392247,-0.00536147723635428,-0.09077942454632203
2023-11-10,0.002347914788434392,0.0010282282663773004,0.0013196865220570916,-0.047005032031096176
2023-11-13,-0.007440323693418109,-0.0037804870679478755,-0.0036598366254702343,0.14470710870406603
2023-11-14,-0.003560580900933645,-0.0022801606362923997,-0.0012804202646412438,0.10367902349897858
2023-11-15,0.011335170039267515,0.002081148647639001,0.009254021391628517,-0.021434855099131712
2023-11-16,0.007217036051595333,0.00340913727492248,0.00380789877667285,0.04533796641293049
2023-11-17,-0.0014601008513524826,-0.0011012474783522082,-0.0003588533730002737,-0.1299950823522976
2023-11-20,0.0031836113154099627,0.001835818536685992,0.001347792778723973,-0.01928320373528042
2023-11-21,-0.008964911135699902,-0.00448001248478045,-0.004484898650919448,-0.02519852848877787
2023-11-22,-0.001325555884090276,-0.0014181047743514778,9.254889026120245e-05,-0.060923074678027586
2023-11-23,-0.0018073797229913651,-0.0025685123356342654,0.0007611326126428977,0.1544129521814972
2023-11-24,-0.004087093191807504,-0.0017366142827766953,-0.0023504789090308086,-0.03225469272287866
2023-11-27,0.010176894565176803,0.0024950464700335146,0.007681848095143291,-0.024310387322279692
2023-11-28,-0.0020380699176720867,-0.00112016705765985,-0.0009179028600122359,-0.01888310874857232
2023-11-29,-0.0016438013122847357,0.00116805285442826,-0.0028118541667129966,-0.014739524221529606
2023-11-30,-0.0013368012968254482,-0.0002903967171034305,-0.0010464045797220177,-0.027960167811878402
2023-12-01,-0.0009991205535223669,0.0006083516974270051,-0.0016074722509493745,-0.008952033656918936
2023-12-04,-0.0020890457812686135,-0.0026933289906702802,0.0006042832094016633,0.28446287787449187
2023-12-05,-0.0006880525791286662,-0.00271451157875199,0.0020264589996233234,0.01793325806729452
2023-12-06,0.02212269742455384,0.0084239225200212,0.01369877490453264,0.0773456075745141
2023-12-07,0.0012014352801024005,0.002068104086349336,-0.0008666688062469357,-0.07915183709645435
2023-12-08,0.005229261419103222,0.0014676492451625289,0.0037616121739406936,0.18061253990036236
2023-12-11,-0.004873208463356809,-0.0013466170632684986,-0.0035265914000883096,0.0374140041054058
2023-12-12,0.01583463066635111,0.006673886744722933,0.009160743921628176,0.1402841994445001
2023-12-13,0.0025123292178188114,0.0011410772326779384,0.001371251985140873,-0.13803240984661472
2023-12-14,0.009868000442373424,0.004676639586197516,0.0051913608561759104,0.07571023916317103
2023-12-15,-0.008394093226598679,-0.003155717259558828,-0.005238375967039851,0.16056518072530743
2023-12-18,0.0045932552220536585,0.0015393853205037666,0.003053869901549891,0.07310780055653572
2023-12-19,0.00995047012572809,0.005183087287236821,0.004767382838491268,-0.13187435941003825
2023-12-20,0.005060221152129821,0.0001526495914729413,0.0049075715606568746,0.05736902549537558
2023-12-21,-0.009342395466703268,-0.006206290936668354,-0.003136104530034916,0.062175797711871365
2023-12-22,0.004608863773516778,0.0016580563896492206,0.0029508073838675486,-0.1258717085070211
2023-12-25,0.004810038939215221,0.0015510480027475732,0.003258990936467648,-0.15050488962654335
2023-12-26,-0.008624329507796367,-0.00421120040041326,-0.004413129107383108,-0.02055032135043367
2023-12-27,-0.008931786485015811,-0.002814149537905415,-0.006117636947110396,0.11142151539147144
2023-12-28,-0.0012101139945777282,-0.0005750735878575696,-0.0006350404067201583,0.22750877664650404
2023-12-29,0.007803804264025306,0.0002113299813901251,0.0075924742826351775,-0.07003381924715467
2024-01-01,0.014113406378298225,0.003568088188645237,0.010545318189652987,0.059425020576221704
2024-01-02,-0.003990685762690543,0.0009124535060256941,-0.0049031392687162376,-0.0066311358501958415
2024-01-03,0.003190402700687317,0.001435853957057782,0.0017545487436295341,-0.00627548299041462
2024-01-04,-0.00034111014111726365,0.0005812809395916718,-0.0009223910807089342,-0.027400013659885612
2024-01-05,-0.0003865595226092862,-0.0031572570325355378,0.002770697509926252,-0.09160668600082593
2024-01-08,-0.0015099914544738872,-0.0005110330131610835,-0.0009989584413128043,-0.004019750836961824
2024-01-09,-0.005519473512108389,-0.002825829903752975,-0.0026936436083554154,0.04762298957869688
2024-01-10,-0.0002343017319106301,-0.0017222168182887878,0.0014879150863781575,-0.009372594390275301
2024-01-11,0.0026234253680415738,0.0005153460807726419,0.0021080792872689327,0.19368923191281778
2024-01-12,-0.0006312641351563747,-7.888703972213675e-05,-0.0005523770954342384,0.039368091678523925
2024-01-15,0.014745814491525705,0.005277550006173671,0.009468264485352037,-0.1036506801995741
2024-01-16,0.0034185960458711943,0.001450306686166981,0.0019682893597042124,-0.003252694943315554
2024-01-17,-0.006783332190462392,-0.002948825550361644,-0.003834506640100748,0.06022185307999043
2024-01-18,-0.00018642151433222827,0.00028545677335023445,-0.00047187828768246315,-0.07242252790979363
2024-01-19,0.00409346189151322,0.004243354894722159,-0.00014989300320893476,-0.06126243638078517
2024-01-22,-0.004557069276226953,-0.001544981329776087,-0.0030120879464508653,0.005219867428766883
2024-01-23,-0.003667618815572982,-0.001411791140047176,-0.0022558276755258056,-0.08400538032944317
2024-01-24,0.0003418145498893413,0.0015237055116357513,-0.0011818909617464105,-0.02429050757034501
2024-01-25,-0.006281678551797703,-0.003922208179469606,-0.002359470372328098,0.07204626552942073
2024-01-26,-0.001792896268288336,0.0012382045064200878,-0.0030311007747084225,-0.14279080584057485
2024-01-29,0.005236457796587282,0.0006788644803174121,0.00455759331626987,-0.0010762856452448174
2024-01-30,-0.009821536435290289,-0.002885845406896256,-0.006935691028394034,-0.12430147745585245
2024-01-31,-8.855192627895043e-05,0.0001954551258617548,-0.00028400705214070426,0.10151152458165402
2024-02-01,-0.008742069392615154,-0.004541903404966798,-0.004200165987648358,0.004292995910668837
2024-02-02,0.006954089868433345,0.00288766918697196,0.004066420681461385,-0.025696155586177903
2024-02-05,0.0002584499719102838,-0.0005933920158676369,0.0008518419877779201,0.06581725039480286
2024-02-06,-0.00148103070692536,-0.00039913615648152177,-0.001081894550443838,0.11098178677168534
2024-02-07,0.004564199467902384,0.001817095728631808,0.002747103739270578,0.07701501394748225
2024-02-08,0.008999164734014608,0.003972439915183087,0.005026724818831523,0.029608267292673695
2024-02-09,0.0054510817071657175,0.00017416202149301554,0.005276919685672702,-0.03308909787688007
2024-02-12,0.002058436662757612,-0.00012700718030216572,0.002185443843059777,-0.053731972500469065
2024-02-13,-0.0020121556204313134,0.0004921248840168615,-0.0025042805044481736,0.03877220125536789
2024-02-14,-0.003662044867056164,-0.0005907393561625923,-0.0030713055108935704,0.06252397494754589
2024-02-15,0.002415282906686342,-0.0008425074353904938,0.0032577903420768356,-0.004636845769416515
2024-02-16,0.0037368975694345,0.0029743494276999217,0.000762548141734579,0.02529338990612573
2024-02-19,-0.0001929950940497572,0.00039485330587296207,-0.0005878483999227201,-0.008771643124195556
2024-02-20,0.0015762048278943354,0.0005059657158304181,0.0010702391120639178,0.2242539247901126
2024-02-21,-0.0005790800385772142,-0.0013043109631898364,0.0007252309246126212,0.06313570482126507
2024-02-22,0.01342643738359746,0.007222036453422155,0.006204400930175304,0.07782304819087041
2024-02-23,0.003648263560546378,0.0021094736636816033,0.0015387898968647752,0.016607279085152117
2024-02-26,0.003910780145619189,0.002003712311351061,0.0019070678342681278,0.07988888590864292
2024-02-27,0.0008696566166456635,-0.0003809623808126708,0.0012506189974583332,-0.02932133075647636
2024-02-28,0.00503985485355286,0.002014432803609323,0.003025422049943538,0.02849017366113
2024-02-29,-0.001940294682573932,-0.002316260909476337,0.000375966226902405,0.10849682425710776
2024-03-01,0.0020098679897352927,0.0005535269145772511,0.0014563410751580429,0.06894774750918661
2024-03-04,0.007477038564401688,3.8262562588589275e-06,0.00747321230814283,0.17160726250111183
2024-03-05,0.0036934286321605335,0.001977706259879878,0.0017157223722806562,0.0292896254698307
2024-03-06,0.01001312361664243,0.002627086037082817,0.007386037579559612,0.007476355621621551
2024-03-07,0.0016350804421999985,0.0003795342439579519,0.0012555461982420475,-0.07028989178914519
2024-03-08,0.00047057293565980337,0.000831742773964559,-0.00036116983830475347,0.04121377428756622
2024-03-11,-0.0038059744237021577,-0.0014214333411227183,-0.0023845410825794403,-0.029953142691265998
2024-03-12,0.001981363287315682,0.001492909084869599,0.0004884542024460832,-0.04556817103773188
2024-03-13,-0.0017328543411143068,-0.0017225948578105709,-1.0259483303735883e-05,0.04113964253867914
2024-03-14,-0.0031403449986066147,-0.0013524269687369,-0.0017879180298697173,0.0477772855574807
2024-03-15,0.0049378120933914,0.0009010947409771754,0.004036717352414224,0.04696391869838819
2024-03-18,0.003475743623053134,0.002068286739407753,0.001407456883645377,0.04626864789102431
2024-03-19,0.002772086806743324,0.0012370006405313556,0.0015350861662119693,-0.008038043655043643
2024-03-20,0.003118308324403205,0.002308971229154272,0.0008093370952489331,0.0528822876854466
2024-03-21,-0.0004280540445830115,0.0017539702926999065,-0.0021820243372829215,-0.06234005727959576
2024-03-22,0.003090638284436236,0.0001919428396897462,0.0028986954447464894,-0.028319148386816824
2024-03-25,-0.0033614932492203563,-0.0025320508847013028,-0.0008294423645190535,0.13986745645820883
2024-03-26,-0.0015164553849911825,-0.0006346602556502766,-0.0008817951293409068,-0.01612712872183863
2024-03-27,0.008416308890316963,0.0029771864454223073,0.005439122444894657,-0.1752092367583551
2024-03-28,-0.0010088719483587276,0.0016640305722010924,-0.0026729025205598222,0.1283296775313405
2024-03-29,-0.011635516303337453,-0.005618400563319456,-0.006017115740017995,-0.06702234415018901
2024-04-01,0.008696128021141936,0.003636840100805206,0.005059287920336731,0.07152437851417764
2024-04-02,-0.004279299927706194,-0.0016907028246416645,-0.002588597103064529,-0.002575751219197989
2024-04-03,0.004410459675627042,0.001945379460819296,0.002465080214807747,0.11316393766809259
2024-04-04,-0.0002831976577311197,-0.0026996453396806296,0.002416447681949511,0.08635789439123022
2024-04-05,0.00804514795140221,0.003619197172629049,0.004425950778773161,0.010510557210108922
2024-04-08,0.006077827504647832,0.0019773979260340104,0.004100429578613823,0.05647814978139189
2024-04-09,0.0006514008760039513,0.001953374964858548,-0.0013019740888545912,0.09333814329088265
2024-04-10,0.0029647455036984124,0.0012706309281196168,0.001694114575578796,-0.019291881128753754
2024-04-11,0.005249401535896771,0.003155277087586679,0.0020941244483100915,0.027542424720613495
2024-04-12,-0.0010128302865158225,-0.0020825596918002814,0.001069729405284459,-0.045274248323347366
2024-04-15,0.0014520078334018531,0.0016886378137652217,-0.00023662998036336896,-0.07502642066834471
2024-04-16,-0.0023778547943252223,-0.0015204099753682965,-0.0008574448189569261,-0.034440079654794585
2024-04-17,-0.003532619787922544,-0.0007450563486637511,-0.002787563439258792,-0.06675280306355198
2024-04-18,-0.0018647573733048268,-0.00153275418967856,-0.0003320031836262678,-0.02429626998950213
2024-04-19,-0.003434793996347903,-0.0008868934688529223,-0.0025479005274949796,0.13313583643474194
2024-04-22,-0.0014123948682570357,-3.136405261075677e-05,-0.0013810308156462798,0.023316699339859748
2024-04-23,0.0075244132086445875,0.002342704000060026,0.005181709208584562,-0.03189072055383006
2024-04-24,0.0012241204296892382,-0.00023996555326424732,0.001464085982953486,0.08838612262031345
2024-04-25,-0.001690992463339956,-0.0027468958747755845,0.001055903411435629,-0.07560639247022938
2024-04-26,0.005013581722802286,0.0021689575207433,0.002844624202058988,-0.09242469711374668
2024-04-29,-0.004006860262174485,-0.0023795180988622957,-0.0016273421633121888,0.004097376644092101
2024-04-30,-0.005225475266932159,-0.002042685166316321,-0.003182790100615837,-0.0636029202364237
2024-05-01,0.00024085450246335053,0.0014551831124650317,-0.0012143286100016813,0.09552438373621759
2024-05-02,-0.004015704210516251,-0.00221879547321481,-0.001796908737301442,-0.019163369415540133
2024-05-03,0.005679735439315794,0.003095990310103214,0.00258374512921258,0.008883171650573764
2024-05-06,-0.0011512324810682788,8.76819043183234e-05,-0.0012389143853866018,0.11621231587669299
2024-05-07,0.000523417952604283,-2.165013860088577e-05,0.0005450680912051694,0.04407156029402996
2024-05-08,0.006797861311275343,0.0022847991752038247,0.004513062136071519,-0.1260416120150144
2024-05-09,0.0025516758953509503,0.0002924563898656055,0.0022592195054853452,-0.09543230283106037
2024-05-10,-0.006943392264270371,-0.0021243782419619207,-0.004819014022308454,0.03199161318919499
2024-05-13,-0.0053989511925365274,-0.002187027843305038,-0.0032119233492314864,-0.030427692211208928
2024-05-14,0.0015461291881717267,0.000799708035057343,0.0007464211531143837,0.014980801948008196
2024-05-15,-0.0016071479524959315,-0.0017634259742947066,0.00015627802179877485,-0.11006131275950269
2024-05-16,0.0009548985696362046,-0.0006465898385041927,0.001601488408140398,0.05356295585914555
2024-05-17,-0.0059625153049664825,-0.0023980181445783606,-0.003564497160388122,0.09529480230272172
2024-05-20,0.00285132348809271,0.0014192352938600628,0.0014320881942326477,0.12713778213807958
2024-05-21,0.004965562908651338,0.0008896440053444664,0.0040759189033068716,0.03759523887304386
2024-05-22,0.007181060266962266,0.0019737198733378557,0.005207340393624414,-0.1437995009514658
2024-05-23,0.0021644691438278494,-0.00048605843524677627,0.0026505275790746257,0.11087055621678651
2024-05-24,-0.00813796522698541,-0.0020043342064121512,-0.006133631020573262,0.11589128977685224
2024-05-27,0.006825063210940758,0.0026614480575649566,0.004163615153375801,-0.10381103995775347
2024-05-28,0.006171498103996047,0.0018851897877031325,0.0042863083162929146,0.07341833458095338
2024-05-29,-0.005155096544088437,-0.0014332042166436691,-0.0037218923274447676,-0.12399832880455391
2024-05-30,0.003551557844545912,0.0018255846054236217,0.0017259732391222892,0.08199784172175044
2024-05-31,-0.006345430698600269,-0.0022390158314359483,-0.004106414867164322,0.12123869208835605
2024-06-03,0.004411539879290483,0.0023891556488843573,0.002022384230406127,-0.016151871348785495
2024-06-04,0.006913880554266589,0.002223736388741784,0.004690144165524804,0.049331918315836595
2024-06-05,-0.0008070612782764784,0.00020904643569397748,-0.0010161077139704544,-0.0021244177974070882
2024-06-06,0.002514623674293177,0.0009410153585525062,0.001573608315740672,-0.10220806288315715
2024-06-07,-0.00010137790355400174,0.0011359853145505696,-0.00123736321810457,-0.010565244986145169
2024-06-10,-0.005241995168847106,-0.001578151613461129,-0.003663843555385975,0.0313701782920138
2024-06-11,-0.0005043913352497125,0.0007397576514209423,-0.001244148986670655,0.07185758222791942
2024-06-12,0.0016477148368470912,5.147018989870664e-05,0.0015962446469483848,0.11340556510461819
2024-06-13,0.004125886128225598,0.00123106101943192,0.0028948251087936787,-0.007847845990568907
2024-06-14,0.006796474841020349,0.0025438027503665393,0.00425267209065381,0.05635553537478081
2024-06-17,-0.0005295719381441325,-0.0005008664902398071,-2.8705447904322536e-05,-0.01745708261002355
2024-06-18,0.0030194869243927473,0.002174821772432825,0.0008446651519599222,0.004179533786530254
2024-06-19,-0.0008497652061055833,-0.0007196817566347815,-0.0001300834494708013,0.025242520648368905
2024-06-20,0.00018752977172822687,-0.000714361001233283,0.0009018907729615096,-0.0023791325247114
2024-06-21,0.0015078393679451288,-9.242296489115481e-05,0.0016002623328362844,0.06694958617156571
2024-06-24,-0.00017005657165565687,-0.0014730968936590844,0.001303040322003428,-0.062092715928138524
2024-06-25,0.0038390289894165673,0.0008454981011112037,0.0029935308883053636,0.011228024501377916
2024-06-26,-0.0032107041384159206,-0.0005902768856253897,-0.0026204272527905314,0.006332129642143484
2024-06-27,0.0005816436661136934,-8.695929853646053e-05,0.0006686029646501546,-0.11136786069436493
2024-06-28,0.0003762762131575008,0.0003058735816804999,7.04026314770009e-05,0.04891444637019041
2024-07-01,-0.00679587844177355,-0.002902424677513293,-0.0038934537642602587,-0.03948720956051787
2024-07-02,0.0027389473402245033,0.0014809212939249465,0.0012580260462995568,0.011276782778675696
2024-07-03,-0.002185674443778292,-0.0013171355638329583,-0.0008685388799453356,0.02149329479292176
2024-07-04,0.0006175772850062669,-0.0003310254993087254,0.0009486027843149925,0.03131209140637709
2024-07-05,0.001098474518642448,0.0018189802097412344,-0.0007205056910987873,-0.014025538081578005
2024-07-08,0.0015093774141302098,0.0012957395948358036,0.00021363781929440665,-0.10429266705098407
2024-07-09,-0.0007757571767679018,-0.0011161016931632824,0.0003403445163953807,-0.060967817376025454
2024-07-10,-0.005786631626201561,-0.0013977352471921723,-0.004388896379009388,-0.004984415461645991
2024-07-11,-0.00338570845552907,-0.0005776137066571259,-0.002808094748871945,0.04050441639039139
2024-07-12,-0.00028925185049984733,0.0012578478275905754,-0.0015470996780904238,-0.04388951931472113
2024-07-15,0.002232596148790788,0.0015144763780061772,0.0007181197707846105,0.12424797895196954
2024-07-16,-0.0028825939241586994,0.00024298073851566904,-0.0031255746626743693,-0.06707244768318629
2024-07-17,0.007787482388396011,0.004746141793720099,0.0030413405946759092,-0.016404877558748622
2024-07-18,-0.0038052374549434834,-0.0016007922026506083,-0.0022044452522928734,0.049559966154532696
2024-07-19,-0.0010538354737350522,-7.160950399319119e-05,-0.0009822259697418612,0.0960869336055807
2024-07-22,0.0033048503068708857,0.0015041442223177942,0.0018007060845530915,0.1226695521115494
2024-07-23,0.005871264299825561,0.0016308633661566724,0.004240400933668889,0.03975854963646199
2024-07-24,0.007458399403082339,0.0028592532255815265,0.004599146177500814,0.06896797365045106
2024-07-25,0.0021733747225517156,-0.0003064696358099639,0.0024798443583616795,-0.005840519789954479
2024-07-26,0.004536478047205703,0.002415165579253935,0.002121312467951768,-0.01850963625816319
2024-07-29,-0.0003655598705253007,0.00042267889657159226,-0.0007882387670968948,-0.11462953899806193
2024-07-30,-0.0012407703485727152,-0.0027361502103199487,0.0014953798617472341,0.07732284853926367
2024-07-31,-0.007836833154861113,-0.0033783816862731964,-0.004458451468587916,-0.08399284870406382
2024-08-01,0.005287122581985842,0.0019760608849326896,0.0033110616970531523,0.08928168096722602
2024-08-02,-0.005869355163917744,-0.00015182514707367915,-0.005717530016844066,-0.029953611597558646
2024-08-05,0.006696169504776537,0.0023493509381901784,0.00434681856658636,0.10519086228624297
2024-08-06,-0.001987448321237055,-0.0020956237240623322,0.00010817540282527516,-0.08543915873341823
2024-08-07,0.007564386986440207,0.003848310372030461,0.0037160766144097458,-0.06825470826508015
2024-08-08,-0.005017939807510118,-0.0022859043356435356,-0.0027320354718665847,-0.08732467700385477
2024-08-09,-0.004298943022912533,4.286224044099986e-05,-0.004341805263353534,-0.06719693431065939
2024-08-12,-0.005573857123109037,-0.002370695433805107,-0.003203161689303931,0.014096811962713857
2024-08-13,-0.003755240202406385,-0.001212868287827528,-0.0025423719145788565,0.04672062526429925
2024-08-14,0.0008517058160913624,-0.0004278101932513618,0.0012795160093427259,-0.042686077674807164
2024-08-15,0.0029174728123579374,0.0006960253046392752,0.002221447507718662,0.04276076691761403
2024-08-16,-0.00249806992130263,-0.0018553742143233602,-0.0006426957069792704,0.08717348493745847
2024-08-19,0.002770666067881842,0.0022437496879104454,0.0005269163799713969,0.025156150947826552
2024-08-20,0.005970952510100861,0.0017266563322768974,0.004244296177823965,0.11421812187562594
2024-08-21,0.0016362611625954043,0.0007535849739269823,0.0008826761886684235,0.006293008987235734
2024-08-22,0.007814956600845923,0.002492325420778127,0.005322631180067796,-0.01129926818746027
2024-08-23,0.00040164067894433075,-6.291214003265012e-05,0.00046455281897698076,0.02727699900772686
2024-08-26,-0.0007842137656019932,-0.00026441078974335196,-0.0005198029758586419,0.01789752768270544
2024-08-27,0.0016215950131976647,0.0009312114562526411,0.0006903835569450224,0.07134941714326155
2024-08-28,0.0010441306592687343,-0.0005316168926683667,0.0015757475519371008,-0.06031017690760366
2024-08-29,0.004764620980981265,0.0023266739806808226,0.0024379470003004413,-0.06358817972006044
2024-08-30,-0.003554931856389159,-0.0027195958723938863,-0.000835335983995272,-0.02881927801070681
2024-09-02,-0.003759211313984179,-0.0009880864538533846,-0.0027711248601307945,0.061392556440079266
2024-09-03,-0.002128847299669129,-6.179726547474e-05,-0.0020670500341943877,-0.007655055875645404
2024-09-04,0.004560431257716566,0.00367130760621805,0.000889123651498515,0.08338445534251061
2024-09-05,-0.0005041770736063439,0.0014859255619181725,-0.001990102635524516,0.028397563783420468
2024-09-06,0.006055452564421641,0.0032362705617555504,0.0028191820026660912,0.07722026718577506
2024-09-09,0.0015661546577981997,0.0008045776085813874,0.000761577049216814,0.03414761912360574
2024-09-10,0.004193776492418444,0.001632580061217588,0.0025611964312008562,-0.004212368547299075
2024-09-11,0.002338857842802868,0.0006009787244182704,0.001737879118384595,0.00045669602458264325
2024-09-12,-0.00024915411446660364,-0.00019043795271494156,-5.871616175166447e-05,0.09894510091447578
2024-09-13,2.1876206216644555e-05,0.0005351598238959154,-0.0005132836176792721,0.05886475266292843
2024-09-16,0.0057349499470505105,0.002359886473585973,0.003375063473464537,0.0589286318753104
2024-09-17,0.0035424217831260814,0.0008081805561625838,0.0027342412269634967,-0.03664314783463869
2024-09-18,0.0038187835713553364,0.001364547541770633,0.002454236029584703,-0.023723592321957046
2024-09-19,-0.0021930805408501507,-0.0018880367342266578,-0.00030504380662349246,-0.013164496052262803
2024-09-20,-0.0014241350741897299,-0.00018670515400520573,-0.001237429920184524,-0.03282905919130079
2024-09-23,-0.000789645930064391,9.07789232549392e-05,-0.0008804248533193304,0.05207808574916206
2024-09-24,-0.002114735718789825,-0.001160800164603227,-0.0009539355541865972,-0.12301507711591896
2024-09-25,0.0035393505334431713,0.002225999874286585,0.0013133506591565874,-0.1584461522240856
2024-09-26,-0.007617406717987671,-0.002592271186175157,-0.005025135531812516,-0.017791380988917443
2024-09-27,-0.009897529958109368,-0.004296657362715279,-0.005600872595394088,0.08625998173594256
2024-09-30,-0.0010097843129306693,0.0001809497543262704,-0.0011907340672569402,-0.0681779702500502
2024-10-01,0.005352158905305989,0.0008619559500612091,0.0044902029552447795,-0.028133524150123664
2024-10-02,-0.004288224108753699,-0.0019899984843182975,-0.0022982256244353997,0.0007730591101418489
2024-10-03,-0.0017754939684446807,-0.00019195547380149603,-0.0015835384946431838,-0.032712196336699466
2024-10-04,4.04301443571722e-05,-0.0008644145426354413,0.0009048446869926135,-0.08758512453777753
2024-10-07,-0.0018942922992784812,-0.0011385321477902091,-0.0007557601514882719,-0.023584561955341882
2024-10-08,-0.005183536934077891,-0.0004402576314883923,-0.004743279302589498,-0.18936727507932988
2024-10-09,-0.0014582923369169153,-0.0005849472672096968,-0.0008733450697072202,0.13065092353739693
2024-10-10,-0.012850204092647671,-0.002835631598470921,-0.01001457249417675,0.03037478118528337
2024-10-11,0.008763856810637906,0.0023710206205789924,0.006392836190058914,0.00201481414169954
2024-10-14,0.0020820949341196038,0.0007904819091201689,0.0012916130249994353,0.06956642185805681
2024-10-15,0.00011529332609780396,-0.0009173878207377369,0.0010326811468355408,0.1121251626544309
2024-10-16,0.004736007688163332,0.0006840880191943538,0.0040519196689689785,-0.169044134398094
2024-10-17,0.008009182555730738,0.0037845835417130037,0.004224599014017737,0.03305649924624299
2024-10-18,-0.009181008738026167,-0.001905229430074415,-0.007275779307951754,0.05804277606737689
2024-10-21,0.0021004390407699377,6.94369731897113e-05,0.0020310020675802275,-0.08863935549100242
2024-10-22,0.003163756413432596,0.0011897960607810379,0.001973960352651558,0.04738147432377813
2024-10-23,-0.004658212194449037,-0.0015483068714436232,-0.0031099053230054154,-0.16903255701361375
2024-10-24,0.0027722432008160562,0.00157857316419236,0.0011936700366236954,0.1360231996098728
2024-10-25,-0.009063420892809367,-0.0042280573974024654,-0.004835363495406903,0.12738793759551748
2024-10-28,0.008658662959063776,0.0030245108960763774,0.005634152062987398,-0.06025627939625066
2024-10-29,0.00710580350600824,0.002458647744856564,0.004647155761151674,-0.15259302491778054
2024-10-30,-0.0035914907600083173,-0.00062562547490695,-0.0029658652851013677,-0.01816748290444018
2024-10-31,-0.00923849880508128,-0.003841771826548674,-0.005396726978532607,-0.0021312697466746217
2024-11-01,-0.0010548753886082279,0.00012077199539136697,-0.0011756473839995944,0.023688347493359598
2024-11-04,-0.00011905253394431446,3.4915419149556155e-05,-0.00015396795309387083,0.039308891310427606
2024-11-05,0.001536772773034381,0.0003703979888454688,0.001166374784188913,0.013523633677213107
2024-11-06,0.0025868818430408477,0.0025688384469038,1.804339613704735e-05,0.0976849345142155
2024-11-07,0.0008620108327107617,0.0005034501996048876,0.00035856063310587454,0.1980382275371732
2024-11-08,0.006415574410262675,7.742161318399776e-05,0.006338152797078677,-0.062052977362298735
2024-11-11,0.012848310035274271,0.003081493632893874,0.009766816402380397,-0.07833651114977254
2024-11-12,-0.003538794905313034,-0.0006275599019957194,-0.002911235003317315,0.09840495129745942
2024-11-13,-0.0040634294036652665,-0.0014107165699028881,-0.0026527128337623766,0.11151019366869247
2024-11-14,0.005977339396076987,0.0006495037369884434,0.005327835659088543,-0.08482511733581027
2024-11-15,0.006625369945381907,0.0021897343392030134,0.004435635606178893,0.04354492695861787
2024-11-18,-0.0045460137139044935,-0.00041963811177446117,-0.004126375602130031,-0.055820776097300046
2024-11-19,0.0022715137727844035,0.0010231646513149213,0.0012483491214694813,0.041530040487846163
2024-11-20,-0.0030875883477870566,-0.0003135662623886088,-0.0027740220853984467,0.08785721524663853
2024-11-21,0.0025910359566010573,0.0014816611144596826,0.0011093748421413746,-0.027568251079768815
2024-11-22,0.004933096481211134,0.0009198668936924225,0.004013229587518713,0.059066299796700104
2024-11-25,-0.001607919681280271,-0.0011836649832391334,-0.0004242546980411379,-0.053093071717669804
2024-11-26,0.0039894508154488416,0.0010246132543520053,0.0029648375610968353,-0.09410157881788865
2024-11-27,-0.003237991819509571,-0.0005486418662983376,-0.0026893499532112293,-0.06097918400847038
2024-11-28,-0.0060315509245782795,-0.0034225548540092504,-0.002608996070569029,-0.07167540929860798
2024-11-29,-0.004034417161382472,-0.0005138033022477045,-0.003520613859134769,-0.18179778084810913
2024-12-02,-0.004700779562257517,-0.002285718728467308,-0.002415060833790209,0.11571946551521158
2024-12-03,-0.01582287477296538,-0.0060606541034273,-0.00976222066953808,-0.09184829952053668
2024-12-04,0.009819419713958066,0.004712943371993829,0.005106476341964235,0.14864864840269182
2024-12-05,-0.006992522969236848,-0.004658396955753601,-0.0023341260134832472,0.1587895453161398
2024-12-06,0.0115057045433884,0.003565239384168013,0.007940465159220388,0.12370577832246388
2024-12-09,0.011847743006870292,0.0030996372990566195,0.008748105707813671,-0.009301676879677766
2024-12-10,0.008953004540018236,0.0031441118862552565,0.005808892653762982,-0.0013590545626954822
2024-12-11,-0.0006179450079014637,-0.0019484916013538453,0.0013305465934523829,0.12018897182338303
2024-12-12,-9.397585215722157e-05,-0.00039567098691835334,0.00030169513476113134,-0.001353903296395735
2024-12-13,0.007614304252882424,0.004432146587383674,0.003182157665498748,-0.05375420914068459
2024-12-16,-0.0001749274403248745,0.0015339530941812663,-0.001708880534506142,-0.07735693741753262
2024-12-17,-0.004505549008335935,-0.0043512925210950765,-0.00015425648724085896,-0.020021035364839346
2024-12-18,-0.005080251662051144,-0.003378219296635027,-0.001702032365416117,0.009856858479376817
2024-12-19,-0.0014896756428751014,-0.001894602685458808,0.00040492704258370606,0.06021310359411831
2024-12-20,0.0007800092383669242,0.00032442471673110743,0.0004555845216358172,0.04914933572931005
2024-12-23,0.004472231941617933,0.0017418890843306188,0.0027303428572873142,-0.014523390494510858
2024-12-24,0.003928527533762615,0.0011329144527326106,0.002795613081030008,0.06124485752494429
2024-12-25,-0.0009249791166308903,0.002678685044964081,-0.0036036641615949695,0.08078474635239175
2024-12-26,0.004172547231632751,0.0022810882810817383,0.0018914589505510124,0.03984745698519736
2024-12-27,0.005449067674789389,0.0025653852701859924,0.002883682404603398,-0.026706078911480028
2024-12-30,0.0023599130388209304,0.0006897093165848186,0.0016702037222361106,0.016945126771677088
2024-12-31,-0.0016364674115494347,0.0011331820328341624,-0.0027696494443835984,0.013985952748983338
2025-01-01,0.0010079274093915778,0.0005451230809971944,0.000462804328394384,-0.03564713056071086
2025-01-02,0.000795983491482904,-3.957227334663014e-05,0.0008355557648295345,0.05714113871756322
2025-01-03,-0.002355716408864522,-0.00141334256116045,-0.0009423738477040713,0.009977428974744634
2025-01-06,0.0031903535197738827,0.001977205297784234,0.0012131482219896478,0.021627866219378542
2025-01-07,0.0007649450401164351,0.0007599295167476667,5.015523368769037e-06,-0.03833353282366599
2025-01-08,0.0013813256094499277,0.0024665158421486137,-0.0010851902326986865,-0.01837727043264578
2025-01-09,-0.002525653263187811,-0.0005610279650727362,-0.0019646252981150754,-0.033837365565363584
2025-01-10,-0.0010847246409769991,-0.00044477364902875856,-0.0006399509919482425,0.024570557947093567
2025-01-13,-0.0027597738868788708,-0.0015009143386447849,-0.0012588595482340842,-0.16144138488773266
2025-01-14,0.0020132021140709163,-0.002154770495953001,0.004167972610023919,0.06808190486908021
2025-01-15,-0.009839214932925066,-0.0038703220155889588,-0.005968892917336107,-0.03750092514480351
2025-01-16,0.004425624743802234,0.0014415578150150186,0.0029840669287872143,-0.06142083660041477
2025-01-17,-0.002472756923736908,-0.0004910170958527249,-0.0019817398278841845,0.06645291701385474
2025-01-20,-0.003993504069017231,-0.002238570952626611,-0.0017549331163906196,-0.11852312904222838
2025-01-21,0.003922102582453537,0.0024583732804080057,0.0014637293020455314,-0.01949121794411329
2025-01-22,-0.0071422247564418085,-0.003630785387862595,-0.003511439368579215,0.10362859749676649
2025-01-23,-0.0012479920964894782,-0.0008652750886521039,-0.00038271700783737385,0.04127312985284643
2025-01-24,0.006934660252811767,0.0021700925639939334,0.004764567688817835,0.10557046517254319
2025-01-27,0.002533382281968196,0.0005731705137182275,0.0019602117682499696,-0.042611039556302424
2025-01-28,0.00649206528144256,0.0020653139613469283,0.004426751320095634,-0.07540161493215751
2025-01-29,-0.0026511837473624875,-0.0008712221893953593,-0.0017799615579671291,-0.008743348796696424
2025-01-30,-0.004801772999263263,-0.00354264831432486,-0.0012591246849384015,-0.0620161842677117
2025-01-31,-0.0005808268921845657,-0.0019169669425875106,0.0013361400504029453,
2025-02-03,-0.004859933731991395,-0.004245459963146105,-0.0006144737688452973,
