,ls_ret,long_excess_ret,short_excess_ret,ic
2017-01-02,0.0020372030187966027,5.195828892056234e-05,0.0019852447298760387,0.022365313814293224
2017-01-03,-0.008517539153303675,-0.0003677369827281531,-0.008149802170575522,0.05041965408609917
2017-01-04,0.0020180503965613722,0.00019189539050165378,0.001826155006059719,0.058427223181588425
2017-01-05,0.00435019822783857,0.00016661365324465403,0.0041835845745939165,-0.01037575008140868
2017-01-06,0.011525273390576503,0.0004725498029979347,0.01105272358757857,0.09561527220968435
2017-01-09,-0.0011551515808796088,-7.239900594645764e-05,-0.001082752574933149,0.04060042431304371
2017-01-10,0.005864612441870554,0.0008531732426200183,0.005011439199250536,0.10189820473710748
2017-01-11,0.0023493880405494093,0.00036919327615437484,0.001980194764395035,0.016855254065364228
2017-01-12,0.005797366398472994,0.0006789988106379052,0.005118367587835088,-0.05895222682598912
2017-01-13,0.002040037473760371,3.6973368520625514e-05,0.0020030641052397446,0.10933032922333415
2017-01-16,-0.008550087790139726,-0.00015937051771277569,-0.008390717272426951,-0.09347609676769522
2017-01-17,0.014286661203407863,0.0003729747794581782,0.013913686423949682,-0.05502242482248587
2017-01-18,-0.01330666123389555,-0.0004708900885218234,-0.012835771145373726,-0.021907346637172097
2017-01-19,-0.006486781788926907,-0.00016016290596931637,-0.00632661888295759,0.0108754829784974
2017-01-20,-0.00365735400921357,-0.00011156051419669404,-0.0035457934950168784,0.03491031878638864
2017-01-23,0.002087318147683252,3.730808958571916e-05,0.0020500100580975334,0.047648900993480924
2017-01-24,0.005223571253295472,0.00011446391328301733,0.005109107340012456,0.0063677620753253995
2017-01-25,0.007573192182181097,0.00011071684996373076,0.007462475332217367,0.024635081973817245
2017-01-26,0.0011324146752402378,1.0420945541094774e-05,0.001121993729699144,-0.023046547563790876
2017-01-27,0.003463650421939304,9.737975714272252e-05,0.0033662706647965817,0.05354854801546275
2017-01-30,-0.0034106897249286906,-1.4996638452008902e-05,-0.003395693086476681,0.019527419356681154
2017-01-31,0.006817246112570549,0.00016623296488911836,0.006651013147681431,0.018708265680875042
2017-02-01,0.002693424506534683,3.20759024038551e-05,0.002661348604130827,0.007984039250662772
2017-02-02,0.00335148093109544,0.00017812788682113057,0.0031733530442743137,0.018514211788553125
2017-02-03,0.0011775950931655142,-7.505605960088021e-05,0.0012526511527663937,-0.041386749001262275
2017-02-06,0.00156765313050297,-6.0673153996890564e-05,0.0016283262844998597,-0.009619865792340691
2017-02-07,-0.003650628749601198,-0.00020363837972014673,-0.0034469903698810516,-0.016103141856832606
2017-02-08,-0.0007991171353898079,2.920607298931635e-06,-0.0008020377426887406,-0.0472409138912296
2017-02-09,-0.0031489687470318247,7.401229981045428e-05,-0.003222981046842278,-0.06247938623427016
2017-02-10,-0.008924929197886337,-0.00012419767937071544,-0.008800731518515622,0.048684149276158724
2017-02-13,-0.006669240783969692,-0.0001996076085674309,-0.006469633175402259,-0.06918373365124
2017-02-14,0.0055314633641782955,0.00013666293383785607,0.005394800430340439,-0.13094155626917117
2017-02-15,-0.008318921612513082,-0.00016482486927483012,-0.008154096743238252,-0.036401793066563125
2017-02-16,-0.01337712636975181,-0.00036873196777902767,-0.013008394401972784,0.015658729071536398
2017-02-17,-0.003919845840328589,-0.00014993018607557633,-0.0037699156542530116,0.06195603536957831
2017-02-20,0.0017917159677064164,-1.4082250034504066e-05,0.001805798217740921,0.023082792427944858
2017-02-21,0.012169553464471242,-9.012929429445121e-05,0.012259682758765688,0.09473556057490798
2017-02-22,0.004522177498858566,-2.4026954116941612e-05,0.004546204452975505,0.033538510658021915
2017-02-23,0.0239042832527147,0.00016058300155463376,0.02374370025116007,0.018722305931215176
2017-02-24,0.00696927476234326,7.093636760449606e-05,0.006898338394738764,0.10084653728607376
2017-02-27,0.0038943076695388185,3.36132556456128e-05,0.003860694413893204,-0.07420499906701335
2017-02-28,0.021663498298394885,0.00024346137527437878,0.021420036923120507,0.13035502536162077
2017-03-01,-0.016656879760783512,-0.0001267018135952887,-0.016530177947188224,0.014165718664247031
2017-03-02,0.01976802485567089,0.0003321942516564657,0.019435830604014423,-0.012291674352520024
2017-03-03,0.002511107613932222,3.167152906621146e-05,0.00247943608486601,-0.008225183976203192
2017-03-06,-0.002153090292134026,-3.594773950074768e-05,-0.0021171425526332784,-0.006066337677119611
2017-03-07,-0.0013148731232384492,-1.232108665587782e-05,-0.0013025520365825723,-0.01358094453475599
2017-03-08,-0.0009961938966616785,-8.963932877561727e-06,-0.0009872299637841168,-0.0330873918462218
2017-03-09,-0.0023206584056701283,-4.2811761052355055e-06,-0.002316377229564894,-0.034388958368480875
2017-03-10,-0.005529300632049939,7.742188871601337e-06,-0.005537042820921538,-0.09041066954328507
2017-03-13,-0.003918339564444052,-0.00014261170490021584,-0.003775727859543837,0.06653399850124941
2017-03-14,-0.009097995655699716,-0.00031147506898555194,-0.008786520586714162,-0.005924438746371041
2017-03-15,0.007883315171703108,0.00033367444020448653,0.007549640731498622,0.0252936759384405
2017-03-16,-0.0007961567338288728,-0.00011725272465966559,-0.0006789040091692055,-0.09113540150961806
2017-03-17,0.004254160973895454,-6.577116348124509e-06,0.004260738090243578,0.0018100816465292848
2017-03-20,-0.006698762895869747,-0.0005924092632208953,-0.006106353632648852,0.010512362872076709
2017-03-21,0.00013124703093095606,7.933559618619225e-05,5.1911434744764465e-05,0.010968109918100068
2017-03-22,0.0006497911246654516,0.00014913847503159657,0.0005006526496338553,-0.08433549628742895
2017-03-23,0.0008288263045532167,9.102590602018228e-05,0.000737800398533035,0.024274116370715023
2017-03-24,-0.009863872638145678,-0.0003536375022489841,-0.009510235135896692,-0.004864792006240239
2017-03-27,0.004672646921763784,5.519116810018959e-05,0.004617455753663596,-0.0636535764809522
2017-03-28,-0.0013729916134624074,-1.348090066837556e-05,-0.0013595107127940308,0.04217469942180903
2017-03-29,-0.014423436702494328,-0.00010926281599942466,-0.014314173886494903,0.01282307758565876
2017-03-30,0.008194304796745443,6.95482979522358e-05,0.008124756498793205,-0.004907314813228756
2017-03-31,0.001803382790959368,6.995218867055647e-05,0.0017334306022888137,0.062041475351598936
2017-04-03,-0.0005598818922092556,-2.3934236673660574e-05,-0.0005359476555355948,-0.004734305923046525
2017-04-04,0.004802515032354862,0.00029523997518325455,0.004507275057171609,0.01905273917506484
2017-04-05,-0.00040818583959413546,-0.0001319231332920015,-0.0002762627063021307,0.042355160586546446
2017-04-06,0.0014890632770675773,7.408733452677133e-05,0.0014149759425408064,0.0117822770501151
2017-04-07,0.0032210481460357796,0.0001717241252831075,0.003049324020752672,-0.005225936801080171
2017-04-10,0.0012752395342219016,6.452404980826585e-05,0.0012107154844136353,-0.04339884241863595
2017-04-11,-0.00046053268960492355,-2.020193148693627e-05,-0.0004403307581179877,-0.014297209608163455
2017-04-12,-0.005359322659574805,-0.00023456698387108992,-0.005124755675703714,0.03753459426801636
2017-04-13,-0.0018369297910909039,-0.00017659007592630508,-0.0016603397151645988,0.020996056576245998
2017-04-14,0.006430038239031041,0.0002101883401048818,0.006219849898926159,-0.07451154679345641
2017-04-17,0.0030417174184073368,5.353006869818558e-05,0.002988187349709152,-0.001716726997508593
2017-04-18,-0.005345081384650684,-0.0004028554429581909,-0.004942225941692493,0.07620250606655056
2017-04-19,-0.0001387962319428864,-5.309295004464476e-05,-8.570328189824207e-05,0.007491730009391063
2017-04-20,0.00573691689111106,0.0004566691023883294,0.00528024778872273,-0.011319003378750149
2017-04-21,0.0007850103617823814,4.419279819415159e-05,0.0007408175635882294,-0.017553597544901153
2017-04-24,-0.0010913366685396002,-2.786627689547322e-05,-0.0010634703916441272,0.017166369750674003
2017-04-25,-0.0014808897952696138,-6.30255097686834e-05,-0.0014178642855009306,0.009111290821297286
2017-04-26,0.0017880959768878614,9.718459978818195e-05,0.0016909113770996794,-0.03904702565149228
2017-04-27,0.0019140776320469334,2.5696150018473087e-05,0.0018883814820284614,0.026325755286949793
2017-04-28,-0.010840478372540978,-7.639172075581645e-05,-0.010764086651785163,0.048988748684084656
2017-05-01,0.006375569701127713,4.702624546992513e-05,0.006328543455657791,-0.060584082103665365
2017-05-02,0.008039378039562534,0.00012749297895358995,0.007911885060608944,-0.010399150132946079
2017-05-03,-0.008166434880048585,-0.00018437891002817935,-0.007982055970020403,-0.07811785887365126
2017-05-04,-0.0013161029993025118,-8.799374335261706e-05,-0.0012281092559498982,0.006127187116505341
2017-05-05,-0.00932207128677961,-0.0003808807900230913,-0.008941190496756518,0.029457332787565352
2017-05-08,0.0005976878957641889,0.00016059925047711202,0.0004370886452870784,0.05232079391271858
2017-05-09,0.002275864006712537,0.00013073914012847994,0.002145124866584057,-0.016051727156907048
2017-05-10,0.004346427171339319,0.0002810163989797228,0.004065410772359598,0.08765045917297315
2017-05-11,-0.0014404870966915862,-0.00010066027474355302,-0.001339826821948033,-0.0073139588274843854
2017-05-12,0.01663120424110774,0.0002642112316373676,0.016366993009470372,0.07717380111723401
2017-05-15,-0.000805409030144194,-1.3494458080125227e-05,-0.0007919145720640709,0.022159981730194556
2017-05-16,0.008298028330138683,0.0004179701599971819,0.007880058170141502,-0.05448684590256299
2017-05-17,0.0019660283173786154,4.290506840750382e-05,0.0019231232489711125,0.02652508741953742
2017-05-18,-0.006097810268410537,-0.00012711292826824566,-0.005970697340142292,-0.04290174493295308
2017-05-19,0.00653885457821031,6.901164969520118e-05,0.006469842928515107,-0.020352343147116255
2017-05-22,-0.011115810835808248,-9.803229083181486e-05,-0.011017778544976434,0.006943790536800086
2017-05-23,-0.003557970341915116,-6.270875401376795e-05,-0.0034952615879013504,-0.019041965120292083
2017-05-24,0.0005916468404760363,3.0344276403340394e-05,0.0005613025640726969,0.00785342042301689
2017-05-25,-0.0013835016340558886,-0.0001954908550826865,-0.0011880107789732034,-0.01772706273068782
2017-05-26,0.0006827991820722392,-7.57426368126167e-05,0.0007585418188848555,-0.0061166279763053
2017-05-29,-0.0032262396396157854,-2.3101295075371453e-05,-0.0032031383445404148,0.03206770471910563
2017-05-30,-0.002693621325566181,-7.3545385537079205e-06,-0.002686266787012472,-0.002218762551151713
2017-05-31,0.009335939771373914,-1.9641769102116775e-05,0.009355581540476032,0.055713649271614624
2017-06-01,-0.00039467063821215886,6.356005769430186e-05,-0.00045823069590646137,-0.02568988038427614
2017-06-02,0.011236465250630427,0.00010467032191118636,0.011131794928719239,0.019428860703582858
2017-06-05,-0.003487726221569342,-6.760560989024864e-05,-0.003420120611679094,0.006690092076800672
2017-06-06,0.002406899433611755,3.557408258462666e-05,0.002371325351027128,-0.03156269854997054
2017-06-07,0.0008095970487761433,-0.0001064399041329849,0.0009160369529091267,0.10472189119019343
2017-06-08,-0.00365982654879084,-8.463954585300132e-05,-0.0035751870029378393,0.0029064976594618632
2017-06-09,0.016525899438325817,0.0003751292673689621,0.016150770170956848,0.11477699049914446
2017-06-12,0.0003575259518777906,-3.1345858232381327e-06,0.0003606605377010283,-0.005373577295393438
2017-06-13,0.01165210948056734,0.00041307516178127647,0.011239034318786064,-0.06561186074962524
2017-06-14,-0.0005476767152148186,-5.096286900516285e-05,-0.0004967138462096564,-0.0011750236462845071
2017-06-15,-0.006757726990693354,-1.0261067506360869e-05,-0.006747465923186993,0.03606318759790498
2017-06-16,-0.00013230078773671724,-8.324780607995262e-05,-4.9052981656765374e-05,-0.027480002975186053
2017-06-19,0.004874610266871943,8.039586127698423e-05,0.004794214405594958,-0.03607807736343539
2017-06-20,-0.004100983188566191,-2.7927978599501203e-05,-0.00407305520996669,0.01764650375139594
2017-06-21,-0.009567611724568397,-5.5925748356944085e-05,-0.009511685976211454,0.017589156271338925
2017-06-22,0.00462101187095146,2.5689247003394915e-05,0.004595322623948066,-0.014486101455627096
2017-06-23,0.0037114582006443084,2.5841770991567002e-05,0.0036856164296527423,-0.04668470658869428
2017-06-26,-0.0020371045486798555,-5.010236173604542e-05,-0.001987002186943811,0.08751913071329791
2017-06-27,-0.006066343715676223,-0.00018196541945696056,-0.005884378296219263,-0.008508059559611692
2017-06-28,0.011050573839382708,0.00035418804656292633,0.010696385792819785,-0.009954627801114396
2017-06-29,-0.0018925358307262342,-2.709070535059782e-05,-0.0018654451253756373,0.038887525062646595
2017-06-30,-0.0017860058173572967,-2.290830356250096e-05,-0.0017630975137947966,0.12389005081922952
2017-07-03,0.0028457063774867722,8.015308832577266e-05,0.002765553289160999,0.03518042340564113
2017-07-04,0.007777347276679723,0.000863525971489611,0.006913821305190113,-0.008578742415069163
2017-07-05,0.0021702375318031915,0.00018983284188676155,0.0019804046899164303,0.034117841577681676
2017-07-06,-0.0012107290750243195,-5.312866527622945e-05,-0.0011576004097480913,-0.09344744042084477
2017-07-07,0.004573886034056132,9.255864591006585e-05,0.004481327388146066,0.07718497445549093
2017-07-10,-0.01118767589935439,-0.00035369720657743575,-0.010833978692776957,0.10394787114936736
2017-07-11,0.008484641632063751,0.00030493328017280517,0.008179708351890948,-0.045809798008831296
2017-07-12,0.009971054361620994,0.0003066145541760453,0.00966443980744495,0.05965924720395097
2017-07-13,-0.008749777667408476,-0.00017122979297049673,-0.00857854787443798,0.04183117890351963
2017-07-14,0.0065343677616000444,0.00017495428679323495,0.006359413474806808,0.0004609160070792509
2017-07-17,0.006483064595927086,0.00026265988458775216,0.0062204047113393335,-0.005150948023635206
2017-07-18,3.980009682554714e-05,-5.878251870535672e-05,9.85826155309108e-05,0.07968032449168623
2017-07-19,-0.000524266590114386,-0.00010703759888632588,-0.00041722899122805966,0.03137456658562633
2017-07-20,0.006712420422667513,0.000746023455866841,0.0059663969668006704,0.018225289713186554
2017-07-21,0.0032303416127660634,0.0007620981735414756,0.0024682434392245822,-0.07363545161873532
2017-07-24,0.0015883852296210658,4.8089743928637733e-05,0.001540295485692427,-0.02242375232828495
2017-07-25,-0.004324365350865181,-0.001159518944578216,-0.003164846406286965,-0.11484712156593575
2017-07-26,-0.0018534329076228897,-0.0002489552604073922,-0.0016044776472155,-0.09551137232787332
2017-07-27,-0.00795429093356401,-0.0010182163893722347,-0.006936074544191772,0.058874694153197266
2017-07-28,-0.005199340604001808,-0.0009526593334043749,-0.004246681270597433,-0.06569101144854729
2017-07-31,0.0029556536874179684,0.00012114662226440096,0.0028345070651535666,-0.009021239289669247
2017-08-01,-0.003627412040250878,-0.0008174360311433183,-0.0028099760091075607,-0.03833949350566034
2017-08-02,-0.0013231305086585793,-8.480924400332355e-05,-0.0012383212646552505,-0.08724992575469677
2017-08-03,-0.007869735543037869,-0.00015676097317139995,-0.007712974569866474,0.058704711160386364
2017-08-04,-0.016516541120928537,-0.0002915378529047231,-0.01622500326802382,-0.012053116657718056
2017-08-07,0.016076200026535193,0.00010393405313026925,0.01597226597340492,-0.0013194984564181328
2017-08-08,-0.003958203864920469,-1.2670515183933057e-05,-0.0039455333497365325,-0.03627752800910001
2017-08-09,-0.00020314158938608985,3.054329206922564e-05,-0.00023368488145531548,-0.07253909237107523
2017-08-10,-0.005963529540720216,-0.0001246407779192677,-0.005838888762800944,0.015669461613562894
2017-08-11,-0.010389709856512937,-0.00021551621122215849,-0.010174193645290777,0.06031729884130896
2017-08-14,0.004511193190238648,1.6554862859112507e-05,0.004494638327379537,0.05861598171264619
2017-08-15,0.01685165745726833,7.66510049657141e-05,0.016775006452302618,-0.03940703417156081
2017-08-16,0.01458230349465213,7.911757135541445e-05,0.014503185923296726,-0.06611024334518315
2017-08-17,-0.007083767588624235,-0.00011121799952207301,-0.006972549589102164,0.02597915781956953
2017-08-18,-0.011288385160464449,-0.00014449043897748776,-0.011143894721486962,-0.02688256108895063
2017-08-21,0.005035000996554674,5.396098344939183e-05,0.0049810400131052816,0.015873099068914476
2017-08-22,-0.008189751605859791,-0.00014809421636576697,-0.008041657389494025,-0.08001117374592173
2017-08-23,0.001931219427865565,8.556972897960527e-05,0.0018456496988859604,-0.07024423105732351
2017-08-24,-0.006053373303004586,-0.0005058389955253386,-0.005547534307479247,0.040298792756064405
2017-08-25,-0.005350976264434643,-0.00039959401563435847,-0.004951382248800287,-0.0037380668309596743
2017-08-28,0.0030877831806099157,0.00025699279888048276,0.002830790381729434,0.09777889101843565
2017-08-29,-0.00033563599290596224,-1.643501792067707e-05,-0.00031920097498528473,0.020880386133390588
2017-08-30,0.015309970116529596,0.0009772047896502156,0.014332765326879375,-0.13532622608219014
2017-08-31,0.00261916303818519,0.00014051394485568858,0.0024786490933295,-0.06051634135242114
2017-09-01,-0.007376256249218747,-0.0025364047973408035,-0.004839851451877944,-0.25136124206014104
2017-09-04,-0.0038265330909734527,-0.0027787120534195327,-0.00104782103755392,0.026545972295362617
2017-09-05,-0.011390763869959608,-0.0048921161554654185,-0.006498647714494191,-0.0072272152244244586
2017-09-06,0.0037350970379407544,0.0001805404860485242,0.00355455655189223,0.034832418011228335
2017-09-07,-0.001790375171449192,9.772017462315354e-06,-0.0018001471889115116,0.011987947690072128
2017-09-08,0.007812549528993875,8.136655684064242e-05,0.007731182972153236,0.013311783909782705
2017-09-11,0.003254949857447359,1.8599510689139634e-05,0.00323635034675822,-0.1344682719862664
2017-09-12,0.0008533417341726669,0.00019523017121214755,0.0006581115629605201,0.04330685582584062
2017-09-13,-0.009089741936025734,-0.0018813424925646235,-0.007208399443461112,0.05805351915516433
2017-09-14,0.0020202122009566506,0.0001969491008041264,0.0018232631001525229,0.043447255941147456
2017-09-15,0.005243809271546482,0.0003184343984357135,0.004925374873110769,0.02707407031737141
2017-09-18,0.0039309574559062786,0.0002185422627900868,0.0037124151931161916,-0.02807945977053132
2017-09-19,0.004170238190814801,0.00017042606021033086,0.00399981213060447,0.011722637248345899
2017-09-20,-0.004571769180415199,-0.00010370663509329942,-0.0044680625453219006,-0.06817523612226863
2017-09-21,0.0012389170336891617,3.74616119243696e-05,0.001201455421764792,0.128251827064969
2017-09-22,-0.005868776645761728,-0.00035031894763377144,-0.005518457698127956,-0.08580794194473404
2017-09-25,0.013222050341340448,0.0007253806378892218,0.01249666970345122,-0.1308225907999819
2017-09-26,-0.017562258856899007,-0.0003072361783147664,-0.01725502267858424,-0.0301879457773868
2017-09-27,-0.01404076831471579,-0.0005826054209343082,-0.013458162893781486,0.04704368582616756
2017-09-28,-0.0029190092275880584,-0.00024444959030277876,-0.002674559637285281,0.06253899999218925
2017-09-29,0.0046076978933107466,0.0002749921302860614,0.004332705763024684,-0.05470964610866456
2017-10-02,0.007716220101345164,0.00027472017957273347,0.00744149992177243,0.014754521270763632
2017-10-03,-0.009222112650292522,-0.00026772022503097036,-0.00895439242526155,0.025072478051232323
2017-10-04,0.0014515836780562793,5.3017371286951526e-05,0.001398566306769329,-0.050354950654257394
2017-10-05,0.002001419551514957,0.00014385569083150054,0.001857563860683458,0.01699241425365172
2017-10-06,-0.0042570718600155365,-0.00018071465318560478,-0.004076357206829934,-0.007320335006685096
2017-10-09,0.0017109674773029828,2.939386342660881e-05,0.001681573613876373,-0.015760667293253438
2017-10-10,-0.0009504774865172262,-3.559394459537617e-05,-0.000914883541921852,-0.033094935773659254
2017-10-11,-0.0032114904617164836,-6.007418587209747e-06,-0.003205483043129272,0.0411348824332163
2017-10-12,-0.007655993666305708,-7.164361007392511e-05,-0.007584350056231782,-0.02733466563450806
2017-10-13,0.009227141977368077,0.0001051178012989179,0.009122024176069153,-0.08394330576420267
2017-10-16,-0.004202870571301293,-6.347606219955781e-05,-0.004139394509101736,0.07480922033268826
2017-10-17,-0.009139148971810713,-0.0004088473946986665,-0.008730301577112048,0.013822640996466547
2017-10-18,0.006650443109177484,0.0002323003748627454,0.006418142734314739,0.0440026725905233
2017-10-19,0.0012496754017247511,3.149432566139712e-05,0.0012181810760633536,0.045347056418970265
2017-10-20,0.005306959929468825,0.00013887082004450726,0.0051680891094243175,0.02703861304018005
2017-10-23,0.005263316978207781,0.00016109049834053205,0.00510222647986725,-0.01990241115198452
2017-10-24,0.003158078118065225,0.000147172835656793,0.003010905282408433,-0.0047031166279644775
2017-10-25,-0.002307787713726198,-3.9583360681582844e-05,-0.0022682043530446146,0.006610412063461215
2017-10-26,-0.0006041575912226088,8.140861540821553e-06,-0.0006122984527634299,0.008019834051033846
2017-10-27,0.0009641959928564444,0.00014163303012156708,0.0008225629627348751,-9.341318727578084e-05
2017-10-30,0.000823555728120245,-0.00013181031266031908,0.0009553660407805638,-0.05490305982443606
2017-10-31,-1.0176955593467832e-05,-1.635421077150756e-05,6.177255178034524e-06,-0.018970286739847502
2017-11-01,-0.00460734497890251,-0.00036511352924173575,-0.004242231449660773,-0.03999995442598352
2017-11-02,-0.0011604343554680388,-0.0013442701479971248,0.000183835792529086,-0.09708620087671788
2017-11-03,-0.0022116105035127663,-0.0007485182561797017,-0.0014630922473330638,0.025998429926287585
2017-11-06,-0.004328758054818648,-0.0011524906667260103,-0.003176267388092638,0.0472821217720668
2017-11-07,0.0026093622635823908,7.058612555956717e-05,0.0025387761380228227,0.01399486412963262
2017-11-08,0.005292129466384474,0.00010626694421507921,0.0051858625221693965,0.030563477220822373
2017-11-09,0.0018187929990045068,4.3780072719672505e-05,0.0017750129262848347,0.012119738792249002
2017-11-10,0.00488581638251832,0.00010490548741576983,0.0047809108951025504,0.04828926952826132
2017-11-13,0.0009253955843162255,6.17541053501763e-05,0.0008636414789660492,0.013588098043454637
2017-11-14,0.004013601012868154,0.0003626226930412389,0.003650978319826914,0.03988243322273521
2017-11-15,0.0010410367716211517,1.029823666731048e-05,0.0010307385349538414,0.01829738570238984
2017-11-16,0.006601292090586432,0.00022884513211788096,0.006372446958468551,0.015788106598541702
2017-11-17,0.0031047168800352925,0.0001432771059990956,0.0029614397740362064,0.1599326972482291
2017-11-20,0.001981453244853202,8.960309926178342e-05,0.0018918501455914161,-0.021304138980492826
2017-11-21,0.011234615198420676,0.003554712248044687,0.007679902950375992,-0.015499840715029434
2017-11-22,-0.0013091782631585128,-0.001332997602768532,2.3819339610018503e-05,0.08531247354830448
2017-11-23,-0.0007439661690836147,-0.00030272280832200705,-0.00044124336076160724,0.04044972492804524
2017-11-24,0.009821960440927731,0.0003814478969357913,0.00944051254399194,0.07852162405942828
2017-11-27,0.004597167991246009,0.00012326553183310794,0.004473902459412901,0.08364260081354316
2017-11-28,0.007395865126689707,0.0004110825969767893,0.006984782529712916,-0.017080846987361575
2017-11-29,0.008797560855746612,0.00047204158765475415,0.008325519268091858,0.0933173763975373
2017-11-30,-0.0017018891279073668,1.8353951540924646e-05,-0.0017202430794482897,0.09525728474594904
2017-12-01,0.014087840757511745,0.0003592742540821769,0.013728566503429563,0.06490657410430171
2017-12-04,0.01569928315486954,0.00041678931263815916,0.015282493842231383,0.16094758181307478
2017-12-05,0.011128045950516346,0.0002049775717254329,0.010923068378790913,0.2242411424854574
2017-12-06,0.03011946827949817,0.0004532828356782932,0.029666185443819878,0.04871664549969636
2017-12-07,0.029936805825900376,0.0008479794661652232,0.029088826359735153,0.12336936894253471
2017-12-08,0.005510837769830196,1.9510506922016876e-05,0.005491327262908182,0.049488464373213914
2017-12-11,0.01742989996045613,0.000489788586773475,0.016940111373682662,0.06817618104326992
2017-12-12,0.006230009891849193,0.0001770372841015319,0.006052972607747665,0.026617905738995102
2017-12-13,0.0039662321600923475,0.0004373070639431837,0.0035289250961491637,-0.03970805971575403
2017-12-14,0.001640991760869943,-0.0001964378842867747,0.0018374296451567176,0.06368502366942991
2017-12-15,-0.002271278003627137,-0.0002873627998395789,-0.001983915203787558,0.1086347809942638
2017-12-18,0.007295849107669588,0.00022599092600144883,0.007069858181668138,0.10383948371687401
2017-12-19,0.010887967315557655,0.0005235241824206923,0.010364443133136962,0.07761015479955018
2017-12-20,0.009706573581332496,0.0003548176644391377,0.00935175591689336,0.04697544241047973
2017-12-21,0.010044481390548596,0.0003943690378498538,0.00965011235269874,-0.12457713159419341
2017-12-22,0.005009955820250259,0.0001985270282147955,0.004811428792035463,0.04167287066927859
2017-12-25,-0.010990661262726199,-0.0006772810234049935,-0.010313380239321206,0.07317555052752507
2017-12-26,0.005201895520506298,0.00023633501787788825,0.004965560502628409,0.04289253226264313
2017-12-27,0.008744403453115746,0.00026296911260920586,0.008481434340506539,0.008962990553147282
2017-12-28,0.010378783912049262,0.00011661639174825184,0.010262167520301006,0.029516553019752277
2017-12-29,0.001233873729630847,5.165914251233864e-07,0.001233357138205724,0.12875388622553963
2018-01-01,0.0028546341416066765,0.00016800722244847757,0.0026866269191581985,0.02104993753904677
2018-01-02,0.016979334740870572,0.0008335488998534001,0.016145785841017172,0.06497847826224326
2018-01-03,0.0024918746792936364,7.988138614665324e-06,0.0024838865406789697,-0.022659187480640303
2018-01-04,0.004939881156358428,0.0007210213071580825,0.004218859849200347,0.15533376576480296
2018-01-05,-0.0014327913715305597,-0.0005377156678713531,-0.0008950757036592059,-0.015296284943048208
2018-01-08,0.01037844313425095,0.0016848464409117414,0.008693596693339207,-0.03841961978019044
2018-01-09,-0.0013417585267485512,-0.0002382795199714488,-0.0011034790067771007,-0.028049105416526447
2018-01-10,-0.0030226793855370245,-0.00026020272965937737,-0.002762476655877647,-0.004601115962295717
2018-01-11,-0.006011032344071232,-9.751301289872769e-05,-0.005913519331172505,-0.02129393081987213
2018-01-12,-0.0008275573250795631,-1.5606513145634748e-05,-0.0008119508119339279,0.04739828390971621
2018-01-15,-0.0018275859661371588,-2.3906860988590073e-05,-0.001803679105148566,0.045709532796560655
2018-01-16,0.00476043118076178,0.00020060288098587217,0.004559828299775907,0.10872742731949027
2018-01-17,0.004550036712180705,0.0001885482960139566,0.0043614884161667505,0.02958871512263894
2018-01-18,0.008789559512255577,0.0006833278025897283,0.008106231709665849,0.12220988372494171
2018-01-19,0.0018637884604212397,2.8424463167532957e-05,0.001835363997253708,0.12520866962074234
2018-01-22,0.008141320883368278,0.0007345248273070808,0.0074067960560611976,0.04976800866162818
2018-01-23,0.013180267266744261,0.00033813651778200147,0.012842130748962257,0.011554635217621524
2018-01-24,0.0052715672158013364,0.00013328734980302568,0.005138279865998312,0.0797082381820132
2018-01-25,0.0013376682939187415,4.4187197034049885e-05,0.0012934810968846938,0.04837410737067908
2018-01-26,0.008619923152460188,0.0001889849059533797,0.00843093824650681,0.06767082033971498
2018-01-29,0.0059001960214529435,0.00013992589329823828,0.005760270128154705,0.06978338917337355
2018-01-30,0.010713755287219882,0.00016477045090817002,0.010548984836311715,-0.013476396337671656
2018-01-31,0.010951653298518257,0.00015646851958126332,0.010795184778936994,-0.03611046223030542
2018-02-01,-0.0019881650397956785,-2.3406591737419602e-05,-0.0019647584480582594,-0.022734671959025513
2018-02-02,-0.0027316846164205898,-0.00028922248029110767,-0.0024424621361294804,0.024686468604169245
2018-02-05,-0.00157883239544467,-5.556508196439755e-05,-0.001523267313480273,0.0369574201246812
2018-02-06,0.001826291219319528,6.618763996984718e-05,0.0017601035793496818,-0.006051026684896221
2018-02-07,0.0037460686589363633,0.00013599835983021946,0.003610070299106145,-0.012608636062160948
2018-02-08,-0.0010622213643452557,-3.8344640279054654e-05,-0.0010238767240661958,-0.024718951465236994
2018-02-09,-0.001979027993017549,-3.564668458887459e-05,-0.001943381308428675,-0.04691703767286676
2018-02-12,-0.0030116432893595754,-5.952638102720172e-05,-0.0029521169083323736,0.05404087924653261
2018-02-13,-0.005510209849611579,-0.00011437196116802217,-0.005395837888443557,0.007333446860231633
2018-02-14,0.008027705713000387,0.00018920607075010795,0.00783849964225028,0.05162432989858807
2018-02-15,0.001256190063490664,7.952451001373706e-06,0.0012482376124892877,-0.05982939046945825
2018-02-16,0.009392836583771314,8.798982829457194e-05,0.009304846755476742,-0.03589148008797016
2018-02-19,-0.002959024199989645,-0.00026397212825987094,-0.002695052071729773,0.0013497359372907105
2018-02-20,-0.0018604661494536858,-0.0004964410884998162,-0.0013640250609538692,-0.07849693732821039
2018-02-21,4.275285717290629e-06,-0.00016993503833785846,0.00017421032405515006,-0.03685946060851106
2018-02-22,-0.010387712430328025,-0.00015210605280082225,-0.010235606377527203,0.09556410644874275
2018-02-23,-0.0057184830952822984,-7.633736223184619e-05,-0.005642145733050453,-0.013263395404011807
2018-02-26,0.015239215632819174,0.0003584905773901456,0.014880725055429027,0.014431398961493523
2018-02-27,-0.0017175331276302365,-7.178892013289667e-06,-0.0017103542356169486,0.04165828718125888
2018-02-28,0.0022010560395886343,6.892148408833842e-05,0.0021321345555003063,0.03422743563500822
2018-03-01,0.006060995501590092,0.00010619242765591433,0.005954803073934176,0.23278858352658366
2018-03-02,0.0015275449437367125,3.553915465895753e-05,0.0014920057890777554,0.10982901408257222
2018-03-05,0.016877926127932593,0.004086960884703131,0.01279096524322948,-0.0538090498454945
2018-03-06,0.008594024356022776,0.0019946740696490228,0.006599350286373753,-0.07135596413545864
2018-03-07,-0.00313009011219719,-0.0013211002141016552,-0.0018089898980955341,-0.18890592863740235
2018-03-08,-0.004508424070267834,-0.002827508823589075,-0.0016809152466787589,0.09357742117154016
2018-03-09,-0.012256157269012946,-0.006010331343568261,-0.0062458259254446835,-0.033385558087717135
2018-03-12,0.00641434570381362,0.0010950748048438042,0.005319270898969816,0.07371455278256911
2018-03-13,-0.005322270266838331,-9.046014812091538e-05,-0.005231810118717418,-0.09244748723068581
2018-03-14,0.007392707356141231,0.00011760117684395804,0.007275106179297268,0.08358339748351704
2018-03-15,-0.010106328857260552,-0.0005060856241133858,-0.009600243233147166,0.11717100572554225
2018-03-16,0.00809851287349889,0.00028777298484883215,0.007810739888650057,0.10484526713344966
2018-03-19,0.017718669283352348,0.00044650745590123653,0.017272161827451112,0.030716639070032435
2018-03-20,0.020613667455843837,0.0002465088565555022,0.02036715859928833,0.0761280545930396
2018-03-21,0.0017996809488255666,0.00045708491826427014,0.001342596030561298,-0.10013293565712737
2018-03-22,0.003759496072307682,0.000599984930506222,0.0031595111418014606,0.04096647375667484
2018-03-23,-0.004706205728559275,-0.0010260376745660667,-0.0036801680539932068,0.014588833402825678
2018-03-26,0.003629359460805512,7.158935369587158e-05,0.0035577701071096406,0.09663139401104699
2018-03-27,0.001459790865374207,-0.00011512764793391445,0.0015749185133081198,0.11934336608075313
2018-03-28,0.019748759844683404,0.00024911762550524665,0.019499642219178163,-0.011237715279673873
2018-03-29,0.043328452905593076,0.00021745090178153887,0.04311100200381152,0.04640917497397565
2018-03-30,-0.0034022472450449446,-1.7074033948251063e-05,-0.0033851732110966926,0.0810158532140545
2018-04-02,0.00816802605562025,0.00010003710923525179,0.008067988946384996,0.018278268757273806
2018-04-03,0.017287063280350255,0.0001548082865128154,0.017132254993837442,0.04552614417075797
2018-04-04,0.0037403694020890924,3.931253032288598e-05,0.0037010568717662055,-0.06007248719996349
2018-04-05,0.006586077153875462,0.00011989790628632799,0.006466179247589136,0.002726473583899791
2018-04-06,-0.00911666100694729,-0.0002595595280283894,-0.008857101478918898,0.041229860574778676
2018-04-09,0.0004129109135540621,4.3082827181038785e-06,0.00040860263083595735,0.005673525050661131
2018-04-10,0.013763709049881452,6.742093848454041e-05,0.013696288111396913,-0.06028091952771406
2018-04-11,0.0019097115497621782,5.780196741582595e-06,0.0019039313530205956,0.14007996684806862
2018-04-12,-0.016209561353371663,-0.0001687058061761726,-0.01604085554719549,0.04123207152805481
2018-04-13,0.026699690350153384,0.00040419614105784325,0.02629549420909554,0.03603582225542544
2018-04-16,0.0045688828153402465,0.00017402270075163187,0.004394860114588617,0.05751313309168838
2018-04-17,0.003260638275841685,0.0002967877064345356,0.0029638505694071504,0.011024023958737928
2018-04-18,0.005467720698895768,0.00035833012828521244,0.0051093905706105554,0.13502641474755697
2018-04-19,0.0008359546354033795,5.945190606263667e-06,0.0008300094447971154,0.018831782561885887
2018-04-20,0.014582030229436767,0.0006358814105509071,0.013946148818885862,0.10735508860960057
2018-04-23,0.0020630447844648754,0.00011177670357689212,0.0019512680808879829,0.013120299082143898
2018-04-24,0.016360440059542417,0.00034431065763458786,0.01601612940190783,-0.08681251107205808
2018-04-25,0.003264456775870856,-2.3638165875861095e-05,0.0032880949417467137,0.055527265109809286
2018-04-26,-0.00989673952515345,-0.0003090349753234623,-0.009587704549829988,-0.01691541367969331
2018-04-27,0.007331785700766634,0.00023569114238032596,0.007096094558386312,0.07366972764473148
2018-04-30,-0.002193635778774955,-5.970300246704516e-05,-0.002133932776307912,0.013319175028098908
2018-05-01,0.006127364838222016,0.0003355529417357786,0.005791811896486236,-0.02302636287179613
2018-05-02,0.001126304735090231,7.798816856582381e-05,0.0010483165665244078,-0.03748883285062904
2018-05-03,-0.0016027654966138975,-0.00014409742955553105,-0.0014586680670583656,0.020653762070941245
2018-05-04,-0.0024392773454194423,-0.00017783669272643043,-0.002261440652693012,0.036091885415428224
2018-05-07,0.0014492785898065346,0.00010169761920524913,0.001347580970601286,0.023558327321241166
2018-05-08,0.0031049202559408746,0.00018609850519479137,0.002918821750746082,0.024285197987517642
2018-05-09,0.011724430559638871,2.530808379053336e-05,0.011699122475848336,0.07205936059513449
2018-05-10,0.005641928603859994,3.3171528114827285e-05,0.005608757075745169,-0.04218832755634383
2018-05-11,0.005518608487243306,0.00035008025114401445,0.0051685282360992915,-0.030967200640224225
2018-05-14,-0.0029889471559270755,-0.0001987591944593017,-0.0027901879614677747,0.014957697122573475
2018-05-15,-0.0023978031507354133,-0.00010761966476000116,-0.002290183485975412,0.04312708795057533
2018-05-16,0.0025656997305569945,3.2353380018645614e-05,0.002533346350538349,0.015366335282743863
2018-05-17,0.007578022249359189,0.00010287730410207113,0.00747514494525712,0.043071994645642674
2018-05-18,0.00252727608934659,3.8054277308452716e-05,0.0024892218120381357,0.021195587643657303
2018-05-21,0.003228124582397408,0.00030976867326528573,0.0029183559091321247,0.020593395717280867
2018-05-22,0.001533176487626605,0.0001550562588548889,0.001378120228771716,0.03174244226995425
2018-05-23,0.0017007159391079487,8.188894884548093e-05,0.0016188269902624665,0.05292559894264298
2018-05-24,0.008210547827907606,8.245735531061098e-05,0.008128090472596996,-0.007969147736189746
2018-05-25,0.008219318442502559,0.000137407459914949,0.00808191098258761,0.0477423047393246
2018-05-28,-0.0009834956796882155,-3.574004914049314e-05,-0.0009477556305477197,-0.032677636735121876
2018-05-29,0.005621219259359488,0.00015568152231358015,0.00546553773704591,0.02279400038335342
2018-05-30,-0.004851313793980983,-9.573538119890318e-05,-0.0047555784127820775,0.006749285453997493
2018-05-31,0.005007760207643449,4.432206097332704e-05,0.004963438146670123,0.05250916874773202
2018-06-01,0.0024317451475593934,6.5122621833585415e-06,0.002425232885376034,0.029134863599536678
2018-06-04,0.010363488192609845,0.00012161455820657984,0.010241873634403268,0.031239300487150165
2018-06-05,0.004572215264142617,8.248199693658073e-05,0.004489733267206033,0.002915931238084885
2018-06-06,0.004528170901962705,9.868439918269268e-05,0.00442948650278001,0.06435317814997077
2018-06-07,0.0004820348806369259,5.549344572497797e-06,0.00047648553606442767,0.00704841142144415
2018-06-08,0.012897823192272593,0.00015119636193435156,0.01274662683033824,-0.03074700530381948
2018-06-11,0.0012348212151140378,1.758675021132968e-05,0.0012172344649027085,0.08239401278247808
2018-06-12,-0.006255850704645586,-6.5309500809645e-05,-0.006190541203835942,0.1027945234273449
2018-06-13,0.014608454786688119,0.00018077791029991836,0.0144276768763882,0.060914746723698183
2018-06-14,0.019924983700811718,0.00018607515685269312,0.019738908543959023,0.04526492900331923
2018-06-15,0.011675940481093211,0.000169793717733447,0.011506146763359766,0.010066788868242534
2018-06-18,0.009339149583851444,0.00011648304195496437,0.009222666541896485,0.08468425131527885
2018-06-19,0.0017462196438719014,5.771544650548521e-05,0.0016885041973664153,0.059726793091463594
2018-06-20,0.01357361785281853,0.0003315822817725519,0.013242035571045979,0.042679625574260464
2018-06-21,0.006859682000531112,0.0006330061866314657,0.0062266758138996466,-0.14130018169296274
2018-06-22,0.0032629889532119153,0.000220814385495878,0.0030421745677160356,-0.1572381852137569
2018-06-25,-0.008475568069473385,-0.0009696973641322992,-0.0075058707053410854,-0.04342422361776207
2018-06-26,-0.011007395594468547,-0.0007503505832891933,-0.010257045011179355,-0.0025092004298848014
2018-06-27,-0.0031862290207540778,-0.00028518314086273255,-0.002901045879891345,-0.012764068490174571
2018-06-28,-0.0005173026631510838,-9.61566707878992e-06,-0.0005076869960722926,3.19628558656996e-16
2018-06-29,-0.004943364217189551,-1.186802537774857e-05,-0.004931496191811804,0.0227686262827679
2018-07-02,-0.03485475271966284,-0.03485475271966284,0.0,0.01694351301122971
2018-07-03,0.017691221856565232,1.8219589965567592e-05,0.017673002266599663,-0.02681080562480494
2018-07-04,0.012254275064205462,1.2620262681983015e-05,0.012241654801523482,0.024662590384240846
2018-07-05,-0.01931091754386909,-1.9887659674428047e-05,-0.019291029884194663,0.02607603500289887
2018-07-06,0.007756734912521655,4.9175488193727024e-05,0.00770755942432793,0.03593751124415923
2018-07-09,0.006655550985847405,4.3444016678606534e-05,0.006612106969168793,0.007196319934333979
2018-07-10,0.012352299458717372,0.00010595413840297166,0.0122463453203144,-0.01746829848288708
2018-07-11,0.003933428335376386,1.3052363422268675e-05,0.003920375971954115,-0.05909850229767779
2018-07-12,-0.011166411008088482,-2.2474287685594722e-05,-0.011143936720402883,-0.1307696644604329
2018-07-13,-0.011643976074072415,-0.00013765625142086752,-0.011506319822651549,-0.08024686356393967
2018-07-16,-0.023623120633284724,-0.00047865260402841017,-0.023144468029256317,-0.030006286742393216
2018-07-17,-0.015203461067583936,-0.00026317400244820627,-0.01494028706513573,-0.010513850396553144
2018-07-18,-0.008058888765988249,-8.277541255345688e-05,-0.007976113353434792,-2.781022422866976e-16
2018-07-19,-0.0062898518957456555,-1.3717168744837444e-05,-0.00627613472700082,6.445198025676513e-17
2018-07-20,0.04299376682984557,0.043052294789979184,-5.8527960133614165e-05,0.05227734673695876
2018-07-23,-0.045039250655933664,-0.04501014015999032,-2.9110495943347747e-05,-0.04961873201824104
2018-07-24,0.006001539449410144,0.0004046862482863789,0.005596853201123764,-0.08886361335433428
2018-07-25,-0.006805602646694166,-0.0005907894140501774,-0.006214813232643985,0.032771850621171376
2018-07-26,-0.01152670170183936,-0.0009982119949370552,-0.010528489706902303,0.03311880948410929
2018-07-27,0.010032719443022815,8.39473372270215e-05,0.009948772105795794,-0.07161809543403237
2018-07-30,0.003621914788714299,0.00021626537903151818,0.0034056494096827775,0.06723460320851367
2018-07-31,-0.00782811741277167,-0.0003757996351576023,-0.007452317777614067,-0.04333816350106288
2018-08-01,0.007646455565947953,0.000418915467335384,0.00722754009861257,0.013718226625916222
2018-08-02,-0.01468723935175731,-7.438548319970047e-05,-0.014612853868557608,-0.04373000178926681
2018-08-03,0.0034463511212954887,0.0001046279596551734,0.003341723161640317,-0.037022557359361996
2018-08-06,-0.011296692303257251,-8.309501596284827e-05,-0.011213597287294402,0.03308502970665771
2018-08-07,-0.0070181175258399,-0.00022185479257505122,-0.006796262733264849,0.09144812148190609
2018-08-08,0.004758668369837432,0.00022478114543264711,0.004533887224404785,0.022937393921434488
2018-08-09,0.012010617277401952,0.0005585707673754284,0.011452046510026518,-0.02815529441254444
2018-08-10,0.0024750050590165162,9.39055437799638e-05,0.002381099515236549,-0.028069279715732
2018-08-13,-0.003888972407534363,-0.00011475665308174204,-0.003774215754452623,0.06055176451580789
2018-08-14,-0.004435070122607167,-0.00014341264551563822,-0.004291657477091527,-0.009544189608115258
2018-08-15,0.010523555118688958,0.00022052046362792434,0.010303034655061034,0.06828965251886611
2018-08-16,-0.0022850781904677313,-5.523159861954563e-05,-0.002229846591848184,-0.02285564368664608
2018-08-17,0.015728030853375045,0.0003872492413106122,0.015340781612064435,-0.009276084218778288
2018-08-20,-0.004475514099946016,-0.00012378166999909646,-0.004351732429946918,0.03938226831154644
2018-08-21,-0.0016074130263773732,-0.00013363337250433638,-0.0014737796538730377,-0.02011892437652288
2018-08-22,0.007323143297608488,0.00022035756053932418,0.007102785737069163,0.0382639042673164
2018-08-23,-0.0024213971534217038,-0.0001209839400033375,-0.002300413213418367,-0.03208008687268444
2018-08-24,0.004031824588229282,0.0002451888685589517,0.003786635719670331,-0.03825929407019311
2018-08-27,-0.003154564482979467,-0.00032761933845374194,-0.0028269451445257256,-0.02711512016028665
2018-08-28,-0.005078709394642338,-0.00017826307686993025,-0.004900446317772405,-0.018212918785665676
2018-08-29,-0.0031544479502691983,-0.00010963381190101391,-0.003044814138368185,-0.022328279208482946
2018-08-30,-0.0023516744732757686,-7.465295840941404e-05,-0.0022770215148663533,0.02185784682118701
2018-08-31,-0.003083707473448179,-0.0001501410815972961,-0.002933566391850882,0.05708686809482226
2018-09-03,0.00443670887401779,6.184737985761787e-05,0.004374861494160172,0.031061512353837577
2018-09-04,0.00853605456208751,0.0002921741127206827,0.008243880449366827,-0.035179447333686054
2018-09-05,0.0035272454250713054,0.00023042725706419465,0.003296818168007115,0.04630488242100213
2018-09-06,-0.004700867884399094,-0.00037088087179032274,-0.00432998701260877,-0.009303632750423672
2018-09-07,0.007040175118745383,0.000561765626606564,0.00647840949213882,0.047667888777319256
2018-09-10,-0.0009679061001961869,-0.00027956898847587494,-0.0006883371117203125,-0.05777471627656733
2018-09-11,0.004490690987999183,0.0005606581710900227,0.003930032816909151,-0.0025237583634324513
2018-09-12,-0.004811382035635829,-0.000792622742903662,-0.004018759292732165,-0.03451632407357348
2018-09-13,-0.00018714641392966313,-0.0002521541355757984,6.500772164613582e-05,-0.1234746717197098
2018-09-14,-0.0021271173644292467,-0.0020402974757750426,-8.681988865420591e-05,0.010975632973457331
2018-09-17,-0.005464687338974295,-0.0012819903686216785,-0.00418269697035261,0.039784546736619575
2018-09-18,0.0014913335600205567,5.8956930940712304e-05,0.0014323766290798446,-0.14691073244711134
2018-09-19,0.005441201587573386,0.00013849402675300722,0.005302707560820378,0.02940567241451394
2018-09-20,-0.02258506723664032,-0.00033536042882979095,-0.022249706807810535,0.017474462950033416
2018-09-21,0.006483497569667183,3.294547855737205e-05,0.00645055209110981,0.014360183525070435
2018-09-24,0.004082289154333186,1.4334221953848925e-07,0.0040821458121136425,0.02874679435139525
2018-09-25,0.0036297335780948103,7.956566987700866e-05,0.003550167908217802,0.03273632207794079
2018-09-26,0.004243336866315078,0.00010992405850951403,0.004133412807805567,0.023011547190193226
2018-09-27,0.003251651802908411,0.00020905540947775778,0.0030425963934306516,-0.05472912769157297
2018-09-28,0.00253757581571096,0.00017199424930941856,0.002365581566401539,-0.029446157128465572
2018-10-01,-0.006658305336567384,-0.00035901980832167384,-0.0062992855282457075,-0.024908086310172235
2018-10-02,-0.0035565346212345543,-0.00011283322503617688,-0.00344370139619838,-0.08724530525077248
2018-10-03,-0.002008398748497513,-0.00011162138913935996,-0.0018967773593581531,0.08385822315244516
2018-10-04,-0.007206599016500491,-0.0005641110712007935,-0.0066424879452996995,-0.032575930471227824
2018-10-05,0.009197948112719085,0.0004801734158625167,0.008717774696856568,0.06794074617161838
2018-10-08,-0.004629097810082311,-0.00015751968753217026,-0.0044715781225501405,0.05210592482040391
2018-10-09,0.007986734919618654,0.00046635604281309445,0.00752037887680556,0.01877378237518033
2018-10-10,0.005192863433805461,0.0002871201276695226,0.004905743306135933,0.02436908517684321
2018-10-11,0.0017118297096262117,0.00023291770059817108,0.0014789120090280404,0.04126033804142513
2018-10-12,0.002585144476818092,0.000128327406035713,0.0024568170707823835,-0.04927156688090136
2018-10-15,0.004464192140324378,0.00026896329293125444,0.004195228847393123,0.03995027706956273
2018-10-16,-0.003694929891927298,-0.00024854137583478486,-0.0034463885160925106,-0.027568514079922075
2018-10-17,0.003759684544109305,0.00016656532512786086,0.003593119218981443,0.08619306186305832
2018-10-18,-0.0028208732471827706,-0.00014078786547489647,-0.0026800853817078732,0.006148534643553685
2018-10-19,0.013311195409637225,0.00032914636860735536,0.01298204904102987,-0.05122774733725491
2018-10-22,0.0008522469522824173,-6.249131737343311e-05,0.0009147382696558497,-0.06695894209057275
2018-10-23,-0.005597034626876126,-0.00018828582915521357,-0.005408748797720913,-0.042107518386153585
2018-10-24,-0.005445626309411202,-0.00038858347015691304,-0.005057042839254287,-0.0518204876885022
2018-10-25,-0.003555208882387521,-0.00017536993465010198,-0.0033798389477374194,0.03367931193574509
2018-10-26,-0.004731281644743048,-0.000330647863217879,-0.0044006337815251685,0.005031967859330425
2018-10-29,0.004160876225518635,0.0002490786731319176,0.003911797552386716,0.016071088477097914
2018-10-30,0.0008780392593465275,6.514070272264569e-06,0.0008715251890742612,0.05236320501631953
2018-10-31,0.0025610758534646075,5.2442998841928314e-05,0.0025086328546226797,0.08571616493241783
2018-11-01,0.006740592684563736,0.00018653111153501233,0.006554061573028723,0.04275004275241361
2018-11-02,0.009584052601866788,0.00038911015372978044,0.009194942448137006,0.03640835460019143
2018-11-05,0.004709117956374299,0.0001714786640585747,0.004537639292315727,-0.007646324363626319
2018-11-06,0.0035839180406649273,0.0001542335065960902,0.0034296845340688374,0.047851956989862325
2018-11-07,-0.000832861114761782,-5.497896791153804e-05,-0.0007778821468502461,-0.029587650359601498
2018-11-08,0.00505278037664465,0.00019695705483005303,0.004855823321814598,0.0044325843707525145
2018-11-09,-0.0030881537020367223,-0.00010252516890698563,-0.002985628533129737,-0.05211594615244449
2018-11-12,0.0005282759135697354,4.52533083421941e-05,0.0004830226052275344,0.07208702260022626
2018-11-13,-0.005541891496265859,-0.00024253345408483925,-0.005299358042181022,-0.018464876039997635
2018-11-14,0.006495483111340666,0.00033380670778057446,0.006161676403560091,0.04782315602561228
2018-11-15,-0.0015774255212066873,-0.00010626572975208659,-0.0014711597914546012,-0.02478918352032315
2018-11-16,0.004504749311977712,0.00023969337474029828,0.004265055937237415,-0.017006808884303427
2018-11-19,-0.003685867080808267,-8.96484901660808e-05,-0.003596218590642186,-0.04144667832498361
2018-11-20,-0.001981964294803255,-0.00017726149272917838,-0.0018047028020740773,0.03627647043895336
2018-11-21,-0.0035095591579480476,-0.00017036081053838979,-0.0033391983474096577,-0.02447998052012701
2018-11-22,0.0031590500508562828,0.00012383003833415368,0.003035220012522131,0.07160935775830306
2018-11-23,-0.0021000138595752118,-0.00012219343459629606,-0.001977820424978915,-0.027674842445544152
2018-11-26,0.0053798321884550625,0.0008336112976637319,0.004546220890791333,-0.029868085388626557
2018-11-27,-0.0014520942963923927,-0.00018642886615773298,-0.0012656654302346613,0.06592864388262233
2018-11-28,-0.0014254553151731276,-0.00031662086735952805,-0.0011088344478135982,0.04766416236847117
2018-11-29,0.005927848823971578,0.00024609924642044574,0.005681749577551132,0.005387238910765274
2018-11-30,0.004475182718045627,0.0001473922089541373,0.004327790509091488,-0.01593279080728146
2018-12-03,0.0010341808964058332,1.4738259556105159e-05,0.0010194426368497276,0.0522894775402655
2018-12-04,-0.0028300919775456363,-2.3958489763217967e-05,-0.0028061334877824183,0.012593765312740379
2018-12-05,0.008248289431201386,0.00011417960907109982,0.008134109822130288,-0.03380702454003916
2018-12-06,0.0018163618262942887,2.2308114046627574e-05,0.0017940537122476587,-0.05479000551977603
2018-12-07,-0.003995885915245158,-0.00015131612109734946,-0.0038445697941478073,0.16433431768476056
2018-12-10,-0.004696258127916933,-0.00019449111511239854,-0.0045017670128045355,-0.034826899129394746
2018-12-11,0.010041889413309236,0.004291946804046418,0.005749942609262818,-0.13344219064524254
2018-12-12,-0.0019075317399775181,-0.0006031333964282857,-0.0013043983435492325,0.08650999265684566
2018-12-13,-0.0067509606039643354,-0.002574924199798786,-0.0041760364041655475,-0.03708603960954327
2018-12-14,0.004042234545870648,0.0013243418098535208,0.002717892736017127,0.05957854225470112
2018-12-17,-0.0017404854100880173,-0.000171852245160007,-0.001568633164928012,0.07369330709551876
2018-12-18,0.01105359754944539,0.00011585618651891155,0.010937741362926476,0.0452543504157758
2018-12-19,0.012125357053126576,0.0002573984569748137,0.011867958596151763,0.028560673483146375
2018-12-20,0.008992397634138265,8.598310570665565e-05,0.008906414528431609,0.034362754412082
2018-12-21,0.0054970462732662016,3.794419772518501e-05,0.005459102075541016,-0.05461436241079994
2018-12-24,0.002143775439400161,0.00020125594116120887,0.0019425194982389503,-0.0034269073826389703
2018-12-25,-0.003388039786864687,-0.00042884559007538197,-0.002959194196789305,0.061366499053769695
2018-12-26,-0.00019671608256356562,6.234223897825988e-05,-0.00025905832154182566,0.0476352097644909
2018-12-27,0.0151828546465992,0.00010368507298154968,0.01507916957361765,-0.0007258705648754844
2018-12-28,0.010495128223439405,0.00015565302816107586,0.01033947519527833,-0.007797469227866001
2018-12-31,-0.00015970538911072672,2.1268883021854923e-05,-0.0001809742721325825,-0.09714141513016634
2019-01-01,-0.0013115360648157837,-0.0001113605468029931,-0.0012001755180127902,-0.002751802136343108
2019-01-02,-0.005932855291686688,-0.0018588561488473137,-0.004073999142839374,0.0413413214620462
2019-01-03,-7.627253290489058e-05,0.0002449169493288826,-0.00032118948223377314,0.039901084635139764
2019-01-04,0.002436479487069974,0.0005279111646207986,0.0019085683224491778,-0.005723238732184124
2019-01-07,0.00791301244851259,0.0001075683564168671,0.0078054440920957285,0.012014265564267256
2019-01-08,-0.0008489973248706033,-1.414201692335592e-05,-0.0008348553079472474,0.004247857359341599
2019-01-09,0.002233242114775094,3.221687958653886e-05,0.002201025235188553,-0.06382059374861303
2019-01-10,0.0008912652214908812,1.1227608834180058e-05,0.0008800376126566999,-0.016672380633511175
2019-01-11,-0.020789178392891725,-9.028799196803342e-05,-0.020698890400923695,0.004880782339533172
2019-01-14,-0.00866002276245076,-1.539858976534053e-05,-0.008644624172685418,-0.0010827634566314588
2019-01-15,0.0012771227564829755,8.59013699706316e-06,0.0012685326194859124,0.10016661648062994
2019-01-16,-0.0002492917837553551,-7.027303045913612e-06,-0.00024226448070944259,0.015119441734699979
2019-01-17,0.018695558008746557,0.00018947694367152206,0.018506081065075036,0.03634235765392965
2019-01-18,0.0043408250768399975,2.0647095842126276e-05,0.00432017798099787,0.06727278587565165
2019-01-21,0.0070001189580831584,7.145375991849182e-05,0.006928665198164666,0.020085497905816665
2019-01-22,0.012347184821882353,0.0001563594346488988,0.012190825387233454,0.008577573193530589
2019-01-23,0.0025907302599496355,6.372429772518243e-05,0.0025270059622244535,0.0012884599419406583
2019-01-24,0.0012116382588633677,1.9318044941965453e-05,0.0011923202139214027,0.028346985986495717
2019-01-25,0.0001845059149870776,5.094490821628758e-06,0.00017941142416544667,0.038269892234943065
2019-01-28,0.006865922834417857,6.376701501954523e-05,0.006802155819398312,0.09112581665605048
2019-01-29,0.003798244007745454,0.00022892979919158715,0.003569314208553862,0.02118903030140512
2019-01-30,0.010616041249799958,0.000646255151989801,0.009969786097810164,0.007359817248243314
2019-01-31,0.001402214696899119,9.717432633372415e-05,0.001305040370565393,-0.029593609367226575
2019-02-01,0.000470927955835716,-6.589198129635515e-05,0.000536819937132069,-0.06592350642017901
2019-02-04,-0.002341656960032186,-0.00010517948387732867,-0.002236477476154857,-0.024837579666651097
2019-02-05,-0.008520716107445087,-0.0002247937114186662,-0.008295922396026422,0.02052121124215214
2019-02-06,-0.003292322437299149,-8.335035843263193e-05,-0.0032089720788665167,-0.004089228380715784
2019-02-07,0.003000972908366561,5.752645386296481e-05,0.002943446454503596,-0.022034889805100343
2019-02-08,-0.0006252662443820799,-1.1360637058803469e-05,-0.0006139056073232729,-0.005155053848289528
2019-02-11,-0.0050336663297488975,-6.125291598310136e-05,-0.004972413413765798,0.06915430002407362
2019-02-12,-0.001390094652930855,-6.984957257951535e-06,-0.0013831096956729034,0.011567021888030216
2019-02-13,0.006084309870317864,0.0002795152364427891,0.005804794633875076,-0.02775842962551734
2019-02-14,0.001170128622561271,0.0001095888287155275,0.0010605397938457436,0.00819583908977251
2019-02-15,-0.003084115776971215,-0.0002467220012922046,-0.0028373937756790103,-0.0464251297832651
2019-02-18,0.0010203619971731704,4.499312518148335e-06,0.001015862684655023,-0.00024725621199887056
2019-02-19,-0.003878540530159731,-0.0002396532361946908,-0.0036388872939650393,0.00749730333760273
2019-02-20,-3.158809961090951e-05,-2.0815651629507497e-05,-1.077244798140288e-05,-0.04320657800391438
2019-02-21,0.0007143444728164856,2.838328777607889e-05,0.0006859611850404063,0.044793461614278565
2019-02-22,-0.009138744314857556,-0.0001598136355094315,-0.008978930679348122,0.098654521832713
2019-02-25,0.0074308892981849,0.0001529362314675476,0.007277953066717352,0.05052899738299059
2019-02-26,0.018550715823424633,0.00043967590678836536,0.01811103991663627,-0.05356010736614078
2019-02-27,0.009532184518141616,0.00017159571315396825,0.009360588804987649,0.05969137437176932
2019-02-28,-0.0035075197058178358,-0.0003253141515764512,-0.003182205554241386,0.00548735143825956
2019-03-01,0.003993813983778935,0.00048565663989971145,0.003508157343879223,0.048496212135360095
2019-03-04,0.00034150896090814485,2.5653897483212795e-05,0.0003158550634249316,-0.06765158780428641
2019-03-05,0.006104518307411533,0.0001850796472202352,0.005919438660191298,0.03606473596965504
2019-03-06,-0.009654095938412719,-0.00016325878837429586,-0.009490837150038426,-0.006725588681268313
2019-03-07,0.006417120687957109,6.705122418984707e-05,0.006350069463767264,0.11444764101532844
2019-03-08,-0.0012155718196009161,-3.67078674078751e-05,-0.001178863952193042,0.1337409983657024
2019-03-11,0.018403870705376843,0.00022690045325257603,0.01817697025212427,-0.0896921312692082
2019-03-12,0.0062025139792117896,0.0014465883203560164,0.004755925658855772,0.013787285896782074
2019-03-13,-0.0042283116712263265,-0.0010446696250644358,-0.003183642046161889,-0.03671491895327924
2019-03-14,0.0006421901511430831,-0.00015605573690776267,0.0007982458880508459,-0.035603936741193554
2019-03-15,-0.005749707335381853,-8.993920777925803e-05,-0.005659768127602594,-0.009008871867927362
2019-03-18,-0.003988405126076651,-0.0001105305490838697,-0.0038778745769927833,-0.04132582999299406
2019-03-19,-0.0009932312897227773,-5.705037097314403e-05,-0.0009361809187496319,-0.02666523505757781
2019-03-20,-0.00449942901421784,-8.833743774628298e-05,-0.004411091576471557,0.11077006222328231
2019-03-21,-0.004844847966671847,-9.134868357486836e-05,-0.004753499283096978,-0.04282669975299008
2019-03-22,0.01869517690482235,0.0005085217658918188,0.01818665513893053,0.0024792259168191144
2019-03-25,-0.004835198873337277,-0.00016318910272205482,-0.004672009770615222,0.018576885069842466
2019-03-26,0.00023135497325868807,-1.5987901772158324e-05,0.0002473428750308464,0.03250297450955136
2019-03-27,0.0025075529888805084,2.780184461428567e-05,0.002479751144266223,0.013256274924439563
2019-03-28,0.0035119347608108076,9.162532140479939e-05,0.003420309439406009,-0.03307285695480005
2019-03-29,0.0016846269114648995,4.42217935464782e-05,0.0016404051179184217,0.028661516108057332
2019-04-01,-0.0040514221642773945,-0.00011383410692836649,-0.003937588057349031,0.05106460966899632
2019-04-02,0.0036087239734090334,6.074291227846254e-05,0.0035479810611305706,0.07673437793462201
2019-04-03,0.004451427572339857,8.916263613716578e-05,0.004362264936202691,-0.03640456031336758
2019-04-04,0.008211918665451215,0.00018075350915816232,0.008031165156293053,0.11688585342611511
2019-04-05,-0.0042357282316698285,-8.111708066103722e-05,-0.0041546111510087904,0.026147531948259167
2019-04-08,0.04131880231420916,0.00011903021052467669,0.04119977210368447,0.041575197666887484
2019-04-09,0.006025096748622974,3.554949030850404e-05,0.005989547258314468,0.020933602450302735
2019-04-10,0.00715249443869007,7.911890825412033e-05,0.007073375530435949,-0.03219650603698308
2019-04-11,0.0028553657806640836,2.381168478864798e-05,0.002831554095875436,-0.05785338985094916
2019-04-12,-0.0044092711783804955,-8.911861011764305e-05,-0.004320152568262854,-0.06896395042531733
2019-04-15,-0.0089531117814206,-0.00015456474207017207,-0.008798547039350433,0.012663850740187473
2019-04-16,-0.011202468799219444,-0.00017217684680335163,-0.01103029195241609,0.00869020229518242
2019-04-17,0.0035549273351700205,3.380807733071624e-05,0.003521119257839305,0.0010241500618673911
2019-04-18,0.0059216554197653835,5.921655419764346e-06,0.005915733764345619,0.02272928483292169
2019-04-19,0.00025120593352479306,8.230984613590009e-06,0.00024297494891120305,-0.0766715968445278
2019-04-22,0.0044802186404808205,5.6314549097023076e-05,0.004423904091383801,0.023303362124904168
2019-04-23,-0.004973135616602354,-0.0005315700598037903,-0.004441565556798562,0.09601487043739645
2019-04-24,0.0013979139669518326,0.00014458077360568998,0.0012533331933461435,-0.029754080076978714
2019-04-25,0.00709305988979037,0.0006652018561125513,0.006427858033677819,0.009288586560802656
2019-04-26,-0.00593398975131823,-7.738187342931895e-05,-0.00585660787788891,-0.13621486833462407
2019-04-29,0.0024511933997374107,1.0852630188355056e-07,0.0024510848734355306,-0.08254981543523024
2019-04-30,-0.011198152696463461,-0.0007909390888801229,-0.01040721360758334,-0.0036315802548119495
2019-05-01,-0.007244644728341135,-0.0005425544605171485,-0.006702090267823988,0.012773912980618285
2019-05-02,-0.00035857007684303595,-9.591848705832809e-06,-0.00034897822813720683,0.027852738236532174
2019-05-03,0.003248737427729279,3.8064582364973065e-05,0.0032106728453643076,0.04508741332067679
2019-05-06,0.0073859553519540246,8.607089974195514e-05,0.007299884452212071,-0.011484994262377141
2019-05-07,0.009662253034848073,0.00011000977469674891,0.009552243260151324,-0.025205265095049317
2019-05-08,-0.0021841712808846067,-4.338153675708528e-05,-0.002140789744127523,0.024246131967856795
2019-05-09,-0.004110659110335807,-7.582976342907985e-05,-0.0040348293469067275,0.08183736524763291
2019-05-10,0.003933065150359396,8.812286018298251e-05,0.0038449422901764133,0.02137381726229723
2019-05-13,0.011953708911002475,0.00031251505324129047,0.011641193857761186,0.07055270576510621
2019-05-14,0.003447765207639478,5.5502204989525596e-05,0.0033922630026499536,0.012313277958789979
2019-05-15,0.008101941248560448,0.0002944680331149734,0.007807473215445475,0.027010222207381963
2019-05-16,0.001863936654119587,4.0741313451116146e-05,0.0018231953406684688,0.005394787790348565
2019-05-17,0.004002451119414151,0.00016701811924014,0.003835433000174011,0.006895264550043003
2019-05-20,0.0007198088234981418,-7.489064986760719e-06,0.0007272978884849014,0.01635724551589367
2019-05-21,0.0009159221051679278,2.5944849601451658e-05,0.0008899772555664709,0.190554962539486
2019-05-22,0.002026868174941982,0.0003217676225297367,0.0017051005524122559,0.14983506246370676
2019-05-23,0.029847493707104718,0.003319770092020188,0.02652772361508453,0.13037035421845267
2019-05-24,0.01043583964644449,0.008761997834109456,0.0016738418123350349,-0.12759976930693823
2019-05-27,0.009209201675496381,0.005893442323489716,0.003315759352006665,-0.1874600552221891
2019-05-28,-0.010980153929656665,-0.009454905590658178,-0.0015252483389984871,-0.024601291572008806
2019-05-29,-0.014536127092213382,-0.006068713877606088,-0.008467413214607297,0.055473539445407304
2019-05-30,-0.012852338302612466,-4.6787572408696354e-05,-0.012805550730203771,0.1455981462394704
2019-05-31,0.016163637225021794,0.00011438309305097927,0.016049254131970815,0.13176727318613343
2019-06-03,0.030331402961632073,0.0005380241336899478,0.029793378827942127,0.09990381181495307
2019-06-04,0.023481112210882574,0.0004388553152562761,0.023042256895626296,0.03378629461990252
2019-06-05,0.018476071550778742,0.0003242004810884852,0.018151871069690257,0.035675907162867976
2019-06-06,0.009438609215257871,9.182701598903914e-05,0.009346782199268832,0.059187804576269674
2019-06-07,0.012647222692018227,9.888417502349443e-05,0.012548338516994734,0.03672618081839395
2019-06-10,0.013841891919649976,0.00013350192138664174,0.013708389998263334,0.06781186217107305
2019-06-11,0.01108852571193354,9.988224374966014e-05,0.01098864346818388,-0.10174547505946308
2019-06-12,0.021233712443603482,0.00021221975711278873,0.021021492686490693,-0.008019490095687865
2019-06-13,-0.037445412339461005,-0.00037394711208063293,-0.037071465227380376,-0.03019072500251858
2019-06-14,-0.0021855850973316543,-6.041602963432341e-05,-0.00212516906769733,-0.07642456593397111
2019-06-17,-0.0028612823698858226,-0.0005370483118067666,-0.0023242340580790564,-0.02273138843920249
2019-06-18,-0.007648942618026003,-0.0012682752563653588,-0.0063806673616606455,0.047750162695531825
2019-06-19,-0.0018269810222334487,-0.00031129587952195836,-0.0015156851427114842,0.00824613693414874
2019-06-20,0.0027190610378222337,0.0011328089677320186,0.0015862520700902147,-0.06928726730884788
2019-06-21,0.0003622088732888702,-0.0008436230131138589,0.0012058318864027282,0.03640500047242571
2019-06-24,-0.004395967564953132,-0.0017367925601424368,-0.0026591750048106967,0.050009982119436365
2019-06-25,0.0080982628707021,0.00013234140373695404,0.007965921466965146,-0.08798862627981498
2019-06-26,0.017919289378799448,0.00020593405512508295,0.017713355323674372,0.07118505203591846
2019-06-27,-0.015601869627591428,-0.0005408211142821986,-0.015061048513309229,-0.09494152664682788
2019-06-28,0.0047555793032949805,0.0010109409669416952,0.0037446383363532836,-0.023382050447366645
2019-07-01,-0.0061350114446179745,-0.0014697099317370656,-0.004665301512880908,-0.04440509489944425
2019-07-02,-0.0016052203974283481,-0.0001697526324864404,-0.0014354677649419043,0.13532244694151116
2019-07-03,-0.00344715865599873,-0.0018307392577733422,-0.001616419398225384,-0.028604907632915753
2019-07-04,0.008560995974574905,0.002400811096290385,0.006160184878284518,0.15167537648557483
2019-07-05,-0.0017676607104173262,-0.001170387509109038,-0.0005972732013082883,0.08861221386478721
2019-07-08,0.009292016204923512,0.002562102268770537,0.006729913936152975,0.0807551485452198
2019-07-09,0.02383027296820818,0.00021643004063149826,0.02361384292757668,0.03501658775820125
2019-07-10,0.01913759508697365,0.0003787024031625605,0.018758892683811097,-0.0521738739480631
2019-07-11,0.00795104847316971,0.00010266326367381826,0.007848385209495896,0.05617907255472441
2019-07-12,-0.0030740075022007993,-0.0004536829417832594,-0.002620324560417539,0.15131490278255144
2019-07-15,0.004100900807948593,0.0006775017814799507,0.0034233990264686404,0.05423705775102887
2019-07-16,0.010339588268824711,0.0014743411067882533,0.008865247162036459,0.042178757485813484
2019-07-17,0.01161759496025287,0.00028390161820152776,0.011333693342051348,-0.21332366138829692
2019-07-18,0.00872950492230173,0.00014740709884800726,0.008582097823453724,-0.345879780284662
2019-07-19,-0.011342490747171523,-0.005021535305656098,-0.0063209554415154245,0.16822085124461064
2019-07-22,-0.019244653517680947,-0.006913313416157529,-0.012331340101523421,0.041731720018967675
2019-07-23,0.009488293595448241,0.0037012537922686815,0.005787039803179561,0.040786488136042305
2019-07-24,0.005555692793107313,0.00014475763218409904,0.005410935160923221,-0.01702751674659238
2019-07-25,0.005823101373804478,0.00017375244075650345,0.005649348933047974,-0.010932849338103623
2019-07-26,-0.0029987597967997773,-0.00012093189016815047,-0.002877827906631627,0.004159464949761166
2019-07-29,-0.003907016165792308,-2.866028791439698e-05,-0.0038783558778779127,-0.00980835455810654
2019-07-30,0.0014650710581345853,6.5554272516647055e-06,0.0014585156308829193,0.06775389350102375
2019-07-31,-0.0010286124959521335,-4.311603385713514e-05,-0.0009854964620950035,-0.05825614905097298
2019-08-01,0.0044773004383626405,0.0005754633766977676,0.003901837061664873,-0.010003255872245315
2019-08-02,-0.0041265532614647655,-0.0008973550802274764,-0.003229198181237289,0.05850120924991176
2019-08-05,-0.0007137402536447172,-1.1453967095727095e-05,-0.0007022862865489897,-0.07466611357832377
2019-08-06,0.008089814217066693,0.0002700776877172517,0.007819736529349443,0.0009210189003470069
2019-08-07,-0.010520605900014222,-0.0002794350062250237,-0.010241170893789198,-0.0011115597637552175
2019-08-08,0.0001383129050880538,1.077904309956454e-05,0.0001275338619884884,0.11352566713592872
2019-08-09,-0.00023123654367465836,-6.937072576253429e-06,-0.0002242994710984058,0.02625994507410649
2019-08-12,0.019476313246575425,0.0005329740113509569,0.01894333923522447,0.02722107550199028
2019-08-13,0.004853476576000255,0.00011087578186171933,0.004742600794138537,0.021201286855108213
2019-08-14,0.004420174306411159,0.00018819163882603795,0.004231982667585118,-0.012428613329778205
2019-08-15,0.0025558343649694955,8.731360837891831e-05,0.0024685207565905767,0.041132622915459854
2019-08-16,-0.0012117548472492176,-0.00024274691145910812,-0.000969007935790106,0.06187741614142073
2019-08-19,0.003181977174362827,0.00025043123478452403,0.0029315459395783047,0.11949053207794579
2019-08-20,0.004699656956657814,0.00035104616767308704,0.004348610788984726,0.05706976991927322
2019-08-21,0.011905537375425667,0.0005643373444515244,0.011341200030974144,0.19540803399890055
2019-08-22,0.007736669452436628,0.0002031029413869193,0.00753356651104971,0.11748780946042
2019-08-23,0.03391966634646591,0.0005655917238113609,0.03335407462265455,0.06511103868516721
2019-08-26,0.02046341079846105,0.0003822601434938259,0.02008115065496722,0.12452402836088218
2019-08-27,0.01073581170085201,0.0002035785824603016,0.010532233118391703,0.045389566613423395
2019-08-28,0.021397907987830436,0.0003937191350232151,0.02100418885280722,0.07605792341041856
2019-08-29,0.0098942197431051,0.00017742235675457293,0.009716797386350527,0.056992095976686113
2019-08-30,0.013876783289607458,0.0002298858550473029,0.013646897434560155,0.06590894731024094
2019-09-02,0.006997852037876876,0.0002488803095912744,0.0067489717282856,-0.010962605543570878
2019-09-03,0.00856035204666683,0.00040434499280667287,0.008156007053860156,-0.004392423537872406
2019-09-04,-0.0011715705514517088,1.303377297569297e-05,-0.0011846043244274004,-0.039613140739619954
2019-09-05,-0.0006643154898582485,-1.9720217343866843e-06,-0.0006623434681238614,0.012423540260294491
2019-09-06,-0.0036054283976233413,-0.00023747915294574512,-0.003367949244677596,0.0237045447653772
2019-09-09,0.0012695631147581544,0.00011794361156235644,0.0011516195031957984,0.08786886459955227
2019-09-10,0.002511536457797117,0.000168806356955091,0.0023427301008420278,0.004299934654764952
2019-09-11,0.011477894877320234,0.00044725905887055273,0.011030635818449683,-0.023999715745579284
2019-09-12,0.0006315376001828025,5.7301528564410176e-05,0.000574236071618394,0.016144420620433756
2019-09-13,-0.003537030863242849,-0.00010842292781099161,-0.0034286079354318598,0.00442059708983858
2019-09-16,0.00237585739635614,7.216103598374306e-05,0.0023036963603723973,-0.0064304448891214245
2019-09-17,0.0007492853874501411,7.822762321755411e-07,0.0007485031112179651,0.008120019654903592
2019-09-18,-0.000933373177758269,-1.7013313572757137e-05,-0.000916359864185511,0.07869609199430738
2019-09-19,0.0011679605756245628,1.1233714679674631e-05,0.0011567268609448894,-0.07578459811281521
2019-09-20,0.008905840062851405,0.0003706970834601595,0.008535142979391246,0.04460852719836724
2019-09-23,-0.009834523100332063,-0.00030631295024008236,-0.009528210150091981,-0.007374059792780702
2019-09-24,0.005649229801016315,0.0001970109037807556,0.005452218897235558,-0.010238352666957128
2019-09-25,-0.0010433320401307788,-9.131331986436935e-07,-0.0010424189069321351,-0.03418160504319376
2019-09-26,-0.0017008316363108897,-4.8241714555659516e-05,-0.0016525899217552315,0.02044289483157025
2019-09-27,-0.002241043604142124,-0.00045308998311795884,-0.0017879536210241645,-0.10117064497664009
2019-09-30,0.0014402621740178625,0.00016172048326803905,0.0012785416907498239,-0.025922119606934954
2019-10-01,-0.0071234030391258175,-0.0011617079295744232,-0.005961695109551394,0.022370267716098916
2019-10-02,-0.004255852757867194,-5.2545597238554814e-05,-0.00420330716062864,0.05770952451437548
2019-10-03,0.003914560684564689,5.999162266719224e-05,0.003854569061897498,0.02922192607457772
2019-10-04,0.00858077651791788,0.00022059855519351293,0.008360177962724367,0.055098622889541767
2019-10-07,0.0038955599558103664,0.00011273935170971359,0.0037828206041006524,0.042851173725305954
2019-10-08,0.008220690296621822,0.0002764580993024901,0.007944232197319333,0.048922617128975804
2019-10-09,0.005257320456696539,0.00022788105979212533,0.0050294393969044105,0.03356076207554781
2019-10-10,0.004641329511474777,0.0003422752259149668,0.004299054285559809,0.08182347156019806
2019-10-11,0.0033406925245367306,0.0001353462696247771,0.003205346254911952,0.20367980700546373
2019-10-14,0.008305658094724952,0.0003440195557803862,0.007961638538944566,0.08961828947383298
2019-10-15,0.042638633641794974,0.0007113773027690382,0.041927256339025935,0.1377829664718766
2019-10-16,0.017002526213351084,0.0003613827479432962,0.016641143465407786,0.1381784845888854
2019-10-17,0.026567871835016233,0.000552354004922536,0.026015517830093697,-0.018698423204690524
2019-10-18,0.0268070627826491,0.0005700142713476498,0.02623704851130145,0.12334431814339446
2019-10-21,-0.005732068683011174,-6.991413190153301e-05,-0.005662154551109641,0.05463969171501851
2019-10-22,0.031622484656530274,0.00040795856373971456,0.031214526092790566,0.03799273959523256
2019-10-23,0.015281376322975108,0.0003018230375014556,0.014979553285473651,0.04160201119941195
2019-10-24,0.011089058047083857,0.0001703953211106904,0.010918662725973166,0.1140063599588581
2019-10-25,0.011074473692755469,0.00015349477121698318,0.010920978921538475,0.13436179837497647
2019-10-28,0.02658363936796636,0.00042854481616904364,0.026155094551797316,0.08247649202949148
2019-10-29,0.017775664474849975,0.0007859122246835076,0.016989752250166475,-0.006800558575261115
2019-10-30,0.009783198072458395,0.0005514018391971302,0.009231796233261265,0.006025739040257166
2019-10-31,-0.0007158562545400643,-0.00012067160210257454,-0.0005951846524374907,-0.03486315613138007
2019-11-01,0.0009435686106668386,1.7676115892763591e-06,0.0009418009990775616,0.049208787216018866
2019-11-04,-0.010885558265261419,-0.0001192626598990193,-0.010766295605362405,0.020542041710897133
2019-11-05,0.00761339359926275,0.00031711293912322985,0.00729628066013952,0.05528875837342665
2019-11-06,0.002518246249825183,4.400385103833088e-05,0.0024742423987868557,-0.030490935508315636
2019-11-07,0.005648089879507396,0.00023761773132044764,0.005410472148186952,0.0032300129234292844
2019-11-08,-0.006674292596492864,-0.00017105872620373438,-0.006503233870289128,0.014165046123026218
2019-11-11,0.000546232122190413,-3.57995143208268e-05,0.0005820316365112415,-0.002567509324815113
2019-11-12,0.0042094516825280925,4.096804614701216e-05,0.004168483636381077,-0.00028721059466290007
2019-11-13,-0.0007706475563042251,-2.4982490823607234e-06,-0.0007681493072218644,-0.05216950124372258
2019-11-14,-0.00010909551130555868,-6.9929150440656285e-06,-0.00010210259626149132,-0.016851196814403467
2019-11-15,-0.0197426797635781,-0.00011804127341650362,-0.0196246384901616,0.01842680245204623
2019-11-18,-0.0037730192748602455,-7.612820751135528e-05,-0.0036968910673488894,0.009455369293870487
2019-11-19,0.0038462396986186304,9.420406292711715e-05,0.0037520356356915124,0.02141403878989784
2019-11-20,0.0016165422087390659,6.294692986147724e-05,0.001553595278877589,0.03136728251258482
2019-11-21,0.003931008941116222,0.00011495787662776057,0.0038160510644884623,-0.025088949197334644
2019-11-22,0.005133439146654642,0.00012968859359793923,0.005003750553056705,-0.04981882285068946
2019-11-25,-0.0024667376696729457,-0.0002135297466275294,-0.0022532079230454163,-0.09013300132631857
2019-11-26,-0.005101266934887363,-0.00019526918011031,-0.004905997754777052,0.06966478647567112
2019-11-27,-0.009507721910524809,-0.0005064871278838753,-0.009001234782640932,-0.0017081929625394356
2019-11-28,0.017947077651006782,0.00019871815467569984,0.01774835949633108,0.05657789379359546
2019-11-29,-0.0004342456353091681,-1.1283730474312068e-05,-0.00042296190483485756,0.004299782767352971
2019-12-02,0.012419322025436462,0.00015826678213403528,0.012261055243302427,-0.03756542829880396
2019-12-03,0.00046199155419517394,-1.7975820447470314e-06,0.00046378913623992043,0.005909434588001666
2019-12-04,-0.00509413793172522,-0.00029168273762206383,-0.004802455194103154,0.02136179257586133
2019-12-05,0.0007459484819245575,6.842755312319593e-06,0.0007391057266122394,-0.005948922694326323
2019-12-06,0.004418933318091924,-5.93101590629086e-06,0.004424864333998214,-0.02959761120806489
2019-12-09,-0.000982525291687515,-3.225550644230489e-05,-0.0009502697852452127,0.01701224228560179
2019-12-10,-0.004329587832477657,-0.00011031759931895077,-0.0042192702331587065,0.03829869870345648
2019-12-11,0.0021934641643121776,5.945115970349812e-05,0.00213401300460868,0.013929374480961642
2019-12-12,0.007422900097986556,0.00014869903867784345,0.0072742010593087126,0.009187846025242188
2019-12-13,0.0018952645457185153,5.158454445927836e-05,0.0018436800012592396,0.055130238517132196
2019-12-16,0.0013088984540979957,4.4620551033923775e-05,0.0012642779030640722,0.06526928183082022
2019-12-17,0.008732115125343814,0.00036523563312098294,0.008366879492222833,0.006046831600938131
2019-12-18,0.005504083563882694,0.0007492012614905407,0.004754882302392152,-0.1675323824637418
2019-12-19,0.00046471478256780675,-0.0003218732215993572,0.0007865880041671644,-0.04814318709274764
2019-12-20,-0.018437263262297908,-0.0026854242702405856,-0.015751838992057322,-0.21143688784210876
2019-12-23,-0.006382365563224779,-0.0002961845945986495,-0.006086180968626131,0.018938572139649237
2019-12-24,-0.0318689478403333,-0.001493008379169096,-0.030375939461164205,0.029489276806864664
2019-12-25,0.0019428926678907187,-6.0246451748430675e-05,0.0020031391196391494,-0.0004510616783969964
2019-12-26,0.003342868307783361,0.00013662083583894022,0.0032062474719444234,0.04010555221339351
2019-12-27,-6.4705367440741e-05,1.8121238526134674e-05,-8.282660596687567e-05,0.01303103422030785
2019-12-30,0.012077352027786356,4.056306611029299e-05,0.012036788961676065,0.03677543096102616
2019-12-31,0.002826660947469007,3.2138997829819066e-05,0.0027945219496391875,0.03398988015968079
2020-01-01,0.006919213112131561,7.792016255306691e-05,0.006841292949578491,0.03549438148778311
2020-01-02,0.009020813234719366,6.485377010128843e-05,0.008955959464618076,0.061278530735559805
2020-01-03,0.002478101061703432,0.00023008848712555846,0.0022480125745778755,-0.07958734059221001
2020-01-06,0.004213499112369348,0.0003680293920525022,0.003845469720316845,0.03370036007158892
2020-01-07,-0.005555313172488808,-0.0009564532995469822,-0.004598859872941827,0.042970433200784794
2020-01-08,0.0028955407336108113,0.0003161979816669637,0.0025793427519438476,0.0040580758841182105
2020-01-09,0.003075372303448348,0.00017739202280991039,0.0028979802806384375,0.004883322730558286
2020-01-10,0.0006298990844253909,-6.229863707826744e-05,0.000692197721503654,-0.0261287326521417
2020-01-13,0.0007120019863061644,-7.379084083409745e-05,0.0007857928271402664,0.0043729124668861795
2020-01-14,-0.005205471452533534,-9.39454398985796e-05,-0.005111526012634954,-0.011625036587273803
2020-01-15,0.0013809471772331296,1.2314280406672956e-05,0.0013686328968264584,0.05050079117303113
2020-01-16,-0.004871368264735146,-1.9464082960560583e-05,-0.004851904181774584,-0.07023525470140872
2020-01-17,0.009548093636021649,9.985672528322492e-05,0.009448236910738424,0.0519191677719216
2020-01-20,-0.00816602109046471,-0.00031778548519495985,-0.007848235605269751,0.0031949669178859236
2020-01-21,0.005838540448042845,0.00018267955848855384,0.005655860889554289,0.0356439925785822
2020-01-22,0.00035313064112445225,3.1533265123406123e-05,0.0003215973760010461,0.06367381355022786
2020-01-23,0.003926521361301213,0.00013877479777716674,0.0037877465635240467,-0.11041551403812994
2020-01-24,0.008769530628637386,0.0001763750838834656,0.008593155544753919,0.0441319794075992
2020-01-27,-0.012830761109554254,-0.00047417408878644706,-0.012356587020767808,0.03606964088670237
2020-01-28,0.0059033016582960545,0.0001806598927011503,0.005722641765594905,0.02196368443078303
2020-01-29,0.0038151065984393796,0.00026012072670789793,0.0035549858717314814,0.06001933377754286
2020-01-30,0.0026134692171494375,0.00011097193657401243,0.0025024972805754255,0.009054830635263852
2020-01-31,0.007308897106347101,0.0003812154016752216,0.006927681704671878,0.009164611800441888
2020-02-03,0.0011834465555228403,6.926913002792631e-05,0.0011141774254949128,0.011423964302979346
2020-02-04,0.0008698991359868914,5.8147781112107e-06,0.0008640843578756781,-0.008878794249668705
2020-02-05,0.000967601452190936,7.316124150766844e-05,0.000894440210683268,-0.032346521897038134
2020-02-06,-0.001196101928769907,-2.074698588624968e-05,-0.001175354942883653,0.027808647321631717
2020-02-07,-0.0046136741123887276,-0.00010618262361130996,-0.004507491488777417,0.02390606431622338
2020-02-10,0.006881718114273058,3.565250820286234e-05,0.006846065606070194,0.012600820695335987
2020-02-11,0.006191885051294156,5.202123938325039e-05,0.006139863811910907,0.03140539525576143
2020-02-12,0.005163632712815583,2.6972897145984345e-05,0.005136659815669605,0.0058522389555992265
2020-02-13,0.005684986114219484,9.209934723691544e-05,0.0055928867669825695,0.021754431480330162
2020-02-14,0.0008890081152443656,1.2287367182880387e-05,0.000876720748061485,0.017113554622063588
2020-02-17,0.0036432994026250683,0.00013018368090744574,0.0035131157217176204,-0.04972867680519138
2020-02-18,0.0025603488599294463,6.279922600326785e-05,0.002497549633926178,0.007321959905856131
2020-02-19,-0.008052604379683855,-0.00017692294616420334,-0.007875681433519653,0.017199150956135646
2020-02-20,0.0013203184325573016,6.093361228808568e-06,0.001314225071328493,0.04506525628683892
2020-02-21,0.004648981425858443,3.727494948276618e-05,0.004611706476375677,-0.02632256764198853
2020-02-24,0.010454409205259245,0.0001188524072253715,0.01033555679803387,0.0002545169594180414
2020-02-25,-0.004613671658222487,-8.025459859581726e-05,-0.004533417059626671,0.03956080816899608
2020-02-26,3.725768972905085e-05,-4.320254065881546e-06,4.157794379493207e-05,-0.07237915354869205
2020-02-27,0.00625435474032806,0.00012574378522836344,0.006128610955099696,0.027383830586516472
2020-02-28,-0.011544842498965122,-0.00019968335456525685,-0.011345159144399868,0.04252513022328021
2020-03-02,0.0032603517706563884,4.35058237627621e-05,0.0032168459468936263,0.08697609946547362
2020-03-03,0.004958793178790869,9.320371043049398e-05,0.004865589468360373,0.05961194361489816
2020-03-04,0.011989030085747861,0.0002786216712198633,0.011710408414527997,0.05788531261433667
2020-03-05,0.011291410744590223,0.00012336266486405586,0.011168048079726167,-0.005962299779285629
2020-03-06,0.011643487262937733,0.00011011847160215466,0.011533368791335576,-0.04156995161154617
2020-03-09,-0.0009512230477103497,-5.8486989697317544e-05,-0.0008927360580130348,0.024440685520570164
2020-03-10,-0.006458136756213366,-0.00019176456571997637,-0.006266372190493383,0.08631312365103866
2020-03-11,0.003672956935300063,7.530364263371933e-05,0.0035976532926663453,0.08936186245713104
2020-03-12,0.013925201698649699,0.00029831234358478477,0.013626889355064915,0.016960848846728837
2020-03-13,0.015321606095874735,0.0003005753280278557,0.015021030767846881,-0.035563512413315124
2020-03-16,0.001998404844720171,7.497074724647015e-05,0.0019234340974737018,0.07127573653317139
2020-03-17,-0.0036347775260301696,-0.00016100150546472474,-0.0034737760205654443,-0.041048420865774406
2020-03-18,0.00758990294410071,0.00038100802105348747,0.007208894923047219,-0.25036853729738984
2020-03-19,-0.005842586703117136,-0.00018810366688757317,-0.005654483036229561,0.06865965299498386
2020-03-20,-0.03556638806695607,-0.001267303901122287,-0.03429908416583379,0.027435138061441065
2020-03-23,0.009577465643563812,0.0002879182731441391,0.009289547370419675,0.11287879988048231
2020-03-24,0.004164018451132349,6.906006547740401e-05,0.004094958385654945,-0.0202256564107298
2020-03-25,0.01973099734815701,0.0004511579882078018,0.019279839359949206,0.004481437496173205
2020-03-26,-0.005617053690417928,-6.914850957909918e-05,-0.005547905180838825,-0.06801375267995571
2020-03-27,0.0009812319971193736,6.994040577038008e-06,0.0009742379565423412,-0.024743878825422626
2020-03-30,-0.011541049992941633,-0.0003935183778526821,-0.011147531615088954,-0.010140113366252356
2020-03-31,-0.004568780777848775,-0.00023438599511794805,-0.004334394782730824,0.03157293918572918
2020-04-01,-0.001262765452087086,-7.833288988998675e-05,-0.0011844325621970988,-0.015166237672046045
2020-04-02,0.00426561827353083,0.00010914038024179527,0.004156477893289037,0.03384427794638198
2020-04-03,-0.003116766158645822,-0.00015269198571966555,-0.0029640741729261566,-0.0217938293847831
2020-04-06,0.007978839088102666,0.0001007217584525124,0.007878117329650151,0.062298243155887646
2020-04-07,-0.0051997600864958846,-0.00010180647273054164,-0.005097953613765341,0.029879612072774748
2020-04-08,0.020356273228692545,0.0001746392975702435,0.020181633931122298,0.034677357281865856
2020-04-09,0.006428150737204375,0.00013153313026519325,0.006296617606939182,0.009142634301902878
2020-04-10,0.006525821582703118,0.00019891749970245634,0.006326904083000667,0.0593846141329278
2020-04-13,0.0012737404983667315,-1.9091276786861386e-05,0.0012928317751535919,0.051645330748759745
2020-04-14,0.00795644583188209,0.00043618668074467404,0.0075202591511374164,-0.03919731451688148
2020-04-15,0.007866031539776821,0.0004171158997841994,0.007448915639992622,-0.013717008643956745
2020-04-16,-0.00581947313141124,-0.000231820161270083,-0.005587652970141157,0.01276405055994249
2020-04-17,-0.002158019360970728,-7.961718416715086e-05,-0.0020784021768035787,0.024983087901660702
2020-04-20,0.0023635744694431703,8.200770048751374e-05,0.0022815667689556557,0.01734487290218844
2020-04-21,0.0041588618286949805,8.3836584549162e-05,0.0040750252441458185,0.085438090250389
2020-04-22,0.0033270058792881215,1.0233797096052474e-05,0.0033167720821920673,0.016388365005522928
2020-04-23,0.021456102840281446,0.0002957921984082807,0.021160310641873167,0.04840412474694644
2020-04-24,0.004402596811202003,5.28189506621337e-05,0.004349777860539873,0.02974899078082627
2020-04-27,0.012484672047178725,0.00022595800268430943,0.012258714044494416,-0.03992423575495733
2020-04-28,0.0038186670041880054,0.0001384153086680911,0.0036802516955199136,0.04882485222710795
2020-04-29,-0.004229937054104561,-0.00023949275465013145,-0.003990444299454431,0.022822311664045313
2020-04-30,0.005418112527736907,0.0004349221275633617,0.004983190400173549,-0.07409567498893281
2020-05-01,0.0033212612606789826,0.00012177713608170016,0.0031994841245972802,0.06937696624517524
2020-05-04,-0.010589876031503347,-0.0004628930014468546,-0.010126983030056491,0.040096030107016754
2020-05-05,0.007829850935028701,0.0005150163396611535,0.007314834595367546,-0.051995066223784275
2020-05-06,0.0048414513367736455,0.0002986994611309038,0.0045427518756427435,0.013242465369441576
2020-05-07,-0.006725102284878961,-0.0005021827996846678,-0.006222919485194293,-0.016835233415669254
2020-05-08,0.001449049824402651,6.029841966618231e-05,0.001388751404736468,-0.04225657210136399
2020-05-11,-0.0016469254035067305,-0.0001762062876298244,-0.001470719115876911,0.022424706703732224
2020-05-12,-0.003963977520757346,-0.00034335905642565896,-0.003620618464331685,0.045621748924428364
2020-05-13,0.004540669916379311,8.874095686812675e-05,0.004451928959511183,0.060000323054855885
2020-05-14,0.010916095545275614,0.00012420113633104454,0.010791894408944566,-0.10108977255519064
2020-05-15,0.03113392856461617,0.00011244046471700284,0.03102148809989917,0.0551471702380349
2020-05-18,-0.03894664319381347,-0.00020067356026460398,-0.03874596963354886,0.0355119623929168
2020-05-19,0.023633919788326876,9.809327706744781e-05,0.023535826511259426,0.11700574766666741
2020-05-20,0.005282174141842728,0.00016894444894793425,0.005113229692894791,-0.03436398745985572
2020-05-21,0.01736789231496084,0.0005936484406346976,0.016774243874326147,0.05295205819057674
2020-05-22,-0.00497395042735344,-0.00015817012778722786,-0.004815780299566214,-0.10093398455480015
2020-05-25,0.005063540846242606,0.00024149663347622537,0.004822044212766382,0.09258732022967142
2020-05-26,-0.008517948807475256,-0.0007316835117399268,-0.007786265295735331,0.08341154428116034
2020-05-27,0.009136311433667114,0.0006915311523755241,0.008444780281291591,0.08174880018448377
2020-05-28,0.023096093056328898,0.0002186890221014242,0.022877404034227472,0.03416917758385609
2020-05-29,0.020736724213243518,0.00021449889721131266,0.020522225316032205,-0.11325461701598624
2020-06-01,0.006401212269190163,0.00014943773730402565,0.006251774531886134,-0.11294397278017725
2020-06-02,-0.01927259114049848,-0.0004998852375055103,-0.018772705902992973,0.04371807418648399
2020-06-03,-0.010740282787729163,-0.0008117468193265844,-0.009928535968402579,0.01918230921498507
2020-06-04,0.00479471665831898,0.0002502036812228577,0.0045445129770961224,-0.024180702364582606
2020-06-05,0.002168478728419341,0.00013274345650951612,0.0020357352719098257,-0.026975972360027925
2020-06-08,-0.006018025522778893,-5.0858385813905976e-05,-0.005967167136964994,0.0026528104844765984
2020-06-09,-0.006188420532183346,-8.169061421245578e-05,-0.006106729917970892,0.03193573472825706
2020-06-10,0.000678112629990602,1.434372058772734e-05,0.0006637689094028763,0.02185298548839617
2020-06-11,0.006878759280296285,8.092393026043216e-05,0.006797835350035853,-0.0022636544019042663
2020-06-12,0.006733427013856324,2.6449313773546645e-05,0.006706977700082776,0.03669109721724827
2020-06-15,-0.00038763182107491665,-1.5207149321891378e-05,-0.0003724246717530244,-0.027054869171236725
2020-06-16,0.005563935308380408,0.0002501126668594065,0.0053138226415210005,-0.01706919553750174
2020-06-17,-0.003934883475867906,-0.00017726160004737502,-0.0037576218758205303,-0.08145239378149344
2020-06-18,-0.0024317099626344676,-5.345592691832768e-05,-0.0023782540357161416,-0.0335675290095094
2020-06-19,-0.011996820410818175,-0.00034641617793078057,-0.011650404232887391,0.005272201666793485
2020-06-22,-0.005012791510244353,-0.00016612303718851508,-0.004846668473055838,-0.0003204490266262092
2020-06-23,0.00119758222989458,5.493679830069964e-05,0.0011426454315938812,-0.018952264556688057
2020-06-24,-4.8128390335628766e-05,-1.1164388104336134e-05,-3.696400223129198e-05,-0.04229933331770725
2020-06-25,-0.002360134350852534,-0.00014736060526634532,-0.002212773745586189,-0.019385432288647204
2020-06-26,-0.0051647482115825824,-0.0001628907054252813,-0.005001857506157304,0.04017304925709945
2020-06-29,-0.003316503097070932,-4.239988160514591e-05,-0.0032741032154657845,-0.0006858139024770108
2020-06-30,0.008825828911448898,0.00010477711412745696,0.008721051797321442,-0.009112179666089458
2020-07-01,-0.00015678269145432745,-5.885096598633622e-06,-0.00015089759485569697,0.044502099763911084
2020-07-02,-0.0022963192366439594,-3.9758670918313074e-05,-0.0022565605657256446,0.12272609955461777
2020-07-03,0.007639988057261179,0.0001498171930891523,0.007490170864172027,0.03562627573439677
2020-07-06,0.01520582609904942,0.00046737192651514527,0.014738454172534273,-0.07713588128311548
2020-07-07,0.0041221192230834385,0.00016374720174536315,0.0039583720213380745,0.0017425208739884543
2020-07-08,-0.009661622071867531,-0.00031701856925866675,-0.009344603502608868,-0.061717168991831446
2020-07-09,0.00022535797313297506,-5.159038712756331e-06,0.00023051701184573052,0.031179840320948688
2020-07-10,-0.008891347686243445,-0.0001985919606361103,-0.008692755725607336,0.07779298718268204
2020-07-13,0.005956117833914663,8.80736321509693e-05,0.0058680442017636945,0.035937923327256975
2020-07-14,0.01799605106262428,0.00015473752724892882,0.017841313535375353,-0.011014762081978243
2020-07-15,0.003936592519711167,0.00020633970348330442,0.003730252816227863,0.04283955995568304
2020-07-16,-0.0013110453858309705,-9.146962662901848e-05,-0.0012195757592019507,0.06754497641889026
2020-07-17,0.004618679454484366,0.00032360279659787976,0.004295076657886486,-0.008589117787130571
2020-07-20,0.010315327724311932,0.0004153680104764701,0.009899959713835463,0.0946788533541004
2020-07-21,-0.0009526439788034862,-0.00016671717298729922,-0.0007859268058161865,0.0601671939135603
2020-07-22,0.010652893723701238,0.0008339443699651736,0.009818949353736065,0.01963585358247042
2020-07-23,0.006389990200192574,0.0005568277259244588,0.005833162474268115,-0.015559155358555038
2020-07-24,0.0020194607931644723,3.112148731620936e-05,0.001988339305848264,0.036277183544744566
2020-07-27,-0.0018399872971566274,1.1141722117410241e-05,-0.0018511290192740372,0.10062665339557278
2020-07-28,0.0043086845303049945,0.00020100772356001573,0.004107676806744979,-0.01074078627366568
2020-07-29,0.01131441674591987,0.0003467637542495603,0.010967652991670306,-0.021546723838010245
2020-07-30,-0.0015498878804598758,-9.701690496602758e-05,-0.0014528709754938487,-0.0006069020757456084
2020-07-31,-0.002873927489038384,-0.00016159395170164612,-0.0027123335373367384,0.05768879609493403
2020-08-03,-9.86483160445175e-05,-5.248483012030777e-06,-9.339983303248596e-05,0.05537578366420706
2020-08-04,0.00953498026941172,0.00018860283290379753,0.009346377436507923,0.16795077967932598
2020-08-05,0.006666577184691345,0.0002911788237323404,0.006375398360959004,0.016024027011111216
2020-08-06,0.019562814820739367,0.0010714100188239806,0.018491404801915384,0.020250020149303695
2020-08-07,0.0014193436633175014,-7.2676416173103175e-06,0.0014266113049348121,-0.08152153738125624
2020-08-10,0.001843110985380291,6.0378700871362503e-05,0.0017827322845089272,-0.029099054566360284
2020-08-11,-0.006950674502056713,-0.0004606894643791378,-0.006489985037677574,-0.034130392291495934
2020-08-12,-0.00245546381600695,-0.00021904363145422868,-0.0022364201845527223,0.026041740801825246
2020-08-13,-0.005065690738835974,-0.00010043654808113492,-0.004965254190754839,-0.005405504083039368
2020-08-14,0.004680530935800188,9.186591337178663e-05,0.004588665022428402,-0.06059304957695933
2020-08-17,-0.0009800376505297785,-3.946810461029175e-05,-0.0009405695459194872,-0.010019220826054123
2020-08-18,-0.01006249934916711,-0.0002580545772340693,-0.009804444771933044,-0.00559016860098797
2020-08-19,-0.001458770271889616,-3.3627030000519045e-05,-0.0014251432418890993,0.04353453707976006
2020-08-20,-0.000928056511923734,-7.509514717931351e-05,-0.0008529613647444226,0.021835861139163883
2020-08-21,0.006275760733305664,0.0001856434800468303,0.006090117253258833,0.008613645809341729
2020-08-24,0.0034195031094309465,0.00011679325165838729,0.003302709857772562,-0.03851614758938745
2020-08-25,0.0010060776963165632,6.807266693709417e-05,0.0009380050293794693,0.03558157301625098
2020-08-26,-0.004294909987442003,-0.0002999181551362512,-0.003994991832305752,-0.012012125832380923
2020-08-27,0.004608710422014879,0.00029090363464342843,0.004317806787371451,0.022079740370106998
2020-08-28,-0.0019114145329407835,-2.9708096969027244e-05,-0.0018817064359717582,0.0012237575167861616
2020-08-31,0.004010808523788429,0.00012393607367097194,0.003886872450117456,0.008337313482675789
2020-09-01,0.0001921115654409766,-1.0411059610032289e-05,0.0002025226250510076,0.027773674128010607
2020-09-02,0.000971912135939513,0.00011378583117737338,0.0008581263047621399,-0.008301799445739912
2020-09-03,0.002958122567936949,0.0002348921303824171,0.002723230437554531,-0.027168396354017625
2020-09-04,-0.000972304439806168,-3.1774142461738625e-05,-0.0009405302973444288,-0.08785612336215541
2020-09-07,-0.0037264991710244683,-0.00018423493448809468,-0.0035422642365363737,-0.026623003791277838
2020-09-08,-0.013771108864839848,-0.00036218426290846257,-0.013408924601931388,-0.033835180403348854
2020-09-09,-0.005545145397450476,-0.00012309702416459997,-0.005422048373285877,-0.034899096280512194
2020-09-10,-0.0074009106026524255,-0.00011458656181487833,-0.007286324040837546,-0.007035449791969234
2020-09-11,-0.007949682350835865,-0.00014208648074964109,-0.007807595870086226,0.02177143349576983
2020-09-14,-0.001087828908633235,-4.536914253245629e-05,-0.0010424597661007808,0.0012423656339773325
2020-09-15,0.0031519045197997775,9.383965742198498e-05,0.0030580648623777925,-0.049240255997761814
2020-09-16,0.00021999234413045028,2.085075851330706e-05,0.0001991415856171415,0.0076221456581500304
2020-09-17,-0.007841410599097473,-0.00022221315807172733,-0.007619197441025746,-0.010005800867659516
2020-09-18,0.0014352243132502278,2.0952437138482827e-06,0.0014331290695363819,-0.04579937262466185
2020-09-21,-0.0012147416061890003,-1.8585861998811522e-05,-0.0011961557441901877,-0.05635677081338511
2020-09-22,-0.0057941154604561436,-0.0003720478515290169,-0.005422067608927125,0.032334852771754734
2020-09-23,-0.008233348066989683,-0.0004267992374316352,-0.007806548829558049,0.005789740750641277
2020-09-24,0.007130793704470471,0.00011471291842239315,0.007016080786048078,0.039667251906285915
2020-09-25,0.0014743886347867818,3.7865095291068213e-06,0.0014706021252576754,-0.008370957852770524
2020-09-28,0.007273209906685526,0.0001796129557654451,0.007093596950920081,0.02891972127880334
2020-09-29,-0.001677126842147631,-6.935180255443311e-05,-0.001607775039593199,-0.04966884339424755
2020-09-30,0.005067926551372075,0.00010584812729629803,0.004962078424075777,0.05633053395841231
2020-10-01,-0.008622460270760614,-0.0002934353508036926,-0.008329024919956924,0.02795860496395167
2020-10-02,0.006752753959813255,0.0005503351223001023,0.006202418837513154,0.008063153585987722
2020-10-05,0.0028357275680794313,0.00016525113580892307,0.002670476432270508,-0.022605365761660886
2020-10-06,0.0007539121486297064,8.319833528012618e-05,0.0006707138133495785,0.0407195602541318
2020-10-07,-0.0025886463659577606,-0.00030053127891617893,-0.0022881150870415834,-0.015544347851631925
2020-10-08,0.005113949935005445,0.00024199991599519778,0.004871950019010248,-0.06646519173733437
2020-10-09,-0.0031583988122981218,-7.628866588428596e-05,-0.003082110146413835,-0.08146119083351555
2020-10-12,-0.016410973427553113,-0.0002816611793126124,-0.016129312248240504,0.08177913363778447
2020-10-13,-0.012002880052804569,-0.0007101153828011041,-0.011292764670003463,-0.0065858439690697984
2020-10-14,0.01126289532369525,0.0005927322965224024,0.01067016302717285,-0.04249366035965263
2020-10-15,-0.0006792706236011929,-0.0002377425829669967,-0.000441528040634194,0.02657574554204412
2020-10-16,-0.004765586503785902,-0.00048585045431032495,-0.004279736049475579,-0.011843338959965798
2020-10-19,0.0030248776483436973,0.00025117571258248626,0.0027737019357612124,0.02342377916049869
2020-10-20,-0.003222847810811988,-2.742352259185385e-05,-0.003195424288220134,-0.033457250067244655
2020-10-21,0.0050920774985022624,0.00012925124489334035,0.00496282625360892,-0.022633175725982675
2020-10-22,-0.008280581011464973,-0.00015097993338784128,-0.008129601078077135,0.04098762139201546
2020-10-23,-0.004958969616623384,-8.578965521787926e-05,-0.004873179961405504,-0.00265869084566267
2020-10-26,0.006223377469310826,0.00014316023256049845,0.006080217236750326,0.004510650645272964
2020-10-27,-0.0003940191633741213,1.004799771051057e-05,-0.000404067161084631,0.0437932427003602
2020-10-28,0.000775757551679629,2.7959171133224922e-05,0.0007477983805464061,-0.03058456164203517
2020-10-29,0.010446985765184979,0.00013132314191331696,0.010315662623271661,0.03951981343930025
2020-10-30,-0.012326851943682014,-6.957558842822942e-05,-0.012257276355253784,0.022591182420700195
2020-11-02,0.00887992729372716,0.00011734008039932659,0.008762587213327837,-0.06889019658957493
2020-11-03,0.003800285419904177,9.632362288334445e-05,0.0037039617970208334,-0.025070965584241572
2020-11-04,-0.011306136490791853,-0.0003398829096050391,-0.010966253581186816,0.031865595744328234
2020-11-05,-0.004085664640344583,-0.00021280402992624814,-0.003872860610418334,0.0650632505524768
2020-11-06,0.006458312288265521,0.0001277833212633521,0.006330528967002168,0.0006749909621765719
2020-11-09,0.009142427875352214,0.0002557334220947968,0.008886694453257417,0.057705353057758396
2020-11-10,0.00010019674793155815,-2.5068215448858025e-05,0.0001252649633804179,0.04190943788862322
2020-11-11,0.009491803033160804,0.0003372992615204755,0.009154503771640326,0.019088879904864096
2020-11-12,0.009493678012672117,0.0001843579063455957,0.00930932010632652,0.02454041043586285
2020-11-13,0.0038246375668063988,0.00010374487997741495,0.0037208926868289817,-0.023141497454378684
2020-11-16,0.003948085008757138,0.00020481425843224467,0.0037432707503248916,0.05593205631092808
2020-11-17,-0.0037897655700004206,-0.00026685982765399996,-0.0035229057423464207,-0.025997113796036465
2020-11-18,0.007830639633043873,0.00045173833467987597,0.007378901298363996,-0.0017718489784297763
2020-11-19,-0.0048304810053462245,-0.00016776208573707587,-0.004662718919609147,0.02678008589098146
2020-11-20,-0.00037781076424726456,-9.769394246376614e-06,-0.0003680413700008888,-0.051405933283921935
2020-11-23,0.006750293207265005,3.230741877430568e-05,0.006717985788490701,-0.0021885511090268548
2020-11-24,-0.0140352589637905,-0.00021276788299494538,-0.013822491080795555,-0.029664431838734153
2020-11-25,-0.0006264648941768261,-5.924616713657823e-06,-0.0006205402774631683,0.0688629204822009
2020-11-26,-0.0075909389254640155,-9.828341240780952e-05,-0.007492655513056205,-0.031018284656756042
2020-11-27,0.02168903643283522,0.0002246278212278902,0.02146440861160733,0.022283440201832743
2020-11-30,-0.010467176401974636,-9.454855311604934e-05,-0.010372627848858588,0.04487909809339323
2020-12-01,0.004068277502298251,5.0165690916328075e-05,0.004018111811381925,0.041978437355321786
2020-12-02,0.00936835494236483,0.00017061732535190652,0.009197737617012921,0.002130094429724882
2020-12-03,0.007006735900585039,0.0002158986881671673,0.0067908372124178724,-0.00981784633824712
2020-12-04,0.000491307871096313,4.66175615404258e-05,0.0004446903095558863,0.003913820512730792
2020-12-07,-0.0017620082531967307,-5.5831280926926796e-05,-0.001706176972269803,-0.014519361655744693
2020-12-08,0.0007061606879245289,7.437361579650664e-05,0.0006317870721280205,0.024097879852966714
2020-12-09,-0.0029660541692797327,-9.632605865252455e-05,-0.0028697281106272107,0.0683566862157354
2020-12-10,0.004067500424977184,0.00011990249242140993,0.0039475979325557745,-0.07961807334966478
2020-12-11,0.008864697491516041,0.0003124585239113256,0.008552238967604722,0.06084427518679841
2020-12-14,-0.007887458874718145,-0.0006631963887277041,-0.007224262485990448,-0.0663267573562369
2020-12-15,0.006997570623313187,0.00045628361869964364,0.00654128700461354,-0.03597872790755156
2020-12-16,-0.00829847507956028,-0.0004770065355972023,-0.007821468543963081,0.018394627405479907
2020-12-17,-0.005277816342870384,-0.00017333345698356678,-0.005104482885886816,-0.024154631712841178
2020-12-18,0.004520694889241753,7.656684471587768e-05,0.004444128044525876,-0.052255168113822754
2020-12-21,-0.0038762543882931147,-0.0001133419514706864,-0.003762912436822429,-0.12040738566652409
2020-12-22,-0.009573329037742927,-0.00027983814519319614,-0.009293490892549732,-0.03313560598631566
2020-12-23,-0.02159621015943225,-0.0005403264667484479,-0.021055883692683804,0.0722123602305736
2020-12-24,-0.003974148379456092,-0.00017988367435513904,-0.0037942647051009545,0.011308245789099666
2020-12-25,0.007898945501737859,0.0003798429915927266,0.007519102510145132,0.09800100347145092
2020-12-28,0.0011578018977960215,8.043809846187185e-05,0.0010773637993341488,-0.05306334250725011
2020-12-29,0.013757874060005506,0.00048287521180508976,0.01327499884820042,-0.007216822188041409
2020-12-30,-0.009253047104762668,-0.0002207411400909588,-0.009032305964671705,0.014275502967026234
2020-12-31,-0.0009354959195189427,-3.51558884752216e-05,-0.0009003400310437218,-0.050212314222087495
2021-01-01,0.0018887047166565602,0.00012403477440088746,0.001764669942255671,0.03561287139285802
2021-01-04,-0.00787300877438328,-0.00034776130930961116,-0.007525247465073668,0.024155740812303834
2021-01-05,0.0038475809937822897,0.00021339009397009293,0.003634190899812196,0.04569759724356648
2021-01-06,0.002682414901513638,0.00015356147333771275,0.0025288534281759246,-0.04657443981083138
2021-01-07,0.004959164053089895,0.0003691397125766688,0.004590024340513223,-0.03454009073972071
2021-01-08,-0.00435968734712192,-0.00045429389680624443,-0.0039053934503156746,0.0767422769709302
2021-01-11,-0.005827592920401059,-0.00012407056502138775,-0.005703522355379671,-0.04842205106847847
2021-01-12,0.019042290461586977,0.0003090007168830046,0.018733289744703976,-0.02816843853337018
2021-01-13,-0.013442792984094024,-0.0001196542297725589,-0.013323138754321465,0.05414745520841354
2021-01-14,-0.005941627944187225,-6.298042113987885e-05,-0.0058786475230473475,-0.025692392006755927
2021-01-15,0.007814041672132937,0.00019697573937522712,0.007617065932757709,-0.08682581594724725
2021-01-18,-0.004032009719634211,-0.00013908038400273041,-0.0038929293356314825,0.03090076536172085
2021-01-19,-0.014837437312528314,-0.000409342446269478,-0.014428094866258838,-0.026029356076408824
2021-01-20,0.015141820664290663,6.312394234073235e-05,0.01507869672194993,-0.03539742637795437
2021-01-21,-0.009193932293724885,-7.19729415160509e-05,-0.009121959352208837,0.0020589222408281065
2021-01-22,-0.013486723923936073,-8.571700157472724e-05,-0.013401006922361345,-0.010897070412407136
2021-01-25,0.0007335257091616062,1.998520113833703e-05,0.0007135405080232696,-0.08559378054097999
2021-01-26,-0.0032225782211251445,-2.2915202085253134e-05,-0.003199663019039895,0.0513516194100447
2021-01-27,-0.025113897540843286,-0.00019913663003099866,-0.02491476091081229,0.019876555591543516
2021-01-28,0.014868408415685652,0.00011599760981330842,0.014752410805872342,0.02980850655060861
2021-01-29,0.004319067987385123,4.986482389800228e-05,0.004269203163487121,-0.0949039285890766
2021-02-01,0.007203464693437921,9.847916673530943e-05,0.007104985526702611,-0.017713922134568672
2021-02-02,-0.02231473355221452,-0.00029449940532736904,-0.022020234146887148,0.048792447179884985
2021-02-03,-0.005099418445254352,-4.7496070666945745e-05,-0.005051922374587406,-0.10425422920178781
2021-02-04,0.008691350905667949,0.0002199028902556393,0.00847144801541231,-0.09382120525096356
2021-02-05,-0.008331970667977518,-0.0010545226635444577,-0.00727744800443306,0.0032598706273002484
2021-02-08,-0.007919456046935551,-0.0009402831554146483,-0.0069791728915209045,0.01418076548238768
2021-02-09,0.0002627719293669895,7.793725978967776e-06,0.000254978203388022,0.021010454989660907
2021-02-10,0.0035747968134123426,4.344645464711763e-05,0.0035313503587652267,0.011350175510493502
2021-02-11,0.004961561010820854,9.560664533599366e-05,0.00486595436548486,-0.016842751795559524
2021-02-12,0.001746214316001957,7.218350595776003e-05,0.0016740308100441983,0.04178410326965817
2021-02-15,-0.002594945246669397,-0.00010576964516070342,-0.0024891756015086937,-0.023377402940943915
2021-02-16,0.006695048595510391,0.000165944180703237,0.006529104414807151,-0.04516459075675804
2021-02-17,-0.006596696182010314,-5.990849875655516e-05,-0.0065367876832537605,-0.005886595308569168
2021-02-18,-0.01125913243939427,-0.00012458948379178488,-0.011134542955602483,0.04291274157993467
2021-02-19,-0.001270310525700394,-1.0935704833730554e-05,-0.0012593748208666639,-0.01714340588698129
2021-02-22,0.008712340658295558,0.00012768716462966366,0.008584653493665897,-0.014026402723098708
2021-02-23,-0.004106966167365863,-3.837353619054896e-05,-0.004068592631175311,0.00898524754677575
2021-02-24,-0.004285858442972436,-3.272935515512103e-05,-0.004253129087817314,-0.05614139406991875
2021-02-25,0.0024826166928692047,1.2334554050523472e-05,0.0024702821388186812,-0.07025714002936527
2021-02-26,-0.008007518773212723,-0.00030317616644388607,-0.007704342606768838,0.007180586390295185
2021-03-01,-0.010644562664609569,-0.0003956081318535428,-0.010248954532756028,-0.009245597382405633
2021-03-02,0.001174184136532583,1.4136598475223902e-05,0.0011600475380573617,0.056264591621388936
2021-03-03,-0.0025851690383897757,-1.384712369280382e-05,-0.0025713219146969693,-0.00364755393544523
2021-03-04,0.011730452808918669,0.0002146235288622983,0.011515829280056372,0.027156831470222426
2021-03-05,-0.0005285252656211377,-1.7640139456565952e-05,-0.0005108851261645719,-0.0019047676027490786
2021-03-08,0.004235194621802718,0.00012029637791650429,0.004114898243886215,-0.08921704911050604
2021-03-09,-0.00034276043600151625,1.803083527318096e-05,-0.0003607912712746981,-0.09293874250919537
2021-03-10,-0.04945916877611484,-0.00019042304557784738,-0.049268745730536995,-0.0024139727415849275
2021-03-11,-0.03611150618581804,-0.0001820196746070077,-0.03592948651121103,0.046160647143393754
2021-03-12,-0.0006415085661666412,-1.657740345937294e-05,-0.0006249311627072674,-0.0131606039260818
2021-03-15,0.009132134156580374,0.00018232423189978517,0.008949809924680589,0.010783514743377114
2021-03-16,-0.002095366461722658,-9.05531016926267e-05,-0.002004813360030031,-0.08111628651444729
2021-03-17,0.001923644264988918,4.1182404238828026e-05,0.0018824618607500912,0.010259412130134132
2021-03-18,-0.012439873650413623,-0.00031690784639407284,-0.01212296580401955,0.029491371753739337
2021-03-19,0.0021782245077130603,3.248239484919188e-05,0.00214574211286387,0.0773414799066421
2021-03-22,0.006602506031553448,0.00015278584730581742,0.006449720184247633,-0.04265073956904139
2021-03-23,0.029943980557138948,0.00023048984396162667,0.029713490713177325,-0.03235043540107845
2021-03-24,-0.006959985023976796,-0.00031959539979703987,-0.0066403896241797565,-0.058833784733940485
2021-03-25,-0.00484910269573019,-0.00021295271838785786,-0.004636149977342331,0.10014561260635503
2021-03-26,-0.007810131724862962,-0.0003368977926654082,-0.007473233932197551,0.03861340785966746
2021-03-29,0.01719145710822962,0.0005274526710912913,0.01666400443713833,-0.08714809527377687
2021-03-30,0.006519998259995186,0.00012655611631885505,0.00639344214367633,0.12157640368914946
2021-03-31,-0.011564460750574598,-0.0005676048127061378,-0.010996855937868456,0.01926341065772989
2021-04-01,0.014171217077471212,0.0007197970109664355,0.013451420066504776,0.024848300519445993
2021-04-02,0.001948315909902039,0.00012733212970754415,0.0018209837801944906,0.07425356678792974
2021-04-05,0.002875902831200422,0.0001593387180184678,0.0027165641131819537,-0.15299098430720973
2021-04-06,0.010636290271267643,0.000538829780893325,0.01009746049037432,-0.04043272998453737
2021-04-07,-0.019677136538727172,-0.0008262116196193856,-0.018850924919107795,-0.052061842057907357
2021-04-08,-0.004775345497099203,-0.0001813810072250413,-0.004593964489874158,0.018074497039924736
2021-04-09,-0.006057567120419826,-0.00012400018396756338,-0.00593356693645226,-0.040218818721224556
2021-04-12,0.00283778088610649,0.0001078615998302418,0.0027299192862762466,0.0314455260567277
2021-04-13,-0.011631228250374234,-0.00012915363407690623,-0.011502074616297328,-0.05471625600944968
2021-04-14,0.0074771638133429375,9.993061009960606e-05,0.007377233203243331,-0.009181820255971336
2021-04-15,-0.00728768834068985,-0.0002148342078413263,-0.007072854132848524,-0.02113311935698468
2021-04-16,-0.0012147424412253015,1.0039802807688264e-05,-0.0012247822440329898,0.026076535728149722
2021-04-19,-0.0029819868609863203,-8.135686903562589e-05,-0.0029006299919506952,0.0008916664102103777
2021-04-20,0.007535733812697307,2.3064428007526713e-05,0.00751266938468978,0.007184707729565232
2021-04-21,0.0002409117930021673,1.1399770706788798e-05,0.0002295120222953733,0.08715865713722544
2021-04-22,0.0021012851622586428,2.3699863666119814e-06,0.00209891517589203,0.08553595437968865
2021-04-23,0.01922314374971729,0.00033916189267346394,0.018883981857043833,0.02010849349956228
2021-04-26,0.014701034562539031,0.00024086610448614647,0.014460168458052886,-0.01646472581063018
2021-04-27,0.0033529597229937495,7.901056765076929e-05,0.003273949155342979,0.0026780497341090757
2021-04-28,-0.0028349770112914945,-4.2595861893434533e-05,-0.0027923811493980617,-0.006606682959522834
2021-04-29,0.00037989281641932944,6.489903102016928e-07,0.0003792438261091282,0.05367777102035975
2021-04-30,-0.0012857366444610522,-1.8748670122208013e-05,-0.0012669879743388477,0.03255431706293528
2021-05-03,0.010338224850048927,0.000182819074064082,0.010155405775984845,-0.013973319453537853
2021-05-04,0.008474296289821114,0.00011749177928407906,0.008356804510537039,-0.030882261808006267
2021-05-05,-0.0023407706160438013,-7.815561662593423e-05,-0.0022626149994178675,0.019297984720234602
2021-05-06,-0.003375057309250605,-0.00011896827139935666,-0.00325608903785125,0.03934798630212157
2021-05-07,0.001997654778783757,0.00016278709557330032,0.001834867683210454,0.07101327604516032
2021-05-10,0.0039610372665070965,0.00012400856919464638,0.003837028697312451,0.01664181018906668
2021-05-11,0.014317721913954638,0.00019549226717247015,0.014122229646782176,-0.06688642172419042
2021-05-12,0.0023270745264984743,5.796079977037766e-05,0.0022691137267280975,-0.02030112264802727
2021-05-13,-0.010548212374294829,-0.00036053064237584476,-0.010187681731918988,-0.09058718206074606
2021-05-14,-0.0013410511102975634,-0.00027883681719780007,-0.0010622142930997586,0.028257159633258023
2021-05-17,-0.006186567623523292,-0.0010633384556834064,-0.005123229167839883,-0.036781326097801915
2021-05-18,0.001838939888754456,0.0004214694755125415,0.0014174704132419152,0.08680453435804833
2021-05-19,-0.00937454700912263,-8.34617891669127e-05,-0.009291085219955723,0.0070839691865275806
2021-05-20,0.028535729986128973,0.00018687277458388687,0.02834885721154508,0.09897124502180121
2021-05-21,0.0020332212215330644,2.84338149790387e-05,0.0020047874065540275,-0.0051108620814531965
2021-05-24,0.02976118071010129,0.0002371276352986203,0.029524053074802662,0.018534673744664564
2021-05-25,-0.0006737220037208135,-7.411482101883247e-05,-0.0005996071827019814,-0.04273600428795172
2021-05-26,0.002251136589428865,0.00014387800308327588,0.0021072585863455883,0.170605545471356
2021-05-27,-0.0034723001437707247,-0.0006153605317557598,-0.0028569396120149623,0.05442374184182814
2021-05-28,0.016503229894760094,0.0016016890797691582,0.014901540814990934,-0.006953326840032803
2021-05-31,0.004955607242654023,0.0004276060807893159,0.004528001161864707,-0.011529545332449494
2021-06-01,-0.0017036677818971992,-1.2522005025996166e-05,-0.0016911457768711991,0.024896009102761577
2021-06-02,-0.0015593595944940813,7.138963661786069e-07,-0.0015600734908602538,0.004717806961366532
2021-06-03,0.004020156774772552,0.00021280975961250528,0.003807347015160047,0.04854954791502274
2021-06-04,0.000694310223779054,3.7606300429898765e-05,0.0006567039233491556,0.04339461767157075
2021-06-07,0.0069826848499508175,0.0002305658913764226,0.006752118958574395,-0.008500372077092332
2021-06-08,0.0056243010820057225,0.0003210415512233944,0.0053032595307823255,-0.022703618020706348
2021-06-09,-0.0009452793575945545,3.195026865159163e-05,-0.0009772296262461466,0.08427925454049495
2021-06-10,-0.0029905386500850197,-0.00024033175019050855,-0.0027502068998945146,-0.007860597894411505
2021-06-11,0.013508813300899623,0.0005494540473145954,0.012959359253585026,0.027009440655300546
2021-06-14,-0.000799850040826171,-7.062294919957853e-05,-0.0007292270916265907,0.022040321624734856
2021-06-15,0.0025375890459633735,0.0002099231750200565,0.0023276658709433153,0.0882610465151765
2021-06-16,0.002042498844177689,0.0001673005194813143,0.0018751983246963755,-0.0790983427184613
2021-06-17,0.012385032199825792,0.0005283460141072387,0.011856686185718557,-0.0031983509180656886
2021-06-18,-0.012647270104906135,-0.0004661195792697165,-0.012181150525636425,-0.0686063326085979
2021-06-21,-0.0009003550455697297,-5.2745949954170757e-05,-0.0008476090956155598,0.08452124964823048
2021-06-22,-0.005987633190278849,-0.0028334452567791157,-0.0031541879334997316,-0.07774688846020322
2021-06-23,0.006348565314354709,0.0018254547112960505,0.004523110603058664,-0.014762609453501956
2021-06-24,-0.005395434911781017,-0.0035238093124711697,-0.0018716255993098466,-0.027965235040407384
2021-06-25,-0.0014327715848979948,-0.00022470709281226242,-0.0012080644920857368,0.001054274000861725
2021-06-28,-0.0038941940540386825,-0.00011825676682287317,-0.0037759372872158085,0.007318574372914935
2021-06-29,0.0001829394643662408,1.859006284458259e-05,0.00016434940152165733,0.07913350239351377
2021-06-30,0.0005750648910750539,-0.00011891368925977079,0.0006939785803348249,0.11568943678395462
2021-07-01,0.007769791614743232,0.0004518758609868582,0.0073179157537563745,0.06664542735510329
2021-07-02,0.009509892482160436,0.0007085534129643066,0.008801339069196128,0.07796180300891031
2021-07-05,0.01126764346897186,0.0002178356858730801,0.011049807783098779,0.021822570167464337
2021-07-06,0.014103916638719464,0.0002924854647766203,0.013811431173942849,-0.005075387858982502
2021-07-07,0.004109658340255286,8.463238297004398e-05,0.004025025957285241,-0.056247078999634055
2021-07-08,-0.0009575384302330011,-7.912410754608822e-06,-0.0009496260194783923,0.011354646720312828
2021-07-09,-0.00927624609425079,-0.000180221124595481,-0.00909602496965531,-0.0061120479504158665
2021-07-12,0.0019016117960597712,7.688517853087634e-05,0.0018247266175288965,0.06688470459536715
2021-07-13,-0.0005595989805171672,-9.090152252847275e-05,-0.0004686974579886944,-0.000822461428571019
2021-07-14,0.006847609512822966,0.0005963757102784295,0.00625123380254454,0.010782325413652033
2021-07-15,-0.00010883168425350129,-9.9765814787732e-05,-9.065869465769288e-06,0.11244629554380105
2021-07-16,0.0023279509160021947,7.492037282242833e-06,0.0023204588787199476,0.022158085336405984
2021-07-19,0.019356801742049182,0.0003740763287948211,0.018982725413254357,0.016339972048794737
2021-07-20,0.004242804527240588,0.00012101298796303277,0.004121791539277554,0.058893256485548336
2021-07-21,0.0029507314912118002,3.995166477061517e-05,0.002910779826441185,0.059099557249205244
2021-07-22,0.010092406009251239,0.00021508542414270474,0.009877320585108533,0.06728917415688813
2021-07-23,0.009605145867627264,0.00024956022175692556,0.009355585645870341,0.009144864706747769
2021-07-26,0.00977098172003139,0.00021382705084787776,0.009557154669183512,0.00040643999271462955
2021-07-27,0.0013058532015728349,1.2585483868028506e-05,0.0012932677177048054,-0.005957852359760846
2021-07-28,3.597075937526945e-05,-3.901136303524551e-05,7.498212241051615e-05,0.059115438209177334
2021-07-29,-0.0009259442175888633,1.8363201605781088e-05,-0.0009443074191946427,-0.04744838935871495
2021-07-30,0.009562855117449937,0.00015155589676230097,0.009411299220687635,-0.059422161678689106
2021-08-02,-0.011672176925285903,-0.00012888294364896396,-0.011543293981636941,0.024859599348019585
2021-08-03,-0.013440036253052439,-0.00016601525021446096,-0.013274021002837977,-0.004312920494380148
2021-08-04,0.0057359750473568154,6.581812475989055e-05,0.005670156922596926,0.0228243730518208
2021-08-05,-0.0007937324364230055,-5.0409667545591244e-05,-0.0007433227688774142,0.038785797479883546
2021-08-06,0.004167218722335499,7.46080938040395e-05,0.004092610628531461,0.045550953767644085
2021-08-09,0.007066420164215478,0.0002206763502438005,0.006845743813971674,0.04991808995690597
2021-08-10,0.007739134818660463,0.0001843273003599875,0.007554807518300475,0.07045368442148597
2021-08-11,0.00626313622895562,0.00025635928749485545,0.006006776941460765,0.036549032812638556
2021-08-12,0.009298060351650542,0.000367457310560676,0.008930603041089866,-0.009947838232204782
2021-08-13,0.005527239882213645,0.00015661164993259653,0.005370628232281049,0.0159883484231869
2021-08-16,-0.001684794651134597,-2.842193974963124e-05,-0.0016563727113849645,-0.042012972114018735
2021-08-17,0.0029631906843198474,7.939039873592485e-05,0.0028838002855839234,0.0015079993895059298
2021-08-18,-0.009169269365995783,-0.0001931405029611706,-0.00897612886303461,-0.03538410688624452
2021-08-19,0.00034220870820640984,2.6935942924605216e-06,0.00033951511391394976,0.014106637628617502
2021-08-20,-0.0070510476601672555,-0.0001451990366335457,-0.00690584862353371,-0.03899726700972276
2021-08-23,0.0026909432640220506,5.2993908816280355e-05,0.00263794935520577,-0.014026845128374934
2021-08-24,-0.006702391282919174,-0.00016024382261877607,-0.006542147460300397,0.050675391685025446
2021-08-25,-0.001656026971150473,-0.00010338342005356341,-0.0015526435510969105,0.019283169189683647
2021-08-26,0.006802165630838854,0.00028985739056046,0.006512308240278392,0.008902393449014145
2021-08-27,0.002510783700911975,0.00012349711287326507,0.0023872865880387104,-0.08474691740420806
2021-08-30,0.0015184903259550307,5.612220699294235e-05,0.0014623681189620888,0.051024400720636034
2021-08-31,-0.016247954277479677,-0.0002999474255868471,-0.01594800685189283,-0.00786609794762025
2021-09-01,0.005085819929273448,0.00042520348029781614,0.004660616448975632,0.00663800727429225
2021-09-02,-0.0009751175207194929,-0.00019599248936790544,-0.0007791250313515857,-0.006500482823253781
2021-09-03,0.0008412722063447248,8.09940069069065e-05,0.0007602781994378166,0.01414079321369654
2021-09-06,-0.0014180473551859193,-2.100375390313644e-05,-0.0013970436012827776,0.012812593079796448
2021-09-07,0.0015108564811995608,0.0001552292226787589,0.0013556272585208001,-0.006150633801980273
2021-09-08,0.0012191962158338264,4.983359054340497e-05,0.0011693626252904203,-0.006464088730967103
2021-09-09,-0.0006240326993786129,-1.2151793982314966e-05,-0.0006118809053962983,-0.05512813427300824
2021-09-10,-0.0015667267235892446,-1.664956445413847e-05,-0.0015500771591351044,0.04382985661813125
2021-09-13,-0.01754450644057945,-0.00010215892421750784,-0.017442347516361943,-0.010859708332411637
2021-09-14,0.009709600418800623,8.362161209059076e-05,0.00962597880671003,-0.04567051844002589
2021-09-15,-0.00277312684924932,-3.40044226046568e-05,-0.002739122426644665,0.03990234968299515
2021-09-16,-0.01026171069332363,-0.00012170520316921816,-0.01014000549015441,-0.03749354111176036
2021-09-17,0.010531376866675941,9.455231154733776e-05,0.010436824555128598,0.03331989721605163
2021-09-20,-0.010178351669386718,-0.00010245875810024289,-0.010075892911286476,0.015485898831626618
2021-09-21,0.00971283509027462,7.726314145370394e-05,0.00963557194882092,-0.048836429057411014
2021-09-22,0.002388126520293646,7.27193899107189e-05,0.002315407130382927,0.021714534870014627
2021-09-23,-0.0038733832481653322,-0.00042634946752251844,-0.003447033780642811,0.019695928041396832
2021-09-24,0.001966964355880754,0.0002994993436070733,0.0016674650122736837,-0.06113624966604144
2021-09-27,0.001694510881558849,0.00018099632151913,0.00151351456003972,0.06190752173288168
2021-09-28,-0.015330919836906692,-0.00012631787308344487,-0.015204601963823249,0.0023139438637236652
2021-09-29,0.014753570179243232,0.00013454285934735117,0.014619027319895879,0.014715243874022572
2021-09-30,0.0005527581457406752,-3.8014811121808018e-06,0.0005565596268528594,0.020454754010810393
2021-10-01,0.0035859481831715346,3.479846435449903e-05,0.0035511497188170354,-0.09428688965175264
2021-10-04,0.0051976526038695365,4.781427360167536e-05,0.005149838330267863,-0.05806386894331399
2021-10-05,-0.025476369347415723,-0.00019479314294117318,-0.025281576204474552,-0.03893662551859575
2021-10-06,-0.009363865324490347,-0.00018407894353353847,-0.00917978638095681,0.06586264911674602
2021-10-07,-0.007378999614542502,-0.00015507796148678905,-0.007223921653055712,-0.012973516365993042
2021-10-08,0.012939385121341199,0.00025323355646757195,0.012686151564873627,0.055284737174869814
2021-10-11,-0.0023805733926437695,-3.824073689464268e-05,-0.0023423326557491277,0.03291834357188968
2021-10-12,0.008524862400198414,0.00021515724034463016,0.008309705159853782,0.028000509159645262
2021-10-13,0.004315979066334717,0.00019192304298665253,0.004124056023348064,0.011334302011547564
2021-10-14,0.0044982939872560065,0.00014485655028439993,0.004353437436971608,-0.0039362141119996495
2021-10-15,0.0019030184582041233,2.95999243413083e-05,0.001873418533862816,-0.002283719927065237
2021-10-18,-0.0007297174630371841,1.0011615948525565e-06,-0.0007307186246320379,-0.05519111910565429
2021-10-19,-0.00043917840934441386,1.4580505497214548e-05,-0.0004537589148416285,-0.037360907935201394
2021-10-20,-0.0060454576148384915,-0.0005653318052741656,-0.005480125809564324,0.03641904819541396
2021-10-21,-0.0033636284141743905,-0.00025050562416505454,-0.003113122790009337,-0.01844474801915861
2021-10-22,0.0034826801694661097,0.00033173742084898795,0.00315094274861712,-0.08417235582356614
2021-10-25,-0.0038256838118361234,-7.383068242681166e-05,-0.00375185312940931,0.0326278993328663
2021-10-26,-0.016878195296019853,-0.00026003829242441344,-0.016618157003595445,-0.03741716475009302
2021-10-27,0.0067777546432956914,9.475428010350903e-05,0.006683000363192178,0.10848088004149269
2021-10-28,-0.00797027601393312,-6.878845455840499e-05,-0.007901487559374715,0.07701189668162595
2021-10-29,0.02283654409621868,0.00020103359555397483,0.022635510500664705,0.012920908385218016
2021-11-01,0.02035808842251653,0.00013071644795999127,0.020227371974556534,0.018859847778391805
2021-11-02,0.0032813788298285467,1.1090954061704697e-05,0.0032702878757668394,-0.024726022007993502
2021-11-03,0.005358211579936029,4.480585960316835e-05,0.005313405720332856,0.04289172355599299
2021-11-04,-0.0014168009637304897,-0.00012837317194162173,-0.0012884277917888688,-0.007911767807645945
2021-11-05,0.0024213621845025515,0.0005731831858648215,0.0018481789986377305,-0.016091539269682764
2021-11-08,-0.0004277291482088333,-0.00012949960121925487,-0.0002982295469895809,0.0872904870284509
2021-11-09,-0.0014309947587906467,-0.0001184078959381267,-0.0013125868628525196,0.12023535728426055
2021-11-10,0.008051298568245756,0.000393911622669938,0.007657386945575818,0.06384769227333853
2021-11-11,0.011554322008835792,0.0004911269711117064,0.011063195037724086,-0.00018491291964892407
2021-11-12,0.01800281794794414,0.00014112761123864434,0.017861690336705493,0.08863826772756649
2021-11-15,-4.396986766462031e-05,-5.7766664973007975e-06,-3.819320116731778e-05,0.07536457055307588
2021-11-16,0.007219505602120004,0.0005295569496808865,0.006689948652439118,-0.0718735726699705
2021-11-17,0.0062831199896030265,0.0005192490153876259,0.005763870974215401,-0.04172680187688787
2021-11-18,-0.006374994376378542,-0.00043011636388609435,-0.005944878012492447,-0.0056551389529920166
2021-11-19,-0.025298527184867546,-5.7112277589812036e-05,-0.025241414907277736,-0.004850470566617191
2021-11-22,-0.0017302028427320267,-5.568672706594488e-07,-0.001729645975461369,0.0899012867378561
2021-11-23,-0.000802260589385909,-6.937723712982513e-05,-0.0007328833522560821,0.007712066248977673
2021-11-24,0.013765910013192792,0.0003275434262000731,0.013438366586992719,-0.054097476642873295
2021-11-25,0.0012310362520213227,2.9201528450099185e-05,0.001201834723571226,-0.030363863934609586
2021-11-26,-0.013021659692520211,-0.0001137476637342854,-0.012907912028785927,-0.002560107219228125
2021-11-29,-0.008551219826689868,-4.553058017026188e-05,-0.008505689246519607,0.059450671903134945
2021-11-30,-0.0009438779396802755,-9.482680656584808e-06,-0.0009343952590236916,0.053817301604868605
2021-12-01,0.024135893302188054,7.345093731578886e-05,0.02406244236487226,-0.007613187383286731
2021-12-02,0.013786499431350642,0.00010394907047014517,0.013682550360880499,-0.05876165960164841
2021-12-03,-0.001301325635371778,1.0647813843168985e-05,-0.001311973449214944,0.04631858424011962
2021-12-06,-0.010577434706459945,-0.00025860799820029727,-0.010318826708259645,0.029151269200852096
2021-12-07,0.009080363419364457,0.00021787671532453104,0.008862486704039928,0.00891569238109755
2021-12-08,0.004885595728855389,0.00013716818984895628,0.004748427539006433,0.044531137809576925
2021-12-09,0.001455787596592242,9.924391947281619e-06,0.0014458632046449593,-0.08159929375542135
2021-12-10,0.009019598624719192,0.0002173542435089295,0.00880224438121026,-0.02749253628907461
2021-12-13,-0.006809131085215842,-0.0007839698487401292,-0.006025161236475712,-0.0057229690568581714
2021-12-14,-0.0018078426356955384,-5.514869142641404e-05,-0.001752693944269126,-0.12495563725726735
2021-12-15,-0.00040194317071783905,-0.0001275543446312118,-0.00027438882608662703,0.007545167148223936
2021-12-16,-0.011934739463974388,-0.0006236442139654734,-0.011311095250008913,-0.025843340838291862
2021-12-17,0.0022037214798348017,1.3814065081435914e-05,0.002189907414753366,0.04199118481581091
2021-12-20,-0.006988454281007741,-2.6251162500740108e-05,-0.006962203118507001,-0.0072247142365860825
2021-12-21,0.00947568140586471,7.263892142200129e-05,0.009403042484442709,-0.008132892470318112
2021-12-22,-0.0023356292672427888,-1.7156203813783067e-05,-0.0023184730634290066,0.06336871604670018
2021-12-23,-0.003295967239982163,-1.2283784351308814e-05,-0.0032836834556308524,-0.02259445241833098
2021-12-24,0.011800850026117585,0.0003220327576740474,0.011478817268443534,0.018277589505974256
2021-12-27,-0.0034189623137842497,-8.139941853469237e-05,-0.0033375628952495573,0.01756305005645636
2021-12-28,0.0020676111899837436,0.00010684595313457598,0.0019607652368491676,0.06037416958904216
2021-12-29,0.00304060914864481,6.128875811238586e-05,0.002979320390532425,-0.09529267877533062
2021-12-30,0.010341319233507649,0.00015798378542514202,0.010183335448082509,0.08761499929028659
2021-12-31,-0.012368150097408211,-0.000363987271768228,-0.012004162825639984,-0.1073112349286234
2022-01-03,0.011411677873649037,0.00034238263953642427,0.011069295234112613,-0.021143586778016973
2022-01-04,-0.010130571635722087,-0.000761986146196097,-0.00936858548952599,-0.03523090636390697
2022-01-05,-0.001997055870075786,-5.22987484535822e-05,-0.0019447571216222028,-0.018645782503182398
2022-01-06,-0.0034224404997822934,-0.0001984325333929905,-0.003224007966389303,0.0586223844740791
2022-01-07,-0.002702407560937959,-6.287276922965724e-05,-0.0026395347917083007,-0.0297552015285686
2022-01-10,0.008749784320716075,0.0002265642474081793,0.008523220073307898,-0.06589808843498168
2022-01-11,-0.001896077928568277,-0.0002558659281401331,-0.001640212000428144,0.041826398436469556
2022-01-12,-0.004661943142954206,-0.0005634862509959291,-0.004098456891958277,-0.002352942045495709
2022-01-13,0.0030154534745842447,0.00027322707600170755,0.0027422263985825363,0.07678515217064287
2022-01-14,-0.0010262856161141081,-6.8145511454426044e-06,-0.001019471064968665,0.0006972916378328115
2022-01-17,0.01937038011881987,0.00016873366659349472,0.019201646452226374,-0.02142774930019082
2022-01-18,0.00014983237593906712,-1.04908354277072e-06,0.00015088145948183784,-0.022636618207051946
2022-01-19,-0.0037488434884333094,-4.42369991234615e-05,-0.0037046064893098488,-0.0026727839378899417
2022-01-20,-0.004633371470319792,-5.2117790015855864e-05,-0.004581253680303933,-0.004215551691592218
2022-01-21,-0.0006917907555484535,6.06267749096983e-07,-0.0006923970232975527,0.031749398907316054
2022-01-24,-0.0009369745271091108,-2.3381010175463606e-05,-0.0009135935169336485,-0.040312101166492795
2022-01-25,0.005395215041044574,9.931628916050447e-05,0.005295898751884069,0.0708801433071849
2022-01-26,-0.006107654516281771,-0.00013319855009489515,-0.005974455966186876,-0.03518291186063548
2022-01-27,0.013586688991984015,0.00021198588595146978,0.013374703106032544,0.040254056785314615
2022-01-28,-0.009229995811955636,-8.381616005302683e-05,-0.009146179651902616,-0.013501821156217569
2022-01-31,0.007859360803499443,0.00011760288980182908,0.007741757913697614,-0.021633181685110983
2022-02-01,-0.0017161237124049865,-2.1727657250852732e-05,-0.0016943960551541347,0.020215241677027
2022-02-02,-0.002803262835101061,-4.221166957466688e-05,-0.0027610511655263917,-0.002724724140280759
2022-02-03,0.0030607555614800596,6.052303136471241e-05,0.003000232530115347,-0.018935263013697082
2022-02-04,-0.0004782299200004497,-6.824230326347297e-06,-0.0004714056896741037,0.048664887896844256
2022-02-07,-0.002407097175486566,-5.8091905097991045e-05,-0.002349005270388574,0.038043625235980885
2022-02-08,0.005986189230281188,0.00016331491193663332,0.005822874318344558,0.051677409094715764
2022-02-09,0.005790798388332364,0.00012642687918983184,0.005664371509142531,0.02207495913539173
2022-02-10,0.015191126046218507,5.7801074598342814e-05,0.015133324971620166,0.008814137278104631
2022-02-11,0.007945544154756954,4.791289589175032e-05,0.0078976312588652,-0.0018337936363475517
2022-02-14,0.0022700859108267264,1.6103492903121915e-05,0.0022539824179236036,0.06935311006327603
2022-02-15,-0.0004731445600717789,6.551653301335378e-06,-0.00047969621337311166,-0.04130507344966903
2022-02-16,0.01839252479190665,0.00011091651801128444,0.01828160827389536,0.08594064950808006
2022-02-17,-0.010048602306027757,-6.577507765484839e-05,-0.00998282722837291,0.04989945815185485
2022-02-18,0.015454297186730477,0.00014108688684129453,0.015313210299889182,-0.04220161919400638
2022-02-21,0.009102150639309317,9.230699976324561e-05,0.009009843639546072,0.0024040257315207977
2022-02-22,-0.006089970611349723,-7.891221922693383e-05,-0.006011058392122789,0.0340279891529808
2022-02-23,0.0005494745856275476,4.745025022076001e-06,0.0005447295606054716,0.04749355750362871
2022-02-24,0.008204105266919014,5.025441622966663e-05,0.008153850850689351,0.019939816186440258
2022-02-25,0.01289014976005913,6.313527096703676e-05,0.012827014489092098,-0.020971476798651356
2022-02-28,0.003931333674941513,3.96006320673185e-05,0.0038917330428741926,-0.027505815774846468
2022-03-01,-0.0043661452554438875,-5.0820327505226096e-05,-0.0043153249279386605,-0.08255804566547628
2022-03-02,-0.004281892682045178,-5.116991621082444e-05,-0.0042307227658343535,-0.03541075398151925
2022-03-03,-0.0150347700798036,-0.00025363351946666723,-0.014781136560336935,-0.052284843835183156
2022-03-04,-0.0056505272881078004,-9.22747935815215e-05,-0.00555825249452628,-0.058354743040568
2022-03-07,-0.00703352110529322,-0.00015408581358457643,-0.006879435291708643,-0.08348774347663668
2022-03-08,-0.006411244279790216,-0.00022159384438195906,-0.006189650435408258,-0.015169001201973776
2022-03-09,-0.009436330139860477,-0.00037940637365970305,-0.009056923766200773,0.022126566710127454
2022-03-10,-0.0019168121189437547,-3.793835590018731e-05,-0.0018788737630435677,-0.04214787921726466
2022-03-11,0.008840964128421858,1.1240683347731734e-05,0.008829723445074126,0.0475213637517273
2022-03-14,-0.010541249643412532,-6.305507144660927e-05,-0.010478194571965926,0.05247344053825225
2022-03-15,0.010459117691506228,5.4952183521960254e-05,0.010404165507984266,0.015733488898596996
2022-03-16,0.010663818835914857,0.00010535063963693956,0.010558468196277917,-0.08605044949436377
2022-03-17,0.004268772473882167,1.7631552494951422e-05,0.004251140921387217,-0.10636290538418393
2022-03-18,-0.022047168191818244,-0.00011488128077216902,-0.021932286911046078,0.08746066385866533
2022-03-21,-0.030272869015096605,-0.00020250433000838135,-0.030070364685088224,-0.039519687525216604
2022-03-22,0.03511141714509889,0.00018417389603408302,0.03492724324906481,0.0908897662399948
2022-03-23,-0.01358179950413893,-5.756291592568571e-05,-0.013524236588213244,0.01708182948215447
2022-03-24,0.02995600149663255,0.00011398626094000046,0.029842015235692552,0.03594211505706901
2022-03-25,0.004547952170860781,2.085614877492606e-05,0.0045270960220858535,0.03756141005364368
2022-03-28,0.006153828604396682,6.992697580436276e-05,0.006083901628592319,-0.03548466477776611
2022-03-29,0.007090350197163585,4.7710352401185777e-05,0.007042639844762399,-0.020735511338082026
2022-03-30,-0.005717376038915029,-6.167622360633796e-05,-0.0056556998153086905,-0.05371843610837004
2022-03-31,-0.008549990541446482,-1.4908182104127893e-05,-0.008535082359342349,-0.04271264165991489
2022-04-01,-0.010483590322097593,-8.631147803794294e-05,-0.010397278844059646,0.047567397540451535
2022-04-04,-0.007596504885000944,-9.440133282746267e-05,-0.00750210355217348,-0.042189521383062346
2022-04-05,0.007969747451119918,0.00012073991556264341,0.007849007535557277,-0.014157917784139891
2022-04-06,-0.007315999107086214,-6.894585230984146e-05,-0.007247053254776372,0.00667053174321106
2022-04-07,-0.0031349617574753103,-1.6297853293716904e-05,-0.003118663904181593,-0.010718025357923894
2022-04-08,0.00114717023964187,1.4227225667979432e-05,0.0011329430139738923,0.06045640498423909
2022-04-11,-0.0017279804752391228,-1.6802095201070774e-05,-0.001711178380038052,-0.025558251711668263
2022-04-12,0.010085149130454576,0.0001123358482350006,0.009972813282219576,-0.04891373331540467
2022-04-13,-0.0031536056018629357,-3.730759519878467e-05,-0.0031162980066641536,0.01767692604831119
2022-04-14,-0.007602013370599247,-0.00015662529001859993,-0.007445388080580646,0.021349910943413482
2022-04-15,0.001483272591771884,0.0001312753203518667,0.0013519972714200173,0.06898196961681968
2022-04-18,0.00191827257208167,6.52185064545785e-05,0.0018530540656270921,0.032178825239352025
2022-04-19,0.005631177613721616,0.00037375728254969084,0.005257420331171929,-0.02921165809435884
2022-04-20,0.0063856015823172685,9.513846076887426e-05,0.006290463121548394,-0.007764031652129645
2022-04-21,-0.0033725371077254563,-0.00017511909925047552,-0.0031974180084749816,-0.005512618096010355
2022-04-22,-0.0008947406123216879,-8.498616730062171e-05,-0.0008097544450210697,0.048515996710366036
2022-04-25,-0.0005634103425690741,-2.0630723999403612e-05,-0.0005427796185696696,0.0825890192456866
2022-04-26,0.010836038213514122,9.052254896536795e-05,0.010745515664548755,-0.0058423383661387685
2022-04-27,0.01728936961660823,0.0002187351177084584,0.01707063449889977,-0.037611742644616454
2022-04-28,-0.001755616734118619,-1.9551468729410567e-05,-0.0017360652653892084,-0.01788702358834386
2022-04-29,-0.010866654377383923,-7.505796088122171e-05,-0.010791596416502701,-0.04930673587181113
2022-05-02,-0.003053931115517496,-3.9378800503763606e-05,-0.003014552315013731,0.025218117185056396
2022-05-03,-0.00748173092972065,-0.00015367126259349662,-0.007328059667127153,-0.048193648602256514
2022-05-04,0.003705263248497694,9.067508793916129e-05,0.0036145881605585293,0.011697016712170041
2022-05-05,-0.008674130013133798,-0.00021310221825132127,-0.008461027794882474,0.012520545573243065
2022-05-06,0.0023095817119346378,4.459049272173294e-05,0.0022649912192129057,0.039356922520133106
2022-05-09,0.0029098561098001487,7.818386700245584e-05,0.002831672242797694,0.13995967180180072
2022-05-10,0.00864650964824919,8.729872837147032e-05,0.008559210919877722,-0.12309672764526702
2022-05-11,0.01889784028922583,0.0007483542931762815,0.01814948599604955,-0.13389151061511848
2022-05-12,-0.0144383077118512,-0.0007530029559376468,-0.013685304755913551,0.04743786519001748
2022-05-13,-0.0163963731279422,-0.0009582072584628084,-0.015438165869479393,0.051797454334684856
2022-05-16,0.007654554508781352,0.00015013089307454536,0.007504423615706806,0.0784517748754465
2022-05-17,0.009532981897834428,0.00014506382571539533,0.009387918072119032,0.006541417171888101
2022-05-18,0.016945227875210713,0.0002405155318429878,0.01670471234336773,0.10940306954782272
2022-05-19,0.0016080214224655724,9.604354428109987e-06,0.0015984170680374628,0.041694640586078864
2022-05-20,0.015750993294894176,0.00040027082342638945,0.015350722471467786,0.12650627160115158
2022-05-23,0.006202380157119417,0.00019190100052762305,0.006010479156591798,0.07520477585437729
2022-05-24,0.020139995682517668,0.000741300097981578,0.01939869558453609,0.11936372079694851
2022-05-25,0.009965248536995227,0.00035160056754821034,0.009613647969447017,0.0633875217447103
2022-05-26,0.01639760329149309,0.0008638014594635722,0.015533801832029518,0.03641978612520566
2022-05-27,0.008194387106984743,0.0003012070933240893,0.007893180013660652,0.04486549978630944
2022-05-30,0.004209711089480682,0.0003726163270056039,0.003837094762475077,0.06234851682786592
2022-05-31,0.00541963127289174,0.0003238717245673886,0.005095759548324351,0.07979367639157448
2022-06-01,0.008344893769487464,0.0006316684226111138,0.007713225346876351,-0.018463639101222885
2022-06-02,0.009637345554869298,0.0006082849523561945,0.009029060602513107,0.052321452685833
2022-06-03,-0.0020854748293849135,-0.00014039098815984453,-0.0019450838412250664,0.1537863900919789
2022-06-06,0.005392837561378637,0.00025967057081722686,0.005133166990561412,0.026745229571989045
2022-06-07,0.019230391515136225,0.0005666958596452273,0.018663695655490996,0.08619791594293665
2022-06-08,0.0035849154295382983,5.43381304749257e-05,0.003530577299063374,0.09635382247529707
2022-06-09,0.010204773805937001,0.00033782465405091285,0.009866949151886089,0.09164696821750869
2022-06-10,0.012660699331491167,0.00037505936359069885,0.01228563996790047,0.11544539400587592
2022-06-13,0.010608897456251407,0.00036285763208633234,0.010246039824165075,-0.06089348165342851
2022-06-14,0.01522066217417812,0.0004060194141871729,0.014814642759990945,0.10117525826606376
2022-06-15,-0.00820154067976622,-0.0003882156606244509,-0.007813325019141767,-0.0356503137326357
2022-06-16,0.012933804878364824,0.0004020418759419854,0.012531763002422836,-0.1018366781407302
2022-06-17,-0.0047682388383824045,-7.627561137567383e-05,-0.004691963227006731,0.04714014500310692
2022-06-20,-0.011095901850978912,-0.0003585912584709392,-0.010737310592507973,0.10865439733936212
2022-06-21,0.004939208592933908,0.00010845152444975432,0.004830757068484154,-0.006305617138573301
2022-06-22,0.011052732266043686,0.000389369603869533,0.010663362662174155,-0.015786707698420065
2022-06-23,-0.0007230122700835294,-3.6834762137938175e-05,-0.0006861775079455906,0.07217550949043625
2022-06-24,-0.001708465297117457,-0.0001682841986458709,-0.0015401810984715862,-0.02144150479275797
2022-06-27,0.007568019706118384,0.00032745483711362974,0.007240564869004755,0.06324919643484297
2022-06-28,-0.002805155846195092,-9.83882603627172e-05,-0.0027067675858323736,0.006103853573148754
2022-06-29,0.009259436318123435,0.00024145227436568172,0.009017984043757754,-0.13212385261349274
2022-06-30,0.0008241598329695211,-3.3005786707365065e-05,0.0008571656196768845,0.0353332625450129
2022-07-01,-0.015139213989904518,-0.0005151064205360613,-0.014624107569368456,-0.03547489194639381
2022-07-04,0.0048636726545357185,9.761627697538883e-05,0.0047660563775603244,0.010090468870796563
2022-07-05,-0.005326992660192509,-0.00011010172952633998,-0.005216890930666169,-0.012067083165373743
2022-07-06,0.001482937460827526,3.074252617434048e-05,0.0014521949346531834,-0.019661747526522104
2022-07-07,-0.0016794318042598648,-2.6769204216757492e-05,-0.0016526626000431081,0.057919747591264274
2022-07-08,-0.0029433979344917643,-8.849752682332877e-05,-0.002854900407668437,0.022263811785839655
2022-07-11,0.00765425836239661,0.00016101475829249316,0.007493243604104116,-0.06458470345562617
2022-07-12,0.0035872710489513603,5.119637621468819e-05,0.0035360746727366717,-0.029211540901713785
2022-07-13,-0.013264994335975147,-0.0001336575166200984,-0.013131336819355051,-0.033351813335192146
2022-07-14,-0.004857620617665671,-0.00010133135011279083,-0.0047562892675528795,0.08015254904019171
2022-07-15,-0.00633155344334693,-0.00011041629265238709,-0.006221137150694543,-0.0627631720020326
2022-07-18,0.011532902492059181,0.0002937765878957524,0.011239125904163427,-0.04917089706690311
2022-07-19,-0.00990047189465224,-0.0002648918656809676,-0.009635580028971275,-0.07341690721141197
2022-07-20,-0.008096737007880437,-0.0002254531342614323,-0.007871283873619007,0.14406627734228666
2022-07-21,-0.008998642932151834,-0.00025960173119872476,-0.008739041200953108,-0.02740384175004218
2022-07-22,0.010259422678152236,0.0011778726737520966,0.009081550004400139,0.005762333908704925
2022-07-25,-0.001877861233228836,-0.00012093754197835781,-0.0017569236912504775,-0.04540348562386467
2022-07-26,0.0004072170368221613,3.2400926835625746e-05,0.00037481610998653554,-0.03052872310001657
2022-07-27,-0.01071990769879809,-0.00010394048360204584,-0.010615967215196042,0.01544309401292944
2022-07-28,-0.005101394727092997,-8.973326001381066e-05,-0.0050116614670791875,0.05315505644638025
2022-07-29,0.002534527300790652,3.70141745362788e-05,0.002497513126254374,0.003549994109379596
2022-08-01,0.007036133962093564,0.0001110249952744162,0.006925108966819146,0.047880207139289956
2022-08-02,0.000513069281053621,5.895960151670529e-06,0.0005071733209019522,0.026881645100964295
2022-08-03,0.007104755096781579,0.00012264830921459723,0.0069821067875669805,-0.006534973107915927
2022-08-04,0.003284939013509105,8.211986674583425e-05,0.003202819146763269,0.05229414535320895
2022-08-05,-0.000883972011070884,-7.152097783288264e-06,-0.0008768199132875958,-0.013275446535982012
2022-08-08,0.006966749575431153,0.00015728082881177018,0.0068094687466193835,0.04229650134820711
2022-08-09,-0.0024004564765456944,-3.999847111316526e-05,-0.0023604580054325296,-0.034056156828460235
2022-08-10,0.006589244933298828,0.00012924796757731285,0.006459996965721514,0.035567651631969247
2022-08-11,-0.003910848013285274,-9.99926103780018e-05,-0.003810855402907272,-0.06165809475784952
2022-08-12,0.002067570716116998,0.00024504241816578813,0.0018225282979512098,0.041941014779101254
2022-08-15,-0.004487061067743207,-0.0003696030721728749,-0.004117457995570331,-0.006619288778770035
2022-08-16,0.002942565120164403,0.00023284529344668242,0.002709719826717721,-0.019023807680286685
2022-08-17,-0.0012397987458847015,-2.62455658013559e-05,-0.0012135531800833395,0.01869887138412494
2022-08-18,-0.002819765806175411,-8.606905677095017e-05,-0.0027336967494044594,0.022887303558918663
2022-08-19,0.002783616560054219,8.82140088924498e-05,0.0026954025511617703,0.02337776591121839
2022-08-22,0.0032750256224939192,6.448202427609788e-05,0.0032105435982178222,-0.05626344938023829
2022-08-23,0.0054714836838047655,2.2327845850794725e-05,0.00544915583795397,-0.005673939352902753
2022-08-24,-0.012194022592496738,-9.229281944666233e-05,-0.012101729773050076,0.0402294853644871
2022-08-25,-0.0009256111162882544,-1.1058709466412581e-05,-0.0009145524068218422,-0.07050686203043977
2022-08-26,0.005223929915912421,8.008490456779113e-05,0.005143845011344629,-0.08212196335392796
2022-08-29,-0.011407934480010068,-0.00017562772722763752,-0.011232306752782426,-0.17633963517500306
2022-08-30,-0.016101415755914845,-0.00019740658624025752,-0.015904009169674584,0.06089256663754038
2022-08-31,-0.02477349050185427,-0.0005234896935520017,-0.024250000808302266,-0.029972553540737534
2022-09-01,0.008407526415455559,0.00013101260500792073,0.008276513810447637,-0.03115992468949004
2022-09-02,-0.00236241442617539,-0.0001943815888761479,-0.0021680328372992415,-0.09951576976367836
2022-09-05,-0.002099870067123157,-0.00013539347207380944,-0.0019644765950493476,0.010340351127011812
2022-09-06,-0.0069233430833632575,-0.0003847194553522615,-0.006538623628010998,0.050833693574083266
2022-09-07,0.0014097154616690595,3.6406233358505374e-05,0.0013733092283105515,-0.03092097773080137
2022-09-08,0.006737175257418684,0.00010765922052979882,0.0066295160368888845,-0.00021544258876952295
2022-09-09,-0.0019623479101865196,-0.00014722005523852728,-0.0018151278549479915,-0.03924710036008447
2022-09-12,-3.5196817334522145e-05,-4.391555602594084e-05,8.718738691420105e-06,0.015394705684175098
2022-09-13,-0.002366371647500986,-0.0002267995682730707,-0.002139572079227915,0.016238926375886437
2022-09-14,0.0025939867115118346,9.362665342552492e-06,0.002584624046169279,-0.011888449090273876
2022-09-15,0.004083808207669859,2.6582883951672964e-05,0.00405722532371819,-0.01969160806135561
2022-09-16,-0.0017342930481776667,-2.467870897584351e-05,-0.0017096143392018176,-0.046708522015178215
2022-09-19,-0.003504976635009244,-3.902513257020041e-05,-0.0034659515024390427,0.06662097749587917
2022-09-20,-0.008612767307198245,-0.00014582766312901466,-0.008466939644069228,-0.07491199730423068
2022-09-21,0.01306592227302869,0.00018708980819822155,0.012878832464830473,-0.20296793627643311
2022-09-22,-0.007870943775665301,-0.0005224050394794615,-0.007348538736185847,-0.05579998227178808
2022-09-23,-0.020871759011189775,-0.001165042172385897,-0.019706716838803876,-0.059800336008460166
2022-09-26,-0.004546501791469419,-0.00019277585012963776,-0.004353725941339781,-0.08321417494915954
2022-09-27,-0.012738294612351804,-0.00012496808881130297,-0.0126133265235405,0.009553717316668238
2022-09-28,-0.011467363354050257,-0.0003182648032508083,-0.011149098550799447,0.05604195611373934
2022-09-29,0.001339577026530979,2.6800351309115046e-05,0.0013127766752218653,-0.005144501770646458
2022-09-30,0.008938692327625153,0.0001644331260360777,0.008774259201589075,0.0050483758876296225
2022-10-03,-0.0014254454416257572,1.3337079360183773e-05,-0.0014387825209859432,0.02207387824949165
2022-10-04,0.0008747077965900056,3.7663096673259955e-05,0.0008370446999167447,0.08541209451946828
2022-10-05,0.003362591607675556,1.475221157554163e-05,0.003347839396100012,0.0577211197358557
2022-10-06,0.007775143601760815,0.00027441285240592875,0.007500730749354886,0.10313919907641314
2022-10-07,0.006206263948244259,0.00017590973082730332,0.006030354217416954,0.033190365440538765
2022-10-10,0.011551456213537231,0.0002722700563351317,0.011279186157202099,-0.0033076544989993433
2022-10-11,0.00408890481671162,0.00010471513334511101,0.003984189683366509,0.09727187306444171
2022-10-12,-0.0003879599923281491,1.0931153968675965e-05,-0.0003988911462968255,0.1318100648310444
2022-10-13,0.011502276732140056,0.00026971092472618564,0.011232565807413868,-0.041472186800987
2022-10-14,0.023570747781735492,0.00019487319010859285,0.0233758745916269,0.03628353115386931
2022-10-17,-0.008051053107685611,-4.94621971393527e-05,-0.00800159091054626,-0.006378497141534922
2022-10-18,0.0056790232242570505,0.00010334214734188801,0.005575681076915159,0.019425805045486164
2022-10-19,-0.0008801587538297176,-8.05803761403344e-06,-0.0008721007162156846,0.003270217860173662
2022-10-20,0.002833372123193404,7.134648315743584e-05,0.0027620256400359674,-0.04727082559981117
2022-10-21,0.0006449536503224575,-1.055536812578136e-05,0.000655509018448238,-0.10301639429027779
2022-10-24,-0.0071838114327625446,-0.00011629217941602939,-0.0070675192533465134,-0.04440770362942703
2022-10-25,-0.016746344015173796,-0.000352307873048355,-0.016394036142125444,0.015305647806246405
2022-10-26,-0.006859923910155073,-0.00015456443848166216,-0.006705359471673411,0.023733540689277736
2022-10-27,0.0026206348428829446,5.599542388641109e-05,0.002564639418996533,0.0814624485916764
2022-10-28,0.004021148269603999,5.642071915663415e-05,0.003964727550447366,-0.040059183634814935
2022-10-31,0.014081887905187818,0.0001762451689907062,0.013905642736197113,-0.042657270844173166
2022-11-01,-0.009653876992168107,-9.470803733259252e-05,-0.009559168954835513,-0.013589379471904655
2022-11-02,-0.0052992641532134885,-0.00014748741417605626,-0.005151776739037433,0.008901720046160747
2022-11-03,-0.0019357663343162696,-3.494756449341774e-05,-0.0019008187698228499,0.06892025544082264
2022-11-04,0.0011906441601271275,1.3815298721363972e-05,0.001176828861405764,-0.032104047050468716
2022-11-07,0.0095725999682187,0.00026652995294776903,0.00930607001527093,0.05011862696667092
2022-11-08,-0.0034281672782431848,-0.00017546143077145498,-0.0032527058474717298,0.025515863953709646
2022-11-09,0.005446481604262046,0.00021572659415479076,0.0052307550101072554,-0.003913232666558042
2022-11-10,0.002271801203158359,0.00015744414400987658,0.0021143570591484855,0.010864939806988834
2022-11-11,-0.00040708133355618495,-7.773142158313401e-05,-0.0003293499119730505,-0.007367951545570171
2022-11-14,0.0014656901598439284,1.5455884820774965e-05,0.0014502342750231552,0.017331488806603422
2022-11-15,-0.0011356777896462254,-0.00012202430924957396,-0.0010136534803966545,0.0072559356192200665
2022-11-16,0.0021534595803782493,5.11487459241987e-05,0.0021023108344540497,0.006969965186480143
2022-11-17,0.0006315293844518133,-9.511208322838917e-06,0.0006410405927746522,-0.049525030719976784
2022-11-18,0.0011456807074533295,1.3168446554653532e-05,0.0011325122608986781,0.04349703490010459
2022-11-21,-0.008434619799258516,-0.00011138317380424492,-0.008323236625454273,-0.02386804450218143
2022-11-22,0.008069984444552161,8.924191229897627e-05,0.007980742532253182,0.008265083755176395
2022-11-23,-0.004923957016732479,-4.0629511016123006e-05,-0.004883327505716356,-0.003831680934035581
2022-11-24,0.002103912837827571,1.8973229742950612e-05,0.002084939608084621,-0.007014366172844413
2022-11-25,-0.00248605240104631,-2.4860524010473714e-06,-0.0024835663486452633,0.045196674148959344
2022-11-28,-0.004035293434282707,-4.035293434283271e-06,-0.004031258140848424,-0.06383366806979761
2022-11-29,0.014226428461521227,5.949298210514847e-05,0.014166935479416078,0.06525077092211765
2022-11-30,-0.0107218931092684,-0.00011796268642948107,-0.010603930422838914,-0.004292524806386867
2022-12-01,0.012090293715604156,0.00011612616869303028,0.011974167546911125,0.06143693008982402
2022-12-02,-0.0007813143766891664,-1.3591692169293533e-05,-0.0007677226845198724,0.07543639233255493
2022-12-05,0.018026474586828135,6.352030415181752e-05,0.017962954282676316,-0.07809159404566907
2022-12-06,0.01563615157474151,0.00012556701670198185,0.015510584558039529,0.06050213817184014
2022-12-07,-0.014777186075223388,-0.00015571372969917481,-0.014621472345524217,0.003428512129607145
2022-12-08,0.009473984508763788,0.0001813810257454574,0.009292603483018328,0.030338814746034073
2022-12-09,0.0005715174987149189,1.6367464515403343e-05,0.000555150034199519,0.04981154097254721
2022-12-12,0.0035978054961460504,0.00010359435147501428,0.0034942111446710344,-0.026966646525921092
2022-12-13,0.0072694692204841056,0.00016095110334646322,0.007108518117137642,0.021138203886840262
2022-12-14,-0.002953253873545134,-0.00010189924524313561,-0.0028513546283020002,-0.02374912978637396
2022-12-15,0.001934876992298177,9.020665542333085e-05,0.0018446703368748488,-0.1094278357778189
2022-12-16,-0.002474050310115531,-9.173681797661985e-05,-0.00238231349213891,0.038277957020774
2022-12-19,-0.014064928334634599,-0.0004716816188934936,-0.013593246715741105,0.04193637401726269
2022-12-20,0.006159250617058257,9.823436174168136e-05,0.006061016255316577,-0.008726496346830457
2022-12-21,0.007052399461826361,9.260523660140421e-05,0.0069597942252249585,0.028873470350926234
2022-12-22,-0.0015138846401863927,-2.8534221628243733e-05,-0.001485350418558149,-0.08944589998041208
2022-12-23,0.0031984028100970744,0.00011530024613564433,0.00308310256396143,0.07523172732914428
2022-12-26,-0.009724305097795401,-0.0004547098959299771,-0.009269595201865422,-0.035868731303539306
2022-12-27,0.006597678316268977,0.00026562141316870125,0.006332056903100278,0.11713830131529124
2022-12-28,-0.004473199945566379,-0.00011766451803732741,-0.004355535427529054,0.06767192087816673
2022-12-29,0.011442141508949743,0.00033951014755166826,0.011102631361398075,0.04768873502863371
2022-12-30,0.007130507649695469,0.00016749709182182137,0.006963010557873648,0.08170625544883629
2023-01-02,0.0049452340329757295,8.628608038376007e-05,0.004858947952591969,0.13310704825630532
2023-01-03,0.018161540455223935,0.00010367243499845996,0.01805786802022548,0.09337267204183818
2023-01-04,0.024998621968871683,0.00016423666688362363,0.02483438530198806,0.10261082787903537
2023-01-05,0.009499131039267777,0.0002327425529240392,0.00926638848634374,0.012153930759446964
2023-01-06,0.009456936841580497,0.00023100001801983072,0.009225936823560666,0.021303454304872828
2023-01-09,0.0017962337677496678,-7.139217934422001e-06,0.0018033729856840892,0.01064700611301493
2023-01-10,0.0031831922964632065,1.644700243142415e-05,0.0031667452940317845,0.11563910454922659
2023-01-11,0.0014344938797407995,1.7168492977124097e-05,0.0014173253867636737,0.12943797260125572
2023-01-12,0.011309777608969248,0.00030991946402500904,0.010999858144944238,0.011594821323700105
2023-01-13,0.017754119691829474,0.00043239760269245947,0.01732172208913702,-0.017289435379697494
2023-01-16,0.001257777351581954,-2.213963262523433e-05,0.001279916984207187,0.06354800788249768
2023-01-17,-0.0031501738340986665,-3.0122859736819057e-05,-0.003120050974361848,-0.06500059852241541
2023-01-18,0.012283655175220405,8.989934998311026e-05,0.012193755825237292,0.07957780920004004
2023-01-19,-0.01007089126379829,-7.94795866894786e-05,-0.009991411677108812,0.09182786034564171
2023-01-20,0.007491141766592685,0.0002409869827439265,0.007250154783848762,0.10856911542005933
2023-01-23,0.008845447151626794,0.0002849259352500251,0.008560521216376769,0.07028971428603803
2023-01-24,0.009794649514847329,0.00029352109137867604,0.009501128423468654,-0.030963012760031283
2023-01-25,0.008857819945618496,0.00020484739892312996,0.008652972546695368,0.025961240197143385
2023-01-26,-0.0034768385775509492,-0.00011066869043484598,-0.0033661698871161015,0.06335145103393774
2023-01-27,0.002577627585726057,9.379095033034551e-05,0.0024838366353957106,0.08539569532595855
2023-01-30,0.009257098908869457,0.00011818757923730749,0.00913891132963215,-0.09542364739199594
2023-01-31,0.012243043465607839,0.00013134999705652003,0.012111693468551316,-0.008104527217074936
2023-02-01,-0.009282492126343238,-0.0002176014040247698,-0.009064890722318468,0.09208601418897872
2023-02-02,-0.0009587173402548404,-4.113575892572378e-06,-0.0009546037643622654,0.0016354323463295746
2023-02-03,0.010145158639405016,0.00026930062948761317,0.009875858009917407,0.016841581849201502
2023-02-06,0.00013672489425114705,0.0001595756805300927,-2.2850786278949542e-05,0.007270742569303317
2023-02-07,0.0009341426864668807,0.00018537562854791488,0.0007487670579189656,0.09130053199842117
2023-02-08,0.0003107454030169155,-0.00016106886139295035,0.0004718142644098665,0.07181618133760244
2023-02-09,0.007707818956763975,0.000496058913355843,0.007211760043408132,0.08367843719360708
2023-02-10,0.006694640681153666,0.0004947351570377492,0.006199905524115917,-0.004602575482552205
2023-02-13,0.020892515957539423,0.00023706589715077192,0.020655450060388655,0.008128013699185732
2023-02-14,-0.001522994150370334,-1.3751090063403998e-05,-0.0015092430603069265,-0.06836974029912077
2023-02-15,0.0015329674232355105,7.175327624171085e-05,0.0014612141469938014,0.07731916960486981
2023-02-16,-0.005898113409130445,-0.0005777544949845167,-0.00532035891414593,0.1780760463206288
2023-02-17,0.004957492266876962,0.0009183358302598185,0.00403915643661714,0.2473040407705865
2023-02-20,0.018750424724402717,0.0037609339687984383,0.014989490755604282,0.18576007698225971
2023-02-21,0.03572824764961418,0.004166926662235525,0.03156132098737865,0.0032423335032791224
2023-02-22,0.04244212937059183,0.0023420745515512313,0.040100054819040595,-0.24997134354484746
2023-02-23,0.00025878659714549885,-0.00033629177424100015,0.0005950783713864968,-0.3076083297394322
2023-02-24,-0.033491678025873516,-0.003058182288459329,-0.03043349573741419,-0.2004003301260368
2023-02-27,-0.029114946968688746,-0.0020990771672706474,-0.0270158698014181,-0.006249226959804679
2023-02-28,-0.035675130177711754,-0.000594657572583375,-0.03508047260512838,0.06747635641870872
2023-03-01,-0.0022232111150191983,-2.448558691238445e-05,-0.002198725528106814,0.009204739185495196
2023-03-02,0.03875902204075742,3.602461356396955e-05,0.038722997427193456,-0.0966735213175779
2023-03-03,0.004774636458181505,1.0388748977768758e-05,0.004764247709203737,-0.004791574056439754
2023-03-06,-0.039237027580955666,-0.0001240445076873993,-0.039112983073268257,0.07930821119804149
2023-03-07,-0.004975470001657642,-4.975470001666871e-06,-0.004970494531655982,0.04290241742667695
2023-03-08,0.042043866106690204,5.2900626966327635e-05,0.04199096547972388,0.07368942511597382
2023-03-09,0.02194882913583916,4.3495773245335115e-05,0.021905333362593822,-0.015218039810570771
2023-03-10,0.024033935651714633,0.00014474940777491193,0.023889186243939726,0.06428438453597604
2023-03-13,-0.004581821316278571,-2.0493093180546512e-05,-0.004561328223098025,0.027608094980127427
2023-03-14,0.019306693233915387,8.644884451360687e-05,0.019220244389401776,-0.013549915141848327
2023-03-15,0.007629262006276383,7.701535486017916e-05,0.0075522466514162095,-0.08566395471274207
2023-03-16,-0.0030801095016148375,-3.665463427297844e-05,-0.003043454867341861,-0.018537813212747632
2023-03-17,-0.017472156207945393,-0.0002810356430697873,-0.017191120564875612,-0.031275324970750015
2023-03-20,-0.006413080240069629,-4.361034008344526e-05,-0.00636946989998618,0.019116358609391197
2023-03-21,-0.01066475808314583,-4.617797734986304e-05,-0.010618580105795965,-0.030867398607735574
2023-03-22,0.012540038804043434,1.2540038804041698e-05,0.01252749876523939,0.014544547406883549
2023-03-23,-0.013343484752097557,-3.620267661170497e-05,-0.013307282075485852,-0.022501778206861955
2023-03-24,0.003435752469646712,1.79162500447156e-05,0.0034178362196019985,0.06088030756205583
2023-03-27,-0.004923992207032002,-3.973160367643598e-05,-0.004884260603355565,-0.051565206375820294
2023-03-28,0.018383032682038305,0.00010157827475213224,0.018281454407286173,0.015388288318236396
2023-03-29,-0.018788552690639906,-6.991521684113992e-05,-0.018718637473798764,0.04128750351577646
2023-03-30,0.004424890914848734,3.436228212273795e-05,0.004390528632725994,0.031234673943627646
2023-03-31,0.011651453425195146,9.665463670561342e-05,0.011554798788489529,0.041952509956207584
2023-04-03,0.006378611546833512,8.464886174428692e-05,0.006293962685089225,-0.025004436568194868
2023-04-04,0.006500196014890778,0.000243110631466828,0.006257085383423948,0.024844064932137647
2023-04-05,-0.0026931142786114186,-0.00011540624643027741,-0.0025777080321811342,0.01592896463334175
2023-04-06,0.002903939846516835,9.409822226818382e-05,0.0028098416242486497,0.07008890316928477
2023-04-07,0.0024159214629451177,1.1780757907035172e-05,0.0024041407050380756,-0.020394884066816
2023-04-10,0.01305928881140854,0.00025184057097268615,0.012807448240435854,-0.013928497434267648
2023-04-11,-0.004848125774433625,-7.097948212233217e-05,-0.004777146292311292,0.1342425403761001
2023-04-12,-0.004329504849435856,-1.531856451515365e-05,-0.004314186284920706,0.1096973155965351
2023-04-13,0.022075308575467804,0.0004290507223729829,0.02164625785309482,0.09892205316039505
2023-04-14,0.012849023819521719,0.0005921749661470278,0.012256848853374695,0.07778857290821493
2023-04-17,0.011233724551685424,0.0005121538354293602,0.010721570716256065,0.08218955653943982
2023-04-18,0.009596259222332659,0.0003125519236632634,0.009283707298669393,0.0890512781493651
2023-04-19,0.02219319703529042,0.0004342937018430165,0.021758903333447408,0.08390575221249055
2023-04-20,0.025883014937316238,0.00048085027832008714,0.025402164658996147,0.11811488392401077
2023-04-21,0.011591581649526879,0.00046129058423859115,0.01113029106528829,0.1102855619058578
2023-04-24,0.010647389238334103,0.0006137914043729867,0.010033597833961117,0.23245095621806708
2023-04-25,0.010455727123590882,0.0008014157245964859,0.009654311398994395,0.02028721583281567
2023-04-26,0.03196539771590324,0.0016568702416466796,0.03030852747425656,-0.07316537540803206
2023-04-27,0.00357427984002951,6.154258994978709e-05,0.0035127372500797227,-0.004171757746014311
2023-04-28,-0.0093966519927799,-0.0005496116702667711,-0.008847040322513128,0.004881954892708889
2023-05-01,-0.00036571017676681537,6.330565277793332e-05,-0.0004290158295447489,0.09211433825065657
2023-05-02,0.0004980402430849575,-9.21904775189001e-05,0.000590230720603855,0.023399268458147725
2023-05-03,0.012348269688434763,0.0007315979735457133,0.01161667171488905,0.019177194712279643
2023-05-04,0.0029210370533635016,0.00016710423516590363,0.002753932818197598,0.07950174807393816
2023-05-05,0.0022212184671395836,2.8832066483099744e-05,0.0021923864006564812,0.12808132352436213
2023-05-08,0.008161165304937677,0.0003621485154149092,0.007799016789522767,0.2991630471093441
2023-05-09,0.015409039035596699,0.0006517296458800649,0.014757309389716634,0.19357983458716613
2023-05-10,0.03163059377155615,0.0011375109463285602,0.0304930828252276,0.07107540326662062
2023-05-11,0.023784657772842756,0.0007975094389147987,0.022987148333927957,0.09079215879648034
2023-05-12,0.01024134060143441,0.0003857714072240132,0.009855569194210394,0.049519493568928284
2023-05-15,0.010908906007303744,0.0003151596530744155,0.01059374635422933,-0.03972666256609501
2023-05-16,0.0030655990512949024,0.00040045394527229473,0.002665145106022608,0.034516668655828815
2023-05-17,-0.002572393196271946,-0.0004526238964938766,-0.0021197692997780688,0.08743750120330514
2023-05-18,0.002238426336350978,-0.000180683028860925,0.0024191093652119033,0.09297452107986914
2023-05-19,0.01261373356885912,0.00032935572868112144,0.012284377840178,0.14315757576482793
2023-05-22,0.009782941443859085,0.00030811077557454936,0.009474830668284534,0.01809065577993503
2023-05-23,0.01896786533115863,0.0004552557875586432,0.018512609543599984,0.048768872221455865
2023-05-24,0.0020021089062490748,4.989519427689784e-05,0.001952213711972177,0.03582757347612807
2023-05-25,0.006336389723718283,0.0001701006158143538,0.006166289107903927,0.03232567948969505
2023-05-26,0.003070602796870909,4.5324110414112113e-05,0.003025278686456798,-0.009148118901722497
2023-05-29,0.0025419299870586705,0.00015961828671486218,0.0023823117003438053,0.09588866061918562
2023-05-30,-0.0007189400083746473,-0.0002465305789590629,-0.00047240942941558346,0.11314099866103905
2023-05-31,0.00896068263389085,0.0003921421791189851,0.008568540454771864,0.06381367151026737
2023-06-01,0.012040259890980114,0.00046793228493798543,0.01157232760604213,0.029285722302999542
2023-06-02,0.007986868418457629,0.0003636936416739796,0.007623174776783648,-0.055962297153451884
2023-06-05,0.0037637336573623633,0.00011723881386554611,0.0036464948434968155,0.08830363510122495
2023-06-06,-0.00518095218035193,-0.0004079808860946773,-0.004772971294257253,-0.08696292159739782
2023-06-07,0.008902739387626864,0.0006698486246062285,0.00823289076302064,0.03783325362570113
2023-06-08,-0.00799058539292687,-0.0006537501595151388,-0.007336835233411734,0.059264294886003176
2023-06-09,0.0035695499127554875,0.00023006160554407597,0.0033394883072114115,0.05318266682778886
2023-06-12,0.00527608591999762,0.00020968025218291546,0.005066405667814706,0.034891024801270654
2023-06-13,0.004415113210353399,0.00023853417068246674,0.004176579039670933,0.06518270650243124
2023-06-14,0.003767438981607482,5.39005740661817e-05,0.0037135384075413017,0.03584072252695346
2023-06-15,0.008574204136028768,0.00021906247456456897,0.0083551416614642,0.020936840290513004
2023-06-16,0.004377579397248885,0.00013071294919674882,0.004246866448052136,0.06321648125811344
2023-06-19,0.0021370397121589536,0.00010336884274508851,0.002033670869413865,0.008579408648573735
2023-06-20,0.006969176876500224,0.00023293928477478854,0.006736237591725432,-0.01916148771999671
2023-06-21,0.0009913952532494617,1.9863108386017673e-05,0.000971532144863443,0.09847750320820295
2023-06-22,-0.0021435152698096255,-9.975286157123953e-05,-0.002043762408238378,0.04567243844377469
2023-06-23,0.009359962869363731,0.0006605633901649165,0.008699399479198816,0.01616180514442034
2023-06-26,0.0029840718745086942,6.923168165289678e-05,0.002914840192855799,0.007512264047921787
2023-06-27,0.0008708215496017393,0.00015770055572291233,0.0007131209938788276,-0.039302208824185975
2023-06-28,0.00048634329648611927,2.582852968164434e-05,0.0004605147668044736,0.009918990300424868
2023-06-29,-0.004801228768594147,-0.0002119163604345966,-0.004589312408159551,-0.1082649922369861
2023-06-30,0.0017416510303860382,1.1006522634351631e-05,0.0017306445077516844,-0.01785171298766045
2023-07-03,-0.021696162207565928,-0.0003013274354552852,-0.02139483477211064,-0.032758375140314204
2023-07-04,-0.002785070393623753,-2.7156043776666722e-05,-0.0027579143498470855,0.028932771286060345
2023-07-05,-0.00534137206943736,-9.658988481998747e-05,-0.005244782184617372,-0.01733788311506532
2023-07-06,0.00527286654923886,0.0001022614682346934,0.00517060508100417,0.003117586070603972
2023-07-07,-0.0029825567762429353,-7.863081972305994e-05,-0.0029039259565198754,0.03770552137263471
2023-07-10,0.0005064287908375183,5.611173612583495e-07,0.000505867673476261,0.056558386384740165
2023-07-11,0.004520740102706228,0.00011069758817118872,0.004410042514535039,0.016368121900297024
2023-07-12,0.006756145523123263,0.00018764042569281865,0.006568505097430445,0.08865482009179591
2023-07-13,0.0022383690408716624,3.586405875127298e-05,0.0022025049821203894,0.13858135481916845
2023-07-14,0.013189557328407882,0.00022014049433614772,0.012969416834071733,0.05469268949032784
2023-07-17,0.015232885264253187,0.0006794863664182898,0.014553398897834894,0.07970663978557806
2023-07-18,0.005073251503370361,0.00019560522412746762,0.004877646279242893,-0.10352835523773739
2023-07-19,0.007215700990499749,0.00024286701519607304,0.006972833975303676,0.054122150421498455
2023-07-20,-0.006475017832949034,-0.0010212720673941642,-0.005453745765554869,0.06420606686684657
2023-07-21,0.004138500116221918,0.0006468264735834395,0.0034916736426384813,0.04754601728255141
2023-07-24,0.004342898079441536,0.00045292425966692376,0.003889973819774614,0.028188140818761958
2023-07-25,0.009298361666037105,8.995838569202282e-05,0.00920840328034509,-0.012762551393157798
2023-07-26,0.003063407381302754,2.9485297911774344e-05,0.003033922083390983,0.0371168050732644
2023-07-27,-0.001340586870367865,-5.047537145317586e-06,-0.0013355393332225467,0.055162682492053895
2023-07-28,0.0036929219472054435,0.000259798213057434,0.0034331237341480095,0.030101554091507127
2023-07-31,0.0076012861461483335,0.00019905418416122506,0.00740223196198711,0.03813382161606852
2023-08-01,0.005870886840203276,6.631041013769972e-05,0.005804576430065579,-0.045781896492532316
2023-08-02,0.010082543459818077,0.00010733433328957188,0.009975209126528503,0.07646160466320635
2023-08-03,-0.012944630749855359,-0.00010044073018267846,-0.012844190019672679,0.04726017544175384
2023-08-04,0.01103312105404508,0.00023656565840685442,0.010796555395638226,0.11947264694861244
2023-08-07,0.005140329646743706,0.00021122968569343265,0.004929099961050273,-0.10371962631302686
2023-08-08,0.013307624168427238,0.0005622169702064438,0.012745407198220792,0.05175956250487671
2023-08-09,-0.011475340282993362,-0.00048267262724797054,-0.010992667655745393,-0.009628221236860614
2023-08-10,0.007629403219322218,0.0002035564398284069,0.007425846779493808,-0.05861971457463681
2023-08-11,-0.000915884809254795,-6.6272767492076e-05,-0.0008496120417627196,0.044889350873926384
2023-08-14,-0.004200664407448024,-0.00039189869603967805,-0.003808765711408346,0.035023057310019055
2023-08-15,0.0030803640930641683,0.00010272675952624315,0.0029776373335379273,0.00528791337931429
2023-08-16,0.003236350596143873,0.0001774741423788348,0.0030588764537650397,0.035915168041026485
2023-08-17,0.001096862186978794,-7.79147199740963e-06,0.0011046536589762045,0.006901427061040022
2023-08-18,0.006439315332324858,0.00014662983243070304,0.006292685499894153,-0.021344900856243715
2023-08-21,0.0008881605625402463,1.0017281990700073e-05,0.0008781432805495468,0.06784034268163774
2023-08-22,-0.002931512760054813,-5.2067541137840526e-05,-0.0028794452189169727,0.010571225759814767
2023-08-23,0.009048918706779542,0.00030158178130794107,0.0087473369254716,-0.008132995111022983
2023-08-24,0.0016959886520917188,4.3812180218521374e-05,0.0016521764718731968,-0.008549235667163091
2023-08-25,-0.0011192811786964636,-2.0821424155364338e-05,-0.0010984597545410993,-8.60255712759351e-05
2023-08-28,-0.0010403007884408253,-4.453269191476237e-05,-0.000995768096526065,-0.01276654648073283
2023-08-29,-2.6031355857107814e-05,-3.754600901606682e-05,1.1514653158958138e-05,0.1396715009838264
2023-08-30,-0.001339364800862159,-9.923293350613122e-05,-0.0012401318673560258,0.0457912112084592
2023-08-31,0.015881429606959093,0.0007463426408823304,0.01513508696607676,0.01321412760372599
2023-09-01,0.005020260193890706,0.00016663412228002002,0.004853626071610687,0.03701673548389118
2023-09-04,0.001867987355071783,4.6917985490372086e-05,0.0018210693695814104,0.020346917629149124
2023-09-05,0.006134928992921557,6.549271146133288e-05,0.006069436281460222,0.04644824835228082
2023-09-06,0.002711483644338481,8.927170085271628e-05,0.0026222119434857628,0.023758997725412165
2023-09-07,0.005739683173918122,0.00018124855053172715,0.005558434623386393,0.0562128907546132
2023-09-08,0.003557407612333539,4.99939696091598e-05,0.0035074136427243807,0.017335295831013824
2023-09-11,0.00560154348963015,0.0003271642999315375,0.005274379189698613,0.10542511687191601
2023-09-12,0.0014902639920468083,2.8847676934695747e-05,0.001461416315112114,0.02584027236041113
2023-09-13,0.009653489917958474,0.0004804168874663183,0.009173073030492156,-0.026939213291191266
2023-09-14,0.00410731012449785,7.670895362806539e-05,0.0040306011708697844,0.050250122975797076
2023-09-15,-0.004382630454530821,-0.00012263258441826824,-0.0042599978701125495,0.03199762534170027
2023-09-18,0.007317777217486809,0.00018662144815744257,0.007131155769329367,0.11955781905771919
2023-09-19,0.0038154703202756554,6.758692999955535e-05,0.0037478833902761,0.010640173808006099
2023-09-20,0.017962349261902884,0.00037848596199957507,0.01758386329990331,0.12831084632391718
2023-09-21,0.0025291976575032922,2.726121159530963e-05,0.002501936445907982,0.11015536073184211
2023-09-22,0.03498426853179502,0.00029853999172376605,0.034685728540071244,0.05463605145419354
2023-09-25,0.0343627012602953,0.00020761082398433606,0.034155090436310966,0.016151026323776903
2023-09-26,0.024159474104209704,-0.0010823996285058146,0.02524187373271551,0.018265905452294402
2023-09-27,0.011571409024478473,-0.00259857312439378,0.014169982148872245,3.9068850982215314e-17
2023-09-28,0.0204716735477836,0.0004303476839949555,0.02004132586378865,-0.11447880759062641
2023-09-29,0.0027977297022341073,0.002800530232466574,-2.8005302324667254e-06,0.011568840263718258
2023-10-02,-0.03112816335319558,-0.000467034078669909,-0.030661129274525672,-0.019990587436911022
2023-10-03,0.0019547097447060527,-6.50059015190052e-05,0.002019715646225058,-0.025025878105678807
2023-10-04,-0.002377150381582392,-0.00011196843030918113,-0.0022651819512732093,-0.1670532016308919
2023-10-05,-0.00303428568094487,-0.0001369954830726782,-0.002897290197872191,-0.2016894330128681
2023-10-06,-0.024062319061186235,-0.0009455398033892063,-0.02311677925779703,-0.0291338975603038
2023-10-09,-0.032944935822830285,-0.0008854022685831665,-0.032059533554247115,-0.03722591778041842
2023-10-10,-0.006225002617130703,-0.0002386371643469526,-0.005986365452783748,0.039126545811023705
2023-10-11,-0.008109227282804827,-0.00018470254169673274,-0.007924524741108094,-0.017610122024299298
2023-10-12,0.025311733966892257,3.901146225079345e-05,0.025272722504641465,0.010636191359662543
2023-10-13,-0.008026848805825871,-3.7751218060393023e-05,-0.007989097587765477,-0.01865575018398727
2023-10-16,0.0037371414315756236,-1.2009953987222877e-05,0.0037491513855628447,-0.05077914907461538
2023-10-17,-0.0038504117089917063,-0.0001480362635137948,-0.0037023754454779123,0.002244022726719274
2023-10-18,-0.011107549672129085,-0.0002976134486245459,-0.010809936223504537,0.04261087289999401
2023-10-19,0.00042835564100603195,5.4355021030719555e-05,0.00037400061997531174,0.025347525149997607
2023-10-20,0.011620379805056282,0.00018501741786701442,0.011435362387189268,-0.045897784922888624
2023-10-23,0.0061402299624682966,0.00025893206586552475,0.005881297896602772,-0.05380591402461662
2023-10-24,-0.007843374892559932,-0.0003630300226492057,-0.007480344869910723,0.08108515208462097
2023-10-25,-0.006996113812908142,-0.00037987082342047507,-0.006616242989487667,0.13004390829446713
2023-10-26,0.011693271005074848,0.0005490324679830773,0.011144238537091771,-0.04111948475892039
2023-10-27,0.020873319285158867,0.0009230517057394159,0.01995026757941945,-0.010997013153806643
2023-10-30,-0.007685659587874241,-0.00023072535012064643,-0.0074549342377535945,0.0877068433093758
2023-10-31,-0.0026405850420952517,-5.033084346230815e-05,-0.0025902541986329436,-0.012834885576666082
2023-11-01,0.01807758467603621,0.0003599975568663698,0.017717587119169837,0.009850069733949699
2023-11-02,-0.001816637679143712,-4.133191312308943e-05,-0.001775305766020624,0.1077825231619888
2023-11-03,0.0017935996781456125,1.0254633769780919e-05,0.001783345044375835,-0.0358648682496859
2023-11-06,0.01836871698108998,0.0005567368710034902,0.017811980110086494,-0.07457287540912982
2023-11-07,-0.009264301234619044,-0.00031696121184296086,-0.008947340022776085,-0.06014814779207625
2023-11-08,-0.011766569358639088,-0.00045892437493757,-0.011307644983701525,0.035545193853565284
2023-11-09,-0.008196968118399334,-0.0003623090798015871,-0.007834659038597747,-0.005651760867617991
2023-11-10,0.00468170541364631,0.00020677237182752063,0.00447493304181879,-0.013145275866176647
2023-11-13,-0.0010960002104596592,1.626853195212108e-05,-0.0011122687424117844,0.006410624362429289
2023-11-14,-0.003149387928384862,-5.1524626259560544e-05,-0.003097863302125298,0.008208628764185747
2023-11-15,0.0031444888827135693,1.0971475790133231e-05,0.0031335174069234365,0.03373186528312305
2023-11-16,0.0018111787676741032,1.742155807204354e-05,0.0017937572096020614,0.03175591582810134
2023-11-17,0.006480593052280038,0.00012260263553048802,0.006357990416749549,0.0032632998098633356
2023-11-20,0.0045520027930359905,0.00010809954407312895,0.0044439032489628615,-0.05959063061612063
2023-11-21,0.0005619007913638778,-4.592065766244324e-06,0.0005664928571301221,0.04018048190113054
2023-11-22,-0.009781891503733986,-0.00026669597408506517,-0.009515195529648923,0.0220771759414045
2023-11-23,0.011859781455334993,0.0001143418440371722,0.011745439611297821,0.05602756003648301
2023-11-24,0.005841250161135595,5.255279302917443e-05,0.005788697368106422,0.05571616224847121
2023-11-27,0.015525403696394786,0.00014028623111840555,0.01538511746527638,-0.04125013787644082
2023-11-28,0.01225607282294357,0.00016563531649421877,0.012090437506449354,-0.011614222212022464
2023-11-29,-0.01019932525004232,-0.00011590122806715356,-0.010083424021975167,-0.007947284701264202
2023-11-30,-0.002992223141371519,-3.072031420288043e-05,-0.002961502827168637,-0.049797298921131855
2023-12-01,-0.002412543247240763,-3.4601090503065535e-05,-0.002377942156737695,-0.0035009660929122737
2023-12-04,-0.012685442946282826,-0.0001592658722045434,-0.012526177074078285,0.019322389263910746
2023-12-05,-0.0012450767793025634,-1.2301014788589776e-05,-0.0012327757645139732,-4.555087783195594e-05
2023-12-06,0.004998111861515375,8.55879252042828e-05,0.004912523936311093,0.04566263475441672
2023-12-07,-1.06987515977831e-05,-9.88778990433821e-06,-8.109616934448907e-07,-0.0024327359348327335
2023-12-08,0.005742762966441185,0.0002203150753610924,0.005522447891080093,0.026032181301741817
2023-12-11,-0.0003027115663666478,-9.737154471138858e-05,-0.00020534002165525662,0.04424194858688069
2023-12-12,0.0035579833969199568,0.00011515144539415989,0.003442831951525796,-0.003454895908801529
2023-12-13,0.004792630267561509,0.00018956172087491834,0.004603068546686592,0.035445752967902595
2023-12-14,-0.0004535178283916726,-0.0001279616296869096,-0.00032555619870476213,-0.054899444475837764
2023-12-15,0.005058599044728518,0.00012859268893875356,0.004930006355789765,0.16018068186408083
2023-12-18,-0.008026276310869671,-0.0002057777727892049,-0.007820498538080466,0.06651379316847719
2023-12-19,0.02523461504521409,0.0005856235473638231,0.024648991497850263,-0.07189964450515565
2023-12-20,0.017048387242190773,0.0001907244577261033,0.01685766278446467,0.12909521769352203
2023-12-21,-0.011608476730963968,-0.00041565477745668725,-0.01119282195350728,0.11881658552331839
2023-12-22,0.02401059606662792,0.0007462030643833814,0.023264393002244532,-0.12328859070637346
2023-12-25,0.015824331779080908,0.0008604658369361622,0.014963865942144744,0.040371843266595986
2023-12-26,-0.016512991552989055,-0.00073924901900679,-0.01577374253398227,0.005888770317237767
2023-12-27,0.003637780927527644,0.0003016058576621593,0.0033361750698654843,0.09887884509683231
2023-12-28,0.0005930156439781509,-1.0728359346912249e-06,0.0005940884799128404,-0.14712006968480779
2023-12-29,0.012715413343944118,0.0006016994732525767,0.012113713870691541,0.10472267183749177
2024-01-01,-0.03629650003785766,-0.0003535206607809772,-0.03594297937707668,0.017562416844585933
2024-01-02,0.029509840811959294,0.00017869858964998653,0.0293311422223093,-0.1439453819922472
2024-01-03,0.001240598468023347,2.0183761834805317e-06,0.0012385800918398664,0.04709353969508855
2024-01-04,-0.010235928978575063,-0.0008544139198191098,-0.009381515058755951,-6.979761841811024e-17
2024-01-05,0.0037689591709365563,0.00020669242241595873,0.0035622667485205968,-0.07539717981015089
2024-01-08,-0.007502533686695956,-0.007510043730426379,7.510043730423431e-06,-0.04956083680102013
2024-01-09,-0.02841554206700211,-0.00010094900084897879,-0.02831459306615313,0.06135481670327514
2024-01-10,-0.010186294505714443,-0.00012397772830033751,-0.010062316777414105,0.027871068582720513
2024-01-11,0.00877149567759765,0.00017401918470359842,0.008597476492894052,0.004639730367515256
2024-01-12,0.0038902700902695236,0.00010932208881727842,0.0037809480014522456,-0.0643617233342365
2024-01-15,0.0007855636519834156,2.388011353371411e-05,0.0007616835384497023,0.0161101679576899
2024-01-16,-0.011104944567747514,-0.0005310928188757419,-0.010573851748871769,-0.06759553060026696
2024-01-17,0.0020671833405969124,2.5123906117786865e-05,0.0020420594344791286,-0.07791574447226417
2024-01-18,-0.006982898507060364,-0.0002978995325975467,-0.006684998974462817,-0.08845729116709364
2024-01-19,-0.012230252591513389,-0.0004170148658389494,-0.011813237725674434,-0.04326430003106135
2024-01-22,-0.014414174820576716,-0.0003129875719437981,-0.014101187248632917,0.007138042956474167
2024-01-23,-0.012313166973470156,-8.735355262408546e-05,-0.012225813420846074,0.031181026859576466
2024-01-24,0.002804808798237992,1.3909964692932625e-05,0.002790898833545056,0.03855181156259554
2024-01-25,0.008815341413680438,9.283826977997487e-05,0.008722503143900464,-0.01978727108342011
2024-01-26,0.010564377649796725,0.00011808503752384902,0.010446292612272878,-0.022766491712380543
2024-01-29,-0.004934579756504754,-8.686674395667199e-05,-0.004847713012548084,0.040408277576851385
2024-01-30,-0.005316652559715727,-0.00011054936904226695,-0.005206103190673456,0.018159291221937768
2024-01-31,0.006552828756019694,0.00012978041307365115,0.006423048342946044,0.042690303917564766
2024-02-01,0.0035441921559189733,9.636386168578037e-05,0.0034478282942331916,0.010766502756505784
2024-02-02,0.00983773162139183,9.613409277212234e-05,0.009741597528619706,0.06223835505120973
2024-02-05,0.003373311048451337,3.293351259304675e-05,0.0033403775358582903,0.0027913438965053426
2024-02-06,0.012740441045018132,0.00013205616202554248,0.012608384882992589,-0.003791966142034051
2024-02-07,0.0003555738122447069,1.9220296901083494e-05,0.00033635351534362125,0.03241135912784545
2024-02-08,-0.0005537882622218613,-2.217177608107926e-05,-0.0005316164861407825,0.06601295298602704
2024-02-09,0.0043887251193895326,0.0001241449706303778,0.004264580148759155,-0.12869668006130672
2024-02-12,0.01308852403931149,0.0002330432438299914,0.012855480795481503,-0.0644811843202211
2024-02-13,-0.019083569127960505,-0.0005303140559568176,-0.018553255072003685,0.0439281528807035
2024-02-14,-0.00914689456144624,-0.00039840882914316325,-0.008748485732303076,-0.07808836930114643
2024-02-15,0.006512226877886032,0.00017679266791160823,0.006335434209974424,0.021248080583645565
2024-02-16,-0.014245371530419833,-0.00025207800578062184,-0.013993293524639211,-0.0362959676308841
2024-02-19,0.005819026452787849,2.749687599046865e-05,0.0057915295767973825,0.021514230950707088
2024-02-20,-0.010014788669502554,-7.650613805401229e-05,-0.009938282531448541,-0.008217295001611603
2024-02-21,0.003613355052115825,0.00012273288608154707,0.003490622166034277,0.013216324174102442
2024-02-22,-0.001377991675884347,-3.705023436445867e-05,-0.0013409414415198884,0.03209765532165311
2024-02-23,0.0014001381525207764,0.00010719635305015546,0.0012929417994706218,-0.03879494974193247
2024-02-26,0.003497512328792596,0.00012110408308281572,0.00337640824570978,-0.02262405877534901
2024-02-27,-0.004249396663094388,-0.00013760991543224684,-0.0041117867476621415,0.08210513722308843
2024-02-28,-0.005981522291874104,-6.386173097865794e-05,-0.005917660560895448,0.02310005111519964
2024-02-29,0.01471007165083922,0.0003141798847340147,0.014395891766105206,0.14776013363190893
2024-03-01,0.003924294408671512,8.470759018167073e-05,0.003839586818489839,-0.012131028384748539
2024-03-04,0.015632219495773807,0.0011129492468518022,0.014519270248922009,0.038528157390714066
2024-03-05,-0.000962272832534598,-0.00017839741145492423,-0.0007838754210796736,0.0023790021546235456
2024-03-06,0.003229597741034009,0.0002843540322234623,0.002945243708810547,-0.04385401659457958
2024-03-07,0.00028793895545325184,2.473207653180126e-05,0.00026320687892145145,0.07949584415596511
2024-03-08,-0.006187312363574383,-0.00017751046385849727,-0.006009801899715884,-0.009496941210855625
2024-03-11,0.00960022765037635,0.0003204000805115126,0.009279827569864835,0.033445519138245956
2024-03-12,-0.000463090979442745,-4.600868455276316e-05,-0.0004170822948899814,0.16157998304889126
2024-03-13,0.002010495490895479,0.000179675819507512,0.001830819671387967,0.09835669324030866
2024-03-14,0.015329838698383638,0.007193219528763423,0.008136619169620204,-0.09744386323508396
2024-03-15,0.02949811303397693,0.0008586548514708531,0.028639458182506076,-0.3025858726643622
2024-03-18,-0.006954383240482729,-0.004486574399057232,-0.002467808841425497,-0.24208996876577513
2024-03-19,-0.01744812558080229,-0.006674267436312019,-0.010773858144490275,-0.15731139107765027
2024-03-20,-0.015645715588180027,-0.008057580589109416,-0.0075881349990706125,-0.0826832945152427
2024-03-21,-0.008747330178036384,-0.0016583167033413782,-0.007089013474695004,0.07758150731531872
2024-03-22,-0.014819419100940527,-0.0002662944496114012,-0.014553124651329123,0.12781528270695014
2024-03-25,0.026406601946568995,0.0001182234637317238,0.02628837848283727,0.04681085547127795
2024-03-26,0.026880141975996048,0.00022849923576804317,0.02665164274022801,-0.02912422669059069
2024-03-27,0.008863316303800784,0.00011930862481432185,0.008744007678986462,0.041062673533509834
2024-03-28,-0.005864460558904052,-9.976340625141716e-05,-0.005764697152652629,0.03599209228480262
2024-03-29,0.008128884695098617,0.00012813469574880342,0.008000749999349814,0.006802954710089464
2024-04-01,0.007682223832920392,0.00011469043999602548,0.007567533392924368,0.038587248923143413
2024-04-02,0.001227848537243061,1.682084423563872e-05,0.0012110276930074222,0.005693296536683371
2024-04-03,0.006899974200113855,0.00011804033787206911,0.006781933862241785,0.0636641192302869
2024-04-04,0.0010894653292930138,6.664026821494133e-05,0.001022825061078073,0.04848825855316367
2024-04-05,0.009433769292153046,0.000296932631074331,0.009136836661078713,-0.012978281350147959
2024-04-08,0.004384221408831424,0.00041178142622411845,0.003972439982607307,-0.10069079328699287
2024-04-09,-0.0009789768952657577,-0.00016333507397123248,-0.0008156418212945278,-0.034052969774878816
2024-04-10,-0.006212100238892378,-0.0007588849893978905,-0.005453215249494489,-0.012819203138677718
2024-04-11,-0.0030699932129202735,-0.00016737650849783618,-0.0029026167044224373,0.11126286500922022
2024-04-12,-0.001901910856761461,-5.3482781114127034e-05,-0.0018484280756473313,0.07716380671650445
2024-04-15,0.03026502139132419,0.00015936923600833215,0.03010565215531586,0.07621158332983305
2024-04-16,0.018412708453798016,0.00013114955657058508,0.018281558897227428,0.030672943801743346
2024-04-17,0.01167705688676735,0.00015958622075845077,0.0115174706660089,0.02531272391899558
2024-04-18,0.005611146694119283,6.427112304199616e-05,0.005546875571077289,0.03777744409574695
2024-04-19,0.0038744805702872593,5.732814477395123e-05,0.0038171524255133085,-0.05040969769449012
2024-04-22,0.005876689898848218,0.0001333782106600987,0.005743311688188116,-0.031223930371668228
2024-04-23,-0.00667048037480009,-0.00018937340312041775,-0.006481106971679671,0.007918027789381795
2024-04-24,-0.003638128279777009,-8.261924639081653e-05,-0.003555509033386192,-0.03142755868167945
2024-04-25,0.0011960348503127832,4.7258460011018535e-05,0.0011487763903017655,-0.015129749017576709
2024-04-26,-0.005187723349030018,-0.00010739307202424324,-0.005080330277005776,0.0070270087864185374
2024-04-29,-0.0019976481304970466,-7.810270408703003e-05,-0.0019195454264100183,-0.03701084164258304
2024-04-30,0.0008207825814586448,4.569738958552392e-05,0.0007750851918731203,0.05156733376717656
2024-05-01,-0.004106579098410075,-0.00019177353580179064,-0.003914805562608283,0.0007074642161197957
2024-05-02,0.007698987224949511,0.0001736362676272099,0.007525350957322303,0.02555439201816534
2024-05-03,0.00010650978468256314,1.0254126021074991e-05,9.625565866148815e-05,-0.04734226415475783
2024-05-06,0.003815174857119948,6.698228913899588e-05,0.003748192567980953,-0.033452412501028185
2024-05-07,-0.006077514323802119,-0.00017780259888479193,-0.005899711724917328,0.03627054881165563
2024-05-08,-0.0038056291679608115,-0.0001936430156399883,-0.0036119861523208224,0.0002208093106053053
2024-05-09,0.004371494953714784,0.00017491776994818295,0.004196577183766601,0.021539404350514216
2024-05-10,2.135403028757373e-05,-6.8666437077792575e-06,2.8220673995351525e-05,-0.001997404826464379
2024-05-13,0.0032238672751648007,7.930097119675239e-05,0.00314456630396805,-0.09636911242074331
2024-05-14,-0.00025945329664266766,-1.2702694986546463e-05,-0.00024675060165612207,0.013127072888742666
2024-05-15,-0.014661658473971611,-0.000253420943643902,-0.014408237530327708,-0.002620285196517451
2024-05-16,0.0023912112669077987,5.318179065039175e-05,0.002338029476257407,-0.0014775508308547541
2024-05-17,-0.000381986687949185,-5.326265875666043e-06,-0.00037666042207352025,-0.042244195482710065
2024-05-20,-0.00013367303608242476,1.026067570149801e-05,-0.00014393371178392277,0.011561942496911117
2024-05-21,-0.004008058725120386,-0.00024196483244509192,-0.003766093892675294,-0.03901463157223602
2024-05-22,0.0012664860833305866,4.47607720047722e-05,0.0012217253113258105,-0.03381011179022542
2024-05-23,-0.005862921274831304,-0.00013726659757905268,-0.00572565467725225,0.05312959824416021
2024-05-24,-0.004213750738004304,-0.00017842322188754353,-0.004035327516116759,-0.01875101108076407
2024-05-27,0.0059545840771298335,0.00033161332170716235,0.00562297075542267,-0.06198978221121374
2024-05-28,-0.001800007755840164,-0.00018048110147279167,-0.0016195266543673741,0.06314747535410768
2024-05-29,-0.005544132269484371,-0.00034273083326621153,-0.00520140143621816,0.0210657414431785
2024-05-30,0.006574705751650962,0.00018488090664448356,0.006389824845006478,-0.04526642816997861
2024-05-31,0.0026410513921962617,5.9527663990609214e-05,0.002581523728205651,0.027683322737939678
2024-06-03,-0.006772461950163522,-0.00016848129756898405,-0.006603980652594539,-0.009522539058923276
2024-06-04,0.004088563516476642,9.18724855235517e-05,0.003996691030953091,0.008867257623212919
2024-06-05,-0.0015293427258637848,-4.1995879796998675e-05,-0.0014873468460667848,0.013466291309536428
2024-06-06,0.0011933693911578536,2.6175221593178512e-05,0.0011671941695646747,-0.05775132927028057
2024-06-07,0.0019103904031111348,4.972269825578336e-05,0.001860667704855352,0.02978039377600105
2024-06-10,-0.007036015363189892,-0.00016980036637225492,-0.006866214996817636,0.08382490916684882
2024-06-11,0.003114217377376251,0.00011334145860272956,0.003000875918773522,0.021337315821408673
2024-06-12,0.009531881997628049,0.00028215490171832735,0.009249727095909722,0.017324997941993263
2024-06-13,0.002923264268021851,9.280487862991724e-05,0.002830459389391933,0.024969730626390692
2024-06-14,0.002567950619665442,3.099912453580493e-05,0.0025369514951296365,0.013186297658810959
2024-06-17,0.0038360079087669608,0.00010215634740484789,0.003733851561362112,0.05079088085660057
2024-06-18,0.0013816458118139129,2.3386478511522747e-05,0.0013582593333023888,0.03749386329879583
2024-06-19,0.003624133482869323,0.00019253932019929875,0.0034315941626700238,-0.007271511491569994
2024-06-20,0.0026797009760223672,9.942262761161724e-05,0.002580278348410751,0.022195859324583785
2024-06-21,-0.0007068675876540675,-1.8963236154027202e-05,-0.0006879043515000405,0.037837667895729434
2024-06-24,0.004775125230448993,5.159584046522583e-05,0.004723529389983768,0.0660150166278846
2024-06-25,0.008228745920076769,9.04559273221953e-05,0.008138289992754573,0.047913796803294585
2024-06-26,0.011563563175387521,0.00013278827268729462,0.011430774902700227,0.006355507435833103
2024-06-27,0.007599061977529324,0.00010812476568641203,0.007490937211842912,0.0019270304766234084
2024-06-28,0.000978591618401589,-9.952103681004892e-06,0.0009885437220825927,-0.003972591442529709
2024-07-01,0.0003254535508924101,-3.796451192646577e-05,0.00036341806281887544,0.10219205974026699
2024-07-02,-0.0004178075112835232,-6.678594125887095e-05,-0.0003510215700246516,-0.028569119166351863
2024-07-03,0.010400048282404869,0.0005407314775527586,0.00985931680485211,-0.001049398116682559
2024-07-04,-0.0028461668108025057,-0.00018387231340776617,-0.0026622944973947395,0.030777152787748792
2024-07-05,-0.0001293553874318668,-1.0597587967364243e-05,-0.00011875779946450213,0.01447389002069985
2024-07-08,0.00355601053736394,7.421659908904595e-05,0.003481793938274893,0.02100599192000521
2024-07-09,0.0017312359811535363,4.809978568203789e-05,0.0016831361954714984,0.008531015032463424
2024-07-10,0.003676292463010254,6.832227065774519e-05,0.0036079701923525088,0.018183584931694658
2024-07-11,0.0014508612584240447,2.7555615815615504e-05,0.0014233056426084284,0.023167889590744974
2024-07-12,0.005116285879226386,3.8506874633921495e-05,0.005077779004592466,0.019858755448357645
2024-07-15,0.0038917417444917263,6.404376611380126e-05,0.0038276979783779252,0.019592755078115653
2024-07-16,0.0035145186809080434,3.8903616848483605e-05,0.0034756150640595593,0.06299579149329267
2024-07-17,0.003192321725917996,7.748414227313864e-05,0.003114837583644857,0.03252041159857495
2024-07-18,0.012557511600150024,0.00014463745629911436,0.01241287414385091,0.0730237740519733
2024-07-19,0.008298928144349207,6.678557806649374e-05,0.008232142566282713,0.034333476443515906
2024-07-22,0.016959969293824623,0.00020657244009644835,0.01675339685372818,-0.005591592747551361
2024-07-23,0.006824426371234223,8.644604383677753e-05,0.0067379803273974435,-0.017620907039665495
2024-07-24,-0.0011125717020002515,-3.3831193502019104e-05,-0.0010787405084982315,-0.04219174127900009
2024-07-25,-0.0022531224837721714,-0.00011317694227878754,-0.0021399455414933847,0.11141731138722835
2024-07-26,-0.006767994210529494,-0.0002409720737700429,-0.006527022136759453,-0.01069197933775714
2024-07-29,0.016585149533418934,0.00047204352515398985,0.016113106008264943,0.030536839266803874
2024-07-30,-0.0028733738980421687,-4.04211233319407e-05,-0.0028329527747102262,-0.010097074597297563
2024-07-31,0.007010460018631091,8.487552667055514e-05,0.006925584491960536,0.03035767626089043
2024-08-01,-0.0020542817739161545,-4.3271471124974644e-05,-0.0020110103027911807,0.07562945225236069
2024-08-02,0.004709538748106937,0.00016491653521017238,0.004544622212896764,0.026703431886670292
2024-08-05,0.013040636351732719,0.0003672759973472814,0.012673360354385436,0.007712519448264241
2024-08-06,0.004213797170754572,0.00010689577958594709,0.004106901391168625,0.09896800564891675
2024-08-07,0.0015655898301941808,3.0755850010370615e-05,0.0015348339801838085,0.12690821252536408
2024-08-08,0.015570783037681717,0.00028181023854588136,0.015288972799135835,0.024673922303588704
2024-08-09,0.020380519110580975,0.0004597885358669472,0.01992073057471403,-0.032681859036898464
2024-08-12,0.004567588651864598,8.51451684080384e-05,0.004482443483456559,0.01338050161092278
2024-08-13,-0.006150414512555769,-0.00011451992067431846,-0.006035894591881448,-0.07360144145359407
2024-08-14,0.002675017780263105,2.6779309797997364e-05,0.002648238470465107,0.0105740107929453
2024-08-15,-0.013325549912896247,-0.00029320694217725533,-0.013032342970718995,0.04677122167795405
2024-08-16,0.0016236678239829761,2.5384401989117164e-05,0.0015982834219938585,0.09758259030541087
2024-08-19,0.009264967253473387,0.00015846587175414283,0.009106501381719248,0.08038379097827343
2024-08-20,0.017637325377775785,0.00036270808203038097,0.017274617295745406,0.10867841841782853
2024-08-21,0.013026336111151096,0.0002747943439260041,0.01275154176722509,-0.006881658907305165
2024-08-22,0.018135965022473506,0.0004036030437960499,0.017732361978677457,-0.126780122982473
2024-08-23,-0.0011705739538123215,-9.242994191595983e-05,-0.0010781440118963622,0.0002934910747037237
2024-08-26,-0.02644468648831725,-0.00039874405528828906,-0.026045942433028955,0.11414117333660091
2024-08-27,7.041742415648481e-05,6.11608701202495e-05,9.256554036236181e-06,0.032539854518793314
2024-08-28,0.015299488211190586,0.00043986732693973747,0.014859620884250847,0.040212809951138365
2024-08-29,0.004948905016809342,0.00010028870451315834,0.00484861631229618,0.034862856001465076
2024-08-30,0.0065268167011247585,0.00013298934021260637,0.006393827360912152,-0.0011468021734759404
2024-09-02,0.00399292695438855,0.00016113911425187817,0.003831787840136671,-0.012505841842132968
2024-09-03,-0.00015330710536613757,-1.9685497112400044e-05,-0.00013362160825373774,0.019376601403570306
2024-09-04,-0.0016073504139976188,-3.062743587861302e-05,-0.0015767229781190053,0.07524799353134691
2024-09-05,0.002974045969900955,0.00013149484347265393,0.0028425511264283023,-0.19248320434531477
2024-09-06,0.012500675117123128,0.0003906284082667126,0.012110046708856419,0.06126591909204601
2024-09-09,-0.010090043261088612,-0.00218884220235524,-0.007901201058733372,0.1696446656747446
2024-09-10,0.0031456804555547294,0.0006389652133492307,0.0025067152422055,0.012124192245246192
2024-09-11,0.011218949749112543,0.0022325856776364283,0.008986364071476113,0.025012099801960785
2024-09-12,0.005080614351983221,1.549942086861121e-05,0.005065114931114609,0.10178836115302844
2024-09-13,0.004171710780692506,7.719959780921708e-05,0.004094511182883289,0.04968578334846865
2024-09-16,0.014930380077419675,0.0003337733169680465,0.014596606760451627,-0.028311121819748805
2024-09-17,0.0075712128282135315,0.0001797862383235843,0.007391426589889947,-0.030668351644536188
2024-09-18,-0.004960924081645576,-0.00014442556508232826,-0.004816498516563248,0.05892490795387662
2024-09-19,-0.0042005863250713545,-0.00015049760909786793,-0.004050088715973488,0.026995942803753583
2024-09-20,0.007771306038399376,0.0002493604722557922,0.007521945566143584,0.02681597166789885
2024-09-23,0.0036974033988137036,8.960704205047271e-05,0.003607796356763231,-0.01478965404447277
2024-09-24,0.0038651813246969717,0.00016301443164327793,0.0037021668930536916,0.041765207772570846
2024-09-25,-0.0019806012683794387,-9.266993304917447e-05,-0.0018879313353302642,0.01993512374242972
2024-09-26,0.004600021773881381,0.00022330051952182406,0.004376721254359557,-0.060127764142692
2024-09-27,0.0020578011966678866,0.00011827903744289492,0.0019395221592249908,-0.0881634394791684
2024-09-30,-0.005585576207092267,-0.0003648129388309305,-0.005220763268261338,0.09378678205792404
2024-10-01,-0.010849427669401071,-0.00045354792261660106,-0.01039587974678447,0.04860076119146901
2024-10-02,0.012547186924162889,0.0004523255255544445,0.012094861398608445,0.0873621041854721
2024-10-03,0.007958751423313992,0.00021728803867906727,0.007741463384634924,0.06270516283033249
2024-10-04,0.012110694617599893,0.0003704440512561089,0.011740250566343783,0.004473392588099061
2024-10-07,0.009798186169076642,0.00022231566714812218,0.00957587050192852,0.06328585234692738
2024-10-08,0.0007023083204903643,5.319214423499946e-06,0.0006969891060668656,-0.05756081365371758
2024-10-09,0.008584274050569662,0.0003105927821997678,0.008273681268369897,-0.05502866078419118
2024-10-10,-0.01032028499826912,-0.00023690597229083545,-0.010083379025978284,-0.011221855841977112
2024-10-11,-0.008753947828677196,-0.00024274598065410734,-0.008511201848023089,0.024104925774192022
2024-10-14,-0.0014731364394520512,-5.894585036652668e-05,-0.0014141905890855243,0.061117328365986094
2024-10-15,0.0024743100648767172,0.00014127742434537696,0.0023330326405313403,-0.01256870371839783
2024-10-16,0.008198638417278706,0.0003936158399306944,0.007805022577348011,-0.20796395726929806
2024-10-17,-0.002415362652003133,-0.0001282356050504238,-0.002287127046952709,0.02443849213064253
2024-10-18,-0.012646735114165805,-0.0017740848694868284,-0.01087265024467898,-0.059883217208683545
2024-10-21,0.0017329104544825447,0.0002798574257436442,0.0014530530287389014,-0.13992823509521893
2024-10-22,-0.003675975382118588,-0.0006951921731972359,-0.0029807832089213523,-0.028451923337878614
2024-10-23,-0.01865757927363532,-0.0004711710268331965,-0.018186408246802115,-0.07004481014212034
2024-10-24,-0.004761677505339457,-0.00010743599047778173,-0.004654241514861677,0.06978622922864243
2024-10-25,-0.009680942471594829,-0.00018431974797069976,-0.009496622723624129,-0.0009506267768277674
2024-10-28,0.012569403262207643,0.00025384644088612997,0.012315556821321514,0.06004560228188785
2024-10-29,-0.00017859059362844258,-3.531634834028855e-05,-0.0001432742452881523,-0.15031692382139872
2024-10-30,0.010450231791981002,0.00021642833024945567,0.010233803461731543,0.07061728207667134
2024-10-31,-0.021499092309761055,-0.0006083360251983895,-0.020890756284562672,-0.12054415279280528
2024-11-01,0.011274569486371308,0.0002483345628887471,0.011026234923482559,-0.011813601364453776
2024-11-04,-0.01939384439241597,-0.00037201250918202956,-0.01902183188323394,0.03646136994580517
2024-11-05,-0.0024942308403049897,-2.390692457816812e-05,-0.0024703239157268207,0.0241978814186377
2024-11-06,0.006422138723552689,0.00010813931852552338,0.006313999405027165,-0.002476547724684087
2024-11-07,0.00382206690347198,4.837709646299173e-05,0.003773689807008987,0.11261245069130656
2024-11-08,-0.0004153592590205443,9.007609476478079e-06,-0.00042436686849702324,0.059387141775872516
2024-11-11,0.01787251455917839,0.00046378920831967145,0.017408725350858717,-0.08414273771879856
2024-11-12,0.006714181252582024,0.00029401122898253264,0.006420170023599491,-0.020827693187231353
2024-11-13,-0.008261162576093732,-0.0003386966012129851,-0.007922465974880749,0.06907046898427847
2024-11-14,-0.0027007335481818067,-9.567771145860618e-05,-0.002605055836723198,0.09762540852195357
2024-11-15,0.013779370849768454,0.00020485592158533787,0.013574514928183117,-0.044083521419637506
2024-11-18,0.02378390686802269,0.0001738362131195638,0.02361007065490313,0.014610125742483162
2024-11-19,-0.008051981684922545,-0.00014112711199339677,-0.007910854572929147,0.04514405230494369
2024-11-20,0.002926491843989118,2.974272500283308e-05,0.002896749118986286,0.05620578606013527
2024-11-21,0.008116857370840919,0.0001275111033660391,0.00798934626747488,0.11722521162701789
2024-11-22,0.010601866443910991,0.00014625767024375406,0.010455608773667238,0.04110090802499082
2024-11-25,0.01876043014068038,0.0003595593368327574,0.01840087080384762,-0.04462441178355481
2024-11-26,0.007339344898848906,0.0001498382141898423,0.007189506684659062,-0.06656779659981574
2024-11-27,-0.006957121895390033,-0.00017242835860827727,-0.006784693536781756,0.08016641722800992
2024-11-28,-0.011564856584050253,-0.00017681960206630153,-0.01138803698198395,0.035650750055490066
2024-11-29,0.021281251121848886,0.0001870183069799386,0.021094232814868944,0.030203819810053538
2024-12-02,0.011941819097156553,5.377130136661676e-05,0.011888047795789936,0.0002993495112202424
2024-12-03,0.01924850097523191,-7.390139505567342e-05,0.019322402370287588,0.0026249310126097566
2024-12-04,0.00015436858804794345,1.3728083276036418e-05,0.00014064050477190747,0.04041162475861272
2024-12-05,0.000874547736339288,1.5199018862576893e-06,0.0008730278344530286,0.07311842192540412
2024-12-06,0.01383292836307013,0.00010763708851694621,0.013725291274553183,0.04792357715316311
2024-12-09,0.021708784019298155,0.00021897946851699105,0.021489804550781165,0.18316071261312358
2024-12-10,0.009384413023583893,0.00018880488312130773,0.009195608140462585,0.14133349017752816
2024-12-11,0.026893416658148747,0.0008485636752420295,0.02604485298290672,-0.16364712051650776
2024-12-12,0.016609185090580368,0.0007912667828817782,0.015817918307698593,-0.19836396513781443
2024-12-13,-0.019973505889462752,-0.0007870389320590847,-0.019186466957403673,0.08168226033829425
2024-12-16,-0.02707891245844608,-0.0009925330385628494,-0.026086379419883232,-0.13083377099407054
2024-12-17,0.02287252806639337,0.00032805460669222027,0.022544473459701148,0.00605138161916117
2024-12-18,-0.03391303793493809,-0.00033292701452147366,-0.033580110920416614,0.03183407772192448
2024-12-19,0.0019780332646333314,2.381131527628592e-05,0.0019542219493570417,-0.014314874989232581
2024-12-20,0.007901518842743444,0.00013346909229137484,0.007768049750452069,-0.05537790635095563
2024-12-23,-0.003085308186491766,-7.51012090485087e-05,-0.003010206977443257,-0.04472502234751474
2024-12-24,-0.009309177211183432,-0.0003809069912135178,-0.008928270219969916,-0.03264275917890048
2024-12-25,-0.004416240741207809,-0.0002702860172660061,-0.004145954723941803,0.07800608381542494
2024-12-26,-0.0027518933222707006,-0.00027238853456828735,-0.002479504787702414,-0.12411216146146724
2024-12-27,0.00704268082922143,0.000594566360222832,0.0064481144689986,-0.07226118595187586
2024-12-30,-0.012500131243456628,-0.0006675805489713894,-0.01183255069448524,0.07895790267417166
2024-12-31,-0.011865036533096797,-0.00025911482727645346,-0.011605921705820345,0.11862418581040443
2025-01-01,0.012733476205045455,0.00026337963557609,0.012470096569469364,0.03666250257940668
2025-01-02,0.01821103464472816,0.0003841808939943059,0.017826853750733854,-0.01848876048655383
2025-01-03,0.0084104637827043,0.00011166206084365385,0.008298801721860649,0.033678527564780084
2025-01-06,-0.004305647634227491,-3.9725127983832736e-05,-0.004265922506243657,0.023371049691767013
2025-01-07,0.007203630288702807,8.945025382707007e-05,0.007114180034875739,0.07908459798151546
2025-01-08,0.003698011473152084,7.520156796048984e-05,0.003622809905191593,-0.03797447493418102
2025-01-09,0.011712551091325381,0.0003438052422825935,0.011368745849042787,0.11607071256120384
2025-01-10,-0.006039850459684002,-0.00014394722093404033,-0.00589590323874996,0.058648879504334374
2025-01-13,0.02826764705534317,0.0004978111214070571,0.027769835933936112,0.05380913675093119
2025-01-14,0.01705018693667029,0.00031053141118044664,0.016739655525489852,-0.07015830592904543
2025-01-15,0.0035756345432047024,0.0006844461129074291,0.0028911884302972738,0.0175477793368318
2025-01-16,-0.0049336911156004255,-0.0007869964773700167,-0.004146694638230409,0.040841061427432976
2025-01-17,0.0011593937701293582,-2.2826224651570012e-05,0.0011822199947809295,0.05516395877757264
2025-01-20,0.005871917173263125,0.00016813783942240187,0.005703779333840722,0.012481012651713969
2025-01-21,0.007352101798024008,0.00021062689677367463,0.007141474901250331,0.015501029873468679
2025-01-22,0.0010707056495495586,0.00014681138822283295,0.0009238942613267265,0.011487359386441331
2025-01-23,0.0013080816744341047,0.00022149242916885865,0.001086589245265245,0.11298749912760708
2025-01-24,0.0010095263189467143,0.00013813489539795006,0.0008713914235487629,0.07928328710178997
2025-01-27,0.013739510424224555,0.0005691014689339728,0.01317040895529058,-0.16832766039539815
2025-01-28,0.009423485232499555,0.0004103070795114516,0.009013178152988102,-0.003698679727919008
2025-01-29,-0.01740172234192991,-0.0010882861221189703,-0.016313436219810937,-0.002003801837049297
2025-01-30,-0.0004368053494970209,-2.113455082014548e-05,-0.00041567079867687456,-0.030940128278490374
2025-01-31,-0.0002813156535390075,9.313904696713754e-06,-0.0002906295582357221,
2025-02-03,-0.0050255893344051525,-0.0002733440148701069,-0.004752245319535046,
